seed,landing_time_h,lander,pad,item_id,owner,mass_kg,dest,ready_time_h,priority,class,return_mass_kg,return_lag_h
0,144.782,CLPS,PAD_B,0,NASA,149.7,BASE,168.732,1,consumables,0.0,0.0
0,294.21,MK1,PAD_A,1,CoA,1470.4,CONSTR,318.818,2,equipment,0.0,0.0
0,294.21,MK1,PAD_A,2,CoA,134.5,BASE,320.176,2,science,0.0,0.0
0,294.21,MK1,PAD_A,3,NASA,874.4,CONSTR,321.666,2,equipment,466.1,592.3
0,294.21,MK1,PAD_A,4,NASA,358.0,BASE,310.566,1,consumables,0.0,0.0
0,1538.743,MK1,PAD_B,5,CoC,77.7,BASE,1564.671,1,consumables,36.4,239.7
0,1538.743,MK1,PAD_B,6,NASA,24.8,PSR,1561.562,2,science,0.0,0.0
0,1538.743,MK1,PAD_B,7,CoA,69.5,PSR,1562.284,2,science,0.0,0.0
0,1538.743,MK1,PAD_B,8,CoC,84.1,PSR,1569.121,2,science,0.0,0.0
0,1538.743,MK1,PAD_B,9,CoB,307.9,DEPOT,1572.471,1,consumables,0.0,0.0
0,1538.743,MK1,PAD_B,10,NASA,390.7,DEPOT,1563.513,1,consumables,203.5,674.1
0,1538.743,MK1,PAD_B,11,CoA,243.2,BASE,1569.811,1,consumables,0.0,0.0
0,1538.743,MK1,PAD_B,12,NASA,304.5,BASE,1564.799,1,consumables,0.0,0.0
0,1538.743,MK1,PAD_B,13,NASA,346.0,BASE,1575.929,1,consumables,0.0,0.0
0,1538.743,MK1,PAD_B,14,NASA,142.2,DEPOT,1555.983,1,consumables,61.8,452.5
0,1538.743,MK1,PAD_B,15,CoB,790.3,ISRU,1576.261,2,equipment,0.0,0.0
0,1538.743,MK1,PAD_B,16,CoA,20.0,DEPOT,1563.249,1,consumables,0.0,0.0
0,6391.782,MK1,PAD_A,17,NASA,126.2,SCI_1,6419.444,2,science,60.7,686.3
0,6391.782,MK1,PAD_A,18,NASA,354.0,BASE,6414.346,1,consumables,0.0,0.0
0,6391.782,MK1,PAD_A,19,CoA,825.1,CONSTR,6416.539,2,equipment,0.0,0.0
0,6391.782,MK1,PAD_A,20,CoC,122.1,DEPOT,6420.561,1,consumables,0.0,0.0
0,6391.782,MK1,PAD_A,21,NASA,615.7,BASE,6421.933,1,consumables,220.6,666.2
0,7124.247,CLPS,PAD_B,22,CoA,338.8,ISRU,7131.848,2,equipment,0.0,0.0
0,7510.861,MK1,PAD_A,23,CoC,322.7,DEPOT,7527.362,1,consumables,0.0,0.0
0,7510.861,MK1,PAD_A,24,NASA,256.4,BASE,7524.846,1,consumables,0.0,0.0
0,7510.861,MK1,PAD_A,25,CoA,601.3,CONSTR,7525.468,2,equipment,0.0,0.0
0,7510.861,MK1,PAD_A,26,CoA,137.8,PSR,7526.669,2,science,31.4,641.3
0,7510.861,MK1,PAD_A,27,NASA,1144.2,CONSTR,7540.923,2,equipment,0.0,0.0
0,7510.861,MK1,PAD_A,28,NASA,120.6,SCI_1,7528.845,2,science,0.0,0.0
0,7561.447,MK1,PAD_A,29,CoB,387.4,DEPOT,7587.916,1,consumables,0.0,0.0
0,7561.447,MK1,PAD_A,30,CoB,343.9,BASE,7597.554,1,consumables,0.0,0.0
0,7561.447,MK1,PAD_A,31,CoB,69.2,BASE,7592.887,2,science,0.0,0.0
0,7561.447,MK1,PAD_A,32,CoA,330.9,BASE,7584.216,1,consumables,0.0,0.0
0,7561.447,MK1,PAD_A,33,NASA,198.4,BASE,7577.782,1,consumables,0.0,0.0
0,7561.447,MK1,PAD_A,34,CoB,147.2,BASE,7592.78,2,science,0.0,0.0
0,7561.447,MK1,PAD_A,35,NASA,130.9,PSR,7588.644,2,science,46.7,164.2
0,7561.447,MK1,PAD_A,36,CoB,70.0,SCI_1,7578.142,2,science,0.0,0.0
0,7561.447,MK1,PAD_A,37,NASA,811.1,DEPOT,7592.523,1,consumables,0.0,0.0
1,241.418,CLPS,PAD_B,0,CoC,74.3,SCI_1,262.765,2,science,0.0,0.0
1,241.418,CLPS,PAD_B,1,CoC,41.5,BASE,250.33,1,consumables,0.0,0.0
1,1014.983,LARGE,PAD_A,2,CoB,625.7,POWER,1042.897,2,equipment,0.0,0.0
1,1014.983,LARGE,PAD_A,3,CoC,5506.1,ISRU,1070.227,2,infrastructure,0.0,0.0
1,1014.983,LARGE,PAD_A,4,NASA,3127.5,POWER,1078.125,2,infrastructure,0.0,0.0
1,1014.983,LARGE,PAD_A,5,CoA,224.0,DEPOT,1040.908,1,consumables,0.0,0.0
1,1014.983,LARGE,PAD_A,6,CoA,5307.3,CONSTR,1051.769,2,infrastructure,0.0,0.0
1,1014.983,LARGE,PAD_A,7,NASA,342.6,BASE,1058.24,1,consumables,0.0,0.0
1,1014.983,LARGE,PAD_A,8,NASA,603.6,CONSTR,1053.083,2,equipment,0.0,0.0
1,1014.983,LARGE,PAD_A,9,CoA,275.3,BASE,1061.432,1,consumables,0.0,0.0
1,1014.983,LARGE,PAD_A,10,CoA,1677.5,CONSTR,1050.405,2,equipment,0.0,0.0
1,1014.983,LARGE,PAD_A,11,CoC,147.3,BASE,1074.732,1,consumables,51.6,372.6
1,1014.983,LARGE,PAD_A,12,CoB,1075.1,ISRU,1076.353,2,equipment,0.0,0.0
1,1014.983,LARGE,PAD_A,13,NASA,61.5,SCI_1,1056.811,2,science,0.0,0.0
1,1014.983,LARGE,PAD_A,14,NASA,1951.9,POWER,1078.428,2,equipment,0.0,0.0
1,1014.983,LARGE,PAD_A,15,NASA,4758.5,ISRU,1052.449,2,infrastructure,1915.0,591.1
1,1407.312,LARGE,PAD_B,16,NASA,1193.6,CONSTR,1450.59,2,equipment,643.1,194.7
1,1407.312,LARGE,PAD_B,17,NASA,619.3,CONSTR,1450.285,2,equipment,0.0,0.0
1,1407.312,LARGE,PAD_B,18,CoB,1479.2,ISRU,1450.798,2,equipment,0.0,0.0
1,1407.312,LARGE,PAD_B,19,CoB,396.0,BASE,1450.349,1,consumables,0.0,0.0
1,1407.312,LARGE,PAD_B,20,CoA,12.3,SCI_1,1446.014,2,science,0.0,0.0
1,1407.312,LARGE,PAD_B,21,CoB,39.3,BASE,1480.515,2,science,21.2,483.4
1,1407.312,LARGE,PAD_B,22,NASA,4521.3,POWER,1434.083,2,infrastructure,0.0,0.0
1,1407.312,LARGE,PAD_B,23,NASA,76.8,SCI_1,1451.675,2,science,0.0,0.0
1,1407.312,LARGE,PAD_B,24,CoA,1764.2,POWER,1447.117,2,equipment,0.0,0.0
1,1407.312,LARGE,PAD_B,25,CoA,85.6,DEPOT,1458.964,1,consumables,0.0,0.0
1,1407.312,LARGE,PAD_B,26,CoB,123.5,BASE,1441.422,1,consumables,0.0,0.0
1,1407.312,LARGE,PAD_B,27,CoC,233.5,BASE,1440.5,1,consumables,63.0,235.1
1,1407.312,LARGE,PAD_B,28,NASA,73.1,BASE,1472.546,2,science,0.0,0.0
1,1407.312,LARGE,PAD_B,29,CoA,5755.0,POWER,1439.054,2,infrastructure,0.0,0.0
1,1407.312,LARGE,PAD_B,30,NASA,149.9,BASE,1470.377,1,consumables,0.0,0.0
1,1407.312,LARGE,PAD_B,31,NASA,357.9,ISRU,1453.573,2,equipment,83.3,249.9
1,1407.312,LARGE,PAD_B,32,NASA,74.9,BASE,1436.342,2,science,0.0,0.0
1,1407.312,LARGE,PAD_B,33,CoB,91.6,DEPOT,1441.906,1,consumables,0.0,0.0
1,1407.312,LARGE,PAD_B,34,NASA,357.3,BASE,1480.298,1,consumables,0.0,0.0
1,1782.268,MK1,PAD_B,35,CoA,218.4,BASE,1795.038,1,consumables,0.0,0.0
1,1782.268,MK1,PAD_B,36,CoA,1856.0,ISRU,1798.448,2,equipment,419.9,698.7
1,1782.268,MK1,PAD_B,37,NASA,42.3,BASE,1798.757,1,consumables,17.8,454.4
1,2297.865,MK1,PAD_A,38,NASA,90.6,BASE,2329.964,2,science,32.1,456.3
1,2297.865,MK1,PAD_A,39,NASA,725.0,CONSTR,2324.154,2,equipment,160.1,246.8
1,2297.865,MK1,PAD_A,40,CoA,394.5,BASE,2311.767,1,consumables,0.0,0.0
1,2297.865,MK1,PAD_A,41,CoB,83.3,BASE,2329.946,1,consumables,26.1,614.7
1,2297.865,MK1,PAD_A,42,CoA,515.6,POWER,2315.133,2,equipment,0.0,0.0
1,2297.865,MK1,PAD_A,43,NASA,142.8,BASE,2324.102,1,consumables,73.0,286.7
1,2297.865,MK1,PAD_A,44,NASA,52.5,SCI_1,2320.396,2,science,0.0,0.0
1,2297.865,MK1,PAD_A,45,NASA,15.2,BASE,2331.121,2,science,0.0,0.0
1,2297.865,MK1,PAD_A,46,CoB,573.1,ISRU,2327.041,2,equipment,0.0,0.0
1,3584.584,CLPS,PAD_B,47,CoC,180.1,BASE,3607.969,1,consumables,0.0,0.0
1,3584.584,CLPS,PAD_B,48,NASA,142.3,BASE,3594.388,2,science,0.0,0.0
1,3584.584,CLPS,PAD_B,49,NASA,95.9,SCI_1,3602.595,2,science,0.0,0.0
1,4520.761,LARGE,PAD_A,50,NASA,52.0,BASE,4557.875,2,science,30.1,697.0
1,4520.761,LARGE,PAD_A,51,CoC,773.9,POWER,4571.014,2,equipment,0.0,0.0
1,4520.761,LARGE,PAD_A,52,NASA,146.4,SCI_1,4547.111,2,science,41.6,715.0
1,4520.761,LARGE,PAD_A,53,NASA,1775.7,CONSTR,4565.499,2,equipment,0.0,0.0
1,4520.761,LARGE,PAD_A,54,NASA,234.6,BASE,4571.36,1,consumables,72.8,372.2
1,4520.761,LARGE,PAD_A,55,CoB,122.0,PSR,4555.484,2,science,43.6,202.3
1,4520.761,LARGE,PAD_A,56,CoB,1275.2,CONSTR,4572.975,2,equipment,0.0,0.0
1,4520.761,LARGE,PAD_A,57,NASA,5423.6,POWER,4554.059,2,infrastructure,0.0,0.0
1,4520.761,LARGE,PAD_A,58,CoC,182.8,BASE,4546.86,1,consumables,89.2,356.7
1,4520.761,LARGE,PAD_A,59,CoA,387.4,BASE,4583.624,1,consumables,0.0,0.0
1,4520.761,LARGE,PAD_A,60,CoC,1668.9,CONSTR,4585.799,2,equipment,0.0,0.0
1,4520.761,LARGE,PAD_A,61,CoA,5615.6,POWER,4590.312,2,infrastructure,0.0,0.0
1,4520.761,LARGE,PAD_A,62,NASA,66.8,BASE,4548.729,1,consumables,21.7,439.2
1,4520.761,LARGE,PAD_A,63,CoB,133.6,SCI_1,4592.632,2,science,0.0,0.0
1,4520.761,LARGE,PAD_A,64,CoB,329.2,BASE,4549.488,1,consumables,164.5,170.4
1,4520.761,LARGE,PAD_A,65,CoA,146.8,BASE,4566.292,1,consumables,0.0,0.0
1,4520.761,LARGE,PAD_A,66,NASA,844.2,ISRU,4591.372,2,equipment,0.0,0.0
1,4520.761,LARGE,PAD_A,67,NASA,77.9,SCI_1,4569.374,2,science,0.0,0.0
1,4520.761,LARGE,PAD_A,68,NASA,93.7,SCI_1,4582.228,2,science,0.0,0.0
1,4520.761,LARGE,PAD_A,69,CoA,1538.5,CONSTR,4595.88,2,equipment,0.0,0.0
1,4520.761,LARGE,PAD_A,70,CoC,341.0,DEPOT,4584.078,1,consumables,0.0,0.0
1,4520.761,LARGE,PAD_A,71,CoC,1277.3,POWER,4554.54,2,equipment,0.0,0.0
1,4520.761,LARGE,PAD_A,72,NASA,601.3,POWER,4580.772,2,equipment,0.0,0.0
1,4520.761,LARGE,PAD_A,73,CoA,119.7,BASE,4554.827,1,consumables,0.0,0.0
1,4520.761,LARGE,PAD_A,74,NASA,28.0,PSR,4574.597,2,science,10.5,642.5
1,4520.761,LARGE,PAD_A,75,CoB,80.6,BASE,4574.235,2,science,0.0,0.0
1,4520.761,LARGE,PAD_A,76,CoA,85.9,SCI_1,4595.172,2,science,0.0,0.0
1,4520.761,LARGE,PAD_A,77,NASA,6351.4,DEPOT,4598.871,1,consumables,0.0,0.0
1,4814.441,CLPS,PAD_B,78,NASA,339.3,BASE,4824.371,1,consumables,0.0,0.0
1,5461.77,LARGE,PAD_B,79,CoC,71.9,BASE,5493.578,1,consumables,0.0,0.0
1,5461.77,LARGE,PAD_B,80,NASA,280.9,BASE,5529.501,1,consumables,0.0,0.0
1,5461.77,LARGE,PAD_B,81,NASA,5740.2,ISRU,5491.187,2,infrastructure,0.0,0.0
1,5461.77,LARGE,PAD_B,82,NASA,3730.5,POWER,5522.999,2,infrastructure,1043.9,291.3
1,5461.77,LARGE,PAD_B,83,NASA,1721.9,CONSTR,5508.124,2,equipment,0.0,0.0
1,5461.77,LARGE,PAD_B,84,CoA,2870.0,ISRU,5511.656,2,infrastructure,0.0,0.0
1,5461.77,LARGE,PAD_B,85,CoA,4501.0,BASE,5492.886,1,consumables,0.0,0.0
1,6573.195,MK1,PAD_A,86,NASA,45.2,SCI_1,6604.563,2,science,24.4,547.0
1,6573.195,MK1,PAD_A,87,NASA,274.8,DEPOT,6605.173,1,consumables,0.0,0.0
1,6573.195,MK1,PAD_A,88,NASA,160.2,DEPOT,6592.63,1,consumables,0.0,0.0
1,6573.195,MK1,PAD_A,89,NASA,224.3,BASE,6601.307,1,consumables,0.0,0.0
1,6573.195,MK1,PAD_A,90,CoA,112.2,SCI_1,6601.84,2,science,0.0,0.0
1,6573.195,MK1,PAD_A,91,CoC,137.6,BASE,6589.957,1,consumables,0.0,0.0
1,6573.195,MK1,PAD_A,92,CoB,48.3,SCI_1,6609.639,2,science,15.7,551.7
1,6573.195,MK1,PAD_A,93,CoC,72.2,BASE,6594.594,1,consumables,0.0,0.0
1,6573.195,MK1,PAD_A,94,NASA,311.1,BASE,6596.488,1,consumables,71.5,642.7
1,6573.195,MK1,PAD_A,95,CoA,106.4,BASE,6605.56,2,science,27.2,570.2
1,6573.195,MK1,PAD_A,96,CoA,615.0,POWER,6595.68,2,equipment,0.0,0.0
1,6573.195,MK1,PAD_A,97,CoA,211.5,BASE,6601.911,1,consumables,94.9,571.3
1,6573.195,MK1,PAD_A,98,CoA,262.3,DEPOT,6610.116,1,consumables,0.0,0.0
1,6573.195,MK1,PAD_A,99,NASA,218.2,BASE,6589.518,1,consumables,0.0,0.0
1,6600.775,CLPS,PAD_A,100,CoC,194.8,BASE,6623.412,1,consumables,51.1,703.7
1,7250.675,CLPS,PAD_A,101,CoA,391.0,BASE,7257.102,1,consumables,129.3,678.7
1,7250.675,CLPS,PAD_A,102,CoC,74.3,DEPOT,7263.178,1,consumables,43.4,602.2
1,8496.547,LARGE,PAD_B,103,NASA,388.4,BASE,8555.064,1,consumables,0.0,0.0
1,8496.547,LARGE,PAD_B,104,NASA,381.6,BASE,8560.994,1,consumables,0.0,0.0
1,8496.547,LARGE,PAD_B,105,NASA,2039.1,ISRU,8545.179,2,infrastructure,1169.3,691.0
1,8496.547,LARGE,PAD_B,106,CoC,17.5,BASE,8567.916,2,science,10.0,290.3
1,8496.547,LARGE,PAD_B,107,NASA,309.9,BASE,8560.235,1,consumables,0.0,0.0
1,8496.547,LARGE,PAD_B,108,NASA,296.7,BASE,8553.239,1,consumables,120.0,555.8
1,8496.547,LARGE,PAD_B,109,CoB,1499.7,POWER,8541.957,2,equipment,408.5,292.7
1,8496.547,LARGE,PAD_B,110,CoC,96.8,BASE,8536.002,1,consumables,0.0,0.0
1,8496.547,LARGE,PAD_B,111,CoA,5448.2,POWER,8529.793,2,infrastructure,2501.7,279.3
1,8496.547,LARGE,PAD_B,112,CoB,185.0,BASE,8525.066,1,consumables,53.1,317.7
1,8496.547,LARGE,PAD_B,113,CoB,220.2,BASE,8564.315,1,consumables,0.0,0.0
1,8496.547,LARGE,PAD_B,114,CoC,321.2,BASE,8551.105,1,consumables,0.0,0.0
1,8496.547,LARGE,PAD_B,115,NASA,219.3,BASE,8552.122,1,consumables,0.0,0.0
1,8496.547,LARGE,PAD_B,116,NASA,495.5,CONSTR,8563.219,2,equipment,0.0,0.0
1,8496.547,LARGE,PAD_B,117,CoC,5842.6,POWER,8550.919,2,infrastructure,0.0,0.0
1,8496.547,LARGE,PAD_B,118,CoA,353.1,BASE,8524.824,1,consumables,0.0,0.0
1,8496.547,LARGE,PAD_B,119,CoA,385.1,BASE,8549.5,1,consumables,0.0,0.0
1,8496.547,LARGE,PAD_B,120,CoC,502.2,CONSTR,8567.083,2,equipment,0.0,0.0
1,8496.547,LARGE,PAD_B,121,CoB,77.3,SCI_1,8535.89,2,science,0.0,0.0
1,8496.547,LARGE,PAD_B,122,NASA,1170.1,CONSTR,8547.222,2,equipment,0.0,0.0
1,8496.547,LARGE,PAD_B,123,NASA,1280.2,BASE,8571.321,2,equipment,0.0,0.0
2,939.136,LARGE,PAD_A,0,NASA,1743.7,ISRU,987.932,2,equipment,0.0,0.0
2,939.136,LARGE,PAD_A,1,NASA,3752.7,CONSTR,987.293,2,infrastructure,0.0,0.0
2,939.136,LARGE,PAD_A,2,CoB,237.8,BASE,965.489,1,consumables,0.0,0.0
2,939.136,LARGE,PAD_A,3,CoA,135.7,BASE,992.305,2,science,0.0,0.0
2,939.136,LARGE,PAD_A,4,CoC,37.5,SCI_1,993.119,2,science,10.0,619.8
2,939.136,LARGE,PAD_A,5,CoA,213.2,BASE,1009.378,1,consumables,0.0,0.0
2,939.136,LARGE,PAD_A,6,CoA,1349.4,ISRU,975.514,2,equipment,0.0,0.0
2,939.136,LARGE,PAD_A,7,NASA,371.4,CONSTR,965.502,2,equipment,75.7,616.5
2,939.136,LARGE,PAD_A,8,CoB,79.5,DEPOT,980.419,1,consumables,28.3,339.6
2,939.136,LARGE,PAD_A,9,CoB,10.9,SCI_1,979.897,2,science,0.0,0.0
2,939.136,LARGE,PAD_A,10,NASA,369.3,DEPOT,975.671,1,consumables,0.0,0.0
2,939.136,LARGE,PAD_A,11,NASA,408.8,CONSTR,1009.246,2,equipment,0.0,0.0
2,939.136,LARGE,PAD_A,12,CoA,389.6,BASE,970.27,2,equipment,174.7,351.4
2,939.136,LARGE,PAD_A,13,CoA,122.6,BASE,985.874,2,science,0.0,0.0
2,939.136,LARGE,PAD_A,14,CoB,1945.1,CONSTR,993.486,2,equipment,0.0,0.0
2,939.136,LARGE,PAD_A,15,CoA,246.6,BASE,1010.414,1,consumables,0.0,0.0
2,939.136,LARGE,PAD_A,16,NASA,147.7,BASE,972.782,1,consumables,0.0,0.0
2,939.136,LARGE,PAD_A,17,NASA,8201.9,POWER,971.558,3,element,0.0,0.0
2,939.136,LARGE,PAD_A,18,CoA,1365.0,ISRU,979.216,2,equipment,486.3,461.3
2,939.136,LARGE,PAD_A,19,CoB,6791.6,BASE,980.34,1,consumables,0.0,0.0
2,1646.013,CLPS,PAD_B,20,NASA,218.2,BASE,1664.21,1,consumables,0.0,0.0
2,3703.594,MK1,PAD_A,21,NASA,1799.7,CONSTR,3735.497,2,equipment,0.0,0.0
2,3703.594,MK1,PAD_A,22,NASA,328.3,BASE,3722.333,1,consumables,0.0,0.0
2,3703.594,MK1,PAD_A,23,CoA,85.9,BASE,3722.897,1,consumables,0.0,0.0
2,3703.594,MK1,PAD_A,24,CoA,219.2,BASE,3727.711,1,consumables,113.9,488.9
2,3703.594,MK1,PAD_A,25,CoC,390.9,BASE,3722.959,1,consumables,217.7,693.8
2,3703.594,MK1,PAD_A,26,CoA,112.2,BASE,3740.579,1,consumables,0.0,0.0
2,4125.171,LARGE,PAD_A,27,NASA,263.6,BASE,4157.27,1,consumables,0.0,0.0
2,4125.171,LARGE,PAD_A,28,NASA,111.3,BASE,4173.071,1,consumables,45.7,374.7
2,4125.171,LARGE,PAD_A,29,NASA,1885.5,CONSTR,4194.786,2,equipment,0.0,0.0
2,4125.171,LARGE,PAD_A,30,NASA,147.4,BASE,4164.647,1,consumables,0.0,0.0
2,4125.171,LARGE,PAD_A,31,NASA,48.8,SCI_1,4152.992,2,science,16.1,228.9
2,4125.171,LARGE,PAD_A,32,CoA,606.4,CONSTR,4186.689,2,equipment,0.0,0.0
2,4125.171,LARGE,PAD_A,33,NASA,669.3,CONSTR,4190.868,2,equipment,0.0,0.0
2,4125.171,LARGE,PAD_A,34,CoB,2201.4,ISRU,4171.996,2,infrastructure,1227.1,301.3
2,4125.171,LARGE,PAD_A,35,CoA,6981.8,BASE,4167.732,3,element,0.0,0.0
2,4125.171,LARGE,PAD_A,36,CoA,165.8,BASE,4173.622,1,consumables,44.1,192.8
2,4125.171,LARGE,PAD_A,37,CoA,4746.6,POWER,4180.66,2,infrastructure,0.0,0.0
2,4125.171,LARGE,PAD_A,38,CoA,3928.7,ISRU,4166.814,2,infrastructure,0.0,0.0
2,4125.171,LARGE,PAD_A,39,NASA,1239.6,ISRU,4189.441,2,equipment,651.6,670.5
2,4125.171,LARGE,PAD_A,40,CoC,3372.4,POWER,4155.094,2,infrastructure,0.0,0.0
2,4125.171,LARGE,PAD_A,41,NASA,5075.2,ISRU,4163.391,2,infrastructure,0.0,0.0
2,5256.881,CLPS,PAD_A,42,CoA,91.2,BASE,5278.544,1,consumables,0.0,0.0
2,5256.881,CLPS,PAD_A,43,CoA,155.8,BASE,5274.082,1,consumables,50.1,339.2
2,5546.695,MK1,PAD_A,44,NASA,122.8,BASE,5569.596,1,consumables,58.6,400.7
2,5546.695,MK1,PAD_A,45,CoA,357.4,BASE,5574.449,1,consumables,0.0,0.0
2,5546.695,MK1,PAD_A,46,CoA,1797.6,BASE,5563.129,2,equipment,0.0,0.0
2,5546.695,MK1,PAD_A,47,NASA,135.5,DEPOT,5571.847,1,consumables,0.0,0.0
2,5546.695,MK1,PAD_A,48,CoB,206.3,BASE,5560.019,1,consumables,0.0,0.0
2,5983.648,MK1,PAD_A,49,CoC,258.1,BASE,6016.382,1,consumables,146.2,359.6
2,5983.648,MK1,PAD_A,50,CoC,55.5,BASE,6013.592,2,science,0.0,0.0
2,5983.648,MK1,PAD_A,51,NASA,476.8,ISRU,6000.871,2,equipment,158.3,567.4
2,5983.648,MK1,PAD_A,52,CoA,76.5,BASE,6006.928,1,consumables,0.0,0.0
2,5983.648,MK1,PAD_A,53,CoC,152.7,BASE,6000.209,1,consumables,0.0,0.0
2,5983.648,MK1,PAD_A,54,NASA,460.1,CONSTR,6005.836,2,equipment,96.3,525.1
2,5983.648,MK1,PAD_A,55,CoB,756.8,BASE,6016.927,1,consumables,0.0,0.0
2,6077.327,LARGE,PAD_A,56,CoB,279.1,BASE,6120.965,1,consumables,106.3,630.6
2,6077.327,LARGE,PAD_A,57,CoC,331.4,DEPOT,6135.539,1,consumables,0.0,0.0
2,6077.327,LARGE,PAD_A,58,NASA,335.1,BASE,6126.683,1,consumables,0.0,0.0
2,6077.327,LARGE,PAD_A,59,NASA,4655.9,POWER,6135.919,2,infrastructure,2155.4,594.9
2,6077.327,LARGE,PAD_A,60,NASA,65.2,DEPOT,6110.804,1,consumables,0.0,0.0
2,6077.327,LARGE,PAD_A,61,NASA,82.7,SCI_1,6131.885,2,science,0.0,0.0
2,6077.327,LARGE,PAD_A,62,CoC,1872.3,ISRU,6130.25,2,equipment,949.3,203.8
2,6077.327,LARGE,PAD_A,63,NASA,6398.7,POWER,6107.674,3,element,0.0,0.0
2,6077.327,LARGE,PAD_A,64,CoA,157.9,BASE,6107.943,1,consumables,0.0,0.0
2,6077.327,LARGE,PAD_A,65,NASA,770.8,BASE,6111.006,2,equipment,294.7,666.2
2,6077.327,LARGE,PAD_A,66,NASA,111.4,BASE,6124.478,1,consumables,0.0,0.0
2,6077.327,LARGE,PAD_A,67,NASA,340.3,BASE,6126.047,1,consumables,0.0,0.0
2,6077.327,LARGE,PAD_A,68,NASA,4768.6,ISRU,6137.092,2,infrastructure,0.0,0.0
2,6382.19,CLPS,PAD_B,69,NASA,362.7,CONSTR,6399.615,2,equipment,0.0,0.0
2,6382.19,CLPS,PAD_B,70,CoB,47.9,BASE,6399.016,1,consumables,0.0,0.0
2,8096.14,LARGE,PAD_B,71,NASA,5222.2,POWER,8165.231,2,infrastructure,2786.2,427.0
2,8096.14,LARGE,PAD_B,72,NASA,131.9,BASE,8138.037,1,consumables,76.3,428.7
2,8096.14,LARGE,PAD_B,73,CoB,390.8,BASE,8153.922,1,consumables,225.0,570.9
2,8096.14,LARGE,PAD_B,74,NASA,1609.5,POWER,8159.843,2,equipment,772.8,570.7
2,8096.14,LARGE,PAD_B,75,CoA,97.9,DEPOT,8149.429,1,consumables,27.6,677.5
2,8096.14,LARGE,PAD_B,76,NASA,1589.4,CONSTR,8153.519,2,equipment,0.0,0.0
2,8096.14,LARGE,PAD_B,77,NASA,44.9,PSR,8162.696,2,science,0.0,0.0
2,8096.14,LARGE,PAD_B,78,NASA,490.3,POWER,8167.413,2,equipment,0.0,0.0
2,8096.14,LARGE,PAD_B,79,CoB,4137.7,CONSTR,8159.882,2,infrastructure,0.0,0.0
2,8096.14,LARGE,PAD_B,80,NASA,1936.7,BASE,8151.621,1,consumables,0.0,0.0
2,8474.739,MK1,PAD_A,81,CoB,137.2,SCI_1,8502.207,2,science,0.0,0.0
2,8474.739,MK1,PAD_A,82,CoC,81.9,SCI_1,8499.945,2,science,0.0,0.0
2,8474.739,MK1,PAD_A,83,CoC,395.7,BASE,8502.843,1,consumables,220.8,444.3
2,8474.739,MK1,PAD_A,84,NASA,1428.0,CONSTR,8507.788,2,equipment,610.9,436.8
2,8474.739,MK1,PAD_A,85,NASA,187.6,BASE,8490.149,1,consumables,48.9,497.7
2,8474.739,MK1,PAD_A,86,NASA,164.4,BASE,8493.185,1,consumables,96.2,231.3
3,13.053,LARGE,PAD_B,0,CoA,351.6,POWER,41.414,2,equipment,0.0,0.0
3,13.053,LARGE,PAD_B,1,NASA,2828.8,ISRU,71.967,2,infrastructure,1504.8,514.6
3,13.053,LARGE,PAD_B,2,CoA,1694.1,ISRU,79.72,2,equipment,914.7,356.4
3,13.053,LARGE,PAD_B,3,CoA,30.5,PSR,51.021,2,science,0.0,0.0
3,13.053,LARGE,PAD_B,4,CoB,95.8,SCI_1,73.902,2,science,0.0,0.0
3,13.053,LARGE,PAD_B,5,CoA,1865.8,CONSTR,84.592,2,equipment,0.0,0.0
3,13.053,LARGE,PAD_B,6,NASA,1949.9,POWER,41.15,2,equipment,0.0,0.0
3,13.053,LARGE,PAD_B,7,NASA,125.8,BASE,53.048,1,consumables,0.0,0.0
3,13.053,LARGE,PAD_B,8,NASA,5860.9,CONSTR,65.212,2,infrastructure,0.0,0.0
3,13.053,LARGE,PAD_B,9,NASA,291.2,BASE,71.421,1,consumables,0.0,0.0
3,13.053,LARGE,PAD_B,10,CoA,636.9,ISRU,62.629,2,equipment,0.0,0.0
3,13.053,LARGE,PAD_B,11,NASA,969.2,CONSTR,75.383,2,equipment,0.0,0.0
3,13.053,LARGE,PAD_B,12,NASA,137.3,SCI_1,56.758,2,science,0.0,0.0
3,13.053,LARGE,PAD_B,13,CoA,245.9,DEPOT,85.766,1,consumables,0.0,0.0
3,13.053,LARGE,PAD_B,14,CoA,1682.4,POWER,63.687,2,equipment,0.0,0.0
3,13.053,LARGE,PAD_B,15,NASA,254.3,BASE,45.814,1,consumables,0.0,0.0
3,13.053,LARGE,PAD_B,16,CoA,108.9,SCI_1,65.658,2,science,0.0,0.0
3,13.053,LARGE,PAD_B,17,NASA,865.9,CONSTR,48.362,2,equipment,290.8,255.1
3,13.053,LARGE,PAD_B,18,NASA,141.2,SCI_1,73.625,2,science,0.0,0.0
3,13.053,LARGE,PAD_B,19,NASA,347.2,BASE,70.041,1,consumables,176.1,682.6
3,824.567,CLPS,PAD_A,20,NASA,81.8,BASE,834.829,1,consumables,0.0,0.0
3,824.567,CLPS,PAD_A,21,CoB,47.1,PSR,844.592,2,science,0.0,0.0
3,824.567,CLPS,PAD_A,22,NASA,186.3,BASE,846.777,1,consumables,0.0,0.0
3,2613.995,LARGE,PAD_A,23,NASA,175.7,BASE,2669.854,1,consumables,0.0,0.0
3,2613.995,LARGE,PAD_A,24,CoA,1230.3,ISRU,2653.792,2,equipment,0.0,0.0
3,2613.995,LARGE,PAD_A,25,NASA,1636.0,ISRU,2679.664,2,equipment,0.0,0.0
3,2613.995,LARGE,PAD_A,26,CoA,964.6,CONSTR,2642.478,2,equipment,0.0,0.0
3,2613.995,LARGE,PAD_A,27,NASA,5849.8,POWER,2658.249,2,infrastructure,2064.3,515.7
3,2613.995,LARGE,PAD_A,28,CoC,225.6,BASE,2639.833,1,consumables,0.0,0.0
3,2613.995,LARGE,PAD_A,29,NASA,71.0,PSR,2649.677,2,science,0.0,0.0
3,2613.995,LARGE,PAD_A,30,CoC,269.5,DEPOT,2646.209,1,consumables,0.0,0.0
3,2613.995,LARGE,PAD_A,31,CoA,2801.1,ISRU,2661.651,2,infrastructure,0.0,0.0
3,2613.995,LARGE,PAD_A,32,CoA,900.3,ISRU,2673.719,2,equipment,0.0,0.0
3,2613.995,LARGE,PAD_A,33,NASA,207.7,DEPOT,2641.078,1,consumables,0.0,0.0
3,2613.995,LARGE,PAD_A,34,NASA,8128.2,BASE,2669.554,3,element,0.0,0.0
3,2613.995,LARGE,PAD_A,35,CoA,2838.8,CONSTR,2679.495,2,infrastructure,0.0,0.0
3,2613.995,LARGE,PAD_A,36,CoB,95.3,PSR,2665.318,2,science,0.0,0.0
3,2613.995,LARGE,PAD_A,37,CoB,2086.0,ISRU,2648.188,2,infrastructure,0.0,0.0
3,2613.995,LARGE,PAD_A,38,NASA,1886.6,BASE,2681.551,1,consumables,0.0,0.0
3,2750.517,LARGE,PAD_B,39,CoA,355.0,BASE,2805.074,1,consumables,0.0,0.0
3,2750.517,LARGE,PAD_B,40,CoB,689.9,CONSTR,2775.272,2,equipment,0.0,0.0
3,2750.517,LARGE,PAD_B,41,NASA,2925.6,POWER,2797.174,2,infrastructure,0.0,0.0
3,2750.517,LARGE,PAD_B,42,NASA,7073.9,POWER,2820.303,3,element,0.0,0.0
3,2750.517,LARGE,PAD_B,43,NASA,305.3,ISRU,2814.223,2,equipment,110.0,488.2
3,2750.517,LARGE,PAD_B,44,CoA,344.1,BASE,2786.446,1,consumables,0.0,0.0
3,2750.517,LARGE,PAD_B,45,NASA,143.1,BASE,2804.454,1,consumables,0.0,0.0
3,2750.517,LARGE,PAD_B,46,CoA,800.6,CONSTR,2787.909,2,equipment,0.0,0.0
3,2750.517,LARGE,PAD_B,47,NASA,803.0,CONSTR,2780.584,2,equipment,404.5,417.4
3,3427.159,MK1,PAD_B,48,CoC,1592.7,CONSTR,3462.153,2,equipment,0.0,0.0
3,3427.159,MK1,PAD_B,49,NASA,48.1,PSR,3461.113,2,science,0.0,0.0
3,3427.159,MK1,PAD_B,50,CoA,360.4,BASE,3456.945,1,consumables,0.0,0.0
3,3427.159,MK1,PAD_B,51,NASA,89.5,BASE,3462.601,1,consumables,0.0,0.0
3,3427.159,MK1,PAD_B,52,NASA,36.9,BASE,3456.203,2,science,0.0,0.0
3,3427.159,MK1,PAD_B,53,NASA,146.9,PSR,3454.702,2,science,0.0,0.0
3,3427.159,MK1,PAD_B,54,NASA,150.5,BASE,3447.027,1,consumables,0.0,0.0
3,3772.301,MK1,PAD_B,55,NASA,130.7,BASE,3807.688,1,consumables,0.0,0.0
3,3772.301,MK1,PAD_B,56,NASA,112.8,BASE,3792.873,1,consumables,0.0,0.0
3,3772.301,MK1,PAD_B,57,CoB,1684.9,CONSTR,3786.357,2,equipment,415.4,589.1
3,3772.301,MK1,PAD_B,58,NASA,79.0,SCI_1,3786.15,2,science,42.9,323.2
3,3772.301,MK1,PAD_B,59,CoC,47.0,PSR,3797.455,2,science,0.0,0.0
3,3772.301,MK1,PAD_B,60,NASA,212.3,BASE,3808.357,1,consumables,74.7,144.2
3,4526.644,MK1,PAD_A,61,CoC,1264.5,CONSTR,4545.907,2,equipment,0.0,0.0
3,4526.644,MK1,PAD_A,62,CoA,123.8,BASE,4542.066,1,consumables,0.0,0.0
3,4526.644,MK1,PAD_A,63,NASA,1301.7,CONSTR,4547.505,2,equipment,261.5,277.6
3,5099.739,CLPS,PAD_A,64,CoA,248.1,DEPOT,5110.797,1,consumables,0.0,0.0
3,5099.739,CLPS,PAD_A,65,NASA,229.6,BASE,5119.702,1,consumables,0.0,0.0
3,8527.512,LARGE,PAD_B,66,CoB,9325.0,BASE,8556.712,3,element,0.0,0.0
3,8527.512,LARGE,PAD_B,67,CoA,264.5,BASE,8596.925,1,consumables,0.0,0.0
3,8527.512,LARGE,PAD_B,68,CoB,66.0,PSR,8557.567,2,science,0.0,0.0
3,8527.512,LARGE,PAD_B,69,NASA,139.9,BASE,8555.533,1,consumables,0.0,0.0
3,8527.512,LARGE,PAD_B,70,CoC,4019.1,POWER,8594.0,2,infrastructure,1635.3,208.3
3,8527.512,LARGE,PAD_B,71,CoA,240.4,BASE,8561.464,1,consumables,0.0,0.0
3,8527.512,LARGE,PAD_B,72,NASA,82.6,DEPOT,8559.315,1,consumables,0.0,0.0
3,8527.512,LARGE,PAD_B,73,CoA,328.4,BASE,8578.066,1,consumables,0.0,0.0
3,8527.512,LARGE,PAD_B,74,CoC,4936.0,POWER,8556.634,2,infrastructure,2654.4,304.1
3,8527.512,LARGE,PAD_B,75,CoB,1200.7,POWER,8576.551,2,equipment,0.0,0.0
3,8527.512,LARGE,PAD_B,76,CoC,4346.8,ISRU,8585.022,2,infrastructure,1633.0,508.2
3,8527.512,LARGE,PAD_B,77,NASA,133.7,BASE,8594.294,1,consumables,0.0,0.0
3,8527.512,LARGE,PAD_B,78,CoC,398.5,POWER,8587.467,2,equipment,198.6,208.1
3,8527.512,LARGE,PAD_B,79,NASA,863.5,BASE,8578.717,1,consumables,269.2,291.3
4,1168.547,MK1,PAD_B,0,NASA,113.5,SCI_1,1193.439,2,science,0.0,0.0
4,1168.547,MK1,PAD_B,1,NASA,187.9,BASE,1192.789,1,consumables,0.0,0.0
4,1168.547,MK1,PAD_B,2,NASA,53.0,BASE,1190.459,2,science,0.0,0.0
4,1168.547,MK1,PAD_B,3,NASA,86.8,BASE,1193.438,1,consumables,41.7,436.0
4,1168.547,MK1,PAD_B,4,NASA,449.9,ISRU,1193.53,2,equipment,0.0,0.0
4,1168.547,MK1,PAD_B,5,NASA,1266.0,ISRU,1183.523,2,equipment,0.0,0.0
4,1168.547,MK1,PAD_B,6,NASA,25.7,PSR,1194.055,2,science,0.0,0.0
4,1168.547,MK1,PAD_B,7,NASA,38.5,BASE,1200.424,1,consumables,0.0,0.0
4,1528.864,CLPS,PAD_A,8,NASA,251.9,BASE,1542.339,1,consumables,0.0,0.0
4,1671.307,LARGE,PAD_A,9,CoA,4524.6,POWER,1738.433,2,infrastructure,0.0,0.0
4,1671.307,LARGE,PAD_A,10,CoA,1742.5,CONSTR,1724.119,2,equipment,0.0,0.0
4,1671.307,LARGE,PAD_A,11,NASA,1124.3,CONSTR,1735.799,2,equipment,0.0,0.0
4,1671.307,LARGE,PAD_A,12,CoC,1610.3,CONSTR,1700.132,2,equipment,0.0,0.0
4,1671.307,LARGE,PAD_A,13,CoA,387.5,BASE,1743.709,1,consumables,0.0,0.0
4,1671.307,LARGE,PAD_A,14,CoB,3567.1,CONSTR,1741.19,2,infrastructure,0.0,0.0
4,1671.307,LARGE,PAD_A,15,NASA,119.8,SCI_1,1712.513,2,science,0.0,0.0
4,1671.307,LARGE,PAD_A,16,CoA,1368.1,POWER,1712.418,2,equipment,0.0,0.0
4,1671.307,LARGE,PAD_A,17,CoA,222.9,BASE,1735.023,1,consumables,0.0,0.0
4,1671.307,LARGE,PAD_A,18,CoA,443.9,ISRU,1730.085,2,equipment,0.0,0.0
4,1671.307,LARGE,PAD_A,19,NASA,140.6,SCI_1,1738.104,2,science,50.2,199.5
4,1671.307,LARGE,PAD_A,20,NASA,315.7,BASE,1727.941,1,consumables,176.4,200.5
4,1671.307,LARGE,PAD_A,21,NASA,1812.6,ISRU,1732.241,2,equipment,0.0,0.0
4,1671.307,LARGE,PAD_A,22,CoB,369.5,BASE,1732.093,1,consumables,0.0,0.0
4,1671.307,LARGE,PAD_A,23,NASA,6951.9,POWER,1709.557,3,element,0.0,0.0
4,1671.307,LARGE,PAD_A,24,CoB,333.8,BASE,1737.239,1,consumables,0.0,0.0
4,1671.307,LARGE,PAD_A,25,CoA,4042.2,CONSTR,1733.513,2,infrastructure,0.0,0.0
4,1960.235,MK1,PAD_B,26,CoC,147.0,BASE,1976.902,1,consumables,0.0,0.0
4,1960.235,MK1,PAD_B,27,NASA,344.9,BASE,1973.321,1,consumables,181.6,222.2
4,1960.235,MK1,PAD_B,28,NASA,398.4,BASE,1985.809,1,consumables,0.0,0.0
4,1960.235,MK1,PAD_B,29,CoC,189.5,BASE,1973.063,1,consumables,56.0,320.4
4,1960.235,MK1,PAD_B,30,CoA,1562.1,BASE,1983.297,2,equipment,871.6,659.1
4,3065.452,MK1,PAD_B,31,CoA,1799.6,ISRU,3095.626,2,equipment,0.0,0.0
4,3065.452,MK1,PAD_B,32,NASA,1156.3,BASE,3078.939,1,consumables,0.0,0.0
4,4028.864,LARGE,PAD_A,33,NASA,4132.5,CONSTR,4094.449,2,infrastructure,0.0,0.0
4,4028.864,LARGE,PAD_A,34,CoB,1925.0,ISRU,4098.856,2,equipment,440.5,408.5
4,4028.864,LARGE,PAD_A,35,CoB,4089.5,POWER,4074.356,2,infrastructure,1521.9,707.3
4,4028.864,LARGE,PAD_A,36,NASA,118.9,BASE,4086.836,2,science,48.0,632.0
4,4028.864,LARGE,PAD_A,37,CoA,110.8,SCI_1,4079.797,2,science,0.0,0.0
4,4028.864,LARGE,PAD_A,38,CoA,534.5,CONSTR,4078.164,2,equipment,251.9,669.2
4,4028.864,LARGE,PAD_A,39,CoB,372.3,BASE,4066.754,1,consumables,139.6,379.2
4,4028.864,LARGE,PAD_A,40,CoA,82.4,SCI_1,4061.579,2,science,0.0,0.0
4,4028.864,LARGE,PAD_A,41,CoC,286.7,BASE,4079.005,1,consumables,0.0,0.0
4,4028.864,LARGE,PAD_A,42,NASA,296.6,DEPOT,4083.886,1,consumables,0.0,0.0
4,4028.864,LARGE,PAD_A,43,NASA,2100.6,CONSTR,4058.14,2,infrastructure,888.8,461.3
4,4028.864,LARGE,PAD_A,44,CoC,3263.0,POWER,4063.425,2,infrastructure,0.0,0.0
4,4324.11,MK1,PAD_B,45,CoC,273.0,BASE,4348.138,1,consumables,0.0,0.0
4,4324.11,MK1,PAD_B,46,NASA,18.5,PSR,4337.414,2,science,0.0,0.0
4,4324.11,MK1,PAD_B,47,CoC,84.0,BASE,4354.475,1,consumables,0.0,0.0
4,4324.11,MK1,PAD_B,48,CoB,258.2,BASE,4354.41,1,consumables,0.0,0.0
4,4324.11,MK1,PAD_B,49,CoC,100.1,SCI_1,4345.732,2,science,0.0,0.0
4,4324.11,MK1,PAD_B,50,NASA,258.7,BASE,4360.737,1,consumables,91.7,324.9
4,4324.11,MK1,PAD_B,51,NASA,1240.3,BASE,4360.666,1,consumables,0.0,0.0
4,4361.32,MK1,PAD_B,52,NASA,122.2,SCI_1,4395.304,2,science,0.0,0.0
4,4361.32,MK1,PAD_B,53,CoA,571.1,CONSTR,4374.619,2,equipment,248.9,636.8
4,4361.32,MK1,PAD_B,54,NASA,44.7,PSR,4380.248,2,science,0.0,0.0
4,4361.32,MK1,PAD_B,55,CoC,130.8,SCI_1,4390.292,2,science,0.0,0.0
4,4361.32,MK1,PAD_B,56,NASA,364.0,DEPOT,4374.401,1,consumables,0.0,0.0
4,4361.32,MK1,PAD_B,57,NASA,640.1,CONSTR,4388.959,2,equipment,0.0,0.0
4,4361.32,MK1,PAD_B,58,CoC,754.1,BASE,4377.389,1,consumables,0.0,0.0
4,4381.981,MK1,PAD_B,59,NASA,1578.0,ISRU,4395.855,2,equipment,0.0,0.0
4,4381.981,MK1,PAD_B,60,NASA,862.3,BASE,4403.028,2,equipment,0.0,0.0
4,4573.482,MK1,PAD_B,61,CoC,630.0,CONSTR,4606.962,2,equipment,0.0,0.0
4,4573.482,MK1,PAD_B,62,NASA,335.4,BASE,4594.783,1,consumables,0.0,0.0
4,4573.482,MK1,PAD_B,63,NASA,103.5,BASE,4590.518,1,consumables,0.0,0.0
4,4573.482,MK1,PAD_B,64,NASA,63.2,BASE,4596.2,1,consumables,0.0,0.0
4,4573.482,MK1,PAD_B,65,NASA,193.4,BASE,4588.504,1,consumables,0.0,0.0
4,4573.482,MK1,PAD_B,66,CoA,676.1,BASE,4595.803,2,equipment,278.4,167.6
4,4573.482,MK1,PAD_B,67,NASA,281.9,BASE,4607.068,1,consumables,0.0,0.0
4,4764.927,CLPS,PAD_A,68,NASA,114.7,BASE,4784.864,1,consumables,64.3,442.0
4,6066.756,LARGE,PAD_A,69,NASA,1096.3,CONSTR,6091.457,2,equipment,0.0,0.0
4,6066.756,LARGE,PAD_A,70,NASA,12199.6,BASE,6129.961,3,element,0.0,0.0
4,6066.756,LARGE,PAD_A,71,NASA,119.1,SCI_1,6133.64,2,science,0.0,0.0
4,6066.756,LARGE,PAD_A,72,NASA,325.4,BASE,6097.345,1,consumables,166.8,187.1
4,6066.756,LARGE,PAD_A,73,CoB,57.9,BASE,6138.918,2,science,0.0,0.0
4,6066.756,LARGE,PAD_A,74,NASA,156.9,DEPOT,6093.759,1,consumables,0.0,0.0
4,6066.756,LARGE,PAD_A,75,NASA,300.5,BASE,6122.799,1,consumables,0.0,0.0
4,6066.756,LARGE,PAD_A,76,CoA,1717.5,CONSTR,6102.052,2,equipment,0.0,0.0
4,6066.756,LARGE,PAD_A,77,NASA,989.9,POWER,6099.326,2,equipment,437.0,531.3
4,6066.756,LARGE,PAD_A,78,NASA,108.8,SCI_1,6094.935,2,science,0.0,0.0
4,6066.756,LARGE,PAD_A,79,CoB,316.5,BASE,6119.57,1,consumables,101.5,503.1
4,6066.756,LARGE,PAD_A,80,CoC,1497.1,CONSTR,6128.278,2,equipment,604.9,382.8
4,6066.756,LARGE,PAD_A,81,NASA,2354.6,CONSTR,6101.573,2,infrastructure,0.0,0.0
4,6066.756,LARGE,PAD_A,82,CoA,1476.4,POWER,6118.819,2,equipment,0.0,0.0
4,6750.723,LARGE,PAD_B,83,CoA,552.0,ISRU,6785.148,2,equipment,0.0,0.0
4,6750.723,LARGE,PAD_B,84,NASA,1122.0,ISRU,6797.83,2,equipment,0.0,0.0
4,6750.723,LARGE,PAD_B,85,NASA,411.1,POWER,6821.909,2,equipment,141.5,220.3
4,6750.723,LARGE,PAD_B,86,NASA,2709.0,POWER,6785.67,2,infrastructure,0.0,0.0
4,6750.723,LARGE,PAD_B,87,CoA,141.9,SCI_1,6815.951,2,science,0.0,0.0
4,6750.723,LARGE,PAD_B,88,NASA,247.7,BASE,6810.023,1,consumables,0.0,0.0
4,6750.723,LARGE,PAD_B,89,CoA,4841.9,CONSTR,6816.836,2,infrastructure,0.0,0.0
4,6750.723,LARGE,PAD_B,90,NASA,108.5,BASE,6795.109,1,consumables,0.0,0.0
4,6750.723,LARGE,PAD_B,91,NASA,98.4,SCI_1,6804.194,2,science,27.4,685.1
4,6750.723,LARGE,PAD_B,92,CoC,3932.7,BASE,6793.056,1,consumables,0.0,0.0
4,7024.655,CLPS,PAD_B,93,CoB,389.7,BASE,7037.122,1,consumables,0.0,0.0
4,7635.525,CLPS,PAD_A,94,CoA,173.5,DEPOT,7658.843,1,consumables,75.6,379.8
4,7903.404,CLPS,PAD_A,95,CoA,92.8,BASE,7925.192,2,science,23.5,478.2
4,7903.404,CLPS,PAD_A,96,CoA,38.8,SCI_1,7912.214,2,science,0.0,0.0
4,7903.404,CLPS,PAD_A,97,NASA,353.9,BASE,7921.674,1,consumables,0.0,0.0
4,8397.181,MK1,PAD_A,98,CoB,122.0,SCI_1,8433.022,2,science,49.5,607.6
4,8397.181,MK1,PAD_A,99,CoA,993.3,POWER,8421.916,2,equipment,276.2,642.4
4,8397.181,MK1,PAD_A,100,CoA,394.8,BASE,8427.237,1,consumables,0.0,0.0
4,8397.181,MK1,PAD_A,101,NASA,255.7,BASE,8411.645,1,consumables,0.0,0.0
4,8397.181,MK1,PAD_A,102,NASA,348.8,BASE,8433.931,1,consumables,154.0,569.1
4,8397.181,MK1,PAD_A,103,CoC,310.5,BASE,8431.102,1,consumables,0.0,0.0
4,8397.181,MK1,PAD_A,104,NASA,883.9,ISRU,8416.05,2,equipment,0.0,0.0
5,10.509,LARGE,PAD_A,0,NASA,170.5,DEPOT,68.038,1,consumables,0.0,0.0
5,10.509,LARGE,PAD_A,1,NASA,700.4,CONSTR,59.098,2,equipment,0.0,0.0
5,10.509,LARGE,PAD_A,2,CoB,64.9,DEPOT,52.668,1,consumables,0.0,0.0
5,10.509,LARGE,PAD_A,3,CoB,141.1,PSR,70.847,2,science,0.0,0.0
5,10.509,LARGE,PAD_A,4,CoA,1088.5,CONSTR,68.736,2,equipment,0.0,0.0
5,10.509,LARGE,PAD_A,5,NASA,121.8,SCI_1,74.06,2,science,0.0,0.0
5,10.509,LARGE,PAD_A,6,CoA,1341.3,BASE,74.834,2,equipment,650.7,628.6
5,10.509,LARGE,PAD_A,7,CoA,87.5,SCI_1,51.489,2,science,0.0,0.0
5,10.509,LARGE,PAD_A,8,CoA,202.9,BASE,52.222,1,consumables,0.0,0.0
5,10.509,LARGE,PAD_A,9,CoC,339.9,BASE,40.286,1,consumables,0.0,0.0
5,10.509,LARGE,PAD_A,10,CoA,2559.2,ISRU,63.563,2,infrastructure,1396.7,287.2
5,10.509,LARGE,PAD_A,11,NASA,18.0,SCI_1,53.66,2,science,0.0,0.0
5,10.509,LARGE,PAD_A,12,NASA,3922.0,ISRU,53.7,2,infrastructure,0.0,0.0
5,10.509,LARGE,PAD_A,13,CoB,93.2,PSR,70.916,2,science,0.0,0.0
5,10.509,LARGE,PAD_A,14,CoA,73.3,BASE,40.36,1,consumables,32.3,651.6
5,10.509,LARGE,PAD_A,15,NASA,61.3,SCI_1,75.952,2,science,0.0,0.0
5,10.509,LARGE,PAD_A,16,NASA,108.9,SCI_1,80.318,2,science,0.0,0.0
5,10.509,LARGE,PAD_A,17,NASA,1209.5,CONSTR,41.181,2,equipment,498.3,406.3
5,10.509,LARGE,PAD_A,18,CoC,2080.5,ISRU,74.029,2,infrastructure,0.0,0.0
5,10.509,LARGE,PAD_A,19,CoA,1136.0,ISRU,65.785,2,equipment,0.0,0.0
5,10.509,LARGE,PAD_A,20,NASA,396.7,BASE,60.797,1,consumables,86.8,130.0
5,10.509,LARGE,PAD_A,21,NASA,352.8,BASE,51.73,1,consumables,97.7,526.8
5,10.509,LARGE,PAD_A,22,NASA,86.9,SCI_1,84.287,2,science,42.8,270.7
5,10.509,LARGE,PAD_A,23,NASA,170.1,BASE,57.786,1,consumables,34.0,156.3
5,10.509,LARGE,PAD_A,24,NASA,202.0,BASE,52.137,1,consumables,0.0,0.0
5,10.509,LARGE,PAD_A,25,CoC,2406.4,CONSTR,78.28,2,infrastructure,0.0,0.0
5,10.509,LARGE,PAD_A,26,CoA,1161.9,CONSTR,64.193,2,equipment,0.0,0.0
5,396.611,CLPS,PAD_A,27,CoB,133.1,SCI_1,409.116,2,science,41.4,257.7
5,396.611,CLPS,PAD_A,28,CoC,244.1,BASE,419.397,1,consumables,85.3,690.5
5,396.611,CLPS,PAD_A,29,NASA,101.7,DEPOT,404.332,1,consumables,0.0,0.0
5,427.118,CLPS,PAD_B,30,NASA,223.3,BASE,434.396,1,consumables,0.0,0.0
5,427.118,CLPS,PAD_B,31,CoC,197.5,BASE,436.784,1,consumables,0.0,0.0
5,532.632,MK1,PAD_A,32,CoA,105.5,PSR,546.247,2,science,0.0,0.0
5,532.632,MK1,PAD_A,33,NASA,88.0,PSR,564.189,2,science,28.7,652.1
5,532.632,MK1,PAD_A,34,CoA,144.4,SCI_1,556.504,2,science,0.0,0.0
5,532.632,MK1,PAD_A,35,NASA,234.9,BASE,564.998,1,consumables,0.0,0.0
5,532.632,MK1,PAD_A,36,NASA,322.9,BASE,550.355,2,equipment,0.0,0.0
5,532.632,MK1,PAD_A,37,CoA,187.0,BASE,549.667,1,consumables,100.1,266.4
5,532.632,MK1,PAD_A,38,NASA,79.7,BASE,546.506,1,consumables,0.0,0.0
5,532.632,MK1,PAD_A,39,CoB,149.9,BASE,569.78,1,consumables,0.0,0.0
5,532.632,MK1,PAD_A,40,CoB,1273.2,CONSTR,560.928,2,equipment,666.2,520.1
5,562.518,MK1,PAD_B,41,CoC,744.3,CONSTR,576.16,2,equipment,0.0,0.0
5,562.518,MK1,PAD_B,42,NASA,146.3,DEPOT,591.545,1,consumables,0.0,0.0
5,562.518,MK1,PAD_B,43,NASA,865.4,ISRU,577.142,2,equipment,0.0,0.0
5,562.518,MK1,PAD_B,44,CoC,83.1,PSR,598.975,2,science,25.1,163.1
5,562.518,MK1,PAD_B,45,NASA,250.6,BASE,581.671,1,consumables,129.5,697.4
5,562.518,MK1,PAD_B,46,NASA,19.3,SCI_1,593.316,2,science,0.0,0.0
5,562.518,MK1,PAD_B,47,NASA,43.4,BASE,579.062,2,science,20.1,612.5
5,562.518,MK1,PAD_B,48,CoA,124.3,BASE,589.63,1,consumables,0.0,0.0
5,562.518,MK1,PAD_B,49,CoB,281.0,BASE,581.073,1,consumables,96.0,315.4
5,2377.916,MK1,PAD_A,50,CoB,300.3,DEPOT,2392.09,1,consumables,0.0,0.0
5,2377.916,MK1,PAD_A,51,CoC,69.4,SCI_1,2410.305,2,science,18.4,431.4
5,2377.916,MK1,PAD_A,52,NASA,379.5,DEPOT,2409.3,1,consumables,0.0,0.0
5,2377.916,MK1,PAD_A,53,NASA,24.9,SCI_1,2395.304,2,science,0.0,0.0
5,2377.916,MK1,PAD_A,54,CoA,1280.0,POWER,2396.189,2,equipment,0.0,0.0
5,2377.916,MK1,PAD_A,55,NASA,155.4,BASE,2399.363,1,consumables,64.1,717.2
5,2377.916,MK1,PAD_A,56,NASA,346.8,BASE,2403.896,1,consumables,148.3,713.4
5,3358.311,CLPS,PAD_A,57,CoA,72.0,BASE,3367.911,2,science,0.0,0.0
5,3358.311,CLPS,PAD_A,58,CoA,319.7,BASE,3375.898,1,consumables,125.4,685.6
5,3578.225,CLPS,PAD_B,59,CoA,95.1,BASE,3587.038,1,consumables,0.0,0.0
5,3578.225,CLPS,PAD_B,60,NASA,29.8,BASE,3600.074,1,consumables,0.0,0.0
5,4867.022,MK1,PAD_B,61,NASA,142.1,SCI_1,4880.838,2,science,0.0,0.0
5,4867.022,MK1,PAD_B,62,CoC,197.3,BASE,4895.631,1,consumables,0.0,0.0
5,4867.022,MK1,PAD_B,63,NASA,301.9,BASE,4890.548,1,consumables,161.2,334.0
5,4867.022,MK1,PAD_B,64,CoB,375.7,BASE,4892.148,1,consumables,0.0,0.0
5,4867.022,MK1,PAD_B,65,NASA,105.8,SCI_1,4891.092,2,science,0.0,0.0
5,4867.022,MK1,PAD_B,66,CoB,48.6,BASE,4888.676,2,science,0.0,0.0
5,4867.022,MK1,PAD_B,67,NASA,24.4,BASE,4898.019,2,science,0.0,0.0
5,4867.022,MK1,PAD_B,68,NASA,104.8,SCI_1,4891.066,2,science,21.4,413.9
5,4867.022,MK1,PAD_B,69,NASA,56.9,SCI_1,4897.171,2,science,0.0,0.0
5,4867.022,MK1,PAD_B,70,CoA,302.9,CONSTR,4894.823,2,equipment,0.0,0.0
5,4867.022,MK1,PAD_B,71,CoB,423.1,BASE,4896.01,2,equipment,237.5,719.0
5,4867.022,MK1,PAD_B,72,NASA,78.5,SCI_1,4887.377,2,science,0.0,0.0
5,4867.022,MK1,PAD_B,73,CoA,635.6,DEPOT,4887.718,1,consumables,0.0,0.0
5,5927.799,MK1,PAD_A,74,NASA,372.6,DEPOT,5940.714,1,consumables,76.2,472.2
5,5927.799,MK1,PAD_A,75,NASA,544.6,POWER,5954.434,2,equipment,0.0,0.0
5,5927.799,MK1,PAD_A,76,NASA,333.3,BASE,5946.416,1,consumables,0.0,0.0
5,5927.799,MK1,PAD_A,77,NASA,1077.9,ISRU,5950.213,2,equipment,457.7,686.4
5,6197.661,LARGE,PAD_B,78,NASA,101.6,SCI_1,6225.491,2,science,34.1,226.4
5,6197.661,LARGE,PAD_B,79,CoA,142.2,SCI_1,6238.679,2,science,0.0,0.0
5,6197.661,LARGE,PAD_B,80,CoA,119.3,BASE,6264.94,2,science,58.9,147.5
5,6197.661,LARGE,PAD_B,81,NASA,104.8,BASE,6249.594,1,consumables,37.7,660.9
5,6197.661,LARGE,PAD_B,82,NASA,1127.4,POWER,6227.927,2,equipment,296.1,363.2
5,6197.661,LARGE,PAD_B,83,NASA,1602.7,CONSTR,6240.198,2,equipment,0.0,0.0
5,6197.661,LARGE,PAD_B,84,CoA,85.5,SCI_1,6239.303,2,science,0.0,0.0
5,6197.661,LARGE,PAD_B,85,CoA,901.8,ISRU,6235.862,2,equipment,200.7,170.5
5,6197.661,LARGE,PAD_B,86,NASA,4929.3,ISRU,6240.551,2,infrastructure,0.0,0.0
5,6197.661,LARGE,PAD_B,87,NASA,4161.5,POWER,6225.594,2,infrastructure,0.0,0.0
5,7705.744,MK1,PAD_A,88,NASA,335.4,BASE,7729.105,1,consumables,0.0,0.0
5,7705.744,MK1,PAD_A,89,CoA,376.4,BASE,7736.504,1,consumables,0.0,0.0
5,7705.744,MK1,PAD_A,90,CoA,89.9,SCI_1,7735.111,2,science,0.0,0.0
5,7705.744,MK1,PAD_A,91,CoC,699.1,CONSTR,7718.737,2,equipment,235.8,471.4
5,7705.744,MK1,PAD_A,92,CoC,52.8,BASE,7730.204,2,science,12.8,124.9
5,7705.744,MK1,PAD_A,93,NASA,945.5,ISRU,7730.885,2,equipment,0.0,0.0
5,7705.744,MK1,PAD_A,94,NASA,24.2,PSR,7728.092,2,science,0.0,0.0
5,7705.744,MK1,PAD_A,95,CoA,371.0,DEPOT,7739.168,1,consumables,0.0,0.0
6,453.148,CLPS,PAD_B,0,CoA,134.2,SCI_1,476.617,2,science,74.9,337.1
6,453.148,CLPS,PAD_B,1,CoB,93.5,BASE,475.503,1,consumables,27.6,585.1
6,936.269,LARGE,PAD_B,2,CoB,295.5,BASE,967.501,1,consumables,158.5,175.1
6,936.269,LARGE,PAD_B,3,NASA,213.6,BASE,990.82,1,consumables,0.0,0.0
6,936.269,LARGE,PAD_B,4,CoB,658.4,ISRU,1004.413,2,equipment,0.0,0.0
6,936.269,LARGE,PAD_B,5,NASA,131.6,PSR,970.551,2,science,0.0,0.0
6,936.269,LARGE,PAD_B,6,CoA,325.7,DEPOT,1001.348,1,consumables,159.5,604.9
6,936.269,LARGE,PAD_B,7,NASA,3966.7,ISRU,1007.453,2,infrastructure,0.0,0.0
6,936.269,LARGE,PAD_B,8,NASA,385.5,BASE,996.917,1,consumables,0.0,0.0
6,936.269,LARGE,PAD_B,9,CoB,384.3,BASE,967.434,1,consumables,0.0,0.0
6,936.269,LARGE,PAD_B,10,NASA,295.7,BASE,990.457,1,consumables,0.0,0.0
6,936.269,LARGE,PAD_B,11,NASA,387.3,BASE,1010.326,1,consumables,0.0,0.0
6,936.269,LARGE,PAD_B,12,NASA,4830.0,ISRU,1004.631,2,infrastructure,0.0,0.0
6,936.269,LARGE,PAD_B,13,CoA,1671.7,CONSTR,966.79,2,equipment,0.0,0.0
6,936.269,LARGE,PAD_B,14,CoA,9184.1,POWER,1001.5,3,element,0.0,0.0
6,1077.238,CLPS,PAD_B,15,CoC,58.8,SCI_1,1093.291,2,science,0.0,0.0
6,1077.238,CLPS,PAD_B,16,CoC,317.0,BASE,1083.703,1,consumables,0.0,0.0
6,1077.238,CLPS,PAD_B,17,CoC,73.7,BASE,1085.834,1,consumables,0.0,0.0
6,1223.412,LARGE,PAD_A,18,NASA,139.3,PSR,1290.449,2,science,0.0,0.0
6,1223.412,LARGE,PAD_A,19,CoB,727.2,ISRU,1292.728,2,equipment,298.6,682.3
6,1223.412,LARGE,PAD_A,20,CoC,115.5,SCI_1,1256.282,2,science,34.5,205.3
6,1223.412,LARGE,PAD_A,21,NASA,1732.7,CONSTR,1262.604,2,equipment,0.0,0.0
6,1223.412,LARGE,PAD_A,22,NASA,258.1,BASE,1269.922,1,consumables,0.0,0.0
6,1223.412,LARGE,PAD_A,23,CoA,170.8,BASE,1284.018,1,consumables,0.0,0.0
6,1223.412,LARGE,PAD_A,24,CoC,292.3,BASE,1261.206,1,consumables,0.0,0.0
6,1223.412,LARGE,PAD_A,25,CoA,165.2,BASE,1278.869,1,consumables,0.0,0.0
6,1223.412,LARGE,PAD_A,26,NASA,10298.5,BASE,1287.502,3,element,0.0,0.0
6,1223.412,LARGE,PAD_A,27,NASA,662.7,CONSTR,1271.766,2,equipment,0.0,0.0
6,1223.412,LARGE,PAD_A,28,NASA,143.4,SCI_1,1290.825,2,science,0.0,0.0
6,1223.412,LARGE,PAD_A,29,CoC,43.1,SCI_1,1270.269,2,science,0.0,0.0
6,1223.412,LARGE,PAD_A,30,NASA,741.7,ISRU,1289.667,2,equipment,0.0,0.0
6,1223.412,LARGE,PAD_A,31,NASA,328.9,DEPOT,1294.832,1,consumables,89.9,555.8
6,1223.412,LARGE,PAD_A,32,CoB,20.4,PSR,1285.913,2,science,10.0,430.8
6,1223.412,LARGE,PAD_A,33,CoB,1865.1,POWER,1270.689,2,equipment,458.8,334.3
6,1223.412,LARGE,PAD_A,34,CoC,4195.9,POWER,1290.951,2,infrastructure,2158.3,229.5
6,1223.412,LARGE,PAD_A,35,NASA,194.5,BASE,1291.946,1,consumables,88.7,309.0
6,1223.412,LARGE,PAD_A,36,NASA,319.6,BASE,1274.326,1,consumables,0.0,0.0
6,1223.412,LARGE,PAD_A,37,NASA,316.0,CONSTR,1278.746,2,equipment,0.0,0.0
6,1223.412,LARGE,PAD_A,38,NASA,1188.1,POWER,1254.087,2,equipment,553.6,631.7
6,1223.412,LARGE,PAD_A,39,CoA,2365.7,ISRU,1293.5,2,infrastructure,0.0,0.0
6,2890.48,CLPS,PAD_B,40,NASA,480.7,CONSTR,2913.311,2,equipment,0.0,0.0
6,3788.655,MK1,PAD_B,41,CoC,186.3,BASE,3820.052,1,consumables,0.0,0.0
6,3788.655,MK1,PAD_B,42,CoB,140.4,BASE,3813.951,1,consumables,0.0,0.0
6,3788.655,MK1,PAD_B,43,NASA,88.8,SCI_1,3804.786,2,science,43.7,281.6
6,3788.655,MK1,PAD_B,44,NASA,1646.4,ISRU,3810.879,2,equipment,0.0,0.0
6,5496.619,MK1,PAD_B,45,NASA,1653.3,POWER,5530.719,2,equipment,0.0,0.0
6,5496.619,MK1,PAD_B,46,NASA,355.8,DEPOT,5511.358,1,consumables,0.0,0.0
6,5496.619,MK1,PAD_B,47,NASA,22.4,SCI_1,5530.416,2,science,0.0,0.0
6,5496.619,MK1,PAD_B,48,CoB,258.6,BASE,5509.777,1,consumables,60.1,390.7
6,5496.619,MK1,PAD_B,49,NASA,13.8,SCI_1,5521.687,2,science,0.0,0.0
6,5496.619,MK1,PAD_B,50,CoA,449.7,CONSTR,5524.365,2,equipment,0.0,0.0
6,5496.619,MK1,PAD_B,51,NASA,88.3,SCI_1,5511.165,2,science,0.0,0.0
6,5907.078,CLPS,PAD_A,52,CoA,204.2,BASE,5915.788,1,consumables,0.0,0.0
6,5907.078,CLPS,PAD_A,53,CoA,182.8,BASE,5924.187,1,consumables,0.0,0.0
6,5956.079,CLPS,PAD_B,54,CoB,387.9,POWER,5969.779,2,equipment,0.0,0.0
6,5956.079,CLPS,PAD_B,55,NASA,20.0,DEPOT,5976.299,1,consumables,0.0,0.0
6,7444.823,MK1,PAD_A,56,CoC,321.6,BASE,7457.197,1,consumables,121.4,620.8
6,7444.823,MK1,PAD_A,57,CoC,373.6,DEPOT,7467.96,1,consumables,0.0,0.0
6,7444.823,MK1,PAD_A,58,NASA,1310.8,ISRU,7481.121,2,equipment,0.0,0.0
6,7444.823,MK1,PAD_A,59,NASA,316.2,BASE,7461.826,1,consumables,0.0,0.0
6,7587.79,LARGE,PAD_A,60,CoC,93.3,SCI_1,7653.24,2,science,0.0,0.0
6,7587.79,LARGE,PAD_A,61,CoA,5475.3,ISRU,7656.763,2,infrastructure,0.0,0.0
6,7587.79,LARGE,PAD_A,62,NASA,1214.7,POWER,7627.631,2,equipment,0.0,0.0
6,7587.79,LARGE,PAD_A,63,NASA,85.8,SCI_1,7655.038,2,science,0.0,0.0
6,7587.79,LARGE,PAD_A,64,CoA,380.6,DEPOT,7660.443,1,consumables,0.0,0.0
6,7587.79,LARGE,PAD_A,65,NASA,267.5,BASE,7615.48,1,consumables,0.0,0.0
6,7587.79,LARGE,PAD_A,66,CoA,1693.3,BASE,7641.136,2,equipment,0.0,0.0
6,7587.79,LARGE,PAD_A,67,CoA,310.8,BASE,7630.688,1,consumables,0.0,0.0
6,7587.79,LARGE,PAD_A,68,CoB,124.6,BASE,7622.863,1,consumables,40.8,635.7
6,7587.79,LARGE,PAD_A,69,NASA,62.8,SCI_1,7633.621,2,science,31.1,212.0
6,7587.79,LARGE,PAD_A,70,CoA,1125.5,CONSTR,7652.763,2,equipment,0.0,0.0
6,7587.79,LARGE,PAD_A,71,CoA,2561.0,CONSTR,7623.792,2,infrastructure,0.0,0.0
6,7587.79,LARGE,PAD_A,72,NASA,10971.5,POWER,7615.038,3,element,0.0,0.0
6,7587.79,LARGE,PAD_A,73,NASA,292.8,BASE,7631.674,1,consumables,0.0,0.0
7,312.559,MK1,PAD_B,0,NASA,342.2,BASE,345.687,1,consumables,0.0,0.0
7,312.559,MK1,PAD_B,1,CoA,1561.0,CONSTR,345.721,2,equipment,0.0,0.0
7,312.559,MK1,PAD_B,2,CoA,400.7,CONSTR,328.664,2,equipment,0.0,0.0
7,312.559,MK1,PAD_B,3,NASA,147.0,PSR,341.544,2,science,55.3,263.7
7,384.932,MK1,PAD_B,4,CoA,389.1,BASE,404.142,1,consumables,0.0,0.0
7,384.932,MK1,PAD_B,5,CoA,523.7,POWER,410.855,2,equipment,145.1,676.7
7,384.932,MK1,PAD_B,6,CoC,606.9,POWER,411.105,2,equipment,0.0,0.0
7,384.932,MK1,PAD_B,7,CoA,43.5,SCI_1,410.825,2,science,0.0,0.0
7,384.932,MK1,PAD_B,8,NASA,342.8,CONSTR,400.881,2,equipment,0.0,0.0
7,384.932,MK1,PAD_B,9,CoA,496.4,BASE,412.349,1,consumables,0.0,0.0
7,1685.443,LARGE,PAD_B,10,NASA,117.1,BASE,1754.247,2,science,58.7,606.3
7,1685.443,LARGE,PAD_B,11,CoB,202.4,DEPOT,1747.758,1,consumables,0.0,0.0
7,1685.443,LARGE,PAD_B,12,CoA,684.9,CONSTR,1718.554,2,equipment,0.0,0.0
7,1685.443,LARGE,PAD_B,13,NASA,11160.0,BASE,1731.528,3,element,0.0,0.0
7,1685.443,LARGE,PAD_B,14,CoC,83.0,BASE,1738.314,2,science,0.0,0.0
7,1685.443,LARGE,PAD_B,15,NASA,3646.6,CONSTR,1735.629,2,infrastructure,0.0,0.0
7,1685.443,LARGE,PAD_B,16,NASA,334.1,BASE,1741.165,1,consumables,0.0,0.0
7,1685.443,LARGE,PAD_B,17,NASA,195.4,BASE,1755.135,1,consumables,0.0,0.0
7,1685.443,LARGE,PAD_B,18,NASA,265.3,BASE,1743.088,1,consumables,0.0,0.0
7,1685.443,LARGE,PAD_B,19,NASA,1708.7,BASE,1714.662,1,consumables,0.0,0.0
7,2232.658,CLPS,PAD_B,20,NASA,322.6,BASE,2254.456,2,equipment,0.0,0.0
7,2232.658,CLPS,PAD_B,21,CoA,70.3,BASE,2242.283,1,consumables,0.0,0.0
7,2232.658,CLPS,PAD_B,22,NASA,20.0,BASE,2239.537,1,consumables,0.0,0.0
7,2439.008,CLPS,PAD_A,23,NASA,123.6,PSR,2455.347,2,science,64.4,696.0
7,2439.008,CLPS,PAD_A,24,NASA,175.1,BASE,2456.537,1,consumables,0.0,0.0
7,2439.008,CLPS,PAD_A,25,CoB,176.6,BASE,2461.396,1,consumables,75.8,503.2
7,2654.564,CLPS,PAD_A,26,CoB,284.8,BASE,2675.027,1,consumables,0.0,0.0
7,2654.564,CLPS,PAD_A,27,NASA,58.9,DEPOT,2672.529,1,consumables,25.1,686.9
7,4083.965,MK1,PAD_B,28,NASA,215.2,BASE,4105.099,1,consumables,100.1,618.3
7,4083.965,MK1,PAD_B,29,CoA,62.0,PSR,4104.131,2,science,0.0,0.0
7,4083.965,MK1,PAD_B,30,NASA,315.9,BASE,4098.326,1,consumables,0.0,0.0
7,4083.965,MK1,PAD_B,31,CoA,105.3,BASE,4103.177,1,consumables,0.0,0.0
7,4083.965,MK1,PAD_B,32,CoC,618.1,ISRU,4105.974,2,equipment,0.0,0.0
7,4083.965,MK1,PAD_B,33,CoB,307.3,BASE,4106.112,1,consumables,125.2,574.5
7,4083.965,MK1,PAD_B,34,CoA,150.5,BASE,4118.983,1,consumables,41.2,599.7
7,4083.965,MK1,PAD_B,35,CoB,604.9,DEPOT,4116.366,1,consumables,0.0,0.0
7,4099.11,CLPS,PAD_B,36,CoB,318.2,BASE,4113.117,1,consumables,0.0,0.0
7,4099.11,CLPS,PAD_B,37,NASA,14.7,BASE,4115.225,2,science,0.0,0.0
7,4099.11,CLPS,PAD_B,38,NASA,23.6,DEPOT,4108.091,1,consumables,0.0,0.0
7,4510.426,MK1,PAD_B,39,NASA,302.3,DEPOT,4524.63,1,consumables,0.0,0.0
7,4510.426,MK1,PAD_B,40,NASA,120.1,BASE,4540.685,1,consumables,68.0,250.3
7,4510.426,MK1,PAD_B,41,NASA,414.9,ISRU,4530.42,2,equipment,0.0,0.0
7,4510.426,MK1,PAD_B,42,NASA,17.9,BASE,4545.168,2,science,10.0,256.3
7,4510.426,MK1,PAD_B,43,NASA,71.2,BASE,4544.077,1,consumables,0.0,0.0
7,4510.426,MK1,PAD_B,44,NASA,287.8,BASE,4530.467,1,consumables,0.0,0.0
7,4510.426,MK1,PAD_B,45,NASA,1211.6,CONSTR,4528.231,2,equipment,297.2,707.8
7,4510.426,MK1,PAD_B,46,CoB,389.8,BASE,4536.113,1,consumables,0.0,0.0
7,4510.426,MK1,PAD_B,47,CoA,167.2,BASE,4535.588,1,consumables,0.0,0.0
7,4510.426,MK1,PAD_B,48,NASA,20.0,BASE,4545.069,1,consumables,0.0,0.0
7,5365.847,MK1,PAD_A,49,NASA,117.0,BASE,5392.166,1,consumables,0.0,0.0
7,5365.847,MK1,PAD_A,50,CoC,234.9,BASE,5391.906,1,consumables,0.0,0.0
7,5365.847,MK1,PAD_A,51,CoB,332.6,BASE,5388.751,1,consumables,0.0,0.0
7,5365.847,MK1,PAD_A,52,CoC,1719.6,CONSTR,5383.614,2,equipment,0.0,0.0
7,5365.847,MK1,PAD_A,53,CoA,411.0,POWER,5390.095,2,equipment,0.0,0.0
7,6062.201,LARGE,PAD_B,54,CoC,112.3,SCI_1,6112.991,2,science,0.0,0.0
7,6062.201,LARGE,PAD_B,55,CoB,214.0,BASE,6114.926,1,consumables,59.5,647.2
7,6062.201,LARGE,PAD_B,56,NASA,214.5,BASE,6113.267,1,consumables,0.0,0.0
7,6062.201,LARGE,PAD_B,57,CoA,96.9,BASE,6106.446,2,science,0.0,0.0
7,6062.201,LARGE,PAD_B,58,CoA,114.2,SCI_1,6123.463,2,science,0.0,0.0
7,6062.201,LARGE,PAD_B,59,NASA,341.1,BASE,6108.921,1,consumables,0.0,0.0
7,6062.201,LARGE,PAD_B,60,CoB,192.5,DEPOT,6114.477,1,consumables,0.0,0.0
7,6062.201,LARGE,PAD_B,61,NASA,1292.1,ISRU,6102.012,2,equipment,0.0,0.0
7,6062.201,LARGE,PAD_B,62,NASA,9173.0,BASE,6116.11,3,element,0.0,0.0
7,6062.201,LARGE,PAD_B,63,NASA,3508.6,POWER,6121.357,2,infrastructure,1917.9,307.8
7,6062.201,LARGE,PAD_B,64,NASA,37.7,SCI_1,6128.425,2,science,0.0,0.0
7,6062.201,LARGE,PAD_B,65,NASA,1078.7,CONSTR,6104.146,2,equipment,0.0,0.0
7,6062.201,LARGE,PAD_B,66,NASA,396.4,POWER,6110.571,2,equipment,187.6,267.7
7,6062.201,LARGE,PAD_B,67,NASA,940.3,ISRU,6114.636,2,equipment,0.0,0.0
7,6062.201,LARGE,PAD_B,68,NASA,387.1,BASE,6102.004,1,consumables,142.9,583.1
7,6062.201,LARGE,PAD_B,69,CoB,632.5,CONSTR,6113.379,2,equipment,0.0,0.0
7,6062.201,LARGE,PAD_B,70,CoB,1355.5,POWER,6106.706,2,equipment,508.4,413.5
7,6062.201,LARGE,PAD_B,71,CoB,210.1,BASE,6098.79,1,consumables,122.8,135.5
7,6062.201,LARGE,PAD_B,72,NASA,116.1,BASE,6112.694,1,consumables,35.7,595.5
7,6062.201,LARGE,PAD_B,73,NASA,269.8,BASE,6098.675,1,consumables,0.0,0.0
7,6062.201,LARGE,PAD_B,74,CoB,4673.3,POWER,6120.018,2,infrastructure,0.0,0.0
7,6982.328,CLPS,PAD_B,75,CoA,167.2,BASE,7006.145,1,consumables,0.0,0.0
7,6982.328,CLPS,PAD_B,76,CoC,20.0,BASE,6999.52,1,consumables,0.0,0.0
7,7193.961,CLPS,PAD_B,77,CoA,306.2,BASE,7213.56,1,consumables,0.0,0.0
8,147.011,MK1,PAD_B,0,NASA,1773.9,CONSTR,176.293,2,equipment,0.0,0.0
8,147.011,MK1,PAD_B,1,CoA,187.5,BASE,170.058,1,consumables,71.2,426.0
8,147.011,MK1,PAD_B,2,NASA,498.7,BASE,161.674,1,consumables,0.0,0.0
8,841.91,LARGE,PAD_A,3,NASA,147.3,BASE,889.371,1,consumables,71.6,311.4
8,841.91,LARGE,PAD_A,4,NASA,363.1,BASE,891.668,1,consumables,94.5,230.5
8,841.91,LARGE,PAD_A,5,CoB,33.8,SCI_1,881.335,2,science,0.0,0.0
8,841.91,LARGE,PAD_A,6,CoA,1956.6,ISRU,888.231,2,equipment,731.2,654.2
8,841.91,LARGE,PAD_A,7,CoA,210.2,BASE,888.177,1,consumables,0.0,0.0
8,841.91,LARGE,PAD_A,8,CoA,93.7,DEPOT,911.645,1,consumables,19.2,428.9
8,841.91,LARGE,PAD_A,9,NASA,1982.5,ISRU,885.948,2,equipment,1046.1,548.6
8,841.91,LARGE,PAD_A,10,CoA,4440.8,ISRU,879.844,2,infrastructure,0.0,0.0
8,841.91,LARGE,PAD_A,11,NASA,3479.3,POWER,888.814,2,infrastructure,1640.2,554.5
8,841.91,LARGE,PAD_A,12,NASA,4971.6,ISRU,904.578,2,infrastructure,1047.4,236.4
8,841.91,LARGE,PAD_A,13,NASA,2583.8,DEPOT,886.326,1,consumables,0.0,0.0
8,936.914,CLPS,PAD_A,14,CoA,154.2,BASE,950.582,1,consumables,46.2,719.3
8,936.914,CLPS,PAD_A,15,CoA,173.0,BASE,957.44,1,consumables,0.0,0.0
8,1590.412,MK1,PAD_A,16,NASA,293.2,BASE,1604.271,1,consumables,0.0,0.0
8,1590.412,MK1,PAD_A,17,CoC,126.5,DEPOT,1623.946,1,consumables,0.0,0.0
8,1590.412,MK1,PAD_A,18,CoC,236.7,BASE,1613.313,1,consumables,0.0,0.0
8,1590.412,MK1,PAD_A,19,CoC,81.1,BASE,1615.096,2,science,0.0,0.0
8,1590.412,MK1,PAD_A,20,CoB,1072.4,CONSTR,1604.842,2,equipment,221.8,623.1
8,1590.412,MK1,PAD_A,21,CoA,400.5,CONSTR,1612.142,2,equipment,0.0,0.0
8,1590.412,MK1,PAD_A,22,CoA,20.0,DEPOT,1621.198,1,consumables,10.0,506.3
8,1618.248,CLPS,PAD_A,23,CoC,75.3,PSR,1640.487,2,science,23.9,564.8
8,1618.248,CLPS,PAD_A,24,CoA,121.8,PSR,1639.693,2,science,0.0,0.0
8,1618.248,CLPS,PAD_A,25,CoC,130.3,BASE,1632.459,1,consumables,0.0,0.0
8,1618.248,CLPS,PAD_A,26,CoC,71.8,BASE,1632.862,1,consumables,0.0,0.0
8,2114.245,CLPS,PAD_B,27,NASA,70.1,DEPOT,2126.28,1,consumables,39.2,157.5
8,2114.245,CLPS,PAD_B,28,CoC,332.3,DEPOT,2124.549,1,consumables,128.9,718.5
8,2252.592,CLPS,PAD_B,29,CoC,30.4,PSR,2268.218,2,science,10.0,150.3
8,2252.592,CLPS,PAD_B,30,NASA,127.8,PSR,2265.842,2,science,0.0,0.0
8,2252.592,CLPS,PAD_B,31,NASA,79.6,DEPOT,2260.319,1,consumables,0.0,0.0
8,2493.277,MK1,PAD_B,32,NASA,84.2,PSR,2525.62,2,science,0.0,0.0
8,2493.277,MK1,PAD_B,33,CoC,341.8,BASE,2511.725,1,consumables,0.0,0.0
8,2493.277,MK1,PAD_B,34,NASA,863.1,CONSTR,2524.545,2,equipment,244.4,519.9
8,2493.277,MK1,PAD_B,35,CoA,264.6,BASE,2513.008,1,consumables,59.4,382.0
8,2493.277,MK1,PAD_B,36,CoB,112.5,PSR,2523.036,2,science,0.0,0.0
8,2493.277,MK1,PAD_B,37,CoC,40.3,PSR,2512.694,2,science,0.0,0.0
8,2493.277,MK1,PAD_B,38,NASA,226.4,DEPOT,2521.958,1,consumables,0.0,0.0
8,2493.277,MK1,PAD_B,39,NASA,56.1,SCI_1,2526.022,2,science,17.6,401.5
8,2493.277,MK1,PAD_B,40,NASA,1086.8,POWER,2526.552,2,equipment,329.1,273.8
8,2884.575,LARGE,PAD_A,41,CoA,363.1,BASE,2932.27,1,consumables,0.0,0.0
8,2884.575,LARGE,PAD_A,42,NASA,235.6,BASE,2943.146,1,consumables,0.0,0.0
8,2884.575,LARGE,PAD_A,43,NASA,1492.6,ISRU,2939.595,2,equipment,0.0,0.0
8,2884.575,LARGE,PAD_A,44,NASA,1780.5,ISRU,2931.533,2,equipment,0.0,0.0
8,2884.575,LARGE,PAD_A,45,NASA,1838.0,CONSTR,2947.41,2,equipment,0.0,0.0
8,2884.575,LARGE,PAD_A,46,CoA,308.9,BASE,2957.373,1,consumables,0.0,0.0
8,2884.575,LARGE,PAD_A,47,CoB,2893.4,POWER,2955.584,2,infrastructure,0.0,0.0
8,2884.575,LARGE,PAD_A,48,CoB,114.4,BASE,2936.448,2,science,0.0,0.0
8,2884.575,LARGE,PAD_A,49,CoC,78.2,SCI_1,2933.976,2,science,0.0,0.0
8,2884.575,LARGE,PAD_A,50,NASA,1237.7,CONSTR,2933.023,2,equipment,0.0,0.0
8,2884.575,LARGE,PAD_A,51,CoC,80.0,DEPOT,2938.972,1,consumables,0.0,0.0
8,2884.575,LARGE,PAD_A,52,CoA,1418.5,CONSTR,2939.16,2,equipment,0.0,0.0
8,2884.575,LARGE,PAD_A,53,NASA,85.7,SCI_1,2950.245,2,science,24.4,585.6
8,2884.575,LARGE,PAD_A,54,NASA,167.7,BASE,2937.679,1,consumables,0.0,0.0
8,2884.575,LARGE,PAD_A,55,NASA,296.0,BASE,2923.786,1,consumables,0.0,0.0
8,2884.575,LARGE,PAD_A,56,NASA,5810.5,ISRU,2915.321,2,infrastructure,2282.7,418.7
8,2884.575,LARGE,PAD_A,57,CoA,1024.9,BASE,2957.45,1,consumables,0.0,0.0
8,3253.351,MK1,PAD_B,58,CoC,948.4,CONSTR,3266.743,2,equipment,0.0,0.0
8,3253.351,MK1,PAD_B,59,NASA,325.5,BASE,3277.44,1,consumables,0.0,0.0
8,3253.351,MK1,PAD_B,60,NASA,31.3,BASE,3288.641,2,science,0.0,0.0
8,3253.351,MK1,PAD_B,61,CoA,35.3,SCI_1,3276.513,2,science,0.0,0.0
8,3253.351,MK1,PAD_B,62,CoA,1135.9,ISRU,3270.374,2,equipment,0.0,0.0
8,3253.351,MK1,PAD_B,63,CoA,424.0,BASE,3279.998,1,consumables,0.0,0.0
8,3265.28,CLPS,PAD_B,64,CoA,312.2,BASE,3272.412,1,consumables,0.0,0.0
8,3457.297,MK1,PAD_A,65,NASA,1075.7,POWER,3470.153,2,equipment,0.0,0.0
8,3457.297,MK1,PAD_A,66,NASA,23.3,SCI_1,3493.203,2,science,10.0,161.2
8,3457.297,MK1,PAD_A,67,CoB,62.8,SCI_1,3478.152,2,science,0.0,0.0
8,3457.297,MK1,PAD_A,68,NASA,42.3,PSR,3485.632,2,science,0.0,0.0
8,3457.297,MK1,PAD_A,69,CoC,223.1,BASE,3475.835,1,consumables,0.0,0.0
8,3457.297,MK1,PAD_A,70,CoA,1129.6,BASE,3474.338,1,consumables,0.0,0.0
8,4195.737,CLPS,PAD_A,71,CoB,176.5,BASE,4218.454,1,consumables,63.5,453.6
9,49.284,CLPS,PAD_B,0,NASA,167.8,DEPOT,68.302,1,consumables,34.0,227.7
9,545.341,MK1,PAD_A,1,NASA,1348.4,ISRU,574.635,2,equipment,473.1,152.8
9,545.341,MK1,PAD_A,2,NASA,367.6,BASE,572.128,1,consumables,0.0,0.0
9,545.341,MK1,PAD_A,3,NASA,1359.4,ISRU,566.049,2,equipment,0.0,0.0
9,570.751,CLPS,PAD_B,4,CoA,262.7,BASE,577.461,1,consumables,0.0,0.0
9,1108.301,MK1,PAD_A,5,CoB,309.2,DEPOT,1137.856,1,consumables,0.0,0.0
9,1108.301,MK1,PAD_A,6,NASA,134.3,BASE,1120.912,1,consumables,38.5,469.0
9,1108.301,MK1,PAD_A,7,NASA,1179.0,CONSTR,1134.454,2,equipment,0.0,0.0
9,1108.301,MK1,PAD_A,8,CoA,1274.2,BASE,1144.5,1,consumables,740.4,420.6
9,1163.105,MK1,PAD_A,9,CoC,1696.7,CONSTR,1180.775,2,equipment,0.0,0.0
9,1163.105,MK1,PAD_A,10,CoA,105.3,BASE,1186.767,1,consumables,29.4,458.1
9,1163.105,MK1,PAD_A,11,NASA,167.5,BASE,1184.495,1,consumables,0.0,0.0
9,1163.105,MK1,PAD_A,12,NASA,29.0,SCI_1,1189.479,2,science,10.7,512.4
9,1163.105,MK1,PAD_A,13,CoA,142.5,SCI_1,1185.7,2,science,0.0,0.0
9,1163.105,MK1,PAD_A,14,NASA,140.4,BASE,1184.111,2,science,0.0,0.0
9,1163.105,MK1,PAD_A,15,CoA,490.3,BASE,1182.972,2,equipment,0.0,0.0
9,1708.957,MK1,PAD_B,16,NASA,263.0,DEPOT,1733.213,1,consumables,0.0,0.0
9,1708.957,MK1,PAD_B,17,CoA,147.1,SCI_1,1739.684,2,science,0.0,0.0
9,1708.957,MK1,PAD_B,18,CoA,141.4,BASE,1732.365,2,science,0.0,0.0
9,1708.957,MK1,PAD_B,19,NASA,118.8,BASE,1728.844,1,consumables,0.0,0.0
9,1708.957,MK1,PAD_B,20,CoC,322.6,BASE,1740.954,1,consumables,0.0,0.0
9,1708.957,MK1,PAD_B,21,CoA,1469.8,ISRU,1724.13,2,equipment,0.0,0.0
9,1980.621,MK1,PAD_B,22,CoB,110.4,BASE,1995.778,1,consumables,0.0,0.0
9,1980.621,MK1,PAD_B,23,NASA,1536.1,ISRU,2005.125,2,equipment,0.0,0.0
9,1980.621,MK1,PAD_B,24,CoC,97.5,SCI_1,2011.435,2,science,0.0,0.0
9,1980.621,MK1,PAD_B,25,CoA,179.0,BASE,1993.897,1,consumables,0.0,0.0
9,1980.621,MK1,PAD_B,26,CoC,363.0,BASE,2006.414,1,consumables,0.0,0.0
9,1980.621,MK1,PAD_B,27,CoC,149.3,BASE,2016.281,2,science,34.9,514.8
9,2764.687,CLPS,PAD_B,28,NASA,175.3,BASE,2783.88,1,consumables,0.0,0.0
9,3830.292,CLPS,PAD_A,29,CoC,17.9,PSR,3838.18,2,science,10.0,320.8
9,3830.292,CLPS,PAD_A,30,CoA,263.3,BASE,3845.17,1,consumables,84.6,568.9
9,4184.914,MK1,PAD_B,31,NASA,73.6,SCI_1,4218.551,2,science,32.7,165.3
9,4184.914,MK1,PAD_B,32,CoA,384.7,BASE,4216.373,1,consumables,0.0,0.0
9,4184.914,MK1,PAD_B,33,NASA,191.9,BASE,4205.89,1,consumables,77.7,187.2
9,4184.914,MK1,PAD_B,34,CoA,1124.1,CONSTR,4203.757,2,equipment,0.0,0.0
9,4184.914,MK1,PAD_B,35,NASA,947.9,CONSTR,4218.635,2,equipment,347.2,548.3
9,4248.112,CLPS,PAD_B,36,CoA,141.1,BASE,4268.976,1,consumables,0.0,0.0
9,5209.478,LARGE,PAD_B,37,NASA,216.9,BASE,5249.769,1,consumables,89.6,652.1
9,5209.478,LARGE,PAD_B,38,NASA,31.7,SCI_1,5249.603,2,science,17.0,693.2
9,5209.478,LARGE,PAD_B,39,NASA,406.7,CONSTR,5237.922,2,equipment,0.0,0.0
9,5209.478,LARGE,PAD_B,40,CoA,399.2,BASE,5273.031,1,consumables,0.0,0.0
9,5209.478,LARGE,PAD_B,41,CoB,121.6,DEPOT,5234.532,1,consumables,0.0,0.0
9,5209.478,LARGE,PAD_B,42,CoB,253.3,BASE,5239.993,1,consumables,73.9,652.1
9,5209.478,LARGE,PAD_B,43,NASA,146.4,BASE,5265.877,1,consumables,0.0,0.0
9,5209.478,LARGE,PAD_B,44,CoA,1464.4,ISRU,5273.683,2,equipment,0.0,0.0
9,5209.478,LARGE,PAD_B,45,NASA,72.1,BASE,5239.815,2,science,26.5,308.1
9,5209.478,LARGE,PAD_B,46,CoC,2167.9,POWER,5240.747,2,infrastructure,0.0,0.0
9,5209.478,LARGE,PAD_B,47,CoA,138.0,PSR,5271.857,2,science,30.1,300.9
9,5209.478,LARGE,PAD_B,48,NASA,18.6,SCI_1,5269.346,2,science,0.0,0.0
9,5209.478,LARGE,PAD_B,49,CoB,329.1,BASE,5257.256,1,consumables,180.9,659.0
9,5209.478,LARGE,PAD_B,50,NASA,92.4,BASE,5268.414,1,consumables,50.4,164.2
9,5209.478,LARGE,PAD_B,51,CoC,383.6,BASE,5249.681,1,consumables,0.0,0.0
9,5209.478,LARGE,PAD_B,52,CoA,163.6,DEPOT,5262.862,1,consumables,0.0,0.0
9,5209.478,LARGE,PAD_B,53,NASA,130.0,BASE,5270.657,1,consumables,0.0,0.0
9,5209.478,LARGE,PAD_B,54,NASA,2876.2,ISRU,5255.747,2,infrastructure,0.0,0.0
9,5209.478,LARGE,PAD_B,55,NASA,1627.7,CONSTR,5240.456,2,equipment,776.9,223.6
9,5209.478,LARGE,PAD_B,56,NASA,1322.9,CONSTR,5243.509,2,equipment,0.0,0.0
9,5209.478,LARGE,PAD_B,57,NASA,87.3,BASE,5244.275,2,science,0.0,0.0
9,5209.478,LARGE,PAD_B,58,CoB,2839.5,CONSTR,5257.704,2,infrastructure,0.0,0.0
9,5209.478,LARGE,PAD_B,59,CoB,54.5,PSR,5256.338,2,science,0.0,0.0
9,5209.478,LARGE,PAD_B,60,NASA,145.4,BASE,5240.361,1,consumables,0.0,0.0
9,5209.478,LARGE,PAD_B,61,CoC,128.0,SCI_1,5272.773,2,science,0.0,0.0
9,5209.478,LARGE,PAD_B,62,CoC,1426.8,CONSTR,5243.984,2,equipment,0.0,0.0
9,5209.478,LARGE,PAD_B,63,CoB,63.2,SCI_1,5273.023,2,science,0.0,0.0
9,5209.478,LARGE,PAD_B,64,CoA,39.5,SCI_1,5281.722,2,science,0.0,0.0
9,5209.478,LARGE,PAD_B,65,CoB,316.5,CONSTR,5280.906,2,equipment,0.0,0.0
9,5209.478,LARGE,PAD_B,66,CoB,334.5,BASE,5247.754,1,consumables,0.0,0.0
9,5209.478,LARGE,PAD_B,67,NASA,1455.9,CONSTR,5268.352,2,equipment,809.6,397.0
9,5209.478,LARGE,PAD_B,68,CoA,339.0,BASE,5252.818,1,consumables,0.0,0.0
9,5209.478,LARGE,PAD_B,69,CoB,1065.3,BASE,5284.716,2,equipment,0.0,0.0
9,5209.478,LARGE,PAD_B,70,CoB,1104.4,ISRU,5242.676,2,equipment,0.0,0.0
9,5209.478,LARGE,PAD_B,71,NASA,11070.4,POWER,5250.93,3,element,5679.3,649.3
9,5220.547,LARGE,PAD_B,72,CoA,22.0,BASE,5266.146,2,science,10.0,249.2
9,5220.547,LARGE,PAD_B,73,CoA,1523.8,ISRU,5251.139,2,equipment,0.0,0.0
9,5220.547,LARGE,PAD_B,74,CoC,118.7,PSR,5254.86,2,science,0.0,0.0
9,5220.547,LARGE,PAD_B,75,NASA,251.3,BASE,5275.803,1,consumables,85.5,632.1
9,5220.547,LARGE,PAD_B,76,NASA,327.9,DEPOT,5264.684,1,consumables,0.0,0.0
9,5220.547,LARGE,PAD_B,77,NASA,146.6,SCI_1,5262.153,2,science,48.5,256.3
9,5220.547,LARGE,PAD_B,78,CoA,77.8,BASE,5290.757,1,consumables,23.3,403.1
9,5220.547,LARGE,PAD_B,79,CoA,176.2,BASE,5260.609,1,consumables,59.6,613.1
9,5220.547,LARGE,PAD_B,80,NASA,107.8,BASE,5285.968,1,consumables,0.0,0.0
9,5220.547,LARGE,PAD_B,81,CoC,2449.6,POWER,5260.245,2,infrastructure,0.0,0.0
9,5220.547,LARGE,PAD_B,82,CoA,198.3,BASE,5270.646,1,consumables,0.0,0.0
9,5220.547,LARGE,PAD_B,83,CoA,1158.5,POWER,5262.805,2,equipment,0.0,0.0
9,5220.547,LARGE,PAD_B,84,NASA,18.7,SCI_1,5293.771,2,science,0.0,0.0
9,5220.547,LARGE,PAD_B,85,NASA,1498.6,CONSTR,5266.221,2,equipment,453.3,159.8
9,5220.547,LARGE,PAD_B,86,CoA,134.1,BASE,5279.621,1,consumables,0.0,0.0
9,5220.547,LARGE,PAD_B,87,CoB,75.2,SCI_1,5265.075,2,science,0.0,0.0
9,5220.547,LARGE,PAD_B,88,NASA,4157.0,CONSTR,5288.182,2,infrastructure,0.0,0.0
9,5220.547,LARGE,PAD_B,89,CoC,198.7,DEPOT,5285.077,1,consumables,0.0,0.0
9,5220.547,LARGE,PAD_B,90,CoA,115.3,BASE,5272.276,2,science,30.7,541.6
9,5220.547,LARGE,PAD_B,91,NASA,64.9,BASE,5270.618,2,science,0.0,0.0
9,5220.547,LARGE,PAD_B,92,NASA,4259.4,ISRU,5264.11,2,infrastructure,0.0,0.0
9,5220.547,LARGE,PAD_B,93,NASA,378.2,CONSTR,5255.901,2,equipment,117.8,513.0
9,5220.547,LARGE,PAD_B,94,NASA,197.7,BASE,5264.568,1,consumables,0.0,0.0
9,5220.547,LARGE,PAD_B,95,CoB,633.6,BASE,5280.379,2,equipment,161.9,492.3
9,5220.547,LARGE,PAD_B,96,NASA,341.7,BASE,5269.931,1,consumables,0.0,0.0
9,5220.547,LARGE,PAD_B,97,NASA,140.9,SCI_1,5276.746,2,science,0.0,0.0
9,5220.547,LARGE,PAD_B,98,NASA,1082.8,ISRU,5285.314,2,equipment,0.0,0.0
9,5220.547,LARGE,PAD_B,99,CoB,225.6,DEPOT,5282.619,1,consumables,81.4,267.6
9,5220.547,LARGE,PAD_B,100,NASA,5662.8,CONSTR,5295.393,2,infrastructure,1349.3,208.4
9,5220.547,LARGE,PAD_B,101,NASA,67.4,SCI_1,5296.452,2,science,28.0,719.8
9,5220.547,LARGE,PAD_B,102,NASA,147.4,BASE,5281.905,1,consumables,0.0,0.0
9,5220.547,LARGE,PAD_B,103,NASA,1923.2,POWER,5255.804,2,equipment,1062.4,195.2
9,5220.547,LARGE,PAD_B,104,CoA,258.2,BASE,5252.813,1,consumables,0.0,0.0
9,5220.547,LARGE,PAD_B,105,NASA,1696.8,BASE,5298.137,1,consumables,0.0,0.0
9,5308.025,MK1,PAD_B,106,NASA,596.5,BASE,5328.977,2,equipment,0.0,0.0
9,5308.025,MK1,PAD_B,107,NASA,1356.8,ISRU,5342.493,2,equipment,0.0,0.0
9,5308.025,MK1,PAD_B,108,CoA,477.1,BASE,5332.996,1,consumables,0.0,0.0
9,6873.182,CLPS,PAD_B,109,CoA,121.6,SCI_1,6892.911,2,science,0.0,0.0
9,6873.182,CLPS,PAD_B,110,CoA,179.7,BASE,6889.363,1,consumables,0.0,0.0
9,6945.435,MK1,PAD_A,111,CoB,79.8,SCI_1,6962.7,2,science,0.0,0.0
9,6945.435,MK1,PAD_A,112,CoA,723.1,CONSTR,6962.381,2,equipment,0.0,0.0
9,6945.435,MK1,PAD_A,113,NASA,87.4,PSR,6964.079,2,science,26.9,494.7
9,6945.435,MK1,PAD_A,114,CoC,139.3,BASE,6976.792,2,science,52.7,356.1
9,6945.435,MK1,PAD_A,115,CoB,1419.5,CONSTR,6974.15,2,equipment,0.0,0.0
9,7276.244,CLPS,PAD_B,116,NASA,323.5,CONSTR,7294.836,2,equipment,0.0,0.0
9,7276.244,CLPS,PAD_B,117,NASA,112.8,BASE,7286.723,1,consumables,0.0,0.0
9,8433.967,MK1,PAD_A,118,NASA,102.8,BASE,8463.646,1,consumables,0.0,0.0
9,8433.967,MK1,PAD_A,119,NASA,62.7,PSR,8467.192,2,science,0.0,0.0
9,8433.967,MK1,PAD_A,120,NASA,286.4,BASE,8447.613,1,consumables,103.6,482.0
9,8433.967,MK1,PAD_A,121,NASA,100.6,BASE,8468.85,1,consumables,27.9,325.5
9,8433.967,MK1,PAD_A,122,NASA,481.2,ISRU,8462.191,2,equipment,0.0,0.0
9,8433.967,MK1,PAD_A,123,NASA,379.4,DEPOT,8469.943,1,consumables,0.0,0.0
9,8433.967,MK1,PAD_A,124,CoB,141.9,BASE,8459.519,2,science,85.1,284.3
9,8433.967,MK1,PAD_A,125,CoA,144.8,DEPOT,8462.714,1,consumables,0.0,0.0
9,8433.967,MK1,PAD_A,126,CoB,148.8,DEPOT,8456.011,1,consumables,0.0,0.0
9,8433.967,MK1,PAD_A,127,CoA,804.2,ISRU,8451.297,2,equipment,0.0,0.0
9,8613.728,CLPS,PAD_A,128,NASA,99.7,DEPOT,8622.299,1,consumables,57.6,134.2
9,8613.728,CLPS,PAD_A,129,CoA,82.1,SCI_1,8631.216,2,science,0.0,0.0
9,8613.728,CLPS,PAD_A,130,NASA,245.3,BASE,8622.286,1,consumables,0.0,0.0
10,1190.656,CLPS,PAD_B,0,NASA,110.8,BASE,1208.339,1,consumables,0.0,0.0
10,1190.656,CLPS,PAD_B,1,NASA,229.3,BASE,1204.787,1,consumables,0.0,0.0
10,1220.718,MK1,PAD_B,2,CoB,494.9,CONSTR,1252.11,2,equipment,0.0,0.0
10,1220.718,MK1,PAD_B,3,CoC,1076.6,POWER,1243.786,2,equipment,587.7,161.2
10,1220.718,MK1,PAD_B,4,CoA,126.7,SCI_1,1237.847,2,science,0.0,0.0
10,1220.718,MK1,PAD_B,5,CoA,215.6,BASE,1246.035,1,consumables,0.0,0.0
10,1220.718,MK1,PAD_B,6,CoB,55.4,SCI_1,1235.271,2,science,0.0,0.0
10,1220.718,MK1,PAD_B,7,CoA,123.2,BASE,1236.277,1,consumables,0.0,0.0
10,1220.718,MK1,PAD_B,8,CoB,375.3,ISRU,1253.191,2,equipment,0.0,0.0
10,1352.764,LARGE,PAD_B,9,NASA,192.7,DEPOT,1398.093,1,consumables,101.0,349.3
10,1352.764,LARGE,PAD_B,10,NASA,46.0,BASE,1415.594,2,science,12.5,260.2
10,1352.764,LARGE,PAD_B,11,NASA,1936.9,CONSTR,1406.685,2,equipment,0.0,0.0
10,1352.764,LARGE,PAD_B,12,CoB,9595.4,BASE,1417.361,3,element,0.0,0.0
10,1352.764,LARGE,PAD_B,13,NASA,111.5,PSR,1418.84,2,science,0.0,0.0
10,1352.764,LARGE,PAD_B,14,CoA,352.1,BASE,1402.796,1,consumables,198.5,639.7
10,1980.762,MK1,PAD_A,15,CoC,13.7,SCI_1,1999.304,2,science,10.0,587.2
10,1980.762,MK1,PAD_A,16,NASA,130.1,DEPOT,1995.831,1,consumables,0.0,0.0
10,1980.762,MK1,PAD_A,17,NASA,347.1,BASE,2007.116,1,consumables,0.0,0.0
10,1980.762,MK1,PAD_A,18,NASA,65.5,SCI_1,2005.452,2,science,0.0,0.0
10,1980.762,MK1,PAD_A,19,NASA,94.7,DEPOT,2002.509,1,consumables,0.0,0.0
10,1980.762,MK1,PAD_A,20,NASA,73.6,SCI_1,2010.073,2,science,34.5,376.3
10,1980.762,MK1,PAD_A,21,NASA,25.2,SCI_1,2016.933,2,science,0.0,0.0
10,1980.762,MK1,PAD_A,22,NASA,242.3,BASE,1999.579,1,consumables,0.0,0.0
10,1980.762,MK1,PAD_A,23,NASA,804.4,POWER,2018.301,2,equipment,0.0,0.0
10,1980.762,MK1,PAD_A,24,NASA,78.0,SCI_1,2000.254,2,science,0.0,0.0
10,1980.762,MK1,PAD_A,25,NASA,33.8,BASE,2015.165,2,science,14.2,213.7
10,1980.762,MK1,PAD_A,26,NASA,24.7,PSR,1998.884,2,science,0.0,0.0
10,1980.762,MK1,PAD_A,27,CoA,46.9,SCI_1,2018.439,2,science,0.0,0.0
10,1980.762,MK1,PAD_A,28,NASA,150.1,DEPOT,2013.893,1,consumables,0.0,0.0
10,1980.762,MK1,PAD_A,29,NASA,267.1,DEPOT,1999.625,1,consumables,0.0,0.0
10,1980.762,MK1,PAD_A,30,NASA,92.7,PSR,2013.76,2,science,0.0,0.0
10,2188.034,LARGE,PAD_B,31,NASA,143.5,PSR,2247.963,2,science,0.0,0.0
10,2188.034,LARGE,PAD_B,32,CoA,71.4,SCI_1,2215.414,2,science,31.8,438.7
10,2188.034,LARGE,PAD_B,33,CoA,74.9,BASE,2233.782,1,consumables,17.5,595.3
10,2188.034,LARGE,PAD_B,34,CoC,213.5,BASE,2236.784,1,consumables,103.4,568.4
10,2188.034,LARGE,PAD_B,35,CoC,2026.0,CONSTR,2245.487,2,infrastructure,0.0,0.0
10,2188.034,LARGE,PAD_B,36,CoA,1142.7,CONSTR,2244.055,2,equipment,0.0,0.0
10,2188.034,LARGE,PAD_B,37,CoA,124.4,PSR,2237.524,2,science,0.0,0.0
10,2188.034,LARGE,PAD_B,38,NASA,267.7,BASE,2249.094,1,consumables,0.0,0.0
10,2188.034,LARGE,PAD_B,39,CoB,36.4,SCI_1,2251.9,2,science,0.0,0.0
10,2188.034,LARGE,PAD_B,40,CoA,23.0,PSR,2248.23,2,science,10.0,372.7
10,2188.034,LARGE,PAD_B,41,CoC,4454.4,POWER,2257.674,2,infrastructure,0.0,0.0
10,2188.034,LARGE,PAD_B,42,NASA,74.8,BASE,2260.381,1,consumables,0.0,0.0
10,2188.034,LARGE,PAD_B,43,CoA,220.5,DEPOT,2247.834,1,consumables,0.0,0.0
10,2188.034,LARGE,PAD_B,44,CoB,41.3,BASE,2247.492,2,science,0.0,0.0
10,2188.034,LARGE,PAD_B,45,NASA,273.4,BASE,2255.914,1,consumables,60.0,461.4
10,2188.034,LARGE,PAD_B,46,NASA,8064.8,POWER,2244.637,3,element,0.0,0.0
10,2188.034,LARGE,PAD_B,47,CoB,1631.7,CONSTR,2223.344,2,equipment,0.0,0.0
10,3727.459,CLPS,PAD_B,48,CoA,278.4,BASE,3745.771,1,consumables,113.5,623.1
10,5944.963,LARGE,PAD_B,49,NASA,1779.7,BASE,5987.107,2,equipment,0.0,0.0
10,5944.963,LARGE,PAD_B,50,NASA,125.7,SCI_1,6007.135,2,science,37.5,455.4
10,5944.963,LARGE,PAD_B,51,NASA,179.2,BASE,6007.461,1,consumables,0.0,0.0
10,5944.963,LARGE,PAD_B,52,CoB,334.9,BASE,5970.031,1,consumables,0.0,0.0
10,5944.963,LARGE,PAD_B,53,CoC,5478.3,POWER,5984.186,2,infrastructure,0.0,0.0
10,5944.963,LARGE,PAD_B,54,CoB,1601.3,ISRU,6004.575,2,equipment,370.6,288.9
10,5944.963,LARGE,PAD_B,55,NASA,360.3,DEPOT,5996.926,1,consumables,0.0,0.0
10,5944.963,LARGE,PAD_B,56,NASA,156.8,BASE,5987.529,1,consumables,0.0,0.0
10,5944.963,LARGE,PAD_B,57,CoC,172.6,DEPOT,6003.2,1,consumables,0.0,0.0
10,5944.963,LARGE,PAD_B,58,CoB,124.6,SCI_1,6010.922,2,science,44.4,697.0
10,5944.963,LARGE,PAD_B,59,NASA,4492.3,POWER,6000.36,2,infrastructure,0.0,0.0
10,6035.96,CLPS,PAD_A,60,CoA,265.8,DEPOT,6042.594,1,consumables,0.0,0.0
10,6035.96,CLPS,PAD_A,61,CoB,73.8,BASE,6043.016,1,consumables,0.0,0.0
10,6531.283,MK1,PAD_A,62,NASA,1847.7,BASE,6563.002,2,equipment,0.0,0.0
10,6531.283,MK1,PAD_A,63,NASA,378.6,BASE,6546.765,1,consumables,0.0,0.0
10,7373.71,CLPS,PAD_B,64,NASA,187.8,DEPOT,7394.673,1,consumables,0.0,0.0
10,7373.71,CLPS,PAD_B,65,NASA,208.8,DEPOT,7381.536,1,consumables,0.0,0.0
10,7373.71,CLPS,PAD_B,66,CoC,86.5,BASE,7388.359,1,consumables,0.0,0.0
10,7474.38,MK1,PAD_B,67,NASA,529.6,POWER,7503.036,2,equipment,0.0,0.0
10,7474.38,MK1,PAD_B,68,CoB,108.7,BASE,7493.888,1,consumables,0.0,0.0
10,7474.38,MK1,PAD_B,69,NASA,220.7,DEPOT,7496.355,1,consumables,0.0,0.0
10,7474.38,MK1,PAD_B,70,NASA,142.0,SCI_1,7496.201,2,science,43.2,716.7
10,7474.38,MK1,PAD_B,71,NASA,163.8,DEPOT,7508.535,1,consumables,0.0,0.0
10,7474.38,MK1,PAD_B,72,CoA,115.0,PSR,7491.159,2,science,36.8,529.1
10,7474.38,MK1,PAD_B,73,CoB,203.7,DEPOT,7502.012,1,consumables,0.0,0.0
10,7474.38,MK1,PAD_B,74,CoB,88.4,BASE,7506.676,1,consumables,0.0,0.0
10,7474.38,MK1,PAD_B,75,CoA,211.9,DEPOT,7510.313,1,consumables,0.0,0.0
10,7474.38,MK1,PAD_B,76,CoB,374.8,BASE,7510.75,1,consumables,0.0,0.0
10,7941.192,MK1,PAD_A,77,NASA,151.0,BASE,7965.353,1,consumables,49.8,557.6
10,7941.192,MK1,PAD_A,78,CoC,50.6,SCI_1,7970.096,2,science,11.6,370.3
10,7941.192,MK1,PAD_A,79,CoB,92.5,SCI_1,7967.141,2,science,0.0,0.0
10,7941.192,MK1,PAD_A,80,CoB,140.1,PSR,7969.586,2,science,0.0,0.0
10,7941.192,MK1,PAD_A,81,CoC,1428.8,CONSTR,7966.05,2,equipment,0.0,0.0
10,7941.192,MK1,PAD_A,82,CoC,96.0,SCI_1,7958.925,2,science,42.9,198.3
10,7941.192,MK1,PAD_A,83,CoA,88.2,BASE,7958.581,1,consumables,0.0,0.0
10,7941.192,MK1,PAD_A,84,CoA,356.6,DEPOT,7955.569,1,consumables,0.0,0.0
11,616.884,CLPS,PAD_B,0,CoA,30.7,PSR,626.793,2,science,10.0,327.4
11,616.884,CLPS,PAD_B,1,CoC,136.9,PSR,623.438,2,science,81.9,395.8
11,616.884,CLPS,PAD_B,2,NASA,310.9,CONSTR,628.941,2,equipment,0.0,0.0
11,1127.935,LARGE,PAD_B,3,CoA,68.4,DEPOT,1158.04,1,consumables,0.0,0.0
11,1127.935,LARGE,PAD_B,4,CoA,81.1,BASE,1190.831,1,consumables,19.2,130.8
11,1127.935,LARGE,PAD_B,5,NASA,307.2,BASE,1162.861,1,consumables,0.0,0.0
11,1127.935,LARGE,PAD_B,6,CoC,392.6,DEPOT,1167.772,1,consumables,0.0,0.0
11,1127.935,LARGE,PAD_B,7,NASA,82.9,BASE,1193.506,1,consumables,0.0,0.0
11,1127.935,LARGE,PAD_B,8,CoA,1424.5,ISRU,1160.372,2,equipment,0.0,0.0
11,1127.935,LARGE,PAD_B,9,CoC,210.7,BASE,1189.878,1,consumables,72.4,217.8
11,1127.935,LARGE,PAD_B,10,CoB,7296.1,BASE,1195.463,3,element,0.0,0.0
11,1127.935,LARGE,PAD_B,11,NASA,229.4,BASE,1165.055,1,consumables,56.5,453.2
11,1127.935,LARGE,PAD_B,12,NASA,852.2,ISRU,1169.315,2,equipment,0.0,0.0
11,1127.935,LARGE,PAD_B,13,NASA,2462.6,POWER,1200.678,2,infrastructure,0.0,0.0
11,1127.935,LARGE,PAD_B,14,NASA,413.5,POWER,1177.002,2,equipment,215.3,551.2
11,1295.833,CLPS,PAD_A,15,NASA,353.5,POWER,1304.315,2,equipment,0.0,0.0
11,1295.833,CLPS,PAD_A,16,NASA,50.0,PSR,1313.289,2,science,0.0,0.0
11,1295.833,CLPS,PAD_A,17,NASA,20.0,BASE,1312.291,1,consumables,0.0,0.0
11,4091.561,LARGE,PAD_A,18,NASA,393.0,BASE,4116.939,1,consumables,204.2,590.3
11,4091.561,LARGE,PAD_A,19,CoA,1833.1,POWER,4146.765,2,equipment,0.0,0.0
11,4091.561,LARGE,PAD_A,20,NASA,954.1,CONSTR,4151.806,2,equipment,0.0,0.0
11,4091.561,LARGE,PAD_A,21,CoA,1061.4,ISRU,4142.955,2,equipment,0.0,0.0
11,4091.561,LARGE,PAD_A,22,CoA,1665.4,ISRU,4158.595,2,equipment,0.0,0.0
11,4091.561,LARGE,PAD_A,23,NASA,270.6,BASE,4157.709,1,consumables,120.9,368.3
11,4091.561,LARGE,PAD_A,24,NASA,79.9,SCI_1,4125.281,2,science,18.1,395.9
11,4091.561,LARGE,PAD_A,25,CoB,6398.1,POWER,4123.078,3,element,0.0,0.0
11,4091.561,LARGE,PAD_A,26,NASA,302.8,BASE,4159.176,1,consumables,0.0,0.0
11,4091.561,LARGE,PAD_A,27,NASA,66.8,PSR,4121.632,2,science,23.0,424.6
11,4091.561,LARGE,PAD_A,28,CoB,78.2,BASE,4147.337,1,consumables,17.0,391.2
11,4091.561,LARGE,PAD_A,29,CoA,5660.0,POWER,4162.909,2,infrastructure,0.0,0.0
11,4091.561,LARGE,PAD_A,30,CoB,921.1,CONSTR,4150.402,2,equipment,0.0,0.0
11,4091.561,LARGE,PAD_A,31,NASA,3792.1,POWER,4160.589,2,infrastructure,0.0,0.0
11,4488.469,MK1,PAD_B,32,NASA,934.6,CONSTR,4508.269,2,equipment,0.0,0.0
11,4488.469,MK1,PAD_B,33,CoA,72.9,BASE,4512.411,2,science,41.9,413.2
11,4488.469,MK1,PAD_B,34,NASA,117.2,BASE,4501.746,1,consumables,0.0,0.0
11,4488.469,MK1,PAD_B,35,NASA,1182.0,BASE,4523.69,2,equipment,0.0,0.0
11,4488.469,MK1,PAD_B,36,CoA,83.3,SCI_1,4520.641,2,science,17.6,399.9
11,4488.469,MK1,PAD_B,37,NASA,204.0,BASE,4505.628,1,consumables,89.1,438.3
11,4809.899,MK1,PAD_B,38,CoB,120.1,SCI_1,4827.329,2,science,30.1,344.8
11,4809.899,MK1,PAD_B,39,CoA,251.7,DEPOT,4826.569,1,consumables,0.0,0.0
11,4809.899,MK1,PAD_B,40,CoA,190.8,BASE,4835.701,1,consumables,0.0,0.0
11,4809.899,MK1,PAD_B,41,NASA,1927.7,CONSTR,4833.258,2,equipment,1071.2,567.5
11,4809.899,MK1,PAD_B,42,CoB,65.3,BASE,4833.422,1,consumables,0.0,0.0
11,4809.899,MK1,PAD_B,43,CoA,420.0,ISRU,4829.117,2,equipment,0.0,0.0
11,5872.359,MK1,PAD_B,44,CoA,51.2,BASE,5890.293,2,science,26.9,193.4
11,5872.359,MK1,PAD_B,45,NASA,164.1,BASE,5893.712,1,consumables,58.3,135.1
11,5872.359,MK1,PAD_B,46,NASA,369.2,BASE,5906.048,1,consumables,129.4,548.8
11,5872.359,MK1,PAD_B,47,CoA,1343.4,CONSTR,5903.3,2,equipment,0.0,0.0
11,5872.359,MK1,PAD_B,48,NASA,1016.1,CONSTR,5899.192,2,equipment,0.0,0.0
11,6903.227,MK1,PAD_A,49,CoA,90.6,SCI_1,6937.693,2,science,0.0,0.0
11,6903.227,MK1,PAD_A,50,CoB,62.1,BASE,6917.703,2,science,0.0,0.0
11,6903.227,MK1,PAD_A,51,CoB,123.2,BASE,6930.539,2,science,0.0,0.0
11,6903.227,MK1,PAD_A,52,CoC,343.4,BASE,6928.576,1,consumables,0.0,0.0
11,6903.227,MK1,PAD_A,53,NASA,1333.7,ISRU,6928.321,2,equipment,0.0,0.0
11,6903.227,MK1,PAD_A,54,CoC,76.5,SCI_1,6924.013,2,science,0.0,0.0
11,6903.227,MK1,PAD_A,55,CoC,355.5,BASE,6935.266,1,consumables,0.0,0.0
11,7027.296,LARGE,PAD_A,56,CoB,1062.3,ISRU,7083.768,2,equipment,0.0,0.0
11,7027.296,LARGE,PAD_A,57,NASA,3056.2,CONSTR,7094.653,2,infrastructure,0.0,0.0
11,7027.296,LARGE,PAD_A,58,NASA,116.1,BASE,7059.029,1,consumables,66.6,336.6
11,7027.296,LARGE,PAD_A,59,NASA,1072.7,POWER,7070.429,2,equipment,0.0,0.0
11,7027.296,LARGE,PAD_A,60,CoA,157.1,BASE,7079.896,1,consumables,0.0,0.0
11,7027.296,LARGE,PAD_A,61,NASA,342.6,BASE,7055.287,1,consumables,0.0,0.0
11,7027.296,LARGE,PAD_A,62,CoC,1537.5,BASE,7064.44,2,equipment,0.0,0.0
11,7027.296,LARGE,PAD_A,63,CoC,1655.3,CONSTR,7055.234,2,equipment,980.6,663.1
11,7027.296,LARGE,PAD_A,64,CoB,1637.0,BASE,7074.825,2,equipment,674.5,476.2
11,7027.296,LARGE,PAD_A,65,CoC,1440.6,CONSTR,7097.784,2,equipment,0.0,0.0
11,7027.296,LARGE,PAD_A,66,NASA,10603.6,POWER,7074.745,3,element,0.0,0.0
11,7027.296,LARGE,PAD_A,67,CoC,272.3,DEPOT,7083.802,1,consumables,0.0,0.0
11,7027.296,LARGE,PAD_A,68,NASA,94.7,BASE,7069.158,1,consumables,35.9,408.2
11,7027.296,LARGE,PAD_A,69,CoA,96.7,SCI_1,7068.385,2,science,32.8,681.4
11,7027.296,LARGE,PAD_A,70,NASA,154.4,DEPOT,7056.976,1,consumables,0.0,0.0
11,7027.296,LARGE,PAD_A,71,CoB,121.4,BASE,7101.091,1,consumables,0.0,0.0
11,7027.296,LARGE,PAD_A,72,CoA,1338.9,BASE,7074.298,1,consumables,0.0,0.0
11,7154.611,MK1,PAD_A,73,CoB,66.4,BASE,7184.597,1,consumables,0.0,0.0
11,7154.611,MK1,PAD_A,74,CoA,1547.6,ISRU,7185.105,2,equipment,798.5,398.4
11,7154.611,MK1,PAD_A,75,NASA,250.9,BASE,7173.377,1,consumables,0.0,0.0
11,7154.611,MK1,PAD_A,76,NASA,109.0,SCI_1,7190.073,2,science,25.2,235.0
11,7154.611,MK1,PAD_A,77,CoA,115.3,BASE,7172.972,1,consumables,0.0,0.0
11,7154.611,MK1,PAD_A,78,NASA,411.7,BASE,7171.961,1,consumables,0.0,0.0
11,7597.842,LARGE,PAD_A,79,NASA,645.5,CONSTR,7642.76,2,equipment,0.0,0.0
11,7597.842,LARGE,PAD_A,80,CoB,442.6,CONSTR,7646.893,2,equipment,0.0,0.0
11,7597.842,LARGE,PAD_A,81,CoA,126.5,BASE,7669.387,1,consumables,0.0,0.0
11,7597.842,LARGE,PAD_A,82,CoA,1590.1,ISRU,7637.269,2,equipment,0.0,0.0
11,7597.842,LARGE,PAD_A,83,CoA,62.8,DEPOT,7658.948,1,consumables,23.1,225.7
11,7597.842,LARGE,PAD_A,84,NASA,1726.6,POWER,7656.756,2,equipment,715.7,186.1
11,7597.842,LARGE,PAD_A,85,NASA,1221.6,CONSTR,7657.475,2,equipment,0.0,0.0
11,7597.842,LARGE,PAD_A,86,NASA,25.8,SCI_1,7641.504,2,science,0.0,0.0
11,7597.842,LARGE,PAD_A,87,CoC,2872.4,POWER,7638.53,2,infrastructure,0.0,0.0
11,7597.842,LARGE,PAD_A,88,NASA,112.2,PSR,7639.871,2,science,24.7,391.1
11,7597.842,LARGE,PAD_A,89,CoB,761.3,POWER,7665.022,2,equipment,232.3,215.7
11,7597.842,LARGE,PAD_A,90,CoA,59.1,SCI_1,7653.653,2,science,0.0,0.0
11,7597.842,LARGE,PAD_A,91,CoA,4007.1,CONSTR,7654.218,2,infrastructure,0.0,0.0
11,7597.842,LARGE,PAD_A,92,NASA,370.1,BASE,7646.053,1,consumables,0.0,0.0
11,7597.842,LARGE,PAD_A,93,NASA,336.7,BASE,7643.364,1,consumables,158.0,556.2
11,7597.842,LARGE,PAD_A,94,CoA,162.5,BASE,7664.274,1,consumables,0.0,0.0
11,7597.842,LARGE,PAD_A,95,CoA,369.1,BASE,7641.818,1,consumables,0.0,0.0
11,7597.842,LARGE,PAD_A,96,CoA,26.6,SCI_1,7637.88,2,science,0.0,0.0
11,7597.842,LARGE,PAD_A,97,NASA,1303.9,POWER,7645.009,2,equipment,479.2,167.3
11,7597.842,LARGE,PAD_A,98,NASA,95.4,BASE,7662.199,1,consumables,30.1,402.9
11,7597.842,LARGE,PAD_A,99,NASA,212.6,BASE,7629.538,1,consumables,0.0,0.0
11,7597.842,LARGE,PAD_A,100,NASA,1283.2,CONSTR,7653.323,2,equipment,0.0,0.0
11,7597.842,LARGE,PAD_A,101,NASA,4405.7,CONSTR,7659.126,2,infrastructure,0.0,0.0
11,7597.842,LARGE,PAD_A,102,CoB,97.9,PSR,7631.595,2,science,0.0,0.0
11,7597.842,LARGE,PAD_A,103,CoA,39.9,PSR,7633.843,2,science,10.0,478.3
11,7597.842,LARGE,PAD_A,104,CoC,138.0,BASE,7673.564,1,consumables,61.3,253.3
11,7597.842,LARGE,PAD_A,105,NASA,899.7,CONSTR,7656.485,2,equipment,0.0,0.0
11,7597.842,LARGE,PAD_A,106,CoA,756.6,CONSTR,7657.746,2,equipment,0.0,0.0
11,7597.842,LARGE,PAD_A,107,NASA,93.4,BASE,7653.653,1,consumables,0.0,0.0
11,7597.842,LARGE,PAD_A,108,NASA,571.5,CONSTR,7661.672,2,equipment,0.0,0.0
11,7597.842,LARGE,PAD_A,109,NASA,969.3,CONSTR,7629.635,2,equipment,0.0,0.0
11,7597.842,LARGE,PAD_A,110,CoB,935.4,ISRU,7631.691,2,equipment,339.4,592.4
11,7597.842,LARGE,PAD_A,111,CoC,1019.7,CONSTR,7649.366,2,equipment,461.3,386.9
11,8131.129,CLPS,PAD_B,112,NASA,237.1,BASE,8145.728,1,consumables,96.8,670.4
12,2019.541,CLPS,PAD_B,0,NASA,123.9,BASE,2042.152,1,consumables,0.0,0.0
12,2019.541,CLPS,PAD_B,1,CoB,163.4,BASE,2029.74,1,consumables,0.0,0.0
12,3065.03,CLPS,PAD_A,2,NASA,340.3,CONSTR,3071.394,2,equipment,0.0,0.0
12,3065.03,CLPS,PAD_A,3,CoA,24.4,BASE,3085.327,1,consumables,0.0,0.0
12,3652.009,LARGE,PAD_A,4,NASA,1509.5,ISRU,3719.501,2,equipment,436.1,688.2
12,3652.009,LARGE,PAD_A,5,CoA,10284.0,POWER,3680.181,3,element,0.0,0.0
12,3652.009,LARGE,PAD_A,6,CoC,72.9,PSR,3697.463,2,science,41.3,611.3
12,3652.009,LARGE,PAD_A,7,CoA,197.5,BASE,3688.314,1,consumables,0.0,0.0
12,3652.009,LARGE,PAD_A,8,CoC,415.9,CONSTR,3680.724,2,equipment,0.0,0.0
12,3652.009,LARGE,PAD_A,9,NASA,295.2,BASE,3714.803,1,consumables,0.0,0.0
12,3652.009,LARGE,PAD_A,10,CoA,37.0,BASE,3702.534,2,science,10.0,538.1
12,3652.009,LARGE,PAD_A,11,NASA,3844.6,CONSTR,3714.983,2,infrastructure,999.8,233.5
12,3652.009,LARGE,PAD_A,12,CoA,84.2,BASE,3680.758,1,consumables,0.0,0.0
12,3652.009,LARGE,PAD_A,13,NASA,1458.1,ISRU,3690.022,2,equipment,0.0,0.0
12,3652.009,LARGE,PAD_A,14,CoA,72.0,DEPOT,3687.949,1,consumables,14.7,194.4
12,3652.009,LARGE,PAD_A,15,CoB,4782.1,ISRU,3702.034,2,infrastructure,0.0,0.0
12,3652.009,LARGE,PAD_A,16,CoB,21.0,SCI_1,3689.687,2,science,10.0,276.9
12,3652.009,LARGE,PAD_A,17,NASA,329.7,BASE,3693.394,1,consumables,0.0,0.0
12,3652.009,LARGE,PAD_A,18,NASA,117.7,SCI_1,3722.038,2,science,0.0,0.0
12,3652.009,LARGE,PAD_A,19,CoB,1259.8,CONSTR,3679.89,2,equipment,0.0,0.0
12,3652.009,LARGE,PAD_A,20,NASA,881.4,ISRU,3699.255,2,equipment,0.0,0.0
12,4743.244,MK1,PAD_B,21,NASA,1475.3,CONSTR,4768.825,2,equipment,0.0,0.0
12,4743.244,MK1,PAD_B,22,NASA,158.3,BASE,4770.142,1,consumables,0.0,0.0
12,4743.244,MK1,PAD_B,23,NASA,90.6,BASE,4760.173,2,science,25.4,481.5
12,4743.244,MK1,PAD_B,24,NASA,344.3,DEPOT,4775.338,1,consumables,0.0,0.0
12,5873.105,CLPS,PAD_A,25,CoB,320.2,BASE,5895.992,1,consumables,0.0,0.0
12,5873.105,CLPS,PAD_A,26,NASA,132.1,BASE,5879.761,2,science,0.0,0.0
12,5873.105,CLPS,PAD_A,27,CoA,44.9,DEPOT,5891.253,1,consumables,21.2,141.5
13,23.045,CLPS,PAD_A,0,NASA,310.3,POWER,46.298,2,equipment,0.0,0.0
13,23.045,CLPS,PAD_A,1,NASA,20.0,BASE,40.178,1,consumables,0.0,0.0
13,1025.269,MK1,PAD_A,2,CoB,1878.4,BASE,1043.696,2,equipment,0.0,0.0
13,1025.269,MK1,PAD_A,3,NASA,573.0,ISRU,1037.559,2,equipment,0.0,0.0
13,1025.269,MK1,PAD_A,4,NASA,144.9,SCI_1,1052.165,2,science,74.8,216.9
13,1025.269,MK1,PAD_A,5,CoC,286.6,BASE,1045.295,1,consumables,98.7,616.0
13,1027.868,LARGE,PAD_A,6,NASA,248.0,BASE,1090.712,1,consumables,0.0,0.0
13,1027.868,LARGE,PAD_A,7,CoC,138.4,SCI_1,1087.138,2,science,0.0,0.0
13,1027.868,LARGE,PAD_A,8,CoB,105.9,BASE,1075.505,2,science,0.0,0.0
13,1027.868,LARGE,PAD_A,9,CoB,62.5,PSR,1061.321,2,science,0.0,0.0
13,1027.868,LARGE,PAD_A,10,NASA,91.1,BASE,1066.491,2,science,0.0,0.0
13,1027.868,LARGE,PAD_A,11,CoA,12374.7,POWER,1068.157,3,element,0.0,0.0
13,1027.868,LARGE,PAD_A,12,CoC,135.1,SCI_1,1065.833,2,science,0.0,0.0
13,1027.868,LARGE,PAD_A,13,CoA,383.5,BASE,1081.68,1,consumables,0.0,0.0
13,1027.868,LARGE,PAD_A,14,NASA,6387.0,POWER,1062.487,3,element,0.0,0.0
13,1027.868,LARGE,PAD_A,15,NASA,5101.6,POWER,1059.805,2,infrastructure,0.0,0.0
13,1027.868,LARGE,PAD_A,16,CoA,70.8,BASE,1067.513,1,consumables,39.6,174.9
13,1027.868,LARGE,PAD_A,17,CoA,98.1,BASE,1059.211,1,consumables,0.0,0.0
13,1027.868,LARGE,PAD_A,18,NASA,1194.8,CONSTR,1099.589,2,equipment,0.0,0.0
13,1027.868,LARGE,PAD_A,19,NASA,497.2,CONSTR,1096.937,2,equipment,0.0,0.0
13,1027.868,LARGE,PAD_A,20,NASA,94.9,BASE,1084.938,2,science,0.0,0.0
13,1954.369,LARGE,PAD_B,21,CoA,13347.6,BASE,1990.759,3,element,0.0,0.0
13,1954.369,LARGE,PAD_B,22,NASA,174.9,BASE,2017.701,1,consumables,0.0,0.0
13,1954.369,LARGE,PAD_B,23,CoB,113.3,PSR,2017.858,2,science,0.0,0.0
13,1954.369,LARGE,PAD_B,24,CoA,3080.8,POWER,1994.298,2,infrastructure,0.0,0.0
13,1954.369,LARGE,PAD_B,25,CoB,1988.2,CONSTR,1981.594,2,equipment,0.0,0.0
13,4361.318,MK1,PAD_A,26,CoB,149.3,BASE,4383.893,1,consumables,59.7,443.9
13,4361.318,MK1,PAD_A,27,NASA,79.0,PSR,4377.9,2,science,24.2,719.7
13,4361.318,MK1,PAD_A,28,NASA,109.0,SCI_1,4378.678,2,science,32.3,563.2
13,4361.318,MK1,PAD_A,29,NASA,1774.5,CONSTR,4391.504,2,equipment,0.0,0.0
13,4361.318,MK1,PAD_A,30,CoB,296.7,BASE,4385.174,1,consumables,0.0,0.0
13,4361.318,MK1,PAD_A,31,NASA,76.7,DEPOT,4384.434,1,consumables,30.8,519.7
13,4361.318,MK1,PAD_A,32,CoA,28.1,PSR,4394.043,2,science,0.0,0.0
13,4361.318,MK1,PAD_A,33,CoA,149.3,BASE,4385.524,1,consumables,0.0,0.0
13,4535.487,MK1,PAD_A,34,NASA,97.0,BASE,4556.107,1,consumables,0.0,0.0
13,4535.487,MK1,PAD_A,35,NASA,64.8,SCI_1,4568.518,2,science,0.0,0.0
13,4535.487,MK1,PAD_A,36,NASA,399.8,BASE,4554.202,1,consumables,0.0,0.0
13,4535.487,MK1,PAD_A,37,CoA,316.7,ISRU,4563.488,2,equipment,90.2,537.1
13,4535.487,MK1,PAD_A,38,NASA,294.9,BASE,4559.971,1,consumables,168.3,372.6
13,4535.487,MK1,PAD_A,39,NASA,476.9,POWER,4554.834,2,equipment,0.0,0.0
13,4535.487,MK1,PAD_A,40,NASA,49.0,BASE,4572.098,2,science,28.3,290.2
13,4535.487,MK1,PAD_A,41,CoC,176.3,DEPOT,4566.089,1,consumables,86.9,143.6
13,4535.487,MK1,PAD_A,42,NASA,144.8,BASE,4573.116,1,consumables,0.0,0.0
13,4535.487,MK1,PAD_A,43,NASA,1200.1,CONSTR,4549.919,2,equipment,544.9,228.1
13,5247.044,LARGE,PAD_B,44,CoC,343.3,ISRU,5276.782,2,equipment,135.2,356.3
13,5247.044,LARGE,PAD_B,45,NASA,218.2,BASE,5319.18,1,consumables,0.0,0.0
13,5247.044,LARGE,PAD_B,46,CoA,111.4,BASE,5302.781,1,consumables,0.0,0.0
13,5247.044,LARGE,PAD_B,47,NASA,278.3,BASE,5282.195,1,consumables,76.9,253.6
13,5247.044,LARGE,PAD_B,48,NASA,237.7,BASE,5310.05,1,consumables,137.4,352.5
13,5247.044,LARGE,PAD_B,49,CoC,143.3,BASE,5294.821,1,consumables,84.0,376.0
13,5247.044,LARGE,PAD_B,50,CoB,54.4,BASE,5272.593,2,science,0.0,0.0
13,5247.044,LARGE,PAD_B,51,NASA,107.2,BASE,5304.516,1,consumables,60.6,408.9
13,5247.044,LARGE,PAD_B,52,CoA,3678.4,CONSTR,5315.632,2,infrastructure,0.0,0.0
13,5247.044,LARGE,PAD_B,53,NASA,304.5,ISRU,5314.827,2,equipment,0.0,0.0
13,5247.044,LARGE,PAD_B,54,NASA,310.4,BASE,5275.468,1,consumables,183.1,642.5
13,5247.044,LARGE,PAD_B,55,CoA,3931.7,POWER,5275.339,2,infrastructure,0.0,0.0
13,5247.044,LARGE,PAD_B,56,NASA,314.9,BASE,5292.131,1,consumables,160.8,162.5
13,5247.044,LARGE,PAD_B,57,NASA,1256.6,ISRU,5305.471,2,equipment,0.0,0.0
13,5247.044,LARGE,PAD_B,58,CoA,1287.7,ISRU,5299.312,2,equipment,693.8,325.1
13,5247.044,LARGE,PAD_B,59,CoA,272.9,DEPOT,5276.178,1,consumables,0.0,0.0
13,5247.044,LARGE,PAD_B,60,NASA,112.8,BASE,5300.555,1,consumables,0.0,0.0
13,5247.044,LARGE,PAD_B,61,NASA,25.5,PSR,5301.981,2,science,0.0,0.0
13,5247.044,LARGE,PAD_B,62,NASA,12592.5,POWER,5308.72,3,element,3804.1,580.3
13,5247.044,LARGE,PAD_B,63,CoA,69.5,BASE,5296.094,1,consumables,0.0,0.0
13,5247.044,LARGE,PAD_B,64,CoB,2604.5,POWER,5282.238,2,infrastructure,0.0,0.0
13,5247.044,LARGE,PAD_B,65,NASA,90.6,BASE,5319.906,1,consumables,0.0,0.0
13,5247.044,LARGE,PAD_B,66,CoA,1385.9,POWER,5286.925,2,equipment,422.5,584.7
13,5376.815,CLPS,PAD_B,67,NASA,272.8,BASE,5396.066,1,consumables,129.8,154.3
13,5376.815,CLPS,PAD_B,68,NASA,127.9,SCI_1,5384.677,2,science,0.0,0.0
13,7130.697,MK1,PAD_B,69,CoB,82.1,BASE,7149.785,1,consumables,28.1,607.7
13,7130.697,MK1,PAD_B,70,NASA,350.7,CONSTR,7147.172,2,equipment,0.0,0.0
13,7130.697,MK1,PAD_B,71,CoA,1703.7,ISRU,7163.584,2,equipment,0.0,0.0
13,7130.697,MK1,PAD_B,72,CoB,131.6,BASE,7158.345,2,science,44.5,256.3
13,7130.697,MK1,PAD_B,73,NASA,59.4,PSR,7147.794,2,science,0.0,0.0
13,7130.697,MK1,PAD_B,74,NASA,453.9,BASE,7145.477,1,consumables,228.9,500.4
13,7975.167,CLPS,PAD_B,75,CoA,16.2,BASE,7985.639,2,science,0.0,0.0
13,7975.167,CLPS,PAD_B,76,NASA,141.4,BASE,7981.779,1,consumables,0.0,0.0
13,8291.04,CLPS,PAD_A,77,CoA,290.6,DEPOT,8301.57,1,consumables,0.0,0.0
13,8473.507,LARGE,PAD_B,78,NASA,1228.3,ISRU,8543.086,2,equipment,0.0,0.0
13,8473.507,LARGE,PAD_B,79,CoC,114.7,BASE,8530.256,1,consumables,0.0,0.0
13,8473.507,LARGE,PAD_B,80,CoB,139.5,SCI_1,8530.647,2,science,0.0,0.0
13,8473.507,LARGE,PAD_B,81,CoB,312.2,POWER,8538.981,2,equipment,112.2,703.9
13,8473.507,LARGE,PAD_B,82,CoA,292.5,DEPOT,8523.388,1,consumables,118.6,550.5
13,8473.507,LARGE,PAD_B,83,CoA,55.3,SCI_1,8498.945,2,science,0.0,0.0
13,8473.507,LARGE,PAD_B,84,NASA,111.3,PSR,8530.136,2,science,0.0,0.0
13,8473.507,LARGE,PAD_B,85,NASA,1280.2,ISRU,8520.925,2,equipment,526.8,688.7
13,8473.507,LARGE,PAD_B,86,NASA,753.6,ISRU,8517.622,2,equipment,0.0,0.0
13,8473.507,LARGE,PAD_B,87,CoA,11481.9,POWER,8515.003,3,element,0.0,0.0
13,8473.507,LARGE,PAD_B,88,NASA,246.2,BASE,8534.421,1,consumables,81.7,217.2
13,8473.507,LARGE,PAD_B,89,NASA,109.9,DEPOT,8536.35,1,consumables,33.1,671.3
13,8473.507,LARGE,PAD_B,90,CoA,2710.6,ISRU,8516.374,2,infrastructure,1312.8,314.8
13,8473.507,LARGE,PAD_B,91,NASA,340.1,ISRU,8506.808,2,equipment,166.9,234.0
13,8473.507,LARGE,PAD_B,92,CoC,312.2,ISRU,8515.048,2,equipment,0.0,0.0
13,8473.507,LARGE,PAD_B,93,NASA,54.7,PSR,8506.377,2,science,0.0,0.0
13,8473.507,LARGE,PAD_B,94,NASA,94.6,BASE,8537.781,2,science,0.0,0.0
13,8473.507,LARGE,PAD_B,95,NASA,289.2,BASE,8503.198,1,consumables,0.0,0.0
13,8473.507,LARGE,PAD_B,96,CoA,15.0,SCI_1,8532.537,2,science,0.0,0.0
13,8473.507,LARGE,PAD_B,97,CoC,5750.7,ISRU,8533.68,2,infrastructure,1300.8,421.7
13,8473.507,LARGE,PAD_B,98,NASA,461.4,ISRU,8524.055,2,equipment,0.0,0.0
13,8473.507,LARGE,PAD_B,99,CoC,253.9,BASE,8514.832,1,consumables,0.0,0.0
13,8473.507,LARGE,PAD_B,100,CoA,1310.7,BASE,8517.099,1,consumables,0.0,0.0
14,258.13,MK1,PAD_B,0,NASA,1471.1,BASE,280.449,2,equipment,428.7,164.9
14,258.13,MK1,PAD_B,1,CoC,1183.3,BASE,281.561,1,consumables,0.0,0.0
14,556.82,CLPS,PAD_B,2,NASA,363.8,BASE,574.906,1,consumables,80.6,677.7
14,556.82,CLPS,PAD_B,3,CoC,110.2,DEPOT,571.236,1,consumables,0.0,0.0
14,556.82,CLPS,PAD_B,4,CoA,19.3,SCI_1,572.251,2,science,0.0,0.0
14,556.82,CLPS,PAD_B,5,NASA,20.0,BASE,563.988,1,consumables,0.0,0.0
14,1347.257,MK1,PAD_B,6,NASA,50.0,SCI_1,1371.274,2,science,14.8,166.0
14,1347.257,MK1,PAD_B,7,NASA,147.6,BASE,1362.335,1,consumables,0.0,0.0
14,1347.257,MK1,PAD_B,8,CoA,37.1,SCI_1,1362.139,2,science,0.0,0.0
14,1347.257,MK1,PAD_B,9,CoA,20.8,PSR,1376.37,2,science,0.0,0.0
14,1347.257,MK1,PAD_B,10,NASA,20.6,PSR,1367.526,2,science,0.0,0.0
14,1347.257,MK1,PAD_B,11,NASA,143.8,DEPOT,1362.747,1,consumables,0.0,0.0
14,1347.257,MK1,PAD_B,12,NASA,81.8,BASE,1379.203,2,science,0.0,0.0
14,1347.257,MK1,PAD_B,13,NASA,347.1,CONSTR,1369.785,2,equipment,189.6,460.0
14,1347.257,MK1,PAD_B,14,NASA,267.0,DEPOT,1370.85,1,consumables,108.1,198.9
14,1347.257,MK1,PAD_B,15,NASA,149.4,BASE,1381.021,2,science,0.0,0.0
14,1347.257,MK1,PAD_B,16,NASA,284.0,BASE,1364.505,1,consumables,0.0,0.0
14,1347.257,MK1,PAD_B,17,NASA,1254.9,POWER,1362.16,2,equipment,0.0,0.0
14,1386.181,MK1,PAD_A,18,NASA,1100.5,POWER,1415.545,2,equipment,422.2,168.6
14,1386.181,MK1,PAD_A,19,NASA,861.1,CONSTR,1417.884,2,equipment,229.7,278.7
14,1386.181,MK1,PAD_A,20,NASA,394.9,BASE,1413.659,1,consumables,0.0,0.0
14,1477.845,LARGE,PAD_A,21,CoC,358.8,BASE,1532.665,1,consumables,0.0,0.0
14,1477.845,LARGE,PAD_A,22,NASA,1673.1,CONSTR,1519.765,2,equipment,0.0,0.0
14,1477.845,LARGE,PAD_A,23,CoB,1265.7,ISRU,1530.44,2,equipment,519.9,522.9
14,1477.845,LARGE,PAD_A,24,CoC,94.8,SCI_1,1526.079,2,science,28.5,628.9
14,1477.845,LARGE,PAD_A,25,NASA,1248.8,CONSTR,1508.28,2,equipment,628.3,503.8
14,1477.845,LARGE,PAD_A,26,CoB,615.7,BASE,1540.142,2,equipment,215.3,339.1
14,1477.845,LARGE,PAD_A,27,NASA,131.7,PSR,1540.434,2,science,0.0,0.0
14,1477.845,LARGE,PAD_A,28,CoA,235.3,BASE,1544.245,1,consumables,0.0,0.0
14,1477.845,LARGE,PAD_A,29,NASA,1266.1,ISRU,1528.441,2,equipment,0.0,0.0
14,1477.845,LARGE,PAD_A,30,NASA,45.8,PSR,1512.866,2,science,0.0,0.0
14,1477.845,LARGE,PAD_A,31,CoC,785.8,POWER,1514.274,2,equipment,0.0,0.0
14,1477.845,LARGE,PAD_A,32,NASA,2312.8,POWER,1536.683,2,infrastructure,0.0,0.0
14,1477.845,LARGE,PAD_A,33,CoC,305.4,BASE,1536.117,1,consumables,0.0,0.0
14,1477.845,LARGE,PAD_A,34,CoB,4923.3,ISRU,1540.021,2,infrastructure,0.0,0.0
14,1477.845,LARGE,PAD_A,35,CoA,60.9,BASE,1528.543,2,science,0.0,0.0
14,1477.845,LARGE,PAD_A,36,CoA,7606.1,BASE,1516.734,3,element,0.0,0.0
14,1477.845,LARGE,PAD_A,37,NASA,98.3,BASE,1538.286,1,consumables,0.0,0.0
14,1477.845,LARGE,PAD_A,38,CoB,149.6,PSR,1548.381,2,science,0.0,0.0
14,1477.845,LARGE,PAD_A,39,NASA,3211.1,CONSTR,1507.542,2,infrastructure,0.0,0.0
14,1611.553,LARGE,PAD_B,40,NASA,105.3,BASE,1637.927,1,consumables,26.6,363.2
14,1611.553,LARGE,PAD_B,41,NASA,1341.2,CONSTR,1675.836,2,equipment,0.0,0.0
14,1611.553,LARGE,PAD_B,42,NASA,89.9,SCI_1,1679.123,2,science,0.0,0.0
14,1611.553,LARGE,PAD_B,43,CoA,803.0,POWER,1653.967,2,equipment,0.0,0.0
14,1611.553,LARGE,PAD_B,44,NASA,82.1,PSR,1678.897,2,science,0.0,0.0
14,1611.553,LARGE,PAD_B,45,NASA,131.9,BASE,1662.354,1,consumables,0.0,0.0
14,1611.553,LARGE,PAD_B,46,NASA,1171.3,CONSTR,1672.516,2,equipment,0.0,0.0
14,1611.553,LARGE,PAD_B,47,CoC,4542.2,POWER,1676.932,2,infrastructure,0.0,0.0
14,1611.553,LARGE,PAD_B,48,NASA,168.5,BASE,1674.158,1,consumables,0.0,0.0
14,1611.553,LARGE,PAD_B,49,NASA,4120.2,CONSTR,1644.251,2,infrastructure,1533.9,135.9
14,1611.553,LARGE,PAD_B,50,NASA,273.7,BASE,1664.59,1,consumables,0.0,0.0
14,1611.553,LARGE,PAD_B,51,NASA,376.9,DEPOT,1665.08,1,consumables,0.0,0.0
14,1611.553,LARGE,PAD_B,52,NASA,1636.3,POWER,1651.938,2,equipment,0.0,0.0
14,1611.553,LARGE,PAD_B,53,CoA,193.7,BASE,1666.145,1,consumables,0.0,0.0
14,1611.553,LARGE,PAD_B,54,NASA,268.7,BASE,1655.333,1,consumables,0.0,0.0
14,1611.553,LARGE,PAD_B,55,CoA,166.6,DEPOT,1659.773,1,consumables,0.0,0.0
14,1611.553,LARGE,PAD_B,56,CoA,363.8,BASE,1682.807,1,consumables,0.0,0.0
14,1611.553,LARGE,PAD_B,57,NASA,144.7,SCI_1,1670.154,2,science,0.0,0.0
14,1611.553,LARGE,PAD_B,58,CoA,297.5,BASE,1681.426,1,consumables,78.8,121.6
14,1611.553,LARGE,PAD_B,59,CoB,124.5,SCI_1,1649.77,2,science,26.4,406.8
14,1611.553,LARGE,PAD_B,60,NASA,38.3,PSR,1668.502,2,science,21.4,567.8
14,1611.553,LARGE,PAD_B,61,NASA,109.0,SCI_1,1682.759,2,science,0.0,0.0
14,1611.553,LARGE,PAD_B,62,CoC,451.9,CONSTR,1650.979,2,equipment,206.8,643.0
14,1611.553,LARGE,PAD_B,63,NASA,1995.8,CONSTR,1658.316,2,equipment,0.0,0.0
14,1611.553,LARGE,PAD_B,64,CoA,350.3,BASE,1662.254,1,consumables,0.0,0.0
14,1611.553,LARGE,PAD_B,65,CoB,889.5,POWER,1685.335,2,equipment,0.0,0.0
14,1611.553,LARGE,PAD_B,66,CoA,490.4,CONSTR,1647.558,2,equipment,239.3,373.3
14,1611.553,LARGE,PAD_B,67,NASA,2243.1,BASE,1682.267,1,consumables,0.0,0.0
14,1676.068,LARGE,PAD_A,68,CoC,3537.3,CONSTR,1703.618,2,infrastructure,1787.7,516.9
14,1676.068,LARGE,PAD_A,69,CoB,194.4,DEPOT,1743.745,1,consumables,0.0,0.0
14,1676.068,LARGE,PAD_A,70,NASA,4080.5,POWER,1736.215,2,infrastructure,0.0,0.0
14,1676.068,LARGE,PAD_A,71,NASA,673.3,POWER,1733.007,2,equipment,0.0,0.0
14,1676.068,LARGE,PAD_A,72,NASA,379.6,CONSTR,1701.697,2,equipment,0.0,0.0
14,1676.068,LARGE,PAD_A,73,CoB,312.7,BASE,1746.474,1,consumables,0.0,0.0
14,1676.068,LARGE,PAD_A,74,CoA,10.6,SCI_1,1706.865,2,science,0.0,0.0
14,1676.068,LARGE,PAD_A,75,NASA,35.2,BASE,1741.112,2,science,0.0,0.0
14,1676.068,LARGE,PAD_A,76,CoA,90.5,SCI_1,1717.377,2,science,0.0,0.0
14,1676.068,LARGE,PAD_A,77,CoA,36.8,PSR,1703.561,2,science,0.0,0.0
14,1676.068,LARGE,PAD_A,78,NASA,317.6,DEPOT,1748.945,1,consumables,0.0,0.0
14,1676.068,LARGE,PAD_A,79,NASA,169.4,BASE,1723.68,1,consumables,0.0,0.0
14,1676.068,LARGE,PAD_A,80,CoC,326.5,BASE,1738.36,1,consumables,0.0,0.0
14,1676.068,LARGE,PAD_A,81,CoA,102.0,DEPOT,1712.425,1,consumables,0.0,0.0
14,1676.068,LARGE,PAD_A,82,NASA,132.1,PSR,1720.08,2,science,0.0,0.0
14,1676.068,LARGE,PAD_A,83,CoB,3819.6,CONSTR,1715.107,2,infrastructure,0.0,0.0
14,1676.068,LARGE,PAD_A,84,CoB,48.4,BASE,1742.432,2,science,0.0,0.0
14,1676.068,LARGE,PAD_A,85,NASA,1157.8,BASE,1741.118,2,equipment,0.0,0.0
14,1676.068,LARGE,PAD_A,86,NASA,4557.2,ISRU,1747.339,2,infrastructure,0.0,0.0
14,1676.068,LARGE,PAD_A,87,CoC,5475.9,CONSTR,1739.637,2,infrastructure,2432.8,199.8
14,1676.068,LARGE,PAD_A,88,CoA,99.4,BASE,1725.298,1,consumables,0.0,0.0
14,1676.068,LARGE,PAD_A,89,CoB,14.5,BASE,1722.255,2,science,0.0,0.0
14,1676.068,LARGE,PAD_A,90,NASA,1063.0,ISRU,1751.222,2,equipment,0.0,0.0
14,1676.068,LARGE,PAD_A,91,CoA,328.7,BASE,1745.803,1,consumables,0.0,0.0
14,1676.068,LARGE,PAD_A,92,CoA,139.4,BASE,1727.771,2,science,0.0,0.0
14,1676.068,LARGE,PAD_A,93,CoA,2090.5,DEPOT,1722.207,1,consumables,0.0,0.0
14,2003.593,CLPS,PAD_B,94,CoC,75.4,DEPOT,2010.568,1,consumables,0.0,0.0
14,2003.593,CLPS,PAD_B,95,NASA,79.5,BASE,2015.181,1,consumables,0.0,0.0
14,2003.593,CLPS,PAD_B,96,CoA,254.4,BASE,2025.973,1,consumables,84.1,619.0
14,3493.127,CLPS,PAD_B,97,NASA,104.3,BASE,3514.464,1,consumables,59.8,542.4
14,4442.919,CLPS,PAD_B,98,NASA,178.1,DEPOT,4458.474,1,consumables,0.0,0.0
14,4442.919,CLPS,PAD_B,99,NASA,36.7,BASE,4465.761,1,consumables,0.0,0.0
14,5014.74,CLPS,PAD_B,100,CoC,172.3,BASE,5031.611,1,consumables,48.1,145.7
14,5014.74,CLPS,PAD_B,101,CoB,280.6,BASE,5022.008,1,consumables,0.0,0.0
14,5014.74,CLPS,PAD_B,102,NASA,44.6,BASE,5038.72,1,consumables,11.3,516.2
14,5666.634,CLPS,PAD_A,103,CoA,154.1,BASE,5680.439,1,consumables,0.0,0.0
14,5666.634,CLPS,PAD_A,104,NASA,78.1,BASE,5677.683,1,consumables,39.8,290.0
14,6415.053,LARGE,PAD_B,105,NASA,3827.7,CONSTR,6484.139,2,infrastructure,0.0,0.0
14,6415.053,LARGE,PAD_B,106,NASA,351.2,BASE,6473.226,1,consumables,0.0,0.0
14,6415.053,LARGE,PAD_B,107,NASA,115.4,BASE,6452.84,2,science,47.8,293.0
14,6415.053,LARGE,PAD_B,108,CoA,284.2,BASE,6471.169,1,consumables,170.1,322.4
14,6415.053,LARGE,PAD_B,109,CoA,26.0,PSR,6480.446,2,science,0.0,0.0
14,6415.053,LARGE,PAD_B,110,NASA,99.8,SCI_1,6481.62,2,science,36.1,217.6
14,6415.053,LARGE,PAD_B,111,CoA,1063.2,CONSTR,6457.234,2,equipment,0.0,0.0
14,6415.053,LARGE,PAD_B,112,NASA,6891.0,BASE,6444.753,3,element,4015.3,128.6
14,6447.861,CLPS,PAD_B,113,CoA,165.0,DEPOT,6462.066,1,consumables,0.0,0.0
14,6537.784,CLPS,PAD_A,114,CoB,45.0,BASE,6548.414,2,science,19.8,557.0
14,6537.784,CLPS,PAD_A,115,CoB,161.4,BASE,6545.014,1,consumables,71.3,668.6
14,7217.277,LARGE,PAD_B,116,CoB,324.1,BASE,7268.087,1,consumables,118.4,560.7
14,7217.277,LARGE,PAD_B,117,NASA,114.2,BASE,7244.145,2,science,53.6,581.3
14,7217.277,LARGE,PAD_B,118,CoC,169.3,BASE,7285.344,1,consumables,0.0,0.0
14,7217.277,LARGE,PAD_B,119,NASA,845.8,ISRU,7273.274,2,equipment,450.8,485.0
14,7217.277,LARGE,PAD_B,120,NASA,71.0,BASE,7278.866,1,consumables,18.0,603.1
14,7217.277,LARGE,PAD_B,121,NASA,103.9,SCI_1,7244.725,2,science,0.0,0.0
14,7217.277,LARGE,PAD_B,122,CoB,97.9,SCI_1,7269.268,2,science,0.0,0.0
14,7217.277,LARGE,PAD_B,123,CoA,49.6,PSR,7258.326,2,science,0.0,0.0
14,7217.277,LARGE,PAD_B,124,CoC,74.0,PSR,7254.995,2,science,0.0,0.0
14,7217.277,LARGE,PAD_B,125,NASA,118.7,DEPOT,7255.492,1,consumables,0.0,0.0
14,7217.277,LARGE,PAD_B,126,CoA,62.7,BASE,7282.653,2,science,0.0,0.0
14,7217.277,LARGE,PAD_B,127,NASA,516.4,CONSTR,7290.979,2,equipment,190.0,256.5
14,7217.277,LARGE,PAD_B,128,CoB,551.6,BASE,7252.836,2,equipment,139.5,225.7
14,7217.277,LARGE,PAD_B,129,CoA,1096.0,ISRU,7260.354,2,equipment,0.0,0.0
14,7217.277,LARGE,PAD_B,130,CoB,36.9,SCI_1,7259.431,2,science,13.6,301.6
14,7217.277,LARGE,PAD_B,131,NASA,75.3,SCI_1,7275.721,2,science,0.0,0.0
14,7217.277,LARGE,PAD_B,132,CoA,292.0,DEPOT,7281.902,1,consumables,0.0,0.0
14,7217.277,LARGE,PAD_B,133,CoA,122.6,PSR,7264.411,2,science,0.0,0.0
14,7217.277,LARGE,PAD_B,134,CoA,383.1,BASE,7274.664,1,consumables,0.0,0.0
14,7217.277,LARGE,PAD_B,135,NASA,3341.2,POWER,7255.667,2,infrastructure,0.0,0.0
14,7217.277,LARGE,PAD_B,136,CoA,836.4,POWER,7276.019,2,equipment,0.0,0.0
14,7217.277,LARGE,PAD_B,137,NASA,2497.7,POWER,7258.14,2,infrastructure,0.0,0.0
14,7217.277,LARGE,PAD_B,138,NASA,1284.0,POWER,7255.507,2,equipment,702.9,703.9
14,7217.277,LARGE,PAD_B,139,NASA,762.3,DEPOT,7283.754,1,consumables,0.0,0.0
14,7632.793,MK1,PAD_B,140,NASA,90.5,BASE,7651.267,2,science,0.0,0.0
14,7632.793,MK1,PAD_B,141,CoB,1795.2,ISRU,7648.61,2,equipment,0.0,0.0
14,7632.793,MK1,PAD_B,142,NASA,529.4,BASE,7664.791,1,consumables,252.1,221.4
15,660.026,LARGE,PAD_B,0,NASA,75.6,SCI_1,713.976,2,science,0.0,0.0
15,660.026,LARGE,PAD_B,1,NASA,322.8,BASE,721.453,1,consumables,0.0,0.0
15,660.026,LARGE,PAD_B,2,NASA,877.2,POWER,728.36,2,equipment,0.0,0.0
15,660.026,LARGE,PAD_B,3,CoB,1683.3,BASE,694.41,2,equipment,593.7,162.8
15,660.026,LARGE,PAD_B,4,CoB,396.7,ISRU,695.132,2,equipment,0.0,0.0
15,660.026,LARGE,PAD_B,5,NASA,128.7,BASE,707.225,1,consumables,58.6,634.4
15,660.026,LARGE,PAD_B,6,NASA,218.2,BASE,695.377,1,consumables,0.0,0.0
15,660.026,LARGE,PAD_B,7,CoA,9013.3,BASE,718.075,1,consumables,0.0,0.0
15,1281.11,CLPS,PAD_A,8,NASA,249.7,BASE,1300.265,1,consumables,66.3,468.8
15,1281.11,CLPS,PAD_A,9,CoA,50.0,BASE,1291.149,1,consumables,0.0,0.0
15,2030.044,MK1,PAD_A,10,CoA,1565.2,ISRU,2056.944,2,equipment,0.0,0.0
15,2030.044,MK1,PAD_A,11,NASA,1263.2,CONSTR,2063.388,2,equipment,0.0,0.0
15,2162.579,LARGE,PAD_A,12,NASA,397.9,BASE,2213.798,1,consumables,207.6,389.0
15,2162.579,LARGE,PAD_A,13,NASA,5826.5,CONSTR,2195.33,2,infrastructure,2044.2,225.1
15,2162.579,LARGE,PAD_A,14,CoB,9980.4,POWER,2191.627,3,element,5251.4,378.8
15,2162.579,LARGE,PAD_A,15,CoA,4073.9,ISRU,2205.277,2,infrastructure,0.0,0.0
15,2162.579,LARGE,PAD_A,16,CoA,345.7,BASE,2213.709,1,consumables,197.4,319.9
15,2162.579,LARGE,PAD_A,17,NASA,729.2,BASE,2214.617,1,consumables,0.0,0.0
15,2264.693,LARGE,PAD_A,18,NASA,86.4,PSR,2336.072,2,science,28.2,390.7
15,2264.693,LARGE,PAD_A,19,NASA,8248.2,BASE,2314.401,3,element,0.0,0.0
15,2264.693,LARGE,PAD_A,20,NASA,120.3,PSR,2321.514,2,science,0.0,0.0
15,2264.693,LARGE,PAD_A,21,NASA,230.7,BASE,2317.784,1,consumables,0.0,0.0
15,2264.693,LARGE,PAD_A,22,NASA,127.1,BASE,2320.042,2,science,0.0,0.0
15,2264.693,LARGE,PAD_A,23,CoA,3695.7,CONSTR,2322.321,2,infrastructure,1227.4,333.4
15,2264.693,LARGE,PAD_A,24,NASA,717.4,BASE,2334.821,1,consumables,0.0,0.0
15,3137.135,LARGE,PAD_A,25,CoA,134.3,SCI_1,3164.103,2,science,0.0,0.0
15,3137.135,LARGE,PAD_A,26,CoC,1089.6,ISRU,3167.228,2,equipment,0.0,0.0
15,3137.135,LARGE,PAD_A,27,CoB,299.4,BASE,3203.027,1,consumables,0.0,0.0
15,3137.135,LARGE,PAD_A,28,CoB,105.6,PSR,3209.39,2,science,37.3,685.0
15,3137.135,LARGE,PAD_A,29,NASA,121.5,SCI_1,3201.641,2,science,0.0,0.0
15,3137.135,LARGE,PAD_A,30,NASA,114.6,SCI_1,3173.764,2,science,0.0,0.0
15,3137.135,LARGE,PAD_A,31,CoA,1551.8,ISRU,3174.649,2,equipment,0.0,0.0
15,3137.135,LARGE,PAD_A,32,CoA,155.8,DEPOT,3183.294,1,consumables,0.0,0.0
15,3137.135,LARGE,PAD_A,33,CoA,51.4,SCI_1,3210.368,2,science,16.3,550.4
15,3137.135,LARGE,PAD_A,34,NASA,4985.1,ISRU,3199.996,2,infrastructure,0.0,0.0
15,3137.135,LARGE,PAD_A,35,NASA,380.1,BASE,3192.296,1,consumables,0.0,0.0
15,3137.135,LARGE,PAD_A,36,CoB,1882.6,CONSTR,3193.431,2,equipment,818.2,452.1
15,3137.135,LARGE,PAD_A,37,CoB,330.9,BASE,3189.876,1,consumables,87.6,682.8
15,3137.135,LARGE,PAD_A,38,CoA,96.4,BASE,3173.027,1,consumables,0.0,0.0
15,3137.135,LARGE,PAD_A,39,NASA,37.3,SCI_1,3212.557,2,science,0.0,0.0
15,3137.135,LARGE,PAD_A,40,CoC,268.7,DEPOT,3177.62,1,consumables,122.2,502.0
15,3137.135,LARGE,PAD_A,41,NASA,365.2,DEPOT,3193.824,1,consumables,0.0,0.0
15,3137.135,LARGE,PAD_A,42,NASA,33.3,BASE,3167.908,2,science,0.0,0.0
15,3137.135,LARGE,PAD_A,43,NASA,96.6,SCI_1,3169.819,2,science,0.0,0.0
15,3137.135,LARGE,PAD_A,44,CoC,302.9,BASE,3178.149,1,consumables,65.3,523.6
15,3137.135,LARGE,PAD_A,45,NASA,665.9,ISRU,3193.55,2,equipment,0.0,0.0
15,3137.135,LARGE,PAD_A,46,NASA,1263.1,ISRU,3202.537,2,equipment,0.0,0.0
15,3137.135,LARGE,PAD_A,47,CoA,1170.9,BASE,3191.281,1,consumables,0.0,0.0
15,3414.284,MK1,PAD_B,48,NASA,1100.9,CONSTR,3450.203,2,equipment,364.4,663.2
15,3414.284,MK1,PAD_B,49,NASA,47.6,PSR,3427.199,2,science,18.9,499.9
15,3414.284,MK1,PAD_B,50,NASA,1547.1,ISRU,3444.82,2,equipment,0.0,0.0
15,4681.293,MK1,PAD_A,51,NASA,918.4,CONSTR,4695.513,2,equipment,359.8,333.5
15,4681.293,MK1,PAD_A,52,CoA,176.1,BASE,4713.114,1,consumables,0.0,0.0
15,4681.293,MK1,PAD_A,53,CoA,133.2,PSR,4707.609,2,science,0.0,0.0
15,4681.293,MK1,PAD_A,54,NASA,616.7,ISRU,4715.836,2,equipment,0.0,0.0
15,4681.293,MK1,PAD_A,55,CoC,334.8,BASE,4704.303,1,consumables,148.0,614.1
15,4681.293,MK1,PAD_A,56,NASA,389.6,DEPOT,4709.793,1,consumables,0.0,0.0
15,4681.293,MK1,PAD_A,57,NASA,137.1,PSR,4698.78,2,science,34.9,539.7
15,4681.293,MK1,PAD_A,58,NASA,282.9,DEPOT,4706.648,1,consumables,0.0,0.0
15,5007.192,CLPS,PAD_A,59,CoA,289.9,BASE,5024.797,1,consumables,135.9,420.8
15,5892.061,LARGE,PAD_A,60,CoA,5006.6,CONSTR,5951.864,2,infrastructure,0.0,0.0
15,5892.061,LARGE,PAD_A,61,CoB,1715.1,CONSTR,5960.464,2,equipment,0.0,0.0
15,5892.061,LARGE,PAD_A,62,CoA,183.0,BASE,5959.898,1,consumables,77.3,255.6
15,5892.061,LARGE,PAD_A,63,CoA,5587.5,CONSTR,5919.575,2,infrastructure,1462.5,363.0
15,5892.061,LARGE,PAD_A,64,NASA,49.8,PSR,5919.332,2,science,0.0,0.0
15,5892.061,LARGE,PAD_A,65,CoC,366.9,BASE,5919.082,1,consumables,108.8,440.4
15,5892.061,LARGE,PAD_A,66,NASA,324.1,BASE,5947.247,1,consumables,124.6,438.1
15,5892.061,LARGE,PAD_A,67,CoA,220.5,BASE,5938.831,1,consumables,0.0,0.0
15,5892.061,LARGE,PAD_A,68,CoA,118.9,BASE,5942.012,1,consumables,41.7,331.6
15,5892.061,LARGE,PAD_A,69,NASA,1770.2,POWER,5926.016,2,equipment,403.1,598.4
15,5892.061,LARGE,PAD_A,70,CoB,264.7,BASE,5956.072,1,consumables,0.0,0.0
15,5892.061,LARGE,PAD_A,71,NASA,860.7,POWER,5952.464,2,equipment,0.0,0.0
15,5892.061,LARGE,PAD_A,72,NASA,19.4,PSR,5964.111,2,science,10.0,676.5
15,5892.061,LARGE,PAD_A,73,NASA,233.1,BASE,5940.63,1,consumables,0.0,0.0
15,5892.061,LARGE,PAD_A,74,CoA,1380.3,POWER,5946.413,2,equipment,0.0,0.0
15,5892.061,LARGE,PAD_A,75,CoA,4956.0,POWER,5926.352,2,infrastructure,2456.2,417.3
15,5892.061,LARGE,PAD_A,76,NASA,397.4,DEPOT,5925.414,1,consumables,0.0,0.0
15,5892.061,LARGE,PAD_A,77,NASA,3114.6,ISRU,5926.365,2,infrastructure,0.0,0.0
15,5892.061,LARGE,PAD_A,78,CoC,381.7,BASE,5923.294,1,consumables,222.4,650.8
15,5892.061,LARGE,PAD_A,79,NASA,254.1,BASE,5956.637,1,consumables,0.0,0.0
15,5892.061,LARGE,PAD_A,80,NASA,1389.2,CONSTR,5961.898,2,equipment,0.0,0.0
15,6296.437,CLPS,PAD_B,81,NASA,322.9,BASE,6316.926,1,consumables,0.0,0.0
15,6296.437,CLPS,PAD_B,82,CoC,55.0,BASE,6304.796,1,consumables,32.5,409.0
15,7009.215,LARGE,PAD_A,83,CoA,147.0,SCI_1,7046.338,2,science,0.0,0.0
15,7009.215,LARGE,PAD_A,84,NASA,73.4,PSR,7066.034,2,science,0.0,0.0
15,7009.215,LARGE,PAD_A,85,NASA,346.9,BASE,7061.753,1,consumables,0.0,0.0
15,7009.215,LARGE,PAD_A,86,NASA,126.2,PSR,7035.192,2,science,0.0,0.0
15,7009.215,LARGE,PAD_A,87,CoC,1544.5,ISRU,7076.554,2,equipment,0.0,0.0
15,7009.215,LARGE,PAD_A,88,CoA,1102.5,ISRU,7043.279,2,equipment,0.0,0.0
15,7009.215,LARGE,PAD_A,89,NASA,1526.5,POWER,7035.515,2,equipment,0.0,0.0
15,7009.215,LARGE,PAD_A,90,CoB,440.8,BASE,7041.167,2,equipment,0.0,0.0
15,7009.215,LARGE,PAD_A,91,NASA,90.1,BASE,7037.8,1,consumables,51.1,605.7
15,7009.215,LARGE,PAD_A,92,NASA,145.4,BASE,7035.829,1,consumables,0.0,0.0
15,7009.215,LARGE,PAD_A,93,NASA,119.9,BASE,7044.598,1,consumables,0.0,0.0
15,7009.215,LARGE,PAD_A,94,NASA,94.7,SCI_1,7047.488,2,science,40.0,298.5
15,7009.215,LARGE,PAD_A,95,NASA,1466.7,CONSTR,7058.777,2,equipment,0.0,0.0
15,7009.215,LARGE,PAD_A,96,NASA,79.6,SCI_1,7043.799,2,science,38.6,505.2
15,7009.215,LARGE,PAD_A,97,CoA,1795.6,BASE,7044.854,2,equipment,710.6,483.2
15,7009.215,LARGE,PAD_A,98,NASA,276.8,BASE,7039.479,1,consumables,0.0,0.0
15,7009.215,LARGE,PAD_A,99,CoC,12299.5,POWER,7084.779,3,element,0.0,0.0
15,7789.251,MK1,PAD_A,100,NASA,1068.8,CONSTR,7815.175,2,equipment,0.0,0.0
15,7789.251,MK1,PAD_A,101,NASA,301.6,BASE,7815.523,1,consumables,0.0,0.0
15,7789.251,MK1,PAD_A,102,NASA,26.5,SCI_1,7805.018,2,science,0.0,0.0
15,7789.251,MK1,PAD_A,103,CoB,73.8,BASE,7808.035,1,consumables,0.0,0.0
15,7789.251,MK1,PAD_A,104,NASA,237.5,BASE,7805.824,1,consumables,0.0,0.0
15,7789.251,MK1,PAD_A,105,CoB,204.3,BASE,7820.347,1,consumables,0.0,0.0
15,7789.251,MK1,PAD_A,106,CoB,76.0,BASE,7822.725,1,consumables,0.0,0.0
15,7789.251,MK1,PAD_A,107,CoA,656.4,BASE,7818.364,1,consumables,319.6,403.9
15,8275.487,MK1,PAD_B,108,CoC,270.9,BASE,8293.444,1,consumables,0.0,0.0
15,8275.487,MK1,PAD_B,109,CoA,123.9,BASE,8307.223,1,consumables,0.0,0.0
15,8275.487,MK1,PAD_B,110,CoA,397.0,POWER,8294.816,2,equipment,0.0,0.0
15,8275.487,MK1,PAD_B,111,CoA,135.4,DEPOT,8293.65,1,consumables,0.0,0.0
15,8275.487,MK1,PAD_B,112,NASA,125.6,BASE,8303.778,1,consumables,0.0,0.0
15,8275.487,MK1,PAD_B,113,CoA,50.1,SCI_1,8310.297,2,science,29.4,451.0
15,8275.487,MK1,PAD_B,114,CoA,516.7,CONSTR,8291.032,2,equipment,0.0,0.0
15,8275.487,MK1,PAD_B,115,CoB,1000.1,BASE,8298.141,1,consumables,0.0,0.0
16,189.698,CLPS,PAD_A,0,CoC,190.8,BASE,206.171,1,consumables,93.9,524.4
16,189.698,CLPS,PAD_A,1,CoA,72.1,DEPOT,213.263,1,consumables,0.0,0.0
16,2622.263,LARGE,PAD_B,2,NASA,297.5,BASE,2691.656,1,consumables,0.0,0.0
16,2622.263,LARGE,PAD_B,3,NASA,396.3,BASE,2683.216,1,consumables,0.0,0.0
16,2622.263,LARGE,PAD_B,4,NASA,897.2,CONSTR,2656.426,2,equipment,344.6,488.6
16,2622.263,LARGE,PAD_B,5,NASA,117.8,BASE,2654.736,2,science,0.0,0.0
16,2622.263,LARGE,PAD_B,6,NASA,101.5,SCI_1,2668.082,2,science,57.9,258.0
16,2622.263,LARGE,PAD_B,7,CoC,242.9,BASE,2680.004,1,consumables,0.0,0.0
16,2622.263,LARGE,PAD_B,8,NASA,9112.0,POWER,2650.515,3,element,0.0,0.0
16,2622.263,LARGE,PAD_B,9,CoA,242.8,DEPOT,2658.683,1,consumables,0.0,0.0
16,2622.263,LARGE,PAD_B,10,NASA,1175.0,POWER,2669.217,2,equipment,0.0,0.0
16,2622.263,LARGE,PAD_B,11,NASA,285.9,BASE,2678.335,1,consumables,0.0,0.0
16,2622.263,LARGE,PAD_B,12,NASA,107.5,PSR,2677.642,2,science,0.0,0.0
16,2622.263,LARGE,PAD_B,13,NASA,180.8,BASE,2651.807,1,consumables,0.0,0.0
16,2622.263,LARGE,PAD_B,14,CoA,109.7,BASE,2696.727,2,science,0.0,0.0
16,2622.263,LARGE,PAD_B,15,CoB,1920.5,ISRU,2697.37,2,equipment,0.0,0.0
16,2622.263,LARGE,PAD_B,16,NASA,108.6,SCI_1,2676.744,2,science,0.0,0.0
16,2622.263,LARGE,PAD_B,17,NASA,779.0,ISRU,2653.477,2,equipment,430.4,529.6
16,2622.263,LARGE,PAD_B,18,CoC,265.4,BASE,2650.573,1,consumables,137.4,405.4
16,2622.263,LARGE,PAD_B,19,NASA,142.1,SCI_1,2668.217,2,science,38.6,561.7
16,2622.263,LARGE,PAD_B,20,NASA,359.3,BASE,2659.043,1,consumables,0.0,0.0
16,2622.263,LARGE,PAD_B,21,NASA,338.3,DEPOT,2664.683,1,consumables,0.0,0.0
16,2622.263,LARGE,PAD_B,22,CoB,357.3,BASE,2658.136,1,consumables,98.1,508.8
16,2622.263,LARGE,PAD_B,23,NASA,73.9,SCI_1,2658.256,2,science,0.0,0.0
16,2622.263,LARGE,PAD_B,24,NASA,264.0,BASE,2675.829,1,consumables,73.8,173.2
16,2622.263,LARGE,PAD_B,25,NASA,686.7,CONSTR,2658.606,2,equipment,0.0,0.0
16,2622.263,LARGE,PAD_B,26,CoA,85.3,BASE,2676.117,1,consumables,25.3,195.1
16,2622.263,LARGE,PAD_B,27,NASA,364.5,BASE,2681.693,1,consumables,110.7,232.2
16,5444.419,CLPS,PAD_B,28,CoA,307.5,BASE,5465.958,1,consumables,0.0,0.0
16,6058.589,MK1,PAD_A,29,NASA,244.2,BASE,6092.764,1,consumables,0.0,0.0
16,6058.589,MK1,PAD_A,30,CoA,821.4,CONSTR,6083.727,2,equipment,0.0,0.0
16,6058.589,MK1,PAD_A,31,CoB,64.5,PSR,6080.394,2,science,0.0,0.0
16,6058.589,MK1,PAD_A,32,NASA,224.1,DEPOT,6087.703,1,consumables,0.0,0.0
16,6058.589,MK1,PAD_A,33,CoA,986.4,ISRU,6091.04,2,equipment,0.0,0.0
16,6058.589,MK1,PAD_A,34,NASA,88.0,BASE,6081.46,1,consumables,46.2,379.7
16,7661.78,CLPS,PAD_B,35,CoC,389.3,POWER,7677.73,2,equipment,0.0,0.0
16,8371.667,LARGE,PAD_B,36,CoC,124.1,PSR,8398.215,2,science,45.4,422.4
16,8371.667,LARGE,PAD_B,37,NASA,2291.6,POWER,8440.877,2,infrastructure,563.5,576.8
16,8371.667,LARGE,PAD_B,38,NASA,1546.9,BASE,8429.13,2,equipment,0.0,0.0
16,8371.667,LARGE,PAD_B,39,CoA,2097.3,CONSTR,8404.669,2,infrastructure,0.0,0.0
16,8371.667,LARGE,PAD_B,40,NASA,333.7,BASE,8434.818,1,consumables,133.3,688.9
16,8371.667,LARGE,PAD_B,41,CoA,1233.5,POWER,8438.174,2,equipment,0.0,0.0
16,8371.667,LARGE,PAD_B,42,CoC,3139.9,POWER,8437.01,2,infrastructure,1328.5,377.1
16,8371.667,LARGE,PAD_B,43,CoA,70.5,BASE,8427.784,1,consumables,34.3,346.1
16,8371.667,LARGE,PAD_B,44,CoB,357.1,CONSTR,8419.895,2,equipment,146.6,607.6
16,8371.667,LARGE,PAD_B,45,CoA,126.8,BASE,8432.209,1,consumables,0.0,0.0
16,8371.667,LARGE,PAD_B,46,CoA,5358.5,ISRU,8403.131,2,infrastructure,0.0,0.0
16,8371.667,LARGE,PAD_B,47,CoB,1443.3,POWER,8443.052,2,equipment,462.6,621.8
16,8371.667,LARGE,PAD_B,48,CoC,100.1,BASE,8438.262,1,consumables,32.1,644.9
16,8371.667,LARGE,PAD_B,49,CoB,586.6,ISRU,8446.249,2,equipment,0.0,0.0
16,8371.667,LARGE,PAD_B,50,NASA,76.8,SCI_1,8407.298,2,science,0.0,0.0
16,8371.667,LARGE,PAD_B,51,CoA,5637.7,CONSTR,8418.592,2,infrastructure,0.0,0.0
16,8397.632,MK1,PAD_A,52,CoA,291.6,BASE,8428.432,1,consumables,136.4,377.0
16,8397.632,MK1,PAD_A,53,NASA,426.2,POWER,8412.254,2,equipment,0.0,0.0
16,8397.632,MK1,PAD_A,54,CoA,1467.4,POWER,8411.669,2,equipment,0.0,0.0
16,8628.468,MK1,PAD_B,55,NASA,251.4,BASE,8641.049,1,consumables,0.0,0.0
16,8628.468,MK1,PAD_B,56,NASA,518.0,CONSTR,8640.848,2,equipment,0.0,0.0
16,8628.468,MK1,PAD_B,57,NASA,297.3,BASE,8649.458,1,consumables,0.0,0.0
16,8628.468,MK1,PAD_B,58,CoA,316.3,BASE,8664.593,1,consumables,0.0,0.0
16,8628.468,MK1,PAD_B,59,CoC,1316.8,BASE,8654.897,1,consumables,0.0,0.0
17,60.677,MK1,PAD_A,0,CoA,274.2,BASE,85.691,1,consumables,154.5,130.3
17,60.677,MK1,PAD_A,1,NASA,118.3,BASE,90.113,1,consumables,0.0,0.0
17,60.677,MK1,PAD_A,2,CoA,86.7,PSR,78.648,2,science,26.0,124.0
17,60.677,MK1,PAD_A,3,CoB,187.1,BASE,88.587,1,consumables,0.0,0.0
17,60.677,MK1,PAD_A,4,NASA,127.6,BASE,87.915,1,consumables,0.0,0.0
17,60.677,MK1,PAD_A,5,NASA,1356.2,CONSTR,74.194,2,equipment,466.1,126.2
17,60.677,MK1,PAD_A,6,CoA,364.5,BASE,95.88,1,consumables,0.0,0.0
17,1568.775,MK1,PAD_A,7,NASA,97.5,BASE,1597.909,2,science,0.0,0.0
17,1568.775,MK1,PAD_A,8,NASA,102.6,BASE,1599.804,2,science,0.0,0.0
17,1568.775,MK1,PAD_A,9,NASA,1871.2,POWER,1597.493,2,equipment,0.0,0.0
17,1568.775,MK1,PAD_A,10,NASA,298.4,BASE,1593.992,1,consumables,0.0,0.0
17,3055.624,LARGE,PAD_B,11,NASA,184.2,BASE,3113.323,1,consumables,0.0,0.0
17,3055.624,LARGE,PAD_B,12,CoB,34.2,SCI_1,3102.227,2,science,0.0,0.0
17,3055.624,LARGE,PAD_B,13,CoB,74.8,DEPOT,3120.105,1,consumables,0.0,0.0
17,3055.624,LARGE,PAD_B,14,CoB,5807.4,ISRU,3111.141,2,infrastructure,0.0,0.0
17,3055.624,LARGE,PAD_B,15,CoB,910.5,ISRU,3102.305,2,equipment,298.8,158.3
17,3055.624,LARGE,PAD_B,16,CoA,1816.8,ISRU,3106.703,2,equipment,642.1,121.5
17,3055.624,LARGE,PAD_B,17,CoC,10706.3,BASE,3123.47,3,element,0.0,0.0
17,3055.624,LARGE,PAD_B,18,NASA,1481.4,BASE,3110.247,2,equipment,432.2,251.5
17,3138.932,LARGE,PAD_A,19,CoA,16.4,BASE,3175.632,2,science,0.0,0.0
17,3138.932,LARGE,PAD_A,20,NASA,5979.3,POWER,3209.893,2,infrastructure,0.0,0.0
17,3138.932,LARGE,PAD_A,21,NASA,3540.4,CONSTR,3179.457,2,infrastructure,0.0,0.0
17,3138.932,LARGE,PAD_A,22,NASA,3249.2,BASE,3200.487,1,consumables,856.5,594.8
17,3379.819,CLPS,PAD_A,23,NASA,82.1,PSR,3386.264,2,science,0.0,0.0
17,3379.819,CLPS,PAD_A,24,CoB,182.6,BASE,3389.29,1,consumables,0.0,0.0
17,3379.819,CLPS,PAD_A,25,NASA,213.4,BASE,3389.38,1,consumables,0.0,0.0
17,3750.721,CLPS,PAD_A,26,NASA,115.9,BASE,3764.096,1,consumables,47.7,432.1
17,4956.135,LARGE,PAD_A,27,NASA,47.8,SCI_1,4994.946,2,science,17.8,638.8
17,4956.135,LARGE,PAD_A,28,NASA,3561.8,ISRU,5012.747,2,infrastructure,1316.8,583.6
17,4956.135,LARGE,PAD_A,29,CoC,141.3,SCI_1,5012.724,2,science,0.0,0.0
17,4956.135,LARGE,PAD_A,30,CoA,205.9,BASE,5026.878,1,consumables,0.0,0.0
17,4956.135,LARGE,PAD_A,31,NASA,98.7,SCI_1,5020.486,2,science,46.2,574.0
17,4956.135,LARGE,PAD_A,32,NASA,100.6,BASE,5005.527,1,consumables,0.0,0.0
17,4956.135,LARGE,PAD_A,33,NASA,383.3,BASE,5021.057,1,consumables,0.0,0.0
17,4956.135,LARGE,PAD_A,34,NASA,3158.6,ISRU,4995.228,2,infrastructure,0.0,0.0
17,4956.135,LARGE,PAD_A,35,NASA,395.5,BASE,5012.571,1,consumables,0.0,0.0
17,4956.135,LARGE,PAD_A,36,NASA,1565.1,POWER,5024.452,2,equipment,0.0,0.0
17,4956.135,LARGE,PAD_A,37,CoC,1902.6,POWER,4997.402,2,equipment,0.0,0.0
17,4956.135,LARGE,PAD_A,38,CoB,69.0,BASE,4998.49,2,science,38.5,142.4
17,4956.135,LARGE,PAD_A,39,CoC,378.3,BASE,4987.214,1,consumables,0.0,0.0
17,4956.135,LARGE,PAD_A,40,CoA,67.0,SCI_1,4983.388,2,science,0.0,0.0
17,4956.135,LARGE,PAD_A,41,CoA,1557.1,CONSTR,5000.871,2,equipment,504.8,285.3
17,4956.135,LARGE,PAD_A,42,NASA,258.9,BASE,5001.993,1,consumables,0.0,0.0
17,4956.135,LARGE,PAD_A,43,CoA,1377.2,ISRU,5022.898,2,equipment,0.0,0.0
17,4956.135,LARGE,PAD_A,44,CoA,212.4,BASE,5017.309,1,consumables,0.0,0.0
17,4956.135,LARGE,PAD_A,45,CoA,270.9,BASE,5019.34,1,consumables,123.2,430.5
17,4956.135,LARGE,PAD_A,46,NASA,501.5,ISRU,4988.833,2,equipment,0.0,0.0
17,4956.135,LARGE,PAD_A,47,CoB,389.5,BASE,5028.179,1,consumables,0.0,0.0
17,4956.135,LARGE,PAD_A,48,CoA,25.4,PSR,5032.095,2,science,10.0,411.9
17,4956.135,LARGE,PAD_A,49,CoA,4476.2,ISRU,4990.885,2,infrastructure,0.0,0.0
17,4956.135,LARGE,PAD_A,50,NASA,2980.9,ISRU,4991.323,2,infrastructure,0.0,0.0
17,4971.649,MK1,PAD_B,51,CoA,187.9,DEPOT,4997.556,1,consumables,51.8,595.8
17,4971.649,MK1,PAD_B,52,NASA,1566.6,CONSTR,5007.569,2,equipment,0.0,0.0
17,4971.649,MK1,PAD_B,53,NASA,132.5,PSR,4999.138,2,science,0.0,0.0
17,4971.649,MK1,PAD_B,54,CoA,251.5,BASE,4989.995,1,consumables,0.0,0.0
17,5337.82,MK1,PAD_A,55,NASA,18.1,PSR,5359.224,2,science,0.0,0.0
17,5337.82,MK1,PAD_A,56,NASA,384.8,BASE,5361.833,1,consumables,0.0,0.0
17,5337.82,MK1,PAD_A,57,CoC,563.1,CONSTR,5356.703,2,equipment,266.5,378.6
17,5337.82,MK1,PAD_A,58,NASA,389.3,POWER,5351.855,2,equipment,0.0,0.0
17,5337.82,MK1,PAD_A,59,CoA,61.5,BASE,5351.876,1,consumables,0.0,0.0
17,5337.82,MK1,PAD_A,60,NASA,1446.3,BASE,5360.835,1,consumables,841.8,711.9
17,5355.366,CLPS,PAD_B,61,NASA,108.5,BASE,5367.268,1,consumables,0.0,0.0
17,6450.74,CLPS,PAD_A,62,NASA,105.6,BASE,6465.948,1,consumables,0.0,0.0
17,6450.74,CLPS,PAD_A,63,NASA,152.8,BASE,6459.542,1,consumables,0.0,0.0
17,7551.427,LARGE,PAD_B,64,NASA,1681.2,CONSTR,7603.869,2,equipment,0.0,0.0
17,7551.427,LARGE,PAD_B,65,NASA,12506.8,POWER,7620.256,3,element,0.0,0.0
17,7551.427,LARGE,PAD_B,66,CoB,884.6,ISRU,7617.414,2,equipment,0.0,0.0
17,7551.427,LARGE,PAD_B,67,NASA,8621.5,POWER,7598.572,3,element,4060.4,690.1
17,7551.427,LARGE,PAD_B,68,CoA,98.0,BASE,7622.81,1,consumables,26.6,594.3
17,7551.427,LARGE,PAD_B,69,CoA,137.7,PSR,7595.85,2,science,35.8,677.0
17,7551.427,LARGE,PAD_B,70,CoC,40.8,BASE,7582.276,2,science,10.0,376.5
17,7551.427,LARGE,PAD_B,71,NASA,128.0,SCI_1,7595.486,2,science,0.0,0.0
17,7551.427,LARGE,PAD_B,72,CoA,79.0,BASE,7597.458,1,consumables,0.0,0.0
17,7551.427,LARGE,PAD_B,73,NASA,3169.9,CONSTR,7593.015,2,infrastructure,705.2,578.8
17,8681.735,LARGE,PAD_A,74,NASA,135.6,BASE,8708.156,1,consumables,0.0,0.0
17,8681.735,LARGE,PAD_A,75,NASA,7534.3,POWER,8712.336,3,element,0.0,0.0
17,8681.735,LARGE,PAD_A,76,CoB,268.9,BASE,8748.525,1,consumables,0.0,0.0
17,8681.735,LARGE,PAD_A,77,CoA,252.3,BASE,8750.57,1,consumables,0.0,0.0
17,8681.735,LARGE,PAD_A,78,CoA,144.6,DEPOT,8745.409,1,consumables,0.0,0.0
17,8681.735,LARGE,PAD_A,79,NASA,101.6,SCI_1,8754.287,2,science,55.3,369.2
17,8681.735,LARGE,PAD_A,80,CoC,133.4,SCI_1,8737.773,2,science,0.0,0.0
17,8681.735,LARGE,PAD_A,81,NASA,1642.3,ISRU,8724.482,2,equipment,550.3,508.7
17,8681.735,LARGE,PAD_A,82,NASA,335.1,BASE,8716.268,1,consumables,0.0,0.0
17,8681.735,LARGE,PAD_A,83,NASA,1878.5,POWER,8750.572,2,equipment,0.0,0.0
17,8681.735,LARGE,PAD_A,84,NASA,580.6,ISRU,8729.392,2,equipment,0.0,0.0
17,8681.735,LARGE,PAD_A,85,NASA,114.3,SCI_1,8747.495,2,science,0.0,0.0
17,8681.735,LARGE,PAD_A,86,CoA,1622.8,CONSTR,8740.227,2,equipment,0.0,0.0
17,8681.735,LARGE,PAD_A,87,CoB,343.2,BASE,8725.164,1,consumables,0.0,0.0
17,8681.735,LARGE,PAD_A,88,NASA,326.6,BASE,8743.255,1,consumables,0.0,0.0
17,8681.735,LARGE,PAD_A,89,CoA,766.3,CONSTR,8749.114,2,equipment,0.0,0.0
17,8681.735,LARGE,PAD_A,90,NASA,335.4,DEPOT,8750.312,1,consumables,169.6,411.9
17,8681.735,LARGE,PAD_A,91,NASA,1690.8,CONSTR,8734.623,2,equipment,0.0,0.0
17,8681.735,LARGE,PAD_A,92,CoC,18.3,BASE,8746.484,2,science,0.0,0.0
17,8681.735,LARGE,PAD_A,93,CoB,347.2,BASE,8737.949,1,consumables,0.0,0.0
17,8681.735,LARGE,PAD_A,94,NASA,72.7,BASE,8718.39,1,consumables,0.0,0.0
17,8681.735,LARGE,PAD_A,95,NASA,490.5,POWER,8751.095,2,equipment,252.8,354.7
17,8681.735,LARGE,PAD_A,96,CoB,91.8,PSR,8730.371,2,science,0.0,0.0
17,8681.735,LARGE,PAD_A,97,CoB,2497.0,POWER,8717.646,2,infrastructure,0.0,0.0
17,8681.735,LARGE,PAD_A,98,NASA,96.2,BASE,8738.926,1,consumables,57.5,166.4
17,8681.735,LARGE,PAD_A,99,NASA,212.7,BASE,8745.614,1,consumables,0.0,0.0
17,8681.735,LARGE,PAD_A,100,NASA,1366.6,CONSTR,8755.479,2,equipment,0.0,0.0
17,8681.735,LARGE,PAD_A,101,NASA,128.5,BASE,8749.34,1,consumables,0.0,0.0
17,8681.735,LARGE,PAD_A,102,CoA,4383.8,ISRU,8748.62,2,infrastructure,1274.2,185.0
18,1106.133,MK1,PAD_A,0,CoA,959.1,POWER,1126.05,2,equipment,0.0,0.0
18,1106.133,MK1,PAD_A,1,CoB,118.1,BASE,1118.792,1,consumables,42.3,541.6
18,1106.133,MK1,PAD_A,2,CoC,664.2,CONSTR,1121.868,2,equipment,0.0,0.0
18,1106.133,MK1,PAD_A,3,NASA,58.7,SCI_1,1141.477,2,science,0.0,0.0
18,1106.133,MK1,PAD_A,4,CoC,808.1,BASE,1131.909,1,consumables,0.0,0.0
18,4824.119,LARGE,PAD_B,5,CoA,1128.2,POWER,4882.216,2,equipment,339.5,523.1
18,4824.119,LARGE,PAD_B,6,NASA,1306.2,ISRU,4872.872,2,equipment,0.0,0.0
18,4824.119,LARGE,PAD_B,7,NASA,291.2,BASE,4861.121,1,consumables,143.3,123.2
18,4824.119,LARGE,PAD_B,8,CoC,871.0,BASE,4890.13,2,equipment,257.7,602.4
18,4824.119,LARGE,PAD_B,9,CoA,10504.4,BASE,4855.336,3,element,5278.7,511.5
18,4824.119,LARGE,PAD_B,10,CoC,57.2,PSR,4875.245,2,science,26.3,362.6
18,4824.119,LARGE,PAD_B,11,NASA,344.2,BASE,4874.774,1,consumables,0.0,0.0
18,4824.119,LARGE,PAD_B,12,NASA,1440.6,POWER,4852.555,2,equipment,333.8,365.8
18,4824.119,LARGE,PAD_B,13,NASA,11839.5,BASE,4897.411,3,element,3897.2,188.6
18,4939.998,CLPS,PAD_B,14,CoB,119.8,DEPOT,4954.122,1,consumables,0.0,0.0
18,4939.998,CLPS,PAD_B,15,CoA,41.4,BASE,4946.466,1,consumables,15.9,315.1
18,5476.644,MK1,PAD_B,16,CoB,381.8,BASE,5509.639,1,consumables,0.0,0.0
18,5476.644,MK1,PAD_B,17,CoA,167.1,BASE,5510.241,1,consumables,0.0,0.0
18,5476.644,MK1,PAD_B,18,CoA,561.2,POWER,5493.557,2,equipment,0.0,0.0
18,5476.644,MK1,PAD_B,19,NASA,18.6,PSR,5508.655,2,science,0.0,0.0
18,5476.644,MK1,PAD_B,20,NASA,33.1,BASE,5503.689,2,science,0.0,0.0
18,5476.644,MK1,PAD_B,21,CoA,181.5,DEPOT,5511.104,1,consumables,0.0,0.0
18,5476.644,MK1,PAD_B,22,CoA,377.8,DEPOT,5504.273,1,consumables,0.0,0.0
18,5476.644,MK1,PAD_B,23,CoA,813.5,BASE,5496.238,1,consumables,0.0,0.0
18,5485.215,MK1,PAD_B,24,NASA,76.9,BASE,5506.566,1,consumables,43.0,530.7
18,5485.215,MK1,PAD_B,25,CoA,1953.6,ISRU,5512.874,2,equipment,508.2,595.9
18,5485.215,MK1,PAD_B,26,CoC,381.4,BASE,5505.568,1,consumables,0.0,0.0
18,5485.215,MK1,PAD_B,27,NASA,220.3,DEPOT,5503.22,1,consumables,0.0,0.0
18,5585.588,MK1,PAD_B,28,CoB,1126.3,POWER,5615.466,2,equipment,0.0,0.0
18,5585.588,MK1,PAD_B,29,CoA,38.5,PSR,5608.047,2,science,0.0,0.0
18,5585.588,MK1,PAD_B,30,CoC,1043.1,BASE,5606.213,1,consumables,0.0,0.0
18,5644.252,CLPS,PAD_B,31,NASA,190.0,BASE,5664.231,1,consumables,60.6,507.4
18,5891.977,MK1,PAD_A,32,NASA,106.9,BASE,5907.81,1,consumables,0.0,0.0
18,5891.977,MK1,PAD_A,33,CoB,624.0,POWER,5917.545,2,equipment,0.0,0.0
18,5891.977,MK1,PAD_A,34,NASA,314.2,BASE,5908.185,1,consumables,0.0,0.0
18,5891.977,MK1,PAD_A,35,CoA,1191.8,POWER,5908.745,2,equipment,271.7,239.1
18,6465.218,MK1,PAD_A,36,NASA,125.9,BASE,6488.623,1,consumables,0.0,0.0
18,6465.218,MK1,PAD_A,37,NASA,391.3,BASE,6497.05,1,consumables,0.0,0.0
18,6465.218,MK1,PAD_A,38,CoC,247.3,BASE,6482.103,1,consumables,0.0,0.0
18,6465.218,MK1,PAD_A,39,NASA,303.4,POWER,6492.718,2,equipment,0.0,0.0
18,6465.218,MK1,PAD_A,40,NASA,145.8,BASE,6485.498,1,consumables,0.0,0.0
18,6465.218,MK1,PAD_A,41,CoA,1912.7,POWER,6494.808,2,equipment,746.9,285.3
18,8495.197,CLPS,PAD_B,42,NASA,238.1,BASE,8507.972,1,consumables,75.1,655.5
19,420.102,MK1,PAD_A,0,CoC,28.1,BASE,444.3,2,science,11.4,177.5
19,420.102,MK1,PAD_A,1,CoA,341.3,BASE,442.896,1,consumables,0.0,0.0
19,420.102,MK1,PAD_A,2,CoA,33.4,SCI_1,434.163,2,science,14.7,687.3
19,420.102,MK1,PAD_A,3,NASA,326.2,ISRU,449.354,2,equipment,153.2,679.1
19,420.102,MK1,PAD_A,4,CoB,383.2,BASE,442.404,1,consumables,0.0,0.0
19,420.102,MK1,PAD_A,5,NASA,1556.1,ISRU,440.729,2,equipment,0.0,0.0
19,420.102,MK1,PAD_A,6,CoC,77.6,SCI_1,450.689,2,science,42.6,270.3
19,420.102,MK1,PAD_A,7,CoC,122.7,BASE,456.967,1,consumables,0.0,0.0
19,785.279,MK1,PAD_B,8,NASA,1490.4,CONSTR,805.483,2,equipment,597.4,174.9
19,785.279,MK1,PAD_B,9,CoA,443.2,BASE,802.413,2,equipment,214.6,260.9
19,785.279,MK1,PAD_B,10,CoA,372.6,BASE,818.757,1,consumables,103.6,179.8
19,1468.188,LARGE,PAD_A,11,CoC,824.8,ISRU,1520.295,2,equipment,0.0,0.0
19,1468.188,LARGE,PAD_A,12,CoB,278.5,BASE,1521.507,1,consumables,0.0,0.0
19,1468.188,LARGE,PAD_A,13,CoA,106.3,BASE,1496.784,1,consumables,45.6,421.0
19,1468.188,LARGE,PAD_A,14,NASA,127.4,BASE,1525.619,1,consumables,0.0,0.0
19,1468.188,LARGE,PAD_A,15,CoA,3573.3,POWER,1540.641,2,infrastructure,1609.2,297.8
19,1468.188,LARGE,PAD_A,16,NASA,67.3,SCI_1,1529.447,2,science,0.0,0.0
19,1468.188,LARGE,PAD_A,17,CoA,4046.2,ISRU,1495.495,2,infrastructure,0.0,0.0
19,1468.188,LARGE,PAD_A,18,CoA,103.9,BASE,1539.602,1,consumables,0.0,0.0
19,1468.188,LARGE,PAD_A,19,NASA,1847.4,POWER,1517.362,2,equipment,0.0,0.0
19,1468.188,LARGE,PAD_A,20,NASA,4968.6,DEPOT,1533.949,1,consumables,0.0,0.0
19,2720.361,CLPS,PAD_A,21,NASA,185.0,BASE,2731.197,1,consumables,0.0,0.0
19,2720.361,CLPS,PAD_A,22,CoA,206.7,BASE,2730.629,1,consumables,0.0,0.0
19,3871.027,MK1,PAD_B,23,CoA,671.5,ISRU,3900.271,2,equipment,187.9,150.9
19,3871.027,MK1,PAD_B,24,CoB,641.0,POWER,3903.594,2,equipment,0.0,0.0
19,3871.027,MK1,PAD_B,25,NASA,111.9,DEPOT,3904.639,1,consumables,35.2,128.6
19,3871.027,MK1,PAD_B,26,NASA,106.8,BASE,3906.477,1,consumables,0.0,0.0
19,3871.027,MK1,PAD_B,27,NASA,396.6,BASE,3901.828,1,consumables,0.0,0.0
19,3871.027,MK1,PAD_B,28,NASA,283.2,BASE,3904.304,1,consumables,0.0,0.0
19,4026.949,MK1,PAD_B,29,CoA,26.2,SCI_1,4051.033,2,science,0.0,0.0
19,4026.949,MK1,PAD_B,30,CoA,715.4,ISRU,4050.282,2,equipment,0.0,0.0
19,4026.949,MK1,PAD_B,31,CoA,602.3,POWER,4061.027,2,equipment,0.0,0.0
19,4026.949,MK1,PAD_B,32,CoA,186.5,BASE,4054.662,1,consumables,0.0,0.0
19,4026.949,MK1,PAD_B,33,CoA,130.7,BASE,4060.089,2,science,0.0,0.0
19,4026.949,MK1,PAD_B,34,NASA,15.1,SCI_1,4052.415,2,science,10.0,692.0
19,4026.949,MK1,PAD_B,35,CoB,109.6,BASE,4053.111,1,consumables,0.0,0.0
19,4026.949,MK1,PAD_B,36,NASA,254.9,BASE,4043.612,1,consumables,63.2,539.3
19,4026.949,MK1,PAD_B,37,NASA,207.7,DEPOT,4061.518,1,consumables,0.0,0.0
19,4026.949,MK1,PAD_B,38,CoA,121.2,BASE,4049.735,2,science,60.8,201.1
19,4578.862,LARGE,PAD_A,39,NASA,210.0,BASE,4607.404,1,consumables,0.0,0.0
19,4578.862,LARGE,PAD_A,40,CoC,108.5,BASE,4631.562,1,consumables,0.0,0.0
19,4578.862,LARGE,PAD_A,41,NASA,1423.8,CONSTR,4629.866,2,equipment,432.4,502.4
19,4578.862,LARGE,PAD_A,42,CoB,377.1,CONSTR,4651.124,2,equipment,167.6,395.7
19,4578.862,LARGE,PAD_A,43,CoB,1326.7,CONSTR,4617.83,2,equipment,487.4,259.8
19,4578.862,LARGE,PAD_A,44,CoC,3052.4,POWER,4613.635,2,infrastructure,0.0,0.0
19,4578.862,LARGE,PAD_A,45,CoA,307.7,BASE,4643.873,1,consumables,116.7,401.1
19,4578.862,LARGE,PAD_A,46,CoC,81.5,PSR,4647.044,2,science,0.0,0.0
19,4578.862,LARGE,PAD_A,47,CoA,166.0,BASE,4637.72,1,consumables,0.0,0.0
19,4578.862,LARGE,PAD_A,48,NASA,991.7,CONSTR,4640.195,2,equipment,0.0,0.0
19,4578.862,LARGE,PAD_A,49,NASA,38.2,PSR,4630.295,2,science,0.0,0.0
19,4578.862,LARGE,PAD_A,50,CoB,107.1,BASE,4626.605,2,science,0.0,0.0
19,4578.862,LARGE,PAD_A,51,NASA,333.8,BASE,4614.918,1,consumables,0.0,0.0
19,4578.862,LARGE,PAD_A,52,CoB,739.3,CONSTR,4650.404,2,equipment,0.0,0.0
19,4578.862,LARGE,PAD_A,53,CoB,5017.9,CONSTR,4651.836,2,infrastructure,2090.4,232.2
19,4578.862,LARGE,PAD_A,54,CoB,4175.3,POWER,4636.477,2,infrastructure,0.0,0.0
19,4578.862,LARGE,PAD_A,55,CoC,307.4,BASE,4608.0,1,consumables,166.8,672.3
19,4578.862,LARGE,PAD_A,56,CoA,129.3,DEPOT,4637.148,1,consumables,0.0,0.0
19,4578.862,LARGE,PAD_A,57,CoB,281.4,BASE,4621.879,1,consumables,0.0,0.0
19,4578.862,LARGE,PAD_A,58,CoB,179.4,BASE,4635.007,1,consumables,0.0,0.0
19,4578.862,LARGE,PAD_A,59,CoA,779.0,POWER,4628.939,2,equipment,370.1,383.0
19,4578.862,LARGE,PAD_A,60,CoB,324.3,BASE,4653.809,1,consumables,0.0,0.0
19,4578.862,LARGE,PAD_A,61,CoA,8383.1,BASE,4627.909,3,element,0.0,0.0
19,5658.917,MK1,PAD_B,62,NASA,185.4,DEPOT,5673.642,1,consumables,0.0,0.0
19,5658.917,MK1,PAD_B,63,NASA,1015.2,CONSTR,5672.269,2,equipment,0.0,0.0
19,5658.917,MK1,PAD_B,64,CoB,223.7,BASE,5671.899,1,consumables,0.0,0.0
19,5658.917,MK1,PAD_B,65,CoA,649.1,POWER,5679.496,2,equipment,381.6,264.7
19,5658.917,MK1,PAD_B,66,CoA,499.0,BASE,5689.822,1,consumables,296.7,284.7
19,5947.12,LARGE,PAD_A,67,NASA,228.6,BASE,6014.944,1,consumables,0.0,0.0
19,5947.12,LARGE,PAD_A,68,CoA,5512.8,ISRU,5988.989,2,infrastructure,0.0,0.0
19,5947.12,LARGE,PAD_A,69,NASA,4987.2,ISRU,5986.874,2,infrastructure,0.0,0.0
19,5947.12,LARGE,PAD_A,70,CoC,4527.5,BASE,6000.837,1,consumables,0.0,0.0
19,6291.303,CLPS,PAD_B,71,NASA,11.9,PSR,6307.319,2,science,0.0,0.0
19,6291.303,CLPS,PAD_B,72,NASA,72.4,DEPOT,6314.53,1,consumables,0.0,0.0
19,6291.303,CLPS,PAD_B,73,CoA,307.0,DEPOT,6313.189,1,consumables,135.3,629.0
19,6291.303,CLPS,PAD_B,74,NASA,110.6,BASE,6300.6,1,consumables,0.0,0.0
19,6671.118,MK1,PAD_B,75,CoA,111.8,PSR,6693.142,2,science,0.0,0.0
19,6671.118,MK1,PAD_B,76,NASA,134.2,SCI_1,6694.532,2,science,0.0,0.0
19,6671.118,MK1,PAD_B,77,NASA,77.2,PSR,6688.463,2,science,0.0,0.0
19,6671.118,MK1,PAD_B,78,NASA,103.3,SCI_1,6700.211,2,science,0.0,0.0
19,6671.118,MK1,PAD_B,79,NASA,82.3,SCI_1,6699.631,2,science,0.0,0.0
19,6671.118,MK1,PAD_B,80,CoA,111.3,SCI_1,6687.362,2,science,0.0,0.0
19,6671.118,MK1,PAD_B,81,CoB,244.2,DEPOT,6694.149,1,consumables,0.0,0.0
19,6671.118,MK1,PAD_B,82,NASA,84.1,BASE,6704.208,1,consumables,0.0,0.0
19,6671.118,MK1,PAD_B,83,NASA,1615.9,POWER,6692.04,2,equipment,0.0,0.0
19,6841.258,CLPS,PAD_B,84,CoC,94.1,PSR,6856.247,2,science,0.0,0.0
19,6841.258,CLPS,PAD_B,85,CoA,34.3,SCI_1,6848.975,2,science,0.0,0.0
19,6841.258,CLPS,PAD_B,86,NASA,192.3,BASE,6853.107,1,consumables,90.0,213.8
19,6841.258,CLPS,PAD_B,87,NASA,94.3,BASE,6859.327,1,consumables,0.0,0.0
19,6841.258,CLPS,PAD_B,88,NASA,24.0,BASE,6852.845,1,consumables,10.0,374.7
19,7158.58,LARGE,PAD_B,89,CoB,121.2,SCI_1,7190.434,2,science,0.0,0.0
19,7158.58,LARGE,PAD_B,90,NASA,1527.9,CONSTR,7189.169,2,equipment,0.0,0.0
19,7158.58,LARGE,PAD_B,91,NASA,2901.1,ISRU,7196.347,2,infrastructure,0.0,0.0
19,7158.58,LARGE,PAD_B,92,CoC,164.9,BASE,7216.652,1,consumables,97.7,473.9
19,7158.58,LARGE,PAD_B,93,CoC,69.1,PSR,7214.462,2,science,0.0,0.0
19,7158.58,LARGE,PAD_B,94,NASA,350.9,BASE,7192.976,1,consumables,0.0,0.0
19,7158.58,LARGE,PAD_B,95,CoA,7249.6,BASE,7203.775,1,consumables,1930.0,455.9
19,8040.487,MK1,PAD_A,96,NASA,1047.1,CONSTR,8054.071,2,equipment,0.0,0.0
19,8040.487,MK1,PAD_A,97,CoC,64.5,SCI_1,8065.599,2,science,0.0,0.0
19,8040.487,MK1,PAD_A,98,CoA,341.5,DEPOT,8071.902,1,consumables,0.0,0.0
19,8040.487,MK1,PAD_A,99,NASA,28.3,SCI_1,8053.561,2,science,10.0,668.2
19,8040.487,MK1,PAD_A,100,NASA,135.0,PSR,8066.174,2,science,0.0,0.0
19,8040.487,MK1,PAD_A,101,CoA,866.1,POWER,8076.499,2,equipment,0.0,0.0
20,460.65,MK1,PAD_B,0,NASA,109.2,BASE,489.319,1,consumables,0.0,0.0
20,460.65,MK1,PAD_B,1,CoA,597.9,POWER,485.764,2,equipment,313.8,184.7
20,460.65,MK1,PAD_B,2,NASA,98.7,PSR,480.108,2,science,0.0,0.0
20,460.65,MK1,PAD_B,3,CoC,73.6,BASE,487.204,1,consumables,42.1,239.3
20,460.65,MK1,PAD_B,4,CoA,59.9,SCI_1,488.299,2,science,15.7,399.2
20,460.65,MK1,PAD_B,5,CoC,229.0,BASE,486.656,1,consumables,0.0,0.0
20,460.65,MK1,PAD_B,6,CoA,84.6,SCI_1,480.32,2,science,0.0,0.0
20,460.65,MK1,PAD_B,7,NASA,105.0,PSR,485.96,2,science,0.0,0.0
20,460.65,MK1,PAD_B,8,CoA,757.3,POWER,496.721,2,equipment,0.0,0.0
20,460.65,MK1,PAD_B,9,NASA,803.2,DEPOT,488.96,1,consumables,0.0,0.0
20,642.477,MK1,PAD_A,10,CoA,237.3,BASE,660.236,1,consumables,0.0,0.0
20,642.477,MK1,PAD_A,11,NASA,374.8,BASE,669.905,1,consumables,0.0,0.0
20,642.477,MK1,PAD_A,12,CoA,395.5,BASE,664.157,1,consumables,218.3,335.4
20,642.477,MK1,PAD_A,13,NASA,347.3,BASE,677.142,1,consumables,90.9,419.0
20,642.477,MK1,PAD_A,14,CoA,146.3,BASE,659.932,2,science,0.0,0.0
20,642.477,MK1,PAD_A,15,NASA,145.1,SCI_1,660.212,2,science,0.0,0.0
20,642.477,MK1,PAD_A,16,NASA,408.9,BASE,658.152,1,consumables,105.9,257.5
20,2644.416,MK1,PAD_B,17,NASA,212.3,BASE,2678.093,1,consumables,124.2,508.2
20,2644.416,MK1,PAD_B,18,CoA,321.0,BASE,2669.884,1,consumables,180.9,169.8
20,2644.416,MK1,PAD_B,19,NASA,739.3,CONSTR,2660.815,2,equipment,0.0,0.0
20,2644.416,MK1,PAD_B,20,CoA,808.2,CONSTR,2678.295,2,equipment,0.0,0.0
20,2644.416,MK1,PAD_B,21,CoA,298.8,BASE,2668.83,1,consumables,0.0,0.0
20,3584.315,CLPS,PAD_A,22,NASA,275.7,BASE,3607.258,1,consumables,0.0,0.0
20,3584.315,CLPS,PAD_A,23,NASA,202.9,BASE,3592.265,1,consumables,0.0,0.0
20,4094.646,LARGE,PAD_A,24,NASA,129.7,BASE,4154.14,1,consumables,0.0,0.0
20,4094.646,LARGE,PAD_A,25,CoA,1340.7,POWER,4160.896,2,equipment,0.0,0.0
20,4094.646,LARGE,PAD_A,26,NASA,151.4,DEPOT,4161.35,1,consumables,0.0,0.0
20,4094.646,LARGE,PAD_A,27,NASA,1490.1,CONSTR,4154.098,2,equipment,0.0,0.0
20,4094.646,LARGE,PAD_A,28,CoA,106.7,PSR,4156.124,2,science,0.0,0.0
20,4094.646,LARGE,PAD_A,29,CoB,2001.7,CONSTR,4123.449,2,infrastructure,404.4,176.9
20,4094.646,LARGE,PAD_A,30,NASA,4422.1,CONSTR,4153.571,2,infrastructure,950.5,180.8
20,4094.646,LARGE,PAD_A,31,CoA,45.5,PSR,4127.41,2,science,0.0,0.0
20,4094.646,LARGE,PAD_A,32,CoA,14376.2,BASE,4163.874,3,element,5299.2,681.5
20,4094.646,LARGE,PAD_A,33,NASA,1679.1,POWER,4148.785,2,equipment,638.8,349.2
20,4094.646,LARGE,PAD_A,34,NASA,374.1,BASE,4169.001,1,consumables,0.0,0.0
20,4094.646,LARGE,PAD_A,35,CoC,63.4,SCI_1,4153.609,2,science,25.9,444.0
20,4094.646,LARGE,PAD_A,36,CoB,114.1,BASE,4160.579,1,consumables,42.4,559.3
20,4094.646,LARGE,PAD_A,37,NASA,3040.4,BASE,4144.11,1,consumables,0.0,0.0
20,4578.049,CLPS,PAD_A,38,NASA,110.9,BASE,4598.044,1,consumables,0.0,0.0
20,5369.612,LARGE,PAD_B,39,CoA,834.4,CONSTR,5420.564,2,equipment,274.5,429.5
20,5369.612,LARGE,PAD_B,40,CoB,89.8,BASE,5410.851,1,consumables,0.0,0.0
20,5369.612,LARGE,PAD_B,41,NASA,120.7,BASE,5412.432,1,consumables,0.0,0.0
20,5369.612,LARGE,PAD_B,42,CoB,149.4,BASE,5405.292,1,consumables,55.2,146.2
20,5369.612,LARGE,PAD_B,43,CoC,160.5,BASE,5431.582,1,consumables,0.0,0.0
20,5369.612,LARGE,PAD_B,44,CoB,160.9,BASE,5400.263,1,consumables,85.3,337.1
20,5369.612,LARGE,PAD_B,45,CoA,643.4,CONSTR,5419.643,2,equipment,332.3,714.2
20,5369.612,LARGE,PAD_B,46,CoA,1354.9,BASE,5410.294,2,equipment,648.8,715.3
20,5369.612,LARGE,PAD_B,47,NASA,316.7,BASE,5404.173,1,consumables,172.8,684.7
20,5369.612,LARGE,PAD_B,48,NASA,293.1,BASE,5401.513,1,consumables,100.4,247.2
20,5369.612,LARGE,PAD_B,49,NASA,1936.1,POWER,5401.739,2,equipment,0.0,0.0
20,5369.612,LARGE,PAD_B,50,NASA,10077.7,BASE,5418.538,3,element,4159.2,625.4
20,5369.612,LARGE,PAD_B,51,NASA,977.6,POWER,5415.03,2,equipment,0.0,0.0
20,5369.612,LARGE,PAD_B,52,CoA,190.1,DEPOT,5429.189,1,consumables,0.0,0.0
20,5369.612,LARGE,PAD_B,53,CoA,1374.7,ISRU,5442.087,2,equipment,0.0,0.0
20,5369.612,LARGE,PAD_B,54,NASA,1536.7,CONSTR,5420.552,2,equipment,0.0,0.0
20,5369.612,LARGE,PAD_B,55,NASA,109.5,SCI_1,5403.659,2,science,49.3,315.0
20,5369.612,LARGE,PAD_B,56,CoA,244.8,BASE,5418.242,1,consumables,0.0,0.0
20,5369.612,LARGE,PAD_B,57,CoA,91.0,PSR,5420.571,2,science,0.0,0.0
20,5369.612,LARGE,PAD_B,58,NASA,2803.5,ISRU,5433.898,2,infrastructure,0.0,0.0
20,5369.612,LARGE,PAD_B,59,NASA,1955.7,ISRU,5415.53,2,equipment,0.0,0.0
20,5369.612,LARGE,PAD_B,60,CoC,139.3,BASE,5438.002,2,science,0.0,0.0
20,5369.612,LARGE,PAD_B,61,NASA,1391.0,CONSTR,5443.869,2,equipment,0.0,0.0
20,5369.612,LARGE,PAD_B,62,NASA,113.0,BASE,5440.713,2,science,30.0,638.1
20,5369.612,LARGE,PAD_B,63,NASA,182.1,DEPOT,5402.25,1,consumables,84.6,231.1
20,5369.612,LARGE,PAD_B,64,CoA,192.4,BASE,5412.66,1,consumables,0.0,0.0
20,5369.612,LARGE,PAD_B,65,NASA,34.7,SCI_1,5421.497,2,science,0.0,0.0
20,5369.612,LARGE,PAD_B,66,NASA,2979.2,POWER,5402.255,2,infrastructure,1486.7,445.8
20,6153.399,LARGE,PAD_A,67,NASA,591.4,CONSTR,6198.047,2,equipment,0.0,0.0
20,6153.399,LARGE,PAD_A,68,NASA,57.7,SCI_1,6190.226,2,science,0.0,0.0
20,6153.399,LARGE,PAD_A,69,NASA,144.1,SCI_1,6184.167,2,science,0.0,0.0
20,6153.399,LARGE,PAD_A,70,NASA,223.4,BASE,6183.345,1,consumables,0.0,0.0
20,6153.399,LARGE,PAD_A,71,CoC,6391.5,POWER,6203.024,3,element,1880.9,296.8
20,6153.399,LARGE,PAD_A,72,NASA,386.0,BASE,6225.56,1,consumables,0.0,0.0
20,6153.399,LARGE,PAD_A,73,NASA,79.2,DEPOT,6210.888,1,consumables,0.0,0.0
20,6153.399,LARGE,PAD_A,74,NASA,423.8,CONSTR,6210.351,2,equipment,0.0,0.0
20,6153.399,LARGE,PAD_A,75,CoC,86.1,BASE,6213.099,1,consumables,0.0,0.0
20,6153.399,LARGE,PAD_A,76,CoB,315.5,BASE,6222.209,1,consumables,0.0,0.0
20,6153.399,LARGE,PAD_A,77,NASA,91.7,SCI_1,6218.062,2,science,22.0,704.3
20,6153.399,LARGE,PAD_A,78,NASA,80.8,SCI_1,6194.644,2,science,0.0,0.0
20,6153.399,LARGE,PAD_A,79,CoB,7635.8,BASE,6180.942,1,consumables,0.0,0.0
20,7073.482,MK1,PAD_A,80,CoC,281.9,DEPOT,7104.769,1,consumables,59.0,326.0
20,7073.482,MK1,PAD_A,81,CoB,326.3,BASE,7095.423,1,consumables,70.7,497.8
20,7073.482,MK1,PAD_A,82,NASA,63.1,BASE,7091.264,1,consumables,0.0,0.0
20,7073.482,MK1,PAD_A,83,CoC,185.7,BASE,7092.111,1,consumables,52.9,568.0
20,7073.482,MK1,PAD_A,84,NASA,368.2,BASE,7105.909,1,consumables,0.0,0.0
20,7073.482,MK1,PAD_A,85,CoA,801.5,BASE,7097.866,2,equipment,331.7,361.8
20,7073.482,MK1,PAD_A,86,CoC,387.2,BASE,7107.656,1,consumables,169.3,649.5
20,7073.482,MK1,PAD_A,87,CoA,135.8,BASE,7105.816,1,consumables,30.2,643.8
20,7073.482,MK1,PAD_A,88,NASA,367.2,BASE,7101.098,1,consumables,0.0,0.0
20,7124.555,MK1,PAD_B,89,CoA,395.1,BASE,7159.569,1,consumables,0.0,0.0
20,7124.555,MK1,PAD_B,90,NASA,1863.6,POWER,7146.501,2,equipment,0.0,0.0
21,984.651,CLPS,PAD_B,0,NASA,181.2,BASE,994.118,1,consumables,0.0,0.0
21,1639.202,LARGE,PAD_A,1,CoA,982.8,POWER,1663.778,2,equipment,0.0,0.0
21,1639.202,LARGE,PAD_A,2,CoA,12375.4,BASE,1678.658,3,element,0.0,0.0
21,1639.202,LARGE,PAD_A,3,CoA,64.0,BASE,1690.805,1,consumables,0.0,0.0
21,1639.202,LARGE,PAD_A,4,CoC,119.4,BASE,1700.024,1,consumables,0.0,0.0
21,1639.202,LARGE,PAD_A,5,NASA,121.0,BASE,1707.069,1,consumables,0.0,0.0
21,1639.202,LARGE,PAD_A,6,CoB,327.7,BASE,1698.09,1,consumables,0.0,0.0
21,1639.202,LARGE,PAD_A,7,NASA,4753.7,ISRU,1704.646,2,infrastructure,2823.2,378.8
21,1639.202,LARGE,PAD_A,8,CoC,355.6,DEPOT,1699.504,1,consumables,110.5,607.3
21,1639.202,LARGE,PAD_A,9,NASA,8526.4,POWER,1682.317,3,element,2305.0,460.6
21,1727.408,CLPS,PAD_A,10,CoA,289.0,BASE,1747.236,1,consumables,125.9,472.5
21,3857.045,MK1,PAD_B,11,CoA,1378.7,BASE,3889.804,2,equipment,0.0,0.0
21,3857.045,MK1,PAD_B,12,NASA,899.7,POWER,3882.125,2,equipment,0.0,0.0
21,3866.616,MK1,PAD_A,13,NASA,297.9,DEPOT,3892.29,1,consumables,155.5,412.9
21,3866.616,MK1,PAD_A,14,NASA,1625.4,CONSTR,3888.89,2,equipment,0.0,0.0
21,3866.616,MK1,PAD_A,15,NASA,48.9,SCI_1,3879.835,2,science,0.0,0.0
21,3866.616,MK1,PAD_A,16,CoC,390.4,DEPOT,3902.675,1,consumables,0.0,0.0
21,3866.616,MK1,PAD_A,17,NASA,744.9,CONSTR,3889.461,2,equipment,152.5,126.2
21,4357.296,LARGE,PAD_B,18,NASA,138.3,SCI_1,4399.146,2,science,0.0,0.0
21,4357.296,LARGE,PAD_B,19,NASA,123.1,SCI_1,4382.949,2,science,0.0,0.0
21,4357.296,LARGE,PAD_B,20,NASA,109.1,BASE,4411.042,2,science,0.0,0.0
21,4357.296,LARGE,PAD_B,21,CoB,697.0,ISRU,4414.495,2,equipment,0.0,0.0
21,4357.296,LARGE,PAD_B,22,CoA,1255.8,POWER,4393.445,2,equipment,550.1,167.4
21,4357.296,LARGE,PAD_B,23,NASA,103.0,SCI_1,4405.264,2,science,0.0,0.0
21,4357.296,LARGE,PAD_B,24,NASA,240.9,DEPOT,4395.746,1,consumables,0.0,0.0
21,4357.296,LARGE,PAD_B,25,CoA,4985.7,POWER,4427.339,2,infrastructure,2740.5,276.8
21,4357.296,LARGE,PAD_B,26,NASA,345.5,BASE,4397.451,1,consumables,172.3,662.4
21,4357.296,LARGE,PAD_B,27,NASA,181.0,BASE,4418.307,1,consumables,70.0,282.4
21,4357.296,LARGE,PAD_B,28,NASA,87.6,SCI_1,4427.381,2,science,0.0,0.0
21,4357.296,LARGE,PAD_B,29,NASA,65.7,PSR,4404.854,2,science,0.0,0.0
21,4357.296,LARGE,PAD_B,30,CoC,11837.9,BASE,4423.587,3,element,0.0,0.0
21,4357.296,LARGE,PAD_B,31,NASA,183.4,BASE,4399.956,1,consumables,0.0,0.0
21,4357.296,LARGE,PAD_B,32,NASA,196.7,BASE,4417.726,1,consumables,112.9,573.8
21,4357.296,LARGE,PAD_B,33,CoC,4088.4,ISRU,4409.865,2,infrastructure,0.0,0.0
21,4357.296,LARGE,PAD_B,34,NASA,2655.9,POWER,4432.355,2,infrastructure,0.0,0.0
21,4357.296,LARGE,PAD_B,35,NASA,547.2,BASE,4415.773,1,consumables,0.0,0.0
21,5747.325,MK1,PAD_B,36,CoA,1881.2,CONSTR,5765.434,2,equipment,797.6,238.7
21,5747.325,MK1,PAD_B,37,NASA,322.8,BASE,5766.261,1,consumables,0.0,0.0
21,5747.325,MK1,PAD_B,38,NASA,746.3,BASE,5768.799,1,consumables,0.0,0.0
21,5887.239,CLPS,PAD_B,39,CoA,209.1,BASE,5899.042,1,consumables,0.0,0.0
21,5921.604,CLPS,PAD_B,40,NASA,199.9,BASE,5943.512,1,consumables,57.0,514.3
21,6340.305,LARGE,PAD_B,41,CoA,111.1,BASE,6400.156,1,consumables,0.0,0.0
21,6340.305,LARGE,PAD_B,42,CoC,680.4,ISRU,6407.875,2,equipment,223.3,584.2
21,6340.305,LARGE,PAD_B,43,NASA,175.0,BASE,6397.198,1,consumables,53.5,675.5
21,6340.305,LARGE,PAD_B,44,NASA,326.7,BASE,6381.052,1,consumables,0.0,0.0
21,6340.305,LARGE,PAD_B,45,NASA,2358.9,POWER,6392.562,2,infrastructure,0.0,0.0
21,6340.305,LARGE,PAD_B,46,NASA,1859.0,ISRU,6368.649,2,equipment,0.0,0.0
21,6340.305,LARGE,PAD_B,47,NASA,84.9,PSR,6397.356,2,science,0.0,0.0
21,6340.305,LARGE,PAD_B,48,CoC,308.6,BASE,6393.411,1,consumables,0.0,0.0
21,6340.305,LARGE,PAD_B,49,NASA,552.4,CONSTR,6412.669,2,equipment,304.1,363.5
21,6340.305,LARGE,PAD_B,50,CoA,195.0,BASE,6383.402,1,consumables,0.0,0.0
21,6340.305,LARGE,PAD_B,51,CoC,144.1,SCI_1,6401.808,2,science,0.0,0.0
21,6340.305,LARGE,PAD_B,52,NASA,251.1,DEPOT,6395.879,1,consumables,0.0,0.0
21,6340.305,LARGE,PAD_B,53,CoC,1592.2,CONSTR,6389.321,2,equipment,0.0,0.0
21,6340.305,LARGE,PAD_B,54,NASA,1100.6,ISRU,6379.744,2,equipment,0.0,0.0
21,6340.305,LARGE,PAD_B,55,CoA,75.9,BASE,6411.983,1,consumables,0.0,0.0
21,6340.305,LARGE,PAD_B,56,CoA,218.5,BASE,6385.705,1,consumables,0.0,0.0
21,6340.305,LARGE,PAD_B,57,NASA,348.7,BASE,6393.516,1,consumables,0.0,0.0
21,6340.305,LARGE,PAD_B,58,NASA,364.4,BASE,6368.715,1,consumables,0.0,0.0
21,6340.305,LARGE,PAD_B,59,CoC,9903.6,POWER,6385.523,3,element,0.0,0.0
21,6873.583,LARGE,PAD_A,60,CoA,1115.3,ISRU,6914.36,2,equipment,0.0,0.0
21,6873.583,LARGE,PAD_A,61,NASA,1375.4,CONSTR,6928.967,2,equipment,0.0,0.0
21,6873.583,LARGE,PAD_A,62,NASA,1644.5,ISRU,6940.626,2,equipment,0.0,0.0
21,6873.583,LARGE,PAD_A,63,CoA,378.0,BASE,6904.017,1,consumables,0.0,0.0
21,6873.583,LARGE,PAD_A,64,NASA,112.5,BASE,6944.502,1,consumables,0.0,0.0
21,6873.583,LARGE,PAD_A,65,NASA,50.9,SCI_1,6899.529,2,science,0.0,0.0
21,6873.583,LARGE,PAD_A,66,CoA,116.2,BASE,6928.306,1,consumables,54.5,418.2
21,6873.583,LARGE,PAD_A,67,NASA,144.5,BASE,6926.145,2,science,0.0,0.0
21,6873.583,LARGE,PAD_A,68,NASA,144.3,PSR,6916.25,2,science,0.0,0.0
21,6873.583,LARGE,PAD_A,69,CoB,1648.7,CONSTR,6942.592,2,equipment,908.9,407.1
21,6873.583,LARGE,PAD_A,70,CoB,145.4,BASE,6947.871,1,consumables,0.0,0.0
21,6873.583,LARGE,PAD_A,71,CoA,811.0,CONSTR,6905.087,2,equipment,338.3,567.1
21,6873.583,LARGE,PAD_A,72,CoC,77.3,BASE,6941.929,1,consumables,37.4,484.9
21,6873.583,LARGE,PAD_A,73,NASA,218.3,BASE,6915.842,1,consumables,0.0,0.0
21,6873.583,LARGE,PAD_A,74,CoB,499.9,ISRU,6912.261,2,equipment,0.0,0.0
21,6873.583,LARGE,PAD_A,75,NASA,234.7,BASE,6942.78,1,consumables,0.0,0.0
21,6873.583,LARGE,PAD_A,76,NASA,348.9,BASE,6935.751,1,consumables,119.5,508.9
21,6873.583,LARGE,PAD_A,77,NASA,62.2,DEPOT,6926.772,1,consumables,0.0,0.0
21,6873.583,LARGE,PAD_A,78,NASA,84.2,PSR,6932.006,2,science,0.0,0.0
21,6873.583,LARGE,PAD_A,79,CoB,137.9,BASE,6941.436,1,consumables,0.0,0.0
21,6873.583,LARGE,PAD_A,80,NASA,283.2,DEPOT,6912.684,1,consumables,0.0,0.0
21,6873.583,LARGE,PAD_A,81,NASA,330.0,CONSTR,6935.395,2,equipment,91.8,589.7
21,6873.583,LARGE,PAD_A,82,CoA,78.6,PSR,6908.657,2,science,0.0,0.0
21,6873.583,LARGE,PAD_A,83,NASA,861.5,ISRU,6915.38,2,equipment,0.0,0.0
21,6873.583,LARGE,PAD_A,84,CoB,221.9,BASE,6933.208,1,consumables,99.6,414.1
21,6873.583,LARGE,PAD_A,85,NASA,27.9,SCI_1,6941.281,2,science,0.0,0.0
21,6873.583,LARGE,PAD_A,86,NASA,4090.4,ISRU,6930.669,2,infrastructure,0.0,0.0
21,6873.583,LARGE,PAD_A,87,CoC,1262.4,POWER,6948.97,2,equipment,0.0,0.0
21,6873.583,LARGE,PAD_A,88,NASA,76.1,PSR,6916.882,2,science,37.2,379.2
21,6873.583,LARGE,PAD_A,89,CoB,945.9,DEPOT,6941.375,1,consumables,0.0,0.0
21,8394.414,CLPS,PAD_A,90,NASA,12.3,BASE,8414.87,2,science,0.0,0.0
21,8394.414,CLPS,PAD_A,91,NASA,210.1,BASE,8403.199,1,consumables,0.0,0.0
21,8696.417,CLPS,PAD_B,92,CoA,89.5,BASE,8713.995,1,consumables,0.0,0.0
21,8696.417,CLPS,PAD_B,93,CoB,444.5,POWER,8705.192,2,equipment,195.8,261.8
22,439.238,MK1,PAD_A,0,NASA,234.1,BASE,471.597,1,consumables,0.0,0.0
22,439.238,MK1,PAD_A,1,CoA,1260.8,ISRU,468.398,2,equipment,0.0,0.0
22,439.238,MK1,PAD_A,2,NASA,1013.3,CONSTR,464.968,2,equipment,0.0,0.0
22,1896.415,MK1,PAD_B,3,CoB,1528.1,BASE,1913.8,2,equipment,0.0,0.0
22,1896.415,MK1,PAD_B,4,NASA,498.3,DEPOT,1929.125,1,consumables,0.0,0.0
22,2886.979,MK1,PAD_A,5,CoA,1308.9,ISRU,2903.481,2,equipment,0.0,0.0
22,2886.979,MK1,PAD_A,6,NASA,1421.1,POWER,2911.609,2,equipment,0.0,0.0
22,4023.793,CLPS,PAD_A,7,CoC,168.2,BASE,4046.829,1,consumables,0.0,0.0
22,4181.393,MK1,PAD_A,8,CoB,161.3,BASE,4210.958,1,consumables,94.7,497.0
22,4181.393,MK1,PAD_A,9,NASA,137.8,SCI_1,4201.502,2,science,0.0,0.0
22,4181.393,MK1,PAD_A,10,NASA,318.9,BASE,4214.287,1,consumables,94.8,420.1
22,4181.393,MK1,PAD_A,11,NASA,63.9,BASE,4205.083,2,science,15.4,573.4
22,4181.393,MK1,PAD_A,12,CoA,1985.8,CONSTR,4203.399,2,equipment,0.0,0.0
22,4181.393,MK1,PAD_A,13,CoA,331.1,BASE,4202.785,1,consumables,0.0,0.0
22,5721.959,CLPS,PAD_B,14,CoA,180.6,BASE,5741.142,1,consumables,69.8,521.5
22,8014.037,LARGE,PAD_A,15,CoA,68.8,SCI_1,8077.71,2,science,0.0,0.0
22,8014.037,LARGE,PAD_A,16,NASA,41.4,BASE,8047.331,2,science,0.0,0.0
22,8014.037,LARGE,PAD_A,17,NASA,195.2,BASE,8067.923,1,consumables,0.0,0.0
22,8014.037,LARGE,PAD_A,18,NASA,103.7,DEPOT,8074.311,1,consumables,0.0,0.0
22,8014.037,LARGE,PAD_A,19,CoA,235.2,DEPOT,8071.289,1,consumables,63.1,674.2
22,8014.037,LARGE,PAD_A,20,CoB,181.0,BASE,8049.557,1,consumables,0.0,0.0
22,8014.037,LARGE,PAD_A,21,NASA,97.9,BASE,8042.078,1,consumables,33.0,551.4
22,8014.037,LARGE,PAD_A,22,CoA,2757.3,ISRU,8065.381,2,infrastructure,0.0,0.0
22,8014.037,LARGE,PAD_A,23,CoA,3323.9,ISRU,8074.78,2,infrastructure,0.0,0.0
22,8014.037,LARGE,PAD_A,24,NASA,384.6,BASE,8043.971,1,consumables,0.0,0.0
22,8014.037,LARGE,PAD_A,25,CoA,1153.3,CONSTR,8071.973,2,equipment,486.8,159.3
22,8014.037,LARGE,PAD_A,26,CoA,372.8,ISRU,8043.119,2,equipment,0.0,0.0
22,8014.037,LARGE,PAD_A,27,CoC,79.6,BASE,8061.056,1,consumables,0.0,0.0
22,8014.037,LARGE,PAD_A,28,CoA,103.7,BASE,8056.392,1,consumables,0.0,0.0
22,8014.037,LARGE,PAD_A,29,CoB,36.7,PSR,8042.819,2,science,0.0,0.0
22,8014.037,LARGE,PAD_A,30,CoA,553.7,CONSTR,8072.22,2,equipment,285.6,318.8
22,8014.037,LARGE,PAD_A,31,CoC,256.5,BASE,8043.072,1,consumables,0.0,0.0
22,8014.037,LARGE,PAD_A,32,CoC,100.6,BASE,8053.087,1,consumables,45.4,397.3
22,8014.037,LARGE,PAD_A,33,NASA,1610.0,POWER,8086.987,2,equipment,0.0,0.0
22,8014.037,LARGE,PAD_A,34,CoA,57.8,PSR,8078.465,2,science,0.0,0.0
22,8014.037,LARGE,PAD_A,35,CoA,355.2,BASE,8056.918,1,consumables,0.0,0.0
22,8014.037,LARGE,PAD_A,36,NASA,2985.5,BASE,8084.395,1,consumables,1452.2,304.3
23,1767.585,CLPS,PAD_A,0,NASA,272.4,BASE,1790.516,1,consumables,0.0,0.0
23,1767.585,CLPS,PAD_A,1,CoB,42.7,SCI_1,1781.923,2,science,0.0,0.0
23,1767.585,CLPS,PAD_A,2,CoA,116.3,BASE,1787.206,1,consumables,0.0,0.0
23,2640.731,MK1,PAD_B,3,NASA,214.8,BASE,2660.147,1,consumables,0.0,0.0
23,2640.731,MK1,PAD_B,4,CoC,261.9,BASE,2662.404,1,consumables,0.0,0.0
23,2640.731,MK1,PAD_B,5,NASA,1180.9,POWER,2656.378,2,equipment,0.0,0.0
23,2640.731,MK1,PAD_B,6,NASA,39.2,BASE,2672.267,2,science,0.0,0.0
23,2640.731,MK1,PAD_B,7,CoB,686.5,BASE,2664.157,1,consumables,0.0,0.0
23,3408.312,MK1,PAD_A,8,NASA,104.1,SCI_1,3424.127,2,science,0.0,0.0
23,3408.312,MK1,PAD_A,9,NASA,287.0,BASE,3438.554,1,consumables,89.7,162.1
23,3408.312,MK1,PAD_A,10,CoB,1487.3,ISRU,3422.17,2,equipment,0.0,0.0
23,3408.312,MK1,PAD_A,11,CoA,1116.9,BASE,3443.907,1,consumables,0.0,0.0
23,3982.876,MK1,PAD_B,12,CoA,316.2,BASE,4000.121,1,consumables,0.0,0.0
23,3982.876,MK1,PAD_B,13,CoC,125.5,PSR,3995.488,2,science,0.0,0.0
23,3982.876,MK1,PAD_B,14,NASA,1698.1,POWER,4016.362,2,equipment,549.5,216.0
23,3982.876,MK1,PAD_B,15,NASA,36.6,SCI_1,4007.192,2,science,0.0,0.0
23,3982.876,MK1,PAD_B,16,NASA,360.7,BASE,4013.252,1,consumables,0.0,0.0
23,3982.876,MK1,PAD_B,17,CoC,88.1,BASE,4011.093,1,consumables,0.0,0.0
23,4748.468,LARGE,PAD_A,18,CoA,116.4,SCI_1,4781.08,2,science,47.9,158.4
23,4748.468,LARGE,PAD_A,19,CoB,112.7,SCI_1,4781.338,2,science,0.0,0.0
23,4748.468,LARGE,PAD_A,20,CoC,1164.8,CONSTR,4791.093,2,equipment,0.0,0.0
23,4748.468,LARGE,PAD_A,21,CoA,8460.7,POWER,4800.855,3,element,5012.7,415.5
23,4748.468,LARGE,PAD_A,22,NASA,329.8,DEPOT,4820.653,1,consumables,139.0,384.1
23,4748.468,LARGE,PAD_A,23,NASA,776.8,ISRU,4807.264,2,equipment,258.2,718.7
23,4748.468,LARGE,PAD_A,24,NASA,57.3,BASE,4818.13,2,science,29.9,246.2
23,4748.468,LARGE,PAD_A,25,NASA,1755.5,POWER,4782.429,2,equipment,0.0,0.0
23,4748.468,LARGE,PAD_A,26,CoA,130.0,BASE,4817.818,1,consumables,69.7,372.6
23,4748.468,LARGE,PAD_A,27,NASA,857.1,BASE,4814.616,1,consumables,0.0,0.0
23,5723.307,CLPS,PAD_A,28,CoA,251.1,BASE,5741.814,1,consumables,75.6,293.0
23,5731.293,LARGE,PAD_B,29,NASA,13686.1,BASE,5794.201,3,element,6789.1,588.4
23,5731.293,LARGE,PAD_B,30,CoC,4326.1,ISRU,5784.08,2,infrastructure,1363.7,438.2
23,7457.747,LARGE,PAD_A,31,CoB,45.2,SCI_1,7523.207,2,science,0.0,0.0
23,7457.747,LARGE,PAD_A,32,CoA,5537.7,ISRU,7488.853,2,infrastructure,0.0,0.0
23,7457.747,LARGE,PAD_A,33,NASA,7739.3,DEPOT,7485.288,1,consumables,3381.4,543.1
23,7476.284,CLPS,PAD_A,34,NASA,140.4,BASE,7490.656,1,consumables,0.0,0.0
23,7476.284,CLPS,PAD_A,35,NASA,28.5,DEPOT,7489.491,1,consumables,0.0,0.0
24,757.131,CLPS,PAD_B,0,NASA,138.1,PSR,768.957,2,science,0.0,0.0
24,757.131,CLPS,PAD_B,1,CoC,133.1,BASE,766.832,1,consumables,37.4,601.7
24,757.131,CLPS,PAD_B,2,CoA,39.2,BASE,769.62,2,science,10.0,550.9
24,1542.157,MK1,PAD_A,3,NASA,727.3,POWER,1560.3,2,equipment,0.0,0.0
24,1542.157,MK1,PAD_A,4,CoA,328.4,BASE,1568.568,1,consumables,0.0,0.0
24,1542.157,MK1,PAD_A,5,CoB,882.4,CONSTR,1558.058,2,equipment,0.0,0.0
24,1542.157,MK1,PAD_A,6,CoA,362.2,CONSTR,1571.352,2,equipment,0.0,0.0
24,1542.157,MK1,PAD_A,7,NASA,527.1,BASE,1557.174,1,consumables,0.0,0.0
24,3313.668,MK1,PAD_A,8,CoB,41.6,SCI_1,3340.395,2,science,0.0,0.0
24,3313.668,MK1,PAD_A,9,NASA,70.0,SCI_1,3338.512,2,science,35.1,611.5
24,3313.668,MK1,PAD_A,10,NASA,108.8,PSR,3335.682,2,science,0.0,0.0
24,3313.668,MK1,PAD_A,11,NASA,70.4,SCI_1,3333.087,2,science,0.0,0.0
24,3313.668,MK1,PAD_A,12,NASA,115.7,BASE,3332.316,2,science,48.4,639.8
24,3313.668,MK1,PAD_A,13,NASA,1020.5,ISRU,3339.959,2,equipment,440.5,262.0
24,3313.668,MK1,PAD_A,14,CoA,88.4,DEPOT,3327.77,1,consumables,0.0,0.0
24,3313.668,MK1,PAD_A,15,CoA,496.3,ISRU,3349.905,2,equipment,0.0,0.0
24,3313.668,MK1,PAD_A,16,NASA,70.7,BASE,3337.943,1,consumables,0.0,0.0
24,3313.668,MK1,PAD_A,17,NASA,59.8,PSR,3349.15,2,science,32.1,580.0
24,3313.668,MK1,PAD_A,18,NASA,688.8,BASE,3342.634,1,consumables,0.0,0.0
24,5629.183,MK1,PAD_A,19,CoA,201.8,BASE,5650.303,1,consumables,0.0,0.0
24,5629.183,MK1,PAD_A,20,NASA,219.5,DEPOT,5650.031,1,consumables,0.0,0.0
24,5629.183,MK1,PAD_A,21,CoC,112.9,BASE,5658.468,1,consumables,35.6,133.4
24,5629.183,MK1,PAD_A,22,CoA,12.2,SCI_1,5649.191,2,science,0.0,0.0
24,5629.183,MK1,PAD_A,23,CoB,354.6,DEPOT,5649.555,1,consumables,0.0,0.0
24,5629.183,MK1,PAD_A,24,NASA,1928.7,CONSTR,5658.904,2,equipment,697.3,345.1
24,6238.522,CLPS,PAD_A,25,NASA,140.8,DEPOT,6247.282,1,consumables,0.0,0.0
24,6238.522,CLPS,PAD_A,26,NASA,357.7,DEPOT,6246.481,1,consumables,168.0,425.6
24,6269.531,LARGE,PAD_B,27,CoA,129.8,BASE,6322.088,1,consumables,0.0,0.0
24,6269.531,LARGE,PAD_B,28,CoA,351.4,DEPOT,6323.189,1,consumables,186.7,691.0
24,6269.531,LARGE,PAD_B,29,CoC,320.1,BASE,6329.728,1,consumables,144.5,635.1
24,6269.531,LARGE,PAD_B,30,CoA,5646.9,ISRU,6300.412,2,infrastructure,0.0,0.0
24,6269.531,LARGE,PAD_B,31,CoA,122.2,BASE,6321.75,1,consumables,52.6,461.2
24,6269.531,LARGE,PAD_B,32,NASA,84.5,PSR,6309.464,2,science,0.0,0.0
24,6269.531,LARGE,PAD_B,33,CoB,137.9,SCI_1,6342.934,2,science,65.9,127.1
24,6269.531,LARGE,PAD_B,34,CoB,228.4,BASE,6316.728,1,consumables,0.0,0.0
24,6269.531,LARGE,PAD_B,35,NASA,589.1,CONSTR,6326.782,2,equipment,132.6,280.2
24,6269.531,LARGE,PAD_B,36,NASA,338.6,BASE,6301.99,1,consumables,0.0,0.0
24,6269.531,LARGE,PAD_B,37,NASA,101.5,BASE,6314.474,2,science,0.0,0.0
24,6269.531,LARGE,PAD_B,38,CoA,97.3,BASE,6328.702,1,consumables,0.0,0.0
24,6269.531,LARGE,PAD_B,39,CoB,142.8,BASE,6297.65,1,consumables,0.0,0.0
24,6269.531,LARGE,PAD_B,40,CoB,132.6,PSR,6314.13,2,science,0.0,0.0
24,6269.531,LARGE,PAD_B,41,CoB,373.8,POWER,6325.471,2,equipment,0.0,0.0
24,6269.531,LARGE,PAD_B,42,CoC,464.2,CONSTR,6300.998,2,equipment,0.0,0.0
24,6269.531,LARGE,PAD_B,43,CoA,3420.5,CONSTR,6334.884,2,infrastructure,0.0,0.0
24,6269.531,LARGE,PAD_B,44,CoB,1592.8,CONSTR,6307.804,2,equipment,0.0,0.0
24,6269.531,LARGE,PAD_B,45,CoC,438.8,CONSTR,6334.06,2,equipment,138.1,360.0
24,6269.531,LARGE,PAD_B,46,CoA,1501.6,CONSTR,6305.651,2,equipment,0.0,0.0
24,6269.531,LARGE,PAD_B,47,CoA,250.2,BASE,6336.86,1,consumables,0.0,0.0
24,6421.477,LARGE,PAD_A,48,NASA,578.9,CONSTR,6462.345,2,equipment,0.0,0.0
24,6421.477,LARGE,PAD_A,49,CoB,365.3,BASE,6465.825,2,equipment,0.0,0.0
24,6421.477,LARGE,PAD_A,50,CoA,3666.3,ISRU,6446.004,2,infrastructure,0.0,0.0
24,6421.477,LARGE,PAD_A,51,NASA,139.1,SCI_1,6472.669,2,science,0.0,0.0
24,6421.477,LARGE,PAD_A,52,CoB,261.5,DEPOT,6466.1,1,consumables,79.9,480.0
24,6421.477,LARGE,PAD_A,53,NASA,840.4,CONSTR,6490.429,2,equipment,275.9,512.0
24,6421.477,LARGE,PAD_A,54,CoC,541.2,CONSTR,6469.063,2,equipment,0.0,0.0
24,6421.477,LARGE,PAD_A,55,CoA,81.3,DEPOT,6462.623,1,consumables,0.0,0.0
24,6421.477,LARGE,PAD_A,56,CoA,350.9,BASE,6455.288,1,consumables,113.5,482.1
24,6421.477,LARGE,PAD_A,57,NASA,56.9,SCI_1,6457.649,2,science,0.0,0.0
24,6421.477,LARGE,PAD_A,58,CoC,53.6,SCI_1,6455.484,2,science,0.0,0.0
24,6421.477,LARGE,PAD_A,59,CoA,2143.4,POWER,6472.029,2,infrastructure,0.0,0.0
24,6421.477,LARGE,PAD_A,60,CoB,3774.6,POWER,6460.299,2,infrastructure,0.0,0.0
24,6421.477,LARGE,PAD_A,61,CoB,3096.1,CONSTR,6466.515,2,infrastructure,0.0,0.0
24,6421.477,LARGE,PAD_A,62,NASA,640.2,CONSTR,6479.707,2,equipment,0.0,0.0
24,6421.477,LARGE,PAD_A,63,NASA,44.4,PSR,6453.805,2,science,12.9,435.8
24,6421.477,LARGE,PAD_A,64,CoA,68.2,SCI_1,6478.811,2,science,26.1,631.0
24,6421.477,LARGE,PAD_A,65,CoA,5458.8,POWER,6489.946,2,infrastructure,3175.8,542.9
24,6421.477,LARGE,PAD_A,66,NASA,87.4,DEPOT,6485.506,1,consumables,29.4,711.4
24,6421.477,LARGE,PAD_A,67,CoC,4575.7,ISRU,6450.865,2,infrastructure,0.0,0.0
24,6421.477,LARGE,PAD_A,68,CoB,138.3,SCI_1,6474.421,2,science,0.0,0.0
24,6421.477,LARGE,PAD_A,69,CoA,82.6,BASE,6474.072,1,consumables,35.4,639.2
24,6421.477,LARGE,PAD_A,70,CoC,4552.0,POWER,6470.489,2,infrastructure,0.0,0.0
24,6504.083,CLPS,PAD_B,71,CoA,62.5,BASE,6526.017,1,consumables,0.0,0.0
24,6504.083,CLPS,PAD_B,72,CoB,286.1,BASE,6510.9,1,consumables,0.0,0.0
24,7186.417,CLPS,PAD_B,73,NASA,194.1,BASE,7201.719,1,consumables,55.5,393.8
24,7186.417,CLPS,PAD_B,74,CoA,65.7,BASE,7207.796,1,consumables,0.0,0.0
24,7657.261,CLPS,PAD_A,75,CoA,160.3,BASE,7671.508,1,consumables,0.0,0.0
24,7657.261,CLPS,PAD_A,76,CoA,206.4,BASE,7673.648,1,consumables,92.7,598.2
25,1897.403,CLPS,PAD_B,0,NASA,244.2,BASE,1910.848,1,consumables,0.0,0.0
25,1897.403,CLPS,PAD_B,1,NASA,170.1,BASE,1914.928,1,consumables,0.0,0.0
25,1977.757,LARGE,PAD_A,2,NASA,197.1,BASE,2038.571,1,consumables,47.1,266.4
25,1977.757,LARGE,PAD_A,3,CoA,431.7,BASE,2032.345,2,equipment,0.0,0.0
25,1977.757,LARGE,PAD_A,4,CoA,954.9,POWER,2028.722,2,equipment,222.7,682.5
25,1977.757,LARGE,PAD_A,5,NASA,41.3,PSR,2006.565,2,science,0.0,0.0
25,1977.757,LARGE,PAD_A,6,CoA,365.2,BASE,2032.275,1,consumables,171.2,267.0
25,1977.757,LARGE,PAD_A,7,NASA,4847.4,CONSTR,2010.78,2,infrastructure,0.0,0.0
25,1977.757,LARGE,PAD_A,8,NASA,1844.7,ISRU,2019.826,2,equipment,0.0,0.0
25,1977.757,LARGE,PAD_A,9,NASA,88.1,BASE,2004.655,1,consumables,0.0,0.0
25,1977.757,LARGE,PAD_A,10,CoA,30.8,PSR,2018.186,2,science,0.0,0.0
25,1977.757,LARGE,PAD_A,11,NASA,84.2,DEPOT,2030.599,1,consumables,0.0,0.0
25,1977.757,LARGE,PAD_A,12,NASA,2535.3,POWER,2029.852,2,infrastructure,0.0,0.0
25,1977.757,LARGE,PAD_A,13,NASA,1034.3,POWER,2026.953,2,equipment,0.0,0.0
25,1977.757,LARGE,PAD_A,14,NASA,250.4,DEPOT,2049.089,1,consumables,0.0,0.0
25,1977.757,LARGE,PAD_A,15,CoA,498.1,ISRU,2017.673,2,equipment,129.0,681.7
25,1977.757,LARGE,PAD_A,16,NASA,1036.2,CONSTR,2050.511,2,equipment,0.0,0.0
25,6717.401,LARGE,PAD_A,17,NASA,204.4,BASE,6745.038,1,consumables,103.9,169.1
25,6717.401,LARGE,PAD_A,18,CoC,3227.7,ISRU,6765.262,2,infrastructure,0.0,0.0
25,6717.401,LARGE,PAD_A,19,NASA,2473.1,CONSTR,6747.188,2,infrastructure,1153.2,432.2
25,6717.401,LARGE,PAD_A,20,NASA,269.1,DEPOT,6752.195,1,consumables,0.0,0.0
25,6717.401,LARGE,PAD_A,21,CoA,11.0,SCI_1,6771.812,2,science,0.0,0.0
25,6717.401,LARGE,PAD_A,22,CoC,798.7,CONSTR,6764.346,2,equipment,0.0,0.0
25,6717.401,LARGE,PAD_A,23,NASA,125.2,BASE,6764.626,2,science,0.0,0.0
25,6717.401,LARGE,PAD_A,24,CoB,6568.2,BASE,6762.681,1,consumables,0.0,0.0
25,8031.503,LARGE,PAD_A,25,CoA,117.1,BASE,8092.904,2,science,0.0,0.0
25,8031.503,LARGE,PAD_A,26,CoA,137.6,BASE,8059.883,2,science,0.0,0.0
25,8031.503,LARGE,PAD_A,27,CoA,72.7,BASE,8099.105,2,science,0.0,0.0
25,8031.503,LARGE,PAD_A,28,NASA,11205.6,BASE,8097.147,3,element,0.0,0.0
25,8031.503,LARGE,PAD_A,29,CoA,1318.9,POWER,8094.282,2,equipment,0.0,0.0
25,8031.503,LARGE,PAD_A,30,CoA,159.9,BASE,8098.157,1,consumables,0.0,0.0
25,8031.503,LARGE,PAD_A,31,NASA,1326.4,ISRU,8076.74,2,equipment,540.0,688.1
25,8031.503,LARGE,PAD_A,32,NASA,74.3,DEPOT,8086.26,1,consumables,42.1,569.1
25,8031.503,LARGE,PAD_A,33,NASA,130.9,BASE,8077.785,1,consumables,0.0,0.0
25,8031.503,LARGE,PAD_A,34,CoC,12294.7,POWER,8066.327,3,element,4567.4,246.3
26,2105.402,LARGE,PAD_A,0,CoB,7441.0,POWER,2141.663,3,element,0.0,0.0
26,2105.402,LARGE,PAD_A,1,CoA,19.1,PSR,2171.862,2,science,0.0,0.0
26,2105.402,LARGE,PAD_A,2,NASA,270.9,BASE,2132.872,1,consumables,0.0,0.0
26,2105.402,LARGE,PAD_A,3,NASA,153.9,BASE,2141.438,1,consumables,0.0,0.0
26,2105.402,LARGE,PAD_A,4,CoC,1125.1,ISRU,2178.234,2,equipment,0.0,0.0
26,2105.402,LARGE,PAD_A,5,CoA,45.6,PSR,2130.737,2,science,26.7,385.7
26,2105.402,LARGE,PAD_A,6,NASA,3438.6,CONSTR,2134.871,2,infrastructure,1367.3,619.2
26,2105.402,LARGE,PAD_A,7,NASA,169.8,BASE,2161.894,1,consumables,0.0,0.0
26,2105.402,LARGE,PAD_A,8,CoA,1371.1,CONSTR,2173.967,2,equipment,421.9,321.5
26,2105.402,LARGE,PAD_A,9,NASA,972.1,ISRU,2145.754,2,equipment,0.0,0.0
26,2105.402,LARGE,PAD_A,10,CoA,14284.0,BASE,2139.94,3,element,0.0,0.0
26,2995.971,MK1,PAD_B,11,NASA,303.7,BASE,3014.725,1,consumables,87.0,125.4
26,2995.971,MK1,PAD_B,12,CoA,156.7,BASE,3029.478,1,consumables,0.0,0.0
26,2995.971,MK1,PAD_B,13,NASA,97.2,SCI_1,3031.279,2,science,0.0,0.0
26,2995.971,MK1,PAD_B,14,CoA,366.5,BASE,3028.553,1,consumables,215.9,295.3
26,2995.971,MK1,PAD_B,15,NASA,927.8,BASE,3030.553,2,equipment,0.0,0.0
26,2995.971,MK1,PAD_B,16,NASA,68.2,BASE,3019.919,1,consumables,0.0,0.0
26,2995.971,MK1,PAD_B,17,NASA,142.8,SCI_1,3031.424,2,science,82.3,349.3
26,2995.971,MK1,PAD_B,18,CoC,67.1,DEPOT,3031.617,1,consumables,26.8,706.9
26,2995.971,MK1,PAD_B,19,NASA,199.6,BASE,3030.001,1,consumables,0.0,0.0
26,2995.971,MK1,PAD_B,20,CoA,190.4,BASE,3033.21,1,consumables,0.0,0.0
26,2995.971,MK1,PAD_B,21,CoB,711.8,ISRU,3014.22,2,equipment,270.7,405.6
26,4437.54,MK1,PAD_B,22,NASA,163.8,DEPOT,4469.746,1,consumables,56.1,211.4
26,4437.54,MK1,PAD_B,23,CoA,349.9,BASE,4464.051,1,consumables,98.2,232.9
26,4437.54,MK1,PAD_B,24,CoA,204.3,BASE,4469.167,1,consumables,84.3,291.4
26,4437.54,MK1,PAD_B,25,NASA,116.8,BASE,4464.087,1,consumables,56.0,482.2
26,4437.54,MK1,PAD_B,26,CoC,672.4,POWER,4455.751,2,equipment,160.5,311.5
26,4437.54,MK1,PAD_B,27,NASA,399.1,BASE,4458.64,1,consumables,0.0,0.0
26,4437.54,MK1,PAD_B,28,NASA,148.9,SCI_1,4470.543,2,science,0.0,0.0
26,4437.54,MK1,PAD_B,29,CoB,135.8,BASE,4472.087,1,consumables,29.2,373.9
26,6244.638,CLPS,PAD_A,30,CoC,210.5,BASE,6264.393,1,consumables,102.0,647.7
26,6244.638,CLPS,PAD_A,31,NASA,184.2,BASE,6258.887,1,consumables,0.0,0.0
26,7122.889,CLPS,PAD_B,32,NASA,498.0,CONSTR,7143.951,2,equipment,0.0,0.0
26,7922.629,LARGE,PAD_A,33,CoA,219.9,BASE,7954.322,1,consumables,0.0,0.0
26,7922.629,LARGE,PAD_A,34,CoB,1937.8,ISRU,7993.152,2,equipment,0.0,0.0
26,7922.629,LARGE,PAD_A,35,CoA,1591.8,POWER,7971.126,2,equipment,0.0,0.0
26,7922.629,LARGE,PAD_A,36,NASA,203.1,BASE,7991.309,1,consumables,63.3,616.1
26,7922.629,LARGE,PAD_A,37,CoB,75.9,BASE,7954.725,2,science,0.0,0.0
26,7922.629,LARGE,PAD_A,38,CoB,379.0,BASE,7950.611,1,consumables,0.0,0.0
26,7922.629,LARGE,PAD_A,39,CoB,96.6,SCI_1,7968.544,2,science,0.0,0.0
26,7922.629,LARGE,PAD_A,40,NASA,63.4,SCI_1,7972.953,2,science,27.2,436.4
26,7922.629,LARGE,PAD_A,41,CoC,376.4,DEPOT,7949.283,1,consumables,0.0,0.0
26,7922.629,LARGE,PAD_A,42,NASA,12119.2,BASE,7978.491,3,element,5510.3,440.3
26,7922.629,LARGE,PAD_A,43,NASA,1912.2,CONSTR,7988.669,2,equipment,0.0,0.0
26,7922.629,LARGE,PAD_A,44,CoA,3009.4,ISRU,7963.616,2,infrastructure,0.0,0.0
26,8035.333,LARGE,PAD_B,45,NASA,206.3,BASE,8086.503,1,consumables,83.1,521.0
26,8035.333,LARGE,PAD_B,46,CoC,12788.2,BASE,8079.511,3,element,7002.0,454.0
26,8035.333,LARGE,PAD_B,47,CoC,333.0,BASE,8086.313,1,consumables,0.0,0.0
26,8035.333,LARGE,PAD_B,48,CoC,3271.7,POWER,8076.938,2,infrastructure,0.0,0.0
26,8035.333,LARGE,PAD_B,49,CoA,217.2,BASE,8084.67,1,consumables,0.0,0.0
26,8035.333,LARGE,PAD_B,50,NASA,308.4,BASE,8092.696,1,consumables,0.0,0.0
26,8035.333,LARGE,PAD_B,51,NASA,143.4,BASE,8104.446,1,consumables,0.0,0.0
26,8035.333,LARGE,PAD_B,52,CoC,122.0,BASE,8108.976,2,science,36.3,676.3
26,8035.333,LARGE,PAD_B,53,NASA,1187.5,CONSTR,8107.622,2,equipment,510.3,171.5
26,8035.333,LARGE,PAD_B,54,NASA,68.0,BASE,8085.942,1,consumables,0.0,0.0
26,8035.333,LARGE,PAD_B,55,NASA,213.5,BASE,8088.329,1,consumables,53.2,622.7
26,8035.333,LARGE,PAD_B,56,CoB,306.5,POWER,8106.498,2,equipment,0.0,0.0
26,8035.333,LARGE,PAD_B,57,NASA,4095.0,CONSTR,8084.424,2,infrastructure,1108.4,683.3
26,8035.333,LARGE,PAD_B,58,CoA,1128.4,BASE,8063.979,1,consumables,654.1,499.9
26,8430.782,MK1,PAD_A,59,CoB,122.1,BASE,8443.525,1,consumables,0.0,0.0
26,8430.782,MK1,PAD_A,60,CoA,141.4,BASE,8449.553,2,science,63.7,138.9
26,8430.782,MK1,PAD_A,61,NASA,840.1,POWER,8460.274,2,equipment,354.6,418.0
26,8430.782,MK1,PAD_A,62,NASA,161.4,BASE,8450.666,1,consumables,0.0,0.0
26,8430.782,MK1,PAD_A,63,CoC,157.7,BASE,8450.059,1,consumables,40.0,207.0
26,8430.782,MK1,PAD_A,64,CoC,185.3,DEPOT,8456.544,1,consumables,0.0,0.0
26,8430.782,MK1,PAD_A,65,CoC,374.5,BASE,8444.484,1,consumables,102.4,455.0
26,8430.782,MK1,PAD_A,66,CoB,750.4,ISRU,8450.721,2,equipment,0.0,0.0
26,8430.782,MK1,PAD_A,67,NASA,380.9,BASE,8452.142,1,consumables,0.0,0.0
27,87.768,CLPS,PAD_B,0,NASA,238.0,BASE,94.016,1,consumables,0.0,0.0
27,2350.677,MK1,PAD_A,1,CoC,350.7,BASE,2373.827,1,consumables,148.6,123.3
27,2350.677,MK1,PAD_A,2,NASA,100.6,SCI_1,2385.735,2,science,0.0,0.0
27,2350.677,MK1,PAD_A,3,CoB,107.7,BASE,2385.249,1,consumables,40.7,663.3
27,2350.677,MK1,PAD_A,4,NASA,461.8,ISRU,2379.839,2,equipment,176.4,151.7
27,2350.677,MK1,PAD_A,5,NASA,1553.8,ISRU,2378.616,2,equipment,0.0,0.0
27,3111.535,MK1,PAD_B,6,CoA,1530.1,CONSTR,3137.191,2,equipment,0.0,0.0
27,3111.535,MK1,PAD_B,7,CoA,681.2,BASE,3141.495,2,equipment,0.0,0.0
27,3111.535,MK1,PAD_B,8,CoA,390.9,BASE,3140.098,1,consumables,0.0,0.0
27,3949.357,MK1,PAD_B,9,NASA,948.2,POWER,3973.523,2,equipment,0.0,0.0
27,3949.357,MK1,PAD_B,10,NASA,390.8,BASE,3979.379,1,consumables,0.0,0.0
27,3949.357,MK1,PAD_B,11,NASA,791.9,CONSTR,3977.067,2,equipment,333.0,252.2
27,3949.357,MK1,PAD_B,12,CoC,103.8,BASE,3975.91,2,science,0.0,0.0
27,6601.119,MK1,PAD_B,13,CoA,1813.5,CONSTR,6621.818,2,equipment,0.0,0.0
27,6601.119,MK1,PAD_B,14,NASA,296.7,BASE,6624.063,1,consumables,109.7,540.4
27,6601.119,MK1,PAD_B,15,NASA,247.4,BASE,6633.588,1,consumables,105.1,176.1
27,6601.119,MK1,PAD_B,16,CoA,108.7,BASE,6628.288,2,science,0.0,0.0
27,6601.119,MK1,PAD_B,17,NASA,336.4,BASE,6615.105,1,consumables,0.0,0.0
27,6915.34,MK1,PAD_B,18,CoA,87.1,PSR,6944.479,2,science,0.0,0.0
27,6915.34,MK1,PAD_B,19,NASA,1333.2,ISRU,6947.924,2,equipment,0.0,0.0
27,6915.34,MK1,PAD_B,20,CoA,219.6,BASE,6942.428,1,consumables,0.0,0.0
27,6915.34,MK1,PAD_B,21,NASA,750.0,CONSTR,6937.296,2,equipment,0.0,0.0
27,6917.486,CLPS,PAD_A,22,CoA,288.4,BASE,6927.237,1,consumables,0.0,0.0
27,8157.416,CLPS,PAD_A,23,NASA,423.6,CONSTR,8179.26,2,equipment,0.0,0.0
28,147.077,MK1,PAD_B,0,CoB,175.1,BASE,171.696,1,consumables,0.0,0.0
28,147.077,MK1,PAD_B,1,CoC,525.1,BASE,172.759,2,equipment,286.4,635.8
28,147.077,MK1,PAD_B,2,NASA,294.0,DEPOT,183.47,1,consumables,0.0,0.0
28,147.077,MK1,PAD_B,3,CoA,52.8,SCI_1,183.022,2,science,0.0,0.0
28,147.077,MK1,PAD_B,4,NASA,1819.6,CONSTR,169.192,2,equipment,0.0,0.0
28,147.077,MK1,PAD_B,5,CoB,137.5,BASE,175.906,1,consumables,0.0,0.0
28,1554.866,MK1,PAD_A,6,CoB,125.7,SCI_1,1569.404,2,science,55.3,427.4
28,1554.866,MK1,PAD_A,7,NASA,92.2,PSR,1585.413,2,science,0.0,0.0
28,1554.866,MK1,PAD_A,8,CoA,576.2,ISRU,1570.17,2,equipment,0.0,0.0
28,1554.866,MK1,PAD_A,9,CoB,1377.2,POWER,1575.325,2,equipment,0.0,0.0
28,1554.866,MK1,PAD_A,10,NASA,25.8,SCI_1,1586.168,2,science,0.0,0.0
28,1554.866,MK1,PAD_A,11,NASA,110.1,BASE,1570.821,2,science,0.0,0.0
28,1554.866,MK1,PAD_A,12,CoB,246.4,BASE,1569.703,1,consumables,0.0,0.0
28,1554.866,MK1,PAD_A,13,CoA,20.0,BASE,1585.824,1,consumables,0.0,0.0
28,2885.676,CLPS,PAD_B,14,CoA,350.9,DEPOT,2892.72,1,consumables,0.0,0.0
28,2885.676,CLPS,PAD_B,15,CoA,144.4,BASE,2900.763,1,consumables,0.0,0.0
28,4191.857,LARGE,PAD_B,16,NASA,1736.8,CONSTR,4253.637,2,equipment,0.0,0.0
28,4191.857,LARGE,PAD_B,17,NASA,658.5,ISRU,4257.369,2,equipment,0.0,0.0
28,4191.857,LARGE,PAD_B,18,CoA,1690.7,ISRU,4264.257,2,equipment,0.0,0.0
28,4191.857,LARGE,PAD_B,19,CoB,1150.5,CONSTR,4258.994,2,equipment,565.7,341.0
28,4191.857,LARGE,PAD_B,20,NASA,239.3,DEPOT,4251.054,1,consumables,0.0,0.0
28,4191.857,LARGE,PAD_B,21,CoB,25.9,SCI_1,4235.866,2,science,13.4,140.9
28,4191.857,LARGE,PAD_B,22,NASA,91.5,PSR,4223.908,2,science,0.0,0.0
28,4191.857,LARGE,PAD_B,23,NASA,1796.8,POWER,4259.866,2,equipment,794.5,672.9
28,4191.857,LARGE,PAD_B,24,CoB,145.9,BASE,4263.704,2,science,0.0,0.0
28,4191.857,LARGE,PAD_B,25,NASA,89.5,SCI_1,4239.755,2,science,0.0,0.0
28,4191.857,LARGE,PAD_B,26,CoB,726.8,ISRU,4240.225,2,equipment,426.6,601.7
28,4191.857,LARGE,PAD_B,27,CoA,317.0,BASE,4224.25,1,consumables,0.0,0.0
28,4191.857,LARGE,PAD_B,28,CoB,185.4,DEPOT,4241.015,1,consumables,0.0,0.0
28,4191.857,LARGE,PAD_B,29,NASA,9687.5,BASE,4256.47,1,consumables,0.0,0.0
28,4553.023,MK1,PAD_B,30,NASA,475.9,CONSTR,4572.946,2,equipment,0.0,0.0
28,4553.023,MK1,PAD_B,31,CoC,63.2,SCI_1,4573.98,2,science,0.0,0.0
28,4553.023,MK1,PAD_B,32,CoC,346.3,BASE,4566.324,1,consumables,0.0,0.0
28,4553.023,MK1,PAD_B,33,NASA,29.1,SCI_1,4588.006,2,science,10.0,363.7
28,4553.023,MK1,PAD_B,34,CoA,1320.3,POWER,4584.24,2,equipment,0.0,0.0
28,4665.678,CLPS,PAD_B,35,CoA,244.5,BASE,4679.806,1,consumables,134.8,201.4
28,4665.678,CLPS,PAD_B,36,CoC,223.8,DEPOT,4685.976,1,consumables,0.0,0.0
28,5449.846,MK1,PAD_A,37,NASA,1889.9,BASE,5484.721,2,equipment,0.0,0.0
28,5449.846,MK1,PAD_A,38,CoC,342.5,DEPOT,5484.051,1,consumables,88.4,617.7
28,5449.846,MK1,PAD_A,39,CoA,60.6,BASE,5485.516,2,science,31.4,258.5
28,5449.846,MK1,PAD_A,40,NASA,420.6,BASE,5485.473,1,consumables,229.4,604.6
28,6437.059,LARGE,PAD_A,41,NASA,1031.1,POWER,6476.05,2,equipment,0.0,0.0
28,6437.059,LARGE,PAD_A,42,NASA,1843.7,POWER,6493.69,2,equipment,0.0,0.0
28,6437.059,LARGE,PAD_A,43,NASA,1628.5,BASE,6472.031,2,equipment,0.0,0.0
28,6437.059,LARGE,PAD_A,44,NASA,118.2,BASE,6499.58,2,science,0.0,0.0
28,6437.059,LARGE,PAD_A,45,NASA,4247.9,POWER,6498.21,2,infrastructure,0.0,0.0
28,6437.059,LARGE,PAD_A,46,NASA,1984.1,CONSTR,6472.45,2,equipment,998.3,545.0
28,6437.059,LARGE,PAD_A,47,CoB,311.5,DEPOT,6478.542,1,consumables,0.0,0.0
28,6437.059,LARGE,PAD_A,48,NASA,5527.1,ISRU,6491.428,2,infrastructure,1226.7,121.4
28,6437.059,LARGE,PAD_A,49,NASA,2865.5,DEPOT,6482.135,1,consumables,859.0,294.2
28,7673.793,CLPS,PAD_A,50,CoB,128.0,DEPOT,7682.707,1,consumables,36.8,501.7
28,8329.705,CLPS,PAD_A,51,NASA,281.2,DEPOT,8340.619,1,consumables,0.0,0.0
28,8329.705,CLPS,PAD_A,52,CoA,232.0,BASE,8350.079,1,consumables,0.0,0.0
29,248.841,LARGE,PAD_A,0,CoC,693.4,CONSTR,300.146,2,equipment,0.0,0.0
29,248.841,LARGE,PAD_A,1,NASA,250.9,DEPOT,275.166,1,consumables,0.0,0.0
29,248.841,LARGE,PAD_A,2,NASA,283.9,BASE,315.266,1,consumables,0.0,0.0
29,248.841,LARGE,PAD_A,3,CoB,1718.7,CONSTR,297.939,2,equipment,0.0,0.0
29,248.841,LARGE,PAD_A,4,NASA,368.3,DEPOT,315.703,1,consumables,0.0,0.0
29,248.841,LARGE,PAD_A,5,NASA,226.8,BASE,298.952,1,consumables,133.9,161.9
29,248.841,LARGE,PAD_A,6,NASA,318.6,BASE,286.12,1,consumables,135.2,414.3
29,248.841,LARGE,PAD_A,7,CoA,1905.2,ISRU,289.274,2,equipment,0.0,0.0
29,248.841,LARGE,PAD_A,8,CoA,916.5,CONSTR,300.266,2,equipment,0.0,0.0
29,248.841,LARGE,PAD_A,9,NASA,10805.0,BASE,297.96,3,element,0.0,0.0
29,248.841,LARGE,PAD_A,10,CoA,111.3,BASE,315.532,1,consumables,0.0,0.0
29,248.841,LARGE,PAD_A,11,CoC,84.0,DEPOT,301.843,1,consumables,0.0,0.0
29,248.841,LARGE,PAD_A,12,CoA,1217.8,POWER,302.73,2,equipment,0.0,0.0
29,248.841,LARGE,PAD_A,13,NASA,158.3,BASE,298.219,1,consumables,0.0,0.0
29,248.841,LARGE,PAD_A,14,NASA,87.7,BASE,303.486,1,consumables,34.6,708.5
29,248.841,LARGE,PAD_A,15,CoA,458.1,ISRU,306.023,2,equipment,0.0,0.0
29,248.841,LARGE,PAD_A,16,CoA,757.4,CONSTR,289.27,2,equipment,0.0,0.0
29,248.841,LARGE,PAD_A,17,CoB,4183.6,POWER,277.328,2,infrastructure,1023.8,602.8
29,1131.982,CLPS,PAD_B,18,CoA,230.0,BASE,1142.661,1,consumables,118.9,240.1
29,1131.982,CLPS,PAD_B,19,CoA,20.0,BASE,1146.227,1,consumables,10.0,444.2
29,2086.735,MK1,PAD_A,20,NASA,1450.2,ISRU,2120.989,2,equipment,0.0,0.0
29,2086.735,MK1,PAD_A,21,NASA,329.2,BASE,2106.242,1,consumables,0.0,0.0
29,2086.735,MK1,PAD_A,22,NASA,639.7,BASE,2104.215,2,equipment,0.0,0.0
29,2086.735,MK1,PAD_A,23,CoB,386.1,BASE,2113.085,1,consumables,0.0,0.0
29,2323.18,CLPS,PAD_A,24,NASA,70.4,BASE,2339.321,2,science,0.0,0.0
29,2323.18,CLPS,PAD_A,25,CoC,109.3,SCI_1,2332.988,2,science,43.9,368.4
29,2323.18,CLPS,PAD_A,26,NASA,38.8,SCI_1,2336.569,2,science,0.0,0.0
29,2818.699,LARGE,PAD_A,27,CoC,60.1,BASE,2861.611,1,consumables,0.0,0.0
29,2818.699,LARGE,PAD_A,28,CoA,60.5,SCI_1,2859.021,2,science,24.2,198.6
29,2818.699,LARGE,PAD_A,29,NASA,295.6,BASE,2859.764,1,consumables,0.0,0.0
29,2818.699,LARGE,PAD_A,30,CoA,5946.3,POWER,2857.031,2,infrastructure,0.0,0.0
29,2818.699,LARGE,PAD_A,31,CoA,5669.9,CONSTR,2858.003,2,infrastructure,0.0,0.0
29,2818.699,LARGE,PAD_A,32,CoB,420.9,BASE,2861.109,2,equipment,0.0,0.0
29,2818.699,LARGE,PAD_A,33,CoC,11.1,PSR,2851.246,2,science,0.0,0.0
29,2818.699,LARGE,PAD_A,34,CoC,190.9,BASE,2847.026,1,consumables,99.1,284.4
29,2818.699,LARGE,PAD_A,35,NASA,601.3,BASE,2876.338,2,equipment,0.0,0.0
29,2818.699,LARGE,PAD_A,36,CoA,1075.7,CONSTR,2868.016,2,equipment,0.0,0.0
29,2818.699,LARGE,PAD_A,37,CoC,894.4,POWER,2883.32,2,equipment,0.0,0.0
29,2818.699,LARGE,PAD_A,38,NASA,61.3,SCI_1,2851.269,2,science,20.3,287.5
29,2818.699,LARGE,PAD_A,39,NASA,4050.5,POWER,2864.13,2,infrastructure,0.0,0.0
29,2818.699,LARGE,PAD_A,40,NASA,218.7,BASE,2888.973,1,consumables,0.0,0.0
29,2818.699,LARGE,PAD_A,41,NASA,391.3,BASE,2851.819,1,consumables,0.0,0.0
29,2818.699,LARGE,PAD_A,42,CoA,4527.4,CONSTR,2891.016,2,infrastructure,0.0,0.0
29,2818.699,LARGE,PAD_A,43,NASA,236.2,BASE,2878.458,1,consumables,130.2,435.0
29,2818.699,LARGE,PAD_A,44,CoA,375.0,BASE,2859.088,1,consumables,0.0,0.0
29,2818.699,LARGE,PAD_A,45,NASA,1724.6,ISRU,2858.336,2,equipment,0.0,0.0
29,2818.699,LARGE,PAD_A,46,NASA,133.8,BASE,2878.729,1,consumables,42.3,438.2
29,2818.699,LARGE,PAD_A,47,CoB,310.0,BASE,2874.935,1,consumables,0.0,0.0
29,2818.699,LARGE,PAD_A,48,CoA,137.0,BASE,2889.626,2,science,64.4,273.6
29,2818.699,LARGE,PAD_A,49,NASA,3808.2,CONSTR,2854.984,2,infrastructure,0.0,0.0
29,4322.476,LARGE,PAD_B,50,CoB,640.6,POWER,4359.716,2,equipment,0.0,0.0
29,4322.476,LARGE,PAD_B,51,NASA,288.6,DEPOT,4361.98,1,consumables,0.0,0.0
29,4322.476,LARGE,PAD_B,52,NASA,6520.3,BASE,4368.662,3,element,0.0,0.0
29,4322.476,LARGE,PAD_B,53,NASA,39.8,BASE,4374.557,2,science,0.0,0.0
29,4322.476,LARGE,PAD_B,54,NASA,855.0,CONSTR,4354.621,2,equipment,0.0,0.0
29,4322.476,LARGE,PAD_B,55,CoC,382.8,BASE,4378.715,1,consumables,0.0,0.0
29,4322.476,LARGE,PAD_B,56,CoA,3715.7,BASE,4372.6,1,consumables,1350.9,325.3
29,6903.812,MK1,PAD_B,57,CoA,82.0,BASE,6919.555,1,consumables,35.5,367.4
29,6903.812,MK1,PAD_B,58,NASA,83.1,SCI_1,6935.841,2,science,0.0,0.0
29,6903.812,MK1,PAD_B,59,CoB,84.7,BASE,6925.486,1,consumables,0.0,0.0
29,6903.812,MK1,PAD_B,60,CoC,1135.2,POWER,6920.198,2,equipment,0.0,0.0
29,6903.812,MK1,PAD_B,61,NASA,69.8,BASE,6920.466,2,science,0.0,0.0
29,6903.812,MK1,PAD_B,62,NASA,688.9,DEPOT,6936.849,1,consumables,0.0,0.0
29,8267.983,LARGE,PAD_B,63,NASA,118.2,BASE,8338.415,1,consumables,51.5,307.0
29,8267.983,LARGE,PAD_B,64,CoA,908.3,ISRU,8323.249,2,equipment,0.0,0.0
29,8267.983,LARGE,PAD_B,65,NASA,41.4,SCI_1,8292.705,2,science,0.0,0.0
29,8267.983,LARGE,PAD_B,66,NASA,271.3,BASE,8335.982,1,consumables,0.0,0.0
29,8267.983,LARGE,PAD_B,67,NASA,5669.6,POWER,8310.979,2,infrastructure,0.0,0.0
29,8267.983,LARGE,PAD_B,68,CoA,130.6,BASE,8327.6,2,science,0.0,0.0
29,8267.983,LARGE,PAD_B,69,NASA,327.8,BASE,8295.884,1,consumables,137.6,250.6
29,8267.983,LARGE,PAD_B,70,CoC,366.7,BASE,8300.087,1,consumables,0.0,0.0
29,8267.983,LARGE,PAD_B,71,NASA,188.4,BASE,8313.843,1,consumables,0.0,0.0
29,8267.983,LARGE,PAD_B,72,CoA,134.8,DEPOT,8328.51,1,consumables,0.0,0.0
29,8267.983,LARGE,PAD_B,73,CoA,1264.2,CONSTR,8321.34,2,equipment,0.0,0.0
29,8267.983,LARGE,PAD_B,74,CoC,2440.3,POWER,8338.524,2,infrastructure,0.0,0.0
29,8267.983,LARGE,PAD_B,75,CoC,346.8,CONSTR,8332.002,2,equipment,0.0,0.0
29,8267.983,LARGE,PAD_B,76,NASA,1691.8,ISRU,8339.807,2,equipment,0.0,0.0
29,8267.983,LARGE,PAD_B,77,CoC,52.2,PSR,8341.936,2,science,0.0,0.0
29,8267.983,LARGE,PAD_B,78,CoA,277.2,BASE,8326.922,1,consumables,0.0,0.0
29,8267.983,LARGE,PAD_B,79,NASA,1611.6,CONSTR,8296.756,2,equipment,509.5,638.9
29,8267.983,LARGE,PAD_B,80,NASA,63.6,PSR,8297.127,2,science,0.0,0.0
29,8267.983,LARGE,PAD_B,81,NASA,138.8,SCI_1,8305.245,2,science,71.6,469.7
29,8267.983,LARGE,PAD_B,82,NASA,274.5,BASE,8301.046,1,consumables,0.0,0.0
29,8267.983,LARGE,PAD_B,83,CoB,263.7,BASE,8300.329,1,consumables,0.0,0.0
29,8267.983,LARGE,PAD_B,84,CoA,266.8,DEPOT,8333.248,1,consumables,58.4,398.8
29,8267.983,LARGE,PAD_B,85,NASA,156.1,BASE,8329.963,1,consumables,0.0,0.0
29,8267.983,LARGE,PAD_B,86,NASA,978.8,POWER,8299.57,2,equipment,0.0,0.0
29,8267.983,LARGE,PAD_B,87,CoA,3578.3,POWER,8304.078,2,infrastructure,1959.3,299.5
29,8267.983,LARGE,PAD_B,88,CoB,5786.8,POWER,8298.582,2,infrastructure,0.0,0.0
29,8341.626,LARGE,PAD_B,89,NASA,2487.0,CONSTR,8385.762,2,infrastructure,1107.8,247.7
29,8341.626,LARGE,PAD_B,90,NASA,236.1,BASE,8375.709,1,consumables,82.6,708.3
29,8341.626,LARGE,PAD_B,91,NASA,26.8,SCI_1,8391.024,2,science,15.8,225.0
29,8341.626,LARGE,PAD_B,92,NASA,101.3,PSR,8413.08,2,science,0.0,0.0
29,8341.626,LARGE,PAD_B,93,CoB,5203.2,ISRU,8396.164,2,infrastructure,0.0,0.0
29,8341.626,LARGE,PAD_B,94,NASA,156.4,BASE,8406.48,1,consumables,0.0,0.0
29,8341.626,LARGE,PAD_B,95,NASA,549.6,BASE,8381.548,2,equipment,0.0,0.0
29,8341.626,LARGE,PAD_B,96,CoC,2531.4,CONSTR,8388.724,2,infrastructure,0.0,0.0
29,8341.626,LARGE,PAD_B,97,CoA,47.7,SCI_1,8403.419,2,science,28.4,403.2
29,8341.626,LARGE,PAD_B,98,NASA,285.6,BASE,8373.029,1,consumables,0.0,0.0
29,8341.626,LARGE,PAD_B,99,CoA,261.6,BASE,8378.67,1,consumables,0.0,0.0
29,8341.626,LARGE,PAD_B,100,NASA,260.8,BASE,8405.241,1,consumables,0.0,0.0
29,8341.626,LARGE,PAD_B,101,CoA,1929.5,ISRU,8387.52,2,equipment,1016.8,615.4
29,8341.626,LARGE,PAD_B,102,CoA,2284.6,CONSTR,8407.449,2,infrastructure,0.0,0.0
29,8341.626,LARGE,PAD_B,103,CoA,298.3,BASE,8378.051,1,consumables,0.0,0.0
29,8341.626,LARGE,PAD_B,104,NASA,1700.3,CONSTR,8399.189,2,equipment,838.6,532.7
29,8341.626,LARGE,PAD_B,105,NASA,211.7,BASE,8405.438,1,consumables,0.0,0.0
29,8341.626,LARGE,PAD_B,106,NASA,100.3,SCI_1,8376.607,2,science,0.0,0.0
29,8341.626,LARGE,PAD_B,107,NASA,788.8,ISRU,8416.759,2,equipment,0.0,0.0
29,8341.626,LARGE,PAD_B,108,NASA,204.9,BASE,8417.132,1,consumables,0.0,0.0
29,8341.626,LARGE,PAD_B,109,CoC,101.3,DEPOT,8409.823,1,consumables,35.2,631.2
29,8341.626,LARGE,PAD_B,110,CoA,21.7,PSR,8410.53,2,science,10.0,298.0
29,8341.626,LARGE,PAD_B,111,CoC,319.9,DEPOT,8407.175,1,consumables,105.9,495.9
29,8341.626,LARGE,PAD_B,112,CoB,354.2,BASE,8382.117,1,consumables,0.0,0.0
29,8341.626,LARGE,PAD_B,113,NASA,60.6,DEPOT,8398.737,1,consumables,0.0,0.0
