delay_mean_consumables,delay_p90_consumables,delay_mean_science,delay_p90_science,delay_mean_equipment,delay_p90_equipment,delay_mean_infrastructure,delay_p90_infrastructure,delay_mean_element,delay_p90_element,delay_mean_bulk,delay_p90_bulk,delay_mean_return,delay_p90_return,delay_prio2_mean_h,delay_prio1_p90_h,sl24_prio1,sl48_prio12,landed_kg,ready_kg,delivered_kg,delivered_items,delivered_share,stranded_kg,stranded_share,backlog_kg,delay_mean_h,delay_median_h,delay_p90_h,delay_mass_weighted_h,delay_prio1_mean_h,tonne_days_waiting,km_total,km_empty,empty_km_share,energy_kwh,utilisation,operator_hours,faults,night_strandings,team_lifts,bundled_jobs,backhaul_kg,jobs,fleet_cost_musd,operator_cost_musd,cost_per_kg_usd,cost_per_tkm_usd,delivered_tkm,bulk_kg,revenue_gini,unmet_operator_waits,repositions,km_reposition,seed,exp,factor,level,mechanism
3.043026970381677,4.893294742330999,5.357218716400325,11.295703315100539,6.675958953060558,15.6808746003627,,,,,24.450225275361067,31.068703874723543,4.214547194749059,11.495840005034097,5.773663001661451,4.893294742330999,1.0,1.0,13968.57625752051,515078.73700219905,515078.73700219905,554,1.0,0.0,0.0,0.0,22.48051426199188,25.704708293040312,29.660279913913243,23.892838147584907,3.043026970381677,450.5658912088961,1758.2404474421394,877.6222071159881,0.4991480024206809,1030.1707814111835,0.040571409202747384,380.05365573093417,3,0,0,21,102.4925070669722,529,162.0,0.3800536557309342,315.2528768723716,209411.25672139367,775.4122495514446,500000.0,0.4782005041527719,0,6,19.798987548695372,0,E10,base,base,marketplace
3.080082064653853,4.62147986814889,3.4330829899409516,4.01664504808511,4.384329954068926,5.644061312779013,5.565633569867411,7.387352518747503,,,24.721434036292074,31.12036284531577,14.16738402719089,39.38165818458438,4.229789172828041,4.62147986814889,1.0,1.0,22776.714596747763,525519.2910413912,524519.2910413912,535,0.9980971202826477,0.0,0.0,1000.0,23.440346825587813,25.704708293040312,30.619449402238935,23.921070195631412,3.080082064653853,459.67951488687225,1673.3886372608913,843.2058948286807,0.5038912515916767,1009.6850929963177,0.0400059662567345,372.6128325647145,2,0,2,18,0.0,515,162.0,0.3726128325647145,309.56461584127226,200007.12120678526,811.8341579682526,500000.0,0.49301173078243493,0,10,26.51678011587135,1,E10,base,base,marketplace
10.544367512260248,23.60354418525504,4.352672986672587,7.067526679890397,4.483620541595883,8.95968310182434,4.68371236716564,5.106472912999175,,,24.292146478414097,28.97281936585432,7.853793816165638,14.27953164080327,4.443158242330455,23.60354418525504,0.9090909090909091,1.0,29310.196036041838,532277.3226155266,516873.34282247716,548,0.9710602365748803,14403.979793049497,0.02706104352195697,1000.0,22.83072890849173,25.704708293039857,28.972819365854,23.704468513872026,10.544367512260248,449.3919763293265,1695.6412592832978,844.4497429504072,0.49801202838584707,999.0140586150529,0.039646049215439426,369.18794333836604,2,0,0,21,0.0,520,162.0,0.3691879433383661,314.13728372349993,206652.01558823034,785.7130620340581,500000.0,0.4763315456119,0,5,12.48591588338666,2,E10,base,base,marketplace
3.683672506138889,6.882972157178757,5.02762485706952,7.73805439734224,6.28305886348794,13.078595942571473,34.10937453661609,34.10937453661609,50.02432245581622,50.02432245581622,24.707493366944135,29.79084675636518,4.125123269098075,4.676887630746478,6.762461929724968,6.882972157178757,1.0,1.0,28096.063942230638,531327.860284328,530327.860284328,561,0.998117922897051,0.0,0.0,1000.0,22.609338310664718,25.704708293039857,28.97281936585432,24.334299020705327,3.683672506138889,470.95528251036916,1837.6786731511102,912.9083140263507,0.4967725464544711,1089.420297589054,0.04282051097393583,398.7493589801373,4,0,2,21,0.0,533,162.0,0.39874935898013725,306.22330358414933,195400.82787711776,831.1057385135965,500000.0,0.47356725049268,0,6,19.282620201124633,3,E10,base,base,marketplace
3.3612328204474884,6.82627785885925,4.735814988002289,7.8188074815539945,2.5500981997106464,2.9339288334962474,,,60.95953131467718,106.17190099377198,25.202692252915796,31.731465799026427,3.2023795439490814,5.208471792655292,3.578670805965537,6.82627785885925,1.0,1.0,32491.15341102122,538255.453584505,538255.4535845051,550,1.0000000000000002,0.0,0.0,0.0,23.429519486596472,25.704708293039857,30.593689750441353,26.391819420359205,3.3612328204474884,515.210039067845,1731.5611249076046,872.6190384536195,0.5039493125027175,1002.6912458438952,0.04189944878491383,396.5632813349931,4,0,1,21,0.0,520,162.0,0.39656328133499313,301.7090903582253,195366.20186229242,831.2418511150834,500000.0,0.4767924817529085,0,12,33.8810134587449,4,E10,base,base,marketplace
7.721524517348366,15.634949015859473,8.62512587774711,13.0113619901917,18.96472038862431,72.28306856140907,63.27263731718904,94.7322586485434,,,25.30593929384582,31.50706193955939,3.5547629385230763,5.270174942417157,23.00115966926123,15.634949015859473,0.9259259259259259,0.8771929824561403,43452.69323580841,547328.4080016714,546328.4080016714,572,0.998172943363837,0.0,0.0,1000.0,23.746601165544885,25.704708293039857,31.59402901151734,26.676029687150283,7.721524517348366,531.5711504974056,1843.9702193279204,918.835722106243,0.4982920615936709,1113.2808553553764,0.04367270732612659,433.8930612685714,3,0,0,25,0.0,536,162.0,0.4338930612685714,297.319141165311,183294.22873593422,886.1920758851692,500000.0,0.505913635540813,0,11,27.01436176718701,5,E10,base,base,marketplace
6.017439397494412,16.168582768866653,15.311435887290441,41.92576804684197,4.114813563708789,7.107798410137185,8.996946876740196,13.10204705109452,,,25.125928309317068,31.64725557920183,6.044016915853219,9.674022816582788,10.993339541154086,16.168582768866653,0.9285714285714286,0.9807692307692307,31608.77227884693,533346.8920584851,533346.8920584851,565,1.0,0.0,0.0,0.0,23.13958376403923,25.704708293039857,31.50706193955931,24.024233970637237,6.017439397494412,452.3088949032464,1758.6352840630677,880.4419206730283,0.5006392903927738,1058.31453340727,0.044975900560420876,445.2459505088701,6,0,0,30,0.0,521,162.0,0.4452459505088701,304.5770930126572,194271.21616947462,836.177634306865,500000.0,0.49623278481978,0,7,19.864926492619915,6,E10,base,base,marketplace
6.704314262627302,13.35464835492451,6.3327982970425385,12.47958512259575,2.504203767682785,2.9199910145446895,6.191021358897288,6.846215195198672,11.965982658850123,11.965982658850123,24.803368356808544,30.28349000935394,6.6815075045214085,4.516320925530689,4.885260603687193,13.35464835492451,0.918918918918919,0.9672131147540983,40773.60461111535,544565.4292464787,543565.4292464787,581,0.9981636733690867,0.0,0.0,1000.0,22.182070266785615,25.70470829303963,28.97281936585432,23.353972806901297,6.704314262627302,460.7301269464183,1907.3318721575747,952.7815470119425,0.49953632135038756,1115.091296769482,0.04310110818464093,408.4400126856906,2,0,1,22,0.0,555,162.0,0.4084400126856906,298.7836077762074,186928.45458540952,868.8267410806611,500000.0,0.4754026026110975,0,12,35.733813033790675,7,E10,base,base,marketplace
9.99190584621406,40.71694706329687,13.27200259706089,27.603806339421578,9.226779981952188,23.416616142648415,5.159550367641145,5.271609509385485,,,24.965391251264034,31.507061939557595,3.326006380857251,5.1003007447654,10.280141794658602,40.71694706329687,0.88,0.8958333333333334,38363.5914215517,540361.5398106,526845.8481339898,560,0.9749876875372228,13515.69167661024,0.02501231246277737,0.0,23.230086802919292,25.704708293040312,31.418742628307886,24.228547003459504,9.99190584621406,463.9487095722678,1764.3757179185523,875.996620940685,0.49649097527487235,1028.6948012010462,0.04290360893589722,408.05379361467647,4,0,2,18,0.0,533,162.0,0.4080537936146765,308.26484515127146,199063.85480933194,815.8590817462714,500000.0,0.48740075919358256,0,13,36.82924239409328,8,E10,base,base,marketplace
9.65068117734708,33.84813570320948,7.826008902164555,15.524368780616713,10.548258879227124,39.550092391076404,5.8515350840643805,5.8515350840643805,7.253474718233974,8.758631242005777,25.955153889618522,33.590078344502395,7.849412586385002,27.688697438364215,8.919637408420975,33.84813570320948,0.8421052631578947,0.9506172839506173,47374.080402398526,549736.351411949,548736.351411949,603,0.9981809461982428,0.0,0.0,1000.0,23.020293031461833,25.70470829303963,33.07807003213202,24.528713436016783,9.65068117734708,475.69332948294897,2001.1198656747144,994.1874708213898,0.4968155520689817,1228.6095847728625,0.051203977606263454,500.0936602922721,8,0,0,32,178.53283875621773,558,162.0,0.5000936602922721,296.13509883601586,183472.29273139316,885.6928271899639,500000.0,0.5125626827939102,0,11,27.543977658417184,9,E10,base,base,marketplace
4.407650246298236,6.476964833212451,9.923216396700354,14.705089802385007,12.197989350892271,27.358308819704316,,,,,23.583232081505624,29.08163704456706,3.284656626271931,6.173492218649471,11.060602873796313,6.476964833212451,0.9285714285714286,0.9666666666666667,13819.243346008723,516514.44304295897,516514.44304295897,540,1.0,0.0,0.0,0.0,22.339146956378602,25.70470829303963,28.972819365854342,23.164496081136424,4.407650246298236,435.9618778066813,1658.992878247087,833.1188713503717,0.5021835128253569,969.1411781192894,0.039459136269793,380.50140765488794,2,0,0,20,0.0,516,162.0,0.38050140765488794,314.37746532510715,206765.41380619293,785.3368627688319,500000.0,0.4852497738767423,0,10,31.483627498607714,10,E10,base,base,marketplace
5.568056653593273,11.414764079273482,8.027010635963961,15.771404516792611,2.8942754921459484,3.446821946636873,,,7.552558473439603,7.552558473439603,24.165518657437183,31.50706193955923,8.500375075429767,20.154083671643832,4.360771247522523,11.414764079273482,0.9523809523809523,1.0,26006.043708159235,531772.2574830158,531772.2574830158,543,1.0,0.0,0.0,0.0,22.703120625986767,25.704708293039857,31.349859672675485,23.37150526361548,5.568056653593273,448.85398479965846,1655.632150733077,829.588980330785,0.5010708326505146,1023.6084790906551,0.04045317112553539,366.5778735036264,2,0,0,27,0.0,514,162.0,0.36657787350362636,305.331042732498,194492.6016926011,834.8213580387329,500000.0,0.505406701262796,0,6,19.28262020112463,11,E10,base,base,marketplace
3.9457815168548223,6.779362171676441,5.809663365019939,11.283432104655958,22.84797085817354,22.84797085817354,,,,,24.628449549673068,31.51672494755458,6.0016602111318855,11.108922206832359,8.24370729261331,6.779362171676441,1.0,1.0,3605.0987133016765,503977.3460501888,503977.3460501888,521,1.0,0.0,0.0,0.0,23.88015895965592,25.704708293040312,31.02409201561386,24.541130185155648,3.9457815168548223,454.9077462086278,1521.195889146374,756.7635833794133,0.4974793770998649,902.2446221629463,0.03788303451736422,357.2226410444572,4,0,0,20,0.0,497,162.0,0.3572226410444572,322.1518266911863,219312.97609694788,740.29920860348,500000.0,0.45811019494086924,0,6,16.792238772033354,12,E10,base,base,marketplace
2.8637364107309047,5.285668359866468,4.414290973514563,7.353748542629181,14.1392168153983,34.094116605673534,,,,,23.861900365044495,28.97281936585432,2.788388094073298,3.874433265204789,8.736480236574002,5.285668359866468,1.0,1.0,6216.486291594783,506496.9548278934,506496.9548278934,522,1.0,0.0,0.0,0.0,23.077452751738747,25.704708293039857,28.97281936585432,23.741942557972315,2.8637364107309047,444.3786593305533,1531.7835305834599,762.2315893264821,0.4976105135665914,889.9106821872797,0.03603701399881332,342.1265115208805,2,0,0,17,0.0,504,162.0,0.3421265115208805,320.51945221799883,215660.26068305562,752.7679230162225,500000.0,0.463766727267132,0,6,18.731076911799125,13,E10,base,base,marketplace
11.052276264328405,45.98421321318919,7.042370494130618,11.143443989962634,8.444817806717133,20.262468538886424,16.825217801567476,49.34532864705006,,,24.171541156541878,29.903394551351905,4.879825500468054,4.82357776137942,10.093944295975438,45.98421321318919,0.8275862068965517,0.9193548387096774,58929.484502104126,566652.9292862886,566652.9292862886,576,1.0,0.0,0.0,0.0,22.235597758177434,25.704708293039758,30.100826667878916,23.01243864856767,11.052276264328405,472.72044973561214,1833.9984728912607,914.6455545402468,0.4987166391138413,1098.5828663241161,0.040372267563183184,383.666927252002,0,0,0,25,0.0,546,162.0,0.383666927252002,286.5663592911761,169945.4669882297,955.5045498124324,500000.0,0.47685484241965276,0,8,25.070191208235546,14,E10,base,base,marketplace
9.746201400485532,21.722915273722993,12.651878994016075,36.972013405504185,6.084643779379307,4.1552616848730395,6.087254561683819,6.903809601991452,6.517839647709252,8.051208116896623,24.370815821016183,29.18786047602271,5.988712628993434,6.544651577301924,9.621315958443505,21.722915273722993,0.9142857142857143,0.972972972972973,64862.71277757866,573615.9384122626,573615.9384122626,603,1.0,0.0,0.0,0.0,21.685716753205014,25.70470829303963,28.972819365853866,22.091345138700714,9.746201400485532,449.01620064650405,2068.3182657215243,1026.3979103104145,0.4962475685299621,1247.5910653462333,0.04779651203295163,505.94320432369767,4,0,0,28,0.0,563,162.0,0.5059432043236977,283.3009550852636,164728.9249603224,986.5052129944141,500000.0,0.45291852897201873,0,7,21.140090200710937,15,E10,base,base,marketplace
5.357513481669191,16.483410976476442,9.125499341271668,19.425859225978456,15.050466933501108,22.597653204122253,,,,,24.360006256148132,32.11176923259882,2.959320575187197,3.9671929699394695,11.100488538681482,16.483410976476442,1.0,1.0,8440.199489225186,509188.49886297405,509188.49886297405,531,1.0,0.0,0.0,0.0,23.33442230282387,25.704708293039857,31.507061939559208,24.05807602246034,5.357513481669191,443.8142360225172,1523.5126145730378,758.4585419495313,0.49783541973630996,927.4645921621094,0.0395667094301245,365.1550230894213,3,0,0,26,0.0,497,162.0,0.3651550230894213,318.87042889942205,215515.42019838083,753.3806855845077,500000.0,0.5064511377581922,0,5,15.961416541584455,16,E10,base,base,marketplace
4.522908086307003,9.136371234546457,10.891896988919664,24.396268237011828,6.309778232182009,12.520810186587735,,,,,24.95079789348493,30.749414926224926,10.999531755750105,15.677494538902465,8.982680840278974,9.136371234546457,1.0,1.0,10188.61735102234,511539.3687118152,511539.3687118152,538,1.0,0.0,0.0,0.0,23.739831946902726,25.704708293040312,29.778070032131268,24.522243997311048,4.522908086307003,456.03604449141005,1590.9068812597254,786.6514373370409,0.49446730453145554,959.5069692666171,0.043245238007965744,424.75098482362415,5,1,0,20,0.0,508,162.0,0.4247509848236241,317.52150649489596,212210.29423471622,765.3952489466554,500000.0,0.4848576029532509,0,4,10.79092325803397,17,E10,base,base,marketplace
4.813560475122042,8.616021868250757,5.564760158734316,7.142741622721125,3.930366384305489,6.462837424303689,40.58114060857573,110.45072929519392,32.56412070491433,52.750756528789225,25.033092365390885,31.785017028382935,9.766150780748195,28.376664386509873,11.551288419463866,8.616021868250757,1.0,0.9629629629629629,68261.72443658626,577118.2182746406,576118.2182746406,575,0.9982672527597732,0.0,0.0,1000.0,22.992636833540924,25.70470829303963,31.60368044623881,24.581588045956163,4.813560475122042,513.982374624487,1861.800514753519,923.6556511861843,0.4961088171728568,1158.909101492384,0.04273670689800035,402.7581090629329,1,0,4,22,56.10770373854109,544,162.0,0.4027581090629329,281.89137742497866,168147.52552607813,965.8349571363498,500000.0,0.4811922171223664,0,6,13.571745488482872,18,E10,base,base,marketplace
9.142971799950958,29.582944459312788,4.99796044407485,7.044824986157164,6.96817285832248,17.700529303758234,,,114.13478743119595,114.13478743119595,24.464466088519824,29.910122324557044,5.64793803586556,11.542118464345151,5.693329531456366,29.582944459312788,0.8571428571428571,1.0,37728.11627304937,538786.9281851918,537786.9281851918,583,0.9981439787276052,0.0,0.0,1000.0,22.151889734429687,25.70470829303963,29.423169398748488,25.606475143072267,9.142971799950958,500.6448535943697,1979.1132140488398,992.5651934715181,0.5015201689452334,1183.8058093039576,0.04893203256633192,465.91458596584397,4,1,1,22,0.0,554,162.0,0.465914585965844,302.10089920597557,190085.6600212101,854.6984268452318,500000.0,0.43847714953153255,0,10,31.11952669795951,19,E10,base,base,marketplace
3.6819226690699502,5.975218301627228,5.206550658701326,8.549980027159881,8.65752290647797,16.76821660583046,7.118438474041341,7.118438474041341,7.754231648850748,10.101522348509036,24.85444447273237,29.672637523137247,9.667802779208083,29.431872152535522,6.9489823909034385,5.975218301627228,1.0,1.0,42968.20466135957,546796.3875473237,546796.3875473237,559,1.0,0.0,0.0,0.0,22.8913842410081,25.704708293039857,28.972819365853866,23.426809883668675,3.6819226690699502,462.1680520523961,1698.2649649126497,834.988467925389,0.49167149130249926,1013.2391629143639,0.04118440324576863,403.01029807012077,2,0,1,21,0.0,529,162.0,0.40301029807012073,297.00819902365316,189544.94920740646,856.8047366979073,500000.0,0.47804176815373917,0,5,15.868886541170758,20,E10,base,base,marketplace
3.1435041872077365,5.559401315831747,4.834297056210289,8.64283843164776,3.518169269097598,4.7192150061864595,34.98303365036054,34.98303365036054,,,24.411450299007814,31.549917903322967,3.6726619974655375,6.067252807532533,8.273857183700898,5.559401315831747,1.0,1.0,17327.275816339392,522341.9832740221,522341.98327402206,537,0.9999999999999999,0.0,0.0,0.0,23.031359494776275,25.704708293039857,31.500079118528085,23.75715937627175,3.1435041872077365,449.811409767679,1623.3705724921567,808.6483810367131,0.49812925941813574,960.3148938658791,0.03972516817790195,380.3100486260218,3,0,0,20,0.0,510,162.0,0.38031004862602175,310.86972758887134,205327.05270925027,790.8373879917411,500000.0,0.4727310293535781,0,9,24.21744834583803,21,E10,base,base,marketplace
8.431965753620185,21.774664683307403,17.802525912143164,38.825063239740665,12.384209706322736,33.036144226913166,4.675293146604872,4.675293146604872,,,24.124000093492388,28.97281936585432,6.858794777261058,12.503306625348166,13.999431745438093,21.774664683307403,0.9166666666666666,1.0,19226.136203616657,520041.7500651535,519041.75006515346,532,0.9980770774656559,0.0,0.0,1000.0,23.249590168490133,25.704708293039857,28.97281936585432,23.461214037827535,8.431965753620185,440.26587495785697,1561.3972680173658,774.0900932077276,0.4957675468400513,931.3676053195716,0.039633430348087396,363.5094492900108,5,0,0,15,66.95580926203557,505,162.0,0.36350944929001083,312.81396810354676,207566.30948675936,782.2247736193776,500000.0,0.46619629902469645,0,1,2.6356018297700885,22,E10,base,base,marketplace
2.9042794999920547,5.240616098767077,5.557950818683288,8.725907737595545,5.319456004829417,6.719298048396243,8.999916789952294,11.587097059177358,7.158755276702067,7.158755276702067,25.904128073085797,31.973034874121097,3.399281321431829,4.804122361553709,5.713088191234988,5.240616098767077,1.0,1.0,44840.47463850063,546785.5630729868,546785.5630729868,585,1.0,0.0,0.0,0.0,22.722320941894047,25.704708293039857,31.507061939559343,24.18027312702107,2.9042794999920547,479.1919468395073,1989.1766630760435,980.3861841613667,0.49286028856044745,1171.3645369486937,0.046377594049526606,470.3606182201475,3,0,2,26,0.0,559,162.0,0.4703606182201475,297.1372537802961,187263.21851574408,867.6042305903255,500000.0,0.49295965070352343,0,9,25.67767205475644,23,E10,base,base,marketplace
15.919727643367645,46.06256522505555,28.542926985245686,52.94845606219361,14.62674862432065,25.45468480019736,7.019287159740543,7.065998427650902,91.58399742831261,91.58399742831261,24.46847766543344,29.4363360316961,2.0480234037874854,3.449195245952797,17.32340132528998,46.06256522505555,0.7368421052631579,0.9411764705882353,34421.87232108315,535140.8176419535,535140.8176419535,544,1.0,0.0,0.0,0.0,23.72533251081333,25.704708293040312,30.34553549588076,25.36806540281701,15.919727643367645,492.83322189301634,1648.6709267954213,826.0383765820471,0.5010329005968744,999.6275521061598,0.042674998962895686,403.5810740265035,4,0,1,25,0.0,513,162.0,0.4035810740265035,303.47821679841627,195687.8442022421,829.9114425635119,500000.0,0.501649947258652,0,6,17.704429142661724,24,E10,base,base,marketplace
1.7167200018366202,1.7167200018366202,,,,,,,,,24.297504723783035,28.97281936585432,,,,1.7167200018366202,1.0,1.0,209.99028817615883,500209.99028817617,500209.99028817617,501,1.0,0.0,0.0,0.0,24.252433297192326,25.704708293040312,28.97281936585432,24.288025214011004,1.7167200018366202,440.5863711533673,1405.9126155935132,705.5616741073901,0.501853149535566,839.1852567340833,0.03744074505798675,327.5798007035834,5,0,0,19,0.0,480,162.0,0.3275798007035834,324.51886798019564,222415.9102115859,729.8379852694898,500000.0,0.2770519293383493,0,2,6.686917343769473,25,E10,base,base,marketplace
9.629229339440165,16.033513024206513,8.20398675348171,18.400114785176584,11.976460219425267,20.18668815155725,,,,,24.235383244135058,31.513002449937538,4.435319555525666,9.469285134881012,10.23531861975901,16.033513024206513,1.0,1.0,8275.236379187336,508449.34756596206,507449.34756596206,527,0.9980332357494661,0.0,0.0,1000.0,23.434873210315384,25.704708293040312,31.507061939559367,24.01195476066175,9.629229339440165,440.66109538533686,1532.3622812462083,764.7612317066296,0.49907338562567605,937.6683110913617,0.04068200847364393,379.77197042657303,4,0,0,26,0.0,497,162.0,0.379771970426573,319.9920795036971,214874.92825854325,755.6943626994346,500000.0,0.5042172649923392,0,4,11.01751179889225,26,E10,base,base,marketplace
4.9889260739227925,13.662391245941276,3.264502481267563,4.084253309174391,3.4221542281463826,5.227203935847001,,,,,25.446424044237506,31.599862815864793,6.7501635623485186,13.275196331830644,3.3320675156442,13.662391245941276,1.0,1.0,12370.949722949961,513597.1255335828,512597.1255335828,535,0.9980529486044901,0.0,0.0,1000.0,24.05282395668643,25.704708293040312,30.858248270854354,24.90610005602801,4.9889260739227925,467.14577821541536,1623.1099371273976,809.860546832962,0.4989560647175042,969.7019095763947,0.03985480539343985,365.4308109389125,4,0,0,21,33.50503363981419,504,162.0,0.3654308109389125,316.75056827898953,210224.84453998608,772.3417808500554,500000.0,0.45329175186982634,0,10,30.2521120242923,27,E10,base,base,marketplace
18.853100312698842,57.45821682543938,10.950409743466881,20.034389198537788,12.95690865500445,31.46860877706189,7.761678526098066,9.673398096160074,7.423983281196769,7.423983281196769,25.45332426978846,32.07248461431409,3.630871003198564,4.6667625005401305,11.304255433122368,57.45821682543938,0.6666666666666666,0.8928571428571429,26590.43369586375,528937.8456762048,527937.8456762048,536,0.9981094186998066,0.0,0.0,1000.0,24.523852710099945,25.704708293040085,32.11176923259893,24.654878334959466,18.853100312698842,472.02051772561686,1612.1037506190912,797.8589386489406,0.49491786018272166,976.8731878497593,0.04100082992352333,381.85429936800017,4,0,2,26,0.0,503,162.0,0.3818542993680002,307.57759768364883,197337.57424778704,822.8633341538552,500000.0,0.4873745362334178,0,3,8.770975884214055,28,E10,base,base,marketplace
3.737816235311094,6.544292385307472,8.210929680726606,24.021962742495816,5.87524588377286,13.145995755170645,18.115967123842058,33.489558352454324,9.202010169381083,13.006149943614037,25.183070019911458,31.516724947554806,4.880255145148479,7.2007258020312,7.662152622444449,6.544292385307472,1.0,1.0,77164.28456252046,584688.0408818187,584688.0408818189,599,1.0000000000000002,0.0,0.0,0.0,22.022492824127813,25.70470829303963,29.6593922091408,22.864105684711863,3.737816235311094,476.3023909827981,2036.3628417495815,1006.9734887770541,0.4944961026257446,1192.4537631319256,0.04839009950413695,482.9598781251121,4,1,4,29,129.34383220056782,560,162.0,0.4829598781251121,277.89684159277556,165146.21876253455,983.8733281066582,500000.0,0.4317811308165383,0,10,29.684477544066706,29,E10,base,base,marketplace
2.8667719859616567,5.995815522722012,8.294502405242968,18.107495788751983,3.471533592928509,4.86332445728749,,,,,24.197375958257926,29.778070032130927,2.37175111222006,4.252211773349302,5.883017999085737,5.995815522722012,1.0,1.0,10497.826224964789,512316.57260182116,512316.57260182116,545,1.0,0.0,0.0,0.0,22.492554937694624,25.704708293039857,28.972819365854,23.694127388171754,2.8667719859616567,442.226357233623,1684.7944989253692,834.7520539427833,0.49546223855504173,992.3558345270329,0.039798293538633546,371.64212006518073,3,0,0,20,0.0,522,162.0,0.37164212006518077,316.93615003600996,211889.22727825225,766.3043761391383,500000.0,0.48988637025767795,0,5,15.231304687125249,0,E10,demand,low,marketplace
12.807359036874907,33.004299209285044,6.800951318343346,10.317520976538844,5.870971483571509,8.965920831944015,,,,,24.33394917312829,31.529201125449248,5.050986023662517,6.916025709060341,6.452208880303907,33.004299209285044,0.75,1.0,5889.868758736892,507163.2394164159,507163.2394164159,519,1.0,0.0,0.0,0.0,23.769179360255425,25.704708293040312,31.55134031133882,24.111412171431656,12.807359036874907,448.2663213098628,1528.994968004536,764.3042517094583,0.49987362136772634,925.0387161524326,0.03775724975658206,359.29481982831527,2,0,0,19,0.0,494,162.0,0.3592948198283153,320.1322221355246,215542.5495940442,753.258672710414,500000.0,0.48048507453863537,0,3,9.972945061554885,1,E10,demand,low,marketplace
2.3293316724139492,3.0193768549745528,,,2.020603973541275,2.1196282892012848,,,,,23.88258062601348,28.97281936585432,2.331592221974347,3.1635711789812833,2.020603973541275,3.0193768549745528,1.0,1.0,5141.149039486823,506084.3626232354,506084.3626232354,514,1.0,0.0,0.0,0.0,23.293742831755168,25.704708293039857,28.972819365853866,23.620330767512066,2.3293316724139492,438.4435568680031,1454.1864779733396,725.0770938401877,0.49861355804291896,843.4711205151764,0.03458122486856137,311.63311385482626,2,0,0,20,0.0,490,162.0,0.3116331138548262,320.72050650316373,217994.1238381659,744.568845508659,500000.0,0.45852072922394793,0,3,6.18806445470908,2,E10,demand,low,marketplace
1.836881889146389,2.0545152187562055,,,3.418248034217868,4.423884124127108,,,,,24.08273810664709,28.972819365853866,4.245616752863498,4.700114524032324,3.418248034217868,2.0545152187562055,1.0,1.0,2115.7320410682364,502346.2903892196,501346.2903892196,508,0.9980093413266271,0.0,0.0,1000.0,23.704327665820458,25.704708293039857,28.860084272575524,23.982291839081146,1.836881889146389,444.0733257257234,1442.5507407145492,718.8573755324805,0.4983238060495561,844.4169040938232,0.03608345085173118,322.37278268017184,4,0,0,14,0.0,491,162.0,0.32237278268017183,323.7729607147614,221007.06828850324,734.4668839766883,500000.0,0.4725013955593833,0,1,2.2465359146781956,3,E10,demand,low,marketplace
7.304051041593746,6.806850016570024,11.085362824594654,22.130058681451004,4.361346585254523,8.00198427064097,,,36.52467620580728,62.605186967192004,25.354742608040315,32.127874245924254,3.292068512431797,4.557515012637578,8.499202732540757,6.806850016570024,0.9090909090909091,1.0,27378.70074142708,532171.7510152556,532171.7510152555,530,0.9999999999999998,0.0,0.0,0.0,24.442307787664266,25.704708293039857,32.127874245924254,25.64674037593176,7.304051041593746,489.12935663457665,1559.48507933189,778.0476978534552,0.49891320421403723,934.1841275000032,0.04026447770259903,370.55541406333504,4,0,1,26,0.0,486,162.0,0.37055541406333503,305.1093093616853,199507.6657173641,813.8562236705646,500000.0,0.4895527526153951,0,9,26.248816486017493,4,E10,demand,low,marketplace
4.124278749624665,8.493802585835214,8.309517064886032,17.120879041503613,5.254394951291658,9.534625129363347,7.7765117942280995,10.316817980631276,,,24.35394699322898,29.445386310105192,2.797772462222588,3.7282639541086255,7.150108544428266,8.493802585835214,1.0,1.0,19927.459206552754,521147.73375657597,521147.73375657597,540,1.0,0.0,0.0,0.0,22.954162665205807,25.704708293039857,28.97281936585432,23.609075155134047,4.124278749624665,447.92035508070927,1697.3897768906388,846.1250659710385,0.4984860151102191,990.2131161623793,0.039824134585725236,385.78416041224847,3,0,0,21,0.0,518,162.0,0.38578416041224844,311.59261307708454,201639.73902534094,805.3262960234467,500000.0,0.4922183896394811,0,7,17.368053627834943,5,E10,demand,low,marketplace
1.7805994022295029,1.8627128105390511,5.3764036580767725,7.658056374793614,3.587036554318729,3.587036554318729,,,,,24.958136101525934,29.778070032130927,3.4819286460027192,6.234193513267383,4.929061882137262,1.8627128105390511,1.0,1.0,3767.1001534874554,503913.81993745314,503913.81993745314,513,1.0,0.0,0.0,0.0,24.405289825814624,25.704708293040312,29.455190050836432,24.78675962999645,1.7805994022295029,455.4495971036649,1479.89134327979,735.7485704401545,0.4971639125947999,885.1104332470012,0.03752839513061967,339.78705625860096,3,0,1,17,0.0,485,162.0,0.33978705625860095,322.1578385693184,219195.26948897375,740.6172014329208,500000.0,0.504700514885914,0,4,12.299166942676964,6,E10,demand,low,marketplace
4.759004565775991,7.917867825081667,10.000851993867961,10.000851993867961,22.78591135315446,22.78591135315446,,,,,23.597897223592692,28.972819365853866,2.669250681178255,3.809533472349358,16.39338167351121,7.917867825081667,1.0,1.0,3493.620236259421,503750.81135563686,503750.81135563686,514,1.0,0.0,0.0,0.0,23.11784857641807,25.704708293039857,28.972819365853866,23.514010336432463,4.759004565775991,434.88824361513946,1489.9078766592336,747.585877900548,0.5017665116160287,887.9531226408579,0.036313466021459684,330.2456320980291,2,0,1,20,0.0,492,162.0,0.3302456320980291,322.24314477083095,219184.51275304437,740.610016616438,500000.0,0.48554550610689845,0,3,8.381909969122162,7,E10,demand,low,marketplace
2.4291750069031486,3.6860485125879907,10.986630974306612,20.492025282047507,2.3848026238980538,2.3848026238980538,,,,,25.083358216175576,31.507061939559254,5.098153652747442,7.706176226228945,8.836173886704472,3.6860485125879907,1.0,1.0,2863.142799601233,502924.70611335407,502924.70611335407,513,1.0,0.0,0.0,0.0,24.56963808184878,25.704708293040312,31.469536620341025,24.95471352550837,2.4291750069031486,456.2608008802592,1459.035394675037,727.0588295913435,0.4983147305712055,902.1567995309757,0.039302128627887574,366.7593132594472,5,0,0,25,0.0,481,162.0,0.36675931325944716,322.8450647573946,219934.51299322877,738.2504778513699,500000.0,0.4870349215139096,0,3,9.960101027585072,8,E10,demand,low,marketplace
6.8210135808826475,13.216556291362533,4.1438589293056225,5.015024363666714,8.842610259879734,14.303208789594487,,,,,24.742592121857918,31.60369201951266,1.9610250862604062,2.206448169277837,6.493234594592678,13.216556291362533,1.0,1.0,4061.75952542546,505184.0440924234,505184.0440924234,514,1.0,0.0,0.0,0.0,24.223539240529743,25.704708293040312,31.5313529758434,24.567154759998747,6.8210135808826475,448.19674727768796,1462.336138003804,729.723648523434,0.4990122513962899,887.8128955204304,0.04174994599265998,372.29006479079044,8,0,0,22,0.0,490,162.0,0.3722900647907904,321.41215060839255,217918.67628664282,745.1049760012851,500000.0,0.5199153302564751,0,2,4.493071829356391,9,E10,demand,low,marketplace
2.7091114479170755,3.936664895003561,4.8808607598863505,9.180208167557977,7.086926920665519,9.694364808225693,25.62317769337242,55.69999086203897,,,23.601591487869797,29.099737680435844,10.05687401730201,24.148927557851138,9.369977263223605,3.936664895003561,1.0,0.9591836734693877,37126.6882438257,543946.1640465535,542946.1640465535,562,0.9981615827703229,0.0,0.0,1000.0,21.786302416870257,25.704708293039516,28.97281936585432,22.937603830705378,2.7091114479170755,449.2352224245076,1809.8016672116216,893.7559228958837,0.4938419159890055,1066.4834941216684,0.04204938769145288,409.42694455680606,2,0,3,29,93.70370194165677,525,162.0,0.40942694455680606,299.12620753064465,183588.83599489788,884.6367267619166,500000.0,0.47880980488284025,0,6,13.409268114249256,10,E10,demand,low,marketplace
32.46354737704331,63.63949090154485,72.01720939020584,72.01720939020584,44.876615735408755,68.85151398546472,,,,,23.949797178479415,28.97281936585432,5.68419160599899,8.490476476603112,51.66176414910802,63.63949090154485,0.5,0.375,5214.980401417462,505688.79028859915,505688.79028859915,510,1.0,0.0,0.0,0.0,24.162290624620216,25.704708293040312,30.00116926858044,24.056359924216295,32.46354737704331,444.46616073542026,1435.0391291762653,720.88764981754,0.5023470337225862,869.2257582271086,0.03516306278330023,307.604873733899,1,0,1,24,0.0,477,162.0,0.30760487373389905,320.9634225451273,217427.2949707796,746.4913956435262,500000.0,0.23088291657675053,0,3,8.933453258447667,11,E10,demand,low,marketplace
3.1016153182745256,4.236056631115207,2.8156903008552945,3.2031975704169553,2.0445264340719405,2.2667679479712204,,,,,25.000594443354405,31.52638795555049,13.513246859945047,31.449816245204786,2.5586356785941766,4.236056631115207,1.0,1.0,3417.9900105616543,504330.08166326175,503330.08166326175,515,0.9980171716176397,0.0,0.0,1000.0,24.41499563533304,25.704708293040312,31.507061939559662,24.80873296845146,3.1016153182745256,457.73707735737685,1493.827422536717,746.0832105912745,0.49944404509881485,925.4657945530055,0.037990936626969445,337.1748403137442,3,0,0,26,0.0,483,162.0,0.33717484031374423,322.52627203180094,218450.08425507642,743.1316650386748,500000.0,0.49084198451551186,0,4,8.434600369387276,12,E10,demand,low,marketplace
2.1846397089022114,3.3933080215727904,4.03647292860569,4.326617314227406,3.3182994294979835,4.073118680052266,,,,,24.15874411809272,28.972819365853866,9.789376175692563,25.18237142245778,3.7492035289626076,3.3933080215727904,1.0,1.0,3455.102896330373,504226.7421158993,503226.7421158993,519,0.99801676524374,0.0,0.0,1000.0,23.40029404728433,25.704708293039857,28.972819365853866,23.984995533515672,2.1846397089022114,447.0321703173566,1529.5521625529657,770.4516361769404,0.5037105991148314,877.9217971472204,0.035034314565027806,311.37886845420053,2,0,0,15,0.0,499,162.0,0.3113788684542005,322.5412429116732,219237.59068239134,740.3446569689505,500000.0,0.470726758532388,0,7,20.199480996293534,13,E10,demand,low,marketplace
5.460104504259666,13.33922718683207,9.498950391752373,13.683641146192395,7.4908622360523625,10.951038633752614,18.958739138248347,22.067604026135086,60.811647751127566,60.811647751127566,24.357474659919898,31.515029533093504,4.74965212621737,8.539508589266644,10.306144638524364,13.33922718683207,1.0,1.0,30428.34739421532,531139.8918254899,531139.8918254899,528,1.0,0.0,0.0,0.0,23.557096370584986,25.704708293039857,31.507061939559275,24.763106255327237,5.460104504259666,480.02690779748895,1542.514695097382,767.535113245924,0.49758690512667564,929.7108988019478,0.03613874927164658,340.2605408881094,0,0,1,28,0.0,495,162.0,0.3402605408881094,305.64501563408504,196329.44039986885,826.8768056907096,500000.0,0.47689535305517383,0,1,2.6356018297700885,14,E10,demand,low,marketplace
8.21692180948939,17.689629409830243,7.232061863572603,12.289639054118927,6.262326287621487,16.529903508758707,,,,,24.0713181304414,28.98299663145017,6.582125618994682,9.020559603235597,6.698707296799489,17.689629409830243,1.0,1.0,14006.350583712881,515168.33040230686,515168.33040230686,553,1.0,0.0,0.0,0.0,22.464392174998913,25.704708293039857,28.96597153023191,23.567801142728417,8.21692180948939,445.1170079528386,1725.0976177314158,861.6677903437165,0.49948929352580645,1049.3915994872875,0.041034039968717406,380.65000403492735,3,0,0,19,44.69999169498733,525,162.0,0.3806500040349273,315.1992085329238,209348.2172908845,775.6485921177479,500000.0,0.4762634201748905,0,6,17.088774686711552,15,E10,demand,low,marketplace
7.273090888466144,12.816810902455472,17.098960989665027,20.86126010890257,10.047876271433855,14.30061921616998,,,,,24.376216041916106,31.119508306748724,4.140406631339829,7.943304774116815,14.748599416921301,12.816810902455472,1.0,1.0,5753.998882810445,506311.05488765676,505311.05488765676,523,0.9980249295559587,0.0,0.0,1000.0,23.696051292479765,25.704708293039857,30.25558671263334,24.18550539315336,7.273090888466144,448.26616472614603,1554.8244799637093,776.8946092372862,0.49966708091412315,960.3467276179147,0.04017820492776062,383.59568779511466,4,0,0,19,0.0,496,162.0,0.38359568779511466,321.3537367075752,216449.43041239597,750.2149364792022,500000.0,0.49717386247297163,0,4,14.575803864879775,16,E10,demand,low,marketplace
6.090845503893203,13.415968494887307,6.4846823682337345,6.4846823682337345,6.276237219266413,9.046445033473153,,,,,24.662180975691477,29.95439288600956,2.8425380419104633,4.460353903516079,6.3179262490598775,13.415968494887307,1.0,1.0,6169.254083643422,507434.40308128565,505434.40308128565,518,0.9960586038552857,0.0,0.0,2000.0,23.909707712212658,25.704708293040312,29.297250522634528,24.393947121488086,6.090845503893203,452.2389889111129,1484.7755637979396,743.1237488098727,0.5004956755275661,883.5002189083236,0.037583767489181255,350.44760803112695,5,0,0,20,0.0,490,162.0,0.35044760803112696,321.2097289347385,216724.40338670084,749.1101374419271,500000.0,0.47627941875017976,0,3,8.544387343355776,17,E10,demand,low,marketplace
18.653997128043887,55.89222344286318,13.681124350185854,36.19733828563244,7.246058296881233,20.31973910872291,16.547449673150975,42.107797889867655,138.8062882848708,138.8062882848708,25.015883713341783,31.6036920195128,3.2671876290153112,5.347961969183781,12.57958913228985,55.89222344286318,0.696969696969697,0.8235294117647058,76681.09459118318,587370.4567878217,586370.4567878217,593,0.9982974969400593,0.0,0.0,1000.0,23.20283217002259,25.70470829303963,32.27281936585496,26.02477460727113,18.653997128043887,553.1870196804568,1956.7464321113648,966.9995673320365,0.49418746929239393,1216.2434536214146,0.04515529868762706,461.32646231656315,1,0,3,25,0.0,549,162.0,0.46132646231656316,277.0626053575261,159184.68174375006,1020.5839197759061,500000.0,0.46541561127968006,0,2,4.493071829356391,18,E10,demand,low,marketplace
5.01898382247911,9.486710736409123,3.563576533587002,4.229459277603564,4.519045392330554,4.56923855935438,,,,,24.8836361401838,31.66027343578245,2.957830895887014,4.141292408093614,3.8365676360851597,9.486710736409123,1.0,1.0,5338.542800048263,506345.1155654843,506345.1155654843,517,1.0,0.0,0.0,0.0,24.19848988406754,25.704708293040312,31.567842608719914,24.625074933851298,5.01898382247911,457.41402450689594,1543.4021194490933,778.2142815530332,0.5042200420398615,927.3546111226625,0.03845898648119786,343.41065166928865,4,0,1,22,0.0,493,162.0,0.34341065166928864,320.61810346558747,216180.89421413283,750.9609544443085,500000.0,0.4611557470717084,0,7,20.588546911385425,19,E10,demand,low,marketplace
12.638086417275433,33.75188691642688,17.84026171353975,33.594799324789165,27.076359793393685,63.57204556034567,40.87089673884733,70.97958455127628,36.3865307795711,54.191709155029045,24.968799411936903,31.514438151952525,5.228959355863902,8.43124519424464,24.92587879189253,33.75188691642688,0.8095238095238095,0.8979591836734694,51940.60204883295,559142.7823323912,558142.7823323912,570,0.9982115480489104,0.0,0.0,1000.0,23.859837852927562,25.704708293040312,32.17689812943583,25.457013838312605,12.638086417275433,507.69890419011165,1705.7690159119272,847.6111917309,0.49690854026783665,1070.6380712029807,0.0427642888324873,396.5206549877672,2,0,2,32,147.70527597638227,511,162.0,0.39652065498776723,290.95873994170125,179649.4630764718,903.9632953751724,500000.0,0.511177945230362,0,2,6.686917343769473,20,E10,demand,low,marketplace
5.83103535010586,13.327705796268495,5.218725376658767,7.563449405942811,3.7681052068551253,4.935384190048444,,,,,24.271282685002095,31.603692019512586,5.1709138067247595,8.723202130524442,4.63847730873731,13.327705796268495,0.9166666666666666,1.0,15709.034239162002,522138.5382284487,522138.5382284487,523,1.0,0.0,0.0,0.0,23.441360680853446,25.704708293039857,31.424445185576957,23.639596186671717,5.83103535010586,449.33564791936254,1546.8822053149165,780.3120823560415,0.5044418247717734,932.6639295867943,0.038102351426741086,345.7741096245753,3,0,1,23,0.0,496,162.0,0.3457741096245753,310.9247110172018,207183.67328294268,783.5838197921864,500000.0,0.4798759343084593,0,7,17.460583628248642,21,E10,demand,low,marketplace
10.681870686486263,22.373967573108075,13.38412553881138,24.632628279423265,13.230086686511134,31.64251271384751,38.32487227374327,38.32487227374327,47.03209735346445,47.03209735346445,24.61274098632785,30.342024675515933,6.723701197733013,13.346131172959529,14.49109312736515,22.373967573108075,0.9375,0.972972972972973,31503.72405667182,536654.8821656387,536654.8821656387,553,1.0,0.0,0.0,0.0,23.380616627742913,25.704708293039857,31.507061939558845,24.692813599968083,10.681870686486263,482.15918656923174,1720.482731606833,853.418795729183,0.49603450243998576,1030.192146639843,0.043032142752610636,409.30822260316296,5,0,1,24,134.38392286512004,523,162.0,0.40930822260316296,302.63268558595814,194849.48806931212,833.511598269279,500000.0,0.4617320270488812,0,4,12.044159568029652,22,E10,demand,low,marketplace
2.5162781350060186,2.550324017063576,4.581415227943808,6.1987731365996295,,,,,,,24.770887617064712,31.970542192789267,3.503606854511039,4.514661820151877,4.581415227943808,2.550324017063576,1.0,1.0,751.2308824467286,501013.32059919235,501013.32059919235,509,1.0,0.0,0.0,0.0,24.395378603506366,25.704708293040312,31.95761994540137,24.727297438288,2.5162781350060186,458.1156006410205,1474.880584661364,736.994417636155,0.49969768759643046,889.27829307815,0.03532897206757884,312.3104683319858,2,0,0,21,0.0,486,162.0,0.31231046833198584,323.96805393160565,221548.02797057413,732.6280985443491,500000.0,0.48850836931012936,0,0,0.0,23,E10,demand,low,marketplace
17.61060617140136,38.51082383777502,19.937046542244108,41.05794055573024,30.737862900645176,52.40930665328469,62.54881341876899,69.80377570215278,46.0013266068172,46.0013266068172,23.649928412131004,29.526613975264265,5.37712585537182,7.421204167309952,27.666314435726527,38.51082383777502,0.625,0.8979591836734694,37715.49998833645,541359.6784614737,541359.6784614737,571,1.0,0.0,0.0,0.0,22.939050060668865,25.704708293040312,31.732204044303217,24.700164724320906,17.61060617140136,484.27400887259324,1806.2882611628927,899.7449253292668,0.49811812692067703,1073.4101823993392,0.04439975819168438,444.2066828361437,4,0,2,25,0.0,532,162.0,0.44420668283614373,300.06705919527883,190301.4812649971,853.6150407396495,500000.0,0.4810052738910082,0,5,14.453172856941462,24,E10,demand,low,marketplace
1.7167200018366202,1.7167200018366202,,,,,,,,,24.297504723783035,28.97281936585432,,,,1.7167200018366202,1.0,1.0,209.99028817615883,500209.99028817617,500209.99028817617,501,1.0,0.0,0.0,0.0,24.252433297192326,25.704708293040312,28.97281936585432,24.288025214011004,1.7167200018366202,440.5863711533673,1405.9126155935132,705.5616741073901,0.501853149535566,839.1852567340833,0.03744074505798675,327.5798007035834,5,0,0,19,0.0,480,162.0,0.3275798007035834,324.51886798019564,222415.9102115859,729.8379852694898,500000.0,0.2770519293383493,0,2,6.686917343769473,25,E10,demand,low,marketplace
15.802654375266039,53.24274778867539,13.36004047207316,15.721921982126576,19.375639941104534,70.0356511865346,5.299616499684134,5.357546550753478,5.309354220442401,5.309354220442401,23.990576150329602,31.50706193955923,3.654044378917405,5.429351511250388,15.170495104287651,53.24274778867539,0.75,0.8181818181818182,29254.156562575008,530329.3152887456,529329.3152887456,541,0.9981143791769166,0.0,0.0,1000.0,23.131333563695907,25.704708293040312,31.507061939559662,23.226018486827694,15.802654375266039,442.4330792807905,1682.305463323291,836.0399279769111,0.4969608351181157,1047.2959558279845,0.04191884494601395,375.2372973120739,4,0,0,25,0.0,512,162.0,0.37523729731207395,306.75655514891986,196701.55710046107,825.4903504113211,500000.0,0.5052379427255654,0,6,14.873001774203132,26,E10,demand,low,marketplace
3.4752841712500717,5.381599940033993,,,1.7167200018375297,1.7167200018375297,,,,,25.153252960432997,31.89926165982606,1.6996970608070114,1.6996970608070114,1.7167200018375297,5.381599940033993,1.0,1.0,737.2905120014291,500778.89368527295,499778.89368527295,504,0.9980031107288869,0.0,0.0,1000.0,24.931181541334247,25.704708293040312,31.800378067756625,25.117215649582718,3.4752841712500717,454.2496127520432,1389.7027268649524,695.7196273939928,0.5006247839517991,843.2400816704754,0.03998134143150423,354.4443982349321,4,1,0,23,0.0,473,162.0,0.3544443982349321,324.85254269355926,222307.3198195273,730.3153334313819,500000.0,0.4243020685149119,0,2,6.297851428677579,27,E10,demand,low,marketplace
19.180233860003412,36.658005367544526,37.89894987410264,44.10148879214114,2.1958187320210527,2.338984039448678,,,,,24.595704972796522,31.12826927115065,5.851831156060143,5.851831156060143,20.047384303061847,36.658005367544526,0.625,1.0,5547.342072975119,506051.2624110993,506051.2624110993,513,1.0,0.0,0.0,0.0,24.439250927186347,25.704708293040312,31.3920425802924,24.445610582183452,19.180233860003412,451.8162997547643,1465.4738798702995,736.7541296110052,0.5027412222974667,900.8831362540334,0.03803071370668322,332.61510659299586,4,0,0,15,0.0,487,162.0,0.33261510659299587,320.7829466389501,217247.43642901743,747.2245370298439,500000.0,0.2620656086395752,0,2,5.35724222426018,28,E10,demand,low,marketplace
4.6534971429061045,10.220583974492497,3.228650952894725,3.7446057260317955,2.545057377260671,3.1468574510525684,,,,,25.02246187759278,31.507061939559208,2.348506974900829,3.0905584528560213,2.886854165077698,10.220583974492497,1.0,1.0,5306.499780281101,506123.50849347515,505123.50849347515,513,0.9980241976845206,0.0,0.0,1000.0,24.432441732063346,25.704708293040312,31.507061939559208,24.750437522626807,4.6534971429061045,462.3619185547431,1478.0947160604862,738.3992026363085,0.4995614926520662,877.9409148405493,0.034836686731243884,318.4636935570968,2,0,0,21,0.0,485,162.0,0.3184636935570968,321.34410884512187,217180.46583560354,747.3897943308831,500000.0,0.46347668964173055,0,4,9.850314053616572,29,E10,demand,low,marketplace
2.640657485714655,3.2632498801149277,2.8267479996093243,3.303623729935316,2.6786094466242076,2.9896730378545158,,,,,24.864323505809153,29.06730114733897,5.145542862620255,9.030632911035308,2.727988964285913,3.2632498801149277,1.0,1.0,6331.675523713306,506840.30459296243,506840.30459296243,520,1.0,0.0,0.0,0.0,24.034660227643894,25.704708293040312,28.972819365854775,24.566268004513443,2.640657485714655,454.126884680632,1495.7250283944338,742.7342436017916,0.496571381438385,880.1282263420884,0.037083191332633554,332.41572889931535,3,0,0,21,0.0,493,162.0,0.33241572889931537,320.283162680337,215982.81360304466,751.5987639055877,500000.0,0.49244642578461706,0,1,4.051315513999384,0,E10,demand,high,marketplace
11.703397729074391,50.96692712062541,12.49551616519428,29.324692478244756,12.556498807029936,42.80302253859791,24.690146687892895,62.86024988196823,4.444069215807758,4.444069215807758,24.515259391117528,31.516724947554987,3.9687874538537775,6.1502163359196,14.762726222840646,50.96692712062541,0.8409090909090909,0.8924731182795699,83311.59274607479,595481.9392487563,595481.9392487563,624,1.0,0.0,0.0,0.0,21.82605845094335,25.704708293039857,32.10429118860302,23.269623790235997,11.703397729074391,497.4298303747904,2182.2261428115257,1093.9666889660894,0.5013076635387796,1267.8906228316644,0.05009912333027094,561.2033887982279,4,0,3,28,0.0,588,162.0,0.5612033887982278,272.99098876765424,155485.51393159907,1045.5070654383396,500000.0,0.4511028910551489,0,16,49.20998403936478,1,E10,demand,high,marketplace
13.58947467766822,39.37238239336939,27.159608484690864,58.750968411942,7.783083720176567,15.31020165864339,,,,,24.39220272692563,30.267075881749562,3.972722784047743,6.353568237189393,16.901448315242117,39.37238239336939,0.7391304347826086,0.925,15051.587285390255,516960.8209520397,516960.8209520397,551,1.0,0.0,0.0,0.0,23.30251153000513,25.704708293039857,31.507061939559208,23.93761239611669,13.58947467766822,451.63826077926433,1656.6923877082822,832.3520732961528,0.5024179983391805,1000.9754844876751,0.03939643962824989,349.97278158052694,2,0,0,27,0.0,509,162.0,0.34997278158052697,314.0469571419269,207166.04648802994,783.6707584751882,500000.0,0.48330006735421166,0,7,22.94486980003212,2,E10,demand,high,marketplace
13.787899885402982,43.73280169643657,22.63927387744649,54.24415438449795,11.918270708710793,34.10219385141613,37.23650472974059,52.183394767707526,12.353156432636297,12.353156432636297,25.121073665644296,31.507061939559456,4.631808873568006,7.3570108701969685,19.103426149615405,43.73280169643657,0.8648648648648649,0.8831168831168831,78263.42881235172,582739.5185212438,568327.1645966916,597,0.9752679310970278,14412.35392455253,0.024732068902972686,0.0,23.342016247231328,25.704708293039857,32.096813144607225,24.51933561472813,13.787899885402982,499.28869745537025,1949.4342001054804,974.3015326127103,0.49978682663923335,1180.4759037009621,0.04723948191500895,447.75085501083294,4,0,2,32,0.0,553,162.0,0.44775085501083295,285.834922161939,172690.6558441244,940.6863970777948,500000.0,0.48101640672883733,0,10,27.286626115389126,3,E10,demand,high,marketplace
6.826827563883803,13.158373092445817,7.126602555334855,11.477015365848274,7.7630415103020365,18.87302440497897,18.36725915668351,37.38560344771031,19.026991697656285,19.026991697656285,25.103459631876408,33.0832969998907,12.174057733207283,39.767118019120794,9.361162289492537,13.158373092445817,0.9411764705882353,0.9838709677419355,89458.17555209178,594842.2325878765,594842.2325878765,650,1.0,0.0,0.0,0.0,21.328550174648804,25.382608026528942,31.53583689981245,23.24838607934613,6.826827563883803,493.6731348830333,2231.668498976952,1101.136876887797,0.4934141775055674,1353.123945960272,0.05142230315254661,496.0871947923174,4,0,4,35,357.1194290730368,593,162.0,0.4960871947923174,273.1751013841921,157710.8346830984,1030.3419389118658,500000.0,0.4808718312835274,0,8,26.0620675453078,4,E10,demand,high,marketplace
7.16382071450576,14.212670208960478,6.608468933808162,10.75273413843594,8.244893151466941,12.789693334075173,6.946142064147153,7.883705124828401,4.316397158094098,4.316397158094098,24.56357222003856,29.810908989006847,7.069294293953664,9.525923728701645,7.431946104318298,14.212670208960478,0.9583333333333334,1.0,61422.979034144824,564986.455948799,551360.6836114924,580,0.9758830106565574,13625.772337306687,0.024116989343442776,0.0,22.172868116338716,25.704708293039516,28.972819365853912,23.02699489618781,7.16382071450576,458.87300168747873,1872.3605125514737,936.8291040851792,0.5003465399986236,1148.4522128399462,0.04354860519775122,424.3383858318832,2,0,0,30,0.0,544,162.0,0.4243383858318832,294.58817651256686,183159.60767310488,886.7912551752108,500000.0,0.5052966057501074,0,8,20.89624468629785,5,E10,demand,high,marketplace
2.670237298718248,4.476771587193048,4.0677295214154086,6.537924347667968,3.4732395656792883,4.765746081365523,7.3135558792037045,7.3135558792037045,22.9569635576554,22.9569635576554,25.107554406249054,29.81172078005629,6.020051150341601,12.629702595114582,3.9867840120370706,4.476771587193048,1.0,1.0,30903.2465927236,537607.2930296768,536607.2930296768,566,0.9981399061862339,0.0,0.0,1000.0,22.64847937105163,25.704708293039857,28.972819365853866,24.18489447084462,2.670237298718248,468.3011526283549,1896.5741037273392,939.2851077445695,0.49525357638206247,1114.9667567034255,0.04416117971220393,401.9951721655719,4,0,3,24,472.38803087827023,536,162.0,0.4019951721655719,302.6458963225161,194895.37515945983,833.2778293958553,500000.0,0.5001951369913366,0,10,27.0796387164664,6,E10,demand,high,marketplace
3.5852735325060086,4.883566992289957,6.5963233643168575,13.5281217460577,2.4447958213374816,3.6713118239338653,,,,,24.76376604671563,31.526387955550124,4.230516008260259,4.864395890325489,4.411308868011923,4.883566992289957,1.0,1.0,17165.80256382838,519356.49795545865,518356.49795545865,567,0.9980745403129898,0.0,0.0,1000.0,22.272005103103524,25.704708293039857,28.972819365853866,23.93693950480936,3.5852735325060086,454.49380108779775,1787.0376180324854,898.9411353192945,0.5030342541468275,1015.9409224270933,0.040806951972661244,375.21355159228364,2,0,0,22,0.0,541,162.0,0.37521355159228365,313.25007826089774,207434.96052376396,782.7765056652079,500000.0,0.48319308581057446,0,15,39.297437518963896,7,E10,demand,high,marketplace
7.419998209849922,7.895292265790929,2.737728831933782,3.515380564155703,12.155790986355965,48.098449771785944,8.75556006255556,8.75556006255556,10.402748279282491,13.882901284020567,24.924557307768733,30.88731856257401,4.563906632218656,5.967573438642285,9.498394054992213,7.895292265790929,0.9166666666666666,0.9069767441860465,37731.59948563305,545088.7225840173,545088.7225840173,557,1.0,0.0,0.0,0.0,23.153322215638784,25.704708293040312,30.69687542535503,23.627243007520942,7.419998209849922,467.3312853159948,1741.3309566019993,880.2244003117493,0.5054894343746135,1036.7687847943043,0.041587735035921274,384.33465284645825,4,0,0,16,0.0,533,162.0,0.38433465284645824,297.90441064907066,188512.97818453307,861.3960493154503,500000.0,0.48069118298830177,0,9,25.336626115389127,8,E10,demand,high,marketplace
12.70047927101711,45.75735811084725,21.699102253118713,63.96268161738144,20.909190711207415,58.775594398927296,9.227849338188662,11.669523142192975,8.635870492656068,11.164178066306158,26.40891001133358,33.17383999591499,9.734661352581655,25.953821057035565,21.01315877131041,45.75735811084725,0.86,0.8333333333333334,74401.05512919855,585812.2177326889,585812.217732689,649,1.0000000000000002,0.0,0.0,0.0,23.918084277661045,25.70470829303963,37.547387792504026,25.303003614554104,12.70047927101711,521.6408726310852,2306.590900717803,1150.5416924305832,0.49880613509423744,1369.007685086362,0.05847386868636521,610.3823892002035,8,0,5,44,90.19446723431328,580,162.0,0.6103823892002036,277.58107029341727,162520.54711239648,1000.5527625792546,500000.0,0.49478153913759426,0,17,55.52244428147522,9,E10,demand,high,marketplace
7.13952602053367,15.982930840789777,5.676182967096978,10.220923428568767,5.522125102011842,9.183535737596593,5.133492489669152,5.133492489669152,7.164155876981567,7.164155876981567,23.420361379688813,28.972819365854342,3.49424728812036,5.14531358973818,5.581488915811561,15.982930840789777,1.0,1.0,35361.08611813196,537863.7727525725,537863.7727525727,555,1.0000000000000002,0.0,0.0,0.0,21.672980844089683,25.704708293039516,28.811769232599318,22.346721055160046,7.13952602053367,435.08095957621634,1749.0395239832671,877.4831456394218,0.5016942919854889,1021.5994003319012,0.04034029075382456,381.62577447173896,2,0,0,22,0.0,525,162.0,0.38162577447173895,301.9010277332255,192427.74036884934,843.8576759422284,500000.0,0.49940638344241767,0,9,26.800359775343004,10,E10,demand,high,marketplace
4.561323888459984,6.114953332319601,3.0340739060317596,3.3271036499307227,4.10392549497015,6.4878509137423865,9.867935584979023,9.867935584979023,19.02079673663593,19.02079673663593,24.497885909282317,31.504815806256737,12.586732266111039,48.77809049135103,4.300422058292742,6.114953332319601,0.9523809523809523,1.0,46957.62727726932,553332.5128378829,538698.9712059791,545,0.9735538012092358,14633.541631903543,0.026446198790763854,0.0,23.019310756797015,25.704708293039857,30.919522615444766,23.70763353527301,4.561323888459984,467.9930234033763,1687.8066657801835,843.3607120001396,0.4996785053045745,1020.6088695575264,0.03860949721674914,350.99178839266915,1,0,1,18,96.04351657818246,524,162.0,0.35099178839266915,301.3760940083835,189523.87052131645,856.6255603677768,500000.0,0.4752221572269586,0,7,21.529156115802827,11,E10,demand,high,marketplace
3.458356346718399,4.5556461615786255,15.357097951068953,32.92369618054545,8.346397228939546,23.559761326762413,22.50467595632108,33.080203405960674,5.842146953172232,6.70990977075071,24.792195294746787,31.64568061335709,10.72693322344406,39.04158728532147,13.253382169078636,4.5556461615786255,1.0,1.0,62701.4392496076,572553.188491448,572553.188491448,577,1.0,0.0,0.0,0.0,22.75302856166255,25.70470829303963,31.545713971541314,23.54548949205445,3.458356346718399,478.39426740481514,1895.7987849437243,953.0948218061726,0.50274049618323,1150.9539628308407,0.046319494896641174,441.7957724037448,4,0,2,26,5551.990317841731,539,162.0,0.4417957724037448,283.71476927829576,171700.95353071622,946.0739293060707,500000.0,0.4775711847029977,0,15,41.115061152254896,12,E10,demand,high,marketplace
7.482859492906812,19.15734740273856,8.808479363519188,19.529315150718876,8.63261511477749,21.335839469391065,,,90.06384573224204,90.06384573224204,23.98430643412735,30.431777246507412,4.526105645316768,5.176987532348448,8.733108971201318,19.15734740273856,1.0,1.0,41124.300846777085,543304.836378502,543304.8363785018,586,0.9999999999999998,0.0,0.0,0.0,21.69745868578816,25.704708293036674,28.972819365853866,24.566608220397804,7.482859492906812,484.8053894857963,1922.03602701541,963.3332188109118,0.501204558744303,1153.6524515486544,0.04510090357693039,426.48267490363185,3,0,1,29,0.0,542,162.0,0.42648267490363184,298.9601266161869,191172.68240874185,849.6322833804433,500000.0,0.4889911112940258,0,8,23.09009020071093,13,E10,demand,high,marketplace
4.965676802227277,6.622307733652633,5.498583742701979,9.665371412083914,5.174951411543033,13.338521436500015,15.889114443104821,21.41210182238683,,,24.412442827938502,29.266472179597624,4.190780671855417,6.083121068912714,5.986010860785584,6.622307733652633,0.9629629629629629,0.9811320754716981,48587.6760080098,551801.4641889283,551801.4641889283,630,1.0,0.0,0.0,0.0,20.454316289166517,25.46772273167244,28.82578729577199,22.909093452134318,4.965676802227277,461.555224057147,2280.9486485535426,1131.100539739116,0.49589040088929676,1267.7341636753993,0.0471584440679328,497.161137415647,1,0,2,23,0.0,602,162.0,0.497161137415647,294.4848313809098,180935.60032296134,898.0939121287686,500000.0,0.439938674725364,0,18,46.604679743224075,14,E10,demand,high,marketplace
7.198455941663901,18.92392210008607,6.628189311837559,10.667238232032105,5.8837634838632065,11.25984505690867,,,,,23.990234091779747,29.783941850059662,8.447106347872705,20.35818186960023,6.11884532427616,18.92392210008607,0.8888888888888888,1.0,36529.97713964839,538789.5481769522,525417.7279774193,548,0.9751817379442905,13371.820199532962,0.024818262055709583,0.0,22.50705380260524,25.704708293039857,28.99500885012194,23.43342266824303,7.198455941663901,446.80351048563307,1730.4446676557975,865.1477407724115,0.4999568937066399,1039.4636094073564,0.04123066584856314,397.7167472200662,4,0,1,21,0.0,519,162.0,0.3977167472200662,309.0830554430767,201369.53651122085,806.4661594837153,500000.0,0.47143550711282317,0,8,23.138110176435514,15,E10,demand,high,marketplace
9.5487696286477,27.256427658669104,6.816589646756313,11.383939371913309,3.370396266219359,4.969993368576432,,,,,24.43462902006796,31.17110653575265,5.2763592785501565,7.098225033841484,4.902037768680227,27.256427658669104,0.7727272727272727,1.0,15923.486685095708,517903.73093998,517903.73093998,557,1.0,0.0,0.0,0.0,22.63074008875373,25.70470829303963,30.255799074853833,23.83591824331326,9.5487696286477,454.4858470535046,1760.385470599857,879.2558330945661,0.4994677857656692,1075.2912910500713,0.0421500617662637,386.45239886747186,4,0,0,20,0.0,533,162.0,0.38645239886747185,313.54563154843635,207045.14628638336,784.304560196044,500000.0,0.4860478643685389,0,7,21.366678741569213,16,E10,demand,high,marketplace
6.719175798798003,16.31077624779561,6.243374183239485,10.107978867382826,7.995634885331733,12.73000683166083,16.82650740849822,40.230224234928755,44.351206532414835,44.351206532414835,25.915696019589028,32.304672619617655,7.826803792200286,22.359590717163186,8.456154639113347,16.31077624779561,1.0,0.9850746268656716,58116.39082430005,568512.5039305333,568512.5039305333,590,1.0,0.0,0.0,0.0,23.195538877433627,25.70470829303963,32.11176923259882,24.95671397854863,6.719175798798003,512.3999246007304,1942.9089113604002,954.7739469103839,0.4914146727763286,1187.554385406525,0.04716998027770025,478.8796921099874,5,0,3,30,0.0,551,162.0,0.4788796921099874,285.79649272228374,168261.16434732446,965.6350609622627,500000.0,0.47322845645138994,0,6,15.912395323992133,17,E10,demand,high,marketplace
9.492954749006353,33.38585671671808,13.327000802541747,45.2515409770027,5.0060080892355785,9.687023952621303,5.157429594156656,5.619465208650718,10.32429480527268,16.173534247137468,24.78301943177668,31.603692019513073,3.7053882898162422,8.032725547171367,8.74848134320427,33.38585671671808,0.8780487804878049,0.9493670886075949,80465.05325282093,583423.0606617343,582423.0606617343,598,0.9982859779336357,0.0,0.0,1000.0,22.04405454439846,25.7047082930396,31.60369201951255,22.330820507798983,9.492954749006353,459.4307169139351,1960.2662011350296,975.2049468681113,0.4974859773144331,1145.625606345015,0.044875247946574034,448.51709905817756,2,0,2,26,0.0,554,162.0,0.44851709905817755,278.9184152744369,162775.4505994957,997.9915060948475,500000.0,0.4815066441462312,0,13,41.426727548433895,18,E10,demand,high,marketplace
5.5718754165990525,14.771710671041415,6.7683332498536215,10.590652464483355,4.796018401036127,9.956500779070257,23.353733966646292,46.92012227928784,43.73994968283853,73.70967567589453,25.277070052994787,31.516039698660236,9.19704647323638,19.838945521280266,8.840590793977832,14.771710671041415,0.9772727272727273,0.9904761904761905,91800.13200488927,599250.1562913219,599250.1562913219,643,1.0,0.0,0.0,0.0,21.526511906162654,25.704708293039516,30.181419487559133,24.674859184920145,5.5718754165990525,522.0080790344435,2404.05527978745,1171.1542109060276,0.4871577707687208,1498.3914824877802,0.05725536205087666,603.8789367646044,6,0,5,30,0.0,607,162.0,0.6038789367646044,271.34557618323873,154303.4334775331,1053.7930055875267,500000.0,0.46953700867923925,0,12,34.691492211515836,19,E10,demand,high,marketplace
11.069360117048824,20.81734524011239,2.9044261286760693,3.4888691817423023,3.9879335341816384,7.067243723752836,4.4994449787282065,4.4994449787282065,56.72426156805159,56.72426156805159,25.412051168966627,31.538746568158246,8.36788716209837,24.53107731852242,3.488805785141068,20.81734524011239,0.8947368421052632,0.9354838709677419,29115.754021598845,534216.5638936346,534216.5638936346,548,1.0,0.0,0.0,0.0,23.99419626330394,25.704708293040312,31.602115825356307,25.33835133012242,11.069360117048824,498.8308116516498,1677.0005102396408,831.0337994286783,0.4955477320098876,998.0565175987377,0.03980318764193815,367.202263242884,2,0,1,17,0.0,526,162.0,0.367202263242884,303.9351701860953,197487.2758359496,822.165385470806,500000.0,0.48133167349529754,0,6,16.699708771619658,20,E10,demand,high,marketplace
5.5678722922447434,5.948287727373099,19.96078206494835,62.56182660803388,8.409670716452865,13.296901765220355,31.5555792730529,72.45745546359831,,,24.597032574069733,31.603692019513073,5.42047530198882,9.262398853453849,16.667953541311192,5.948287727373099,0.9583333333333334,0.9152542372881356,43209.760361289846,553438.5794160032,552438.5794160031,573,0.9981931147607105,0.0,0.0,1000.0,22.813671366405575,25.70470829303963,31.60369201951289,24.36716698131187,5.5678722922447434,479.71003765104047,1824.3966642216742,910.2481220273991,0.49893103834177965,1088.3058735995721,0.04438238717804343,424.51951510286943,3,0,5,30,0.0,527,162.0,0.42451951510286945,294.0137158538167,180025.42830904113,902.2309850377158,500000.0,0.4900743949257434,0,7,19.34815463535956,21,E10,demand,high,marketplace
22.425198427506853,70.42970563664312,69.04658772212883,96.96651458339166,46.01133384883146,76.52643199822505,,,,,24.577606108347084,29.802394894695812,12.908742107927841,26.2800265179274,56.249224459185854,70.42970563664312,0.6923076923076923,0.5454545454545454,7127.925377682805,507497.8399778395,507497.8399778395,525,1.0,0.0,0.0,0.0,25.00057120035731,25.704708293040312,31.863211553632937,24.68869654211268,22.425198427506853,455.81281836468764,1510.3221934365167,755.7185601526824,0.500369102325879,895.3232096770874,0.039369833383554494,355.63209602695093,5,0,0,21,0.0,493,162.0,0.35563209602695095,319.91393717678955,215757.5023172189,752.491247592042,500000.0,0.47172152178122123,0,5,14.45317285694146,22,E10,demand,high,marketplace
6.720329093381648,4.923575236351098,3.829081690792314,5.076274135757376,3.5894323842588034,5.3995711765723176,7.8691736421269525,11.367843150049703,,,25.05434205669147,32.12787424592435,8.397655261124166,18.71160913307048,4.311842446112447,4.923575236351098,0.9310344827586207,0.9661016949152542,31096.88488859581,533415.8427552173,533415.8427552173,578,1.0,0.0,0.0,0.0,22.51033096089712,25.704708293039857,31.51812625814896,23.874262846049028,6.720329093381648,461.1232752506025,1977.6369324692034,994.1168440224941,0.5026791458537726,1164.1637706113142,0.045481575028124666,454.86963942219427,3,0,2,23,0.0,547,162.0,0.45486963942219427,304.55576422384615,193479.7780062845,839.6477984078801,500000.0,0.49455573775810624,0,14,40.0383149112842,23,E10,demand,high,marketplace
8.295867605703236,29.33955769414443,5.598224200097889,13.797228624036597,7.98322241622643,7.305672948769644,7.139420786630164,10.94610470681073,10.934973530506227,14.909561289465888,24.22155202982613,28.972819365854367,4.052370801121368,5.076200419770657,6.664153063722719,29.33955769414443,0.875,0.975,62969.85755498015,571735.8881795526,571735.8881795525,600,0.9999999999999998,0.0,0.0,0.0,21.33998243861884,25.704708293039545,28.972819365853866,22.23293957670255,8.295867605703236,451.6718122011446,2093.0666295058945,1048.4784619522407,0.5009293288478602,1270.507339237498,0.049158082942125224,490.21676846327495,4,0,2,27,0.0,569,162.0,0.49021676846327494,284.2050326521283,169911.74103229525,956.3212982296417,500000.0,0.46899721939211325,0,12,28.795557498046676,24,E10,demand,high,marketplace
1.7167200018366202,1.7167200018366202,,,,,,,,,24.297504723783035,28.97281936585432,,,,1.7167200018366202,1.0,1.0,209.99028817615883,500209.99028817617,500209.99028817617,501,1.0,0.0,0.0,0.0,24.252433297192326,25.704708293040312,28.97281936585432,24.288025214011004,1.7167200018366202,440.5863711533673,1405.9126155935132,705.5616741073901,0.501853149535566,839.1852567340833,0.03744074505798675,327.5798007035834,5,0,0,19,0.0,480,162.0,0.3275798007035834,324.51886798019564,222415.9102115859,729.8379852694898,500000.0,0.2770519293383493,0,2,6.686917343769473,25,E10,demand,high,marketplace
12.104814249911072,51.52417266313569,5.786868171292933,11.774490135378073,11.033238652004002,23.225590467466727,,,,,24.75586849442238,31.607785286353284,3.2274041847669728,6.289685475550278,8.784794160270687,51.52417266313569,0.8125,0.8666666666666667,11681.76353738941,512990.82617793465,512990.8261779346,542,0.9999999999999999,0.0,0.0,0.0,23.49322369680952,25.704708293040312,31.603692019512856,24.300132134206635,12.104814249911072,452.34119129420793,1659.3950881331414,821.5148374500862,0.4950688617346155,972.0394946940798,0.0422033081911358,393.6959996689221,5,0,1,22,0.0,520,162.0,0.3936959996689221,316.56257327171284,210563.93427182265,771.2322462118823,500000.0,0.49639118933436804,0,5,19.26470123292467,26,E10,demand,high,marketplace
5.216692018127881,12.787978476498578,7.479751408194537,12.297781379149093,6.135187944158938,14.920218910121369,16.531501561703863,21.717588821846313,,,25.03024478671832,30.586824871925295,5.633924234883002,10.763748400935949,7.501274693524049,12.787978476498578,1.0,1.0,31846.982123210128,533123.0738342963,533123.0738342963,581,1.0,0.0,0.0,0.0,22.391310435855118,25.704708293039857,28.972819365854775,24.06137269729073,5.216692018127881,463.7657990412214,1846.5455637923394,917.9707508395226,0.4971286757496749,1150.075145091986,0.046239689866574285,458.6591718446565,5,0,0,28,0.0,543,162.0,0.45865917184465654,304.73012170232863,193501.73903814738,839.572088495893,500000.0,0.46936294700739056,0,13,36.92197895692204,27,E10,demand,high,marketplace
8.209219428866405,25.351646149170538,6.898400983439533,12.033984324408175,4.860745948303126,7.582724403261953,8.102500690663874,11.502524868859837,,,24.677366603262357,31.243539923519347,6.205866677605602,11.440000760924162,5.820033799591896,25.351646149170538,0.8809523809523809,0.9761904761904762,49568.3548755064,551382.6939830283,550382.6939830284,592,0.9981863776086692,0.0,0.0,1000.0,21.890350288381104,25.41743566129969,29.42186847330149,22.9491574683775,8.209219428866405,452.99785715160624,1929.936053768039,967.1983120113896,0.5011556264379929,1132.507667783052,0.0464733995528907,438.4816176868229,5,0,2,28,83.99201329131164,555,162.0,0.43848161768682287,295.1373351551925,182372.92645789863,890.6940562539377,500000.0,0.4875001609298386,0,8,25.755793038005635,28,E10,demand,high,marketplace
7.906034359760362,20.058982910005852,10.648175243126078,23.91719444036381,11.870092680574553,31.281796655227264,,,,,24.426335518661233,31.507061939559208,4.7068553678547955,11.267285749847453,11.123365357689373,20.058982910005852,0.967741935483871,0.9850746268656716,35414.93896988874,537223.7250077535,537223.7250077535,585,1.0,0.0,0.0,0.0,22.125503203386994,25.704708293039857,30.34232390352099,24.599694701998494,7.906034359760362,485.98392364146497,1958.8108016913404,967.124778339634,0.493730572398604,1105.9349763627492,0.044892317328127644,502.3972064178181,4,0,2,19,120.0090881862583,558,162.0,0.502397206417818,302.4855188665997,196493.66769384884,827.0108605210023,500000.0,0.4280778155211344,0,9,25.256940148945247,29,E10,demand,high,marketplace
3.043026970381677,4.893294742330999,5.684773770151799,11.406703107265459,6.675958953060558,15.6808746003627,,,,,24.44850403340903,31.068703874723543,4.8059858484957605,11.495840005034097,5.997779617386144,4.893294742330999,1.0,1.0,13968.57625752051,515078.73700219905,515078.73700219905,554,1.0,0.0,0.0,0.0,22.498390471222862,25.704708293040312,29.660279913913243,23.89241531652,3.043026970381677,450.56589120889623,1758.6982949483968,878.0800546222454,0.4992783908100677,1026.5602525826293,0.04085404104960708,394.4113676574615,3,0,0,21,102.4925070669722,529,162.0,0.07888227353149228,314.66816746667513,209022.8550906822,775.4122495514446,500000.0,0.47734794153664994,0,6,19.798987548695372,0,E10,operator_cost,low,marketplace
3.011535668610077,4.62147986814889,4.635466093372021,7.8566261029104965,4.384329954068926,5.644061312779013,5.565633569867411,7.387352518747503,,,24.587044647326188,31.12036284531577,13.618663058447607,39.38165818458438,4.745096217155642,4.62147986814889,1.0,1.0,22776.714596747763,525519.2910413912,524519.2910413912,535,0.9980971202826477,0.0,0.0,1000.0,23.319383742979877,25.704708293040312,30.619449402238935,23.792943238221298,3.011535668610077,456.7720066690926,1671.574131348145,842.2237950668007,0.5038506993330513,1002.883765099189,0.04011222713201776,370.0072179981174,2,0,2,19,0.0,514,162.0,0.07400144359962348,308.9953109671422,199639.29806700457,811.8341579682526,500000.0,0.49699608111055005,0,11,35.13456178624567,1,E10,operator_cost,low,marketplace
10.890001151753763,23.60354418525504,4.392631821717885,7.067526679890397,4.541401815121541,8.95968310182434,4.68371236716564,5.106472912999175,,,24.291402440306285,28.97281936585432,8.192083457358462,13.959860960440892,4.484805637425225,23.60354418525504,0.9090909090909091,1.0,29310.196036041838,532277.3226155266,516873.34282247716,548,0.9710602365748803,14403.979793049497,0.02706104352195697,1000.0,22.8519336702211,25.704708293039857,28.972819365854,23.70752354208334,10.890001151753763,449.39183765201636,1690.3700556237577,839.1785392908671,0.49644664285135165,993.4927643340791,0.03997690516483743,388.1289361497022,2,0,0,21,0.0,520,162.0,0.07762578722994044,313.57319551860957,206280.93590253234,785.7130620340581,500000.0,0.47177844976290667,0,4,10.239379968708464,2,E10,operator_cost,low,marketplace
3.7405068340729626,6.882972157178757,5.02762485706952,7.73805439734224,6.28305886348794,13.078595942571473,34.10937453661609,34.10937453661609,50.02432245581622,50.02432245581622,24.969676778148305,29.88989174266353,10.124642815747134,7.437223930976508,6.762461929724968,6.882972157178757,1.0,1.0,28096.063942230638,531327.860284328,530327.860284328,561,0.998117922897051,0.0,0.0,1000.0,22.994596751638785,25.704708293039857,28.97281936585432,24.587952519383194,3.7405068340729626,476.4059772057783,1844.084350530202,916.8167729528441,0.4971663973447014,1061.5918107450027,0.04309140617390814,432.73170004224204,4,0,2,18,0.0,536,162.0,0.08654634000844841,305.6346054554026,195025.18010511462,831.1057385135965,500000.0,0.4613759588496135,0,6,19.282620201124633,3,E10,operator_cost,low,marketplace
3.3612328204474884,6.82627785885925,4.735814988002289,7.8188074815539945,2.5500981997106464,2.9339288334962474,,,60.95953131467718,106.17190099377198,25.20629781852331,31.731465799026427,3.8539236230547678,5.6154916880788734,3.578670805965537,6.82627785885925,1.0,1.0,32491.15341102122,538255.453584505,538255.4535845051,550,1.0000000000000002,0.0,0.0,0.0,23.448197406291257,25.704708293039857,30.593689750441353,26.396584078113335,3.3612328204474884,515.210039067845,1731.9501908226966,873.0081043687115,0.5040607455079423,1001.1419709023129,0.04219262389427829,408.15018414260464,4,0,1,21,0.0,520,162.0,0.08163003682852092,301.123990397957,194987.33108709744,831.2418511150834,500000.0,0.47802488615771804,0,12,33.8810134587449,4,E10,operator_cost,low,marketplace
7.620483763100003,14.31988369180492,9.814448764476749,18.834616443685,19.03123506465182,72.28306856140907,67.07477360120417,101.44927542415644,,,25.300775001205594,31.28473874104678,3.9457829348386255,5.270174942417157,24.33877583188059,14.31988369180492,0.9259259259259259,0.8771929824561403,43452.69323580841,547328.4080016714,546328.4080016714,572,0.998172943363837,0.0,0.0,1000.0,23.818418862096376,25.704708293039857,31.507061939559428,26.888099273993003,7.620483763100003,536.2920205848699,1835.8675882999214,914.7844065922436,0.4982845235801382,1118.5612966148592,0.04366023989575304,432.68817767450037,3,0,0,25,0.0,535,162.0,0.08653763553490007,296.68334148759664,182902.26469655064,886.1920758851692,500000.0,0.5110962881597713,0,11,27.01436176718701,5,E10,operator_cost,low,marketplace
6.0647028852004485,16.168582768866653,15.311435887290441,41.92576804684197,4.114813563708789,7.107798410137185,8.996946876740196,13.10204705109452,,,25.123653171818034,31.64725557920183,7.050829937851168,9.887688000966321,10.993339541154086,16.168582768866653,0.9285714285714286,0.9807692307692307,31608.77227884693,533346.8920584851,533346.8920584851,565,1.0,0.0,0.0,0.0,23.163078238715737,25.704708293039857,31.50706193955931,24.024330890664615,6.0647028852004485,452.3088949032465,1752.4106874358906,874.2173240458511,0.49886555150208367,1050.7984407344343,0.04535473555449127,466.3060113233298,6,0,0,30,0.0,521,162.0,0.09326120226466596,303.9171383874682,193850.27122452165,836.177634306865,500000.0,0.49679816634068014,0,7,19.864926492619915,6,E10,operator_cost,low,marketplace
6.753178748902286,13.35464835492451,7.005060547246116,12.47958512259575,2.504203767682785,2.9199910145446895,6.191021358897288,6.846215195198672,11.965982658850123,11.965982658850123,24.803036821267696,30.28349000935394,7.062285946470456,6.484682368233223,5.249402655880798,13.35464835492451,0.918918918918919,0.9672131147540983,40773.60461111535,544565.4292464787,543565.4292464787,581,0.9981636733690867,0.0,0.0,1000.0,22.213047078918006,25.70470829303963,28.97281936585432,23.357003623182656,6.753178748902286,460.7301269464184,1902.734922111394,948.1845969657618,0.49832721623335563,1105.5991659611493,0.04367844832287731,436.1162563695171,2,0,1,22,0.0,555,162.0,0.08722325127390342,298.1926637166172,186558.74133163434,868.8267410806611,500000.0,0.4730264750678345,0,13,38.369414863560756,7,E10,operator_cost,low,marketplace
9.58681916104798,36.5739944156803,12.89586793471463,27.603806339421578,9.226779981952188,23.416616142648415,5.159550367641145,5.271609509385485,,,24.910677413323604,31.508715712864365,4.6005901225039265,5.1032146339953215,10.14931234688599,36.5739944156803,0.88,0.8958333333333334,38363.5914215517,540361.5398106,526845.8481339898,560,0.9749876875372228,13515.69167661024,0.02501231246277737,0.0,23.185090091315047,25.704708293040312,31.507061939557595,24.1782457430982,9.58681916104798,461.370270486817,1765.8046876535109,879.823404121753,0.4982563531932323,1032.479536417432,0.043870198137580176,416.1601334149056,5,0,2,19,0.0,532,162.0,0.08323202668298112,307.6483047190328,198665.72016304426,815.8590817462714,500000.0,0.4845872699147155,0,15,43.51615973786275,8,E10,operator_cost,low,marketplace
9.685080902149283,33.84813570320948,7.826008902164555,15.524368780616713,10.519368242464294,39.550092391076404,5.8515350840643805,5.8515350840643805,7.253474718233974,8.758631242005777,25.95452061879759,33.590078344502395,8.229225622583618,27.688697438364215,8.907543653497,33.84813570320948,0.8421052631578947,0.9506172839506173,47374.080402398526,549736.351411949,548736.351411949,603,0.9981809461982428,0.0,0.0,1000.0,23.03430170426661,25.70470829303963,33.07807003213202,24.52861218561238,9.685080902149283,475.693329482949,2007.140979544855,1000.2085846915303,0.49832502793019573,1225.995179441754,0.051474733674321184,511.7302279915663,8,0,0,32,178.53283875621773,558,162.0,0.10234604559831327,295.4102559972455,183023.21196379128,885.6928271899639,500000.0,0.5119086488288253,0,13,32.03704948777358,9,E10,operator_cost,low,marketplace
4.9391774873864085,6.636671992858218,10.31862507611055,14.771678406307272,11.113092002649296,24.754555183921177,,,,,23.56361319434154,28.975916658537678,2.8179248980407694,4.802112429356384,10.715858539379923,6.636671992858218,0.9285714285714286,0.9666666666666667,13819.243346008723,516514.44304295897,516514.44304295897,540,1.0,0.0,0.0,0.0,22.31590382889753,25.70470829303963,28.97281936585432,23.126163207725163,4.9391774873864085,435.9776591175666,1668.4118179528261,835.2675861789778,0.5006363400157806,966.9399579309166,0.03980310690952684,388.37810223513134,2,0,1,19,0.0,516,162.0,0.07767562044702628,313.79117816259566,206379.8139425367,785.3368627688319,500000.0,0.48457946171560184,0,10,31.483627498607714,10,E10,operator_cost,low,marketplace
6.565694227424323,15.487674115822301,8.191486954691072,15.968776099265146,2.791731244263315,3.446821946636873,,,7.552558473439603,7.552558473439603,24.177014883796534,31.50706193955923,9.147928801662406,20.154083671643832,4.334518590099817,15.487674115822301,0.9047619047619048,1.0,26006.043708159235,531772.2574830158,531772.2574830158,543,1.0,0.0,0.0,0.0,22.75996011237689,25.704708293039857,31.349859672675485,23.386493089255456,6.565694227424323,449.53400656724057,1646.8181003709835,824.8262454826905,0.5008605657764386,1017.7718924449857,0.040534914219737046,370.9930372074927,2,0,0,29,0.0,512,162.0,0.07419860744149853,304.781222274684,194142.37195393103,834.8213580387329,500000.0,0.5083450289771569,0,6,19.28262020112463,11,E10,operator_cost,low,marketplace
3.9457815168548223,6.779362171676441,5.809663365019939,11.283432104655958,22.84797085817354,22.84797085817354,,,,,24.628400374923782,31.51672494755458,6.426747858407452,10.818323354413224,8.24370729261331,6.779362171676441,1.0,1.0,3605.0987133016765,503977.3460501888,503977.3460501888,521,1.0,0.0,0.0,0.0,23.885823117345524,25.704708293040312,31.02409201561386,24.541297896072077,3.9457815168548223,454.9077462086278,1521.1958891463742,756.7635833794134,0.4974793770998649,901.2230225028752,0.03796725330036323,361.57070180864696,4,0,0,20,0.0,497,162.0,0.0723141403617294,321.58650663679174,218928.12022060543,740.29920860348,500000.0,0.45943194405696497,0,6,16.792238772033354,12,E10,operator_cost,low,marketplace
2.888584400899969,5.424817104813229,4.921389327816996,7.353748542629181,14.010733481682223,34.094116605673534,,,,,23.863572432247246,28.97281936585432,3.677560514050447,5.59169413028012,8.961097840645985,5.424817104813229,1.0,1.0,6216.486291594783,506496.9548278934,506496.9548278934,522,1.0,0.0,0.0,0.0,23.091824855300548,25.704708293039857,28.97281936585432,23.74275699716176,2.888584400899969,444.37865933055326,1539.9868719874485,770.4349307304706,0.5002866873379099,888.826072106927,0.03628045306071371,352.2038295828979,2,0,0,17,0.0,504,162.0,0.07044076591657958,319.9830506799153,215299.34500466738,752.7679230162225,500000.0,0.4636301742446108,0,8,24.002280571339302,13,E10,operator_cost,low,marketplace
11.007200762863452,45.98421321318919,7.042370494130618,11.143443989962634,8.444817806717133,20.262468538886424,16.825217801567476,49.34532864705006,,,24.17046411512286,29.903394551351905,5.451951781479985,6.285948823517447,10.093944295975438,45.98421321318919,0.8275862068965517,0.9193548387096774,58929.484502104126,566652.9292862886,566652.9292862886,576,1.0,0.0,0.0,0.0,22.246299247208995,25.704708293039644,30.100826667878916,23.013276549989858,11.007200762863452,472.72044973561214,1829.4128710614905,910.0599527104768,0.4974601234670594,1094.4983748058835,0.040548182451373135,393.4302883568173,0,0,0,25,0.0,546,162.0,0.07868605767136347,286.02814470898954,169626.28392453783,955.5045498124324,500000.0,0.4789844017985754,0,8,25.070191208235546,14,E10,operator_cost,low,marketplace
9.673973181553583,21.722915273722993,12.824006978340202,36.65234272514135,6.084643779379307,4.1552616848730395,6.087254561683819,6.903809601991452,6.517839647709252,8.051208116896623,24.370110255822162,29.18786047602271,6.84209372879953,10.889168953362713,9.714000257694957,21.722915273722993,0.9142857142857143,0.972972972972973,64862.71277757866,573615.9384122626,573615.9384122626,603,1.0,0.0,0.0,0.0,21.725144957360808,25.70470829303963,28.972819365853866,22.09546972009256,9.673973181553583,449.02816931548483,2063.974887503182,1022.0545320920721,0.49518748424718734,1241.955611717928,0.0484462876757367,533.972566731964,5,0,0,28,0.0,563,162.0,0.1067945133463928,282.60510850177747,164324.3161597609,986.5052129944141,500000.0,0.4536258685758119,0,7,21.140090200710937,15,E10,operator_cost,low,marketplace
5.330464358781596,16.483410976476442,9.07222089454468,19.425859225978456,15.050466933501108,22.597653204122253,,,,,24.292256520465234,31.770111706220003,3.7034774401485415,5.753169445846697,11.064969574196823,16.483410976476442,1.0,1.0,8440.199489225186,509188.49886297405,509188.49886297405,531,1.0,0.0,0.0,0.0,23.273262225118053,25.704708293039857,31.507061939559208,23.991539769797672,5.330464358781596,442.0672517195917,1532.3902095903854,768.1685431177452,0.5012878171044176,930.5784428176122,0.03980956818495693,367.9975750748149,3,0,0,27,0.0,496,162.0,0.07359951501496298,318.2978403418928,215128.4239378539,753.3806855845077,500000.0,0.5098011275472797,0,8,25.283935715124016,16,E10,operator_cost,low,marketplace
4.522908086307003,9.136371234546457,10.891896988919664,24.396268237011828,6.309778232182009,12.520810186587735,,,,,24.95079789348493,30.749414926224926,10.999531755750105,15.677494538902465,8.982680840278974,9.136371234546457,1.0,1.0,10188.61735102234,511539.3687118152,511539.3687118152,538,1.0,0.0,0.0,0.0,23.739831946902726,25.704708293040312,29.778070032131268,24.522243997311048,4.522908086307003,456.03604449141005,1590.9068812597254,786.6514373370409,0.49446730453145554,959.5069692666171,0.043245238007965744,424.75098482362415,5,1,0,20,0.0,508,162.0,0.08495019696472483,316.8572354560615,211766.33957426262,765.3952489466554,500000.0,0.4882876445033646,0,4,10.79092325803397,17,E10,operator_cost,low,marketplace
4.942477687646675,8.616021868250757,5.564760158734316,7.142741622721125,3.930366384305489,6.462837424303689,40.58114060857573,110.45072929519392,32.56412070491433,52.750756528789225,25.032397600578953,31.785017028382935,10.086509536977564,28.376664386509873,11.551288419463866,8.616021868250757,1.0,0.9629629629629629,68261.72443658626,577118.2182746406,576118.2182746406,575,0.9982672527597732,0.0,0.0,1000.0,23.008333500273967,25.70470829303963,31.60368044623881,24.585286979094203,4.942477687646675,513.9823746244867,1860.5477345638546,922.4028709965197,0.49576952736057983,1159.3387822207956,0.04299428633211848,412.0659197160995,1,0,4,22,56.10770373854109,544,162.0,0.08241318394321989,281.3353371628271,167815.84885321313,965.8349571363498,500000.0,0.4842113672125497,0,6,13.571745488482872,18,E10,operator_cost,low,marketplace
9.007130707527372,29.582944459312788,5.9013252008379515,7.848960299750526,6.855245332544489,17.700529303758234,,,114.13478743119595,114.13478743119595,24.504046028269812,30.46803601068295,6.199712512708849,11.542118464345151,6.238002894381435,29.582944459312788,0.8571428571428571,1.0,37728.11627304937,538786.9281851918,537786.9281851918,583,0.9981439787276052,0.0,0.0,1000.0,22.222626764816784,25.70470829303963,29.63397931679811,25.64510844187034,9.007130707527372,500.64485359436975,1978.1598210812026,991.611800503881,0.5012799218426628,1173.3535667424628,0.05010896432191633,516.5294340669379,5,1,1,22,0.0,554,162.0,0.10330588681338759,301.4266383042164,189661.40663807138,854.6984268452318,500000.0,0.4302798186599584,0,10,31.11952669795951,19,E10,operator_cost,low,marketplace
3.6819226690699502,5.975218301627228,5.206550658701326,8.549980027159881,8.65752290647797,16.76821660583046,7.118438474041341,7.118438474041341,7.754231648850748,10.101522348509036,24.85444447273237,29.672637523137247,9.667802779208083,29.431872152535522,6.9489823909034385,5.975218301627228,1.0,1.0,42968.20466135957,546796.3875473237,546796.3875473237,559,1.0,0.0,0.0,0.0,22.8913842410081,25.704708293039857,28.972819365853866,23.426809883668675,3.6819226690699502,462.1680520523961,1698.2649649126497,834.988467925389,0.49167149130249926,1013.2391629143639,0.04118440324576863,403.01029807012077,2,0,1,21,0.0,529,162.0,0.08060205961402415,296.41856777187724,189168.65782542995,856.8047366979073,500000.0,0.48138769359774036,0,5,15.868886541170758,20,E10,operator_cost,low,marketplace
3.1809161440292884,5.559401315831747,4.834297056210289,8.64283843164776,3.518169269097598,4.7192150061864595,34.98303365036054,34.98303365036054,,,24.4116205284181,31.549917903322967,3.6726619974655375,6.067252807532533,8.273857183700898,5.559401315831747,1.0,1.0,17327.275816339392,522341.9832740221,522341.98327402206,537,0.9999999999999999,0.0,0.0,0.0,23.03291136412744,25.704708293039857,31.500079118528085,23.75815168227743,3.1809161440292884,449.811409767679,1624.4736590708076,809.7514676153642,0.49847005095702124,960.5175537965976,0.039748951107170624,381.15616967336786,3,0,0,20,0.0,510,162.0,0.07623123393467357,310.28758251068825,204942.55038385623,790.8373879917411,500000.0,0.4759984145185909,0,9,24.21744834583803,21,E10,operator_cost,low,marketplace
8.106781856347046,21.774664683307403,17.802525912143164,38.825063239740665,12.384209706322736,33.036144226913166,4.675293146604872,4.675293146604872,,,24.121360939832243,28.972819365853958,10.747922772429824,30.34309964916629,13.999431745438093,21.774664683307403,0.9166666666666666,1.0,19226.136203616657,520041.7500651535,519041.75006515346,532,0.9980770774656559,0.0,0.0,1000.0,23.30557326531876,25.704708293039857,28.97281936585432,23.461118781778215,8.106781856347046,441.25052956060136,1552.3155559537902,765.008381144152,0.49281757063505527,915.6869832245758,0.03966648461926182,374.49827526114666,5,0,0,15,66.95580926203557,505,162.0,0.07489965505222933,312.25792459798765,207197.34930552862,782.2247736193776,500000.0,0.4637807844443797,0,1,2.6356018297700885,22,E10,operator_cost,low,marketplace
2.9054528773055894,5.240616098767077,5.557950818683288,8.725907737595545,5.319456004829417,6.719298048396243,8.999916789952294,11.587097059177358,7.158755276702067,7.158755276702067,25.81274929021239,31.973034874121097,4.407034229058908,6.121433802710044,5.713088191234988,5.240616098767077,1.0,1.0,44840.47463850063,546785.5630729868,546785.5630729868,585,1.0,0.0,0.0,0.0,22.67186011591209,25.704708293039857,31.507061939559343,24.100657258728504,2.9054528773055894,477.33207444816,1990.8560206308273,982.0655417161503,0.49328807886618076,1166.2599558132695,0.04681814841234773,491.7030137350614,3,0,2,26,0.0,559,162.0,0.09834060274701228,296.45687733915094,186834.4285186967,867.6042305903255,500000.0,0.49263074566717596,0,9,27.093385738985734,23,E10,operator_cost,low,marketplace
18.201782953040293,51.18767175978137,38.55885698922043,66.59306007332289,19.68955018577147,44.84405173129344,7.019287159740543,7.065998427650902,92.67464573512916,92.67464573512916,24.407841109901334,29.4363360316961,2.05474866273183,3.449195245952797,23.031996929887068,51.18767175978137,0.631578947368421,0.8529411764705882,34421.87232108315,535140.8176419535,535140.8176419535,544,1.0,0.0,0.0,0.0,23.908826780710392,25.704708293040312,31.507061939559208,25.443796152492567,18.201782953040293,495.12492241650455,1639.0563449175384,817.6882308569626,0.4988774384678648,998.5696685178688,0.04281530778875543,412.80139879922444,4,0,1,25,0.0,513,162.0,0.08256027975984488,302.8783358256263,195301.03088963724,829.9114425635119,500000.0,0.5012048454366309,0,6,16.288715458432428,24,E10,operator_cost,low,marketplace
1.7167200018366202,1.7167200018366202,,,,,,,,,24.297504723783035,28.97281936585432,,,,1.7167200018366202,1.0,1.0,209.99028817615883,500209.99028817617,500209.99028817617,501,1.0,0.0,0.0,0.0,24.252433297192326,25.704708293040312,28.97281936585432,24.288025214011004,1.7167200018366202,440.5863711533673,1405.9126155935132,705.5616741073901,0.501853149535566,839.1852567340833,0.03744074505798675,327.5798007035834,5,0,0,19,0.0,480,162.0,0.06551596014071667,323.9949603301067,222056.8389576197,729.8379852694898,500000.0,0.2776510322836956,0,2,6.686917343769473,25,E10,operator_cost,low,marketplace
9.629229339440165,16.033513024206513,8.20398675348171,18.400114785176584,11.976460219425267,20.18668815155725,,,,,24.235383244135058,31.513002449937538,4.435319555525666,9.469285134881012,10.23531861975901,16.033513024206513,1.0,1.0,8275.236379187336,508449.34756596206,507449.34756596206,527,0.9980332357494661,0.0,0.0,1000.0,23.434873210315384,25.704708293040312,31.507061939559367,24.01195476066175,9.629229339440165,440.66109538533686,1532.3622812462083,764.7612317066296,0.49907338562567605,937.6683110913617,0.04068200847364393,379.77197042657303,4,0,0,26,0.0,497,162.0,0.07595439408531461,319.39336442445114,214472.89062092477,755.6943626994346,500000.0,0.5063254326147493,0,4,11.01751179889225,26,E10,operator_cost,low,marketplace
6.226016947786223,17.262391245941263,3.658228740972369,4.8137389668245305,3.776830625778833,5.227203935847001,,,,,25.398812750349613,31.47481914780001,6.49746875776745,12.668728800836082,3.7090581201751394,17.262391245941263,1.0,1.0,12370.949722949961,513597.1255335828,512597.1255335828,535,0.9980529486044901,0.0,0.0,1000.0,24.046875445678612,25.704708293040312,30.53010581315017,24.869998161324673,6.226016947786223,466.2238721582378,1621.8739577909566,808.6245674965212,0.4985742348301179,967.7288541169307,0.040433932793007714,390.2294117607696,5,0,0,21,33.50503363981419,504,162.0,0.07804588235215391,316.1899234484365,209852.74900441832,772.3417808500554,500000.0,0.4503369211400144,0,9,26.58986242538481,27,E10,operator_cost,low,marketplace
19.0821550883538,57.45821682543938,10.860219425276401,20.034389198537788,12.95690865500445,31.46860877706189,7.761678526098066,9.673398096160074,7.423983281196769,7.423983281196769,25.320095105092374,31.85820308019101,3.630871003198564,4.6667625005401305,11.259160274027128,57.45821682543938,0.6666666666666666,0.8928571428571429,26590.43369586375,528937.8456762048,527937.8456762048,536,0.9981094186998066,0.0,0.0,1000.0,24.40360230259806,25.704708293039857,32.11176923259893,24.52896278332328,19.0821550883538,467.73921840177246,1615.0848715985637,799.2746523331699,0.4948808984521484,970.2512998627778,0.04107097876725942,387.3323150153036,4,0,2,26,0.0,503,162.0,0.07746646300306072,307.0010376986849,196967.6612577059,822.8633341538552,500000.0,0.48788366761225915,0,3,8.770975884214055,28,E10,operator_cost,low,marketplace
3.737816235311094,6.544292385307472,8.210929680726606,24.021962742495816,5.87524588377286,13.145995755170645,18.115967123842058,33.489558352454324,9.202010169381083,13.006149943614037,25.183070019911458,31.516724947554806,4.880255145148479,7.2007258020312,7.662152622444449,6.544292385307472,1.0,1.0,77164.28456252046,584688.0408818187,584688.0408818189,599,1.0000000000000002,0.0,0.0,0.0,22.022492824127813,25.70470829303963,29.6593922091408,22.864105684711863,3.737816235311094,476.3023909827981,2036.3628417495815,1006.9734887770541,0.4944961026257446,1192.4537631319256,0.04839009950413695,482.9598781251121,4,1,4,29,129.34383220056782,560,162.0,0.09659197562502242,277.23603125378287,164753.5179021061,983.8733281066582,500000.0,0.4357147146011348,0,10,29.684477544066706,29,E10,operator_cost,low,marketplace
2.9961360532113708,4.893294742330999,5.630473971278373,11.676206875140272,6.675958953060558,15.6808746003627,,,,,24.44908373107829,31.068703874723543,3.8551644944653845,11.495840005034097,5.960627123420116,4.893294742330999,1.0,1.0,13968.57625752051,515078.73700219905,515078.73700219905,554,1.0,0.0,0.0,0.0,22.47672898122801,25.704708293040312,29.660279913913243,23.89207629046861,2.9961360532113708,450.56589120889606,1765.9738109111877,885.355570585036,0.5013412798733522,1027.7882276412306,0.040589418758156116,375.32170636300896,3,0,0,21,102.4925070669722,529,162.0,1.8766085318150447,318.15836445820014,211341.26863047795,775.4122495514446,500000.0,0.47089112255689497,0,6,21.83380940822018,0,E10,operator_cost,high,marketplace
2.8187262198018783,4.589128089434439,3.716730949321942,4.214346080807871,4.384329954068926,5.644061312779013,5.565633569867411,7.387352518747503,,,24.717806500060917,31.12036284531577,13.618663058447607,39.38165818458438,4.351352583991322,4.589128089434439,1.0,1.0,22776.714596747763,525519.2910413912,524519.2910413912,535,0.9980971202826477,0.0,0.0,1000.0,23.42563722320082,25.704708293040312,30.619449402238935,23.91561217728453,2.8187262198018783,459.67951488687225,1678.9119969877297,848.7292545555191,0.505523372325823,1014.8500353160656,0.0397919277795333,359.8123198862629,2,0,2,18,0.0,515,162.0,1.7990615994313146,312.2841512162906,201764.1903727791,811.8341579682526,500000.0,0.49051525990842393,0,10,27.068323405196857,1,E10,operator_cost,high,marketplace
10.544367512260248,23.60354418525504,4.352672986672587,7.067526679890397,4.483620541595883,8.95968310182434,4.68371236716564,5.106472912999175,,,24.292146478414097,28.97281936585432,7.853793816165638,14.27953164080327,4.443158242330455,23.60354418525504,0.9090909090909091,1.0,29310.196036041838,532277.3226155266,516873.34282247716,548,0.9710602365748803,14403.979793049497,0.02706104352195697,1000.0,22.83072890849173,25.704708293039857,28.972819365854,23.704468513872026,10.544367512260248,449.3919763293265,1695.6412592832978,844.4497429504072,0.49801202838584707,999.0140586150529,0.039646049215439426,369.18794333836604,2,0,0,21,0.0,520,162.0,1.84593971669183,316.9943700752344,208531.52077238806,785.7130620340581,500000.0,0.46712270134511513,0,5,12.48591588338666,2,E10,operator_cost,high,marketplace
3.5540948718510603,6.979101706516577,4.979314746444542,7.73805439734224,6.221974481526604,13.078595942571473,70.10937453661609,70.10937453661609,50.02432245581622,50.02432245581622,24.596329361990318,29.474001770868195,3.5302610849809235,4.1893054394091465,8.210842127319216,6.979101706516577,1.0,0.9787234042553191,28096.063942230638,531327.860284328,530327.860284328,561,0.998117922897051,0.0,0.0,1000.0,22.552265102294033,25.704708293039857,28.972819365853866,24.474428148641685,3.5540948718510603,469.99212968338423,1849.8766896157254,925.1063304909659,0.5000908091247629,1097.213857149912,0.0425893048806997,379.93347327424493,4,0,2,21,0.0,533,162.0,1.8996673663712247,309.0534735974434,197206.7569398571,831.1057385135965,500000.0,0.4748067868241703,0,7,22.944869800032123,3,E10,operator_cost,high,marketplace
3.280952115311417,6.82627785885925,4.735814988002289,7.8188074815539945,2.617863610300295,2.9339288334962474,,,60.95953131467718,106.17190099377198,25.203769294334815,31.731465799026427,2.929955926030236,5.208471792655292,3.6145466115718214,6.82627785885925,1.0,1.0,32491.15341102122,538255.453584505,538255.4535845051,550,1.0000000000000002,0.0,0.0,0.0,23.42254103146815,25.704708293039857,30.593689750441353,26.392771722594393,3.280952115311417,515.2384970939501,1738.986334481409,880.0442480274241,0.5060673741808708,1007.2121069707165,0.04176762846155628,387.66095030654367,4,0,1,21,0.0,520,162.0,1.9383047515327183,304.573420779646,197220.94662535927,831.2418511150834,500000.0,0.47005413804836965,0,12,33.62600608409759,4,E10,operator_cost,high,marketplace
7.671769781708799,15.468237107245676,9.093334367651794,12.719616150117554,13.586855592468885,22.683655544576848,63.27263731718904,94.7322586485434,,,25.295979767715526,31.526387955550078,2.9143099097543157,5.527002252857528,21.427035365831607,15.468237107245676,0.9259259259259259,0.8947368421052632,43452.69323580841,547328.4080016714,546328.4080016714,572,0.998172943363837,0.0,0.0,1000.0,23.635090398124476,25.704708293039857,31.59402901151734,26.636195113438507,7.671769781708799,530.4354442567493,1853.9243012073207,929.6222101365103,0.501434826401012,1121.9307349992735,0.04344617619046204,414.7043938814048,3,0,0,25,0.0,535,162.0,2.073521969407024,300.3203193653167,185144.4245938702,886.1920758851692,500000.0,0.4954471769998934,0,12,30.6766113660945,5,E10,operator_cost,high,marketplace
6.011334214831497,16.168582768866653,15.350969220741543,41.92576804684197,4.114813563708789,7.107798410137185,8.996946876740196,13.10204705109452,,,25.126956175986795,31.64725557920183,5.601569235904453,9.399804374459023,11.014753430106765,16.168582768866653,0.9285714285714286,0.9807692307692307,31608.77227884693,533346.8920584851,533346.8920584851,565,1.0,0.0,0.0,0.0,23.130920227253092,25.704708293039857,31.50706193955931,24.024418496403193,6.011334214831497,452.3088949032465,1761.0286622814103,882.8352988913709,0.5013179613713152,1062.335085886503,0.04482153892745765,436.91016700850776,6,0,0,30,0.0,521,162.0,2.1845508350425384,307.8382067651359,196351.28242952883,836.177634306865,500000.0,0.48408410192059925,0,6,17.229324662849827,6,E10,operator_cost,high,marketplace
6.617959364165776,13.35464835492451,6.3327982970425385,12.47958512259575,2.504203767682785,2.9199910145446895,6.191021358897288,6.846215195198672,11.965982658850123,11.965982658850123,24.805213629336045,30.28349000935394,6.405952239399378,4.350987064684437,4.885260603687193,13.35464835492451,0.918918918918919,0.9672131147540983,40773.60461111535,544565.4292464787,543565.4292464787,581,0.9981636733690867,0.0,0.0,1000.0,22.16867018837891,25.704708293039516,28.97281936585432,23.353975508283966,6.617959364165776,460.69231842526517,1917.2783563399494,962.7280311943172,0.5021326340073791,1122.6055975101672,0.04296852911923756,393.39363376786685,2,0,1,22,0.0,555,162.0,1.9669681688393343,301.6508397087351,188722.28537175836,868.8267410806611,500000.0,0.4740808083085253,0,13,38.369414863560756,7,E10,operator_cost,high,marketplace
10.073635190065099,40.71694706329687,13.250925918753836,27.485776940902074,9.162570866849812,23.414169199099906,5.159550367641145,5.271609509385485,,,25.047891885831543,31.507061939559435,2.7442776000627966,4.949703398381735,10.236518667580894,40.71694706329687,0.88,0.8958333333333334,38363.5914215517,540361.5398106,526845.8481339898,560,0.9749876875372228,13515.69167661024,0.02501231246277737,0.0,23.29313943432592,25.704708293040312,31.507061939557595,24.30525641309552,10.073635190065099,465.28605417466656,1768.9926658545971,881.4459750275961,0.4982756526024211,1026.4639003919428,0.042671865872348475,397.2294094741552,4,0,2,19,0.0,532,162.0,1.986147047370776,311.2602056715175,200998.12665733093,815.8590817462714,500000.0,0.48179050904028803,0,11,30.142325050323798,8,E10,operator_cost,high,marketplace
10.025982891088587,33.84813570320948,7.673435665131564,10.974902462805582,10.388193546633735,39.550092391076404,5.8515350840643805,5.8515350840643805,7.253474718233974,8.758631242005777,26.126930787220985,33.75837561973603,7.0688091942151265,26.7466502811767,8.767476160154166,33.84813570320948,0.8421052631578947,0.9506172839506173,47374.080402398526,549736.351411949,548736.351411949,603,0.9981809461982428,0.0,0.0,1000.0,23.14805842468698,25.70470829303963,33.33260407921737,24.68796275075639,10.025982891088587,474.5156275208578,2010.9994035502937,1009.4242509212295,0.5019515416758226,1224.4349952457146,0.05386689820649707,505.3995090630938,8,1,0,33,178.53283875621773,555,162.0,2.5269975453154685,299.82886521363565,185760.78804579462,885.6928271899639,500000.0,0.47731718313533805,0,15,35.97857802780446,9,E10,operator_cost,high,marketplace
4.79478045619721,6.476964833212451,9.132553844867402,14.70508980238485,11.113092002649296,24.754555183921177,,,,,23.64988083169624,29.163127280372606,3.284656626271931,6.173492218649471,10.12282292375835,6.476964833212451,0.9285714285714286,0.9666666666666667,13819.243346008723,516514.44304295897,516514.44304295897,540,1.0,0.0,0.0,0.0,22.38310939866247,25.70470829303963,28.982996631449968,23.207286741489625,4.79478045619721,438.25223489961434,1667.0955092750862,834.6842786456148,0.5006817389896071,978.6663678138843,0.03936791125905852,370.6436658618654,2,0,1,19,0.0,517,162.0,1.8532183293093267,317.22872522982186,208640.68159441586,785.3368627688319,500000.0,0.4756306814490556,0,10,31.483627498607714,10,E10,operator_cost,high,marketplace
5.568056653593273,11.414764079273482,8.027010635963961,15.771404516792611,2.8942754921459484,3.446821946636873,,,7.552558473439603,7.552558473439603,24.165518657437183,31.50706193955923,8.500375075429767,20.154083671643832,4.360771247522523,11.414764079273482,0.9523809523809523,1.0,26006.043708159235,531772.2574830158,531772.2574830158,543,1.0,0.0,0.0,0.0,22.703120625986767,25.704708293039857,31.349859672675485,23.37150526361548,5.568056653593273,448.85398479965846,1655.632150733077,829.588980330785,0.5010708326505146,1023.6084790906551,0.04045317112553539,366.5778735036264,2,0,0,27,0.0,514,162.0,1.832889367518132,308.088447755759,196249.03913864266,834.8213580387329,500000.0,0.49933258930649577,0,6,19.28262020112463,11,E10,operator_cost,high,marketplace
3.900114276803054,6.779362171676441,5.622099696338864,11.283432104655958,22.84797085817354,22.84797085817354,,,,,24.627852597846335,31.51672494755458,6.0016602111318855,11.108922206832359,8.082938433743818,6.779362171676441,1.0,1.0,3605.0987133016765,503977.3460501888,503977.3460501888,521,1.0,0.0,0.0,0.0,23.876812455614047,25.704708293040312,31.02409201561386,24.540361154758006,3.900114276803054,454.8953097122377,1522.7568232312822,758.3245174643213,0.4979944964916726,903.5367155855928,0.037815388006381075,354.3805537441041,4,0,0,20,0.0,497,162.0,1.7719027687205204,324.9588578777333,221223.93333050315,740.29920860348,500000.0,0.44923465319738565,0,6,16.10663694226327,12,E10,operator_cost,high,marketplace
2.8423756820231416,5.3583073777790995,4.0195674395552485,6.672711899457498,14.010733481682223,34.094116605673534,,,,,23.86412048319317,28.97281936585432,1.721738620764404,2.0388202683479903,8.46008568050057,5.3583073777790995,1.0,1.0,6216.486291594783,506496.9548278934,506496.9548278934,522,1.0,0.0,0.0,0.0,23.06426956184118,25.704708293039857,28.97281936585432,23.742251471019657,2.8423756820231416,444.5354964593334,1545.5673953248868,776.0154540679088,0.5020909838129615,896.6814751059644,0.035762531991178494,324.04399392111446,2,0,0,17,0.0,504,162.0,1.6202199696055724,323.04285032711283,217358.11923813802,752.7679230162225,500000.0,0.4610536318783958,0,8,24.002280571339302,13,E10,operator_cost,high,marketplace
10.975667319627203,45.98421321318919,7.042370494130618,11.143443989962634,8.444817806717133,20.262468538886424,16.825217801567476,49.34532864705006,,,24.17297708185578,29.903394551351905,4.502587983963557,4.82357776137942,10.093944295975438,45.98421321318919,0.8275862068965517,0.9193548387096774,58929.484502104126,566652.9292862886,566652.9292862886,576,1.0,0.0,0.0,0.0,22.223818206145413,25.704708293039758,30.100826667878916,23.011430595264297,10.975667319627203,472.72044973561214,1846.84172842827,927.4888100772562,0.5022026499620967,1105.7117382653685,0.04020503751415221,369.6353662427955,0,0,0,25,0.0,546,162.0,1.8481768312139775,289.1508511878413,171478.1754449811,955.5045498124324,500000.0,0.47506165955279833,0,8,25.755793038005635,14,E10,operator_cost,high,marketplace
9.131210860361852,21.722915273722993,12.92494767442083,36.65234272514135,6.767768179763442,7.944140580317253,6.087254561683819,6.903809601991452,6.517839647709252,8.051208116896623,24.42535416220063,29.030412188613813,5.780819153988028,6.544651577301924,9.961029053128769,21.722915273722993,0.9142857142857143,0.972972972972973,64862.71277757866,573615.9384122626,573615.9384122626,603,1.0,0.0,0.0,0.0,21.70790612062703,25.70470829303963,28.972819365853866,22.153127809792135,9.131210860361852,450.40131126993134,2079.1173023182373,1037.1969469071282,0.49886408321004444,1257.349726211345,0.04724392916121637,468.6174261862297,4,0,0,28,0.0,563,162.0,2.3430871309311483,286.5036972051784,166591.19989045785,986.5052129944141,500000.0,0.44320480595185635,0,9,27.82700754448041,15,E10,operator_cost,high,marketplace
5.267940441864668,16.483410976476442,9.07222089454468,19.425859225978456,15.050466933501108,22.597653204122253,,,,,24.292051564296663,31.529570721487747,1.7788182308725027,1.9907826538610607,11.064969574196823,16.483410976476442,1.0,1.0,8440.199489225186,509188.49886297405,509188.49886297405,531,1.0,0.0,0.0,0.0,23.259958251231918,25.704708293039857,31.507061939559208,23.98968866444214,5.267940441864668,442.37607491271547,1531.715955977026,766.6618833535197,0.5005248397144847,932.5936914343275,0.039439169682875724,355.4002309221521,3,0,0,26,0.0,497,162.0,1.7770011546107605,321.64316656862314,217389.43443651593,753.3806855845077,500000.0,0.5063822467897433,0,5,16.095475082029036,16,E10,operator_cost,high,marketplace
4.455475292458091,7.044393550737004,4.822793620543313,8.560021554918425,4.723483343365308,7.76192552013763,,,,,24.744456545325797,30.10752005980541,3.523140172660915,6.66562114799035,4.781414338385811,7.044393550737004,1.0,1.0,10188.61735102234,511539.3687118152,511539.3687118152,538,1.0,0.0,0.0,0.0,23.299613226783773,25.704708293040312,29.284578282472292,24.281942210518093,4.455475292458091,454.93921686725884,1600.35177163673,793.1798630227349,0.49562844687048085,970.0574218327515,0.03959697797568713,370.98068877268946,5,0,0,19,0.0,510,162.0,1.8549034438634473,320.3172882988288,214078.80917651654,765.3952489466554,500000.0,0.4670569404105212,0,3,8.544387343355776,17,E10,operator_cost,high,marketplace
4.780511318191953,8.616021868250757,5.797162430470053,7.626831792015938,3.930366384305489,6.462837424303689,40.58114060857573,110.45072929519392,32.56412070491433,52.750756528789225,25.08447314486184,31.82662489045615,9.33603309967366,28.376664386509873,11.62625689421733,8.616021868250757,1.0,0.9629629629629629,68261.72443658626,577118.2182746406,576118.2182746406,575,0.9982672527597732,0.0,0.0,1000.0,23.024985611701755,25.70470829303963,31.6036920195133,24.624864256865695,4.780511318191953,513.9823746244867,1868.4013935325681,930.2565299652337,0.49788901527546325,1169.8840821387691,0.04331224698717924,395.223494282524,2,0,4,22,56.10770373854109,544,162.0,1.9761174714126197,284.62234359206417,169776.54024616507,965.8349571363498,500000.0,0.48196011444955583,0,6,15.121517713156749,18,E10,operator_cost,high,marketplace
9.181689808789127,29.582944459312788,4.936363611832309,7.044824986157164,6.96817285832248,17.700529303758234,,,114.13478743119595,114.13478743119595,24.531882670395635,30.694804859275603,3.563009104727655,9.103453909557828,5.65347275765237,29.582944459312788,0.8571428571428571,1.0,37728.11627304937,538786.9281851918,537786.9281851918,583,0.9981439787276052,0.0,0.0,1000.0,22.159525873915275,25.70470829303963,29.754163009555676,25.665843265779465,9.181689808789127,500.6448535943698,1980.0840035768772,994.3683891504218,0.5021849514233577,1186.122587242599,0.04884484102468064,458.35132500584945,4,1,1,23,0.0,553,162.0,2.2917566250292474,305.4960022539891,192221.9012751021,854.6984268452318,500000.0,0.4311155876478348,0,10,31.11952669795951,19,E10,operator_cost,high,marketplace
3.705721180552676,5.975218301627228,5.206550658701326,8.549980027159881,8.65752290647797,16.76821660583046,7.118438474041341,7.118438474041341,7.754231648850748,10.101522348509036,24.881029893938916,29.672637523137247,9.292245930157858,29.431872152535522,6.9489823909034385,5.975218301627228,1.0,1.0,42968.20466135957,546796.3875473237,546796.3875473237,559,1.0,0.0,0.0,0.0,22.904262676861205,25.704708293039857,28.972819365853866,23.450802200276236,3.705721180552676,462.69302435743634,1710.8024463151785,847.5259493279177,0.4953967368665893,1019.9791391093597,0.041144385095049946,393.1274023127567,2,0,1,21,0.0,529,162.0,1.9656370115637836,299.8659843877864,191368.73314155694,856.8047366979073,500000.0,0.46838345557706323,0,5,17.848987548695373,20,E10,operator_cost,high,marketplace
2.865398182554736,4.405654631620838,4.834297056210289,8.64283843164776,3.518169269097598,4.7192150061864595,34.98303365036054,34.98303365036054,,,24.401047991078208,31.616459225285112,2.7915325858684303,4.568593047073955,8.273857183700898,4.405654631620838,1.0,1.0,17327.275816339392,522341.9832740221,522341.98327402206,537,0.9999999999999999,0.0,0.0,0.0,22.996548621848454,25.704708293039857,31.507061939559208,23.746002550953946,2.865398182554736,449.71168261954523,1641.1992076622619,826.4770162068178,0.5035811693962847,973.8390444999504,0.03942896324090371,354.2224045300954,3,0,0,20,0.0,510,162.0,1.771112022650477,313.5323547920438,207085.69740048857,790.8373879917411,500000.0,0.4757121617065641,0,10,30.86797304265754,21,E10,operator_cost,high,marketplace
8.431965753620185,21.774664683307403,18.029774797727576,38.825063239740665,12.384209706322736,33.036144226913166,4.675293146604872,4.675293146604872,,,24.195645993227906,28.97281936585432,6.507430641391845,12.503306625348166,14.094118781098265,21.774664683307403,0.9166666666666666,1.0,19226.136203616657,520041.7500651535,519041.75006515346,532,0.9980770774656559,0.0,0.0,1000.0,23.312983535356903,25.704708293039857,28.97281936585432,23.528866060686045,8.431965753620185,441.32671374752795,1567.6155127956947,781.140744136923,0.49829868214549117,934.4887540423858,0.039669906111306184,360.83047036726373,5,0,0,16,66.95580926203557,504,162.0,1.8041523518363187,315.5895500338355,209408.03446291984,782.2247736193776,500000.0,0.4615303685810998,0,2,4.8821377444482845,22,E10,operator_cost,high,marketplace
2.9200813525841087,5.240616098767077,6.969715524565641,15.623548264159435,5.319456004829417,6.719298048396243,8.999916789952294,11.587097059177358,7.158755276702067,7.158755276702067,25.919837012452426,32.11176923259882,3.1754175141855576,4.600088852298768,6.540674398131539,5.240616098767077,1.0,1.0,44840.47463850063,546785.5630729868,546785.5630729868,585,1.0,0.0,0.0,0.0,22.771703712865776,25.704708293039857,31.507061939559343,24.201582575992642,2.9200813525841087,479.4603471402952,2005.585111351584,996.7946324369075,0.4970093898259733,1186.5831904668967,0.047038727873231885,463.4414576617314,4,0,2,26,0.0,559,162.0,2.317207288308657,300.5148972200918,189391.89263347158,867.6042305903255,500000.0,0.4752011589214642,0,10,28.22074388411283,23,E10,operator_cost,high,marketplace
15.919727643367645,46.06256522505555,25.395800165988476,52.94845606219361,14.62674862432065,25.45468480019736,7.019287159740543,7.065998427650902,91.58399742831261,91.58399742831261,24.472550345119892,29.4363360316961,2.0480234037874854,3.449195245952797,16.48416750682139,46.06256522505555,0.7368421052631579,0.9411764705882353,34421.87232108315,535140.8176419535,535140.8176419535,544,1.0,0.0,0.0,0.0,23.70593514420708,25.704708293040312,30.34553549588076,25.36857430217667,15.919727643367645,492.8332218930163,1648.820620406435,826.1880701930608,0.5010782009685232,1018.0560789008356,0.04237385263202233,385.92524078889,4,0,1,25,0.0,513,162.0,1.92962620394445,306.329887012328,197526.6489850803,829.9114425635119,500000.0,0.5010813119262679,0,6,17.704429142661724,24,E10,operator_cost,high,marketplace
1.7167200018366202,1.7167200018366202,,,,,,,,,24.297504723783035,28.97281936585432,,,,1.7167200018366202,1.0,1.0,209.99028817615883,500209.99028817617,500209.99028817617,501,1.0,0.0,0.0,0.0,24.252433297192326,25.704708293040312,28.97281936585432,24.288025214011004,1.7167200018366202,440.5863711533673,1405.9126155935132,705.5616741073901,0.501853149535566,839.1852567340833,0.03744074505798675,327.5798007035834,5,0,0,19,0.0,480,162.0,1.6378990035179168,327.1384062306401,224211.26648141682,729.8379852694898,500000.0,0.27432823610918655,0,2,6.686917343769473,25,E10,operator_cost,high,marketplace
9.83218121170235,16.033513024206513,8.20398675348171,18.400114785176584,12.086588791181839,20.18668815155725,,,,,24.209740224896997,31.513002449937538,3.881971679275239,7.791070974775631,10.294618619935626,16.033513024206513,1.0,1.0,8275.236379187336,508449.34756596206,507449.34756596206,527,0.9980332357494661,0.0,0.0,1000.0,23.412091640092207,25.704708293040312,31.507061939559367,23.987557437619113,9.83218121170235,440.1347041613792,1537.6334849057484,770.0324353661696,0.5007906259360434,940.9008735888473,0.04067791606111749,378.4140400095662,4,0,0,26,0.0,497,162.0,1.8920702000478309,322.9722749397051,216876.131793024,755.6943626994346,500000.0,0.4950269714422606,0,3,8.381909969122162,26,E10,operator_cost,high,marketplace
4.89189507353988,13.773309956715515,3.3044613163128034,4.308022785427738,3.4221542281463826,5.227203935847001,,,,,25.40119009220714,31.599862815864793,6.8455173783225405,13.275196331830644,3.3549011356700515,13.773309956715515,1.0,1.0,12370.949722949961,513597.1255335828,512597.1255335828,535,0.9980529486044901,0.0,0.0,1000.0,24.010118022368,25.704708293040312,30.858248270854354,24.861623478392428,4.89189507353988,466.21768533327855,1631.1635849203724,817.9141946259368,0.5014299008311079,973.0484198840744,0.03986484635700508,361.9296020925061,4,0,0,21,33.50503363981419,504,162.0,1.8096480104625308,319.56801911432206,212094.76435441602,772.3417808500554,500000.0,0.4502111322338907,0,10,30.937713854062387,27,E10,operator_cost,high,marketplace
18.853100312698842,57.45821682543938,11.229468567827386,21.59711861495661,12.95690865500445,31.46860877706189,7.761678526098066,9.673398096160074,7.423983281196769,7.423983281196769,25.456032474252968,32.09182778194336,3.313934531759486,4.6667625005401305,11.44378484530262,57.45821682543938,0.6666666666666666,0.8928571428571429,26590.43369586375,528937.8456762048,527937.8456762048,536,0.9981094186998066,0.0,0.0,1000.0,24.52580862959838,25.704708293039857,32.11176923259893,24.657845195874746,18.853100312698842,472.0205177256169,1617.3749542786315,803.1301423084807,0.4965639786765996,981.3663389952214,0.041016960701245844,380.48079909700016,4,0,2,26,0.0,503,162.0,1.9024039954850007,310.4577656969297,199185.4505997946,822.8633341538552,500000.0,0.48091241642193117,0,3,8.770975884214055,28,E10,operator_cost,high,marketplace
4.220103742571734,6.508672650570816,8.717605706853378,24.09651050127701,5.928360065735544,13.145995755170645,18.115967123842058,33.489558352454324,9.202010169381083,13.006149943614037,24.944626005903352,31.62534363839823,4.837797766062703,8.812736198205503,7.910380474856254,6.508672650570816,1.0,1.0,77164.28456252046,584688.0408818187,584688.0408818189,599,1.0000000000000002,0.0,0.0,0.0,21.862723780322476,25.704708293039744,30.106128990578338,22.669188533564306,4.220103742571734,476.01496690256556,2048.7044976134216,1019.165451029881,0.49746825480059614,1200.7341511176655,0.045356848324821036,458.8991247992524,4,0,4,28,129.34383220056782,560,162.0,2.294495623996262,280.99513610062803,166987.4473984985,983.8733281066582,500000.0,0.4382496995037082,0,10,29.684477544066706,29,E10,operator_cost,high,marketplace
2.6566744017051165,3.2869920567503863,4.451873022523723,8.024569236641232,2.978422435516175,4.669537358847265,,,,,23.22052570530777,28.848562852826127,4.023243035248594,11.495840005034097,3.9865728371529188,3.2869920567503863,1.0,1.0,13968.57625752051,515078.73700219905,515078.73700219905,554,1.0,0.0,0.0,0.0,21.288851255574816,25.70470829303963,28.8117692325986,22.62293221397072,2.6566744017051165,427.3830118646885,1797.8716280715216,897.6396160781809,0.499279037536751,987.9306101439848,0.03799030349191282,363.14579442567197,2,0,1,19,102.4925070669722,533,162.0,0.36314579442567196,315.2200510923682,209389.45172499976,775.4122495514446,500000.0,0.426933951090766,0,7,20.547018371354543,0,E10,other_duty,low,marketplace
2.4802555805482447,4.059952674674059,3.3265260964869108,3.856809707903949,11.724297472241824,27.140324427136335,5.180866720646009,7.220426545287046,,,22.86518381600034,28.811769232598,4.773101059210733,7.696590693886083,6.723088864433472,4.059952674674059,1.0,1.0,22776.714596747763,525519.2910413912,524519.2910413912,535,0.9980971202826477,0.0,0.0,1000.0,21.634514970857825,25.70470829303963,28.811769232597726,22.1420127471376,2.4802555805482447,422.8779851334569,1691.2585205413652,850.0590843270637,0.5026192471479541,948.0853603538989,0.038395102021139924,354.1149019083473,4,0,2,15,0.0,520,162.0,0.35411490190834727,309.5293493964106,199984.33585034907,811.8341579682526,500000.0,0.441742130819528,0,9,25.45936934456417,1,E10,other_duty,low,marketplace
4.979829893694242,11.773605153329127,3.3553737571530746,4.042631329544292,5.761024382176402,11.518823824878382,4.909406811610097,5.151611801888066,,,22.833287141216715,28.006518566321574,3.64709573020429,6.10432563082486,4.45174687334395,11.773605153329127,1.0,1.0,29310.196036041838,532277.3226155266,516873.34282247716,548,0.9710602365748803,14403.979793049497,0.02706104352195697,1000.0,21.194730919952857,25.70470829303963,28.006518566321574,22.216172266522477,4.979829893694242,425.43743141811075,1767.2703969851984,885.6712532245009,0.5011520901019872,989.9272833771166,0.036804549681416734,329.10286744317267,2,0,0,14,0.0,533,162.0,0.3291028674431727,314.0597307282607,206600.99813945402,785.7130620340581,500000.0,0.4305321953868318,0,7,19.172833227156133,2,E10,other_duty,low,marketplace
3.344879604345465,5.432236099936927,4.331211832163053,5.976910132880949,5.778575478465382,10.94511751144323,10.5821834936296,10.5821834936296,5.188666614047179,5.188666614047179,23.24906130832852,28.75818184175805,4.1483475883115455,4.565968919972239,5.194737170683463,5.432236099936927,1.0,1.0,28096.063942230638,531327.860284328,530327.860284328,561,0.998117922897051,0.0,0.0,1000.0,21.151787965601944,25.70470829303963,28.006518566321574,22.21739953630463,3.344879604345465,432.3190855021769,1881.6353902457126,933.5391776695652,0.4961318130542067,1055.2618296701157,0.03996455938744623,395.16398637653396,3,0,1,16,0.0,545,162.0,0.395163986376534,306.21654291236104,195396.51389823706,831.1057385135965,500000.0,0.42612689433245476,0,6,18.89355428603274,3,E10,other_duty,low,marketplace
3.9817247737295625,4.654640812461184,7.0607073754556495,14.575304844980106,2.4219565668675185,2.7503644101063403,,,61.43903733522052,106.65140701431532,23.047005951859575,28.354499740821222,3.0568187282647683,4.226363144102061,4.604898123850169,4.654640812461184,0.9444444444444444,1.0,32491.15341102122,538255.453584505,538255.4535845051,550,1.0000000000000002,0.0,0.0,0.0,21.520134560182278,25.704708293039616,28.006518566322484,24.412753939442805,3.9817247737295625,480.6503041657031,1759.5569727730633,886.8616017803104,0.5040255106844399,945.0699893006508,0.04218627547916583,402.85681993095966,5,1,1,21,0.0,529,162.0,0.4028568199309597,301.72078283352494,195373.7731107654,831.2418511150834,500000.0,0.3826488938852369,0,15,42.176884863147066,4,E10,other_duty,low,marketplace
3.0371730586513994,4.568211720769753,7.7076611700872,12.910393752613802,8.977535973218313,25.409913857060474,8.080006661670419,11.339397306693627,,,23.007859083894317,28.811769232599136,3.423510884382104,7.095360532367977,8.205421869447548,4.568211720769753,1.0,1.0,43452.69323580841,547328.4080016714,546328.4080016714,572,0.998172943363837,0.0,0.0,1000.0,20.741021303637044,25.554196669341252,27.626659970916254,21.628243989079454,3.0371730586513994,427.4659620500488,1872.6608596945337,929.0519491119242,0.4961132947817738,1042.329126917786,0.04113383105522696,389.4953080559004,5,0,0,22,0.0,547,162.0,0.3894953080559004,297.237875478661,183244.12926605542,886.1920758851691,500000.0,0.447494421604246,0,12,32.006286485603795,5,E10,other_duty,low,marketplace
2.648009486666585,4.257483367969234,4.356941394687353,8.623957587965018,3.4072932759599035,4.951056660281029,7.001305331069091,10.441191656866387,,,23.358260222479025,28.811769232599545,4.826522594597875,8.685867628368397,4.520688016122136,4.257483367969234,1.0,1.0,31608.77227884693,533346.8920584851,533346.8920584851,565,1.0,0.0,0.0,0.0,21.1053374920051,25.704708293039587,28.811769232597726,22.220597105138555,2.648009486666585,433.17700427800384,1849.4335292709013,915.5548187997762,0.4950460799533107,1035.4886849725547,0.0406487414765976,412.5144816759973,4,0,0,15,0.0,549,162.0,0.41251448167599725,304.5157230687798,194232.0720121928,836.177634306865,500000.0,0.4242265813361512,0,9,26.399978548981572,6,E10,other_duty,low,marketplace
4.435439512836985,5.443569335957589,14.353130640769585,56.85606267051466,2.493454937277019,2.7330687538577823,6.063349301183067,6.718543137484451,11.838310601135902,11.838310601135902,23.508909642827582,28.811769232597975,3.1378490469572937,4.495334158903446,9.214937140327663,5.443569335957589,0.972972972972973,0.9508196721311475,40773.60461111535,544565.4292464787,543565.4292464787,581,0.9981636733690867,0.0,0.0,1000.0,20.98246292023077,25.704708293039573,28.811769232597726,22.091829442918975,4.435439512836985,439.07829054753455,1928.4778716244475,953.977289047237,0.4946788879893432,1091.4490661782545,0.04163535437416002,408.5967037243043,3,0,1,14,0.0,566,162.0,0.4085967037243043,298.78389604148356,186928.6349332639,868.8267410806611,500000.0,0.4483622231373852,0,5,12.399877318666658,7,E10,other_duty,low,marketplace
4.638331792974794,13.505549989173781,9.725150221248072,19.936034408749258,4.317653199308371,4.110162906753658,5.159550367641145,5.271609509385485,,,23.268653922559295,28.81176923259786,3.5326272381367687,4.83996396989337,6.2717301780989425,13.505549989173781,1.0,1.0,38363.5914215517,540361.5398106,526845.8481339897,560,0.9749876875372225,13515.69167661024,0.02501231246277737,0.0,21.315940316174885,25.70470829303963,28.811769232597726,22.344151504275327,4.638331792974794,429.87264005490863,1779.2854045865288,882.6614324345446,0.4960763631058155,978.9892008788594,0.040713881987540466,408.5008237408405,5,0,1,14,0.0,543,162.0,0.40850082374084046,308.2656936539745,199064.40273499239,815.8590817462714,500000.0,0.4202155414247861,0,14,42.06405340668349,8,E10,other_duty,low,marketplace
7.383379840804719,14.164911177835865,4.86237020240696,10.164565237964142,5.827432544623883,9.992216265204572,5.8515350840643805,5.8515350840643805,7.253474718233974,8.758631242005777,23.36989490847637,28.329383567378954,4.672164665494609,8.814207307219476,5.28935362197817,14.164911177835865,0.9210526315789473,0.9876543209876543,47374.080402398526,549736.351411949,548736.351411949,603,0.9981809461982428,0.0,0.0,1000.0,20.368508468386736,25.382608026528942,28.006518566320665,21.932021653968626,7.383379840804719,434.1595045732996,2093.083086786593,1040.9261292275166,0.49731715659008985,1153.0573961571336,0.04563176930226523,468.3465111485087,5,0,1,24,0.0,579,162.0,0.46834651114850867,296.07724382228827,183436.44830749228,885.6928271899639,500000.0,0.41734572410727777,0,21,59.41580928120329,9,E10,other_duty,low,marketplace
2.2663978160180704,2.482064178235237,3.119358152256183,3.9754303275376968,3.238421546695747,4.8455912194703386,,,,,22.402556148395234,28.006518566321724,2.8761419890390014,4.311170596473926,3.178889849475965,2.482064178235237,1.0,1.0,13819.243346008723,516514.44304295897,516514.44304295897,540,1.0,0.0,0.0,0.0,20.949317224266434,25.704708293039516,28.006518566321574,21.784326957000562,2.2663978160180704,415.07104693009376,1686.0155465870014,845.1637757560563,0.5012787559799908,904.2171919985217,0.03458178544802037,313.4471496667626,1,0,0,18,0.0,522,162.0,0.31344714966676257,314.24764464169493,206680.03100911944,785.3368627688319,500000.0,0.4252866175226305,0,13,35.872541998775795,10,E10,other_duty,low,marketplace
5.709498098714702,11.730469590122993,9.277703378085334,17.398518011678064,3.1509462350698643,4.619592681139874,,,7.868263984289115,7.868263984289115,22.845495176455646,28.811769232597726,3.124464243634228,4.517128374656022,4.901448275931427,11.730469590122993,0.9523809523809523,1.0,26006.043708159235,531772.2574830158,531772.2574830158,543,1.0,0.0,0.0,0.0,21.438318301756173,25.70470829303963,28.577569608223627,21.85014451707477,5.709498098714702,422.6386912501669,1661.4198822515175,827.2514603535425,0.49791835838179005,937.3239759512371,0.036938017690355415,346.54251623393293,3,0,0,22,0.0,520,162.0,0.34654251623393295,305.293366157634,194468.602118229,834.8213580387329,500000.0,0.4040906015379024,0,7,18.79025874775793,11,E10,other_duty,low,marketplace
2.951498605987094,3.9213793036297835,3.8604429666189617,5.989265686637623,4.225080002754112,4.225080002754112,,,,,23.28395241757473,28.811769232597726,3.6222792880620807,6.311931590207952,3.912533971781126,3.9213793036297835,1.0,1.0,3605.0987133016765,503977.3460501888,503977.3460501888,521,1.0,0.0,0.0,0.0,22.486334725236425,25.704708293039857,28.811769232597726,23.128819519616595,2.951498605987094,429.50309848560977,1543.5080391031752,768.5526683944215,0.49792592518078094,860.5560788766824,0.0352412195236382,321.9444190102277,4,0,0,17,0.0,504,162.0,0.32194441901022774,322.0818270725314,219265.32209215596,740.2992086034801,500000.0,0.4047118843714195,0,5,16.64701837135454,12,E10,other_duty,low,marketplace
2.7644999259026006,4.366366833365758,3.4010391212977096,4.878364672661701,2.8132585109318597,4.07578184635463,,,,,23.097040553219987,28.811769232597726,2.7239680407712115,3.874433265204846,3.139803294468443,4.366366833365758,1.0,1.0,6216.486291594783,506496.9548278934,506496.9548278934,522,1.0,0.0,0.0,0.0,22.246196064887524,25.704708293039857,28.811769232597726,22.839593563918648,2.7644999259026006,427.5593387619116,1569.1468771443065,788.43827480765,0.5024630175108467,872.858437156571,0.03446115378260233,321.90203606033606,2,0,0,14,0.0,508,162.0,0.32190203606033607,320.4795221152257,215633.39386947046,752.7679230162225,500000.0,0.434614728382927,0,10,30.30013200001688,13,E10,other_duty,low,marketplace
4.669328912894561,9.29403021070052,7.865194391950114,14.222822530471603,4.974444944758524,6.27557718273431,5.194732206755788,5.685403278911508,,,22.722052546205465,28.811769232597726,2.955841867485463,4.82357776137942,5.8162341302343545,9.29403021070052,0.9655172413793104,1.0,58929.484502104126,566652.9292862886,566652.9292862886,576,1.0,0.0,0.0,0.0,20.364156812533345,25.704708293039516,28.26149867434583,20.661818306360082,4.669328912894561,423.8532716709566,1914.9274372164455,967.7565269284776,0.5053750383018254,1102.3336037094314,0.03887598038915142,374.860097792915,0,0,0,20,0.0,555,162.0,0.374860097792915,286.55081745065274,169936.25004681293,955.5045498124324,500000.0,0.43876645948437965,0,16,55.72395569663401,14,E10,other_duty,low,marketplace
10.19382056931074,24.673691677454375,14.27100484323561,38.132680545839776,5.932278950148057,4.1552616848730395,5.876797813153384,6.660540946378023,6.517839647709252,8.051208116896623,23.463391446118262,28.38679672757044,4.179360907047853,7.541226868867498,10.412403970555133,24.673691677454375,0.8857142857142857,0.972972972972973,64862.71277757866,573615.9384122626,573615.9384122626,603,1.0,0.0,0.0,0.0,20.929422258080212,25.591524170120465,28.00651856632239,21.308704490093806,10.19382056931074,436.52865531149973,2102.2972162879214,1037.7904579921837,0.4936459269182862,1219.126748611053,0.0480651358454726,504.2883465140008,7,0,1,21,0.0,574,162.0,0.5042883465140008,283.2980701274043,164727.24746507156,986.5052129944141,500000.0,0.42476105527108315,0,12,37.39804265697359,15,E10,other_duty,low,marketplace
4.659164942285707,14.479178295617384,29.72405688700376,78.5870359769524,18.019670268222097,26.83908835396978,,,,,23.110756191368584,28.811769232597726,2.959320575187197,3.9671929699394695,25.822594680743205,14.479178295617384,1.0,0.9642857142857143,8440.199489225186,509188.49886297405,509188.49886297405,531,1.0,0.0,0.0,0.0,22.382643207984877,25.704708293039857,28.811769232597726,22.84510869770419,4.659164942285707,428.0808619015343,1575.1704729830683,788.3891418565412,0.5005103608649321,888.5652526120855,0.039452750551119055,362.7562742077012,3,1,0,16,0.0,512,162.0,0.36275627420770123,318.86571797431856,215512.2362185847,753.3806855845077,500000.0,0.4552030217492001,0,9,28.216073459572296,16,E10,other_duty,low,marketplace
2.723448671478411,4.523760243441575,3.8054743868161887,5.6467705288851,3.1777579372875038,4.335887034079837,,,,,22.95373139601905,28.354499740821222,4.236017451001368,4.841800004591278,3.5439258661792366,4.523760243441575,1.0,1.0,10188.61735102234,511539.3687118152,511539.3687118152,538,1.0,0.0,0.0,0.0,21.574053402299008,25.70470829303963,28.006518566321926,22.50816069465888,2.723448671478411,427.70391124945303,1655.2789231987902,821.991247177625,0.4965877566961011,905.6135380289904,0.036366021044867615,352.1706777957235,5,0,0,9,0.0,529,162.0,0.35217067779572353,317.3796204320292,212115.4670103145,765.3952489466554,500000.0,0.3993196945544549,0,10,25.749963596957105,17,E10,other_duty,low,marketplace
3.8474766277481054,6.497984958317466,5.55437996352839,14.164381977173434,3.6118046399280503,5.840104577523743,5.625805201864902,7.141446051549792,6.202531654856557,6.931503624413653,22.743628038969298,28.00651856632212,4.37638078280329,8.395354388606302,4.628248401464325,6.497984958317466,1.0,1.0,68261.72443658626,577118.2182746406,576118.2182746406,575,0.9982672527597732,0.0,0.0,1000.0,20.314731710078366,25.704708293036674,28.006518566320665,20.40375542050117,3.8474766277481054,424.2376967077219,1923.5835143084223,963.5638701619705,0.5009212560799038,1117.8422839898874,0.039687260438494854,370.8228772425623,1,0,4,18,0.0,556,162.0,0.3708228772425623,281.83594569099176,168114.4606306895,965.83495713635,500000.0,0.43369563778716874,0,8,24.95918752907186,18,E10,other_duty,low,marketplace
8.139713633945544,30.06609485907939,4.82198264574511,8.283795659540466,7.065928891439337,18.263847997264115,,,114.13478743119595,114.13478743119595,22.845212900164906,28.79182778194299,3.942459123188956,7.41373559923785,5.6139636736371905,30.06609485907939,0.8571428571428571,1.0,37728.11627304937,538786.9281851918,537786.9281851918,583,0.9981439787276052,0.0,0.0,1000.0,20.660128978438916,25.704708293036674,28.607769965789718,24.085462396716082,8.139713633945544,479.8461273881099,2013.4414740249126,1002.5424257564426,0.4979247913038857,1131.214428780946,0.04123284514233362,410.22016745818036,2,0,1,13,0.0,566,162.0,0.41022016745818035,301.9973369667527,190020.4973664557,854.6984268452318,500000.0,0.4152632775072312,0,10,30.555139374664193,19,E10,other_duty,low,marketplace
3.827859747113913,7.346655591424872,4.979301773116913,8.095482255990987,3.9309505560044498,5.283340456315455,7.118438474041341,7.118438474041341,7.754231648850748,10.101522348509036,23.64570701595582,28.811769232598987,3.2466331666296986,4.985719906516351,4.69724546542256,7.346655591424872,0.9642857142857143,1.0,42968.20466135957,546796.3875473237,546796.3875473237,559,1.0,0.0,0.0,0.0,21.566460002350237,25.704708293039857,28.405307462129706,22.15867833408544,3.827859747113913,437.3005636259693,1738.8622495526924,852.7882995278843,0.49042889955616487,977.27836939732,0.04323022441626246,413.9502195021721,5,1,1,14,0.0,545,162.0,0.4139502195021721,297.02820632743425,189557.7174858292,856.8047366979073,500000.0,0.3773303108073411,0,4,10.153341403988462,20,E10,other_duty,low,marketplace
2.708849598642911,4.461996762699165,3.176702928375744,3.6700560481441244,3.2581535382323636,4.251186690629038,4.820118274277775,4.820118274277775,,,22.685980585594333,28.262763677256387,3.362100805840075,4.562540942223495,3.4024924990776526,4.461996762699165,1.0,1.0,17327.275816339392,522341.9832740221,522341.98327402206,537,0.9999999999999999,0.0,0.0,0.0,21.330812163901683,25.70470829303963,28.006518566321756,21.873688008612966,2.708849598642911,419.1382107327695,1675.5440667993714,846.136779647804,0.5049922567922052,909.8441520456377,0.035431343559476296,321.0583352144956,2,0,0,15,0.0,522,162.0,0.3210583352144956,310.75629287500794,205252.12995735306,790.8373879917411,500000.0,0.420722786218636,0,15,40.27957526341218,21,E10,other_duty,low,marketplace
4.9172624259980084,12.405762915333073,12.581623224410896,25.09086171117906,5.478165698236732,12.318012202655154,4.675293146604872,4.675293146604872,,,22.833249867128693,28.811769232597726,3.5397357262277183,5.451474654836966,8.371033621506646,12.405762915333073,1.0,1.0,19226.136203616657,520041.7500651535,519041.75006515346,532,0.9980770774656559,0.0,0.0,1000.0,21.776520409404743,25.704708293039744,28.760961511289242,22.14934056637967,4.9172624259980084,424.2322694719647,1578.3911153970967,776.1220781369922,0.4917172116378347,897.4203982609309,0.03589416057437793,334.94411505171365,3,0,0,15,0.0,515,162.0,0.3349441150517137,312.75893335107315,207529.7914228963,782.2247736193776,500000.0,0.43002929177453036,0,0,0.0,22,E10,other_duty,low,marketplace
2.741812751439307,4.756925827143096,4.950901607974678,7.458693046169947,4.566075403223522,6.032742559213776,8.194576905678545,11.426029082322609,6.068106969885633,6.068106969885633,23.025787084800704,28.811769232597726,3.31995685981434,4.560841122668535,5.041904661350408,4.756925827143096,1.0,1.0,44840.47463850063,546785.5630729868,546785.5630729868,585,1.0,0.0,0.0,0.0,20.214063062585577,25.704708293036674,28.006518566321574,21.491737916695648,2.741812751439307,426.2046612527618,2028.3239961054492,1001.8283221444938,0.4939192772299137,1094.2901911699146,0.042377382018709775,431.81640809289837,3,0,2,18,0.0,567,162.0,0.4318164080928984,297.0667614104708,187218.7924874143,867.6042305903255,500000.0,0.4140960440595863,0,13,37.28825568300509,23,E10,other_duty,low,marketplace
12.945204134110938,35.248552062064846,24.78109567993897,49.00588552056161,11.398476390769499,23.77911935814282,5.650544329228978,5.697255597139701,74.94530494957144,74.94530494957144,23.384772244800892,28.673034874121132,3.5826497644081123,5.242741071010642,14.200783926342622,35.248552062064846,0.7368421052631579,0.9705882352941176,34421.87232108315,535140.8176419535,535140.8176419535,544,1.0,0.0,0.0,0.0,22.534091751237014,25.704708293039857,28.8117692325986,23.897270723645306,12.945204134110938,464.3443431179705,1637.4070623151865,809.771166758513,0.49454481136385814,918.4228230402325,0.039914042617585625,377.7015678877694,5,0,1,19,0.0,516,162.0,0.3777015678877694,303.4298566186551,195656.66074722336,829.9114425635119,500000.0,0.43976564020090114,0,10,29.522000169833095,24,E10,other_duty,low,marketplace
1.7167200018366202,1.7167200018366202,,,,,,,,,23.30048685325877,28.811769232597726,,,,1.7167200018366202,1.0,1.0,209.99028817615883,500209.99028817617,500209.99028817617,501,1.0,0.0,0.0,0.0,23.257405482297848,25.704708293039857,28.811769232597726,23.291425895842774,1.7167200018366202,424.41876660091975,1415.5038693779495,710.3573009996087,0.5018405928567181,783.8354688722757,0.03519192593401736,307.8801451776116,6,0,0,18,0.0,482,162.0,0.30788014517761164,324.47948520914264,222388.9183915881,729.8379852694898,500000.0,0.19065916662152094,0,2,6.686917343769473,25,E10,other_duty,low,marketplace
6.018003135785338,12.103584015187153,7.1076899890094865,15.690099797434868,7.373855878108186,19.481268352424014,,,,,22.95219673180444,28.136738842138303,4.048230917187766,5.596395998871504,7.251010083139556,12.103584015187153,1.0,1.0,8275.236379187336,508449.34756596206,507449.34756596206,527,0.9980332357494661,0.0,0.0,1000.0,22.06793217915298,25.704708293039857,28.00651856632203,22.691159734460683,6.018003135785338,425.8233830970859,1574.5217616015061,789.6113247698755,0.5014927986557212,861.8785217724227,0.03580616350813126,331.1620196027785,4,0,0,15,0.0,509,162.0,0.3311620196027785,319.896286788509,214810.60337639094,755.6943626994347,500000.0,0.39620131030248196,0,7,23.333935715124014,26,E10,other_duty,low,marketplace
2.3159534185127026,3.6457442423553426,3.3216827535078224,4.084253309174391,3.1651875607143816,4.456303933550998,,,,,23.124739865672538,28.811769232597726,3.4049275232669203,6.282491091775898,3.2546133851677763,3.6457442423553426,1.0,1.0,12370.949722949961,513597.1255335828,512597.1255335828,535,0.9980529486044901,0.0,0.0,1000.0,21.765369249361232,25.704708293039857,28.490551663168254,22.59021627722706,2.3159534185127026,430.84984176559067,1694.1097079655508,857.9115871021364,0.5064085183316722,932.7777557578912,0.034823577718170344,314.64488361040577,1,0,0,14,0.0,521,162.0,0.31464488361040577,316.6514925628009,210159.08877150677,772.3417808500554,500000.0,0.4137606273415435,0,15,43.235879554871616,27,E10,other_duty,low,marketplace
4.770508617017043,5.903546648090196,10.121875491130371,20.43885996907774,4.844227741911529,8.221431867358149,7.376228524950122,9.596308095930485,6.65308327890088,6.65308327890088,23.012578262004876,28.046627240969155,3.3468023372404474,4.6300557292490225,7.799551714400774,5.903546648090196,0.9166666666666666,0.9642857142857143,26590.43369586375,528937.8456762048,527937.8456762048,536,0.9981094186998066,0.0,0.0,1000.0,21.826013032746037,25.70470829303963,28.006518566320665,22.092890198265604,4.770508617017043,424.65064846462485,1632.340176641897,803.6407277641725,0.4923242956731288,922.4490826221299,0.03759065588612074,349.3120412462888,4,0,1,23,0.0,513,162.0,0.3493120412462888,307.5159573629402,197298.0266622148,822.8633341538552,500000.0,0.4285668388447455,0,6,17.95294508161534,28,E10,other_duty,low,marketplace
3.2891788998792255,5.500657892079971,6.935067569539174,20.92820902675612,4.4863106988296835,8.172324107505437,6.564528925530264,7.2697618196814915,7.396826449055084,11.066429631094435,22.848332479813067,28.811769232597726,3.9882303954881255,5.901416057694146,5.687530468933872,5.500657892079971,1.0,1.0,77164.28456252046,584688.0408818187,584688.0408818187,599,1.0,0.0,0.0,0.0,19.85412003649436,25.382608026528942,28.006518566320665,20.366359531229964,3.2891788998792255,427.4762799564659,2075.810906801776,1029.8454477957487,0.4961171773504372,1161.5968899129534,0.04238415558916223,421.93627032710543,2,0,3,22,0.0,575,162.0,0.4219362703271054,277.79247207684375,165084.19491652233,983.8733281066583,500000.0,0.4163932784219959,0,12,39.8347744655601,29,E10,other_duty,low,marketplace
9.109676838353911,21.264819871146997,20.427420606632435,43.550021090848716,20.408950274276936,28.020712786158924,,,,,28.601869157671107,43.76932928968728,5.925949824966882,13.749091000060389,20.42158787009912,21.264819871146997,0.9166666666666666,0.9767441860465116,13968.57625752051,515078.73700219905,515078.73700219905,554,1.0,0.0,0.0,0.0,27.02664700462557,25.76912834634186,43.06118546762055,28.18198466892473,9.109676838353911,527.5890388562232,1620.3077772556417,805.9474715117998,0.4974039394397368,1009.8399896179523,0.04390836391154578,440.99224519310764,3,0,0,34,0.0,495,162.0,0.44099224519310765,315.3711861425559,209489.84535537186,775.4122495514446,500000.0,0.5004077570310006,0,1,6.031416521524,0,E10,other_duty,high,marketplace
6.639967678149977,13.753284283052604,10.170225181235423,19.50911971086782,10.831525225778568,17.753629007693373,6.8389773904449,8.463377688132823,,,29.07164352492302,46.919092155883796,11.072900861147414,25.538440431498948,9.692564956260005,13.753284283052604,1.0,1.0,22776.714596747763,525519.2910413912,524519.2910413912,535,0.9980971202826477,0.0,0.0,1000.0,27.700104391634596,25.76912834634186,45.97503914688429,28.048974661003935,6.639967678149977,525.754813660086,1550.994845204532,772.2774073254659,0.4979239033019639,1089.088995171872,0.0471397544348391,416.97234619970857,7,0,1,41,0.0,478,162.0,0.4169723461997086,309.649187589905,200061.7623095272,811.8341579682526,500000.0,0.541891992804028,0,1,2.6356018297700885,1,E10,other_duty,high,marketplace
27.563959531789298,109.52049980753196,5.763501556444766,9.381668968667418,21.89654804804339,61.25600263673459,51.76548398521038,90.05250538563398,,,28.630586828047193,44.29314451136715,10.688964500544444,21.937829888983288,17.56364179438995,109.52049980753196,0.7727272727272727,0.8157894736842105,29310.196036041838,532277.3226155266,515873.34282247716,547,0.9691815166717175,14403.979793049497,0.02706104352195697,2000.0,27.903174091925216,25.769128346341745,45.00300524533741,28.66064169967832,27.563959531789298,540.9612923666069,1626.848193499096,807.6511601543806,0.4964514595656582,1011.0434456092987,0.04301919238470393,409.11840900858533,3,0,1,35,506.38021705887616,493,162.0,0.4091184090085853,314.8236300027175,207335.57619588924,783.3152485879489,500000.0,0.525171803768552,0,3,6.577130369800972,2,E10,other_duty,high,marketplace
3.402626881146746,6.492235186844664,8.550725756213925,22.292746541177628,51.99946622768575,104.60435546577845,87.53894127095737,87.53894127095737,98.00204368040158,98.00204368040158,29.881048963150654,46.59127904810686,8.207323984092682,20.994247072718395,29.94554326577483,6.492235186844664,1.0,0.8723404255319149,28096.063942230638,531327.860284328,530327.860284328,561,0.998117922897051,0.0,0.0,1000.0,28.37879049681791,25.76912834634186,47.20096045286925,31.54608897780862,3.402626881146746,615.2557658407212,1748.3887459627083,866.5815202170375,0.49564578942646714,1097.0137970073422,0.04369168552489801,414.3608069751336,2,0,0,32,0.0,515,162.0,0.4143608069751336,306.2527409363312,195419.61182634535,831.1057385135965,500000.0,0.5228631153203142,0,1,2.2465359146781956,3,E10,other_duty,high,marketplace
9.263289487583835,19.741823905744972,24.297271842058876,48.79991031389836,16.284255912270357,24.453500617318607,,,241.934067104194,432.34209058428723,29.306083361760997,47.952207976132904,5.2323982537527804,9.298116310214755,20.05508693805319,19.741823905744972,0.8888888888888888,0.9714285714285714,32491.15341102122,538255.453584505,538255.4535845051,550,1.0000000000000002,0.0,0.0,0.0,28.568375783838338,25.76912834634186,47.37939278628872,39.18090820936775,9.263289487583835,788.5917718793252,1591.2162602016676,792.4016325312693,0.49798487631771804,1042.4591189870282,0.047606433458675365,491.7704792551493,5,0,1,48,0.0,487,162.0,0.49177047925514933,301.8859714233146,195480.7379600508,831.2418511150831,500000.0,0.5245809515447487,0,3,7.858785513585686,4,E10,other_duty,high,marketplace
16.05591870085984,43.43500140335458,33.65396667527666,100.27225874457274,32.913055699674786,87.77468589678529,185.63212717197607,287.5498381289067,,,28.31017198742614,42.52451979532906,8.162220349445057,14.768633023665018,63.80262844941591,43.43500140335458,0.7777777777777778,0.7543859649122807,43452.69323580841,547328.4080016714,546328.4080016714,572,0.998172943363837,0.0,0.0,1000.0,29.02965035965465,25.76912834634186,46.88581282136342,35.97763178750582,16.05591870085984,732.7004391278856,1739.6280002991998,861.9955350993667,0.4955056684251527,1091.972545964801,0.04901388068589646,498.4965565036352,6,0,0,39,196.8273723941193,515,162.0,0.49849655650363517,297.4373914599851,183367.1288407682,886.1920758851691,500000.0,0.5244049757183137,0,5,13.129989173125864,5,E10,other_duty,high,marketplace
7.747700410066579,16.38353832790149,17.67259298034922,33.480394544891716,9.92880476003659,16.64011871185958,13.209646788193538,17.886496463122285,,,28.99207528662571,45.01297996832354,10.5176766983283,18.938213561668185,14.670163717398756,16.38353832790149,0.9285714285714286,1.0,31608.77227884693,533346.8920584851,533346.8920584851,565,1.0,0.0,0.0,0.0,26.905817665647003,25.76912834634186,43.12571255448958,27.93371419487469,7.747700410066579,536.0905655663623,1686.196921849517,842.3127099535927,0.49953400995993763,1053.5473166430559,0.04752131070714708,501.7884680178174,5,0,0,46,0.0,501,162.0,0.5017884680178174,304.6831075378206,194338.83639176848,836.1776343068649,500000.0,0.5174578252162236,0,4,12.595702857355159,6,E10,other_duty,high,marketplace
8.4772037052922,17.226659025220357,11.857008231962842,24.08936982528243,9.214662460214912,14.184657965874763,38.56862531847612,39.22381915477751,25.686230081464515,25.686230081464515,29.519095913569743,47.419413895487736,9.475241822812526,33.110944482383154,13.092096658100141,17.226659025220357,1.0,1.0,40773.60461111535,544565.4292464787,543565.4292464787,581,0.9981636733690867,0.0,0.0,1000.0,26.803935945437573,25.76912834634186,44.31770993223108,28.787666573014903,8.4772037052922,577.3582138152636,1811.4485554685243,905.6544967877326,0.4999614778204333,1113.423364465446,0.045891782796705353,501.8755984309813,1,0,1,36,26.896991754244304,525,162.0,0.5018755984309813,298.9555016839469,187035.99683903428,868.8267410806611,500000.0,0.4832250937650528,0,8,20.78178728778882,7,E10,other_duty,high,marketplace
12.426266756164434,46.55964374968712,16.334457639800632,41.67985833568586,14.442179030770241,30.425930036199425,39.519529766349365,47.963985935997854,,,29.743629086734135,46.37319705179507,5.351300192210393,8.155074523469466,17.281002089178997,46.55964374968712,0.84,0.875,38363.5914215517,540361.5398106,525845.8481339898,559,0.9731370747042841,13515.69167661024,0.02501231246277737,1000.0,27.932748181649526,25.76912834634186,46.37319705179507,29.31699225795833,12.426266756164434,570.8224703491661,1724.176443398436,850.4606395243316,0.4932561529770306,1088.0567716164308,0.0459072750981205,472.70346615833216,6,0,0,25,0.0,525,162.0,0.4727034661583322,308.97401594537064,199346.4856195859,815.0266755954051,500000.0,0.5210541047699419,0,9,24.21744834583803,8,E10,other_duty,high,marketplace
21.289124236758113,47.41819830659735,20.501913908619603,51.94661691778983,37.70875042676797,71.81025198911011,5.923737061659267,5.923737061659267,100.23906290174682,109.90236325490778,30.701633819737825,50.06023591983566,8.456811142498456,15.771436564878286,27.365748338380303,47.41819830659735,0.5789473684210527,0.8148148148148148,47374.080402398526,549736.351411949,548736.351411949,603,0.9981809461982428,0.0,0.0,1000.0,29.32653455288938,25.76912834634186,51.62685124800921,32.30903548897936,21.289124236758113,646.7749652684734,1883.4417373241413,924.3556926042257,0.4907800832307581,1191.5618833718852,0.05570793378692712,599.6037116571356,8,0,1,51,142.23182396687668,531,162.0,0.5996037116571357,296.3164428477782,183584.6455113977,885.6928271899637,500000.0,0.5181053579341715,0,5,12.740923258033972,9,E10,other_duty,high,marketplace
3.9041809304371617,6.373763657459222,5.148093967498198,9.278986694041963,10.227518363813601,26.587149745857275,,,,,29.291278096451144,46.019492453420746,4.147570514744598,8.21027257889766,7.6878061656559,6.373763657459222,1.0,1.0,13819.243346008723,516514.44304295897,516514.44304295897,540,1.0,0.0,0.0,0.0,27.52736700935117,25.76912834634186,45.05729922830925,28.656568737710735,3.9041809304371617,546.3475827212327,1616.7864498780427,803.7281529102597,0.4971146022227527,1009.675268088897,0.04065032765455221,382.26592769746685,1,0,0,33,27.90127195913767,499,162.0,0.38226592769746687,314.3808815316941,206767.66063825472,785.3368627688319,500000.0,0.5331186910396807,0,4,10.790923258033972,10,E10,other_duty,high,marketplace
20.35010980737785,36.69960759746664,18.87086353467089,41.685292725012374,6.599217594190941,14.157569404873627,,,39.766362204854886,39.766362204854886,27.592672237196552,41.26729136404174,9.845910435929843,21.73369300638334,10.105402148613782,36.69960759746664,0.7142857142857143,0.9142857142857143,26006.043708159235,531772.2574830158,531772.2574830158,543,1.0,0.0,0.0,0.0,26.655343996114485,25.76912834634186,40.99741741719609,27.202982384858554,20.35010980737785,522.1779828304398,1568.4355095870467,777.7199105251319,0.4958571173448488,1035.6587730912504,0.042795211635356295,400.0406320245413,2,0,0,36,0.0,496,162.0,0.4000406320245413,305.39396959272824,194532.68542811976,834.8213580387329,500000.0,0.5390266665300602,0,1,4.051315513999384,11,E10,other_duty,high,marketplace
4.6926755379312715,6.680943119687436,6.647050426285015,10.729807245593634,15.046104714509056,15.046104714509056,,,,,29.892550777212126,48.78727233358122,9.546499789837915,19.655343643799466,7.846915324602735,6.680943119687436,1.0,1.0,3605.0987133016765,503977.3460501888,503977.3460501888,521,1.0,0.0,0.0,0.0,28.98441079303775,25.76912834634186,48.26299355099036,29.74268881427967,4.6926755379312715,552.5166353659755,1462.1623157159709,731.1402066214148,0.5000403845474574,928.5807519109411,0.03888769446815103,361.93367483265195,2,0,0,34,119.82331162423326,473,162.0,0.361933674832652,322.16117440061237,219319.33978575564,740.2992086034801,500000.0,0.5219857365950046,0,2,5.908785513585686,12,E10,other_duty,high,marketplace
2.997055750687725,4.8380521384799975,3.0847924182448168,3.7483992831572324,12.0741750826229,29.631865114017735,,,,,29.98893180601632,48.7821557133838,3.0434365297788135,4.92590895787265,7.080073602412854,4.8380521384799975,1.0,1.0,6216.486291594783,506496.9548278934,506496.9548278934,522,1.0,0.0,0.0,0.0,28.922184279854925,25.76912834634186,48.22095070113598,29.76831207423326,2.997055750687725,541.8418394131344,1454.770820322808,729.1860713815546,0.5012377628111561,918.3537535808701,0.04257785939415008,379.65653055329574,5,0,1,37,0.0,467,162.0,0.37965653055329573,320.59354944341084,215710.11671156704,752.7679230162225,500000.0,0.5324007393686774,0,3,8.381909969122162,13,E10,other_duty,high,marketplace
10.823846938510087,32.908144440491036,13.10357010605438,19.26406335869033,9.092586502897198,16.60431082748562,38.203709862257966,69.30332124062451,,,28.760103851120178,45.62586857369915,5.853221523385725,14.351082146852791,17.24373314845177,32.908144440491036,0.8620689655172413,0.9032258064516129,58929.484502104126,566652.9292862886,566652.9292862886,576,1.0,0.0,0.0,0.0,26.64050656597776,25.76912834634186,45.12311117824379,28.62495085591289,10.823846938510087,594.2933214772448,1779.5457144538354,881.6078994888724,0.49541177409957615,1123.2060562051322,0.0434575465636462,433.5998260427262,0,0,2,37,0.0,522,162.0,0.4335998260427262,286.6544783076147,169997.72513687017,955.5045498124322,500000.0,0.49686617498746566,0,6,16.67778137352432,14,E10,other_duty,high,marketplace
27.093193204295176,89.43255598783871,32.72725667658859,105.96484886560074,16.87558642863922,37.210093194020374,13.541283722291414,29.05078032931634,33.536638654202534,43.94304656388372,30.732000657634952,51.42539167840694,10.504559301080647,30.632979239333082,24.812636589216197,89.43255598783871,0.6285714285714286,0.8108108108108109,64862.71277757866,573615.9384122626,573615.9384122626,603,1.0,0.0,0.0,0.0,29.241544438449125,25.76912834634186,52.069927761809424,29.28367597211325,27.093193204295176,607.8310759432896,1988.7519943195548,980.1694661749051,0.4928565597794747,1248.010205727193,0.053484117315133424,578.5411041461593,7,0,2,34,318.0439066213209,545,162.0,0.5785411041461593,283.4275169447952,164802.51595494276,986.5052129944141,500000.0,0.49928011905975467,0,8,30.714572266402737,15,E10,other_duty,high,marketplace
16.38136635735908,57.934374243972705,25.32779231402517,67.9929104546527,41.44961024399739,61.696599428729314,,,,,29.00214175444431,48.30738889664063,7.006562302877114,12.809484135920503,30.701731624015906,57.934374243972705,0.7894736842105263,0.7142857142857143,8440.199489225186,509188.49886297405,509188.49886297405,531,1.0,0.0,0.0,0.0,28.45508871852496,25.76912834634186,49.25785249839083,28.84468377953309,16.38136635735908,532.9767352830421,1471.0327198418988,734.6660156797483,0.4994219406341332,976.6012164613285,0.04213554329660772,379.85525474570113,3,0,1,33,0.0,475,162.0,0.37985525474570114,318.8992988202649,215534.93255373792,753.3806855845077,500000.0,0.5459994314222002,0,0,0.0,16,E10,other_duty,high,marketplace
7.742788879158911,16.522561860757083,7.810359708203578,18.003819247933645,9.53940719123052,21.20000217438942,,,,,28.788858773098458,46.31902801806391,11.302424464081325,26.480544904324233,8.530796159464805,16.522561860757083,0.9333333333333333,1.0,10188.61735102234,511539.3687118152,511539.3687118152,538,1.0,0.0,0.0,0.0,27.392690414042907,25.76912834634186,45.31001729926943,28.377987066877495,7.742788879158911,541.2700633315977,1589.3720823146168,789.3899739106049,0.4966678241642506,951.6896103529727,0.039848453898499586,405.9058775601114,3,0,1,24,0.0,506,162.0,0.4059058775601114,317.48466650091666,212185.6728286003,765.3952489466554,500000.0,0.4691393452036987,0,1,3.662249598907491,17,E10,other_duty,high,marketplace
13.198593569707635,37.22036930918949,12.060940744709296,33.379303201269245,28.467831585526316,59.11945868372367,54.05668995248394,89.01561760994991,88.42967447642195,141.97710609879513,28.886323916635288,46.65240730092208,18.031062895227752,45.46620686706938,28.12796841757714,37.22036930918949,0.782608695652174,0.8888888888888888,68261.72443658626,577118.2182746406,576118.2182746406,575,0.9982672527597732,0.0,0.0,1000.0,28.047462459663606,25.7691283463418,48.09873356668407,31.546996718928774,13.198593569707635,656.9518735376231,1690.6396089662426,839.477516681669,0.49654433282500426,1106.6834505911272,0.04489883010672051,436.09589954771354,1,0,2,43,118.27550789243821,507,162.0,0.4360958995477135,281.94924365699023,168182.04259365622,965.8349571363499,500000.0,0.5277324715906734,0,2,4.493071829356391,18,E10,other_duty,high,marketplace
17.47204677298897,40.695841288601166,11.421155919419602,29.69400127023902,13.521619902481655,22.805268106086988,,,123.48208733137835,123.48208733137835,28.681401857414638,44.25331901799104,9.437711526501412,18.99656342870677,12.162496148735622,40.695841288601166,0.8,0.9420289855072463,37728.11627304937,538786.9281851918,537786.9281851918,583,0.9981439787276052,0.0,0.0,1000.0,26.745585045735723,25.7691283463418,44.16061807676229,29.946240236318964,17.47204677298897,593.6273183406378,1862.0620393223867,928.7335318330647,0.4987661593547309,1172.985866901129,0.04695769150092246,493.5016513959786,2,0,1,41,134.6107228737843,525,162.0,0.4935016513959786,302.15219659530266,190117.936979449,854.6984268452318,500000.0,0.5187364101799505,0,3,7.517739574218373,19,E10,other_duty,high,marketplace
7.50900052511074,17.81851679068292,6.156190957030913,8.404205068540227,13.165938794400768,23.92025942647026,6.99076641632746,6.99076641632746,149.28431829746933,263.6078289554638,30.236890229224386,49.75673237674106,13.32009496160059,46.45158322372245,9.418310470316896,17.81851679068292,0.9642857142857143,0.9743589743589743,42968.20466135957,546796.3875473237,546796.3875473237,559,1.0,0.0,0.0,0.0,28.56999801501347,25.76912834634186,49.070774693193286,34.88022327787515,7.50900052511074,701.4187196217189,1612.0107344278256,797.0084093473195,0.49441879779430453,1049.1201786356182,0.045675342300360265,438.1588881085017,3,0,1,33,21.752020407480195,502,162.0,0.4381588881085017,297.07247997144077,189585.97207823448,856.8047366979073,500000.0,0.5263888338384032,0,5,13.129989173125864,20,E10,other_duty,high,marketplace
11.169787903381797,46.71888228427602,6.05870891339273,10.603024445895334,18.654367396124144,24.544363157414047,31.62122039478072,31.62122039478072,,,29.848767800326435,48.30878349234654,6.502793703470313,13.265856918685499,12.402937469249082,46.71888228427602,0.8,0.9285714285714286,17327.275816339392,522341.9832740221,522341.9832740221,537,1.0,0.0,0.0,0.0,28.50191490002994,25.76912834634186,47.667091534053846,29.7512523600265,11.169787903381797,558.3155908509352,1595.5701041735417,801.4417939278075,0.502291808947455,990.9289042851045,0.045893177543746645,424.49455798051235,7,0,0,29,119.5597743726066,495,162.0,0.42449455798051233,310.95431682498355,205382.92324600715,790.8373879917411,500000.0,0.5188111890278538,0,9,28.713967128393044,21,E10,other_duty,high,marketplace
17.491147869231366,52.48493679182848,26.976055883532034,61.758888168212614,25.281850607736107,55.969969155385115,42.64800349714233,42.64800349714233,,,29.313330268796392,49.0471978854353,8.059710531988458,14.217435784438939,27.434948880101597,52.48493679182848,0.6666666666666666,0.75,19226.136203616657,520041.7500651535,518041.75006515346,531,0.9961541549313118,0.0,0.0,2000.0,28.643482165048013,25.76912834634186,49.96063040964964,29.592279611691634,17.491147869231366,564.9905448838826,1497.7315235971082,741.2605424684715,0.49492217449505427,942.5992398934999,0.040530054880448585,367.0849022733617,3,0,0,34,0.0,484,162.0,0.3670849022733617,313.42470926687406,208209.1197080405,779.8269601732684,500000.0,0.5183502567102916,0,2,6.297851428677579,22,E10,other_duty,high,marketplace
10.44821952339296,13.10150537649106,5.362290204287664,9.805698292593117,16.745391994133442,24.679835723204008,13.621009756318898,14.93995749628279,292.05108830930214,292.05108830930214,29.672125749705213,47.87296708174059,9.667770041722697,19.120233170810934,9.857064583684915,13.10150537649106,0.9487179487179487,0.9558823529411765,44840.47463850063,546785.5630729868,546785.5630729867,585,0.9999999999999998,0.0,0.0,0.0,27.309630287467797,25.76912834634186,47.15194614391005,34.839380451196696,10.44821952339296,705.3592350236672,1886.3722277263503,926.7795914756701,0.49130260605708775,1183.2194130421135,0.049641705691101067,477.4344630933843,5,0,2,37,223.82667083964543,534,162.0,0.4774344630933843,297.15019092668575,187271.371824158,867.6042305903255,500000.0,0.5271696324367455,0,2,3.9415285400308844,23,E10,other_duty,high,marketplace
38.804204050986755,79.0347272322615,35.906798068277794,63.924378211230945,38.97924382367465,67.28533415865459,103.10861877084608,105.41327203698457,80.84269701358062,80.84269701358062,29.727418601460187,46.54294419376984,6.7559217596921775,11.85954387555703,46.710508281858345,79.0347272322615,0.42105263157894735,0.5,34421.87232108315,535140.8176419535,535140.8176419535,544,1.0,0.0,0.0,0.0,30.22664116687045,25.76912834634186,51.19036504564355,32.497618710640786,38.804204050986755,636.5419116499852,1568.0506711674063,779.9047766351613,0.49737217742748446,978.221270578945,0.044937613955952714,439.46559429600546,5,0,3,34,0.0,486,162.0,0.43946559429600546,303.5452730181747,195731.0831774256,829.9114425635119,500000.0,0.5093935820615224,0,2,5.271203659540177,24,E10,other_duty,high,marketplace
1.7167200018366202,1.7167200018366202,,,,,,,,,28.77955189602943,48.42548829049064,,,,1.7167200018366202,1.0,1.0,209.99028817615883,500209.99028817617,499209.99028817617,500,0.9980008396085335,0.0,0.0,1000.0,28.725426232241045,25.76912834634186,48.39218538992146,28.768168045587966,1.7167200018366202,519.549188218326,1330.6449630633072,665.2922460125166,0.4999772775458696,866.1108782998524,0.040372880172101534,353.4580293038029,5,0,0,30,0.0,453,162.0,0.3534580293038029,325.2207711940679,223184.61959882322,727.4401718233805,500000.0,0.32774071648356373,0,1,4.051315513999384,25,E10,other_duty,high,marketplace
22.222079413109938,54.009373927467095,14.965165033703821,33.61771054458313,16.743452256800083,46.19435093519933,,,,,28.66186558547641,46.361170925487436,17.058024791736443,35.01089097615677,15.922704307678732,54.009373927467095,0.6363636363636364,0.8333333333333334,8275.236379187336,508449.34756596206,505449.34756596206,525,0.9940997072483985,0.0,0.0,3000.0,28.12308061846239,25.76912834634186,47.39627136438831,28.51861604833323,22.222079413109938,531.558291463562,1476.491418768941,737.1066633295362,0.49922854542840217,929.958006656218,0.042076979292358124,377.08660269316454,6,0,0,35,138.59228816601598,478,162.0,0.3770866026931646,321.252935402202,215793.78644303468,752.4641431024592,500000.0,0.4991382329963791,0,4,12.822291398213439,26,E10,other_duty,high,marketplace
3.8533335440540406,7.070439921202844,5.175619035853407,11.14231060539214,11.680966840225665,21.733831911321886,,,,,29.15435627472268,45.658492033122094,10.009354621932857,21.27449788171484,7.963625237727231,7.070439921202844,1.0,1.0,12370.949722949961,513597.1255335828,512597.1255335828,535,0.9980529486044901,0.0,0.0,1000.0,27.651469235527134,25.76912834634186,44.0953758609845,28.662610964093833,3.8533335440540406,547.2291342543103,1593.2484317259498,793.1028512038439,0.49778982072788464,1006.9023038007447,0.03874871613397708,352.83984782984106,1,0,1,26,33.50503363981419,497,162.0,0.35283984782984107,316.72600520112223,210208.54221966464,772.3417808500554,500000.0,0.5069463082607141,0,2,4.8821377444482845,27,E10,other_duty,high,marketplace
21.725191897900572,42.99371582840677,13.76041752878595,31.801150538252678,28.83294963129754,48.13358812935758,33.2001214513252,43.05226747291176,18.87901878769202,18.87901878769202,29.16010095040921,45.3176046810926,6.415463323982166,13.651048402037837,21.842580057545206,42.99371582840677,0.5833333333333334,0.8928571428571429,26590.43369586375,528937.8456762048,527937.8456762048,536,0.9981094186998066,0.0,0.0,1000.0,28.41656097636059,25.76912834634186,45.37633648506804,29.037614870334433,21.725191897900572,567.7851542734996,1555.7799874330585,767.1683274795986,0.4931084945663681,1003.3676854348776,0.04094205562469736,396.33094046643544,2,0,0,31,0.0,497,162.0,0.39633094046643547,307.60501879243463,197355.16725563846,822.8633341538554,500000.0,0.5232687689923626,0,2,4.8821377444482845,28,E10,other_duty,high,marketplace
8.454487791056362,20.61772923342255,8.013565024615643,18.643102490312685,21.45156097698336,48.84439363479076,21.458449992176856,23.51306792302405,21.996297780075036,34.53785955090939,28.332580027787575,42.70602053527218,7.365736764568205,15.555755634530408,15.572868311272076,20.61772923342255,0.9230769230769231,0.9594594594594594,77164.28456252046,584688.0408818187,584688.0408818187,599,1.0,0.0,0.0,0.0,25.645474920806407,25.76912834634186,40.65760006851045,27.232593386148356,8.454487791056362,568.3415715224697,1907.3017090188957,942.7164241433392,0.49426706833302564,1212.7016578991438,0.04809631656427523,482.1782775411766,2,0,2,51,328.59698601386214,532,162.0,0.4821782775411766,277.8955048105443,165145.42435073212,983.8733281066583,500000.0,0.5058283696115309,0,3,7.517739574218373,29,E10,other_duty,high,marketplace
2.972668353812113,5.14401281768894,5.0382346231701565,9.461347941055466,7.699590398131174,18.751768935574546,,,,,23.762089479271868,28.811769232599545,3.8511101990718286,8.033221778297047,5.878662762631531,5.14401281768894,1.0,1.0,13968.57625752051,515078.73700219905,515078.73700219905,554,1.0,0.0,0.0,0.0,21.85278986427295,25.704708293039857,28.748075677115594,23.230127571382056,2.972668353812113,442.8387579399726,1772.5267509097469,884.7653588497917,0.49915486939516546,1003.3286609411721,0.03859372569449285,362.85763153234046,3,0,0,15,0.0,536,162.0,0.36285763153234046,315.219491638303,209389.08009959213,775.4122495514446,500000.0,0.45126412327943166,0,5,17.163385718925284,0,E10,night_fraction,low,marketplace
3.080082064653853,4.62147986814889,3.4330829899409516,4.01664504808511,4.384329954068926,5.644061312779013,5.565633569867411,7.387352518747503,,,23.713501368248767,28.811769232597726,14.052348217722738,39.05955791807356,4.229789172828041,4.62147986814889,1.0,1.0,22776.714596747763,525519.2910413912,524519.2910413912,535,0.9980971202826477,0.0,0.0,1000.0,22.498732522746906,25.704708293040312,28.506684191266153,22.960919474694226,3.080082064653853,443.0602881501531,1691.1051425410124,852.0641474687412,0.5038504857175533,987.7463308213507,0.03818764028085473,356.6842970160077,2,0,2,13,0.0,520,162.0,0.35668429701600773,309.5342479676387,199987.5007764395,811.8341579682526,500000.0,0.46895369321418096,0,10,26.51678011587135,1,E10,night_fraction,low,marketplace
7.083784125254211,18.7847676247965,4.352672986672587,7.067526679890397,5.963159025254451,13.398298552800043,4.68371236716564,5.106472912999175,,,23.411399465651243,28.303692019512756,4.2518609123764115,6.4846823682337345,4.997985173702418,18.7847676247965,1.0,1.0,29310.196036041838,532277.3226155266,516873.34282247716,548,0.9710602365748803,14403.979793049497,0.02706104352195697,1000.0,21.83370404549442,25.70470829303963,28.207061939558116,22.789983660574546,7.083784125254211,434.76178818894704,1723.1826214816351,857.2999231260624,0.49750961531223814,984.6810674859724,0.038530518089633335,373.9697526811198,2,0,0,16,0.0,529,162.0,0.3739697526811198,314.1465351376213,206658.10153687216,785.7130620340581,500000.0,0.44738293860380257,0,6,15.121517713156749,2,E10,night_fraction,low,marketplace
3.3196190200523894,5.915107960402384,7.846888852020461,9.769849239208453,4.628086661576935,8.504661925048547,33.46614659203442,33.46614659203442,49.38109451123455,49.38109451123455,23.944212146515262,28.78684241927931,3.5808604176365213,4.676887630746478,7.573190345169574,5.915107960402384,1.0,1.0,28096.063942230638,531327.860284328,530327.860284328,561,0.998117922897051,0.0,0.0,1000.0,21.93544172409008,25.704708293039857,28.30369201951271,23.564251981979133,3.3196190200523894,461.4776922991945,1867.7141145342425,927.9260347179173,0.49682444839761625,1079.9329004413053,0.04111346045547773,383.6757199333084,4,0,2,14,0.0,542,162.0,0.3836757199333084,306.1948803385014,195382.69102840128,831.1057385135965,500000.0,0.45171278223211625,0,6,20.69833388535393,3,E10,night_fraction,low,marketplace
3.257558964400788,6.370445328553251,4.735814988002289,7.8188074815539945,2.5500981997106464,2.9339288334962474,,,20.591325037134766,33.50912969419564,24.28152854645079,30.18981710918678,3.1703776078424935,4.8863442091475005,3.578670805965537,6.370445328553251,1.0,1.0,32491.15341102122,538255.453584505,538255.453584505,550,1.0,0.0,0.0,0.0,22.44115508593136,25.704708293039857,29.844272430822368,23.603044356725203,3.257558964400788,461.273217365273,1753.9726798708953,882.1097150290085,0.5029210119133315,1001.2272405823476,0.041079179822167675,389.2111356409577,4,0,1,18,0.0,528,162.0,0.38921113564095766,301.6954311455874,195357.35708903638,831.2418511150834,500000.0,0.4730064186782867,0,13,37.543263057652396,4,E10,night_fraction,low,marketplace
6.862241150419542,11.056155944462267,9.756755949262551,12.140304898065143,18.166150971114995,70.23077627089515,62.7931312966457,94.25275262800005,,,24.934146708398682,28.97281936585432,3.6206138696299135,5.104387630960332,23.167162692689995,11.056155944462267,0.9259259259259259,0.8771929824561403,43452.69323580841,547328.4080016714,546328.4080016714,572,0.998172943363837,0.0,0.0,1000.0,23.392245491690645,25.704708293039857,29.064414756213065,26.30209376147354,6.862241150419542,527.6440046335442,1865.4249927006595,929.6379555981196,0.4983518282620632,1090.7502749893017,0.0423062940827259,426.8849295108638,3,0,0,20,0.0,542,162.0,0.42688492951086376,297.30631347475884,183286.32059508256,886.1920758851692,500000.0,0.48862501747472864,0,11,27.01436176718701,5,E10,night_fraction,low,marketplace
6.017439397494412,16.168582768866653,15.311435887290441,41.92576804684197,4.114813563708789,7.107798410137185,8.996946876740196,13.10204705109452,,,24.059404205219536,28.972819365853912,8.963825837658034,15.882284909572977,10.993339541154086,16.168582768866653,0.9285714285714286,0.9807692307692307,31608.77227884693,533346.8920584851,533346.8920584851,565,1.0,0.0,0.0,0.0,22.262938567463475,25.704708293039857,28.972819365853866,23.027072542873977,6.017439397494412,441.06268797859275,1797.6829172179064,903.3384558429889,0.5025015519650124,1069.7338132716193,0.04349321245780794,422.4715718413295,6,0,0,24,0.0,531,162.0,0.42247157184132944,304.53439213822327,194243.97987692966,836.177634306865,500000.0,0.4903220417823082,0,7,19.864926492619915,6,E10,night_fraction,low,marketplace
3.4227542178919026,5.535928865707,3.8225444892046925,4.735243051132102,6.521139877310737,10.119991014544695,6.191021358897288,6.846215195198672,11.965982658850123,11.965982658850123,23.820240656041396,28.972819365853866,3.3192382298510323,4.350987064684437,5.031890832218842,5.535928865707,1.0,1.0,40773.60461111535,544565.4292464787,543565.4292464787,581,0.9981636733690867,0.0,0.0,1000.0,21.019032909906674,25.704708293036674,28.207061939559374,22.466940084474277,3.4227542178919026,445.7879387114355,1927.0568897719395,959.1664399996926,0.4977364420794067,1092.327468483563,0.04109073305853056,391.8689027959515,2,0,1,16,0.0,562,162.0,0.39186890279595155,298.7531218236465,186909.38161135584,868.8267410806611,500000.0,0.4541142906056946,0,11,31.433981580837674,7,E10,night_fraction,low,marketplace
10.058541678365684,40.71694706329687,13.27200259706089,27.603806339421578,9.226779981952188,23.416616142648415,5.159550367641145,5.271609509385485,,,24.077761121582657,29.80375561127367,6.248246045233647,5.1003007447654,10.280141794658602,40.71694706329687,0.88,0.8958333333333334,38363.5914215517,540361.5398106,526845.8481339898,560,0.9749876875372228,13515.69167661024,0.02501231246277737,0.0,22.5031541367329,25.704708293039857,29.80375561127367,23.394540639456746,10.058541678365684,450.9049444104395,1782.219429508943,888.9453006323677,0.49878555127036167,1028.3665930848524,0.04180380578059677,395.4623442826461,4,0,2,18,0.0,537,162.0,0.3954623442826461,308.2409454671862,199048.4214463729,815.8590817462714,500000.0,0.4782978270185083,0,14,39.464844223863366,8,E10,night_fraction,low,marketplace
8.565757360250963,24.126968286287237,5.98667733904288,14.399871176785926,11.162895852245324,39.550092391076404,5.37202906352104,5.37202906352104,7.013721707962304,8.32707582351677,25.223847990966863,31.628003398167213,8.181082667579242,27.688697438364215,8.139172338162,24.126968286287237,0.8947368421052632,0.9629629629629629,47374.080402398526,549736.351411949,548736.351411949,603,0.9981809461982428,0.0,0.0,1000.0,22.301846628786162,25.704708293039573,31.49209856891594,23.848234115338833,8.565757360250963,470.9100767785488,2031.2270439274987,1004.1327978663955,0.4943478873365357,1204.3405380956656,0.04977507576516955,497.92348476785105,8,0,0,23,178.53283875621773,572,162.0,0.4979234847678511,296.13114397587435,183469.84247385716,885.6928271899639,500000.0,0.4892321936221342,0,10,24.908375828647095,9,E10,night_fraction,low,marketplace
3.1443355310765355,6.696480624039786,9.340164896773672,14.70508980238485,7.697989350892271,16.558308819704322,,,,,22.975299187957695,28.665608163776636,3.3321552181329026,6.173492218649471,8.519077123832972,6.696480624039786,1.0,1.0,13819.243346008723,516514.44304295897,516514.44304295897,540,1.0,0.0,0.0,0.0,21.669068662178844,25.704708293039616,28.303692019512937,22.4554746176949,3.1443355310765355,427.7781299872228,1675.6465135103645,839.3488466783458,0.5009104485408248,953.6587681217629,0.036959937339834735,363.5700732829352,1,0,0,16,0.0,521,162.0,0.36357007328293517,314.34468534266915,206743.8544790117,785.3368627688319,500000.0,0.45903191462784426,0,10,31.483627498607714,10,E10,night_fraction,low,marketplace
3.743871169190573,7.544854471354483,6.821354602211386,12.132405512322022,2.3995331654874237,2.673677495844731,,,5.372029063520131,5.372029063520131,23.297175572393854,29.34002371634598,9.459433003079473,21.026295435611623,3.6629107188371273,7.544854471354483,1.0,1.0,26006.043708159235,531772.2574830158,531772.2574830158,543,1.0,0.0,0.0,0.0,21.823347865375187,25.704708293039857,28.972819365854228,22.49215651462878,3.743871169190573,436.56536777944035,1663.6108926257605,832.0043454685452,0.5001195587000221,983.085464078091,0.03724275990911087,341.8168811088849,1,0,0,25,0.0,518,162.0,0.34181688110888486,305.2844795806105,194462.9414639111,834.8213580387329,500000.0,0.47105158324014546,0,8,25.969537544894102,11,E10,night_fraction,low,marketplace
3.6978728554633693,6.085217919780372,5.33199437061315,9.850425121435592,22.84797085817354,22.84797085817354,,,,,24.359324038596228,28.972819365853866,5.641123451169278,9.594667814989409,7.83427672597892,6.085217919780372,1.0,1.0,3605.0987133016765,503977.3460501888,503977.3460501888,521,1.0,0.0,0.0,0.0,23.608205240933582,25.704708293040312,28.945782644125302,24.273255033393625,3.6978728554633693,452.1073922045924,1552.0320828273764,772.1816802199143,0.4975294575181792,902.9516225210712,0.038735389770857,364.689273065054,4,1,0,11,0.0,508,162.0,0.36468927306505405,322.1666421031867,219323.06206210068,740.29920860348,500000.0,0.4175713575321396,0,6,16.792238772033354,12,E10,night_fraction,low,marketplace
2.8637364107309047,5.285668359866468,4.414290973514563,7.353748542629181,14.1392168153983,34.094116605673534,,,,,23.23195821273847,28.30369201951271,2.788388094073298,3.874433265204789,8.736480236574002,5.285668359866468,1.0,1.0,6216.486291594783,506496.9548278934,506496.9548278934,522,1.0,0.0,0.0,0.0,22.474059885545234,25.704708293039857,28.30369201951271,23.120080820896245,2.8637364107309047,436.1266791358976,1548.0340335748274,770.3568408221657,0.4976355972246969,866.51037119341,0.034292198177072304,326.84192492242914,2,0,0,12,0.0,510,162.0,0.32684192492242914,320.48927516273176,215639.95616936538,752.7679230162225,500000.0,0.4380491618525597,0,6,18.731076911799125,13,E10,night_fraction,low,marketplace
12.402784396443675,57.2656726247465,7.535488789675791,13.006604291931264,8.170512030789759,20.318761837474767,16.825217801567476,49.34532864705006,,,23.93345595423471,28.81176923259785,4.564558890612749,4.82357776137942,10.09543436400782,57.2656726247465,0.8275862068965517,0.9032258064516129,58929.484502104126,566652.9292862886,566652.9292862886,576,1.0,0.0,0.0,0.0,22.08934354704003,25.70470829303963,28.81176923259835,22.78869399456415,12.402784396443675,473.2063247803798,1858.2478618607438,925.2048417297453,0.4978909760742562,1091.3060293486826,0.03865298020501147,368.6858876645083,0,0,0,18,0.0,555,162.0,0.3686858876645083,286.5399215215764,169929.7883192056,955.5045498124324,500000.0,0.45842157400640726,0,8,23.654477524006253,14,E10,night_fraction,low,marketplace
5.579300684191906,13.100371263126,6.3231343065497185,9.665371412083914,2.851802038467006,3.371992407072412,6.087254561683819,6.903809601991452,6.517839647709252,8.051208116896623,24.103607580349056,28.78933510061115,7.221728065452192,8.4969244435929,5.301703199806869,13.100371263126,0.9714285714285714,1.0,64862.71277757866,573615.9384122626,573615.9384122626,603,1.0,0.0,0.0,0.0,20.99812284573191,25.704708293039516,28.30369201951269,21.71828524660347,5.579300684191906,441.8885736121713,2135.819843086466,1061.3984068657005,0.49695128093382507,1229.1406623151577,0.050198654455876505,597.0152759966456,6,1,0,20,0.0,580,162.0,0.5970152759966457,283.45972346245514,164821.2428421474,986.5052129944141,500000.0,0.4112792212444427,0,10,29.1329342547412,15,E10,night_fraction,low,marketplace
2.647685125027438,4.370324125838305,5.1028798214960505,8.649625268762065,15.864221558901894,33.10892439516865,,,,,23.868814542995622,29.484872041120713,2.959320575187197,3.9671929699394695,8.689993733964664,4.370324125838305,1.0,1.0,8440.199489225186,509188.49886297405,509188.49886297405,531,1.0,0.0,0.0,0.0,22.734088877974724,25.704708293039857,28.97281936585432,23.610402109414355,2.647685125027438,440.33870189393036,1569.0637822964704,782.9552020581194,0.498995140218068,906.7253248574472,0.03747418792439826,350.4601893864682,3,0,0,19,0.0,509,162.0,0.3504601893864682,318.8415695796696,215495.91500799818,753.3806855845077,500000.0,0.4859310785203837,0,7,20.547018371354543,16,E10,night_fraction,low,marketplace
4.522908086307003,9.136371234546457,10.863499285869304,24.396268237011828,6.309778232182009,12.520810186587735,,,,,24.579248649686736,28.972819365853912,5.33538081352738,8.796261701375442,8.966115513499597,9.136371234546457,1.0,1.0,10188.61735102234,511539.3687118152,511539.3687118152,538,1.0,0.0,0.0,0.0,23.27834669377095,25.704708293039857,28.95285047788095,24.156322523035808,4.522908086307003,457.01379062308047,1607.042261788993,793.7297552132693,0.4939072071008716,944.829310135133,0.038962412887739495,390.27350765944004,5,0,0,15,0.0,517,162.0,0.39027350765944,317.45410703500494,212165.24891047148,765.3952489466554,500000.0,0.45949094155677006,0,4,10.79092325803397,17,E10,night_fraction,low,marketplace
4.4229565649224165,8.616021868250757,4.380618613884872,5.937299336977864,3.930366384305489,6.462837424303689,20.65136657488074,51.04685719525696,30.31107130899045,48.69526761612624,23.666442716632858,28.811769232597975,5.051128797379306,8.14016844188709,7.311931656539209,8.616021868250757,1.0,0.9814814814814815,68261.72443658626,577118.2182746406,576118.2182746406,575,0.9982672527597732,0.0,0.0,1000.0,21.390604376541383,25.704708293036674,28.303692019512937,22.544990385531378,4.4229565649224165,471.76689118066764,1900.8948116533688,944.9453480332656,0.49710554326326284,1149.5083382975142,0.04154469308586412,392.210014978334,2,0,4,17,0.0,555,162.0,0.392210014978334,281.8730685193582,168136.60430811363,965.8349571363498,500000.0,0.4623946643827015,0,6,13.960811403574764,18,E10,night_fraction,low,marketplace
3.5913446121285233,5.851254275802785,5.452040755225325,7.044824986157164,3.141551765211512,4.567908625575007,,,13.672528818151477,13.672528818151477,23.558517506588778,28.811769232598,3.3899854785371497,6.684133799562917,4.636574052867509,5.851254275802785,1.0,1.0,37728.11627304937,538786.9281851918,537786.9281851918,583,0.9981439787276052,0.0,0.0,1000.0,20.7550139631689,25.7047082930396,28.30369201951271,22.35088958559311,3.5913446121285233,439.37315083953695,2035.0320428546283,1017.1324554415002,0.49981151845389327,1156.420783543554,0.044142011373328044,426.9492168297329,5,0,1,12,0.0,570,162.0,0.42694921682973286,302.0284441738914,190040.07040981943,854.6984268452318,500000.0,0.44188988929359824,0,9,27.06821118396013,19,E10,night_fraction,low,marketplace
4.081220364864261,6.450283161794881,5.24073968161365,8.652547095896853,7.086954377503412,13.647791769245124,7.118438474041341,7.118438474041341,7.754231648850748,10.101522348509036,24.16193945074977,28.811769232597726,7.234222942742601,16.499270475227227,6.250628069966059,6.450283161794881,1.0,1.0,42968.20466135957,546796.3875473237,546796.3875473237,559,1.0,0.0,0.0,0.0,22.19986633386007,25.704708293039857,28.454723379879713,22.763366845083315,4.081220364864261,451.4174561364845,1721.3818849982472,850.5618601282483,0.4941157261737505,995.55285063841,0.04011052455957175,405.9156138832021,2,0,1,16,0.0,536,162.0,0.40591561388320213,297.01351236492474,189548.34008013236,856.8047366979073,500000.0,0.45684010580892814,0,3,7.1286736591264805,20,E10,night_fraction,low,marketplace
2.696110400187945,4.555549069400878,4.834297056210289,8.64283843164776,3.518169269097598,4.7192150061864595,34.98303365036054,34.98303365036054,,,23.396131012090933,28.972819365853866,3.6726619974656387,6.067252807532533,8.273857183700898,4.555549069400878,1.0,1.0,17327.275816339392,522341.9832740221,522341.98327402206,537,0.9999999999999999,0.0,0.0,0.0,22.06933431935945,25.70470829303963,28.811769232597726,22.78291989290673,2.696110400187945,432.6937970966657,1648.9097742050988,823.6645178078624,0.49952067159340596,945.0268869140529,0.03857223674824129,372.48128964385427,3,0,0,18,0.0,517,162.0,0.37248128964385424,310.85473978541523,205317.15338089142,790.8373879917411,500000.0,0.46860023182820365,0,10,26.463984260516224,21,E10,night_fraction,low,marketplace
4.762752944550054,9.639132571614482,10.991983227590708,21.67945272517227,3.5676916930488765,6.586590187091588,4.675293146604872,4.675293146604872,,,23.66873439948809,28.811769232599136,6.520129665833995,11.79686775351384,6.753446620237639,9.639132571614482,1.0,1.0,19226.136203616657,520041.7500651535,519041.75006515346,532,0.9980770774656559,0.0,0.0,1000.0,22.570627870516006,25.70470829303963,28.811769232598852,22.94085515978218,4.762752944550054,436.4303405602317,1590.60733415121,791.3307281044199,0.4975022503128938,917.4730367284053,0.03718254117543926,341.70277580009065,4,0,0,14,66.95580926203557,512,162.0,0.3417027758000906,312.7719547713106,207538.43172805704,782.2247736193776,500000.0,0.4397057253589229,0,3,9.322519173539561,22,E10,night_fraction,low,marketplace
2.8267308195959937,5.240616098767077,5.557950818683288,8.725907737595545,4.853217000374033,6.491244691342993,8.999916789952294,11.587097059177358,7.158755276702067,7.158755276702067,24.328710772149776,29.15972344059967,3.379150054774925,4.804122361553709,5.552316120733131,5.240616098767077,1.0,1.0,44840.47463850063,546785.5630729868,546785.5630729868,585,1.0,0.0,0.0,0.0,21.36212001998888,25.70470829303963,28.81176923259909,22.725999649008184,2.8267308195959937,449.566030615262,2002.5989065397869,983.2853626833173,0.4910046437518025,1162.1401758851084,0.04561238102728134,463.823941725658,4,0,2,19,0.0,566,162.0,0.463823941725658,297.1252990453214,187255.68434720958,867.6042305903255,500000.0,0.47135159884856526,0,8,22.01542245584895,23,E10,night_fraction,low,marketplace
12.627752921909542,36.06958237197432,25.518408220514857,49.80648830123728,13.796522187304062,25.295897844212597,10.101287922365373,14.442083742974138,93.61669289231577,93.61669289231577,23.648034470664513,28.303692019512937,2.0291090248669104,3.449195245952797,16.429660560835114,36.06958237197432,0.7368421052631579,0.9705882352941176,34421.87232108315,535140.8176419535,535140.8176419535,544,1.0,0.0,0.0,0.0,22.83505169738452,25.704708293040312,28.574294818643132,24.651617937593553,12.627752921909542,482.45787180810106,1662.2283024499484,830.518465834164,0.49964163443136406,990.4032384677844,0.040702034519930284,367.5950662325497,4,0,1,17,0.0,520,162.0,0.3675950662325497,303.4109709322674,195644.48293988526,829.9114425635119,500000.0,0.4808864986014876,0,9,26.978928340476703,24,E10,night_fraction,low,marketplace
1.7167200018366202,1.7167200018366202,,,,,,,,,23.63675674143817,28.81176923259909,,,,1.7167200018366202,1.0,1.0,209.99028817615883,500209.99028817617,500209.99028817617,501,1.0,0.0,0.0,0.0,23.593004173095654,25.704708293039857,28.81176923259909,23.62755461648835,1.7167200018366202,427.96474425289284,1402.3841809770688,703.797456799168,0.5018578121073916,824.8400926717025,0.036535378578289694,319.64879034143723,5,0,0,18,0.0,476,162.0,0.31964879034143723,324.5030126184153,222405.0434020717,729.8379852694898,500000.0,0.2591317717640884,0,2,6.686917343769473,25,E10,night_fraction,low,marketplace
9.61224276662448,16.033513024206513,8.20398675348171,18.400114785176584,11.976460219425267,20.18668815155725,,,,,23.552108912977875,28.97281936585432,4.435319555525666,9.469285134881012,10.23531861975901,16.033513024206513,1.0,1.0,8275.236379187336,508449.34756596206,507449.34756596206,527,0.9980332357494661,0.0,0.0,1000.0,22.787547321229216,25.704708293039857,28.972819365853958,23.33981066078767,9.61224276662448,434.6971350531844,1558.0543444109992,777.532416483518,0.4990406267102662,922.4975639183907,0.0389753591910693,364.6551331308402,4,0,0,18,0.0,505,162.0,0.3646551331308402,319.962289658921,214854.92435479345,755.6943626994346,500000.0,0.48995160446029545,0,5,14.679761397799743,26,E10,night_fraction,low,marketplace
4.9889260739227925,13.662391245941276,3.264502481267563,4.084253309174391,3.4221542281463826,5.227203935847001,,,,,24.704984878122648,29.140257278966963,6.427905450131959,11.470550903417912,3.3320675156442,13.662391245941276,1.0,1.0,12370.949722949961,513597.1255335828,512597.1255335828,535,0.9980529486044901,0.0,0.0,1000.0,23.356457211286347,25.704708293039857,28.97281936585432,24.183517307619525,4.9889260739227925,454.95424618636724,1648.1797143881433,821.07763454845,0.4981723942969775,953.3889361653726,0.04024467663092956,372.0352418093347,4,1,0,15,33.50503363981419,515,162.0,0.3720352418093347,316.76345253163447,210233.39571646546,772.3417808500554,500000.0,0.4101253909908757,0,10,30.2521120242923,27,E10,night_fraction,low,marketplace
13.82291952204477,49.70598464701744,11.409003864221294,21.022091425639875,13.4108934749268,32.31625554896931,7.761678526098066,9.673398096160074,7.423983281196769,7.423983281196769,23.67702113306582,28.78684241927931,3.5906084698847565,4.6667625005401305,11.703796800970455,49.70598464701744,0.75,0.8571428571428571,26590.43369586375,528937.8456762048,527937.8456762048,536,0.9981094186998066,0.0,0.0,1000.0,22.76887720059736,25.704708293039857,28.799305825938518,22.96076188201243,13.82291952204477,441.5380302718731,1633.610591682056,806.9676701907825,0.4939779861245169,985.7966069591407,0.039544771422836425,368.063523221448,4,0,1,16,0.0,514,162.0,0.36806352322144803,307.55147571444456,197320.81475009874,822.8633341538552,500000.0,0.47558332166857653,0,3,7.355262199984759,28,E10,night_fraction,low,marketplace
3.7807587103600326,6.544292385307472,8.210929680726606,24.021962742495816,5.87524588377286,13.145995755170645,18.115967123842058,33.489558352454324,9.202010169381083,13.006149943614037,23.77016343424656,28.811769232597726,6.061012908437595,22.226355878808228,7.662152622444449,6.544292385307472,1.0,1.0,77164.28456252046,584688.0408818187,584688.0408818189,599,1.0000000000000002,0.0,0.0,0.0,20.888335699438638,25.70470829303963,28.342901902824917,21.661997121974554,3.7807587103600326,458.9194960381703,2070.828047256076,1025.921192436558,0.49541592494651676,1187.0477487172848,0.04361183204108092,441.518729099689,4,0,4,19,129.34383220056782,573,162.0,0.441518729099689,277.82596422548255,165104.09835145972,983.8733281066582,500000.0,0.435608605349993,0,9,26.022227945159216,29,E10,night_fraction,low,marketplace
13.651981961157885,31.16488082794349,14.030062964028511,12.38184038943855,6.675958953060558,15.6808746003627,,,,,27.458726839482985,42.72988922751638,9.070493416921733,17.146041792617325,11.707714328986,31.16488082794349,0.875,0.9302325581395349,13968.57625752051,515078.73700219905,515078.73700219905,554,1.0,0.0,0.0,0.0,25.955294199722303,25.704708293040312,42.042084894914005,26.976529679258476,13.651981961157885,494.6065730947478,1654.215678232265,819.481532602303,0.4953897749766348,1056.6741097005884,0.04847122556444731,449.25604705942555,6,0,0,41,102.4925070669722,499,162.0,0.44925604705942557,315.38722990688296,209500.50265653146,775.4122495514446,500000.0,0.5388082989386834,0,6,19.798987548695372,0,E10,night_fraction,high,marketplace
4.1337445481376145,4.665847352458877,7.02958926407419,13.993085684883681,4.384329954068926,5.644061312779013,5.565633569867411,7.387352518747503,,,25.921130764358306,33.2244519228715,14.479790884393067,39.05955791807356,5.771149004599429,4.665847352458877,1.0,1.0,22776.714596747763,525519.2910413912,524519.2910413912,535,0.9980971202826477,0.0,0.0,1000.0,24.633280452134585,25.704708293040312,33.05498278235427,25.071360836465832,4.1337445481376145,468.7622219463729,1607.3863553588137,807.6439988533789,0.5024579163315656,1067.4539466046815,0.044649704625049316,408.59727402614976,2,0,2,33,0.0,490,162.0,0.40859727402614976,309.6332204513905,200051.44607425752,811.8341579682526,500000.0,0.5351850031983182,0,9,24.43272157542677,1,E10,night_fraction,high,marketplace
10.573223340513984,23.79686198454065,4.352672986672587,7.067526679890397,7.511008192356106,18.041846054105008,4.68371236716564,5.106472912999175,,,26.584276524200263,34.31509519216597,10.66692485963565,27.188688057163745,5.578428611365538,23.79686198454065,0.8636363636363636,1.0,29310.196036041838,532277.3226155266,516873.34282247716,548,0.9710602365748803,14403.979793049497,0.02706104352195697,1000.0,25.008678704936276,25.704708293040312,33.256633531255375,25.960061915134773,10.573223340513984,475.878213722544,1629.636737948226,811.5971758938848,0.4980233674135968,1055.96683719638,0.045109874907919636,417.0510564044928,2,0,0,36,0.0,494,162.0,0.41705105640449275,314.22988496465655,206712.9323724597,785.7130620340581,500000.0,0.5377557146451047,0,5,12.48591588338666,2,E10,night_fraction,high,marketplace
3.4938471270047113,5.915107960402384,5.1259681934146695,7.757862353109932,14.747387970020464,21.542925049103964,34.10937453661609,34.10937453661609,50.02432245581622,50.02432245581622,26.83210425205205,35.31282893381331,5.471115341881224,10.213328497741264,10.342535031300477,5.915107960402384,1.0,0.9787234042553191,28096.063942230638,531327.860284328,530327.860284328,561,0.998117922897051,0.0,0.0,1000.0,24.678109240086357,25.704708293040312,34.10937453661609,26.542444732256378,3.4938471270047113,503.6553818286624,1780.2457857906238,885.0471841940687,0.49714887194692103,1150.1998255987437,0.04791368447627482,446.2914613054003,4,0,2,41,0.0,511,162.0,0.4462914613054003,306.31295020822034,195458.03131119622,831.1057385135965,500000.0,0.5212213731417358,0,6,20.69833388535393,3,E10,night_fraction,high,marketplace
5.5536504594583675,8.943018746572672,7.314662882068546,12.877976879184551,5.448366946797301,13.413277226803077,,,79.98022908067105,139.15964536340545,27.697775917337857,42.68972837383619,4.452593819979397,5.208471792655292,6.326623857513181,8.943018746572672,0.9444444444444444,1.0,32491.15341102122,538255.453584505,538255.4535845051,550,1.0000000000000002,0.0,0.0,0.0,25.95318263697814,25.704708293040312,39.59494143916193,29.79964704335454,5.5536504594583675,551.3126386390863,1638.6829515801533,818.9892150884804,0.49978503425494447,1098.846590642789,0.05061584037720859,471.76943179120593,4,0,1,39,4046.004294015581,487,162.0,0.47176943179120595,301.84881239904325,195456.67631368744,831.2418511150834,500000.0,0.5337667594644416,0,8,24.116737969848334,4,E10,night_fraction,high,marketplace
15.355071435699646,66.93153859387968,25.660854350841817,92.53145875584113,29.169470345333707,76.19310620056977,63.27263731718904,94.7322586485434,,,27.56909721044937,40.22750908334346,3.6363697895180565,5.49463579913413,34.35274960894189,66.93153859387968,0.8518518518518519,0.7719298245614035,43452.69323580841,547328.4080016714,546328.4080016714,572,0.998172943363837,0.0,0.0,1000.0,26.67890007286481,25.704708293040312,45.156996917432515,28.983269457513792,15.355071435699646,568.8453212864251,1750.6416240884432,869.5290260950218,0.4966916210208268,1171.153962455695,0.04976104739312508,484.00201664893797,4,0,0,39,0.0,511,162.0,0.48400201664893794,297.4108606414474,183350.7728607847,886.1920758851692,500000.0,0.5582109649603385,0,8,20.826297312477934,5,E10,night_fraction,high,marketplace
6.017439397494412,16.168582768866653,15.311435887290441,41.92576804684197,4.114813563708789,7.107798410137185,8.996946876740196,13.10204705109452,,,26.98403251211935,39.79929848603252,6.568431196706474,11.505024412132844,10.993339541154086,16.168582768866653,0.9285714285714286,0.9807692307692307,31608.77227884693,533346.8920584851,533346.8920584851,565,1.0,0.0,0.0,0.0,24.795989935813097,25.704708293040312,38.18059236182601,25.767387886133406,6.017439397494412,479.7043026962611,1698.7138969809498,853.8539457245105,0.5026472952520303,1105.1673064976933,0.04851498854749726,466.4623303870079,5,0,0,44,0.0,496,162.0,0.4664623303870079,304.6168727136249,194296.58922300732,836.177634306865,500000.0,0.5456369921584138,0,7,19.864926492619915,6,E10,night_fraction,high,marketplace
8.320662467753833,23.71786156719936,16.072764770784257,36.17201125666271,2.824088437071746,3.4652984221145067,6.191021358897288,6.846215195198672,11.965982658850123,11.965982658850123,27.09312085771672,39.19866203908677,6.040707445187425,8.586523294214999,10.281032527984818,23.71786156719936,0.918918918918919,0.9672131147540983,40773.60461111535,544565.4292464787,543565.4292464787,581,0.9981636733690867,0.0,0.0,1000.0,24.452421224684628,25.704708293040312,35.75664849394229,25.506811133783827,8.320662467753833,492.7301319412346,1830.4656329780432,907.608819678142,0.495834941299348,1199.1302836293696,0.04849586554756498,453.4487675090646,2,0,1,35,99.38937189467718,531,162.0,0.45344876750906465,298.8664106043522,186980.2586479403,868.8267410806611,500000.0,0.5249361812237311,0,8,23.52717609152741,7,E10,night_fraction,high,marketplace
11.551315683751866,44.60132968284029,12.935826769759927,27.69970754353029,8.787713975093514,16.644721219748963,24.657597999748873,28.315831043842287,,,27.850759989390266,39.707889519819474,7.446515608735363,13.943489860105322,11.610525731904035,44.60132968284029,0.84,0.8958333333333334,38363.5914215517,540361.5398106,526845.8481339898,560,0.9749876875372228,13515.69167661024,0.02501231246277737,0.0,26.018862796299196,25.76912834634163,38.39001766737204,27.152203705438982,11.551315683751866,490.1127264684542,1689.6215608928696,843.4123260963024,0.4991723268792845,1093.0802668003612,0.057508315385921126,523.9617424248854,8,1,1,34,119.37052183867777,504,162.0,0.5239617424248854,308.48484868593107,199205.92339863064,815.8590817462714,500000.0,0.4972386085551424,0,14,40.88055790809266,8,E10,night_fraction,high,marketplace
12.198981078096358,42.17859442830388,15.34556799418713,43.980123107276185,19.419526683114164,50.08348273058882,5.8515350840643805,5.8515350840643805,7.253474718233974,8.758631242005777,28.864651112872103,46.09741397033995,21.496293825127903,59.39253530377209,16.83015458699094,42.17859442830388,0.8157894736842105,0.9135802469135802,47374.080402398526,549736.351411949,548736.351411949,603,0.9981809461982428,0.0,0.0,1000.0,26.627940221054075,25.704708293040312,46.64324240268525,27.650803013143587,12.198981078096358,532.9650019111491,1893.3863025976268,935.7264037707786,0.49420786581534415,1274.3663789151556,0.05595985120053139,517.6591904040105,8,0,0,42,178.53283875621773,525,162.0,0.5176591904040104,296.16710970984724,183492.1252620093,885.6928271899639,500000.0,0.5524202734445612,0,12,35.27479974487886,9,E10,night_fraction,high,marketplace
19.16737137867572,62.32140061689792,40.252487339868054,93.43702282745517,19.11763161310992,46.46821349054056,,,,,25.55801483669568,34.67445776500645,4.561446873016143,7.4140731060580425,29.685059476488988,62.32140061689792,0.7857142857142857,0.7666666666666667,13819.243346008723,516514.44304295897,516514.44304295897,540,1.0,0.0,0.0,0.0,25.125788959265346,25.704708293040312,35.063025425205204,25.33545108914535,19.16737137867572,468.1136470760437,1552.081190209568,781.5338090503899,0.5035392568251306,1025.0174263030353,0.04478818983545139,409.34795199104894,2,0,0,43,0.0,486,162.0,0.40934795199104895,314.4333138008366,206802.14523407276,785.3368627688319,500000.0,0.5429715335965041,0,9,30.81528264239243,10,E10,night_fraction,high,marketplace
29.023941780383726,84.7395425100267,35.69011255717032,74.4336662943164,13.849754617748522,25.877373527704304,,,6.75338177253343,6.75338177253343,27.205818974690427,37.749772596344904,21.56640231271925,55.41421550299915,20.089856886154752,84.7395425100267,0.7142857142857143,0.7714285714285715,26006.043708159235,531772.2574830158,531772.2574830158,543,1.0,0.0,0.0,0.0,26.98229918803132,25.704708293040312,38.40245748995494,27.28775273926859,29.023941780383726,515.4790772683984,1531.4520879944785,761.3654766255298,0.49715265831305255,1073.3989438283777,0.04614776596213901,415.7298962556687,2,0,0,41,0.0,482,162.0,0.41572989625566864,305.4234733210825,194551.47898686142,834.821358038733,500000.0,0.5551396828840761,0,4,11.95812100330965,11,E10,night_fraction,high,marketplace
16.829591156042948,40.49911827456035,28.86025291854594,55.44625652100285,44.914269138400414,44.914269138400414,,,,,26.611250836117296,38.688801398867334,4.513710253361166,7.542832043340152,31.153683807096577,40.49911827456035,0.7142857142857143,0.8571428571428571,3605.0987133016765,503977.3460501888,503977.3460501888,521,1.0,0.0,0.0,0.0,26.243962216073232,25.76912834634095,39.85334715255976,26.662222357073055,16.829591156042948,479.47964461329923,1403.9265272237606,699.5446161023357,0.49827722643411587,927.4727814814837,0.04119821586268904,373.4413381380941,2,0,0,40,0.0,459,162.0,0.3734413381380941,322.18400809223687,219334.88439686928,740.29920860348,500000.0,0.5353226660111251,0,4,11.521035112493177,12,E10,night_fraction,high,marketplace
19.217100900575485,45.930125149111156,4.599347183994633,7.723860963589321,14.1392168153983,34.094116605673534,,,,,27.5431014397072,41.28241306876303,6.096871954855629,9.536530295392925,8.839289242396262,45.930125149111156,0.625,0.9411764705882353,6216.486291594783,506400.09144940105,506400.09144940105,521,1.0,0.0,0.0,0.0,26.927502145986935,25.704708293040312,41.44007282804432,27.42182486317937,19.217100900575485,500.6308261580154,1439.0823958137369,717.4406933443646,0.49854038617342955,914.3725433509497,0.04270529812738962,393.6194202682496,4,0,0,32,0.0,474,162.0,0.3936194202682496,320.6824448934651,215775.72728335098,752.6037403040112,500000.0,0.5286074903861954,0,5,16.48454099712093,13,E10,night_fraction,high,marketplace
15.55439964826727,48.519647813702704,7.042370494130618,11.143443989962634,12.904489312855041,49.00477067801148,16.825217801567476,49.34532864705006,,,26.985036350982245,39.81382197412943,12.668144013959834,42.44074004395283,12.256209268648364,48.519647813702704,0.7241379310344828,0.8870967741935484,58929.484502104126,566652.9292862886,566652.9292862886,576,1.0,0.0,0.0,0.0,25.217716471096715,25.704708293040312,41.16342389059447,25.669750538631376,15.55439964826727,515.8174750472651,1748.5944260058575,871.0763430449604,0.49815802343295496,1145.9703272893134,0.04561516468796236,433.0239013873632,0,0,0,37,136.10365858404614,515,162.0,0.4330239013873632,286.6534619453485,169997.12239284816,955.5045498124324,500000.0,0.5271157628105012,0,7,19.03877468671155,14,E10,night_fraction,high,marketplace
38.782159307003,134.01981510522546,49.89430352889364,164.55390241794066,29.509643758965467,45.56055136494251,60.73550426183699,188.8431723767131,6.517839647709252,8.051208116896623,27.928273646062465,42.59562222127396,11.821716757435794,32.95694158736261,46.09064064841655,134.01981510522546,0.6571428571428571,0.7837837837837838,64862.71277757866,573615.9384122625,573615.9384122625,603,1.0,0.0,0.0,0.0,28.940745299852015,25.704708293040312,48.12625147117257,29.019504872812412,38.782159307003,583.7956125511341,1851.4826818776803,917.4173952008457,0.4955041730503508,1285.7904150971747,0.05636855910573482,541.1752042929838,7,0,1,44,0.0,515,162.0,0.5411752042929838,283.3623759726727,164764.638912469,986.5052129944141,500000.0,0.5325849044722948,0,6,16.45119283266604,15,E10,night_fraction,high,marketplace
11.444661755390236,26.1920374600606,16.892356313006463,34.89554186229543,18.019670268222097,26.83908835396978,,,,,26.44978028742646,39.15105230217878,2.2215234068532936,2.669458258708437,17.268127631411673,26.1920374600606,0.8421052631578947,1.0,8440.199489225186,509188.49886297405,509188.49886297405,531,1.0,0.0,0.0,0.0,25.620369935911317,25.76912834634095,38.941713801585436,26.17956189562725,11.444661755390236,473.29661458156556,1473.0972219417813,737.9396178002272,0.5009442736084336,996.2809005120254,0.04512218724136563,417.53415478842277,3,0,0,41,0.0,469,162.0,0.41753415478842276,318.97329676037333,215584.94564906106,753.3806855845077,500000.0,0.5562516081380734,0,8,24.894869800032122,16,E10,night_fraction,high,marketplace
4.075363564167564,7.21020289314074,5.445484115241015,10.341856955914958,4.723483343365308,7.76192552013763,,,,,27.70785278436388,38.40446615537221,6.60997845477856,12.87829586440057,5.144650460292804,7.21020289314074,1.0,1.0,10188.61735102234,511539.3687118152,511539.3687118152,538,1.0,0.0,0.0,0.0,26.114316754963813,25.704708293040312,35.613070299108436,27.187131776847707,4.075363564167564,483.7327494518993,1535.718481967198,757.717954732472,0.4933963897874457,1033.9596669267698,0.05776182228263415,544.1445439428186,5,2,0,33,0.0,490,162.0,0.5441445439428185,317.7549070236175,212366.28365231908,765.3952489466554,500000.0,0.5514716051634085,0,3,8.544387343355776,17,E10,night_fraction,high,marketplace
29.670806405370058,132.8743575027389,23.62196073264522,47.06493192571594,54.21309326023347,155.36371070213482,113.72160789982172,193.49506545675285,77.5351754397384,133.69865505147254,26.559796679341662,36.80254457011033,15.804010928789102,43.77333845643889,55.8627630202866,132.8743575027389,0.782608695652174,0.7407407407407407,68261.72443658626,577118.2182746406,576118.2182746406,575,0.9982672527597732,0.0,0.0,1000.0,28.067240545041994,25.704708293040312,41.773235127838426,31.209076005704695,29.670806405370058,649.5769732204155,1764.3471203179856,875.8623236155842,0.4964229054074851,1190.6917188087798,0.04946155598257229,472.45156218222803,2,0,5,48,0.0,512,162.0,0.472451562182228,282.01234817526665,168219.6842863345,965.83495713635,500000.0,0.5360970991333577,0,4,8.823666284479168,18,E10,night_fraction,high,marketplace
12.289628413228924,40.88231022623186,10.032498716227629,29.34468988579759,9.388656188382,32.86023111769055,,,114.13478743119595,114.13478743119595,26.155734655370885,34.34624586712097,8.38002059389876,10.978442997951209,9.805260176987996,40.88231022623186,0.8,0.9565217391304348,37728.11627304937,538786.9281851918,537786.9281851918,583,0.9981439787276052,0.0,0.0,1000.0,24.093795041606267,25.704708293040312,35.62958788443703,27.469132947230584,12.289628413228924,527.9833148454162,1854.3417635530182,926.3675250136863,0.49956676984868015,1201.5345951330416,0.05040041468727224,472.15761014019677,4,0,1,42,0.0,522,162.0,0.47215761014019675,302.11250793770023,190092.96438024277,854.6984268452318,500000.0,0.5128217965225933,0,7,23.60178712374114,19,E10,night_fraction,high,marketplace
3.843805451081031,5.975218301627228,5.206550658701326,8.549980027159881,8.973248153659915,17.399667100194346,7.118438474041341,7.118438474041341,7.754231648850748,10.101522348509036,27.669702719314365,40.848629126659276,13.92795273282392,47.60656207473835,7.092493866895231,5.975218301627228,1.0,1.0,42968.20466135957,546796.3875473237,546796.3875473237,559,1.0,0.0,0.0,0.0,25.557615308250142,25.704708293040312,40.20149070326661,26.014323702991494,3.843805451081031,501.01926813495635,1657.3188389369334,820.0829087384558,0.49482506894357625,1083.1353157884919,0.04724351847979684,446.5558107631395,3,0,1,35,331.7308444098579,508,162.0,0.4465558107631395,297.08783655178013,189595.7723539507,856.8047366979073,500000.0,0.5314400209264901,0,5,17.848987548695373,20,E10,night_fraction,high,marketplace
7.138274985547696,21.014297341903518,20.47852254274121,30.741197869036842,17.354980187702495,29.625474659675273,34.98303365036054,34.98303365036054,,,25.954696008532753,35.49404790817253,7.617703867598915,17.678619995825116,21.51070084243395,21.014297341903518,0.9,1.0,17327.275816339392,521285.84829559,521285.84829558997,535,0.9999999999999999,0.0,0.0,0.0,24.94490287437382,25.7292956676838,35.04570888918537,25.416119486191587,7.138274985547696,464.7021295521302,1534.707954917041,771.6113171121457,0.5027740389563924,1018.0849048427602,0.0459485168972141,435.9665097241483,4,0,0,43,0.0,484,162.0,0.4359665097241483,311.60632317341646,206446.0609562039,786.8203721464262,500000.0,0.5276348610927629,0,6,16.062126917574147,21,E10,night_fraction,high,marketplace
34.7057827330842,142.0986467845144,18.293287639220445,34.917278773375436,41.101697516310765,100.84232749597038,7.730157945016799,7.730157945016799,,,26.792049313938442,36.847780476755716,8.674036126798708,16.358412268194304,28.8172317699153,142.0986467845144,0.75,0.875,19226.136203616657,520041.7500651535,519041.75006515346,532,0.9980770774656559,0.0,0.0,1000.0,26.709727644421925,25.7170019803616,37.34847084335508,28.591958925716778,34.7057827330842,530.8989566442885,1484.3329264506156,738.0305826759685,0.4972136436000048,1000.0189750438615,0.0468190425629713,425.78394568441047,6,0,0,41,66.95580926203557,474,162.0,0.42578394568441047,312.9339478477322,207645.92150940886,782.2247736193776,500000.0,0.5483538582214157,0,2,4.8821377444482845,22,E10,night_fraction,high,marketplace
11.860862675545004,37.7924791429793,10.416287740517099,22.446116473916938,17.601533457668218,52.36928216217646,8.999916789952294,11.587097059177358,7.158755276702067,7.158755276702067,28.10688404225061,47.40271375618862,10.932397937829492,37.87719737409378,12.796277922254395,37.7924791429793,0.7948717948717948,0.9264705882352942,44840.47463850063,546785.5630729868,546785.5630729868,585,1.0,0.0,0.0,0.0,25.75929033760498,25.704708293040312,46.00438308232906,26.61641454875649,11.860862675545004,508.803759966142,1833.418049881875,901.9976335978964,0.49197597550433797,1205.0676036479317,0.05171142603140983,525.1100056885973,2,0,2,46,0.0,513,162.0,0.5251100056885973,297.23738332131893,187326.32261959472,867.6042305903255,500000.0,0.539093099857475,0,5,15.961416541584452,23,E10,night_fraction,high,marketplace
12.571458158324928,28.886271288634813,27.046947653554525,52.160233667385555,20.759140208914687,41.94857106735217,14.45752573313348,19.358524246582057,93.61669289231577,93.61669289231577,26.66444789568604,35.27106323572212,3.13763511567418,5.0176979012625464,21.59567359738115,28.886271288634813,0.8421052631578947,0.9411764705882353,34421.87232108315,535140.8176419535,535140.8176419535,544,1.0,0.0,0.0,0.0,25.766309128208256,25.769128346341695,35.229776764411596,27.718483013744276,12.571458158324928,522.1928907464841,1566.4196875124767,780.7944714316959,0.4984580298985018,1042.89488805535,0.0512282738370553,466.54710404771293,8,0,1,38,0.0,492,162.0,0.46654710404771293,303.5958793424522,195763.71498410133,829.9114425635119,500000.0,0.5538529038495184,0,5,12.670975884214055,24,E10,night_fraction,high,marketplace
1.7167200018366202,1.7167200018366202,,,,,,,,,27.135736454892957,38.49355799813295,,,,1.7167200018366202,1.0,1.0,209.99028817615883,500209.99028817617,500209.99028817617,501,1.0,0.0,0.0,0.0,27.08499989510642,25.76912834634163,38.38900237009602,27.125065443330282,1.7167200018366202,482.98752767197703,1329.4557275288953,667.3332300750811,0.5019597240108749,879.3080229951277,0.04220416718911305,369.30737857224983,5,0,0,34,0.0,451,162.0,0.3693073785722498,324.60228810110254,222473.08396618743,729.8379852694898,500000.0,0.33833535884406873,0,2,6.686917343769473,25,E10,night_fraction,high,marketplace
10.197050556261026,16.033513024206513,8.20398675348171,18.400114785176584,11.976460219425267,20.18668815155725,,,,,26.043950659504368,32.98887800107368,5.14132899404467,10.256288011368088,10.23531861975901,16.033513024206513,1.0,1.0,8275.236379187336,508449.34756596206,507449.34756596206,527,0.9980332357494661,0.0,0.0,1000.0,25.164560518490692,25.76912834634095,32.62987682042586,25.79201659142381,10.197050556261026,459.4372009631624,1471.9570861599789,734.5586341635149,0.49903535984178804,983.7055547413427,0.04550808269038468,421.6319066142742,4,0,0,40,0.0,472,162.0,0.4216319066142742,320.0745703698072,214930.32093877732,755.6943626994346,500000.0,0.5493706014352194,0,5,14.679761397799743,26,E10,night_fraction,high,marketplace
5.585683302781016,15.020284743439205,7.5333003280532935,17.91788398101216,6.167356229190015,11.036095946727983,,,,,26.52572741474941,32.86719074273824,6.497472310660157,12.104223475733939,6.947895714254746,15.020284743439205,1.0,1.0,12370.949722949961,513597.1255335828,512597.1255335828,535,0.9980529486044901,0.0,0.0,1000.0,25.16595862557708,25.704708293040312,32.2728193658545,26.005665612434303,5.585683302781016,476.2179022557722,1560.0653308748467,776.7565453517634,0.497900010966962,1048.6899603045156,0.045431477118251476,407.9741515105165,4,0,0,41,33.50503363981419,483,162.0,0.40797415151051647,316.8335639464494,210279.92810742537,772.3417808500554,500000.0,0.5145863679979201,0,8,24.4773850511512,27,E10,night_fraction,high,marketplace
24.822483613000724,60.882696747166854,11.480005639494383,21.19249568629529,13.075066104230823,31.30877343688138,7.761678526098066,9.673398096160074,7.423983281196769,7.423983281196769,28.48227337235921,47.19442759551057,3.808617336712814,4.989876483025841,11.613362424596009,60.882696747166854,0.5,0.8571428571428571,26590.43369586375,528937.8456762048,527937.8456762048,536,0.9981094186998066,0.0,0.0,1000.0,27.48923682263375,25.76912834634129,47.21535077036333,27.539420553954788,24.822483613000724,523.3465752343069,1574.703593476335,778.7570103992506,0.4945419656279929,1037.5512632702255,0.04693293535173047,438.3464984144129,5,0,2,36,0.0,494,162.0,0.4383464984144129,307.68460308117636,197406.22744534927,822.8633341538552,500000.0,0.5384392660071575,0,4,11.01751179889225,28,E10,night_fraction,high,marketplace
11.35808867595443,27.45549827486093,17.786808227896543,61.47717135964194,11.527169404924875,24.976153679833477,18.115967123842058,33.489558352454324,9.202010169381083,13.006149943614037,27.823021420359066,43.358486286919884,6.416356556131663,12.135372414849257,14.677561247407303,27.45549827486093,0.8461538461538461,0.918918918918919,77164.28456252046,584688.0408818187,584688.0408818189,599,1.0000000000000002,0.0,0.0,0.0,25.175475509804574,25.704708293040312,42.148542235516494,25.669216812163597,11.35808867595443,528.87385006424,1900.8192859297335,940.9227989748938,0.49500907631767177,1206.7019442946996,0.05084327804453847,514.7615403890752,4,0,2,44,0.0,527,162.0,0.5147615403890753,277.951232413248,165178.54168597958,983.8733281066582,500000.0,0.5131178329355005,0,10,29.684477544066706,29,E10,night_fraction,high,marketplace
3.043026970381677,4.893294742330999,5.357218716400325,11.295703315100539,6.675958953060558,15.6808746003627,,,,,24.649153058380243,31.604814851688296,4.214547194749059,11.495840005034097,5.773663001661451,4.893294742330999,1.0,1.0,13968.57625752051,515078.73700219905,515078.73700219905,554,1.0,0.0,0.0,0.0,22.66005197229799,25.704708293040312,31.09273916752736,24.08594239430352,3.043026970381677,449.6155497870495,1756.5756351404068,876.7898009651218,0.49914719493136894,1026.9843306656674,0.04485680638885778,417.5937350812613,8,0,0,22,102.4925070669722,528,162.0,0.4175937350812613,315.32575908756223,209459.6697808624,775.4122495514446,500000.0,0.4790306091697862,0,6,19.798987548695372,0,E10,mtbf,low,marketplace
3.080082064653853,4.62147986814889,3.4330829899409516,4.01664504808511,4.384329954068926,5.644061312779013,5.565633569867411,7.387352518747503,,,24.71173991228316,31.6036920195138,14.16738402719089,39.38165818458438,4.229789172828041,4.62147986814889,1.0,1.0,22776.714596747763,525519.2910413912,524519.2910413912,535,0.9980971202826477,0.0,0.0,1000.0,23.431305016465487,25.704708293040312,30.965151794346095,23.911847717139068,3.080082064653853,455.7015266141878,1666.4526212996188,837.1022850182743,0.5023258833278093,1005.1582418377252,0.0423390622164687,393.24347817256006,5,0,2,19,0.0,514,162.0,0.39324347817256006,309.60394832333765,200032.53359600948,811.8341579682526,500000.0,0.4937276104355182,0,9,23.881178286101264,1,E10,mtbf,low,marketplace
15.453458421351156,53.42954319407432,4.352672986672587,7.067526679890397,4.483620541595883,8.95968310182434,4.68371236716564,5.106472912999175,,,24.54043983172989,29.069149318623744,7.853793816165638,14.27953164080327,4.443158242330455,53.42954319407432,0.7727272727272727,0.9210526315789473,29310.196036041838,532277.3226155266,516873.34282247716,548,0.9710602365748803,14403.979793049497,0.02706104352195697,1000.0,23.25390114079936,25.704708293039857,29.11731429500847,23.978357257825127,15.453458421351156,450.2935931251404,1695.641259283298,844.4497429504072,0.498012028385847,1003.6891241724462,0.04256441623042369,394.7528383896282,5,0,0,21,0.0,520,162.0,0.3947528383896282,314.1867443803635,206684.5527780603,785.7130620340581,500000.0,0.4824903954729452,0,5,12.48591588338666,2,E10,mtbf,low,marketplace
3.9587519295054205,5.915107960402384,6.972122039568516,9.769849239208453,6.28305886348794,13.078595942571473,34.10937453661609,34.10937453661609,50.02432245581622,50.02432245581622,24.793303822404752,30.39376412928195,4.102116107204405,4.548859367088699,7.815731236911925,5.915107960402384,1.0,1.0,28096.063942230638,531327.860284328,530327.860284328,561,0.998117922897051,0.0,0.0,1000.0,22.741428519431658,25.704708293039857,29.778070032131836,24.42469378993848,3.9587519295054205,471.30444405560496,1830.440102126975,905.2377130002841,0.49454648198998485,1091.237421836018,0.044062694254021505,409.94348601939765,6,0,2,22,0.0,532,162.0,0.4099434860193977,306.2444115211023,195414.29683361814,831.1057385135965,500000.0,0.4663773766253942,0,5,15.231304687125249,3,E10,mtbf,low,marketplace
3.3419723959389356,6.82627785885925,4.735814988002289,7.8188074815539945,2.5500981997106464,2.9339288334962474,,,70.00832082519969,122.45972211271251,25.22685433780143,31.9730348741212,6.961393634931885,15.088916403732592,3.578670805965537,6.82627785885925,1.0,1.0,32491.15341102122,538255.453584505,538255.4535845051,550,1.0000000000000002,0.0,0.0,0.0,23.572608790242803,25.704708293039857,31.560027931643848,27.12647098420979,3.3419723959389356,534.8740081925108,1737.6730604775626,875.6001594330918,0.5038923485367562,1001.3410215558907,0.0430182209439851,415.19713586807836,6,0,1,21,4046.004294015581,519,162.0,0.4151971358680784,301.74370933776186,195388.61874915642,831.2418511150834,500000.0,0.4800126583429421,0,13,37.543263057652396,4,E10,mtbf,low,marketplace
9.332462766536638,22.066812889530784,10.339411592032823,22.614887074316712,18.96472038862431,72.28306856140907,63.27263731718904,94.7322586485434,,,25.23436547275643,31.156816454204634,3.7608700508630406,5.270174942417157,23.801159669261228,22.066812889530784,0.8888888888888888,0.8771929824561403,43452.69323580841,547328.4080016714,546328.4080016714,572,0.998172943363837,0.0,0.0,1000.0,23.807925833030758,25.704708293039857,31.479271539745298,26.643978525140216,9.332462766536638,534.4445234714834,1831.0719614077034,909.9006849273779,0.4969224061668546,1102.5116657816955,0.0438136360694674,447.73790128535495,4,0,0,25,0.0,535,162.0,0.44773790128535496,297.34448277269223,183309.8515793262,886.1920758851692,500000.0,0.5010199901362634,0,11,27.01436176718701,5,E10,mtbf,low,marketplace
5.803153683208698,14.368582768866649,14.38835896421352,33.25117125081789,4.183314423786409,7.299600818354522,9.157927129921632,12.73397515108436,,,25.813799433238696,33.50391359224151,5.584428774924224,9.660439115381795,10.540149000873631,14.368582768866649,0.9285714285714286,1.0,31608.77227884693,533346.8920584851,533346.8920584851,565,1.0,0.0,0.0,0.0,23.707874636892342,25.704708293040312,33.2242245746882,24.66722473075054,5.803153683208698,458.1887308544213,1763.5662153354044,886.2052580962314,0.502507504617675,1074.195214003119,0.051982048267748264,496.83377353640674,11,1,0,29,0.0,520,162.0,0.49683377353640673,304.6738177218393,194332.91098276663,836.177634306865,500000.0,0.47323564610813856,0,7,19.864926492619915,6,E10,mtbf,low,marketplace
4.300707305652478,6.552768416868963,8.384060745158994,25.53538328292999,2.5211398773107367,2.9199910145446895,6.191021358897288,6.846215195198672,11.965982658850123,11.965982658850123,25.25890414987444,32.11176923259882,6.479434242753991,4.350987064684437,6.002712137527422,6.552768416868963,1.0,1.0,40773.60461111535,544565.4292464787,543565.4292464787,581,0.9981636733690867,0.0,0.0,1000.0,22.45944767626691,25.704708293039516,29.516044687618887,23.74800706129786,4.300707305652478,462.20884321763975,1899.2735539400596,944.7232287944272,0.49741293287351396,1113.0062640863027,0.047212911547213396,445.3707030230971,7,0,1,22,0.0,555,162.0,0.4453707030230971,298.85154934929193,186970.96097775584,868.8267410806611,500000.0,0.47434639156570163,0,11,31.433981580837674,7,E10,mtbf,low,marketplace
10.967879910942585,44.9543538050882,12.89586793471463,27.603806339421578,7.380626135798342,4.4538569900027145,5.159550367641145,5.271609509385485,,,25.413476367330556,32.11176923259882,3.2482460452336475,4.83996396989337,9.105834086016426,44.9543538050882,0.84,0.8958333333333334,38363.5914215517,540361.5398106,526845.8481339898,560,0.9749876875372228,13515.69167661024,0.02501231246277737,0.0,23.62383628207147,25.704708293040312,32.11176923259882,24.57433609109191,10.967879910942585,465.3753873275011,1759.5084873236244,877.5898295397085,0.49876987571375914,1031.0968279627134,0.04617515535334729,432.2108069732286,8,0,2,22,0.0,529,162.0,0.4322108069732286,308.3106972984301,199093.46410571542,815.8590817462714,500000.0,0.4973158647810272,0,14,39.85391013895526,8,E10,mtbf,low,marketplace
9.892013168165853,29.71733014574154,7.9936193834249325,19.76632266275242,12.979319560297117,43.99952487094389,5.8515350840643805,5.8515350840643805,7.253474718233974,8.758631242005777,25.506893004256323,32.77919590425181,7.575907673752248,27.688697438364215,10.03084075282816,29.71733014574154,0.868421052631579,0.9629629629629629,47374.080402398526,549736.351411949,548736.351411949,603,0.9981809461982428,0.0,0.0,1000.0,22.734267450200804,25.704708293039573,32.49048704572562,24.247529555176172,9.892013168165853,467.7426198876404,2003.7909378654342,996.3571779362684,0.4972360934008672,1230.3739104920794,0.052879197236520854,515.2296295062185,11,0,0,30,178.53283875621773,561,162.0,0.5152296295062185,296.1626821538971,183489.38214292424,885.6928271899639,500000.0,0.4940423561049004,0,10,23.492662144417803,9,E10,mtbf,low,marketplace
5.033430047017597,7.264043947075429,12.173216396700354,20.981905746690696,17.78336203540684,46.06527618351956,,,,,23.97358044112926,30.410921083637394,3.2012962247493078,6.173492218649471,14.978289216053597,7.264043947075429,0.9285714285714286,0.9666666666666667,13819.243346008723,516514.44304295897,516514.44304295897,540,1.0,0.0,0.0,0.0,22.831340427643017,25.704708293039744,30.410921083637394,23.620200467833566,5.033430047017597,438.1017943973304,1644.9458221363466,824.679629610772,0.501341514421267,964.6836031130362,0.045303839856506246,440.701011074496,6,1,0,21,0.0,514,162.0,0.44070101107449605,314.4940150251794,206842.06830475727,785.3368627688319,500000.0,0.45748970609765954,0,10,31.483627498607714,10,E10,mtbf,low,marketplace
5.483032343000034,11.414764079273482,8.027010635963961,15.771404516792611,2.842882158659518,3.446821946636873,,,7.552558473439603,7.552558473439603,24.298433173779763,31.507061939559456,8.500375075429767,20.154083671643832,4.324061723603644,11.414764079273482,0.9523809523809523,1.0,26006.043708159235,531772.2574830158,531772.2574830158,543,1.0,0.0,0.0,0.0,22.821274980156137,25.704708293039857,31.483637649936828,23.49516416798016,5.483032343000034,449.82807024289826,1665.8977912978148,837.357402442924,0.5026463248928268,1026.7821059365772,0.04025409276982261,364.7054637738664,2,0,0,24,0.0,517,162.0,0.3647054637738664,305.32752165800906,194490.35880589043,834.8213580387329,500000.0,0.5012296365996116,0,7,21.918222030894718,11,E10,mtbf,low,marketplace
3.7754120034554552,6.503982330759938,7.875300651489852,13.078220091884305,22.41680345700115,22.41680345700115,,,,,25.011905152610492,31.849846856627078,5.941257639064718,10.855231404150254,9.952658195134322,6.503982330759938,1.0,1.0,3605.0987133016765,503977.3460501888,503977.3460501888,521,1.0,0.0,0.0,0.0,24.26801894658124,25.704708293040312,31.60369201951289,24.92253889306235,3.7754120034554552,458.05564471696715,1515.5761818628412,753.7291893211261,0.4973218755620021,902.3184287863387,0.03957052514351047,372.1335422632144,6,0,0,20,0.0,494,162.0,0.37213354226321443,322.1814131425132,219333.11781943723,740.29920860348,500000.0,0.45479267169738896,0,5,14.156636942263265,12,E10,mtbf,low,marketplace
2.8637364107309047,5.285668359866468,4.414290973514563,7.353748542629181,14.1392168153983,34.094116605673534,,,,,24.29637376582446,29.599404273154782,2.788388094073298,3.874433265204789,8.736480236574002,5.285668359866468,1.0,1.0,6216.486291594783,506496.9548278934,506496.9548278934,522,1.0,0.0,0.0,0.0,23.493615013022236,25.704708293039857,29.162186769599614,24.1708428668869,2.8637364107309047,446.322874093179,1533.4483428851925,763.0639954773484,0.4976131077501044,890.5649534218604,0.04111928018107726,386.6471632775126,8,0,0,16,0.0,505,162.0,0.3866471632775126,320.6073513678994,215719.40328251472,752.7679230162225,500000.0,0.4711672384583168,0,6,18.731076911799125,13,E10,mtbf,low,marketplace
11.052276264328405,45.98421321318919,7.042370494130618,11.143443989962634,8.623976646192595,20.262468538886424,16.825217801567476,49.34532864705006,,,24.252754182521176,29.903394551351905,4.879825500468054,4.82357776137942,10.18080918784233,45.98421321318919,0.8275862068965517,0.9193548387096774,58929.484502104126,566652.9292862886,566652.9292862886,576,1.0,0.0,0.0,0.0,22.311071810992118,25.704708293039758,30.100826667878916,23.085898403050333,11.052276264328405,473.4147457794083,1833.9984728912607,914.6455545402468,0.4987166391138413,1102.4461924758837,0.04113739168904363,390.36941459453953,1,0,0,25,0.0,546,162.0,0.39036941459453955,286.57818749676045,169952.48159359588,955.5045498124324,500000.0,0.4723730725284406,0,8,25.070191208235546,14,E10,mtbf,low,marketplace
8.744750451574438,21.722915273722993,13.456017251444662,36.65234272514135,6.429087315328781,7.944140580317253,24.246149942632655,63.958126999360516,6.517839647709252,8.051208116896623,25.242921060907772,31.510929860332773,7.778092832017306,13.528749528836679,13.410753137112387,21.722915273722993,0.9142857142857143,0.9594594594594594,64862.71277757866,573615.9384122626,573615.9384122626,603,1.0,0.0,0.0,0.0,22.67593756942995,25.704708293039857,31.50706193955957,24.00432491361567,8.744750451574438,483.6848650897849,2060.9394786742805,1016.521904810572,0.4932322930047706,1259.4121404619846,0.054967297643709244,570.6099415252036,10,1,0,26,102.69307728262012,565,162.0,0.5706099415252035,283.41369033697305,164794.47629887558,986.5052129944141,500000.0,0.4225446273735128,0,7,21.140090200710937,15,E10,mtbf,low,marketplace
8.6012904610782,30.883410976476434,15.125499341271668,37.425859225978456,31.05046693350111,46.59765320412225,,,,,24.63664402305948,32.11176923259882,2.959320575187197,3.9671929699394695,20.433821872014814,30.883410976476434,0.8421052631578947,0.9642857142857143,8440.199489225186,509188.49886297405,509188.49886297405,531,1.0,0.0,0.0,0.0,23.869169282229603,25.704708293040312,32.11176923259882,24.423222352859174,8.6012904610782,447.85359763845423,1529.8233601559755,761.5390679354932,0.4977954238179821,923.6080951071576,0.04229532089105505,389.05765948717294,6,0,0,24,0.0,499,162.0,0.38905765948717297,318.9173715080064,215547.147367467,753.3806855845077,500000.0,0.5148079171361356,0,5,15.961416541584455,16,E10,mtbf,low,marketplace
3.3552257193374735,5.000475375553196,5.726163311570027,9.784985568012964,3.4164257785985797,5.0064396201498536,,,,,25.697911029756416,31.507061939559254,5.125480690461669,10.480373822366346,4.763772672831924,5.000475375553196,1.0,1.0,10188.61735102234,511539.3687118152,511539.3687118152,538,1.0,0.0,0.0,0.0,24.18741535378686,25.704708293040312,30.808712787173956,25.202710343471313,3.3552257193374735,455.70048377810656,1597.3076674321971,790.3285269070954,0.4947879128243422,948.6579366985125,0.05305326923364384,516.1235563940597,10,3,0,20,0.0,510,162.0,0.5161235563940597,317.7001292503655,212329.6738254521,765.3952489466554,500000.0,0.4459337544576047,0,7,24.535904892464846,17,E10,mtbf,low,marketplace
6.228025011791389,14.925842366310283,5.995382513549339,8.149817617263663,5.127199015812221,8.983835478694344,46.58114060857573,110.45072929519392,32.56412070491433,52.750756528789225,25.343701830716245,32.011197350218936,10.026743115969158,28.376664386509873,13.430601742713906,14.925842366310283,0.9565217391304348,0.9629629629629629,68261.72443658626,577118.2182746406,576118.2182746406,575,0.9982672527597732,0.0,0.0,1000.0,23.42915399400339,25.70470829303963,31.803221243695408,25.35028780339009,6.228025011791389,519.940499571438,1870.3529079182863,927.3054576737358,0.49579170527012045,1150.488945662178,0.04565482128034959,432.62970927461635,4,0,6,22,56.10770373854109,543,162.0,0.4326297092746163,281.9432272003618,168178.4537918144,965.8349571363498,500000.0,0.488669187327218,0,6,13.571745488482872,18,E10,mtbf,low,marketplace
9.142971799950958,29.582944459312788,5.543414989529396,7.813043283954086,6.96817285832248,17.700529303758234,,,114.13478743119595,114.13478743119595,24.37811630604469,31.162983489424686,3.9106451596862093,9.103453909557828,6.046270707926955,29.582944459312788,0.8571428571428571,1.0,37728.11627304937,538786.9281851918,537786.9281851918,583,0.9981439787276052,0.0,0.0,1000.0,22.056845752059868,25.70470829303963,30.174098886329773,25.523861225921145,9.142971799950958,501.26557685596947,1979.1132140488398,992.5651934715181,0.5015201689452334,1183.8058093039576,0.046925525717016886,457.3375859658443,6,0,1,22,0.0,554,162.0,0.45733758596584434,302.084950510404,190075.62490270444,854.6984268452318,500000.0,0.46352074168254304,0,10,31.11952669795951,19,E10,mtbf,low,marketplace
7.118277280858296,15.676188674171497,5.270484794773779,8.549980027159881,14.074106664757732,34.609248631008086,7.118438474041341,7.118438474041341,7.871345379263175,10.12494509459152,25.093200416951934,29.784216875792573,10.263096380984747,29.267912929958044,9.440126888336264,15.676188674171497,0.8928571428571429,0.9743589743589743,42968.20466135957,546796.3875473237,546796.3875473237,559,1.0,0.0,0.0,0.0,23.34567404960277,25.704708293039857,29.684352246358866,23.781693853690676,7.118277280858296,469.50087066037764,1706.1596808748086,843.7155900384141,0.4945115041083442,1013.6051972164669,0.043339144895531895,433.76091214256786,4,0,1,22,0.0,528,162.0,0.43376091214256784,297.06443680205257,189580.83908144123,856.8047366979073,500000.0,0.475068163279027,0,5,15.868886541170758,20,E10,mtbf,low,marketplace
4.343504187207737,5.981290297295897,4.834297056210289,8.64283843164776,3.518169269097598,4.7192150061864595,34.98303365036054,34.98303365036054,,,23.886700167777985,31.549917903322967,3.6726619974656387,6.067252807532533,8.273857183700898,5.981290297295897,0.95,1.0,17327.275816339392,522341.9832740221,522341.98327402206,537,0.9999999999999999,0.0,0.0,0.0,22.58745806905018,25.704708293039857,31.359547704461246,23.27146384120274,4.343504187207737,440.8552010013813,1634.8254485913055,814.3758190862875,0.49814236730166994,963.3778865511701,0.0412896442022221,394.0148585990664,5,0,0,20,0.0,515,162.0,0.3940148585990664,310.8959648250344,205344.3822009778,790.8373879917411,500000.0,0.4770885041349162,0,9,24.21744834583803,21,E10,mtbf,low,marketplace
8.431965753620185,21.774664683307403,17.802525912143164,38.825063239740665,16.384209706322736,33.036144226913166,4.675293146604872,4.675293146604872,,,24.406279931682743,28.97281936585432,9.243900036374574,29.42547368903597,15.999431745438093,21.774664683307403,0.9166666666666666,1.0,19226.136203616657,520041.7500651535,519041.75006515346,532,0.9980770774656559,0.0,0.0,1000.0,23.59982247410857,25.704708293039857,28.97281936585473,23.75385959287604,8.431965753620185,449.16131861263585,1563.0620803190984,774.922499358594,0.4957720548120481,924.4948493906719,0.04115906448307171,376.8740043124734,7,0,0,14,66.95580926203557,506,162.0,0.3768740043124734,312.8397166199633,207583.39479966834,782.2247736193776,500000.0,0.46108913893440784,0,1,2.6356018297700885,22,E10,mtbf,low,marketplace
3.5536425113522556,5.3119392876217715,8.30989390419524,19.935917254613518,7.002372612730468,10.01669223588869,10.586824191032974,14.443530381122581,111.64560691905595,111.64560691905595,25.569733008375877,32.11176923259882,3.399281321431829,4.804122361553709,8.016054168299645,5.3119392876217715,0.9743589743589743,1.0,44840.47463850063,546785.5630729868,546785.5630729867,585,0.9999999999999998,0.0,0.0,0.0,22.77257818986894,25.704708293039857,31.50706193955957,26.40172072974634,3.5536425113522556,509.94565066435194,1962.0178899967389,963.5781619451559,0.4911158898488726,1181.5642771905193,0.05104743968960535,498.25526647720625,7,0,1,28,0.0,556,162.0,0.49825526647720625,297.1882694803089,187295.36986687116,867.6042305903255,500000.0,0.48904964526325534,0,8,22.01542245584895,23,E10,mtbf,low,marketplace
13.952711691630796,36.56622606949077,25.895213402989157,50.30313199875373,22.44778014739389,49.010019361198104,7.019287159740543,7.065998427650902,117.61669289231577,117.61669289231577,24.877538587682356,31.52160853303905,2.247105663076733,3.449195245952797,21.309963283865514,36.56622606949077,0.7368421052631579,0.9117647058823529,34421.87232108315,535140.8176419535,535140.8176419535,544,1.0,0.0,0.0,0.0,24.19367814172822,25.704708293040312,32.1117692325992,26.445769444472397,13.952711691630796,493.23794447453434,1625.7010347319635,813.7210243994517,0.5005354656329006,1007.7250262319077,0.049744737559844515,454.73890553304125,11,0,1,28,0.0,506,162.0,0.45473890553304125,303.57381375125567,195749.48672080832,829.9114425635119,500000.0,0.506754891656942,0,7,18.924317288202516,24,E10,mtbf,low,marketplace
1.7167200018366202,1.7167200018366202,,,,,,,,,24.317355853416874,30.520949851731807,,,,1.7167200018366202,1.0,1.0,209.99028817615883,500209.99028817617,500209.99028817617,501,1.0,0.0,0.0,0.0,24.27224480381292,25.704708293040312,30.505785754441604,24.30786801005592,1.7167200018366202,437.90977703303327,1397.7873640978296,701.4990483595483,0.5018639217792007,836.4054491863366,0.04041654917233961,353.6478447453145,8,0,0,22,0.0,477,162.0,0.3536478447453145,324.57098218132694,222451.62778804518,729.8379852694898,500000.0,0.2828977642285022,0,2,6.686917343769473,25,E10,mtbf,low,marketplace
11.622745847625621,20.4952267380404,8.20398675348171,18.400114785176584,20.54788879085384,45.830739674999954,,,,,24.153653529941842,31.507061939559254,4.435319555525666,9.469285134881012,14.850703235143625,20.4952267380404,0.9090909090909091,0.9583333333333334,8275.236379187336,508449.34756596206,507449.34756596206,527,0.9980332357494661,0.0,0.0,1000.0,23.512948265737823,25.704708293040312,31.334235034094636,24.018341980890852,11.622745847625621,438.40375084218266,1533.9276885414513,766.3266390018725,0.49958459236793684,935.4170332196695,0.04338074694096295,412.2463298199086,8,0,0,26,0.0,497,162.0,0.4122463298199086,320.0560747764256,214917.90113355234,755.6943626994346,500000.0,0.5022004991464014,0,5,14.679761397799743,26,E10,mtbf,low,marketplace
4.9889260739227925,13.662391245941276,3.264502481267563,4.084253309174391,3.4221542281463826,5.227203935847001,,,,,25.446477873939177,31.999206903389492,8.250163562348519,19.870550903417914,3.3320675156442,13.662391245941276,1.0,1.0,12370.949722949961,513597.1255335828,512597.1255335828,535,0.9980529486044901,0.0,0.0,1000.0,24.075304070744625,25.704708293040312,31.132380397239473,24.906798168817183,4.9889260739227925,465.1468974246292,1623.1099371273976,809.860546832962,0.4989560647175042,969.7019095763945,0.04156713416056314,389.4308109389125,7,0,0,21,33.50503363981419,504,162.0,0.3894308109389125,316.7973886741976,210255.91886562153,772.3417808500554,500000.0,0.4447837319624813,0,10,30.2521120242923,27,E10,mtbf,low,marketplace
20.255129234043967,62.09890282980887,11.41373152849474,21.703178998361356,13.128344550957658,31.46860877706189,7.761678526098066,9.673398096160074,7.423983281196769,7.423983281196769,25.683937788189198,32.11176923259882,3.81457601158516,4.6667625005401305,11.60020478661875,62.09890282980887,0.6666666666666666,0.8571428571428571,26590.43369586375,528937.8456762048,527937.8456762048,536,0.9981094186998066,0.0,0.0,1000.0,24.78151189379611,25.704708293039857,32.11176923259893,24.878879726127607,20.255129234043967,473.51261661323645,1624.1749810892393,801.1713214855176,0.493278945196052,981.6681001924219,0.042473381551373014,404.57901165861915,6,0,2,24,0.0,506,162.0,0.40457901165861915,307.62064197849674,197365.1908778487,822.8633341538552,500000.0,0.4812853226375477,0,3,8.770975884214055,28,E10,mtbf,low,marketplace
3.737816235311094,6.544292385307472,8.210929680726606,24.021962742495816,5.87524588377286,13.145995755170645,18.115967123842058,33.489558352454324,9.202010169381083,13.006149943614037,25.20648360043161,32.11176923259882,4.880255145148479,7.2007258020312,7.662152622444449,6.544292385307472,1.0,1.0,77164.28456252046,584688.0408818187,584688.0408818189,599,1.0000000000000002,0.0,0.0,0.0,22.042036714378355,25.704708293039857,30.419239866045178,22.884127969146515,3.737816235311094,477.1271224188924,2038.0276540513141,1007.8058949279203,0.49450059861775825,1190.9651483200482,0.0483735554611394,482.81495230845354,8,0,4,28,129.34383220056782,561,162.0,0.48281495230845356,277.8965937241576,165146.07146123823,983.8733281066582,500000.0,0.4707613271235999,0,10,29.684477544066706,29,E10,mtbf,low,marketplace
4.5430269703816775,8.519577499237334,5.357218716400325,11.295703315100539,8.240898418692732,16.798025595134447,,,,,24.302813989850073,30.572755983002715,4.214547194749059,11.495840005034097,6.2678544118610855,8.519577499237334,0.9583333333333334,1.0,13968.57625752051,515078.73700219905,515078.73700219905,554,1.0,0.0,0.0,0.0,22.42940233787328,25.704708293040312,28.97281936585464,23.78698557660364,4.5430269703816775,451.6706293848729,1756.2762479183796,876.4904137430943,0.49906181603375416,1026.523231936643,0.03952166376880753,370.85788572962105,2,0,0,22,102.4925070669722,528,162.0,0.37085788572962103,315.2350237378104,209399.39752003772,775.4122495514446,500000.0,0.4739290123317179,0,6,19.798987548695372,0,E10,mtbf,high,marketplace
3.080082064653853,4.62147986814889,3.4330829899409516,4.01664504808511,4.384329954068926,5.644061312779013,5.565633569867411,7.387352518747503,,,24.68356168382432,31.52638795555049,14.16738402719089,39.38165818458438,4.229789172828041,4.62147986814889,1.0,1.0,22776.714596747763,525519.2910413912,524519.2910413912,535,0.9980971202826477,0.0,0.0,1000.0,23.4050228930992,25.704708293040312,30.79589060075887,23.88504043618465,3.080082064653853,457.26387914460895,1671.7238249591587,842.3734886778144,0.5038951267553982,1008.6415282972598,0.0398622786340265,371.35412898979234,2,0,2,19,0.0,514,162.0,0.37135412898979236,309.56221611337577,200005.57076256876,811.8341579682526,500000.0,0.4919199603731131,0,10,26.51678011587135,1,E10,mtbf,high,marketplace
10.544367512260248,23.60354418525504,4.352672986672587,7.067526679890397,4.483620541595883,8.95968310182434,22.68371236716564,37.50647291299917,,,24.127850277031413,28.972819365853958,7.853793816165638,14.27953164080327,6.693158242330455,23.60354418525504,0.9090909090909091,1.0,29310.196036041838,532277.3226155266,516873.34282247716,548,0.9710602365748803,14403.979793049497,0.02706104352195697,1000.0,22.746816856502758,25.704708293039857,28.811769232599545,23.693542672323442,10.544367512260248,448.2808758494729,1695.6412592832978,844.4497429504072,0.49801202838584707,1000.7021782890097,0.03909475375386777,364.35859509499835,1,0,0,21,0.0,520,162.0,0.36435859509499835,314.12794033539444,206645.86913543893,785.7130620340581,500000.0,0.48576061686829314,0,5,12.48591588338666,2,E10,mtbf,high,marketplace
3.437012799070638,5.915107960402384,5.1259681934146695,7.757862353109932,6.28305886348794,13.078595942571473,34.10937453661609,34.10937453661609,50.02432245581622,50.02432245581622,24.713199138848406,29.806273832825035,4.125123269098075,4.676887630746478,6.815731236911925,5.915107960402384,1.0,1.0,28096.063942230638,531327.860284328,530327.860284328,561,0.998117922897051,0.0,0.0,1000.0,22.606579790682805,25.704708293039857,28.97281936585432,24.337337323883155,3.437012799070638,470.72721202348106,1840.35723906772,914.3224437901627,0.4968179135988489,1103.003624465725,0.0403402515085394,377.0222860632646,1,0,2,21,0.0,533,162.0,0.3770222860632646,306.1823344506303,195374.68550809054,831.1057385135965,500000.0,0.4688141649561756,0,6,19.282620201124633,3,E10,mtbf,high,marketplace
3.3419723959389356,6.82627785885925,4.735814988002289,7.8188074815539945,2.5500981997106464,2.9339288334962474,,,60.95953131467718,106.17190099377198,24.93785702080019,31.731465799026427,3.524001500763933,5.413750569214426,3.578670805965537,6.82627785885925,1.0,1.0,32491.15341102122,538255.453584505,538255.4535845051,550,1.0000000000000002,0.0,0.0,0.0,23.195731817032176,25.704708293039857,31.507061939559218,26.148463722967694,3.3419723959389356,512.8912192672666,1729.547808981879,871.53753368525,0.5039106344208502,1004.6476101354027,0.0413643945769642,391.70961689297525,3,0,1,23,0.0,517,162.0,0.39170961689297523,301.700072958755,195360.36281023372,831.2418511150834,500000.0,0.4880120963801226,0,13,37.543263057652396,4,E10,mtbf,high,marketplace
7.721524517348366,15.634949015859473,8.62512587774711,13.0113619901917,18.96472038862431,72.28306856140907,63.27263731718904,94.7322586485434,,,25.143926765313676,30.77479498280408,3.5547629385230763,5.270174942417157,23.00115966926123,15.634949015859473,0.9259259259259259,0.8771929824561403,43452.69323580841,547328.4080016714,546328.4080016714,572,0.998172943363837,0.0,0.0,1000.0,23.60526506110863,25.704708293039857,31.220115255516884,26.528052297445715,7.721524517348366,531.8051971430381,1845.635031629653,919.6681282571092,0.4982936021999233,1110.1041208695424,0.04244684230634458,423.154483695281,2,0,0,24,0.0,537,162.0,0.42315448369528097,297.2994852634468,183282.111072207,886.1920758851692,500000.0,0.49935481622306765,0,11,27.01436176718701,5,E10,mtbf,high,marketplace
5.803153683208698,14.368582768866649,13.465282041136597,32.32576804684196,4.114813563708789,7.107798410137185,8.996946876740196,13.10204705109452,,,24.63829900170383,31.507061939559225,5.584428774924224,9.660439115381795,9.993339541154086,14.368582768866649,0.9285714285714286,1.0,31608.77227884693,533346.8920584851,533346.8920584851,565,1.0,0.0,0.0,0.0,22.644381463793753,25.704708293039857,31.50706193955848,23.563945255744688,5.803153683208698,450.9483223668874,1770.3751581533484,889.6845763107102,0.5025401380116103,1077.9200308843187,0.04176925326518547,398.36968931395666,2,0,0,27,0.0,524,162.0,0.39836968931395667,304.48920225732917,194215.15599843962,836.177634306865,500000.0,0.5008460014684805,0,7,19.864926492619915,6,E10,mtbf,high,marketplace
5.501212642097491,6.552768416868963,12.693222983467574,41.279585122595776,2.5211398773107367,2.9199910145446895,6.191021358897288,6.846215195198672,11.965982658850123,11.965982658850123,25.056486113374103,31.405524801571346,6.479434242753991,4.350987064684437,8.336841683277903,6.552768416868963,0.972972972972973,0.9508196721311475,40773.60461111535,544565.4292464787,543565.4292464787,581,0.9981636733690867,0.0,0.0,1000.0,22.45846868544558,25.70470829303963,29.074592021808712,23.581778702142543,5.501212642097491,468.0172102929079,1901.088059852806,945.7053285563071,0.49745477262611887,1115.3567965960845,0.04319854231409362,410.2048285409679,2,0,1,21,0.0,556,162.0,0.41020482854096796,298.786854516637,186930.48584868887,868.8267410806611,500000.0,0.47717585340876134,0,11,31.433981580837674,7,E10,mtbf,high,marketplace
10.059981356465517,40.71694706329687,12.89586793471463,27.603806339421578,7.380626135798342,4.4538569900027145,5.159550367641145,5.271609509385485,,,24.919122531723346,31.508715712864365,3.9526672291551392,4.83996396989337,9.105834086016426,40.71694706329687,0.88,0.8958333333333334,38363.5914215517,540361.5398106,526845.8481339898,560,0.9749876875372228,13515.69167661024,0.02501231246277737,0.0,23.157012483038482,25.704708293040312,31.507061939557595,24.110044001848827,10.059981356465517,460.72739492249667,1767.6337388193083,881.6524552875503,0.4987755302048322,1031.1132102186398,0.04307551320372588,404.64146779159745,5,0,2,19,0.0,532,162.0,0.4046414677915975,308.25836825516393,199059.6723151986,815.8590817462714,500000.0,0.48368954857926943,0,15,43.51615973786275,8,E10,mtbf,high,marketplace
9.176253956713769,29.71733014574154,7.584826194995704,18.011893655122613,11.69775242133962,39.550092391076404,5.8515350840643805,5.8515350840643805,7.253474718233974,8.758631242005777,25.745943913912285,32.327236285822615,8.524419122952255,27.688697438364215,9.266207147629638,29.71733014574154,0.868421052631579,0.9629629629629629,47374.080402398526,549736.351411949,548736.351411949,603,0.9981809461982428,0.0,0.0,1000.0,22.86548975416898,25.7047082930396,32.20571193338583,24.35834522831626,9.176253956713769,482.6192773417343,2015.7578406071495,998.6350058074744,0.4954141741086736,1235.6946089045282,0.049746068517358744,501.0869605015728,6,0,0,28,178.53283875621773,566,162.0,0.5010869605015728,296.1369089953151,183473.41422654229,885.6928271899639,500000.0,0.5062090786465037,0,11,27.543977658417184,9,E10,mtbf,high,marketplace
3.1219359605839503,6.476964833212451,9.923216396700354,14.705089802385007,7.697989350892271,16.558308819704322,,,,,23.489193922179982,28.975916658537678,3.233506251400354,6.173492218649471,8.810602873796313,6.476964833212451,1.0,1.0,13819.243346008723,516514.44304295897,516514.44304295897,540,1.0,0.0,0.0,0.0,22.151127357468358,25.70470829303963,28.972819365853912,22.952990977857585,3.1219359605839503,434.0129119323626,1663.9381987503193,835.6663784074946,0.5022220050210469,978.2776208169656,0.03864627713560255,373.3807616393796,1,0,0,19,0.0,517,162.0,0.3733807616393796,314.36367936788673,206756.3468104194,785.3368627688319,500000.0,0.4805910756778067,0,10,31.483627498607714,10,E10,mtbf,high,marketplace
5.483032343000034,11.414764079273482,8.027010635963961,15.771404516792611,2.842882158659518,3.446821946636873,,,7.552558473439603,7.552558473439603,24.022295287107177,31.507061939559208,8.500375075429767,20.154083671643832,4.324061723603644,11.414764079273482,0.9523809523809523,1.0,26006.043708159235,531772.2574830158,531772.2574830158,543,1.0,0.0,0.0,0.0,22.567004366277143,25.704708293039857,31.06686895576222,23.23552493070629,5.483032343000034,449.03456543670376,1664.2329789960822,836.5249962920577,0.5026489721389105,1026.9718945389745,0.038680559772670084,350.9213147188103,0,0,0,25,0.0,516,162.0,0.35092131471881033,305.3016005068751,194473.84731044012,834.8213580387329,500000.0,0.5055680917730969,0,7,21.918222030894718,11,E10,mtbf,high,marketplace
3.9457815168548223,6.779362171676441,5.809663365019939,11.283432104655958,22.84797085817354,22.84797085817354,,,,,24.483574953293182,31.374295958286623,6.0016602111318855,11.108922206832359,8.24370729261331,6.779362171676441,1.0,1.0,3605.0987133016765,503977.3460501888,503977.3460501888,521,1.0,0.0,0.0,0.0,23.741123838370036,25.704708293040312,30.866425909929603,24.397398926682115,3.9457815168548223,453.8895254507136,1521.195889146374,756.7635833794133,0.4974793770998649,902.2446221629463,0.036513171503665585,345.2226410444572,2,0,0,20,0.0,497,162.0,0.3452226410444572,322.1280160971307,219296.7664348808,740.29920860348,500000.0,0.470422572906725,0,6,16.792238772033354,12,E10,mtbf,high,marketplace
2.8637364107309047,5.285668359866468,4.414290973514563,7.353748542629181,14.1392168153983,34.094116605673534,,,,,23.934998892402138,28.97281936585432,2.788388094073298,3.874433265204789,8.736480236574002,5.285668359866468,1.0,1.0,6216.486291594783,506496.9548278934,506496.9548278934,522,1.0,0.0,0.0,0.0,23.147470498249902,25.704708293039857,28.972819365854274,23.814103433433534,2.8637364107309047,445.30399100411836,1531.7835305834599,762.2315893264821,0.4976105135665914,890.7547420242581,0.03541890051460283,336.7118373991966,1,0,0,17,0.0,504,162.0,0.33671183739919663,320.5087617803366,215653.0676638579,752.7679230162225,500000.0,0.46143604100857144,0,6,18.731076911799125,13,E10,mtbf,high,marketplace
11.052276264328405,45.98421321318919,7.042370494130618,11.143443989962634,8.444817806717133,20.262468538886424,16.825217801567476,49.34532864705006,,,24.171541156541878,29.903394551351905,4.879825500468054,4.82357776137942,10.093944295975438,45.98421321318919,0.8275862068965517,0.9193548387096774,58929.484502104126,566652.9292862886,566652.9292862886,576,1.0,0.0,0.0,0.0,22.235597758177434,25.704708293039758,30.100826667878916,23.01243864856767,11.052276264328405,472.72044973561214,1833.9984728912607,914.6455545402468,0.4987166391138413,1098.5828663241161,0.040372267563183184,383.666927252002,0,0,0,25,0.0,546,162.0,0.383666927252002,286.5663592911761,169945.4669882297,955.5045498124324,500000.0,0.47685484241965276,0,8,25.070191208235546,14,E10,mtbf,high,marketplace
11.057463203274457,28.703964695691695,13.630223835202763,38.132680545839776,6.084643779379307,4.1552616848730395,6.087254561683819,6.903809601991452,6.517839647709252,8.051208116896623,24.84023242094715,29.88524695840848,6.284865478351144,6.544651577301924,10.148117026774798,28.703964695691695,0.8571428571428571,0.9459459459459459,64862.71277757866,573615.9384122626,573615.9384122626,603,1.0,0.0,0.0,0.0,22.198393090950738,25.70470829303963,29.830708840299124,22.561967664810496,11.057463203274457,466.8334022528364,2072.9868194704145,1024.6060248653534,0.49426557624090894,1250.1631012189991,0.04740365123486407,502.50174373245073,4,0,0,24,0.0,567,162.0,0.5025017437324507,283.2949554950137,164725.43642265841,986.5052129944141,500000.0,0.4461266129034587,0,7,21.140090200710937,15,E10,mtbf,high,marketplace
5.357513481669191,16.483410976476442,9.125499341271668,19.425859225978456,15.050466933501108,22.597653204122253,,,,,24.093361316326124,31.507061939559208,2.959320575187197,3.9671929699394695,11.100488538681482,16.483410976476442,1.0,1.0,8440.199489225186,509188.49886297405,509188.49886297405,531,1.0,0.0,0.0,0.0,23.083344205063035,25.704708293039857,30.09743245370919,23.796242791331363,5.357513481669191,441.6363826592961,1523.5126145730378,758.4585419495313,0.49783541973630996,928.3086519990876,0.03725352480701671,344.8915257909971,0,0,0,26,0.0,497,162.0,0.3448915257909971,318.83063322975613,215488.52344128824,753.3806855845077,500000.0,0.5079807480097966,0,5,15.961416541584455,16,E10,mtbf,high,marketplace
3.8176005341183363,6.980865726722185,5.445484115241015,10.341856955914958,4.723483343365308,7.76192552013763,,,,,24.680993815633933,30.10752005980541,5.193710099341481,10.212326842922266,5.144650460292804,6.980865726722185,1.0,1.0,10188.61735102234,511539.3687118152,511539.3687118152,538,1.0,0.0,0.0,0.0,23.265106937630133,25.704708293040312,29.284578282472292,24.22266038496106,3.8176005341183363,455.7213535520217,1599.3580159117168,792.1861072977215,0.49531505730199776,958.5046775212024,0.038663895072440196,383.98063812146796,3,0,0,19,0.0,510,162.0,0.38398063812146793,317.4418052065967,212157.02718509937,765.3952489466554,500000.0,0.47296913401953206,0,4,10.79092325803397,17,E10,mtbf,high,marketplace
5.033589945593398,8.616021868250757,7.806773917235842,26.594406063860333,4.387002701625351,8.294253718877188,40.58114060857573,110.45072929519392,32.509692113551864,52.739870810516734,25.260321267613712,31.809615105257397,6.190757824230422,10.606215340939913,12.495471720909453,8.616021868250757,1.0,0.9629629629629629,68261.72443658626,577118.2182746406,576118.2182746406,575,0.9982672527597732,0.0,0.0,1000.0,23.124986165822254,25.70470829303963,31.507061939559527,24.78282744152426,5.033589945593398,519.1145881064341,1863.6697824811245,924.7919177694126,0.49622091127014295,1160.9434732699303,0.04284730518400149,408.0393511478142,1,0,4,21,0.0,544,162.0,0.4080393511478142,281.900544366619,168152.99358461736,965.8349571363498,500000.0,0.477549076620718,0,5,11.325209573804676,18,E10,mtbf,high,marketplace
9.926299092890218,29.582944459312788,5.427487713716079,7.813043283954086,7.0863419003350385,17.700529303758234,,,114.13478743119595,114.13478743119595,24.133515365534105,29.560312509428513,4.354873232913137,10.420789698006788,6.012965661934536,29.582944459312788,0.8285714285714286,1.0,37728.11627304937,538786.9281851918,537786.9281851918,583,0.9981439787276052,0.0,0.0,1000.0,21.90323924674173,25.70470829303963,28.972819365854274,25.313191833331345,9.926299092890218,500.3371412829757,1973.1050235287648,986.557002951443,0.5000022762027398,1178.3554077195452,0.04495755499636165,444.8706616747979,2,0,1,22,0.0,554,162.0,0.4448706616747979,302.0617686076137,190061.03855985007,854.6984268452318,500000.0,0.4741820521403685,0,10,31.11952669795951,19,E10,mtbf,high,marketplace
3.785305905522112,5.975218301627228,5.206550658701326,8.549980027159881,8.65752290647797,16.76821660583046,7.118438474041341,7.118438474041341,7.754231648850748,10.101522348509036,24.72223500507167,29.041629709260874,10.033660459293085,32.1874582595478,6.9489823909034385,5.975218301627228,1.0,1.0,42968.20466135957,546796.3875473237,546796.3875473237,559,1.0,0.0,0.0,0.0,22.790088060385276,25.704708293039857,28.972819365853866,23.307420776737818,3.785305905522112,461.0051696086666,1697.1618783339989,833.8853813467381,0.4913410983313583,1017.063511749598,0.040354268565089946,395.7383182673755,1,0,1,22,331.7308444098579,528,162.0,0.39573831826737554,296.99489977741024,189536.46188294236,856.8047366979073,500000.0,0.4755726907693001,0,5,15.868886541170758,20,E10,mtbf,high,marketplace
3.1435041872077365,5.559401315831747,4.834297056210289,8.64283843164776,3.518169269097598,4.7192150061864595,34.98303365036054,34.98303365036054,,,23.77203359349615,31.510750045755685,3.6726619974656387,6.067252807532533,8.273857183700898,5.559401315831747,1.0,1.0,17327.275816339392,522341.9832740221,522341.98327402206,537,0.9999999999999999,0.0,0.0,0.0,22.435999433778452,25.704708293039857,30.743662183735417,23.145205925365897,3.1435041872077365,439.99657092720213,1628.3650093973545,811.145599489312,0.4981349972568563,964.2392961214408,0.03912534861661449,375.0556292691437,2,0,0,22,0.0,513,162.0,0.3750556292691437,310.85966824169054,205320.40858817473,790.8373879917411,500000.0,0.47970506506691074,0,9,24.21744834583803,21,E10,mtbf,high,marketplace
8.431965753620185,21.774664683307403,17.802525912143164,38.825063239740665,12.384209706322736,33.036144226913166,4.675293146604872,4.675293146604872,,,24.020033027950568,28.972819365853866,6.520129665834095,11.79686775351384,13.999431745438093,21.774664683307403,0.9166666666666666,1.0,19226.136203616657,520041.7500651535,519041.75006515346,532,0.9980770774656559,0.0,0.0,1000.0,23.146342890843115,25.704708293039857,28.972819365853866,23.361042494293244,8.431965753620185,442.57408124000534,1561.3972680173658,774.0900932077276,0.4957675468400513,925.9834642025494,0.03852348946022068,353.7863671122984,4,0,0,15,66.95580926203557,505,162.0,0.35378636711229844,312.79523534808635,207553.8794506551,782.2247736193776,500000.0,0.4574397869776082,0,1,2.6356018297700885,22,E10,mtbf,high,marketplace
2.9042794999920547,5.240616098767077,5.557950818683288,8.725907737595545,5.319456004829417,6.719298048396243,8.999916789952294,11.587097059177358,7.158755276702067,7.158755276702067,25.509092858880045,32.11176923259882,3.399281321431829,4.804122361553709,5.713088191234988,5.240616098767077,1.0,1.0,44840.47463850063,546785.5630729868,546785.5630729868,585,1.0,0.0,0.0,0.0,22.38468400667545,25.704708293039857,31.50706193955957,23.81903899714974,2.9042794999920547,467.8058383853528,1976.0569746751623,973.826339960926,0.4928128856816035,1169.4478044998104,0.04595713079669696,466.67736012535977,2,0,2,30,0.0,553,162.0,0.46667736012535976,297.1305175781292,187258.9731951648,867.6042305903255,500000.0,0.4965124701732333,0,9,25.67767205475644,23,E10,mtbf,high,marketplace
13.728815426813293,36.56622606949077,25.895213402989157,50.30313199875373,14.44778014739389,25.132541541729193,7.019287159740543,7.065998427650902,93.61669289231577,93.61669289231577,24.393759803020348,29.252756366505995,2.247105663076733,3.449195245952797,16.509963283865513,36.56622606949077,0.7368421052631579,0.9705882352941176,34421.87232108315,535140.8176419535,535140.8176419535,544,1.0,0.0,0.0,0.0,23.56473802892944,25.704708293040312,29.79671998317021,25.32336581562013,13.728815426813293,492.29453439378426,1635.341404918366,818.4663626871461,0.5004865407465194,1012.9370370142248,0.04109148592305219,373.99299174847505,2,0,1,25,0.0,510,162.0,0.37399299174847506,303.4229265247115,195652.1921064153,829.9114425635119,500000.0,0.5123618648846788,0,7,20.340030972431812,24,E10,mtbf,high,marketplace
1.7167200018366202,1.7167200018366202,,,,,,,,,23.961515325302592,28.97281936585432,,,,1.7167200018366202,1.0,1.0,209.99028817615883,500209.99028817617,500209.99028817617,501,1.0,0.0,0.0,0.0,23.917114536233793,25.704708293040312,28.97281936585432,23.952176865313607,1.7167200018366202,438.7862576751097,1400.9181786883153,703.0644556547912,0.5018597562300697,841.8975085877339,0.03578783792688626,313.1003342351431,3,0,0,22,0.0,477,162.0,0.31310033423514316,324.48992120434235,222396.0709229209,729.8379852694898,500000.0,0.27094787550537514,0,2,6.686917343769473,25,E10,mtbf,high,marketplace
9.61224276662448,16.033513024206513,8.20398675348171,18.400114785176584,11.976460219425267,20.18668815155725,,,,,23.879947639551315,30.935744509009822,4.435319555525666,9.469285134881012,10.23531861975901,16.033513024206513,1.0,1.0,8275.236379187336,508449.34756596206,507449.34756596206,527,0.9980332357494661,0.0,0.0,1000.0,23.097967671438223,25.704708293040312,30.328533258826614,23.662190668457075,9.61224276662448,437.7670581458686,1533.877399936927,765.4439442464821,0.4990255050879276,942.3107897801921,0.03990249367093541,372.77683117446725,3,0,0,25,0.0,498,162.0,0.37277683117446725,319.9782946022372,214865.67168657793,755.6943626994346,500000.0,0.5029359901446017,0,5,14.679761397799743,26,E10,mtbf,high,marketplace
4.9889260739227925,13.662391245941276,3.264502481267563,4.084253309174391,3.4221542281463826,5.227203935847001,,,,,25.301582530062927,31.47481914780001,6.790426095662326,13.275196331830644,3.3320675156442,13.662391245941276,1.0,1.0,12370.949722949961,513597.1255335828,512597.1255335828,535,0.9980529486044901,0.0,0.0,1000.0,23.918330843963805,25.704708293040312,30.53010581315017,24.765247692382083,4.9889260739227925,465.14770257764013,1623.1099371273974,809.860546832962,0.49895606471750426,969.7019095763947,0.0391698738865905,359.43081093891226,3,0,0,21,33.50503363981419,504,162.0,0.35943081093891227,316.73886318018754,210217.07595857722,772.3417808500554,500000.0,0.4597151650212991,0,10,30.2521120242923,27,E10,mtbf,high,marketplace
18.86232985742952,57.45821682543938,10.718402445234918,20.034389198537788,13.128344550957658,31.46860877706189,7.761678526098066,9.673398096160074,7.423983281196769,7.423983281196769,25.185249500494542,31.744682115493468,3.630871003198564,4.6667625005401305,11.25254024498884,57.45821682543938,0.6666666666666666,0.8928571428571429,26590.43369586375,528937.8456762048,527937.8456762048,536,0.9981094186998066,0.0,0.0,1000.0,24.272945996758466,25.704708293039857,32.01870922086982,24.401445884825,18.86232985742952,466.19391727014033,1617.5616804434399,800.186053882803,0.4946865789151479,985.1058558815879,0.039233510618045524,366.3725822520146,2,0,2,26,0.0,503,162.0,0.3663725822520146,307.54827279769347,197318.75980257677,822.8633341538552,500000.0,0.4807091736087732,0,3,8.770975884214055,28,E10,mtbf,high,marketplace
3.737816235311094,6.544292385307472,7.639501109298034,20.647857262553316,5.87524588377286,13.145995755170645,18.115967123842058,33.489558352454324,9.202010169381083,13.006149943614037,24.89690232980762,31.516724947554806,5.425709690603025,18.000725802031226,7.412152622444449,6.544292385307472,1.0,1.0,77164.28456252046,584688.0408818187,584688.0408818189,599,1.0000000000000002,0.0,0.0,0.0,21.783621630385046,25.70470829303963,29.6593922091408,22.618888946049903,3.737816235311094,475.9799356606218,2036.3628417495815,1006.9734887770541,0.4944961026257446,1188.6227574115107,0.04452751624729652,449.1236487951899,3,0,4,29,129.34383220056782,560,162.0,0.4491236487951899,277.8389710242603,165111.8279234262,983.8733281066582,500000.0,0.4623431679857992,0,10,29.684477544066706,29,E10,mtbf,high,marketplace
