delay_mean_consumables,delay_p90_consumables,delay_mean_science,delay_p90_science,delay_mean_equipment,delay_p90_equipment,delay_mean_infrastructure,delay_p90_infrastructure,delay_mean_element,delay_p90_element,delay_mean_bulk,delay_p90_bulk,delay_mean_return,delay_p90_return,delay_prio2_mean_h,delay_prio1_p90_h,sl24_prio1,sl48_prio12,landed_kg,ready_kg,delivered_kg,delivered_items,delivered_share,stranded_kg,stranded_share,backlog_kg,delay_mean_h,delay_median_h,delay_p90_h,delay_mass_weighted_h,delay_prio1_mean_h,tonne_days_waiting,km_total,km_empty,empty_km_share,energy_kwh,utilisation,operator_hours,faults,night_strandings,team_lifts,bundled_jobs,backhaul_kg,jobs,fleet_cost_musd,operator_cost_musd,cost_per_kg_usd,cost_per_tkm_usd,delivered_tkm,bulk_kg,revenue_gini,unmet_operator_waits,repositions,km_reposition,seed,exp,phase,n_vehicles,mechanism
2.596388504268287,3.676155338761603,3.0201140421235806,3.831275296360906,2.3708243199622907,2.5876770643115377,,,,,34.19608360454649,51.6449916624538,2.973949772202559,3.612041175768991,2.7418470183401706,3.676155338761603,1.0,1.0,4830.467187412424,35209.46591596137,35209.46591596137,77,1.0,0.0,0.0,0.0,27.242557830905476,25.382608026528942,48.83120406523272,29.502647960275354,2.596388504268287,40.35141102631183,212.75179434070373,105.83417996131287,0.4974537596229554,89.80896627976796,0.005951869307959692,46.02970022879707,1,0,0,2,0.0,75,102.0,0.04602970022879707,2898.255541387484,2512431.7079352974,40.61643919630742,30000.0,0.37970453724765774,0,1,2.6356018297700885,0,E11,P1,3,marketplace
2.5181321705065685,3.2517490113802463,3.2960205819481416,3.7446518827129696,,,,,,,35.02562567350863,51.459088680602264,20.67637419587684,55.951496978433724,3.2960205819481416,3.2517490113802463,1.0,1.0,1281.7659605667054,31588.207608463028,31588.207608463028,75,1.0,0.0,0.0,0.0,29.755420132238008,25.382608026528942,49.996606978108964,33.455906488636955,2.5181321705065685,41.43139961620324,202.78913123802846,101.20346686014483,0.4990576479237189,84.63102224653294,0.0057844374817357415,45.05815646422142,1,0,0,3,0.0,72,102.0,0.04505815646422142,3230.479532783765,3372669.0670539937,30.2564693207804,30000.0,0.43161045458755537,0,0,0.0,1,E11,P1,3,marketplace
4.606833583604839,9.907933723194446,8.247081031491689,9.824593454596107,19.05275699999629,25.33799807683754,,,,,32.88762545644295,53.466887145475205,26.195911256421976,73.73439017081455,14.73048661259445,9.907933723194446,1.0,1.0,5740.740956911895,36410.87704081861,36410.87704081861,83,1.0,0.0,0.0,0.0,27.22129434929324,25.382608026528942,52.59839005881576,28.781667971220728,4.606833583604839,40.947037002202684,209.58921575653085,102.714156401143,0.49007367115902006,77.64124475198805,0.0057985429315962215,59.47170499410264,0,0,1,2,0.0,79,102.0,0.059471704994102634,2802.99405011804,2307194.2562213256,44.23531804042585,30000.0,0.3433030712457377,0,5,12.78894323375855,2,E11,P1,3,marketplace
2.192214555203782,2.9797289160243965,2.2564147806942856,2.5713763568184733,1.670174456582572,1.670174456582572,,,,,35.508799046747754,73.48296222479495,2.5882483836292067,3.45964530784745,2.0610013393237145,2.9797289160243965,1.0,1.0,3199.4145500782147,33746.80032532189,33746.80032532189,70,1.0,0.0,0.0,0.0,30.75497880523019,25.382608026528942,72.09097573372698,31.785949811908754,2.192214555203782,42.50592447398803,144.33993263752825,72.40537520605073,0.5016309338863125,53.54044102226737,0.004026244133082574,31.51802516519324,0,0,0,3,0.0,67,102.0,0.03151802516519324,3023.44272765338,3050370.5417202683,33.44889305403013,30000.0,0.48340549603011757,0,2,4.493071829356391,3,E11,P1,3,marketplace
13.078018937126293,35.59163092345443,6.101547658444891,10.593626026183484,5.927235150760225,6.762806644055582,,,,,36.19173261293477,63.8335475900612,2.134424919452954,3.0892621777826665,6.031822655371025,35.59163092345443,0.8333333333333334,0.9090909090909091,4329.305213589062,34586.95334764573,34586.95334764573,75,1.0,0.0,0.0,0.0,30.51558511138015,25.382608026528942,63.58499554023956,32.32552137966032,13.078018937126293,44.05354447178313,188.05099916981624,88.42761777476123,0.47023210812566957,71.89384814256287,0.005222727102501595,50.50399669709216,0,0,1,2,0.0,73,102.0,0.05050399669709216,2950.5490978332577,2582614.6672055344,39.514413548622315,30000.0,0.3432062372870048,0,1,2.2465359146781956,4,E11,P1,3,marketplace
2.8190473162233993,4.896223935610806,2.230653336700925,2.230653336700925,,,,,,,33.3141227348511,53.7213429777471,2.3622153858452974,3.5860446171913054,2.230653336700925,4.896223935610806,1.0,1.0,1265.5142137587914,31771.153856430097,31771.153856430097,72,1.0,0.0,0.0,0.0,28.191713586865742,25.382608026528942,47.17649491000067,31.573927213650837,2.8190473162233993,39.74642270347402,147.7497371836823,73.21593327491719,0.49554019296762086,53.01408755381425,0.004437213212380239,41.285649902650775,0,0,0,3,0.0,69,102.0,0.041285649902650774,3211.758883892431,3542272.7934444966,28.806727093053148,30000.0,0.413217726314049,0,3,6.2805944551227775,5,E11,P1,3,marketplace
6.209849014758523,16.861301479120904,10.161029513591835,15.412190205495516,19.845932191564998,51.52058559932048,,,,,35.91099817290969,76.9792002669818,22.789872574975362,77.16296424441363,13.885992082043051,16.861301479120904,1.0,0.96,7439.4649992758405,38672.369262739725,38672.369262739725,97,1.0,0.0,0.0,0.0,27.661592232143796,25.382608026528942,69.68940289169993,33.150767797732705,6.209849014758523,50.23453928140657,373.6650280178167,171.64280268513008,0.4593493900021759,148.46049582017477,0.0106010041011164,155.99811875130425,1,0,1,4,0.0,92,102.0,0.15599811875130426,2641.5758865122634,1890260.0923261472,54.04335547974168,30000.0,0.16155266812787028,0,2,5.271203659540177,6,E11,P1,3,marketplace
10.690067500457019,19.841953536962958,21.831350714973876,47.70513031130396,3.0664255792706996,4.517742867683597,,,,,35.38250785338435,54.071452535007396,7.340472823211474,4.689859315268677,13.000797709937087,19.841953536962958,0.9285714285714286,0.9354838709677419,12729.498123541025,43950.4522703291,43950.4522703291,102,1.0,0.0,0.0,0.0,25.238923316997212,25.382608026528942,46.3942298455173,26.418360452041238,10.690067500457019,44.67326585069759,366.8477587227541,181.3725775010493,0.49440830205022995,152.32066322766778,0.008306046601028086,70.53797817343245,0,0,2,6,301.86461941071826,92,102.0,0.07053797817343245,2322.400173503587,1448719.998442502,70.45566989335966,30000.0,0.346988473292239,0,6,20.077049784623572,7,E11,P1,3,marketplace
8.293641264695907,19.40274376972067,2.818251324811513,3.4117297418243653,2.614258153135779,2.614258153135779,,,,,35.615915692393514,58.95365097850555,3.074673977849102,5.023059316926811,2.7672530318925794,19.40274376972067,0.8571428571428571,1.0,1582.849888636293,31834.816948207474,31834.816948207474,75,1.0,0.0,0.0,0.0,29.578375179139318,25.382608026528942,52.22253777569171,34.00845945496422,8.293641264695907,42.41209632896499,182.76783538151085,89.10035996482954,0.4875056914628377,69.14531545456191,0.0057883226992088786,48.87287030304252,1,0,0,4,0.0,71,102.0,0.048872870303042514,3205.5743570420977,3280919.6920222812,31.103739941712057,30000.0,0.44163925835666723,0,4,9.212732199571061,8,E11,P1,3,marketplace
8.009992329260248,18.894690655636843,10.130171869507103,16.816172632974464,14.293603060006763,52.80273805169163,,,,,36.87527868573083,83.85553945809389,8.495430189976927,24.855551154403855,11.431244116538247,18.894690655636843,0.9,0.9032258064516129,18446.96496806038,50923.693820075394,50923.693820075394,139,1.0,0.0,0.0,0.0,21.3168245753992,16.33309122013543,51.0404791850322,26.948533676225008,8.009992329260248,52.26590848494535,608.0285224380726,282.7641698765748,0.46505083140301884,244.54776024973754,0.01443847339118604,165.63001805487636,2,0,1,5,108.6626230731395,132,102.0,0.16563001805487637,2006.249396970858,1125717.4912116404,90.75601189077307,30000.0,0.2581518975404422,0,3,11.711231006401498,9,E11,P1,3,marketplace
2.8385603035498206,4.394094621644944,4.383566106686374,7.10751051111704,,,,,,,37.161387047076545,71.70854714419212,3.085346083615453,4.321167101850551,4.383566106686374,4.394094621644944,1.0,1.0,1142.6629900356916,31228.52326489598,31228.52326489598,72,1.0,0.0,0.0,0.0,31.537032319721302,25.382608026528942,58.333922789488675,35.815460526168536,2.8385603035498206,44.66695553655125,187.006736279196,91.94279056133121,0.49165496596904995,70.9941028071061,0.004702286887383261,40.51572431219917,0,0,0,1,0.0,71,102.0,0.04051572431219917,3267.542139561113,3526983.9358364823,28.93138091373575,30000.0,0.4255957431731736,0,3,7.9068054893102655,10,E11,P1,3,marketplace
24.69601236209924,89.0075921893674,2.3885438148379308,2.3885438148379308,6.268582351616715,6.268582351616715,,,,,37.40332522142527,89.60860559191275,2.619926546771353,3.5096678588906345,4.328563083227323,89.0075921893674,0.75,0.8,3248.603384562389,34436.17943600556,34436.17943600556,74,1.0,0.0,0.0,0.0,33.255465466700684,25.382608026528942,87.54373799964017,33.776765771631545,24.69601236209924,46.04396527469049,188.76362426801686,92.66867697447792,0.49092444232211757,76.40955535775731,0.004721992938635982,33.437975933294425,0,0,1,2,0.0,72,102.0,0.03343797593329442,2962.9720731809707,2561222.9569607987,39.83778050193972,30000.0,0.38050618999661295,0,3,7.517739574218373,11,E11,P1,3,marketplace
29.180928605446525,94.3767976826283,3.5419701487599013,4.87536988720276,4.773228273229809,5.324089389719665,,,,,36.69976418828331,65.31575718831591,2.4387694684365897,3.7503745670359425,4.069652202104147,94.3767976826283,0.7142857142857143,0.8571428571428571,4146.857446720956,34417.819835431044,34417.819835431044,78,1.0,0.0,0.0,0.0,31.339679420815376,25.382608026528942,66.03854559556348,33.777832222759514,29.180928605446525,46.0716666780316,196.16600730624754,98.21890776705935,0.5006928015500841,82.26500002590865,0.0047929290769294615,34.86932773208592,0,0,0,5,0.0,73,102.0,0.03486932773208592,2964.594207756687,2567423.6644346667,39.74212388129546,30000.0,0.4265224157690666,0,1,2.2465359146781956,12,E11,P1,3,marketplace
2.3771875844558963,3.5088644130513784,4.347655984165635,6.9940861176699425,3.6634847437765075,4.686430439678998,,,,,31.03983492911021,44.71930662119104,2.62596821460761,3.7666831798514067,4.223261213185793,3.5088644130513784,1.0,1.0,3556.5131353520464,33833.47547751592,33833.47547751592,80,1.0,0.0,0.0,0.0,24.14044724840458,25.382608026528942,30.436288524553998,27.96457830547344,2.3771875844558963,36.780462227130435,223.76528188938175,113.76068342910153,0.5083929127367447,81.26278546349484,0.006099249853179975,65.85072996347257,1,0,1,5,0.0,75,102.0,0.06585072996347258,3016.711977987347,2818392.118142649,36.214212377668005,30000.0,0.3928334118691983,0,7,16.34140585869754,13,E11,P1,3,marketplace
4.1768827590057676,3.15585800007392,3.7507922243595146,6.320170896243866,2.6246190687806084,3.7940772997400813,,,,,35.36396689261382,66.44896052606528,11.307553831449667,24.154585001804378,3.1877056465700613,3.15585800007392,0.9333333333333333,1.0,7831.385463828565,38601.73331458711,38601.73331458711,95,1.0,0.0,0.0,0.0,24.349517403708994,25.382608026528942,51.5184281685728,28.26556644760245,4.1768827590057676,42.739903265492806,301.99112382169164,146.72774827141455,0.48586775139142446,113.77285581271543,0.006723560770001827,54.98628769883966,0,0,0,5,0.0,90,102.0,0.05498628769883966,2643.7928436009774,2089073.3339478348,48.85179693277689,30000.0,0.36849000932726267,0,5,18.209368957726195,14,E11,P1,3,marketplace
23.515078491682534,40.83230156563123,19.66792283967644,40.666630339741644,21.22036695279536,46.35009089032806,,,,,37.29314720404586,82.3368451501473,6.238145621369085,10.015841982957728,20.091316688708872,40.83230156563123,0.5,0.9130434782608695,8457.63073932978,38969.3394229866,38969.3394229866,85,1.0,0.0,0.0,0.0,32.39118292895856,25.382608026528942,62.698950141092666,34.247140935234846,23.515078491682534,52.288139878142296,243.63825278739938,117.86237624992962,0.48375973354552515,93.92892475085532,0.0067251353049484035,72.19262445843873,0,0,2,4,0.0,76,102.0,0.07219262445843873,2619.294915844782,1973744.221765689,51.71500516573815,30000.0,0.3026872755840464,0,3,6.18806445470908,15,E11,P1,3,marketplace
4.625690816089711,8.572343147224274,4.888073404065443,8.498842588350636,3.6900705197240313,4.189322444368372,,,,,37.89557532668998,104.01402122550671,1.7440240665288609,1.7822497570981795,4.5457868656821825,8.572343147224274,1.0,1.0,3243.133331988896,34062.42956165505,34062.42956165505,76,1.0,0.0,0.0,0.0,30.77027953628025,25.382608026528942,64.22383705275479,33.82224563688473,4.625690816089711,45.58157308003244,205.60880437324118,103.08887211148347,0.5013835493364694,77.7852696566503,0.005519741889016965,53.28538204254629,0,0,1,3,0.0,73,102.0,0.05328538204254629,2996.0659499440562,2719074.770473418,37.53235714230619,30000.0,0.3208454796732732,0,3,6.025587080475466,16,E11,P1,3,marketplace
2.533904720817039,4.173697589386393,2.7828596383777344,4.032916707695586,,,,,,,35.092117764210165,59.93584018915459,4.2522117733497,4.2522117733497,2.7828596383777344,4.173697589386393,1.0,1.0,3889.8951259503547,31177.004109815436,31177.004109815436,70,1.0,0.0,0.0,0.0,30.476161212371363,25.382608026528942,50.358983834599,33.852207690146706,2.533904720817039,41.57053691016891,150.34630404041218,74.75751284481616,0.49723545465222607,52.01520710842655,0.005213732968405036,45.251404592209596,1,0,0,1,0.0,69,102.0,0.045251404592209596,3273.0935610476236,3686554.646462229,27.680384855414815,30000.0,0.30531201863389007,0,4,9.375209573804677,17,E11,P1,3,marketplace
13.316947108153423,20.551144641701466,,,6.190359923995857,6.190359923995857,,,,,39.57019031716477,68.75692535111861,,,6.190359923995857,20.551144641701466,1.0,1.0,755.0703047028676,30755.07030470287,30755.07030470287,64,1.0,0.0,0.0,0.0,37.8180096918491,25.382608026528942,68.19837449984416,38.802508868545615,13.316947108153423,47.77045722514316,111.25945546670077,55.62463651647238,0.4999542401420477,44.35310059576044,0.003424442307237784,22.49858595855224,0,0,0,4,0.0,60,102.0,0.022498585958552243,3317.2578561902337,3763473.745872906,27.108598458495504,30000.0,0.16985460353956472,0,0,0.0,18,E11,P1,3,marketplace
29.909260284502487,87.76059012082996,52.91566438290829,96.62254340877863,48.26598478889181,113.21904153992705,,,,,31.746812418358203,49.87007902461312,33.105947274749454,82.67438733403706,50.1258566264984,87.76059012082996,0.7,0.65,8571.125457486412,39650.917516547604,39650.917516547604,85,1.0,0.0,0.0,0.0,33.77281941864998,25.382608026528942,83.8805560035355,36.24766277111994,29.909260284502487,56.80067727391259,233.96254192368846,116.34394267728297,0.4972759387920775,85.47941843932793,0.006656743645844223,71.85828348017183,0,0,1,6,653.4874095410584,77,102.0,0.07185828348017184,2574.262203160426,1946611.9074046155,52.435648777865964,30000.0,0.3413653586341952,0,5,14.813554265972284,19,E11,P1,3,marketplace
1.8627128105390511,1.8627128105390511,2.388543814838158,2.388543814838158,,,,,,,35.04235447663663,66.4258027766642,41.37122657651662,51.20819651701377,2.388543814838158,1.8627128105390511,1.0,1.0,622.3720262044069,30816.949777609487,30816.949777609487,65,1.0,0.0,0.0,0.0,33.71381063364842,25.382608026528942,63.88797973091897,34.36186590413764,1.8627128105390511,41.739370131335164,137.37001014204859,70.23373828403987,0.5112741726626802,52.55185293063559,0.004585157787736444,29.75375364815942,1,0,0,1,162.20423515102988,63,102.0,0.029753753648159423,3310.832333827516,3750460.4427276547,27.204594025645402,30000.0,0.20589300259879595,0,2,3.9415285400308844,20,E11,P1,3,marketplace
18.832750072417657,52.7859159648815,3.424023271935463,3.8732150776282652,95.24820039294173,95.24820039294173,,,,,40.76506653595943,103.545061891517,4.621940809263833,4.621940809263833,26.38006755218703,52.7859159648815,0.8333333333333334,0.8,1725.909436600639,31835.96239679737,31835.96239679737,71,1.0,0.0,0.0,0.0,37.5921507550716,25.382608026528942,101.31962015641511,39.86492230628844,18.832750072417657,50.88091935421499,167.107072401748,79.73116792979202,0.47712623280304683,65.77865460140087,0.004383576307118631,35.19874410729622,0,0,0,2,0.0,69,102.0,0.035198744107296225,3205.0295031876217,3336199.88670533,30.584258200689625,30000.0,0.3382155809825084,0,2,5.271203659540177,21,E11,P1,3,marketplace
28.110648620121175,83.49360673609098,4.8137389668245305,4.8137389668245305,54.81043189142656,108.92203603399048,,,,,33.60458949670784,63.76586153637469,15.075879314775193,41.1831964547424,44.81109330650615,83.49360673609098,0.7,0.6666666666666666,5911.405730587733,36502.56741463976,36502.56741463976,80,1.0,0.0,0.0,0.0,32.46020898887611,25.382608026528942,81.28048970080621,34.49672901915987,28.110648620121175,49.99915257044166,193.59515381840896,95.11040181913638,0.49128503448154154,72.82866391868386,0.005182677025899552,49.34246788587619,0,0,0,2,14.857093362002152,77,102.0,0.04934246788587619,2795.6757481929303,2382384.9251680044,42.83495139253764,30000.0,0.42484799027314296,0,3,6.443071829356391,22,E11,P1,3,marketplace
2.048657618347079,2.5537869865871468,,,2.100324818271929,2.100324818271929,,,,,38.575223434507556,77.6045950128574,3.96485315612631,4.490523278636692,2.100324818271929,2.5537869865871468,1.0,1.0,3315.7133667525063,33433.14609551114,33433.14609551114,71,1.0,0.0,0.0,0.0,32.97088307250359,25.382608026528942,65.57598932237897,34.83059907307606,2.048657618347079,45.88707375201671,148.55250813246516,72.58907897616447,0.4886425674579412,54.25999068068185,0.005168087041568038,41.75381118461881,1,0,0,2,0.0,69,102.0,0.04175381118461881,3052.113418212985,2861086.7008575564,35.6653832897128,30000.0,0.31189134932910684,0,4,9.07867365912648,23,E11,P1,3,marketplace
3.0395930549520513,6.114953332319146,6.3291712744190365,11.825582511000812,21.579255327453097,38.53499334643484,,,,,32.358626536581205,45.253106511147514,10.895915545136306,26.40233063000379,13.954213300936066,6.114953332319146,1.0,1.0,7517.853055211416,38131.53970608551,38131.53970608551,88,1.0,0.0,0.0,0.0,24.89507565482568,25.382608026528942,40.06333153176779,28.73741664900128,3.0395930549520513,42.80985278706427,304.2725507506954,141.36556671844824,0.4646017735404453,113.00728692353586,0.00867579435944816,114.25154562437784,1,0,1,0,0.0,88,102.0,0.11425154562437785,2677.9472408591914,1887605.3381758232,54.09724664389185,30000.0,0.22338826088555397,0,5,17.830513869945378,24,E11,P1,3,marketplace
1.9736866692685453,2.179260003214085,,,,,,,,,38.19924579820851,91.84488764960807,48.19370494292821,85.37529289580111,,2.179260003214085,1.0,1.0,368.8933838658503,30577.839646532593,30577.839646532593,64,1.0,0.0,0.0,0.0,37.379523923701626,25.382608026528942,93.70229053665062,37.546011304267694,1.9736866692685453,45.89301252062999,117.08220241556646,59.092644497108736,0.5047107355169822,45.960334612367014,0.003470374553623234,22.671877483588663,0,0,0,3,10.0,60,102.0,0.022671877483588662,3336.4905126334706,3850618.370696579,26.49513975570309,30000.0,0.34660307708856375,0,1,2.6356018297700885,25,E11,P1,3,marketplace
59.99014559349135,99.06322907450613,93.16470233306586,101.96096964399958,,,,,,,31.65196281779829,46.04657879018381,15.851064041958306,42.15351165732955,93.16470233306586,99.06322907450613,0.36363636363636365,0.26666666666666666,3032.2519646289006,33373.801542352376,33373.801542352376,80,1.0,0.0,0.0,0.0,37.63654375172946,25.382608026528942,94.79369562938562,34.690972840308376,59.99014559349135,45.352130494334475,151.1244358705959,69.90607783178771,0.46257296134191395,58.775601686393735,0.00553769852950734,44.81078320029359,1,0,0,3,0.0,70,102.0,0.04481078320029359,3057.63221650678,3063380.1693034563,33.31118083407943,30000.0,0.4564893062933028,0,0,0.0,26,E11,P1,3,marketplace
5.008983001217388,10.660526108771405,7.007584104854686,10.16972967965521,47.35068770807857,83.4341837729623,,,,,35.498615208274025,65.9434623085702,21.118063323062053,57.39209157113474,27.179135906466627,10.660526108771405,1.0,0.9285714285714286,5572.959393517983,36671.67406116807,36671.67406116807,79,1.0,0.0,0.0,0.0,30.30776712341509,25.382608026528942,66.53939334660883,36.00535366558823,5.008983001217388,52.22740158262743,206.72339945266344,102.15861873555045,0.49418023797031857,72.76197830439239,0.005920281893789412,65.14193809815424,0,0,1,5,0.0,74,102.0,0.06514193809815425,2783.2146895681467,2312431.536763259,44.137584319992484,30000.0,0.3891106385187196,0,5,10.77366628447917,27,E11,P1,3,marketplace
23.232257532509628,62.98519573555212,6.190603848496721,9.358861435608787,34.41676558958375,55.82337203681896,,,,,33.062668230368104,48.078630514740496,8.358181869599775,8.358181869599775,15.599324428859063,62.98519573555212,0.7,0.75,6488.086101243248,36543.43310250734,36543.43310250734,77,1.0,0.0,0.0,0.0,30.104373994674503,25.382608026528942,59.56178137083081,32.294724904157576,23.232257532509628,46.385020627900495,210.03422542676873,98.98930325518245,0.47130082277803054,80.7514038341009,0.005939832155968023,62.38422263639426,0,0,2,3,0.0,74,102.0,0.06238422263639426,2792.906291435263,2264138.877181626,45.07779326225893,30000.0,0.4027398511587408,0,3,7.1286736591264805,28,E11,P1,3,marketplace
2.307801303821966,3.097007760460585,3.419983432962084,3.642224946861387,1.8917933197172658,2.069088410225021,,,,,33.83569481926087,58.849928147402096,4.499741436072441,4.499741436072441,2.655888376339675,3.097007760460585,1.0,1.0,2700.968195570981,32710.968195570982,32710.968195570982,71,1.0,0.0,0.0,0.0,29.001574534084725,25.382608026528942,53.59087420734522,31.20467807738186,2.307801303821966,40.404585740100956,185.66776284246293,94.47255160156395,0.5088258195997271,74.4207768402806,0.004415072229892888,31.654137223693464,0,0,0,2,0.0,69,102.0,0.031654137223693465,3119.1878371560592,3073933.3287980757,33.1925397279578,30000.0,0.42732610089131473,0,4,8.434600369387276,29,E11,P1,3,marketplace
2.596388504268287,3.676155338761603,3.148597375839657,3.831275296360906,2.3708243199622907,2.5876770643115377,,,,,34.19608360454649,51.6449916624538,2.973949772202559,3.612041175768991,2.8152660661779287,3.676155338761603,1.0,1.0,4830.467187412424,35209.46591596137,35209.46591596137,77,1.0,0.0,0.0,0.0,27.249232289799817,25.382608026528942,48.83120406523272,29.50367324177654,2.596388504268287,40.35141102631183,212.75179434070373,105.83417996131287,0.4974537596229554,90.98672409139195,0.0059518693079597075,46.158183562513145,1,0,0,2,0.0,75,102.0,0.046158183562513146,2898.2591905008794,2512434.8712685746,40.61643919630742,30000.0,0.3784066279432188,0,0,0.0,0,E11,P1,3,marketplace_no_anticipate
2.5181321705065685,3.2517490113802463,3.2960205819481416,3.7446518827129696,,,,,,,35.02562567350863,51.459088680602264,20.67637419587684,55.951496978433724,3.2960205819481416,3.2517490113802463,1.0,1.0,1281.7659605667054,31588.207608463028,31588.207608463028,75,1.0,0.0,0.0,0.0,29.755420132238008,25.382608026528942,49.996606978108964,33.455906488636955,2.5181321705065685,41.43139961620324,202.78913123802846,101.20346686014483,0.4990576479237189,84.63102224653294,0.0057844374817357415,45.05815646422142,1,0,0,3,0.0,72,102.0,0.04505815646422142,3230.479532783765,3372669.0670539937,30.2564693207804,30000.0,0.43161045458755537,0,0,0.0,1,E11,P1,3,marketplace_no_anticipate
4.807035331989027,9.907933723194446,8.247081031491689,9.824593454596107,19.05275699999629,25.33799807683754,,,,,32.89619101202402,53.466887145475205,25.687673738692638,73.47742350338262,14.73048661259445,9.907933723194446,1.0,1.0,5740.740956911895,36410.87704081861,36410.87704081861,83,1.0,0.0,0.0,0.0,27.21969108675226,25.382608026528942,52.59839005881576,28.80080720036537,4.807035331989027,40.94678313911987,212.224817586301,105.34975823091308,0.4964064025550297,85.06481832488963,0.005721619094585285,56.37776180008096,0,0,1,2,0.0,79,102.0,0.05637776180008096,2802.909077070273,2307124.3133943924,44.23531804042585,30000.0,0.385545316489081,0,0,0.0,2,E11,P1,3,marketplace_no_anticipate
2.116132309192426,2.740272463272777,2.2564147806942856,2.5713763568184733,2.016862097736521,2.016862097736521,,,,,35.52095785437042,73.48296222479495,2.5882483836292067,3.45964530784745,2.1765638863750305,2.740272463272777,1.0,1.0,3199.4145500782147,33746.80032532189,33746.80032532189,70,1.0,0.0,0.0,0.0,30.764918874779582,25.382608026528942,72.09097573372698,31.802965988816208,2.116132309192426,42.50592447398803,144.48962624854192,72.55506881706441,0.5021472523727051,55.11618234080371,0.004026336583088252,31.691976382307576,0,0,0,3,0.0,67,102.0,0.03169197638230758,3023.447882252199,3050375.7422277057,33.44889305403013,30000.0,0.48770966533503585,0,0,0.0,3,E11,P1,3,marketplace_no_anticipate
13.530855834793556,36.05427144965461,10.101547658444892,20.193626026183484,5.927235150760225,6.762806644055582,,,,,36.19173261293477,63.8335475900612,2.134424919452954,3.0892621777826665,8.431822655371025,36.05427144965461,0.8333333333333334,0.9090909090909091,4329.305213589062,34586.95334764573,34586.95334764573,75,1.0,0.0,0.0,0.0,30.71181206319353,25.382608026528942,63.58499554023956,32.37896313615547,13.530855834793556,44.053544471783134,186.4900650849081,86.86668368985313,0.46579791609972954,71.57950812797039,0.005769543455045336,66.35803696013457,1,0,1,2,0.0,73,102.0,0.06635803696013458,2951.0074799319555,2583015.8889076747,39.514413548622315,30000.0,0.2935413785857108,0,0,0.0,4,E11,P1,3,marketplace_no_anticipate
1.984265623181841,2.230653336700925,4.2522117733497,4.2522117733497,,,,,,,33.31270415643205,53.7213429777471,2.3622153858452974,3.5860446171913054,4.2522117733497,2.230653336700925,1.0,1.0,1265.5142137587914,31771.153856430097,31771.153856430097,72,1.0,0.0,0.0,0.0,28.14904349760542,25.382608026528942,47.17649491000067,31.57306171427916,1.984265623181841,39.74642270347402,144.30758468993938,69.77378078117425,0.48350737025424445,55.2950120027507,0.004241058637033885,36.36241122256099,0,0,0,3,0.0,69,102.0,0.036362411222560995,3211.6039245005777,3542101.8875771216,28.806727093053148,30000.0,0.424882340256089,0,0,0.0,5,E11,P1,3,marketplace_no_anticipate
6.252676792663844,16.861301479120904,10.161029513591835,15.412190205495516,19.845932191564998,51.52058559932048,,,,,35.90243261732863,76.9792002669818,22.789872574975362,77.16296424441363,13.885992082043051,16.861301479120904,1.0,0.96,7439.4649992758405,38672.369262739725,38672.369262739725,97,1.0,0.0,0.0,0.0,27.661592232143796,25.382608026528942,69.68940289169993,33.14607428850652,6.252676792663844,50.23453928140658,368.3938243582765,166.37159902558992,0.45161343113012514,148.46049582017477,0.01056189197517546,155.99811875130422,1,0,1,4,0.0,92,102.0,0.15599811875130423,2641.5758865122634,1890260.0923261472,54.04335547974168,30000.0,0.16887376109171962,0,0,0.0,6,E11,P1,3,marketplace_no_anticipate
11.290464523799127,19.841953536962958,21.831350714973876,47.70513031130396,3.1740032012729458,4.517742867683597,,,,,35.371564659152185,54.071452535007396,7.042606830258581,4.591180382822131,13.051422473232261,19.841953536962958,0.9285714285714286,0.9354838709677419,12729.498123541025,43950.4522703291,43950.4522703291,102,1.0,0.0,0.0,0.0,25.291208235883442,25.382608026528942,46.3942298455173,26.436134247623475,11.290464523799127,44.67219530411117,360.7984232330302,175.32324201132536,0.4859312866178706,156.60797851822122,0.008124586834786897,73.91951206795498,0,0,2,6,301.86461941071826,92,102.0,0.07391951206795498,2322.4771131872503,1448767.9936414638,70.45566989335966,30000.0,0.37807415081945567,0,0,0.0,7,E11,P1,3,marketplace_no_anticipate
8.027607162528804,18.756476469948772,3.6786836982684767,4.252981781075983,2.614258153135779,2.614258153135779,,,,,35.615915692393514,69.46278711582966,3.074673977849102,5.023059316926811,3.4125773119853022,18.756476469948772,0.8571428571428571,1.0,1582.849888636293,31834.816948207474,31834.816948207474,75,1.0,0.0,0.0,0.0,29.587962624541998,25.382608026528942,50.2855774887751,34.01707665821655,8.027607162528804,42.41209632896499,182.76783538151085,89.10035996482954,0.4875056914628377,73.00573002114453,0.005676030988543532,47.42399409804379,1,0,0,4,0.0,71,102.0,0.04742399409804379,3205.5288447274716,3280873.109964698,31.103739941712057,30000.0,0.44991986785298216,0,0,0.0,8,E11,P1,3,marketplace_no_anticipate
8.034317147781822,18.894690655636843,9.864254625210163,16.816172632974464,14.293603060006763,52.80273805169163,,,,,36.882103273448614,83.9495517227113,8.288108753518259,23.180474280419315,11.248426011084101,18.894690655636843,0.9,0.9032258064516129,18446.96496806038,50923.693820075394,50923.693820075394,139,1.0,0.0,0.0,0.0,21.25757692089837,16.33309122013543,51.0404791850322,26.942771727960963,8.034317147781822,52.26734872947565,614.1819743216855,288.91762176018767,0.4704104546201863,255.546933039825,0.013801657697565774,149.87527565163595,2,0,1,5,108.6626230731395,132,102.0,0.14987527565163594,2005.9400175597946,1125543.8967348118,90.75601189077307,30000.0,0.28045430318935605,0,0,0.0,9,E11,P1,3,marketplace_no_anticipate
3.0441336374954515,4.394094621644944,4.512049440402336,7.2616905115761945,,,,,,,37.161387047076545,71.70854714419212,3.085346083615453,4.321167101850551,4.512049440402336,4.394094621644944,1.0,1.0,1142.6629900356916,31228.52326489598,31228.52326489598,72,1.0,0.0,0.0,0.0,31.55844620867397,25.382608026528942,58.333922789488675,35.825662760619075,3.0441336374954515,44.66695553655125,187.00673627919602,91.94279056133121,0.4916549659690499,74.52737624197806,0.004702286887383268,40.90117431334717,0,0,0,1,0.0,71,102.0,0.040901174313347166,3267.5544824438643,3526997.258740159,28.93138091373575,30000.0,0.4258485025831799,0,0,0.0,10,E11,P1,3,marketplace_no_anticipate
24.824495695815315,89.0075921893674,2.7352314559918796,2.7352314559918796,6.268582351616715,6.268582351616715,,,,,37.40332522142527,89.60860559191275,2.619926546771353,3.5096678588906345,4.501906903804297,89.0075921893674,0.75,0.8,3248.603384562389,34436.17943600556,34436.17943600556,74,1.0,0.0,0.0,0.0,33.27404052495585,25.382608026528942,87.54373799964017,33.78646400711053,24.824495695815315,46.04396527469049,188.76362426801686,92.66867697447795,0.49092444232211774,79.55135855114263,0.004721992938636015,33.78161451101512,0,0,1,2,0.0,72,102.0,0.03378161451101512,2962.982052179319,2561231.582907661,39.83778050193972,30000.0,0.38205586195279234,0,0,0.0,11,E11,P1,3,marketplace_no_anticipate
29.180928605446525,94.3767976826283,3.6286420590483885,4.87536988720276,4.773228273229809,5.324089389719665,,,,,36.69976418828331,65.31575718831591,2.4387694684365897,3.7503745670359425,4.119179007983283,94.3767976826283,0.7142857142857143,0.8571428571428571,4146.857446720956,34417.819835431044,34417.819835431044,78,1.0,0.0,0.0,0.0,31.344124134163504,25.382608026528942,66.03854559556348,33.77852400606529,29.180928605446525,46.07166667803159,196.16600730624754,98.21890776705935,0.5006928015500841,83.05128759604602,0.004792929076929458,34.95599964237441,0,0,0,5,0.0,73,102.0,0.03495599964237441,2964.5967259844742,2567425.845292201,39.74212388129546,30000.0,0.4271994035199871,0,0,0.0,12,E11,P1,3,marketplace_no_anticipate
2.549311779659547,3.5088644130513784,4.472344196613354,6.9940861176699425,3.6634847437765075,4.686430439678998,,,,,31.02549124617657,44.71930662119104,2.62596821460761,3.7666831798514067,4.325278841552109,3.5088644130513784,1.0,1.0,3556.5131353520464,33833.47547751592,33833.47547751592,80,1.0,0.0,0.0,0.0,24.154474672304946,25.382608026528942,30.384895191067564,27.960383836562226,2.549311779659547,36.780462227130435,214.00100640048515,103.99640794020496,0.4859622376989401,83.82007826412963,0.006033753584076639,66.13127844147994,1,0,1,5,0.0,75,102.0,0.06613127844147994,3016.7202700257512,2818399.8650591103,36.214212377668005,30000.0,0.38889265367090875,0,0,0.0,13,E11,P1,3,marketplace_no_anticipate
4.304152185294819,3.15585800007392,3.7507922243595146,6.320170896243866,2.6824003423062663,3.7940772997400813,,,,,35.367560144655414,66.44896052606528,11.801479490454,25.45535759989509,3.2165962833328905,3.15585800007392,0.9333333333333333,1.0,7831.385463828565,38601.73331458711,38601.73331458711,95,1.0,0.0,0.0,0.0,24.41712508191973,25.382608026528942,51.5184281685728,28.286903615927105,4.304152185294819,42.739903265492806,287.1458466452092,131.88247109493213,0.45928740615873537,112.58878514829661,0.0066795063027445265,63.132663912635635,0,0,0,5,0.0,90,102.0,0.06313266391263564,2644.003880140384,2089240.0908887312,48.85179693277689,30000.0,0.357616969792616,0,0,0.0,14,E11,P1,3,marketplace_no_anticipate
23.515078491682534,40.83230156563123,19.66792283967644,40.666630339741644,21.22036695279536,46.35009089032806,,,,,37.283009527759766,82.3368451501473,6.238145621369085,10.015841982957728,20.091316688708872,40.83230156563123,0.5,0.9130434782608695,8457.63073932978,38969.3394229866,38969.3394229866,85,1.0,0.0,0.0,0.0,32.384026922168374,25.382608026528942,62.698950141092666,34.23933658717337,23.515078491682534,52.288139878142296,235.75519570733758,109.9793191698678,0.4664979655693112,93.33567733198188,0.00666565247407,72.04055931414744,0,0,2,4,0.0,76,102.0,0.07204055931414743,2619.2910136707515,1973741.2813203812,51.71500516573815,30000.0,0.3039074214884785,0,0,0.0,15,E11,P1,3,marketplace_no_anticipate
4.669286305424914,8.572343147224274,5.115322289649856,9.180589245103874,3.6900705197240313,4.189322444368372,,,,,37.88700977110891,104.01402122550671,1.7440240665288609,1.7822497570981795,4.7081074982424775,8.572343147224274,1.0,1.0,3243.133331988896,34062.42956165505,34062.42956165505,76,1.0,0.0,0.0,0.0,30.781909589294315,25.382608026528942,64.22383705275479,33.81824747349026,4.669286305424914,45.58157308003244,200.33760071370102,97.81766845194325,0.48826415063107786,77.40415837894209,0.005480629763076013,54.358536370755075,0,0,1,3,0.0,73,102.0,0.05435853637075508,2996.0974554573745,2719103.363250688,37.53235714230619,30000.0,0.3300698372308141,0,0,0.0,16,E11,P1,3,marketplace_no_anticipate
2.6773415501534146,4.3576678524677845,2.9856131640995045,4.0852312948978575,,,,,,,34.69069918579111,59.93584018915459,4.2522117733497,4.2522117733497,2.9856131640995045,4.3576678524677845,1.0,1.0,3889.8951259503547,31177.004109815436,31177.004109815436,70,1.0,0.0,0.0,0.0,30.15307216734336,25.382608026528942,45.53330960395344,33.47362345522515,2.6773415501534146,41.570536910168904,149.24321746176116,73.65442626616513,0.49351942097493806,55.164602671396025,0.00429401343224499,39.59734630421961,0,0,0,1,0.0,69,102.0,0.03959734630421961,3272.9122075645223,3686350.3841906777,27.680384855414815,30000.0,0.4112394421036775,0,0,0.0,17,E11,P1,3,marketplace_no_anticipate
13.316947108153423,20.551144641701466,,,6.190359923995857,6.190359923995857,,,,,39.57019031716477,68.75692535111861,,,6.190359923995857,20.551144641701466,1.0,1.0,755.0703047028676,30755.07030470287,30755.07030470287,64,1.0,0.0,0.0,0.0,37.8180096918491,25.382608026528942,68.19837449984416,38.802508868545615,13.316947108153423,47.77045722514316,111.25945546670077,55.62463651647238,0.4999542401420477,44.35310059576044,0.003424442307237784,22.49858595855224,0,0,0,4,0.0,60,102.0,0.022498585958552243,3317.2578561902337,3763473.745872906,27.108598458495504,30000.0,0.16985460353956472,0,0,0.0,18,E11,P1,3,marketplace_no_anticipate
30.039979238750856,87.76059012082996,53.08748367176872,96.74388408318282,48.33032489406992,113.41206185546139,,,,,31.746812418358196,49.837868997961976,33.105947274749454,82.67438733403706,50.23318840514944,87.76059012082996,0.7,0.65,8571.125457486412,39650.917516547604,39650.917516547604,85,1.0,0.0,0.0,0.0,33.800825387226375,25.382608026528942,83.8805560035355,36.257596142292094,30.039979238750856,56.80067727391259,227.9311254021645,110.31252615575897,0.48397306844829635,88.3599638210893,0.006443154259369424,73.40030476161733,0,0,1,6,653.4874095410584,77,102.0,0.07340030476161732,2574.3010930872683,1946641.315284891,52.43564877786598,30000.0,0.3491185803271266,0,0,0.0,19,E11,P1,3,marketplace_no_anticipate
1.6893689899620767,1.8280440464236563,2.735231455992107,2.735231455992107,,,,,,,34.63657634928404,66.4258027766642,41.37122657651662,50.93084640409061,2.735231455992107,1.8280440464236563,1.0,1.0,622.3720262044069,30816.949777609487,30816.949777609487,65,1.0,0.0,0.0,0.0,33.33924620839988,25.382608026528942,63.88797973091897,33.96578269544345,1.6893689899620767,41.74124557740532,131.18194568733944,64.04567382933074,0.4882201852835598,51.765565360498215,0.0036022955460990247,23.667081737870593,0,0,0,1,162.20423515102988,63,102.0,0.023667081737870594,3310.6348233031385,3750236.7058137883,27.204594025645402,30000.0,0.08509653126026695,0,0,0.0,20,E11,P1,3,marketplace_no_anticipate
19.00406118403909,52.7859159648815,3.424023271935463,3.8732150776282652,95.24820039294173,95.24820039294173,,,,,40.76506653595943,103.545061891517,4.621940809263833,4.621940809263833,26.38006755218703,52.7859159648815,0.8333333333333334,0.8,1725.909436600639,31835.96239679737,31835.96239679737,71,1.0,0.0,0.0,0.0,37.60662775041989,25.382608026528942,101.31962015641511,39.87361029647567,19.00406118403909,50.88091935421499,167.10707240174804,79.73116792979202,0.4771262328030467,68.13417022464886,0.004383576307118659,35.455710774728374,0,0,0,2,0.0,69,102.0,0.03545571077472837,3205.0375747723356,3336208.28863111,30.584258200689625,30000.0,0.3517531049051931,0,0,0.0,21,E11,P1,3,marketplace_no_anticipate
28.210078740944574,83.49360673609098,4.8137389668245305,4.8137389668245305,54.81043189142656,108.92203603399048,,,,,33.60458949670784,63.76586153637469,15.075879314775193,41.1831964547424,44.81109330650615,83.49360673609098,0.7,0.6666666666666666,5911.405730587733,36502.56741463976,36502.56741463976,80,1.0,0.0,0.0,0.0,32.472637753979036,25.382608026528942,81.28048970080621,34.502796699894866,28.210078740944574,49.999152570441666,193.59515381840902,95.11040181913638,0.49128503448154137,75.08373905895856,0.005182677025899549,49.59104318793469,0,0,0,2,14.857093362002152,77,102.0,0.04959104318793469,2795.682557996176,2382390.728263233,42.83495139253764,30000.0,0.4268052913269025,0,0,0.0,22,E11,P1,3,marketplace_no_anticipate
2.2987282214460265,2.945943849332252,,,2.614258153135779,2.614258153135779,,,,,38.575223434507556,77.6045950128574,3.96485315612631,4.490523278636692,2.614258153135779,2.945943849332252,1.0,1.0,3315.7133667525063,33433.14609551114,33433.14609551114,71,1.0,0.0,0.0,0.0,33.006298539540985,25.382608026528942,65.57598932237897,34.85888378646564,2.2987282214460265,45.88707375201672,148.5525081324652,72.58907897616447,0.48864256745794116,57.24432363258058,0.005168087041568029,43.36282788139543,1,0,0,2,0.0,69,102.0,0.04336282788139543,3052.1615446050446,2861131.815098548,35.6653832897128,30000.0,0.31959861895516734,0,0,0.0,23,E11,P1,3,marketplace_no_anticipate
3.665024775024449,6.114953332319146,8.729171274419036,17.86978229720062,21.896799296898916,38.68041312067707,,,,,32.36217929552032,45.253106511147514,9.181629830850593,21.66591268775411,15.312985285658977,6.114953332319146,1.0,1.0,7517.853055211416,38131.53970608551,38131.53970608551,88,1.0,0.0,0.0,0.0,24.993719226466272,25.382608026528942,40.57230074161562,28.8350977368631,3.665024775024449,42.87461750932712,299.00134709115525,136.09436305890807,0.4551630431866167,117.55719608575293,0.008474808982687888,116.61687990606357,1,0,1,0,0.0,88,102.0,0.11661687990606358,2678.0092717737543,1887649.06192201,54.09724664389185,30000.0,0.23672572774927078,0,0,0.0,24,E11,P1,3,marketplace_no_anticipate
2.2306533367004704,2.2306533367004704,,,,,,,,,38.19924579820851,91.84488764960807,47.93673827549628,84.91275289442365,,2.2306533367004704,1.0,1.0,368.8933838658503,30577.839646532593,30577.839646532593,64,1.0,0.0,0.0,0.0,37.379523923701626,25.382608026528942,93.34253720224594,37.54625451206305,2.2306533367004704,45.89279838174046,117.08220241556646,59.092644497108736,0.5047107355169822,47.138092423991004,0.0034703745536232306,22.800360817304625,0,0,0,3,10.0,60,102.0,0.022800360817304625,3336.4947144781786,3850623.2200136576,26.49513975570309,30000.0,0.34746749095443885,0,0,0.0,25,E11,P1,3,marketplace_no_anticipate
59.99014559349135,99.06322907450613,93.16470233306586,101.96096964399958,,,,,,,31.65196281779829,46.04657879018381,15.851064041958306,42.15351165732955,93.16470233306586,99.06322907450613,0.36363636363636365,0.26666666666666666,3032.2519646289006,33373.801542352376,33373.801542352376,80,1.0,0.0,0.0,0.0,37.63654375172946,25.382608026528942,94.79369562938562,34.690972840308376,59.99014559349135,45.352130494334475,151.1244358705959,69.90607783178771,0.46257296134191395,58.775601686393735,0.00553769852950734,44.81078320029359,1,0,0,3,0.0,70,102.0,0.04481078320029359,3057.63221650678,3063380.1693034563,33.31118083407943,30000.0,0.4564893062933028,0,0,0.0,26,E11,P1,3,marketplace_no_anticipate
4.933815260203249,10.660526108771405,7.007584104854686,10.16972967965521,47.35068770807857,83.4341837729623,,,,,35.498615208274025,65.9434623085702,20.532466370756993,56.93759379996664,27.179135906466627,10.660526108771405,1.0,0.9285714285714286,5572.959393517983,36671.67406116807,36671.67406116807,79,1.0,0.0,0.0,0.0,30.261189121242094,25.382608026528942,66.53939334660883,36.001443917653056,4.933815260203249,52.22740158262743,200.9943482868662,96.42956756975319,0.47976258233950697,75.9236520760674,0.005620066665608971,58.40819097981489,0,0,1,5,0.0,74,102.0,0.058408190979814895,2783.0310669959376,2312278.974106692,44.137584319992484,30000.0,0.41322879929482764,0,0,0.0,27,E11,P1,3,marketplace_no_anticipate
23.352988394226895,63.01986449966751,6.190603848496721,9.358861435608787,34.41676558958375,55.82337203681896,,,,,33.062668230368104,48.078630514740496,8.358181869599775,8.358181869599775,15.599324428859063,63.01986449966751,0.7,0.75,6488.086101243248,36543.43310250734,36543.43310250734,77,1.0,0.0,0.0,0.0,30.120053327365056,25.382608026528942,59.56178137083081,32.30229956084355,23.352988394226895,46.3850206279005,210.03422542676876,98.98930325518245,0.4713008227780305,83.50173678599961,0.005939832155968048,62.68604979068743,0,0,2,3,0.0,74,102.0,0.06268604979068743,2792.9145508440993,2264145.5728766113,45.07779326225893,30000.0,0.4125314919878056,0,0,0.0,28,E11,P1,3,marketplace_no_anticipate
2.365582577347638,3.097007760460585,3.550769900967694,3.668382240462509,2.0651371402942402,2.1037571743404158,,,,,33.82991669190831,58.849928147402096,4.499741436072441,4.499741436072441,2.807953520630967,3.097007760460585,1.0,1.0,2700.968195570981,32710.968195570982,32710.968195570982,71,1.0,0.0,0.0,0.0,29.01014158446733,25.382608026528942,53.59087420734522,31.20488282898476,2.365582577347638,40.404585740100956,181.1746910131065,89.97947977220754,0.49664486396556495,75.80031182929139,0.0043886880867304795,31.806202367984778,0,0,0,2,0.0,69,102.0,0.03180620236798478,3119.1924859070036,3073937.9101029574,33.1925397279578,30000.0,0.46486972370014135,0,0,0.0,29,E11,P1,3,marketplace_no_anticipate
3.043026970381677,4.893294742330999,5.357218716400325,11.295703315100539,6.675958953060558,15.6808746003627,,,,,24.450225275361067,31.068703874723543,4.214547194749059,11.495840005034097,5.773663001661451,4.893294742330999,1.0,1.0,13968.57625752051,515078.73700219905,515078.73700219905,554,1.0,0.0,0.0,0.0,22.48051426199188,25.704708293040312,29.660279913913243,23.892838147584907,3.043026970381677,450.5658912088961,1758.2404474421394,877.6222071159881,0.4991480024206809,1030.1707814111835,0.040571409202747384,380.05365573093417,3,0,0,21,102.4925070669722,529,162.0,0.3800536557309342,315.2528768723716,209411.25672139367,775.4122495514446,500000.0,0.4782005041527719,0,6,19.798987548695372,0,E11,P2,4,marketplace
3.080082064653853,4.62147986814889,3.4330829899409516,4.01664504808511,4.384329954068926,5.644061312779013,5.565633569867411,7.387352518747503,,,24.721434036292074,31.12036284531577,14.16738402719089,39.38165818458438,4.229789172828041,4.62147986814889,1.0,1.0,22776.714596747763,525519.2910413912,524519.2910413912,535,0.9980971202826477,0.0,0.0,1000.0,23.440346825587813,25.704708293040312,30.619449402238935,23.921070195631412,3.080082064653853,459.67951488687225,1673.3886372608913,843.2058948286807,0.5038912515916767,1009.6850929963177,0.0400059662567345,372.6128325647145,2,0,2,18,0.0,515,162.0,0.3726128325647145,309.56461584127226,200007.12120678526,811.8341579682526,500000.0,0.49301173078243493,0,10,26.51678011587135,1,E11,P2,4,marketplace
10.544367512260248,23.60354418525504,4.352672986672587,7.067526679890397,4.483620541595883,8.95968310182434,4.68371236716564,5.106472912999175,,,24.292146478414097,28.97281936585432,7.853793816165638,14.27953164080327,4.443158242330455,23.60354418525504,0.9090909090909091,1.0,29310.196036041838,532277.3226155266,516873.34282247716,548,0.9710602365748803,14403.979793049497,0.02706104352195697,1000.0,22.83072890849173,25.704708293039857,28.972819365854,23.704468513872026,10.544367512260248,449.3919763293265,1695.6412592832978,844.4497429504072,0.49801202838584707,999.0140586150529,0.039646049215439426,369.18794333836604,2,0,0,21,0.0,520,162.0,0.3691879433383661,314.13728372349993,206652.01558823034,785.7130620340581,500000.0,0.4763315456119,0,5,12.48591588338666,2,E11,P2,4,marketplace
3.683672506138889,6.882972157178757,5.02762485706952,7.73805439734224,6.28305886348794,13.078595942571473,34.10937453661609,34.10937453661609,50.02432245581622,50.02432245581622,24.707493366944135,29.79084675636518,4.125123269098075,4.676887630746478,6.762461929724968,6.882972157178757,1.0,1.0,28096.063942230638,531327.860284328,530327.860284328,561,0.998117922897051,0.0,0.0,1000.0,22.609338310664718,25.704708293039857,28.97281936585432,24.334299020705327,3.683672506138889,470.95528251036916,1837.6786731511102,912.9083140263507,0.4967725464544711,1089.420297589054,0.04282051097393583,398.7493589801373,4,0,2,21,0.0,533,162.0,0.39874935898013725,306.22330358414933,195400.82787711776,831.1057385135965,500000.0,0.47356725049268,0,6,19.282620201124633,3,E11,P2,4,marketplace
3.3612328204474884,6.82627785885925,4.735814988002289,7.8188074815539945,2.5500981997106464,2.9339288334962474,,,60.95953131467718,106.17190099377198,25.202692252915796,31.731465799026427,3.2023795439490814,5.208471792655292,3.578670805965537,6.82627785885925,1.0,1.0,32491.15341102122,538255.453584505,538255.4535845051,550,1.0000000000000002,0.0,0.0,0.0,23.429519486596472,25.704708293039857,30.593689750441353,26.391819420359205,3.3612328204474884,515.210039067845,1731.5611249076046,872.6190384536195,0.5039493125027175,1002.6912458438952,0.04189944878491383,396.5632813349931,4,0,1,21,0.0,520,162.0,0.39656328133499313,301.7090903582253,195366.20186229242,831.2418511150834,500000.0,0.4767924817529085,0,12,33.8810134587449,4,E11,P2,4,marketplace
7.721524517348366,15.634949015859473,8.62512587774711,13.0113619901917,18.96472038862431,72.28306856140907,63.27263731718904,94.7322586485434,,,25.30593929384582,31.50706193955939,3.5547629385230763,5.270174942417157,23.00115966926123,15.634949015859473,0.9259259259259259,0.8771929824561403,43452.69323580841,547328.4080016714,546328.4080016714,572,0.998172943363837,0.0,0.0,1000.0,23.746601165544885,25.704708293039857,31.59402901151734,26.676029687150283,7.721524517348366,531.5711504974056,1843.9702193279204,918.835722106243,0.4982920615936709,1113.2808553553764,0.04367270732612659,433.8930612685714,3,0,0,25,0.0,536,162.0,0.4338930612685714,297.319141165311,183294.22873593422,886.1920758851692,500000.0,0.505913635540813,0,11,27.01436176718701,5,E11,P2,4,marketplace
6.017439397494412,16.168582768866653,15.311435887290441,41.92576804684197,4.114813563708789,7.107798410137185,8.996946876740196,13.10204705109452,,,25.125928309317068,31.64725557920183,6.044016915853219,9.674022816582788,10.993339541154086,16.168582768866653,0.9285714285714286,0.9807692307692307,31608.77227884693,533346.8920584851,533346.8920584851,565,1.0,0.0,0.0,0.0,23.13958376403923,25.704708293039857,31.50706193955931,24.024233970637237,6.017439397494412,452.3088949032464,1758.6352840630677,880.4419206730283,0.5006392903927738,1058.31453340727,0.044975900560420876,445.2459505088701,6,0,0,30,0.0,521,162.0,0.4452459505088701,304.5770930126572,194271.21616947462,836.177634306865,500000.0,0.49623278481978,0,7,19.864926492619915,6,E11,P2,4,marketplace
6.704314262627302,13.35464835492451,6.3327982970425385,12.47958512259575,2.504203767682785,2.9199910145446895,6.191021358897288,6.846215195198672,11.965982658850123,11.965982658850123,24.803368356808544,30.28349000935394,6.6815075045214085,4.516320925530689,4.885260603687193,13.35464835492451,0.918918918918919,0.9672131147540983,40773.60461111535,544565.4292464787,543565.4292464787,581,0.9981636733690867,0.0,0.0,1000.0,22.182070266785615,25.70470829303963,28.97281936585432,23.353972806901297,6.704314262627302,460.7301269464183,1907.3318721575747,952.7815470119425,0.49953632135038756,1115.091296769482,0.04310110818464093,408.4400126856906,2,0,1,22,0.0,555,162.0,0.4084400126856906,298.7836077762074,186928.45458540952,868.8267410806611,500000.0,0.4754026026110975,0,12,35.733813033790675,7,E11,P2,4,marketplace
9.99190584621406,40.71694706329687,13.27200259706089,27.603806339421578,9.226779981952188,23.416616142648415,5.159550367641145,5.271609509385485,,,24.965391251264034,31.507061939557595,3.326006380857251,5.1003007447654,10.280141794658602,40.71694706329687,0.88,0.8958333333333334,38363.5914215517,540361.5398106,526845.8481339898,560,0.9749876875372228,13515.69167661024,0.02501231246277737,0.0,23.230086802919292,25.704708293040312,31.418742628307886,24.228547003459504,9.99190584621406,463.9487095722678,1764.3757179185523,875.996620940685,0.49649097527487235,1028.6948012010462,0.04290360893589722,408.05379361467647,4,0,2,18,0.0,533,162.0,0.4080537936146765,308.26484515127146,199063.85480933194,815.8590817462714,500000.0,0.48740075919358256,0,13,36.82924239409328,8,E11,P2,4,marketplace
9.65068117734708,33.84813570320948,7.826008902164555,15.524368780616713,10.548258879227124,39.550092391076404,5.8515350840643805,5.8515350840643805,7.253474718233974,8.758631242005777,25.955153889618522,33.590078344502395,7.849412586385002,27.688697438364215,8.919637408420975,33.84813570320948,0.8421052631578947,0.9506172839506173,47374.080402398526,549736.351411949,548736.351411949,603,0.9981809461982428,0.0,0.0,1000.0,23.020293031461833,25.70470829303963,33.07807003213202,24.528713436016783,9.65068117734708,475.69332948294897,2001.1198656747144,994.1874708213898,0.4968155520689817,1228.6095847728625,0.051203977606263454,500.0936602922721,8,0,0,32,178.53283875621773,558,162.0,0.5000936602922721,296.13509883601586,183472.29273139316,885.6928271899639,500000.0,0.5125626827939102,0,11,27.543977658417184,9,E11,P2,4,marketplace
4.407650246298236,6.476964833212451,9.923216396700354,14.705089802385007,12.197989350892271,27.358308819704316,,,,,23.583232081505624,29.08163704456706,3.284656626271931,6.173492218649471,11.060602873796313,6.476964833212451,0.9285714285714286,0.9666666666666667,13819.243346008723,516514.44304295897,516514.44304295897,540,1.0,0.0,0.0,0.0,22.339146956378602,25.70470829303963,28.972819365854342,23.164496081136424,4.407650246298236,435.9618778066813,1658.992878247087,833.1188713503717,0.5021835128253569,969.1411781192894,0.039459136269793,380.50140765488794,2,0,0,20,0.0,516,162.0,0.38050140765488794,314.37746532510715,206765.41380619293,785.3368627688319,500000.0,0.4852497738767423,0,10,31.483627498607714,10,E11,P2,4,marketplace
5.568056653593273,11.414764079273482,8.027010635963961,15.771404516792611,2.8942754921459484,3.446821946636873,,,7.552558473439603,7.552558473439603,24.165518657437183,31.50706193955923,8.500375075429767,20.154083671643832,4.360771247522523,11.414764079273482,0.9523809523809523,1.0,26006.043708159235,531772.2574830158,531772.2574830158,543,1.0,0.0,0.0,0.0,22.703120625986767,25.704708293039857,31.349859672675485,23.37150526361548,5.568056653593273,448.85398479965846,1655.632150733077,829.588980330785,0.5010708326505146,1023.6084790906551,0.04045317112553539,366.5778735036264,2,0,0,27,0.0,514,162.0,0.36657787350362636,305.331042732498,194492.6016926011,834.8213580387329,500000.0,0.505406701262796,0,6,19.28262020112463,11,E11,P2,4,marketplace
3.9457815168548223,6.779362171676441,5.809663365019939,11.283432104655958,22.84797085817354,22.84797085817354,,,,,24.628449549673068,31.51672494755458,6.0016602111318855,11.108922206832359,8.24370729261331,6.779362171676441,1.0,1.0,3605.0987133016765,503977.3460501888,503977.3460501888,521,1.0,0.0,0.0,0.0,23.88015895965592,25.704708293040312,31.02409201561386,24.541130185155648,3.9457815168548223,454.9077462086278,1521.195889146374,756.7635833794133,0.4974793770998649,902.2446221629463,0.03788303451736422,357.2226410444572,4,0,0,20,0.0,497,162.0,0.3572226410444572,322.1518266911863,219312.97609694788,740.29920860348,500000.0,0.45811019494086924,0,6,16.792238772033354,12,E11,P2,4,marketplace
2.8637364107309047,5.285668359866468,4.414290973514563,7.353748542629181,14.1392168153983,34.094116605673534,,,,,23.861900365044495,28.97281936585432,2.788388094073298,3.874433265204789,8.736480236574002,5.285668359866468,1.0,1.0,6216.486291594783,506496.9548278934,506496.9548278934,522,1.0,0.0,0.0,0.0,23.077452751738747,25.704708293039857,28.97281936585432,23.741942557972315,2.8637364107309047,444.3786593305533,1531.7835305834599,762.2315893264821,0.4976105135665914,889.9106821872797,0.03603701399881332,342.1265115208805,2,0,0,17,0.0,504,162.0,0.3421265115208805,320.51945221799883,215660.26068305562,752.7679230162225,500000.0,0.463766727267132,0,6,18.731076911799125,13,E11,P2,4,marketplace
11.052276264328405,45.98421321318919,7.042370494130618,11.143443989962634,8.444817806717133,20.262468538886424,16.825217801567476,49.34532864705006,,,24.171541156541878,29.903394551351905,4.879825500468054,4.82357776137942,10.093944295975438,45.98421321318919,0.8275862068965517,0.9193548387096774,58929.484502104126,566652.9292862886,566652.9292862886,576,1.0,0.0,0.0,0.0,22.235597758177434,25.704708293039758,30.100826667878916,23.01243864856767,11.052276264328405,472.72044973561214,1833.9984728912607,914.6455545402468,0.4987166391138413,1098.5828663241161,0.040372267563183184,383.666927252002,0,0,0,25,0.0,546,162.0,0.383666927252002,286.5663592911761,169945.4669882297,955.5045498124324,500000.0,0.47685484241965276,0,8,25.070191208235546,14,E11,P2,4,marketplace
9.746201400485532,21.722915273722993,12.651878994016075,36.972013405504185,6.084643779379307,4.1552616848730395,6.087254561683819,6.903809601991452,6.517839647709252,8.051208116896623,24.370815821016183,29.18786047602271,5.988712628993434,6.544651577301924,9.621315958443505,21.722915273722993,0.9142857142857143,0.972972972972973,64862.71277757866,573615.9384122626,573615.9384122626,603,1.0,0.0,0.0,0.0,21.685716753205014,25.70470829303963,28.972819365853866,22.091345138700714,9.746201400485532,449.01620064650405,2068.3182657215243,1026.3979103104145,0.4962475685299621,1247.5910653462333,0.04779651203295163,505.94320432369767,4,0,0,28,0.0,563,162.0,0.5059432043236977,283.3009550852636,164728.9249603224,986.5052129944141,500000.0,0.45291852897201873,0,7,21.140090200710937,15,E11,P2,4,marketplace
5.357513481669191,16.483410976476442,9.125499341271668,19.425859225978456,15.050466933501108,22.597653204122253,,,,,24.360006256148132,32.11176923259882,2.959320575187197,3.9671929699394695,11.100488538681482,16.483410976476442,1.0,1.0,8440.199489225186,509188.49886297405,509188.49886297405,531,1.0,0.0,0.0,0.0,23.33442230282387,25.704708293039857,31.507061939559208,24.05807602246034,5.357513481669191,443.8142360225172,1523.5126145730378,758.4585419495313,0.49783541973630996,927.4645921621094,0.0395667094301245,365.1550230894213,3,0,0,26,0.0,497,162.0,0.3651550230894213,318.87042889942205,215515.42019838083,753.3806855845077,500000.0,0.5064511377581922,0,5,15.961416541584455,16,E11,P2,4,marketplace
4.522908086307003,9.136371234546457,10.891896988919664,24.396268237011828,6.309778232182009,12.520810186587735,,,,,24.95079789348493,30.749414926224926,10.999531755750105,15.677494538902465,8.982680840278974,9.136371234546457,1.0,1.0,10188.61735102234,511539.3687118152,511539.3687118152,538,1.0,0.0,0.0,0.0,23.739831946902726,25.704708293040312,29.778070032131268,24.522243997311048,4.522908086307003,456.03604449141005,1590.9068812597254,786.6514373370409,0.49446730453145554,959.5069692666171,0.043245238007965744,424.75098482362415,5,1,0,20,0.0,508,162.0,0.4247509848236241,317.52150649489596,212210.29423471622,765.3952489466554,500000.0,0.4848576029532509,0,4,10.79092325803397,17,E11,P2,4,marketplace
4.813560475122042,8.616021868250757,5.564760158734316,7.142741622721125,3.930366384305489,6.462837424303689,40.58114060857573,110.45072929519392,32.56412070491433,52.750756528789225,25.033092365390885,31.785017028382935,9.766150780748195,28.376664386509873,11.551288419463866,8.616021868250757,1.0,0.9629629629629629,68261.72443658626,577118.2182746406,576118.2182746406,575,0.9982672527597732,0.0,0.0,1000.0,22.992636833540924,25.70470829303963,31.60368044623881,24.581588045956163,4.813560475122042,513.982374624487,1861.800514753519,923.6556511861843,0.4961088171728568,1158.909101492384,0.04273670689800035,402.7581090629329,1,0,4,22,56.10770373854109,544,162.0,0.4027581090629329,281.89137742497866,168147.52552607813,965.8349571363498,500000.0,0.4811922171223664,0,6,13.571745488482872,18,E11,P2,4,marketplace
9.142971799950958,29.582944459312788,4.99796044407485,7.044824986157164,6.96817285832248,17.700529303758234,,,114.13478743119595,114.13478743119595,24.464466088519824,29.910122324557044,5.64793803586556,11.542118464345151,5.693329531456366,29.582944459312788,0.8571428571428571,1.0,37728.11627304937,538786.9281851918,537786.9281851918,583,0.9981439787276052,0.0,0.0,1000.0,22.151889734429687,25.70470829303963,29.423169398748488,25.606475143072267,9.142971799950958,500.6448535943697,1979.1132140488398,992.5651934715181,0.5015201689452334,1183.8058093039576,0.04893203256633192,465.91458596584397,4,1,1,22,0.0,554,162.0,0.465914585965844,302.10089920597557,190085.6600212101,854.6984268452318,500000.0,0.43847714953153255,0,10,31.11952669795951,19,E11,P2,4,marketplace
3.6819226690699502,5.975218301627228,5.206550658701326,8.549980027159881,8.65752290647797,16.76821660583046,7.118438474041341,7.118438474041341,7.754231648850748,10.101522348509036,24.85444447273237,29.672637523137247,9.667802779208083,29.431872152535522,6.9489823909034385,5.975218301627228,1.0,1.0,42968.20466135957,546796.3875473237,546796.3875473237,559,1.0,0.0,0.0,0.0,22.8913842410081,25.704708293039857,28.972819365853866,23.426809883668675,3.6819226690699502,462.1680520523961,1698.2649649126497,834.988467925389,0.49167149130249926,1013.2391629143639,0.04118440324576863,403.01029807012077,2,0,1,21,0.0,529,162.0,0.40301029807012073,297.00819902365316,189544.94920740646,856.8047366979073,500000.0,0.47804176815373917,0,5,15.868886541170758,20,E11,P2,4,marketplace
3.1435041872077365,5.559401315831747,4.834297056210289,8.64283843164776,3.518169269097598,4.7192150061864595,34.98303365036054,34.98303365036054,,,24.411450299007814,31.549917903322967,3.6726619974655375,6.067252807532533,8.273857183700898,5.559401315831747,1.0,1.0,17327.275816339392,522341.9832740221,522341.98327402206,537,0.9999999999999999,0.0,0.0,0.0,23.031359494776275,25.704708293039857,31.500079118528085,23.75715937627175,3.1435041872077365,449.811409767679,1623.3705724921567,808.6483810367131,0.49812925941813574,960.3148938658791,0.03972516817790195,380.3100486260218,3,0,0,20,0.0,510,162.0,0.38031004862602175,310.86972758887134,205327.05270925027,790.8373879917411,500000.0,0.4727310293535781,0,9,24.21744834583803,21,E11,P2,4,marketplace
8.431965753620185,21.774664683307403,17.802525912143164,38.825063239740665,12.384209706322736,33.036144226913166,4.675293146604872,4.675293146604872,,,24.124000093492388,28.97281936585432,6.858794777261058,12.503306625348166,13.999431745438093,21.774664683307403,0.9166666666666666,1.0,19226.136203616657,520041.7500651535,519041.75006515346,532,0.9980770774656559,0.0,0.0,1000.0,23.249590168490133,25.704708293039857,28.97281936585432,23.461214037827535,8.431965753620185,440.26587495785697,1561.3972680173658,774.0900932077276,0.4957675468400513,931.3676053195716,0.039633430348087396,363.5094492900108,5,0,0,15,66.95580926203557,505,162.0,0.36350944929001083,312.81396810354676,207566.30948675936,782.2247736193776,500000.0,0.46619629902469645,0,1,2.6356018297700885,22,E11,P2,4,marketplace
2.9042794999920547,5.240616098767077,5.557950818683288,8.725907737595545,5.319456004829417,6.719298048396243,8.999916789952294,11.587097059177358,7.158755276702067,7.158755276702067,25.904128073085797,31.973034874121097,3.399281321431829,4.804122361553709,5.713088191234988,5.240616098767077,1.0,1.0,44840.47463850063,546785.5630729868,546785.5630729868,585,1.0,0.0,0.0,0.0,22.722320941894047,25.704708293039857,31.507061939559343,24.18027312702107,2.9042794999920547,479.1919468395073,1989.1766630760435,980.3861841613667,0.49286028856044745,1171.3645369486937,0.046377594049526606,470.3606182201475,3,0,2,26,0.0,559,162.0,0.4703606182201475,297.1372537802961,187263.21851574408,867.6042305903255,500000.0,0.49295965070352343,0,9,25.67767205475644,23,E11,P2,4,marketplace
15.919727643367645,46.06256522505555,28.542926985245686,52.94845606219361,14.62674862432065,25.45468480019736,7.019287159740543,7.065998427650902,91.58399742831261,91.58399742831261,24.46847766543344,29.4363360316961,2.0480234037874854,3.449195245952797,17.32340132528998,46.06256522505555,0.7368421052631579,0.9411764705882353,34421.87232108315,535140.8176419535,535140.8176419535,544,1.0,0.0,0.0,0.0,23.72533251081333,25.704708293040312,30.34553549588076,25.36806540281701,15.919727643367645,492.83322189301634,1648.6709267954213,826.0383765820471,0.5010329005968744,999.6275521061598,0.042674998962895686,403.5810740265035,4,0,1,25,0.0,513,162.0,0.4035810740265035,303.47821679841627,195687.8442022421,829.9114425635119,500000.0,0.501649947258652,0,6,17.704429142661724,24,E11,P2,4,marketplace
1.7167200018366202,1.7167200018366202,,,,,,,,,24.297504723783035,28.97281936585432,,,,1.7167200018366202,1.0,1.0,209.99028817615883,500209.99028817617,500209.99028817617,501,1.0,0.0,0.0,0.0,24.252433297192326,25.704708293040312,28.97281936585432,24.288025214011004,1.7167200018366202,440.5863711533673,1405.9126155935132,705.5616741073901,0.501853149535566,839.1852567340833,0.03744074505798675,327.5798007035834,5,0,0,19,0.0,480,162.0,0.3275798007035834,324.51886798019564,222415.9102115859,729.8379852694898,500000.0,0.2770519293383493,0,2,6.686917343769473,25,E11,P2,4,marketplace
9.629229339440165,16.033513024206513,8.20398675348171,18.400114785176584,11.976460219425267,20.18668815155725,,,,,24.235383244135058,31.513002449937538,4.435319555525666,9.469285134881012,10.23531861975901,16.033513024206513,1.0,1.0,8275.236379187336,508449.34756596206,507449.34756596206,527,0.9980332357494661,0.0,0.0,1000.0,23.434873210315384,25.704708293040312,31.507061939559367,24.01195476066175,9.629229339440165,440.66109538533686,1532.3622812462083,764.7612317066296,0.49907338562567605,937.6683110913617,0.04068200847364393,379.77197042657303,4,0,0,26,0.0,497,162.0,0.379771970426573,319.9920795036971,214874.92825854325,755.6943626994346,500000.0,0.5042172649923392,0,4,11.01751179889225,26,E11,P2,4,marketplace
4.9889260739227925,13.662391245941276,3.264502481267563,4.084253309174391,3.4221542281463826,5.227203935847001,,,,,25.446424044237506,31.599862815864793,6.7501635623485186,13.275196331830644,3.3320675156442,13.662391245941276,1.0,1.0,12370.949722949961,513597.1255335828,512597.1255335828,535,0.9980529486044901,0.0,0.0,1000.0,24.05282395668643,25.704708293040312,30.858248270854354,24.90610005602801,4.9889260739227925,467.14577821541536,1623.1099371273976,809.860546832962,0.4989560647175042,969.7019095763947,0.03985480539343985,365.4308109389125,4,0,0,21,33.50503363981419,504,162.0,0.3654308109389125,316.75056827898953,210224.84453998608,772.3417808500554,500000.0,0.45329175186982634,0,10,30.2521120242923,27,E11,P2,4,marketplace
18.853100312698842,57.45821682543938,10.950409743466881,20.034389198537788,12.95690865500445,31.46860877706189,7.761678526098066,9.673398096160074,7.423983281196769,7.423983281196769,25.45332426978846,32.07248461431409,3.630871003198564,4.6667625005401305,11.304255433122368,57.45821682543938,0.6666666666666666,0.8928571428571429,26590.43369586375,528937.8456762048,527937.8456762048,536,0.9981094186998066,0.0,0.0,1000.0,24.523852710099945,25.704708293040085,32.11176923259893,24.654878334959466,18.853100312698842,472.02051772561686,1612.1037506190912,797.8589386489406,0.49491786018272166,976.8731878497593,0.04100082992352333,381.85429936800017,4,0,2,26,0.0,503,162.0,0.3818542993680002,307.57759768364883,197337.57424778704,822.8633341538552,500000.0,0.4873745362334178,0,3,8.770975884214055,28,E11,P2,4,marketplace
3.737816235311094,6.544292385307472,8.210929680726606,24.021962742495816,5.87524588377286,13.145995755170645,18.115967123842058,33.489558352454324,9.202010169381083,13.006149943614037,25.183070019911458,31.516724947554806,4.880255145148479,7.2007258020312,7.662152622444449,6.544292385307472,1.0,1.0,77164.28456252046,584688.0408818187,584688.0408818189,599,1.0000000000000002,0.0,0.0,0.0,22.022492824127813,25.70470829303963,29.6593922091408,22.864105684711863,3.737816235311094,476.3023909827981,2036.3628417495815,1006.9734887770541,0.4944961026257446,1192.4537631319256,0.04839009950413695,482.9598781251121,4,1,4,29,129.34383220056782,560,162.0,0.4829598781251121,277.89684159277556,165146.21876253455,983.8733281066582,500000.0,0.4317811308165383,0,10,29.684477544066706,29,E11,P2,4,marketplace
3.1432377552483524,5.51555972999105,5.113989243362364,9.461347941055466,7.699590398131174,18.751768935574546,,,,,24.433405634636912,30.673620463369303,4.275545135769991,10.960266073354433,5.930494871184093,5.51555972999105,1.0,1.0,13968.57625752051,515078.73700219905,515078.73700219905,554,1.0,0.0,0.0,0.0,22.476265203051234,25.704708293040085,28.97281936585464,23.885130447967846,3.1432377552483524,450.5173735277245,1740.7722093754526,858.8895328965025,0.49339570580843056,1017.526091600879,0.04059082812386029,391.6688184925544,3,0,0,20,0.0,531,162.0,0.3916688184925544,315.27542713882065,209426.23606014973,775.4122495514446,500000.0,0.4734202025293273,0,0,0.0,0,E11,P2,4,marketplace_no_anticipate
3.112117030190249,4.8137389668245305,4.027187875816925,5.145716860292822,4.676190841123616,5.644061312779013,5.7389773904445365,7.803377688132605,,,24.7214146217546,30.90661551693738,14.16738402719089,39.38165818458438,4.6257866879895175,4.8137389668245305,1.0,1.0,22776.714596747763,525519.2910413912,524519.2910413912,535,0.9980971202826477,0.0,0.0,1000.0,23.45158944585157,25.704708293040312,30.511457681958202,23.932437710328514,3.112117030190249,459.9491317126131,1648.4391890125446,818.2564465803339,0.49638254904051965,1004.7979339597329,0.03982914700980159,376.12946961376787,2,0,2,18,0.0,515,162.0,0.37612946961376786,309.571320336434,200011.45292529513,811.8341579682526,500000.0,0.4907936307746848,0,0,0.0,1,E11,P2,4,marketplace_no_anticipate
10.661699199549833,23.60354418525504,4.4192577478351325,7.067526679890397,4.541401815121541,8.95968310182434,4.943728098031215,5.15847605917229,,,24.301179956492806,28.97281936585432,8.192083457358462,13.959860960440892,4.530620566842046,23.60354418525504,0.9090909090909091,1.0,29310.196036041838,532277.3226155266,516873.34282247716,548,0.9710602365748803,14403.979793049497,0.02706104352195697,1000.0,22.853009174781793,25.704708293039857,28.972819365854,23.717779763398948,10.661699199549833,449.5044792450321,1684.3160497094934,833.1245333766026,0.49463670046978286,1000.5232081278378,0.039814713825309156,380.5236708843556,2,0,0,21,0.0,520,162.0,0.3805236708843556,314.1592150683901,206666.44290030355,785.7130620340581,500000.0,0.47240441160471275,0,0,0.0,2,E11,P2,4,marketplace_no_anticipate
3.8080887342149383,5.981486069310631,4.808814090015876,6.978419548035345,6.315025931524178,13.078595942571473,34.10937453661609,34.10937453661609,50.02432245581622,50.02432245581622,24.98851582800498,29.79084675636518,9.107589641117784,4.676887630746478,6.65725904258601,5.981486069310631,1.0,1.0,28096.063942230638,531327.860284328,530327.860284328,561,0.998117922897051,0.0,0.0,1000.0,22.98424284049012,25.704708293039857,28.97281936585432,24.605195466947954,3.8080887342149383,476.4820992823154,1830.6155840465083,902.4854199946643,0.4929955955033189,1075.1022112235619,0.04264034210942334,413.36763823083425,4,0,2,19,0.0,536,162.0,0.4133676382308343,306.250868191528,195418.41682948964,831.1057385135965,500000.0,0.4646337231931709,0,0,0.0,3,E11,P2,4,marketplace_no_anticipate
4.753897020834352,8.943018746572672,4.982508471002234,8.210964344299098,2.617863610300295,2.9339288334962474,,,60.95953131467718,106.17190099377198,25.565657065674046,31.9730348741212,2.917601800720097,4.794259348358628,3.730637662395325,8.943018746572672,0.9444444444444444,1.0,32491.15341102122,538255.453584505,538255.4535845051,550,1.0000000000000002,0.0,0.0,0.0,23.803031646384504,25.704708293039857,30.593689750441353,26.73906689165822,4.753897020834352,525.1668397099385,1708.6249925849825,848.7510949736425,0.49674510126974386,1006.6416077278652,0.04161958007120557,390.80367502414424,4,0,1,20,0.0,523,162.0,0.39080367502414426,301.6983898511101,195359.27294466976,831.2418511150834,500000.0,0.4798917809506344,0,0,0.0,4,E11,P2,4,marketplace_no_anticipate
7.641909103456745,15.634949015859473,8.779969486211504,13.302550615358905,18.96472038862431,72.28306856140907,63.27263731718904,94.7322586485434,,,25.359170078099137,31.28473874104678,3.7585686897964408,5.455039460374451,23.07342001987795,15.634949015859473,0.9259259259259259,0.8947368421052632,43452.69323580841,547328.4080016714,546328.4080016714,572,0.998172943363837,0.0,0.0,1000.0,23.798771179017276,25.704708293039857,31.507061939559428,26.72271033962303,7.641909103456745,533.1640582088959,1823.9234601966305,898.8191432985728,0.4927943320613215,1120.1445301781584,0.043606205976557615,434.0753100035976,3,0,0,24,0.0,537,162.0,0.4340753100035976,297.3194747535564,183294.4343896971,886.1920758851692,500000.0,0.5070343522143967,0,0,0.0,5,E11,P2,4,marketplace_no_anticipate
6.0655657314262,16.168582768866653,15.509102554545839,41.92576804684197,4.114813563708789,7.107798410137185,8.996946876740196,13.10204705109452,,,25.244491445229475,31.64725557920183,5.984716915676604,9.674022816582788,11.100408985917426,16.168582768866653,0.9285714285714286,0.9807692307692307,31608.77227884693,533346.8920584851,533346.8920584851,565,1.0,0.0,0.0,0.0,23.25007557285042,25.704708293040312,31.565039987531282,24.135998929431345,6.0655657314262,452.1367093264697,1748.0928767439875,869.899513353948,0.49762774331203163,1057.9748238356835,0.04480290339026851,444.9025213050119,6,0,0,29,0.0,521,162.0,0.4449025213050119,304.57644909927,194270.8054562604,836.177634306865,500000.0,0.4968377853449641,0,0,0.0,6,E11,P2,4,marketplace_no_anticipate
6.569610859323467,9.588583042317936,7.32097258706368,21.411671916551324,2.6638991369952154,3.0741710150038903,6.191021358897288,6.846215195198672,11.965982658850123,11.965982658850123,24.805262548424572,30.28422219598541,6.697612517846954,4.516320925530689,5.480407440940806,9.588583042317936,0.918918918918919,0.9672131147540983,40773.60461111535,544565.4292464787,543565.4292464787,581,0.9981636733690867,0.0,0.0,1000.0,22.20025753021893,25.70470829303963,28.972819365854775,23.36048817043167,6.569610859323467,461.1341251204655,1883.4334470271583,928.9712166541735,0.49323283396101764,1124.1070095212606,0.04293922760747236,409.18490861227565,2,0,1,21,0.0,555,162.0,0.4091849086122757,298.7849781649159,186929.3119438348,868.8267410806611,500000.0,0.4817522724709929,0,0,0.0,7,E11,P2,4,marketplace_no_anticipate
10.201629101668866,40.71694706329687,13.838456201496314,29.367138112798774,9.193708204196366,23.414169199099906,5.159550367641145,5.271609509385485,,,24.98229117419635,31.22006297635981,3.2920540316198506,5.1003007447654,10.45847639138285,40.71694706329687,0.88,0.8958333333333334,38363.5914215517,540361.5398106,526845.8481339898,560,0.9749876875372228,13515.69167661024,0.02501231246277737,0.0,23.261135571466323,25.704708293040312,30.88731856257401,24.246833566281406,10.201629101668866,463.10872992099956,1743.7811417085231,856.1350458750325,0.49096473484981484,1040.1712431844119,0.04277432468804033,409.4004919341719,4,0,2,17,0.0,534,162.0,0.4094004919341719,308.2674013037481,199065.50545997696,815.8590817462714,500000.0,0.4851729963020836,0,0,0.0,8,E11,P2,4,marketplace_no_anticipate
9.734316198926518,33.84813570320948,7.944800979555732,15.524368780616713,10.568560678982143,39.550092391076404,5.37202906352104,5.37202906352104,7.013721707962304,8.32707582351677,25.945421017816514,33.3726426154295,7.849412586385002,27.688697438364215,8.983287088245051,33.84813570320948,0.8421052631578947,0.9506172839506173,47374.080402398526,549736.351411949,548736.351411949,603,0.9981809461982428,0.0,0.0,1000.0,23.02125299498208,25.70470829303963,33.07807003213202,24.51072368731919,9.734316198926518,475.9383839677746,1975.0429867312912,967.2781857271009,0.48975044706644716,1220.3404411621927,0.05099295009992927,500.8752390586343,8,0,0,31,178.53283875621773,559,162.0,0.5008752390586343,296.1365231607656,183473.17518041204,885.6928271899639,500000.0,0.5116998480021803,0,0,0.0,9,E11,P2,4,marketplace_no_anticipate
6.161143620672663,6.476964833212451,10.648147938999443,15.12291750495933,7.309552805979251,15.29078481887809,,,,,23.528417664799285,29.08163704456706,3.225744209544382,6.173492218649471,8.978850372489347,6.476964833212451,0.9285714285714286,0.9666666666666667,13819.243346008723,516514.44304295897,516514.44304295897,540,1.0,0.0,0.0,0.0,22.271081279896915,25.70470829303963,28.972819365854342,23.01443615095088,6.161143620672663,434.73158450533106,1632.5209738230371,806.6469669263223,0.4941112425877854,972.1174713994385,0.039112476315940885,382.39242260268014,2,0,0,20,0.0,516,162.0,0.38239242260268014,314.3811264326973,206767.82170914192,785.3368627688319,500000.0,0.48560735018464324,0,0,0.0,10,E11,P2,4,marketplace_no_anticipate
5.687837866747351,11.414764079273482,8.191486954691072,15.968776099265146,5.275091645785937,7.681074990808376,,,7.552558473439603,7.552558473439603,24.149420472016857,31.507061939559208,8.500375075429767,20.154083671643832,6.108347448330262,11.414764079273482,0.9523809523809523,1.0,26006.043708159235,531772.2574830158,531772.2574830158,543,1.0,0.0,0.0,0.0,22.737986886718588,25.704708293039857,31.165093556530337,23.400170607177614,5.687837866747351,449.0652819522546,1630.6795346438955,808.6876797556031,0.4959206653269262,1019.4072753868948,0.040390394810185304,367.1876669824916,2,0,0,29,0.0,512,162.0,0.36718766698249156,305.33218945173786,194493.3321404664,834.8213580387329,500000.0,0.5063261440247048,0,0,0.0,11,E11,P2,4,marketplace_no_anticipate
4.147722745859743,7.672583589586612,8.469746834516476,14.194455389326322,22.41680345700115,22.41680345700115,,,,,24.82014327000463,31.616915477189107,5.9373980732372855,10.908358755905828,10.462183494871429,7.672583589586612,1.0,1.0,3605.0987133016765,503977.3460501888,503977.3460501888,521,1.0,0.0,0.0,0.0,24.095782658733384,25.704708293040312,31.361673704191162,24.734048266678037,4.147722745859743,457.89208026434824,1516.025262695883,754.1782701541673,0.49747078014586926,909.7845161307246,0.03793533400666324,361.76877911284714,4,0,0,20,0.0,494,162.0,0.3617687791128471,322.16084721185854,219319.11704376448,740.29920860348,500000.0,0.45808019237086395,0,0,0.0,12,E11,P2,4,marketplace_no_anticipate
3.3530573293865125,5.424817104813229,4.63332636376205,7.353748542629181,14.451818321108135,34.469238412525335,,,,,23.861900365044495,28.97281936585432,2.788388094073298,3.874433265204789,8.997100567026978,5.424817104813229,1.0,1.0,6216.486291594783,506496.9548278934,506496.9548278934,522,1.0,0.0,0.0,0.0,23.089445376879212,25.704708293039857,28.97281936585432,23.744044597382423,3.3530573293865125,444.37865933055326,1529.4444646683683,759.8925234113902,0.49684218091315846,899.3502823788623,0.0361003799336878,347.02979587273785,2,0,0,17,0.0,504,162.0,0.3470297958727378,320.5291329955536,215666.7743563963,752.7679230162225,500000.0,0.4609027461055448,0,0,0.0,13,E11,P2,4,marketplace_no_anticipate
11.199720179876728,45.98421321318919,7.042370494130618,11.143443989962634,8.444817806717133,20.262468538886424,16.86515669074339,49.34532864705006,,,24.183325992866703,29.903394551351905,4.853416283617045,4.82357776137942,10.103626450927177,45.98421321318919,0.8275862068965517,0.9193548387096774,58929.484502104126,566652.9292862886,566652.9292862886,576,1.0,0.0,0.0,0.0,22.253163858508703,25.704708293039758,30.100826667878916,23.026977495066543,11.199720179876728,472.9882135940847,1822.3129421791755,902.9600238281612,0.49550217359943405,1102.9181479457811,0.040187032786683285,385.7616621018425,0,0,0,25,0.0,546,162.0,0.3857616621018425,286.5700559717042,169947.65926962727,955.5045498124324,500000.0,0.47795712869270995,0,0,0.0,14,E11,P2,4,marketplace_no_anticipate
9.936134642911545,21.78270363795846,12.895995751869297,38.132680545839776,6.05575087517495,4.675293146604417,6.307475724659461,7.199126138161228,7.143042659128923,8.176248719180558,24.3916636861847,29.18786047602271,6.103074363880582,8.168273005047741,9.784141038174253,21.78270363795846,0.9142857142857143,0.972972972972973,64862.71277757866,573615.9384122626,573615.9384122626,603,1.0,0.0,0.0,0.0,21.731753149628666,25.70470829303963,28.972819365853866,22.161096440192487,9.936134642911545,449.99052325770464,2056.910223510132,1011.3389338113839,0.4916786947004069,1258.3374346032322,0.04820219691459456,520.1557184875055,4,0,1,28,0.0,563,162.0,0.5201557184875055,283.3257321411507,164743.3318929737,986.5052129944141,500000.0,0.45020617706083454,0,0,0.0,15,E11,P2,4,marketplace_no_anticipate
5.404694514919289,16.483410976476442,9.130002168070353,19.425859225978456,15.383646094259348,22.597653204122253,,,,,24.257641219963727,31.529570721487747,2.959320575187197,3.9671929699394695,11.214550143466685,16.483410976476442,1.0,1.0,8440.199489225186,509188.49886297405,509188.49886297405,531,1.0,0.0,0.0,0.0,23.241654837631057,25.704708293039857,31.507061939559208,23.960296058636626,5.404694514919289,442.03037035230017,1518.3452891303223,752.4588103559495,0.4955781901144125,935.7172101576708,0.03949092169051451,364.86294346175794,3,0,0,25,0.0,498,162.0,0.3648629434617579,318.8698552815412,215515.03250643009,753.3806855845077,500000.0,0.5082184465549476,0,0,0.0,16,E11,P2,4,marketplace_no_anticipate
4.155822533046031,7.687678304510517,9.66706961776247,22.513431146210134,5.5839268136746,10.343255931065507,,,,,24.803444826186066,30.749414926224926,10.226673821587413,15.822998951085538,7.965760116059191,7.687678304510517,1.0,1.0,10188.61735102234,511539.3687118152,511539.3687118152,538,1.0,0.0,0.0,0.0,23.55416781509089,25.704708293040312,29.778070032131268,24.3704296524337,4.155822533046031,457.6044846799752,1591.947351590963,784.7754429769681,0.4929657015306931,965.9204230210437,0.04014468575699599,397.464117207993,5,0,0,19,0.0,510,162.0,0.397464117207993,317.46816384077266,212174.64354619524,765.3952489466554,500000.0,0.47247732911449036,0,0,0.0,17,E11,P2,4,marketplace_no_anticipate
4.820282173649938,8.616021868250757,5.586060899628137,7.142741622721125,3.9992973707452015,6.462837424303689,40.58114060857573,110.45072929519392,32.56412070491433,52.750756528789225,25.033859581455427,31.785017028382935,9.585373801517017,28.376664386509873,11.591513329319799,8.616021868250757,1.0,0.9629629629629629,68261.72443658626,577118.2182746406,576118.2182746406,575,0.9982672527597732,0.0,0.0,1000.0,22.989452263981374,25.70470829303963,31.60368044623881,24.584574560517815,4.820282173649938,513.9823746244867,1852.5062171995623,914.361353632228,0.4935807206166736,1164.3520606127288,0.04258300573989931,398.6194708478102,1,0,4,22,56.10770373854109,544,162.0,0.3986194708478102,281.8841937635636,168143.24048940124,965.8349571363498,500000.0,0.4804789661307824,0,0,0.0,18,E11,P2,4,marketplace_no_anticipate
9.276521858813558,29.582944459312788,5.0159782435486155,7.044824986157164,7.144709304354616,17.829012637474175,,,114.13478743119595,114.13478743119595,24.589266640470644,30.694804859275603,4.169203307111234,9.103453909557828,5.767295088538968,29.582944459312788,0.8571428571428571,1.0,37728.11627304937,538786.9281851918,537786.9281851918,583,0.9981439787276052,0.0,0.0,1000.0,22.235529992100172,25.70470829303963,29.754163009555676,25.72413817688202,9.276521858813558,501.9295263573242,1958.0695443803274,972.3539299538727,0.49658804649943866,1190.768344475644,0.04894826997012449,472.84408825357735,4,1,1,23,0.0,553,162.0,0.4728440882535774,302.11378442486904,190093.76756191693,854.6984268452318,500000.0,0.43833660116195733,0,0,0.0,19,E11,P2,4,marketplace_no_anticipate
3.772155411205976,5.975218301627228,5.206550658701326,8.549980027159881,8.65752290647797,16.76821660583046,7.118438474041341,7.118438474041341,7.754231648850748,10.101522348509036,25.11602962757014,29.784216875792573,9.667802779208083,29.431872152535522,6.9489823909034385,5.975218301627228,1.0,1.0,42968.20466135957,546796.3875473237,546796.3875473237,559,1.0,0.0,0.0,0.0,23.129879937249054,25.704708293039857,28.972819365853958,23.673877275863372,3.772155411205976,463.18926725212646,1693.9215866943068,830.6450897070464,0.4903680880105276,1020.5914348931269,0.04419858858549008,430.212780421412,2,1,1,21,0.0,529,162.0,0.430212780421412,297.0579478569864,189576.6979608694,856.8047366979073,500000.0,0.45101637798000443,0,0,0.0,20,E11,P2,4,marketplace_no_anticipate
3.4259376091585865,6.053831091351549,4.903634584441261,8.653453973463002,3.518169269097598,4.7192150061864595,35.50306511209146,35.50306511209146,,,24.44935923956613,31.616459225285112,3.6726619974656387,6.067252807532533,8.38219707156162,6.053831091351549,1.0,1.0,17327.275816339392,522341.9832740221,522341.98327402206,537,0.9999999999999999,0.0,0.0,0.0,23.078789397608794,25.704708293039857,31.517810868341623,23.807215161273078,3.4259376091585865,450.66993302587264,1613.9312517517271,799.2090602962838,0.49519399257486285,967.7188364616086,0.03964358273219547,380.25380504217077,3,0,0,20,0.0,510,162.0,0.38025380504217077,310.8696199130849,205326.9815902254,790.8373879917411,500000.0,0.47519243145969564,0,0,0.0,21,E11,P2,4,marketplace_no_anticipate
8.431965753620185,21.774664683307403,17.802525912143164,38.825063239740665,12.384209706322736,33.036144226913166,4.675293146604872,4.675293146604872,,,24.12245520370823,28.97281936585432,6.858794777261058,12.503306625348166,13.999431745438093,21.774664683307403,0.9166666666666666,1.0,19226.136203616657,520041.7500651535,519041.75006515346,532,0.9980770774656559,0.0,0.0,1000.0,23.248141108335446,25.704708293039857,28.97281936585432,23.459728800845735,8.431965753620185,440.2658749578569,1556.1260643578257,768.8188895481875,0.49405951558652145,928.3390852325384,0.039589429206403834,363.3167242894368,5,0,0,15,66.95580926203557,505,162.0,0.36331672428943684,312.81359679430136,207566.06310617022,782.2247736193776,500000.0,0.4660660481633762,0,0,0.0,22,E11,P2,4,marketplace_no_anticipate
3.0197959448867513,5.240616098767077,5.59335386879224,8.725907737595545,5.319456004829417,6.719298048396243,8.999916789952294,11.587097059177358,7.158755276702067,7.158755276702067,25.856297082051658,31.86631069115238,3.677147702674688,5.696245411408199,5.733841703367822,5.240616098767077,1.0,1.0,44840.47463850063,546785.5630729868,546785.5630729868,585,1.0,0.0,0.0,0.0,22.69776942015996,25.704708293039857,31.23044765106644,24.139142223796473,3.0197959448867513,478.20859752521034,1983.2723507727933,974.4818718581158,0.4913505053798604,1178.5559738683326,0.046473557605093065,478.45871319800375,3,0,2,26,0.0,559,162.0,0.47845871319800376,297.15206414751265,187272.55237407755,867.6042305903255,500000.0,0.49078342878204256,0,0,0.0,23,E11,P2,4,marketplace_no_anticipate
18.121221558485303,51.18767175978137,38.55885698922043,66.59306007332289,19.68955018577147,44.84405173129344,7.019287159740543,7.065998427650902,92.67464573512916,92.67464573512916,24.40385991042058,29.4363360316961,2.05474866273183,3.449195245952797,23.031996929887068,51.18767175978137,0.631578947368421,0.8529411764705882,34421.87232108315,535140.8176419535,535140.8176419535,544,1.0,0.0,0.0,0.0,23.9023538648337,25.704708293040312,31.507061939559208,25.43968910313209,18.121221558485303,495.1249224165045,1623.3924275499317,802.0243134893559,0.49404216742577334,994.0378960982674,0.0425619687630945,408.45462663304636,4,0,1,25,0.0,513,162.0,0.4084546266330464,303.4873238454698,195693.71657892785,829.9114425635119,500000.0,0.4992905438947231,0,0,0.0,24,E11,P2,4,marketplace_no_anticipate
2.5503240170628487,2.5503240170628487,,,,,,,,,24.295962923778447,28.97281936585432,,,,2.5503240170628487,1.0,1.0,209.99028817615883,500209.99028817617,500209.99028817617,501,1.0,0.0,0.0,0.0,24.252558454902765,25.704708293040312,28.97281936585432,24.28683401178297,2.5503240170628487,440.5863711533673,1400.641411933973,700.29047044785,0.49997841309068913,838.0709832274149,0.0373967439163032,327.59547670681604,5,0,0,19,0.0,480,162.0,0.32759547670681605,324.51889931904043,222415.9316903299,729.8379852694898,500000.0,0.27647659657009815,0,0,0.0,25,E11,P2,4,marketplace_no_anticipate
10.222640774238533,19.12529490814086,8.658896863790838,19.76484511610397,12.252008648426388,20.36072603119374,,,,,24.214187291655307,31.507061939559662,3.8014466126476236,7.694440894822494,10.59364936320998,19.12529490814086,1.0,1.0,8275.236379187336,508449.34756596206,507449.34756596206,527,0.9980332357494661,0.0,0.0,1000.0,23.43121771389932,25.704708293040312,31.507061939559367,23.995011995286294,10.222640774238533,440.3188513417131,1527.2407711976825,761.7237801985476,0.49875814905150395,941.2191255388593,0.040543860593593,374.76822517827725,4,0,0,27,0.0,496,162.0,0.37476822517827724,319.98221892298636,214868.3068709886,755.6943626994346,500000.0,0.5057598110024738,0,0,0.0,26,E11,P2,4,marketplace_no_anticipate
4.635719295374377,13.460657474666338,3.669192883723305,4.554928641684318,3.7637341248186353,5.29961649968368,,,,,25.323288140401054,31.571411336708838,7.1026515400868675,15.950799583121348,3.7097105584784464,13.460657474666338,1.0,1.0,12370.949722949961,513597.1255335828,512597.1255335828,535,0.9980529486044901,0.0,0.0,1000.0,23.943884135205156,25.704708293040312,30.858248270854354,24.788352034779766,4.635719295374377,464.6201177332287,1610.2965921498537,797.0472018554184,0.49496919122911825,979.2263441460738,0.039682425321604105,364.18949356567896,4,0,0,22,33.50503363981419,504,162.0,0.3641894935656789,316.74814665523985,210223.23732747472,772.3417808500554,500000.0,0.45386450034360654,0,0,0.0,27,E11,P2,4,marketplace_no_anticipate
18.965395091873024,57.45821682543938,11.183252438338062,20.034389198537788,12.95690865500445,31.46860877706189,7.761678526098066,9.673398096160074,7.423983281196769,7.423983281196769,25.455384122834005,32.07248461431409,3.630871003198564,4.6667625005401305,11.420676780557958,57.45821682543938,0.6666666666666666,0.8928571428571429,26590.43369586375,528937.8456762048,527937.8456762048,536,0.9981094186998066,0.0,0.0,1000.0,24.53175969812007,25.704708293040085,32.11176923259893,24.65742348704368,18.965395091873024,472.06334550352227,1612.1037506190914,797.8589386489406,0.4949178601827216,980.3028097253001,0.04100082992352333,384.05392526449214,4,0,2,26,0.0,503,162.0,0.38405392526449217,307.58176413224595,197340.2473841454,822.8633341538552,500000.0,0.48671748883720856,0,0,0.0,28,E11,P2,4,marketplace_no_anticipate
4.620750021968001,7.2043911557682065,8.400220386995644,24.09651050127701,5.998507771052864,14.004980299467695,20.440691080299928,34.93044653451955,8.001034396588315,12.604181093348188,24.960381705093713,31.849364310804237,4.908234999572781,7.2007258020312,7.951893497355772,7.2043911557682065,0.9615384615384616,1.0,77164.28456252046,584688.0408818187,584688.0408818189,599,1.0000000000000002,0.0,0.0,0.0,21.893164464393102,25.70470829303963,30.106128990578338,22.69033969978198,4.620750021968001,476.3462327097855,2023.6576618430202,996.3651511741575,0.4923585495516721,1198.0126507209789,0.045026025250535444,455.34922159013865,4,0,4,29,129.34383220056782,559,162.0,0.4553492215901387,277.849618707058,165118.15553961124,983.8733281066582,500000.0,0.4553136509269525,0,0,0.0,29,E11,P2,4,marketplace_no_anticipate
2.8258147879591116,4.970334036856002,3.1063780813893747,3.808539862104226,2.9922388421250536,5.289651166539045,,,,,17.568449797313832,30.38887150029586,6.916804544438885,15.228179140299906,7.638864417410255,4.970334036856002,1.0,0.9832635983263598,12966.277020972228,1514488.940738426,1514488.940738426,1652,1.0,0.0,0.0,0.0,17.139162273678657,14.685250576662156,29.48443075701368,18.062101265341937,2.8258147879591116,895.5034967571976,6015.253324436154,3128.349477763034,0.5200694482898229,3611.07368421338,0.08780790867913071,1723.7775798387022,8,0,1,67,0.0,1518,252.0,1.7237775798387023,167.53095434036612,99451.20364833435,2551.2388817034507,1500000.0,0.4222137609594485,0,11,28.981618740741812,0,E11,P3,6,marketplace
5.669854637610088,12.858623091523441,5.959204393730533,11.483149544984188,6.051183410480642,11.491349282619554,9.717385911667558,12.604829109749332,,,17.089674973204264,29.99983270608101,5.519238984343365,12.703635589590796,7.428858212046449,12.858623091523441,0.9444444444444444,0.9864406779661017,100709.15434103922,1615590.1093808752,1614590.1093808752,1721,0.9993810311203358,0.0,0.0,1000.0,16.32199748702485,13.592414110369646,29.115486263443472,16.992380016256508,5.669854637610088,864.1840758308697,6516.686417143175,3380.392884041061,0.5187287936931263,3888.992860327011,0.09907111067020133,2010.309336595575,17,0,11,65,97.49759036723961,1581,252.0,2.010309336595575,157.32185392489333,87706.3532119951,2896.144920341484,1500000.0,0.4057375176698218,0,10,28.361293860251113,1,E11,P3,6,marketplace
34.496006965916166,105.72789164185589,51.15283392725626,118.35918775405399,15.394391817061358,32.28769224320969,12.54551555188334,18.526774850591938,69.2093660732994,113.33548802665946,18.50741659960874,32.11176923259927,6.376322203976586,15.363433546380293,10.899544557467582,105.72789164185589,0.6875,0.9227941176470589,76800.1464189748,1590664.735403459,1590664.7354034588,1695,0.9999999999999999,0.0,0.0,0.0,18.890084293446787,15.147528914443683,33.21219792170397,19.688033750566927,34.496006965916166,1050.2065161431133,6285.601373231924,3265.6053160359966,0.5195374510930671,3812.653098975869,0.0927033641888558,1807.8113088204973,12,0,7,60,0.0,1568,252.0,1.8078113088204972,159.5608462674847,90714.18881374439,2797.8843731926236,1500000.0,0.4281142109591387,0,7,20.212325030263347,2,E11,P3,6,marketplace
9.316233603273849,27.697172974409956,12.080060784708884,22.21645872040926,14.587265846997393,38.08829492369769,19.203808441825903,28.4722749239676,31.56528686475471,42.62919040575107,17.16603169131451,29.070062992518,4.816227125854751,6.4846823682333365,9.135737203683629,27.697172974409956,0.8888888888888888,0.9700996677740864,100592.7237119158,1620301.3378479234,1618301.3378479232,1736,0.9987656616992883,0.0,0.0,2000.0,16.65164722755278,14.006444662913054,29.489266643535302,17.895995852028,9.316233603273849,943.3620985676276,6576.140745739285,3418.501686345382,0.519834020973509,3953.991130998191,0.09465777777278558,1882.2911700483212,9,0,7,74,0.0,1589,252.0,1.8822911700483211,156.88196334785854,87554.25648482952,2899.7138615875106,1500000.0,0.42123669083562787,0,10,27.03161874074181,3,E11,P3,6,marketplace
4.33711042346192,9.079036381852532,4.932302934576588,9.195157799319896,5.203825974035816,8.02675273550349,12.737596754772571,25.48656017291451,27.6915187039624,43.19698351906286,17.598009238733052,32.06478716579697,3.5574245595243696,7.2861161036831605,7.291602803647538,9.079036381852532,1.0,0.9839743589743589,111662.5896233039,1623621.9329033762,1608568.613833768,1749,0.9907285564671514,13053.319069608136,0.008039629673064387,2000.0,16.520986734841493,13.179342552840808,30.03938231111698,17.7402259726992,4.33711042346192,925.334580587685,6737.7124738733955,3474.2517588773762,0.5156426268335681,3990.2104978015113,0.09747617725505692,1953.6381624435417,15,0,10,57,0.0,1625,252.0,1.9536381624435417,157.8755397677351,89037.50368037673,2852.2097730196497,1500000.0,0.4032439058341929,0,11,33.24501552511676,4,E11,P3,6,marketplace
9.179062370479826,7.80110717012758,8.511999815590865,16.666540237924785,18.488516841098377,80.00781253551887,16.168632578753176,36.31314694348731,38.58301257579212,38.58301257579212,17.78153341332844,31.13855958337454,8.553697415367445,21.16609857849738,8.798733596041334,7.80110717012758,0.9032258064516129,0.9527272727272728,69345.69733877359,1581071.8908623361,1566559.6627648063,1700,0.9908212724662288,13512.228097529805,0.008546245224915148,1000.0,17.367323875104873,13.656808201523404,31.129153161206943,18.527991382278213,9.179062370479826,968.6274315435413,6500.029073241003,3345.8240857841092,0.5147398647119952,3771.8217373629877,0.09072613359307825,1796.035020175444,10,0,7,48,0.0,1595,252.0,1.796035020175444,162.00853440350508,93144.17042424507,2724.765638731947,1500000.0,0.4196034452814118,0,15,52.103178406067286,5,E11,P3,6,marketplace
3.6310816192119084,5.021683120961324,4.045056794271741,5.786761169988316,3.0540768263333784,4.456303933551226,5.778960750069871,6.3865481977581,11.799652748567041,13.630308557028092,17.58651096252497,28.99547544889668,3.589135344155511,6.383395307013508,6.668153434145533,5.021683120961324,0.972972972972973,0.9850746268656716,68462.89817107105,1574237.3856304632,1560296.932096663,1695,0.9911446306249312,13940.453533800395,0.008855369375068811,0.0,16.816554004683486,14.558838994588825,28.077135595553607,17.82231583479125,3.6310816192119084,905.4427202829962,6289.074227978705,3262.3557031886703,0.5187338525398808,3712.7770225452623,0.0913899087930642,1877.0725491478318,10,0,2,70,0.0,1558,252.0,1.8770725491478317,162.710742632813,94939.36708636695,2674.096956199363,1500000.0,0.3956049954539057,0,13,45.24397737044275,6,E11,P3,6,marketplace
5.179242503335872,10.80038892413268,7.307612890980545,13.267457087848982,4.844592792131522,9.534604814937193,33.68190196382153,42.600391791577316,25.6524287211505,25.6524287211505,17.95722387482101,33.07807003213183,8.914017392888496,21.548657186951534,8.917532197160922,10.80038892413268,0.9565217391304348,0.9721115537848606,66661.68215178815,1575781.2122211275,1560645.4313835679,1671,0.9903947447017565,14135.780837559716,0.008970649432756442,1000.0,17.54176203821028,13.83336867327671,32.9537038343924,18.566781578236295,5.179242503335872,969.9845413346941,6255.659834421701,3274.3348286793494,0.5234195776858513,3738.4455505251954,0.08688182668357718,1681.1228870002958,7,0,3,49,220.4864588571628,1560,252.0,1.6811228870002959,162.5488517671198,93592.2858783646,2710.4917943418122,1500000.0,0.41111399616226296,0,15,50.57949875902265,7,E11,P3,6,marketplace
8.15539675940109,19.473824709886884,10.32977082546846,17.132885723961532,6.631692817467843,8.423796508338,29.362982122260973,40.08777868040961,,,18.018264910026517,30.46835295452307,5.4071758454961865,10.61602837081346,8.597516624315116,19.473824709886884,0.8928571428571429,0.959409594095941,53177.689805350616,1556757.0832136883,1554757.0832136883,1686,0.9987152780471882,0.0,0.0,2000.0,17.534703400586796,14.224669017887663,31.12850558865148,18.503628168013282,8.15539675940109,942.9218034003043,6352.368994712915,3306.3442382468565,0.5204899528032347,3782.4807061831825,0.09511049744281405,1962.7631689913524,12,1,5,65,253.6150986706786,1561,252.0,1.9627631689913525,163.3456222267529,94793.52868280392,2679.1149849352705,1500000.0,0.41042679516422775,0,13,48.79360207530173,8,E11,P3,6,marketplace
11.3324602410229,43.449150433132054,19.581593807639788,61.04736702460471,9.277752125384415,29.433383574806733,73.59172796550381,105.10993604221221,79.53329386747737,101.84432019763426,17.70646782623146,29.664136308571,4.875075880531085,7.995888867638314,9.932561161182454,43.449150433132054,0.8636363636363636,0.9446366782006921,79011.77333131488,1584037.482643687,1568973.72854601,1715,0.9904902792624982,13063.754097676843,0.00824712435205386,2000.0,17.444027806253015,14.633180774136235,30.79717738624705,19.42394487838285,11.3324602410229,1010.7265321905484,6488.754217657071,3373.105640339439,0.5198387128241981,3841.2635647052703,0.09812629597684451,2052.2738188101976,14,1,4,57,98.46370284000882,1594,252.0,2.0522738188101974,161.92257983455465,93149.23690413599,2727.368277641036,1500000.0,0.39137773099898765,0,14,52.7834958610253,9,E11,P3,6,marketplace
15.095824239781846,42.88227059025053,14.011661580058217,40.86974501251484,24.976744757670804,62.19291532912957,27.42601681463816,40.78683058755105,46.45456998200632,78.9369979003606,17.967493542318106,31.074851169856515,6.488407996832422,14.252258256208734,9.718234008600374,42.88227059025053,0.6923076923076923,0.9397163120567376,78127.15549743046,1588758.265839218,1569992.3640492226,1711,0.9881883215379637,14765.901789995241,0.009293988964517242,4000.0,17.773224851418988,14.948668597828146,32.54701855380654,19.115195079876226,15.095824239781846,981.1156927404326,6443.911079201481,3341.494943561357,0.5185507531825578,3844.2365971558916,0.09586716750913286,1974.1796552995932,11,1,5,67,60.09629953532991,1565,252.0,1.9741796552995932,161.76778019497232,92774.21996695192,2737.551226469707,1500000.0,0.4064264806260022,0,10,30.803655313617806,10,E11,P3,6,marketplace
5.860001314072807,15.2979171724337,10.052931270162958,25.103851573344286,4.3863653810644525,7.356202917492921,14.112371491469503,28.386513512719926,11.44740328022308,18.746653341732056,17.181518356529484,27.929223863948714,6.3893852753423355,6.913889134713601,8.383387634651902,15.2979171724337,0.9444444444444444,0.9721254355400697,111543.27783898677,1624921.920249499,1623921.920249499,1714,0.9993845858145317,0.0,0.0,1000.0,16.53044616881216,14.189344596313731,27.82441828551041,17.17898163324886,5.860001314072807,916.8095438135824,6533.788073557052,3370.591521347671,0.51587095929677,3830.2690267092444,0.09461962358110557,1935.2044871860287,10,1,13,58,61.46131207143856,1603,252.0,1.9352044871860286,156.37156030763566,88620.647651721,2865.4180624491823,1500000.0,0.38025868526577977,0,6,18.383273864466076,11,E11,P3,6,marketplace
4.298378782866507,7.999056374797872,6.949800605060545,10.529034445408161,2.9339288334977027,2.9339288334977027,,,,,17.49884244769788,28.12865551754514,2.021359173487326,2.5177435532436903,8.27945657312338,7.999056374797872,1.0,0.9768518518518519,18023.744041762733,1518714.779790731,1501483.6889429558,1619,0.9886541626663109,14231.090847775113,0.009370482882728029,3000.0,17.32164861479079,14.195102506912008,27.939213532639226,18.0670748615513,4.298378782866507,894.2467334679595,5856.104820974511,3061.3690277550777,0.5227654082950033,3549.883345373863,0.08241331091817644,1598.6434963377021,4,0,0,58,0.0,1493,252.0,1.598643496337702,168.8987002415398,100752.02376796119,2517.0575638301098,1500000.0,0.42535084731472395,0,3,9.960101027585072,12,E11,P3,6,marketplace
3.0052955847576484,6.261435986529615,5.592007203555432,9.608430298607052,5.5250537075248305,10.06916540585835,6.580756606874274,9.509427117372843,9.34331049319644,9.441936833787441,16.09594429995211,27.693471732051055,5.842580307417318,8.662313957323931,6.109557404640678,6.261435986529615,1.0,0.9966329966329966,91238.2981341862,1601282.5337738234,1599282.5337738234,1723,0.9987510011769838,0.0,0.0,2000.0,15.277688467763298,12.759380755778693,27.148389637635773,16.098881335558122,3.0052955847576484,832.9821778050422,6539.321870308718,3374.7466678213086,0.5160698211146454,3941.5850536086696,0.0922782561961454,1806.1036521647534,8,0,9,63,26.471674990614005,1601,252.0,1.8061036521647533,158.69997845425038,89291.37270370415,2842.448222790463,1500000.0,0.4088238833758948,0,11,39.398647794983276,13,E11,P3,6,marketplace
6.430329569825569,11.099939953874582,11.291249568607403,25.488351520305894,9.507289748854545,30.385344228258873,30.608855312031412,62.476661149832765,4.8210074973128485,4.8210074973128485,19.157929059707808,35.81654701117158,15.793863383325025,47.61693081253092,9.924279068923369,11.099939953874582,0.975609756097561,0.9540983606557377,108277.73229511893,1623568.4454141085,1621568.4454141085,1739,0.9987681455588465,0.0,0.0,2000.0,18.560561268176524,14.205046049596604,35.57739781900564,19.809598150760994,6.430329569825569,1062.2335465684841,6599.05820249573,3383.606250614661,0.5127407800911649,3863.1781422507565,0.0924465127691884,1912.5920262000163,7,0,11,56,2543.3828904644224,1604,252.0,1.9125920262000162,156.5845664697533,87474.56215934141,2902.7020628429023,1500000.0,0.3995760661347224,0,14,38.81117117891777,14,E11,P3,6,marketplace
12.440834919814389,33.05013690336346,19.028837266207322,51.84632682173442,13.43398032179134,40.37024825030085,18.399216347108442,47.33768127146895,30.78030650943371,49.04389927110024,19.105013622546227,35.62252012067839,10.633257034094848,34.01596638332832,11.994468596887225,33.05013690336346,0.775,0.943217665615142,142692.91995045857,1659042.555528634,1656042.5555286342,1752,0.998191728120534,0.0,0.0,3000.0,18.694441880410224,14.600534780069893,37.55277544608418,19.497944439998093,12.440834919814389,1066.1615074534607,6644.650854308092,3406.1547436217497,0.5126160603929028,3925.2155692155284,0.09858955402925142,2008.0273632915585,15,1,6,60,579.8336293048276,1628,252.0,2.0080273632915584,153.38254836223592,84149.95138446758,3018.516626382465,1500000.0,0.40906715081859124,0,7,22.43458937846546,15,E11,P3,6,marketplace
40.194753705999865,131.59350809358222,68.66711645211188,120.85449421919839,70.47736889071945,141.6158983760346,35.942420607773215,89.34806770637499,,,18.054009509129383,31.958426260594493,3.020761066922003,4.672159705063496,15.538543084651135,131.59350809358222,0.7,0.889763779527559,48172.02414110696,1551004.9906443798,1548004.9906443798,1660,0.9980657702469715,0.0,0.0,3000.0,19.215597938104032,14.672391269188438,34.80706193955852,19.853528536717032,40.194753705999865,1004.7557264766656,6068.2101568125,3156.8043707077354,0.5202200136664247,3667.3793430987776,0.08817167359686624,1767.9672255073967,6,0,5,53,0.0,1510,252.0,1.7679672255073968,163.9322668590834,94788.80197610345,2677.1935285086,1500000.0,0.4110035027376232,0,12,36.349467489740846,16,E11,P3,6,marketplace
3.5426341551762612,6.177274615874922,7.106719668010366,14.011597395101308,4.6435284152773635,6.105405601782881,15.766592465084443,29.901828651537784,15.323276223316384,29.3288233436404,16.999959119586013,29.259187695629045,4.891503047793005,11.89889669151362,6.741141224101327,6.177274615874922,1.0,0.9931972789115646,108753.96482816651,1618779.5327069117,1612058.491499321,1722,0.995848081179806,0.0,0.0,6721.041207590521,16.19043085324748,13.371047243726252,28.03420903629749,17.34110458273341,3.5426341551762612,894.6718942354787,6468.088017981019,3352.3768943805344,0.5182948786505478,3943.825548463658,0.09632326622362267,1876.624979565382,12,0,6,69,0.0,1580,252.0,1.876624979565382,157.48598845408105,88628.64827194763,2864.4984429929677,1500000.0,0.43286028588275993,0,10,26.642552825649922,17,E11,P3,6,marketplace
5.831331304238719,12.121418687931055,5.600744774415579,11.270413879559783,12.193557308140157,22.41037117323431,19.162504921354184,21.475825217947296,84.03516298503655,84.03516298503655,17.789089713554134,30.624395736953197,3.342227234437445,6.807926445977046,7.334159370730568,12.121418687931055,1.0,0.9958847736625515,44452.613878874734,1549611.527047556,1548611.527047556,1659,0.9993546769738444,0.0,0.0,1000.0,17.45722180268687,14.187740737353124,30.308614134433174,18.81944968741597,5.831331304238719,949.1168143518335,5968.126702862121,3079.9911164305595,0.5160733459216768,3647.0884186415756,0.08653747420804925,1660.9332706122914,6,0,4,61,47.66193585012884,1517,252.0,1.6609332706122912,163.79894430607754,95168.89913015267,2665.3763528745503,1500000.0,0.4241114664900736,0,6,14.813666487209016,18,E11,P3,6,marketplace
7.9956563844466295,19.55573980875143,10.939731332244175,21.16726067935822,5.043925149988895,6.211458270537151,8.252182302831796,11.209425576506334,4.300086812546397,4.300086812546397,18.70048293204445,32.97871448914921,6.206644407377595,14.293149790020653,8.038031912924847,19.55573980875143,0.9210526315789473,0.9620689655172414,87841.34456932086,1606256.9135860626,1605256.9135860626,1723,0.9993774345862472,0.0,0.0,1000.0,17.88978586710631,14.037539360142318,32.12133263151527,18.645216248975363,7.9956563844466295,979.4369976258729,6568.098152721624,3393.252863138033,0.5166263938567925,3929.070511451076,0.09734767880954984,1913.801269376889,11,1,6,62,0.0,1592,252.0,1.9138012693768889,158.1764259168623,89054.49479369378,2851.2182552671925,1500000.0,0.41123293304719855,0,13,34.1602923998683,19,E11,P3,6,marketplace
4.471278002655599,7.039916505903876,10.697946522142974,16.941825487298143,29.211752376349967,80.91645032647045,34.34530274162444,85.45377057041199,20.905330007459042,39.3952106271644,18.814565803074487,35.411769232598715,3.9714655677270003,5.6802234108287895,10.812421168934552,7.039916505903876,0.9642857142857143,0.946360153256705,80793.2701575543,1590649.44826436,1588649.44826436,1683,0.9987426519386894,0.0,0.0,2000.0,18.510580237736384,14.375323666628901,35.4117692326012,19.741340259852247,4.471278002655599,1040.4456073307128,6219.159324121065,3228.717079465878,0.5191565147628989,3758.133459027617,0.092302582927011,1966.0180837232604,9,1,4,52,0.0,1552,252.0,1.9660180837232604,159.86284347449188,91232.57179507794,2783.720913339691,1500000.0,0.3856930492313221,0,11,27.706455032650798,20,E11,P3,6,marketplace
6.281818572554511,11.190534052578476,7.4773813311141195,12.350461075186557,6.684088471744737,14.45072212398227,9.856479682197687,19.21478483730243,4.923575236351553,4.923575236351917,18.782688321845878,33.199799560101155,6.746196466697853,18.57531699691755,8.624842854948842,11.190534052578476,0.9791666666666666,0.9776357827476039,101795.26384377985,1612089.748972065,1595308.3407910222,1745,0.9895902767251368,14781.408181042894,0.009169097558289251,2000.0,17.781095376320092,13.66449291146796,32.20839931255234,18.718686847521916,6.281818572554511,995.862946507616,6647.081675447849,3424.5599644286476,0.515197515486812,3876.01448073669,0.0941538995357554,1959.124151679209,10,0,4,62,413.0811185964314,1611,252.0,1.959124151679209,159.19124701984282,90044.54224386062,2820.3722049460976,1500000.0,0.3826739520102338,0,11,39.02891734955489,21,E11,P3,6,marketplace
3.047864850466712,4.995980005051251,4.023696343668986,5.5024623663739485,11.636391854071308,34.961720730932306,5.212163049455739,5.212163049455739,,,18.621224187569908,32.27281936585496,3.2414589459360865,5.169029540106226,8.345168244453424,4.995980005051251,1.0,0.9764705882352941,26819.936004901418,1529389.3707573186,1527389.3707573186,1662,0.9986922885445387,0.0,0.0,2000.0,18.10150909068236,14.689287920452443,32.10927655126689,19.069716656058134,3.047864850466712,980.1112048193787,6084.177947309435,3159.46813778103,0.5192925264748741,3683.451276884912,0.08692053850191224,1674.2551134055236,9,0,1,56,0.0,1549,252.0,1.6742551134055237,166.08355404989322,97922.29347940498,2590.5669291412,1500000.0,0.4161216311044498,0,6,14.987459172712168,22,E11,P3,6,marketplace
5.602100409636865,7.990740086664118,13.48049977982336,53.372286749256546,3.4965856701045595,6.6569133921004315,4.876301303517114,5.070817646590877,5.244145454433692,5.730057158137515,17.781246375375215,32.96511652833446,7.64230874697563,17.535707548736582,7.451570464906171,7.990740086664118,0.9259259259259259,0.98046875,66305.29979334184,1572295.0317663788,1570295.0317663788,1672,0.9987279741018115,0.0,0.0,2000.0,17.292952653295718,14.090042680185888,32.27281936585496,17.97797359118804,5.602100409636865,918.6229213628632,6143.505659344956,3210.9298390801105,0.522654330788469,3700.366280897727,0.0902131115701733,1801.8974252847875,12,0,1,58,312.2946116021637,1543,252.0,1.8018974252847875,161.62688685309695,93497.82062955046,2714.522068176094,1500000.0,0.40781764571630297,0,15,45.86599119081575,23,E11,P3,6,marketplace
17.87095175601106,58.60997215142632,21.736795934843894,59.17437107007264,16.134408311863655,47.8697116414297,76.91542505545294,118.71121747448906,4.316397158093423,4.316397158093423,17.49425636260385,29.341385635915387,4.840649855695841,5.135934104276748,9.382274556776604,58.60997215142632,0.7586206896551724,0.9397590361445783,40971.19198450468,1549122.7235720013,1547122.7235720013,1665,0.9987089467028226,0.0,0.0,2000.0,17.47371163222411,14.003535963225659,31.352216641019965,18.516603636703852,17.87095175601106,924.0997541540509,6064.146516718135,3167.4056814965274,0.5223168128877435,3617.2857766793622,0.08707922849128605,1642.8257116982413,10,0,3,62,0.0,1517,252.0,1.6428257116982412,163.9448647784624,95460.75883872673,2657.037601599285,1500000.0,0.4296112041711315,0,7,23.971517569169524,24,E11,P3,6,marketplace
29.276630624150773,111.27911918494456,12.996650751271622,42.02270822266293,5.999472165511254,6.396466139926452,55.31269889756196,152.18964795113783,9.294772713122256,9.294772713122256,17.989799371966058,31.64286203753164,7.608813788726934,15.612266796436556,9.644909480798226,111.27911918494456,0.6956521739130435,0.9453125,77024.21305695022,1590717.1925351804,1589717.1925351804,1676,0.9993713527428428,0.0,0.0,1000.0,18.09444541389994,14.185220377174574,32.27281936585439,19.32184962947893,29.276630624150773,1003.6865963440804,6113.853515403494,3177.515959582078,0.5197239272377909,3623.4260621656776,0.08835922886743611,1754.1650647119122,9,0,4,57,0.0,1541,252.0,1.7541650647119122,159.622205922074,91456.77131363856,2774.5803992412602,1500000.0,0.41281055515286447,0,5,11.459268114249259,25,E11,P3,6,marketplace
5.086223069574385,13.679885254426793,10.433605597701343,24.869811840941658,9.084325070376822,13.18381092649288,5.761967066451689,6.631306202329506,41.69262186903052,41.69262186903052,17.67843450473771,29.846416207299992,3.1031262055660807,4.4320802884656585,7.287464222638568,13.679885254426793,1.0,0.9959016393442623,60773.337476461245,1568414.1462153625,1551792.3518766356,1659,0.989402164996512,13621.794338726966,0.008685074902950108,3000.0,17.27073703631608,14.34365776498089,29.455385599333933,18.104607926579884,5.086223069574385,898.1582275515301,6062.332664504965,3155.6592617003175,0.520535483012462,3611.8553689738774,0.09183782210034405,1769.2824688429223,14,1,6,52,0.0,1525,252.0,1.7692824688429223,163.53301533027343,95541.36056758864,2656.1196215048603,1500000.0,0.4215405604213901,0,7,19.52037060221714,26,E11,P3,6,marketplace
2.6163244637694234,3.9359317607558753,3.5892171121933645,4.283848344943181,4.531425735025493,6.1930347138830255,,,,,18.32972675813801,32.115357937752954,6.700031307569522,17.763858902347152,8.204121140348466,3.9359317607558753,1.0,0.9653679653679653,13735.182660926428,1515300.790657525,1515300.790657525,1643,1.0,0.0,0.0,0.0,17.964145999020822,14.471728524863465,32.08684241927949,18.828673859371175,2.6163244637694234,939.9721583249799,5994.413024239916,3125.7167040267514,0.5214383278875062,3549.1389491914233,0.08532336894086207,1670.9549669865396,9,0,1,58,31.69680174720179,1518,252.0,1.6709549669865396,167.40633709886254,99290.07644997255,2554.847010262894,1500000.0,0.4090000916336721,0,8,25.369974279844016,27,E11,P3,6,marketplace
9.321697660528873,29.58145607867155,7.042361072962679,8.14352801999112,11.850525296233942,29.375708450884314,30.082428384991697,63.214142621946394,70.7117819623113,83.96031036722752,16.73083005294875,28.048313303999485,3.9339260109959593,6.156075692478593,7.771771745904409,29.58145607867155,0.84,0.9845559845559846,68581.49159832505,1577899.8491911527,1574899.8491911527,1676,0.9980987386483763,0.0,0.0,3000.0,16.473393345867322,14.026930487068057,28.300548338913813,18.113403794368377,9.321697660528873,920.8140792960286,6143.531861063339,3171.948601942429,0.5163070158463244,3696.231503672414,0.09442097790707892,1830.6511751353303,13,1,7,75,0.0,1535,252.0,1.8306511751353303,161.17256681781979,92564.72641185731,2742.196309701622,1500000.0,0.4148195621544176,0,10,30.682440807143035,28,E11,P3,6,marketplace
9.841358336198807,43.82175795174953,10.170284979491907,13.720024892689615,31.025460676613392,108.88102322523264,15.2840541193153,43.06886642721228,61.40053419143002,116.57835684725897,17.284630786016127,30.1690603749973,6.141174176206471,7.994517779900705,9.685354803139154,43.82175795174953,0.8571428571428571,0.9438202247191011,112356.63513066774,1624886.1453492267,1624886.1453492267,1680,1.0,0.0,0.0,0.0,17.300369414950445,14.060887358017112,31.07668741099933,18.761691056904866,9.841358336198807,1008.7919507466834,6344.909407152696,3279.5453981760575,0.5168782070361768,3813.576173103768,0.09408215030501214,1914.1742827979715,10,0,12,65,0.0,1564,252.0,1.9141742827979715,156.26582515307604,86807.76153963908,2925.0169544672913,1500000.0,0.400974688613815,0,9,28.60513937466419,29,E11,P3,6,marketplace
3.0271966115842304,5.078753569144055,3.0065267130897992,3.808539862104226,3.5692965048920655,6.674113667810128,,,,,17.576580995656997,30.202422881051575,5.996137471230816,12.804644729699135,7.575643723051974,5.078753569144055,1.0,0.9832635983263598,12966.277020972228,1514488.940738426,1514488.940738426,1652,1.0,0.0,0.0,0.0,17.144132795640857,14.63881924070165,29.29604887728675,18.07920068058278,3.0271966115842304,895.1252933218784,6012.606192240958,3119.9862177521045,0.5189074617556575,3623.8427678740723,0.08806250129574386,1734.5043163305975,8,0,2,67,0.0,1520,252.0,1.7345043163305975,167.53803708372817,99455.4081689572,2551.2388817034507,1500000.0,0.4217445551174852,0,0,0.0,0,E11,P3,6,marketplace_no_anticipate
4.367453525246142,8.263563342444854,5.651715049400991,11.483149544984188,6.75011797834697,11.796849200795254,11.548177294492916,26.162143239309074,,,17.922784407019787,31.1435823371444,7.123687284024232,12.853714243494418,7.733824369030089,8.263563342444854,0.9444444444444444,0.9898305084745763,100709.15434103922,1615590.1093808752,1614590.1093808752,1721,0.9993810311203358,0.0,0.0,1000.0,17.119030771024185,13.64030982352142,29.42378344667759,17.851440961202947,4.367453525246142,886.5452477465801,6522.813077193033,3380.4244883913857,0.5182464142979989,3892.569484007154,0.09988251026594665,1995.9017177687554,19,0,11,59,97.49759036723961,1575,252.0,1.9959017177687552,157.31293053390814,87701.37845443872,2896.144920341484,1500000.0,0.41296438014300285,0,0,0.0,1,E11,P3,6,marketplace_no_anticipate
35.76023990064061,106.86413606977796,48.636995159179186,118.35918775405399,16.83620346515075,44.293689274544164,19.291013332004127,34.45229230639452,69.2093660732994,113.33548802665946,18.37259931521243,32.230095250633894,6.928142666713678,16.598750252881473,11.20838808629191,106.86413606977796,0.6875,0.9154411764705882,76800.1464189748,1590664.735403459,1590664.7354034588,1695,0.9999999999999999,0.0,0.0,0.0,18.815178759632218,14.856329853723764,33.945726741665794,19.641335864163334,35.76023990064061,1051.424816666606,6312.312731896207,3271.3060594386384,0.5182420767761841,3804.813418347965,0.09393433781702802,1859.657402592117,13,0,9,58,0.0,1570,252.0,1.8596574025921169,159.59344024698123,90732.71927707172,2797.884373192624,1500000.0,0.4207095378065927,0,0,0.0,2,E11,P3,6,marketplace_no_anticipate
8.01093500339174,16.897913926885032,11.67135850411038,22.21645872040926,14.1868540118372,35.76459237346344,19.203808441825903,28.4722749239676,31.56528686475471,42.62919040575107,17.09733245944366,29.070062992518,4.898371654819021,6.4846823682333365,8.837492173160115,16.897913926885032,0.9111111111111111,0.9800664451827242,100592.7237119158,1620301.3378479234,1618301.3378479232,1736,0.9987656616992883,0.0,0.0,2000.0,16.545227168519038,13.873560156768463,29.23170996006263,17.819084817063167,8.01093500339174,924.2597800735904,6522.337253376834,3378.3520735152183,0.5179664807682447,3952.4367688003185,0.09509849620471361,1898.7942086452572,9,0,7,74,0.0,1582,252.0,1.8987942086452572,156.89216110164577,87559.94774934204,2899.7138615875106,1500000.0,0.42511541801120223,0,0,0.0,3,E11,P3,6,marketplace_no_anticipate
4.525257983076286,9.079036381852532,5.002924539415233,9.195157799319896,5.196377229906076,8.02675273550349,12.737596754772571,25.48656017291451,27.6915187039624,43.19698351906286,17.923349509460525,32.27281936585464,3.59074578266346,7.147441047221582,7.516236083837909,9.079036381852532,1.0,0.9839743589743589,111662.5896233039,1623621.9329033762,1608568.613833768,1749,0.9907285564671514,13053.319069608136,0.008039629673064387,2000.0,16.825047585043738,13.226990939210737,30.45370427287035,18.0480856040536,4.525257983076286,937.336751341065,6693.1580098822305,3428.81718585456,0.5122869026537283,3951.430759051511,0.09714812200431497,1944.0470640397173,15,0,10,57,0.0,1628,252.0,1.9440470640397172,157.86957726273448,89034.1409899833,2852.2097730196497,1500000.0,0.40365297781324383,0,0,0.0,4,E11,P3,6,marketplace_no_anticipate
9.025666313048154,4.9287847766272534,8.565006755191828,16.666540237924785,18.562011052934864,78.77884690864485,16.361357579327176,36.31314694348731,38.58301257579212,38.58301257579212,17.612912515669134,30.138983605750553,8.46723864058675,21.16609857849738,8.82509394796691,4.9287847766272534,0.9032258064516129,0.9527272727272728,69345.69733877359,1581071.8908623361,1566559.6627648063,1700,0.9908212724662288,13512.228097529805,0.008546245224915148,1000.0,17.20653383049472,13.628632071852621,30.09771182981243,18.352629794089776,9.025666313048154,962.5085965403804,6482.20824948089,3319.343819396916,0.5120699137771046,3787.4212825530585,0.09046015994478043,1792.1261006879336,10,0,7,47,0.0,1596,252.0,1.7921261006879337,162.00603917808826,93142.73583499748,2724.765638731947,1500000.0,0.41809862365932327,0,0,0.0,5,E11,P3,6,marketplace_no_anticipate
3.1474649358670965,5.378210808017297,4.511706324820687,9.281843338550427,3.1677501011369547,4.675293146604417,5.778960750069871,6.3865481977581,7.411837548079575,9.786052213896301,17.59121048533827,29.2142297834823,3.7303905283679524,8.842698101050114,6.5588756600369456,5.378210808017297,1.0,0.9850746268656716,68462.89817107105,1574237.3856304632,1560296.932096663,1695,0.9911446306249312,13940.453533800395,0.008855369375068811,0.0,16.81303262768914,14.570066546873932,28.178275782744862,17.801653578044025,3.1474649358670965,901.7871024635484,6253.45123594563,3229.1823971266494,0.5163840374359842,3709.642673256101,0.09162559310514007,1912.4288401122608,10,0,3,69,0.0,1558,252.0,1.9124288401122609,162.7334026087683,94952.5888548905,2674.096956199363,1500000.0,0.3910566691204157,0,0,0.0,6,E11,P3,6,marketplace_no_anticipate
5.231111143243528,10.80038892413268,7.896266781008808,14.03842764889424,5.0332246739263145,9.53460481493733,33.68190196382153,42.600391791577316,25.6524287211505,25.6524287211505,17.83419642478579,32.272819365854595,8.51508930556659,20.960003296923265,8.625251657777056,10.80038892413268,0.9565217391304348,0.9760956175298805,66661.68215178815,1575781.2122211275,1560645.4313835679,1671,0.9903947447017565,14135.780837559716,0.008970649432756442,1000.0,17.425077962573248,13.833292795084162,32.08684241927949,18.467948355534357,5.231111143243528,958.9755222389005,6192.602905662219,3212.4474994608877,0.5187556102658512,3722.849439168635,0.08552454290841074,1645.252239292759,6,0,2,47,220.4864588571628,1559,252.0,1.6452522392927589,162.52586727173974,93579.0518786224,2710.4917943418122,1500000.0,0.41597668209240546,0,0,0.0,7,E11,P3,6,marketplace_no_anticipate
8.45371650408883,19.473824709886884,10.813263268831149,20.324763150667177,6.611273185526677,7.141162649687701,30.204918856891254,41.771652149670174,,,18.041296338051264,31.603692019511254,5.101029146666827,10.61602837081346,8.48219031661908,19.473824709886884,0.8928571428571429,0.959409594095941,53177.689805350616,1556757.0832136883,1554757.083213688,1686,0.998715278047188,0.0,0.0,2000.0,17.5659028690053,13.967326755067688,31.603692019511982,18.552171840451695,8.45371650408883,928.6450684446452,6281.7034030277755,3250.0152386338555,0.5173780151841221,3766.9228904374568,0.09321614042286094,1864.2182862846826,12,0,5,72,253.6150986706786,1553,252.0,1.8642182862846826,163.28223941038203,94756.746057474,2679.1149849352705,1500000.0,0.4271688963246948,0,0,0.0,8,E11,P3,6,marketplace_no_anticipate
11.385516680605791,43.449150433132054,19.617650602384284,61.04736702460471,9.281059140020801,28.853602246601923,73.04805263074559,104.46573456642909,78.88909239169425,101.20011872185114,17.915252869438532,30.90494346703357,7.081761602272484,8.531400458371763,9.202534103138444,43.449150433132054,0.8636363636363636,0.9480968858131488,79011.77333131488,1584037.482643687,1568973.72854601,1715,0.9904902792624982,13063.754097676843,0.00824712435205386,2000.0,17.67218335842391,14.650275385858095,31.603692019513346,19.684978691955017,11.385516680605791,1021.6539155613558,6455.306148096603,3343.9579849104753,0.5180169473288989,3833.3318438629994,0.09762688123309538,2043.2059555406927,14,1,4,57,98.46370284000882,1591,252.0,2.0432059555406927,161.91680034755336,93145.91213742082,2727.368277641036,1500000.0,0.4006665374495384,0,0,0.0,9,E11,P3,6,marketplace_no_anticipate
15.255715204671,42.88227059025053,14.168874785550358,40.86974501251484,25.014178673605677,62.19291532912957,27.42601681463816,40.78683058755105,46.45456998200632,78.9369979003606,17.939213456318942,30.36475919481154,5.516432210531203,14.252258256208734,9.885376572047514,42.88227059025053,0.6923076923076923,0.9397163120567376,78127.15549743046,1588758.265839218,1569992.3640492226,1711,0.9881883215379637,14765.901789995241,0.009293988964517242,4000.0,17.73522496989869,15.098359831968082,32.12487905487524,19.07522646203022,15.255715204671,987.4957649806387,6399.3873702148785,3301.7149889420375,0.5159423547806221,3848.9447212248124,0.09451650916122419,1967.6126084139216,9,1,5,71,60.09629953532991,1561,252.0,1.9676126084139216,161.76359734221708,92771.82109060498,2737.5512264697077,1500000.0,0.39701365620663664,0,0,0.0,10,E11,P3,6,marketplace_no_anticipate
5.8074492077796265,11.67024831484423,10.038313066180876,24.190394665696182,4.547658460609348,7.356202917492921,13.844669814861943,28.386513512719926,10.787403280222861,16.7666533417314,17.19081398671626,27.824418285510546,6.732579997701069,17.102450564368528,8.578266551414155,11.67024831484423,0.9444444444444444,0.9651567944250871,111543.27783898677,1624921.920249499,1623921.920249499,1714,0.9993845858145317,0.0,0.0,1000.0,16.540970494695966,14.248643994307713,27.709517094512666,17.158269329479037,5.8074492077796265,918.8387098600186,6518.1456159163745,3359.2262645374076,0.5153653297242485,3836.664920824364,0.0937345490698872,1921.1277742444404,9,1,12,57,61.46131207143856,1604,252.0,1.9211277742444406,156.3628919641851,88615.735030723,2865.4180624491823,1500000.0,0.38149195532468727,0,0,0.0,11,E11,P3,6,marketplace_no_anticipate
4.433947469292889,8.39464403814736,6.45479913433899,10.529034445408161,2.9339288334977027,2.9339288334977027,,,,,17.5175316795207,28.12865551754514,2.021359173487326,2.5177435532436903,8.26679506400303,8.39464403814736,1.0,0.9768518518518519,18023.744041762733,1518714.779790731,1501483.6889429558,1619,0.9886541626663109,14231.090847775113,0.009370482882728029,3000.0,17.338613557605743,14.239076423485585,27.939213532639226,18.08662740357281,4.433947469292889,895.6373924537222,5853.575948668916,3056.442342003372,0.5221496003137017,3563.761688995232,0.08239747742588802,1595.264597610212,4,0,0,57,0.0,1494,252.0,1.595264597610212,168.89644986829077,100750.68136770144,2517.0575638301098,1500000.0,0.4264002903465929,0,0,0.0,12,E11,P3,6,marketplace_no_anticipate
3.134827111359831,6.180081274356055,5.509010254672948,10.985095140574323,5.891089166168081,9.971429348777415,6.722930474196983,9.509427117372843,7.535781325760581,8.883178319118269,16.227850398757017,27.72391153979256,5.431279325098431,8.016747001566728,6.518077498016721,6.180081274356055,1.0,0.9932659932659933,91238.2981341862,1601282.5337738234,1599282.5337738234,1723,0.9987510011769838,0.0,0.0,2000.0,15.400946991966205,13.083373505177406,27.166209311145938,16.196653613408653,3.134827111359831,835.989503672039,6511.492175439792,3354.181176851136,0.5151171323682949,3905.588083067746,0.09411043629269285,1853.2795928963299,9,1,9,65,26.471674990614005,1599,252.0,1.85327959289633,158.72947664467975,89307.96964304443,2842.4482227904637,1500000.0,0.39884579886217475,0,0,0.0,13,E11,P3,6,marketplace_no_anticipate
6.144482560006613,10.700277867106706,11.16816992784367,21.188691390181678,9.573186406701048,18.815509123033507,23.84482095224876,52.12441797807597,5.820544979587339,5.820544979587339,19.107691650571365,35.60575166251797,12.472565578430045,26.478897203815382,10.23962843920886,10.700277867106706,0.975609756097561,0.9540983606557377,108277.73229511893,1623568.4454141085,1621568.4454141085,1739,0.9987681455588465,0.0,0.0,2000.0,18.405856025442308,14.24277714692198,35.39182778194299,19.400806657056638,6.144482560006613,1041.8618342275333,6578.354960463172,3361.3582777296697,0.5109724692467799,3870.880119893924,0.09211515564016862,1918.023630607035,7,0,10,57,2543.3828904644224,1608,252.0,1.918023630607035,156.58791606897768,87476.43338287364,2902.7020628429023,1500000.0,0.39835946665148203,0,0,0.0,14,E11,P3,6,marketplace_no_anticipate
12.226720441286053,33.05013690336346,19.662326633184758,51.84632682173442,12.768401138552543,37.39096567998786,18.448133127264715,47.33768127146895,30.78030650943371,49.04389927110024,18.812677691480925,35.411769232598274,11.69591989962622,34.01596638332832,11.563171106896597,33.05013690336346,0.775,0.943217665615142,142692.91995045857,1659042.555528634,1656042.5555286342,1752,0.998191728120534,0.0,0.0,3000.0,18.44282590797423,14.392720434796502,36.61824424766712,19.26531981477123,12.226720441286053,1064.4695274663154,6670.168909221787,3418.419465551339,0.5124936882520668,3948.5679775481885,0.09723753690779124,2023.9747755730714,15,0,6,60,579.8336293048276,1635,252.0,2.0239747755730715,153.39217819465074,84155.23457957813,3018.5166263824644,1500000.0,0.3959212611620372,0,0,0.0,15,E11,P3,6,marketplace_no_anticipate
38.562531434388504,111.94194905442349,56.705151789801114,119.56813330007427,44.934473444622384,125.44012373929763,40.02361973773361,99.46029534651572,,,18.535679081609615,31.65507511524612,3.34356337885836,5.180299767259021,13.156784035212977,111.94194905442349,0.7,0.905511811023622,48172.02414110696,1551004.9906443798,1548004.9906443798,1660,0.9980657702469715,0.0,0.0,3000.0,19.315644393496974,14.721945733411303,32.96511171397216,20.090116463327234,38.562531434388504,1019.4498832969458,6072.120812574103,3153.6028311176206,0.5193577217019733,3691.6925731252013,0.08852739691215672,1782.7385185278788,6,0,6,58,0.0,1517,252.0,1.7827385185278788,163.941809007274,94794.31943043135,2677.1935285086,1500000.0,0.4112030441791781,0,0,0.0,16,E11,P3,6,marketplace_no_anticipate
4.413569036319074,5.5550852557746575,5.707276998416965,12.988226568551728,3.4311006927677665,5.5353710098469495,13.661164331017801,26.854166043495336,15.323276223316384,29.3288233436404,17.05212260137085,28.825483843340624,5.046715146051949,13.339151238687739,6.239295750867971,5.5550852557746575,0.98,0.9932203389830508,108753.96482816651,1618779.5327069117,1618779.5327069117,1724,1.0,0.0,0.0,0.0,16.221850716374977,13.388760445647222,27.794266261794757,17.447004250164156,4.413569036319074,886.8182377250113,6464.55179431145,3334.9349285991984,0.5158803014825883,3963.7080990727063,0.09749883001491168,1964.9428945592697,11,1,8,70,0.0,1581,252.0,1.9649428945592697,156.88667774905758,88237.92994443949,2878.18337368604,1500000.0,0.42001202131044246,0,0,0.0,17,E11,P3,6,marketplace_no_anticipate
5.431646154092712,11.784503663385301,6.053070062417282,11.008975971063046,12.273943918277572,22.41037117323431,19.162504921354184,21.475825217947296,84.03516298503655,84.03516298503655,17.982602265639304,31.647340265300777,3.8287225601842323,7.67789897206012,7.321500652111323,11.784503663385301,1.0,0.9958847736625515,44452.613878874734,1549611.527047556,1548611.527047556,1659,0.9993546769738444,0.0,0.0,1000.0,17.64507212725263,14.430349308785026,31.5070619395593,19.020971891608067,5.431646154092712,955.9467317781593,5934.349134153861,3063.387137360915,0.5162128260587592,3601.279980901018,0.08655450675751983,1670.2013450355207,6,0,4,67,47.66193585012884,1508,252.0,1.6702013450355206,163.80492907001693,95172.37634057108,2665.3763528745503,1500000.0,0.4255235728051425,0,0,0.0,18,E11,P3,6,marketplace_no_anticipate
6.23463833725408,19.55573980875143,7.69705252347986,17.820796026685752,6.063400274159471,7.855597177015626,8.318697984151791,11.209425576506334,89.71395916585698,89.71395916585698,18.510847011480188,32.11416008232827,6.048225361901087,12.734698872865556,7.154959343775824,19.55573980875143,0.9210526315789473,0.9827586206896551,87841.34456932086,1606256.9135860626,1605256.9135860626,1723,0.9993774345862472,0.0,0.0,1000.0,17.697814023745615,13.998683627665287,30.56614971560593,19.04350533598219,6.23463833725408,985.9140796370201,6496.2815141818155,3330.25408534643,0.5126400507854014,3918.9147040858634,0.0984233381748622,2005.6681801152838,12,1,6,61,79.51124765585291,1584,252.0,2.0056681801152836,158.23365470682165,89086.71502466654,2851.218255267192,1500000.0,0.4049960508713437,0,0,0.0,19,E11,P3,6,marketplace_no_anticipate
4.506338022546227,7.039916505903876,10.841709276616962,16.941825487298143,28.759105373394757,79.80987878801768,38.617643269451264,87.81632404832709,18.513731487431187,35.79202766400868,18.981990405335168,35.515144318486115,5.0619195435316895,5.590836962174318,11.502161026754697,7.039916505903876,0.9642857142857143,0.9348659003831418,80793.2701575543,1590649.44826436,1589649.44826436,1684,0.9993713259693446,0.0,0.0,1000.0,18.683482249121774,14.383498842290464,36.03291995147683,19.84467569036775,4.506338022546227,1029.8739207335366,6180.481011094369,3204.5767542480285,0.5184995712300714,3747.5008038192823,0.09477314902248586,1970.2462441342698,11,1,4,52,593.9285237630137,1543,252.0,1.9702462441342699,159.76493844062833,91206.81743332498,2784.553319490557,1500000.0,0.3909296166175844,0,0,0.0,20,E11,P3,6,marketplace_no_anticipate
4.9879060831202535,9.738584577336315,7.010894940105384,13.257464505225926,5.010452715868992,10.485574767047732,8.214539397815543,13.260142254603307,4.923575236351553,4.923575236351917,18.404360799227284,33.14219210314431,6.284903187039468,11.966359446121809,7.947446963238793,9.738584577336315,1.0,0.9776357827476039,101795.26384377985,1612089.748972065,1595308.3407910222,1745,0.9895902767251368,14781.408181042894,0.009169097558289251,2000.0,17.348470563200458,13.512193674377158,32.11176923259882,18.29069952908989,4.9879060831202535,953.3003305105304,6629.0537116525475,3402.00199825441,0.5131957208725542,3934.393357217948,0.09619486795885698,2028.2699625829514,10,1,3,65,413.0811185964314,1613,252.0,2.0282699625829514,159.2345902464378,90069.0587990807,2820.3722049460976,1500000.0,0.38348779656373533,0,0,0.0,21,E11,P3,6,marketplace_no_anticipate
3.0993663752160554,4.995980005051251,4.014239154208699,5.5024623663739485,11.721133981446112,34.961720730932306,5.212163049455739,5.212163049455739,,,18.71721348101319,32.79117181412915,3.55174207781474,5.169029540106226,8.455789560576614,4.995980005051251,1.0,0.9764705882352941,26819.936004901418,1529389.3707573186,1527389.3707573186,1662,0.9986922885445387,0.0,0.0,2000.0,18.197105517550355,14.912507116757752,32.21544079582913,19.164173337489682,3.0993663752160554,981.427627184406,6056.006112073828,3137.7567417393793,0.5181231134300954,3678.0543185775095,0.08717299859660682,1688.6236083663753,9,0,1,59,0.0,1545,252.0,1.6886236083663753,166.0929612745577,97927.83994678214,2590.5669291412,1500000.0,0.41652571778797676,0,0,0.0,22,E11,P3,6,marketplace_no_anticipate
5.687974659595814,7.902624686252693,13.7257432793308,53.372286749256546,3.2647124912601004,4.922590837918505,5.408740343686986,6.348671342998569,5.244145454433692,5.730057158137515,17.76249798045838,31.643116381880002,9.285815090014353,29.734149965268443,7.39995284093609,7.902624686252693,0.9259259259259259,0.98046875,66305.29979334184,1572295.0317663788,1570295.0317663788,1672,0.9987279741018115,0.0,0.0,2000.0,17.29263666591105,14.359483388708213,31.507061939559208,17.968640931065497,5.687974659595814,919.900752664809,6110.612307123433,3172.5078588219894,0.5191800263819135,3677.4406453682172,0.0899860536967538,1856.1849037628883,12,0,1,58,312.2946116021637,1544,252.0,1.8561849037628884,161.6614583682453,93517.81953805614,2714.522068176094,1500000.0,0.39735558159647466,0,0,0.0,23,E11,P3,6,marketplace_no_anticipate
17.85992862910201,58.60997215142632,21.736795934843894,59.17437107007264,16.057917642102286,47.8697116414297,76.89493557658352,118.66204272520244,4.316397158093423,4.316397158093423,17.391397330297853,29.83823199516226,4.840649855695841,5.1472563909783275,9.5941568066372,58.60997215142632,0.7586206896551724,0.9397590361445783,40971.19198450468,1549122.7235720013,1547122.7235720013,1665,0.9987089467028226,0.0,0.0,2000.0,17.37421147560003,14.056932140920253,31.56503998753034,18.394301661312955,17.85992862910201,930.9274039611275,6042.955587719085,3139.706610422732,0.519564733655078,3607.0131403055348,0.0866404305324032,1640.668400834778,10,0,3,63,0.0,1523,252.0,1.6406684008347778,163.9434703765636,95459.9469153794,2657.037601599285,1500000.0,0.4280524257349382,0,0,0.0,24,E11,P3,6,marketplace_no_anticipate
29.22726454734926,111.51564302071657,12.949109702297164,41.02737668711264,5.922998114535271,6.463714105863232,55.00327795359332,152.42617178690983,9.294772713122256,9.294772713122256,17.987555465901426,31.64286203753164,7.592708775401411,15.612266796436556,9.64040841370818,111.51564302071657,0.6956521739130435,0.9453125,77024.21305695022,1590717.1925351804,1589717.1925351804,1676,0.9993713527428428,0.0,0.0,1000.0,18.08888545236927,14.167352723708404,32.27281936585439,19.311266274311397,29.22726454734926,1002.732080839267,6105.1923264932475,3171.3821694480507,0.5194565543309684,3626.4091584242956,0.08833647753444518,1758.8210647347676,9,0,4,58,0.0,1540,252.0,1.7588210647347677,159.62513474491413,91458.44940522464,2774.5803992412602,1500000.0,0.41246895203114053,0,0,0.0,25,E11,P3,6,marketplace_no_anticipate
5.103927969308529,13.679885254426793,10.469124562186051,24.869811840941658,9.084325070376822,13.18381092649288,5.761967066451689,6.631306202329506,41.69262186903052,41.69262186903052,17.51982118859908,30.120077599459375,3.1031262055660807,4.4320802884656585,7.1400405551909785,13.679885254426793,1.0,0.9959016393442623,60773.337476461245,1568414.1462153625,1551792.3518766356,1659,0.989402164996512,13621.794338726966,0.008685074902950108,3000.0,17.1184575322785,14.13964786495751,29.832725174319606,17.949131198781025,5.103927969308529,892.9133910721825,6049.382047783159,3135.5152046401827,0.5183199176169102,3595.9948152870447,0.08925462739456548,1738.9387596522613,14,0,6,49,0.0,1528,252.0,1.7389387596522614,163.51346135505636,95529.93649280489,2656.1196215048603,1500000.0,0.42105189613198757,0,0,0.0,26,E11,P3,6,marketplace_no_anticipate
2.957441249368076,4.757586247477048,3.6813121997088443,4.283848344943181,4.875064490265345,6.879811174529368,,,,,18.29235600112445,32.29871295631627,5.127114798331196,6.540526464989261,8.121998436067956,4.757586247477048,1.0,0.9653679653679653,13735.182660926428,1515300.790657525,1515300.790657525,1643,1.0,0.0,0.0,0.0,17.9210463934817,14.288483600147629,32.10678386993495,18.798354909056844,2.957441249368076,939.3517331095399,5983.05838429852,3106.2368125896687,0.5191720710500567,3547.3616498876318,0.08533615922517955,1694.2798687347322,9,0,1,54,31.69680174720179,1524,252.0,1.6942798687347322,167.42173001747776,99299.2061167019,2554.847010262894,1500000.0,0.40214789846208165,0,0,0.0,27,E11,P3,6,marketplace_no_anticipate
8.266486181251977,30.59528313487936,6.014419446528464,10.50682876520664,9.129525240150597,19.510273115553268,33.24417070431658,75.00417549176836,75.58147994002093,77.63719315293702,16.56135926966549,28.006518566320665,3.360296831472485,4.911369916750118,7.375269482378389,30.59528313487936,0.84,0.9845559845559846,68581.49159832505,1577899.8491911527,1574899.8491911527,1676,0.9980987386483763,0.0,0.0,3000.0,16.275824260664105,14.009594824191481,28.00651856632203,18.119729132871385,8.266486181251977,922.1440257656099,6143.021249849531,3171.012702565824,0.5161975799194078,3700.4932924264867,0.09263762568443183,1788.7637053773265,13,0,6,72,0.0,1539,252.0,1.7887637053773264,161.1459699076864,92549.45125828432,2742.1963097016214,1500000.0,0.42381821741736825,0,0,0.0,28,E11,P3,6,marketplace_no_anticipate
9.939735358732529,43.82175795174953,10.46404666405468,13.720024892689615,31.062612313576075,108.88102322523264,15.2840541193153,43.06886642721228,61.74762743155846,116.79466062173043,17.160171076517543,29.91848843727255,6.4011422288375,7.994517779900705,9.91076865662236,43.82175795174953,0.8571428571428571,0.9438202247191011,112356.63513066774,1624886.1453492267,1624886.1453492267,1680,1.0,0.0,0.0,0.0,17.188320576954506,14.01623935533928,30.78125361732118,18.629049299876794,9.939735358732529,1005.8703034831204,6324.994349487499,3261.096342799615,0.5155888152001045,3822.136082421803,0.09386580803756857,1910.9634071462626,10,0,12,65,0.0,1566,252.0,1.9109634071462627,156.26384909114648,86806.66381073641,2925.0169544672913,1500000.0,0.40181506019062485,0,0,0.0,29,E11,P3,6,marketplace_no_anticipate
5.566524129970884,13.423689187133828,6.407324334262087,17.26703987226684,22.111205988761487,55.39441790154967,,,,,32.47554980568784,71.16824614098455,8.574731376559582,29.263619461648886,11.366444856735583,13.423689187133828,0.9583333333333334,0.9534883720930233,13968.57625752051,515078.73700219905,515078.73700219905,554,1.0,0.0,0.0,0.0,30.111292381558396,25.704708293040312,64.53096395108176,31.879295055694502,5.566524129970884,644.5593403758155,1810.2343194705281,904.6999812108019,0.4997695444617445,859.3389606278972,0.05951713568237099,260.1367198840223,3,0,1,4,102.4925070669722,546,90.0,0.26013671988402226,175.23561008401452,116402.7738433293,775.4122495514446,500000.0,0.047682924078460864,0,4,12.206636942263266,0,E11,P2,2,marketplace
3.191642853849813,5.456894471272244,4.0039760339999,5.624879280994719,13.817476179460119,27.67425755070194,8.732132086719957,11.110761333866776,,,31.493001579916093,64.92984470378927,11.132673376511027,27.477379584783215,8.505807790364608,5.456894471272244,1.0,1.0,22776.714596747763,525519.2910413912,517606.8462905894,533,0.9849435693690289,5912.444750801655,0.011250671196266278,2000.0,29.86846837620315,25.704708293039857,62.04630225338156,30.75282894467825,3.191642853849813,626.5764062621569,1752.4421719387133,884.8132134115755,0.5049029449186979,831.9968039933307,0.057734618349516216,251.65182011430895,2,0,7,2,818.5948957851573,530,90.0,0.2516518201143089,174.36332704426047,114220.8044916447,790.1507279850778,500000.0,0.0691138735856136,0,8,24.9428897757567,1,E11,P2,2,marketplace
22.53717286731044,105.29563234818279,5.053077115580123,8.272888178846188,21.960826534027472,60.067806934534474,4.494057238223718,5.219673785347891,,,30.155989276398287,61.29094094784823,16.16969193831892,57.953469600499375,11.323605662828328,105.29563234818279,0.8181818181818182,0.868421052631579,29310.196036041838,532277.3226155266,516873.34282247716,548,0.9710602365748803,14403.979793049497,0.02706104352195697,1000.0,29.019526923230544,25.704708293039857,61.84768044822928,29.790657131200604,22.53717286731044,604.1230078112959,1754.7941483820289,873.5242915181722,0.49779302736083714,835.8610785465371,0.05609490600163034,244.80371530465771,1,0,2,7,694.1474468376433,535,90.0,0.2448037153046577,174.59751981502305,114857.20179028006,785.7130620340582,500000.0,0.09838465187036571,0,7,19.72437651648164,2,E11,P2,2,marketplace
3.8893056851205854,3.9007974282609212,6.863833175480452,14.08101655173432,30.873349666350897,102.78522926149512,,,,,31.363105036691287,68.16837174020411,8.19768203963832,4.102002169238586,17.302753388902385,3.9007974282609212,0.9565217391304348,0.9565217391304348,28096.063942230638,530369.5763930491,519069.4501240941,558,0.9786938641054692,10300.126268954962,0.01942065821158959,1000.0,29.11142766761071,25.704708293039857,64.69782921017944,30.994811183812683,3.8893056851205854,631.3730909577869,1888.5162238235143,939.4757410702708,0.4974676569990996,907.5332588457693,0.06154231804000278,269.04512485711257,3,0,3,3,0.0,554,90.0,0.26904512485711257,173.90552478724467,113177.20782494439,797.5903175176381,500000.0,0.06856323919988938,0,4,11.179989173125863,3,E11,P2,2,marketplace
5.668667175525646,4.785230239852085,3.4655110658108015,4.203685214109373,2.681080042188771,3.222341134082126,,,,,29.76224764261688,63.02907717473097,3.8516140033035335,5.8343052361206,3.0502240533050204,4.785230239852085,0.9444444444444444,0.9714285714285714,32491.15341102122,534209.4492904893,514996.84629887406,547,0.964035448985164,19212.602991615313,0.03596455101483612,0.0,27.570809885582687,25.704708293039857,57.61112657801646,28.995172897218428,5.668667175525646,583.726810730078,1796.4797646658733,906.578693011618,0.5046417504069312,842.5848964080824,0.05722269414378853,248.91047946541516,2,0,0,0,24.49064362786051,546,90.0,0.24891047946541517,175.2416759987113,115853.66466321726,778.9905545225175,500000.0,0.07158860011178891,0,12,38.03562451101909,4,E11,P2,2,marketplace
10.624968873147266,40.251798993569736,26.827466442448547,87.0461037203476,32.57411448722978,74.4952524258335,13.397403926080187,13.397403926080187,,,30.52553486190533,67.3371732822701,9.131336489468744,15.967392393029513,28.588923159706304,40.251798993569736,0.8518518518518519,0.8076923076923077,43452.69323580841,547328.4080016714,523628.46425572375,567,0.9566988605022758,22699.943745947778,0.041474082861561345,1000.0,28.88878398322733,25.704708293039857,67.53336506118988,29.9692786576441,10.624968873147266,615.4286567894037,1849.3411716351616,917.9441156496492,0.49636277487837244,876.677782955217,0.058182432653686146,253.4017966993331,1,0,1,7,190.61100951178176,553,90.0,0.2534017966993331,172.361527223284,112095.61855263627,805.146561141633,500000.0,0.03539680507448684,0,10,30.46260937425049,5,E11,P2,2,marketplace
5.144186455197025,7.784226242424467,14.193265233815195,30.742805728111126,13.629635258503479,32.34715813311487,,,,,33.190282737555464,66.95311365812815,10.22309780254332,43.22489277246244,13.995994742456094,7.784226242424467,0.9285714285714286,1.0,31608.77227884693,533346.8920584851,515556.02555541333,561,0.966642973329409,17790.86650307171,0.033357026670591004,0.0,30.57397282674765,25.704708293040312,64.20400607629699,32.53827212326329,5.144186455197025,661.2299971995966,1804.8804277429788,907.6517872818617,0.5028874895700928,859.8838180598509,0.05715321831299749,249.48398371530692,1,0,1,8,0.0,547,90.0,0.24948398371530692,175.05271883203906,116222.2362663606,776.5251029663516,500000.0,0.013195854265794837,0,6,17.866906516895334,6,E11,P2,2,marketplace
7.448586496645749,14.342541038162725,28.465305880237892,106.99027648610736,3.9256767396721464,5.787671987070885,,,,,30.564196847859815,63.45126945064021,9.469044009944222,36.9134756427133,18.426366686370088,14.342541038162725,0.972972972972973,0.9322033898305084,40773.60461111535,544565.4292464787,521462.1533310679,578,0.957574839175195,22103.275915410803,0.040588834193891726,1000.0,27.892548226223123,25.704708293039516,62.1897203145822,29.521562418146978,7.448586496645749,603.8530416027277,1923.687982900618,971.4081743326301,0.5049717953053383,907.2757851590925,0.059476993662242274,258.60660624557033,1,0,0,7,68.30619326670656,562,90.0,0.2586066062455703,173.08755013125915,113192.57841590128,797.389792417398,500000.0,0.05571751747615572,0,13,39.78512854779006,7,E11,P2,2,marketplace
17.868331048011804,65.69037345492289,23.694406258750718,85.56942852788411,12.090005531298134,37.48369168112618,24.67429069909349,27.859485926976504,,,33.76905369960626,65.7825027290251,3.1660877007697934,7.367546275397401,17.220604494568192,65.69037345492289,0.68,0.8541666666666666,38363.5914215517,540361.5398106,526845.8481339898,560,0.9749876875372228,13515.69167661024,0.02501231246277737,0.0,31.723753717478083,25.704708293040312,65.59755533925708,32.875280290267575,17.868331048011804,678.7969777428154,1839.409845561885,920.9086409147516,0.5006544045291013,870.5769851886981,0.0625450407302185,273.01349399244646,3,0,5,3,0.0,554,90.0,0.27301349399244645,171.34616095718724,110647.8012119095,815.8590817462714,500000.0,0.06576190112661551,0,7,20.11344243157353,8,E11,P2,2,marketplace
38.224183561914124,153.08868156394522,25.513613650619646,78.47974644036967,30.13931972793286,82.17175494361996,,,,,32.21132880723411,67.10350023940238,6.9516758776622805,22.383666943800563,27.49605911232531,153.08868156394522,0.6578947368421053,0.7625,47374.080402398526,549736.351411949,529265.8142808982,600,0.9627629916077515,19470.537131050907,0.03541795459049153,1000.0,31.37798621051855,25.704708293039857,68.90072149575967,32.02494607124434,38.224183561914124,665.6441879102601,1987.39929521094,987.8975470774468,0.49708055621132374,943.420893587953,0.0652317467936061,284.2959873011875,3,0,3,14,0.0,569,90.0,0.2842959873011875,170.58403084274104,109765.8567451562,822.5171165648948,500000.0,0.0008333868961789559,0,9,29.335251229123397,9,E11,P2,2,marketplace
2.313125670652945,3.626244880504237,4.986902667855418,7.629138717088403,30.90477131154364,86.14561671898805,,,,,30.562605416777465,61.98040827877424,2.957075270485734,4.0575204822824595,17.94583698969953,3.626244880504237,1.0,0.9333333333333333,13819.243346008723,516514.44304295897,516514.44304295897,540,1.0,0.0,0.0,0.0,28.94516780058875,25.70470829303963,58.659471602278984,30.412271525813956,2.313125670652945,617.61857689824,1743.2312895800592,870.1118590146488,0.4991373572833568,828.4324493740046,0.054277487423575035,236.77432352200836,0,0,3,1,27.346243906797934,538,90.0,0.23677432352200836,174.7032934682466,114901.99760314026,785.3368627688319,500000.0,0.014716805049153958,0,8,20.78178728778882,10,E11,P2,2,marketplace
22.156731253331003,81.170429981783,23.80575873936732,59.68873709635865,13.363074234176656,18.57299574853927,,,,,32.84049457995458,75.0914523038765,2.8815386337360374,4.326161951588347,16.346698378516844,81.170429981783,0.75,0.7941176470588235,26006.043708159235,527294.9549528928,513448.71797975095,540,0.9737410023686289,13846.236973142,0.026258997631371208,0.0,31.68430541508437,25.704708293040312,79.66268611913648,32.334774040867515,22.156731253331003,654.4172585369772,1688.115469859569,845.287308550488,0.5007283705662657,808.7025092522306,0.05423817788220728,236.76467229207117,1,0,0,4,0.0,533,90.0,0.23676467229207115,175.74640175818058,116814.40549084173,772.4797664562582,500000.0,0.04947236961071377,0,5,16.64701837135454,11,E11,P2,2,marketplace
22.491008975020836,54.067652170476535,27.51511489668447,63.83559940935436,48.777375006477996,48.777375006477996,,,,,31.798155760987495,69.27008769320457,9.489252758506154,22.078282632124864,30.552580626654976,54.067652170476535,0.8571428571428571,0.7857142857142857,3605.0987133016765,503977.3460501888,503977.3460501888,521,1.0,0.0,0.0,0.0,31.356636808090247,25.704708293040312,69.18559142549293,31.813264645044466,22.491008975020836,631.6239484285682,1562.1664311901416,780.8520552367777,0.4998520257805585,750.0960097023592,0.051677567341934835,226.26107304738608,1,0,1,2,133.49001083880322,514,90.0,0.22626107304738607,179.02840629678255,121878.1001309627,740.29920860348,500000.0,0.055184599664519496,0,1,2.2465359146781956,12,E11,P2,2,marketplace
3.1205355340387504,4.688335331699578,3.9468031436606865,5.720454358891783,7.0094302534122335,15.81626141294651,,,,,30.60465404346446,64.33493222207372,1.8356516662701268,2.0668823454870164,5.307970747994707,4.688335331699578,1.0,1.0,6216.486291594783,506496.9548278934,506496.9548278934,522,1.0,0.0,0.0,0.0,29.471726630398166,25.704708293039857,61.121294977304146,30.307853497952106,3.1205355340387504,603.078685687159,1612.0661351657427,811.0858946473387,0.5031343795110167,764.7700524253331,0.052413470103623225,228.393756460923,1,0,1,1,0.0,521,90.0,0.22839375646092297,178.14202611962463,119862.16601117907,752.7679230162224,500000.0,0.04644118430751387,0,7,23.723001630215908,13,E11,P2,2,marketplace
33.52480804039321,117.76507573331041,35.03609776736058,87.10086178577303,18.582075423894374,47.882635895192266,6.6091996941424895,6.6091996941424895,,,32.162371280190285,74.95479097491535,5.15262124102471,4.22038558425993,23.817203322411448,117.76507573331041,0.6206896551724138,0.7636363636363637,58929.484502104126,561296.0483279536,526271.4526548006,564,0.9376004948235644,33024.595673152966,0.05883632313380796,2000.0,31.320933423298108,25.704708293040312,79.69182808229624,31.716443252734802,33.52480804039321,658.6687728794832,1816.2130824818832,910.3775441020485,0.5012504055184999,862.3790845570053,0.05858537023740298,255.1279009560189,1,0,5,10,28.208608922494246,545,90.0,0.2551279009560189,171.49919009602334,110359.06208530956,817.8315962053678,500000.0,0.023726490754851337,0,9,29.38327120484798,14,E11,P2,2,marketplace
30.14926304483952,97.35644284852499,32.50291046626145,115.98283108604801,11.441215300236433,7.260407943367227,6.781042425709984,8.717077141337905,,,30.354934310446215,56.935855402520374,17.90508784274126,81.92371799058512,23.209407161025865,97.35644284852499,0.7058823529411765,0.7714285714285715,64862.71277757866,568031.8092350921,533540.8962722021,595,0.9392799621392062,34490.91296288991,0.06072003786079365,0.0,29.387744458173298,25.704708293039857,70.66256694526248,29.51376484184314,30.14926304483952,612.3310173414536,2058.647621136133,1022.5541970112915,0.4967116210237871,993.0774793406781,0.06804174687603903,297.0577149046752,4,0,5,8,330.4931002135511,571,90.0,0.2970577149046752,169.2411178708162,106943.04152652161,844.3472003974306,500000.0,0.057470633737917165,0,6,20.309267970262034,15,E11,P2,2,marketplace
24.842146373222267,101.96289681757699,38.39000716347172,106.54602149775201,65.15169631117533,97.373841434735,,,,,32.820624475805026,66.4397161955372,4.323775869056135,7.714864167995256,47.31057021270626,101.96289681757699,0.7368421052631579,0.7142857142857143,8440.199489225186,509188.49886297405,509188.49886297405,531,1.0,0.0,0.0,0.0,32.61973536443552,25.704708293040312,72.12495183029569,32.79459522969903,24.842146373222267,655.7680746301243,1618.2056416584019,812.4319484740731,0.5020572957843976,768.0314507310535,0.05732235905268634,250.10679623839042,4,0,2,3,0.0,523,90.0,0.2501067962383904,177.24301903473525,119793.49686436169,753.3806855845077,500000.0,0.019524984936469814,0,6,20.309267970262034,16,E11,P2,2,marketplace
3.6688626774786446,6.2995295815766434,5.074487270980496,9.226562180789733,12.469926189931687,30.215463952352994,,,,,31.697164603232487,65.87760257039182,13.401632254201404,43.683104059063226,8.155920153876826,6.2995295815766434,1.0,1.0,10188.61735102234,511539.3687118152,509539.3687118152,536,0.9960902324975759,0.0,0.0,2000.0,30.010279681370697,25.704708293039857,61.98401777479103,31.231656338383125,3.6688626774786446,628.4080244496296,1643.757304217941,815.5391997317934,0.49614331607171575,777.8478224603872,0.05521796907677077,241.01129723739825,2,0,2,4,20.49258331954041,527,90.0,0.24101129723739825,177.10311869596836,118400.88146557429,762.1650293496799,500000.0,0.0276966674921999,0,6,18.504488370940845,17,E11,P2,2,marketplace
8.289163516409051,29.257114343749347,8.102457103591224,12.31399447206976,9.842593653175754,31.014928406945906,115.779041095102,186.60598537600526,,,31.324789481834976,68.4968055642248,27.991751837633945,100.05156801046414,17.045242889768613,29.257114343749347,0.8260869565217391,0.98,68261.72443658626,572191.6285267603,533433.9857504095,568,0.9322645756350172,37757.6427763509,0.0659877581109788,1000.0,29.60173513248567,25.704708293039857,64.95718436201031,31.079072888828765,8.289163516409051,651.2433431600188,1924.3604112677447,957.8558927437822,0.49775285707148725,923.2921675425168,0.06085889719351566,266.21833112987804,1,0,8,4,174.3832116309793,561,90.0,0.2662183311298781,169.2172241409547,108152.42832416746,834.6203569333933,500000.0,0.04576059482462558,0,3,7.517739574218373,18,E11,P2,2,marketplace
31.87882296631047,105.26914035639638,27.831917456465888,121.38691426407478,39.42817878700961,115.82358483500721,,,,,30.05929837414324,54.41368833423674,5.0090342045567615,13.568072355163398,31.924715573128385,105.26914035639638,0.7058823529411765,0.7352941176470589,37728.11627304937,538786.9281851918,520713.94906355155,581,0.9664561662946874,17072.979121640223,0.031687812432917635,1000.0,29.67131958330842,25.704708293039857,67.47599516602168,30.435698671362527,31.87882296631047,621.0407854857938,1956.6713184114888,977.1467803120427,0.4993923972398865,932.3363729396498,0.06199070795061783,270.55209635974154,2,0,2,12,90.03610445643714,558,90.0,0.27055209635974153,173.35919703841557,113116.19175591809,798.0338684946657,500000.0,0.03793909046864474,0,8,21.67437651648164,19,E11,P2,2,marketplace
9.455499408357355,28.16504879221503,5.203071342471048,8.157732042648195,12.84391271742752,27.306125695371158,,,,,31.693612360298182,66.34213907794829,23.25903170135586,87.7408785962527,9.023492029949285,28.16504879221503,0.8148148148148148,0.972972972972973,42968.20466135957,544915.5245812964,517149.14590688684,554,0.9490446180703977,27766.37867440947,0.05095538192960215,0.0,29.941774590969825,25.704708293040312,62.87957853436863,31.138346281012026,9.455499408357355,631.9663782173968,1756.833108275122,874.6930704245854,0.49788057061570784,828.0172250266733,0.05797706518708433,253.51294020818474,2,0,4,3,457.7280183975421,545,90.0,0.2535129402081847,174.52124528203012,116556.2048215489,774.3346918200456,500000.0,0.04791620509647987,0,4,10.401857342942078,20,E11,P2,2,marketplace
17.784704913517377,32.672585860038716,5.425908604312008,6.930732364546566,66.44787913387245,117.99269276278119,,,,,31.498556391674516,67.97711908469834,2.5009166112310726,4.499741436072145,22.86075732704356,32.672585860038716,0.8947368421052632,0.8846153846153846,17327.275816339392,518061.32261078747,507479.17796648,533,0.9795735674862227,10582.144644307478,0.020426432513777334,0.0,30.515420838202644,25.704708293039857,67.70136197743723,31.588632132132457,17.784704913517377,631.3025003218323,1693.8744380572116,854.285083613125,0.5043379039316201,802.3864578100839,0.05402034845275924,235.88374282098138,1,0,1,2,0.0,531,90.0,0.2358837428209814,177.8119924139651,119989.53568704826,752.0312769454371,500000.0,0.05421935338937445,0,6,16.062126917574147,21,E11,P2,2,marketplace
22.12689543769234,75.09874990768367,31.363257712253972,75.01820289300194,28.758446285573655,82.50554160581987,,,,,29.223425184408715,58.37691992762356,9.044339703698874,15.480127772720346,29.942451479519253,75.09874990768367,0.7272727272727273,0.6818181818181818,19226.136203616657,520041.7500651535,507183.0486494436,530,0.9752737132853296,11858.701415709893,0.02280336418032624,1000.0,28.748398189514273,25.704708293039857,61.17496401345704,29.134729877315323,22.12689543769234,576.8411584548023,1632.917415424958,814.0178197884928,0.49850519818030664,777.7186514863533,0.05690606641088156,248.7002364748986,4,0,0,2,66.95580926203557,524,90.0,0.24870023647489858,177.94108158148103,120016.43134231292,751.969536396779,500000.0,0.08826346517974293,0,4,12.206636942263266,22,E11,P2,2,marketplace
10.384227256829835,23.884151164734796,10.916058191408302,29.80838589431678,45.35495301490007,82.6832556557625,,,,,31.189423093272957,61.4133957424896,2.9373284879522537,4.83539878944714,23.67120442233118,23.884151164734796,0.8974358974358975,0.9090909090909091,44840.47463850063,546785.5630729868,525725.016187372,582,0.9614829865528042,21060.546885614764,0.03851701344719581,0.0,28.669787259214807,25.704708293040312,60.20167109299114,31.23139547528297,10.384227256829835,643.5545899277736,2027.4979169934445,1016.3137883798295,0.5012650222037764,970.2138823114929,0.06519077026329416,284.7825435214236,2,0,4,7,0.0,569,90.0,0.28478254352142357,171.73385280061186,111179.73155397075,812.0615266973717,500000.0,0.03541049161667331,0,5,16.895534310308157,23,E11,P2,2,marketplace
33.054820921141506,76.76829903221677,35.37887776852722,68.09273889662063,62.71996847383793,124.4455831821881,,,,,31.255875286303606,62.26703115322757,6.5565970400612565,17.976348462266106,54.307325179896175,76.76829903221677,0.5263157894736842,0.5,34421.87232108315,535140.8176419535,513799.5646995575,541,0.9601203043407637,21341.25294239595,0.03987969565923625,0.0,31.46207734076284,25.704708293040312,66.27146628583432,32.26828557048928,33.054820921141506,652.9851067357799,1685.8746320740843,843.2278724573354,0.5001723475843134,801.1576177358716,0.05609056661335233,244.45572951029757,2,0,2,4,97.35967007941296,530,90.0,0.24445572951029756,175.6413627603605,116719.55704459223,773.1733911141623,500000.0,0.03451361047841517,0,5,22.85578675281705,24,E11,P2,2,marketplace
1.7167200018366202,1.7167200018366202,,,,,,,,,30.12220743962125,64.6242317054277,,,,1.7167200018366202,1.0,1.0,209.99028817615883,500209.99028817617,500209.99028817617,501,1.0,0.0,0.0,0.0,30.065509859905113,25.704708293040312,64.49174036396276,30.11028269479676,1.7167200018366202,591.8482594723291,1468.3497683439314,736.4296320324296,0.5015355659183349,705.26651609062,0.049094145006107995,214.6155531191399,1,0,0,0,0.0,501,90.0,0.21461555311913988,180.35348614517991,123609.09869579859,729.8379852694898,500000.0,0.009459305474947666,0,2,8.102631027998768,25,E11,P2,2,marketplace
27.575004679384413,71.43588019151866,15.165073089274452,37.226993498776665,17.3388498171137,52.54082619583788,,,,,30.838693600582552,64.44761094658298,3.8908016973396116,7.815795025355875,16.335568250418664,71.43588019151866,0.6363636363636364,0.75,8275.236379187336,508449.34756596206,507449.34756596206,527,0.9980332357494661,0.0,0.0,1000.0,30.2082708770564,25.704708293040312,64.14323102564923,30.685298099388394,27.575004679384413,611.9029051572975,1600.8641282570009,801.2273830029975,0.5004968059815064,770.519851136383,0.05374260065253127,234.88911694018532,2,0,0,4,25.51889860857634,518,90.0,0.2348891169401853,177.82048503907237,119406.59289108614,755.6943626994347,500000.0,0.01960239736287317,0,3,10.349166942676964,26,E11,P2,2,marketplace
9.392649073882021,23.304603175880274,6.629894976729442,12.966701871199389,16.792726380730755,33.674368277695066,,,,,30.446963422604465,61.750822340758845,21.105704782085112,51.035988815667395,10.985394149872862,23.304603175880274,0.8571428571428571,1.0,12370.949722949961,513597.1255335828,512597.1255335828,535,0.9980529486044901,0.0,0.0,1000.0,29.247052320128745,25.704708293040312,57.99764138956329,30.077158487049903,9.392649073882021,602.5560821872683,1687.345240065605,842.0128518360206,0.49901634345042667,808.0916183235759,0.05855952306902251,255.685409970124,4,0,2,3,194.7484156039248,526,90.0,0.255685409970124,176.07528586122947,116859.77328668252,772.3417808500554,500000.0,0.0777458697870641,0,6,17.477840601803443,27,E11,P2,2,marketplace
26.999412403197436,73.18073844772898,10.475007599055008,21.054929182620654,16.754218215411957,43.349370777853835,,,,,31.99115829327682,68.22614689856843,5.766087901417644,12.913689601942869,13.166097863207986,73.18073844772898,0.6666666666666666,0.7692307692307693,26590.43369586375,527415.1934686946,510359.5779306159,532,0.9676618805273554,16055.6155380786,0.030442080047949172,1000.0,31.038099478530714,25.704708293039857,68.13614307548096,31.775236423679523,26.999412403197436,639.0391066046723,1691.804572895887,844.4761499579728,0.4991570323707486,809.515760063112,0.056086136555123595,244.85873127944464,2,0,3,2,0.0,528,90.0,0.24485873127944466,176.8260313585187,117639.30448599489,767.131862310723,500000.0,0.04348704257309044,0,5,16.64701837135454,28,E11,P2,2,marketplace
11.253114064119197,26.270114249364724,11.042212748560443,24.19446346728637,25.01437054580262,79.41067915182367,,,,,31.821439629502912,66.40238394552995,4.4960505821375305,4.789147532241783,18.49403024042294,26.270114249364724,0.8461538461538461,0.9436619718309859,77164.28456252046,581266.2972214887,541584.6092807043,591,0.9317323434534793,39681.68794078418,0.0682676565465203,0.0,28.97707809286014,25.704708293039857,60.70620927809068,31.33997015384252,11.253114064119197,657.7868670190156,2007.5877721287757,999.9299132994985,0.4980753156506865,964.8896103446956,0.07347428776489434,321.2309397588115,4,1,8,13,129.34383220056782,564,90.0,0.3212309397588115,166.77215229531228,104574.56862026731,863.7016832240979,500000.0,0.10686923657237335,0,4,13.233284711400668,29,E11,P2,2,marketplace
5.672899905893552,13.423689187133828,6.433992614350853,17.26703987226684,22.226768535812806,55.39441790154967,,,,,32.470278132085994,71.16824614098455,8.574731376559582,29.263619461648886,11.421185010601995,13.423689187133828,0.9583333333333334,0.9534883720930233,13968.57625752051,515078.73700219905,515078.73700219905,554,1.0,0.0,0.0,0.0,30.11302026015891,25.704708293040312,64.53096395108176,31.877068181438375,5.672899905893552,644.5024248923247,1807.4060599429035,901.8717216831778,0.4989867753965969,863.3586678527464,0.059492223593121785,260.5759393378734,3,0,1,4,102.4925070669722,546,90.0,0.26057593933787343,175.23646280695237,116403.34027680272,775.4122495514446,500000.0,0.04937770872855185,0,0,0.0,0,E11,P2,2,marketplace_no_anticipate
3.279677546469649,5.456894471272244,4.314221148158974,5.624879280994719,13.817476179460119,27.67425755070194,8.732132086719957,11.110761333866776,,,31.44142314977651,64.92984470378927,11.132673376511027,27.477379584783215,8.648997843053412,5.456894471272244,1.0,1.0,22776.714596747763,525519.2910413912,517606.8462905894,533,0.9849435693690289,5912.444750801655,0.011250671196266278,2000.0,29.826246861878086,25.704708293039857,62.04630225338156,30.703942919583017,3.279677546469649,625.5736654516585,1732.28518274175,864.6562242146123,0.49914196162902563,834.6009067193012,0.05751917624304685,251.9339919445452,2,0,7,2,818.5948957851573,530,90.0,0.2519339919445452,174.36387219128133,114221.1616030416,790.1507279850778,500000.0,0.06887359254432024,0,0,0.0,1,E11,P2,2,marketplace_no_anticipate
28.86391167895122,111.5710998022605,5.376366680621345,8.285261936008737,21.339195011989204,58.01981007783934,4.494057238223718,5.219673785347891,,,30.103448348737725,60.531865723660474,16.15833651690929,56.339536265634706,11.252138624584589,111.5710998022605,0.7727272727272727,0.8421052631578947,29310.196036041838,532277.3226155266,516873.34282247716,548,0.9710602365748803,14403.979793049497,0.02706104352195697,1000.0,29.22336259605184,25.704708293039857,61.84768044822928,29.782499124888126,28.86391167895122,603.8865553906581,1740.940066502628,861.0428488451206,0.49458500347738465,840.3965915778585,0.05596051882065771,245.10707243448076,1,0,2,6,694.1474468376433,534,90.0,0.24510707243448077,174.59810672308097,114857.58788177386,785.7130620340583,500000.0,0.09231521520366459,0,0,0.0,2,E11,P2,2,marketplace_no_anticipate
3.979235444434746,3.884413573337133,6.90595548195793,14.08101655173432,30.873349666350897,102.78522926149512,,,,,31.40522338502799,68.16837174020411,8.222458983216047,4.102002169238586,17.326561649085306,3.884413573337133,0.9565217391304348,0.9565217391304348,28096.063942230638,530369.5763930491,519069.4501240941,558,0.9786938641054692,10300.126268954962,0.01942065821158959,1000.0,29.154358009071213,25.704708293039857,64.69782921017944,31.042403594410853,3.979235444434746,632.360262249087,1877.8241228934205,928.783640140177,0.4946062992891331,907.4836409532752,0.0614248429871714,269.04081228381074,3,0,3,3,0.0,554,90.0,0.26904081228381077,173.90551647896663,113177.2024179413,797.5903175176381,500000.0,0.0701326416103134,0,0,0.0,3,E11,P2,2,marketplace_no_anticipate
5.8918662934871815,5.361440896776644,3.6221416521087804,4.527997947389849,2.9174175120537154,3.411690248562991,,,,,29.719098439303014,63.02907717473097,3.8381493014537873,5.8343052361206,3.2490524014913933,5.361440896776644,0.9444444444444444,0.9714285714285714,32491.15341102122,534209.4492904893,514996.84629887406,547,0.964035448985164,19212.602991615313,0.03596455101483612,0.0,27.544596883687525,25.704708293039857,57.61112657801646,28.957778874094224,5.8918662934871815,582.90221507802,1773.6853545219483,883.7842828676935,0.49827568379843507,849.4856781102401,0.057006137120928044,249.68688058966484,2,0,0,0,0.0,547,90.0,0.24968688058966482,175.24318358294184,115854.66133913297,778.9905545225175,500000.0,0.07345375941062793,0,0,0.0,4,E11,P2,2,marketplace_no_anticipate
10.97722400642298,40.251798993569736,27.081444705034183,87.0461037203476,32.68533094391087,74.4952524258335,14.231007941306416,14.231007941306416,,,30.483475297225375,67.3371732822701,9.057568260944983,15.550590385416399,28.808981730035747,40.251798993569736,0.8518518518518519,0.8076923076923077,43452.69323580841,547328.4080016714,523628.46425572375,567,0.9566988605022758,22699.943745947778,0.041474082861561345,1000.0,28.876163768809338,25.704708293039857,67.53336506118988,29.937171331548168,10.97722400642298,614.6406835792093,1833.8269478785683,907.7010955525964,0.4949764189050963,882.7752206672524,0.05799497179918642,254.01797648043652,1,0,1,8,190.61100951178176,551,90.0,0.2540179764804365,172.36270397325688,112096.38385402467,805.146561141633,500000.0,0.03248756163085065,0,0,0.0,5,E11,P2,2,marketplace_no_anticipate
4.834194983843283,5.96219746936779,14.7159994336308,30.742805728111126,13.856452379536156,32.510129409454294,,,,,33.160215336805656,66.95311365812815,10.577751694454596,44.78980625780599,14.415157964697675,5.96219746936779,0.9285714285714286,1.0,31608.77227884693,533346.8920584851,515556.02555541333,561,0.966642973329409,17790.86650307171,0.033357026670591004,0.0,30.554864633283962,25.704708293040312,64.20400607629699,32.50662056514937,4.834194983843283,660.5623331329227,1784.3060994006992,890.8751233096477,0.49928379643429394,858.4111429773974,0.05691892341258046,249.3048845471024,1,0,1,8,0.0,547,90.0,0.24930488454710242,175.05237144172776,116222.00562453392,776.5251029663516,500000.0,0.011529838949867477,0,0,0.0,6,E11,P2,2,marketplace_no_anticipate
7.51700186548778,14.342541038162725,28.502947877177956,106.99027648610736,3.980048513030015,5.787671987070885,,,,,30.576808439034064,62.85395102095453,9.577381330876952,36.948144406828696,18.470852682753797,14.342541038162725,0.972972972972973,0.9322033898305084,40773.60461111535,544565.4292464787,521462.1533310679,578,0.957574839175195,22103.275915410803,0.040588834193891726,1000.0,27.913257553181953,25.704708293039573,61.740012668622015,29.53601666311705,7.51700186548778,604.1975268278661,1895.4726754861388,943.192866918152,0.4976029879598491,913.70820013689,0.05920162977546201,259.3031384165236,1,0,0,7,68.30619326670656,562,90.0,0.2593031384165236,173.08888586035573,113193.45193118526,797.389792417398,500000.0,0.06029042326596157,0,0,0.0,7,E11,P2,2,marketplace_no_anticipate
16.013193167321713,65.69037345492289,23.819068099680635,85.56942852788411,12.158285372591163,37.419757545053706,24.35462001873111,27.539815246614125,,,33.67346821934826,65.83252358373151,3.1660877007697934,7.367546275397401,17.27476063819967,65.69037345492289,0.72,0.8541666666666666,38363.5914215517,540361.5398106,526845.8481339898,560,0.9749876875372228,13515.69167661024,0.02501231246277737,0.0,31.557815153473218,25.704708293040312,65.608172002414,32.777236203753716,16.013193167321713,678.9919901154126,1828.3886936346485,907.6409530728369,0.49641575461098486,873.6322173101418,0.06102473829262088,267.28835372167947,3,0,5,2,0.0,555,90.0,0.2672883537216795,171.3352941347741,110640.7838967887,815.8590817462714,500000.0,0.08354375297416028,0,0,0.0,8,E11,P2,2,marketplace_no_anticipate
38.76499725039192,153.08868156394522,25.907165097770797,78.47974644036967,30.87260527862953,84.80408804702952,,,,,32.636279651825,67.97336940093545,6.429790691368918,9.31690148170037,28.0352108895674,153.08868156394522,0.6578947368421053,0.7625,47374.080402398526,549736.351411949,529265.8142808982,600,0.9627629916077515,19470.537131050907,0.03541795459049153,1000.0,31.78512983942691,25.704708293039857,69.18312345010717,32.45648624214203,38.76499725039192,669.8187587115945,1966.1560202885487,969.1401803738127,0.49291112728255604,947.4339335505165,0.07105031861251077,311.2003955227972,3,1,3,15,85.12364125317896,567,90.0,0.3112003955227972,170.6348642944692,109798.56659116401,822.5171165648948,500000.0,0.0435354218598345,0,0,0.0,9,E11,P2,2,marketplace_no_anticipate
2.6017101323759237,4.18604573455632,5.299200475296686,7.87849104581171,31.00897181344692,86.14561671898805,,,,,30.56006586301762,61.98040827877424,2.7876527713613313,3.589219268591612,18.154086144371803,4.18604573455632,1.0,0.9333333333333333,13819.243346008723,516514.44304295897,516514.44304295897,540,1.0,0.0,0.0,0.0,28.953331072936358,25.70470829303963,58.34745272524044,30.412773866699037,2.6017101323759237,617.675936056843,1725.4342634000877,852.3148328346766,0.4939711995489942,830.5332228402075,0.054109668205965744,237.00034674212995,0,0,3,1,27.346243906797934,538,90.0,0.23700034674212994,174.70373106147014,114902.28540730537,785.3368627688319,500000.0,0.01684513731150794,0,0,0.0,10,E11,P2,2,marketplace_no_anticipate
22.238569200568435,81.170429981783,23.83995789136884,59.68873709635865,13.674264403597771,18.88418591796038,,,,,32.79031879683469,75.0914523038765,2.8815386337360374,4.326161951588347,16.578748257246648,81.170429981783,0.75,0.7941176470588235,26006.043708159235,527294.9549528928,513448.71797975095,540,0.9737410023686289,13846.236973142,0.026258997631371208,0.0,31.646893499689966,25.704708293040312,79.66268611913648,32.28838036572146,22.238569200568435,653.4400339520275,1677.7227561515026,834.8945948424215,0.49763561457410926,811.3099590653651,0.054120980179392895,237.04989318574087,1,0,0,4,0.0,533,90.0,0.23704989318574085,175.7469572584354,116814.77471849798,772.4797664562582,500000.0,0.05313784582146752,0,0,0.0,11,E11,P2,2,marketplace_no_anticipate
22.540535780899972,54.067652170476535,27.51511489668447,63.83559940935436,48.777375006477996,48.777375006477996,,,,,31.798155760987495,69.27008769320457,9.439725952627018,21.870270047432495,30.552580626654976,54.067652170476535,0.8571428571428571,0.7857142857142857,3605.0987133016765,503977.3460501888,503977.3460501888,521,1.0,0.0,0.0,0.0,31.356636808090247,25.704708293040312,69.18559142549293,31.81335339476801,22.540535780899972,631.6222492289161,1562.1664311901418,780.8520552367777,0.49985202578055843,750.8822972724965,0.051677567341934835,226.34774495767456,1,0,1,2,133.49001083880322,514,90.0,0.22634774495767457,179.02857827258856,121878.21720782743,740.29920860348,500000.0,0.05497201124299722,0,0,0.0,12,E11,P2,2,marketplace_no_anticipate
3.3289365378453075,4.688335331699578,3.9959013565874515,5.5881968588558975,7.5893292777846,16.14110539819649,,,,,30.60251496922523,64.33493222207372,1.8356516662701268,2.0668823454870164,5.592980432675073,4.688335331699578,1.0,1.0,6216.486291594783,506496.9548278934,506496.9548278934,522,1.0,0.0,0.0,0.0,29.477785553909587,25.704708293039857,61.121294977304146,30.310116946624987,3.3289365378453075,603.0601843859401,1597.4797368503475,798.1529983998333,0.49963262756215143,769.7742873597342,0.052252600864742246,228.86639178757105,1,0,1,2,0.0,520,90.0,0.22886639178757104,178.14295926507032,119862.79387444504,752.7679230162224,500000.0,0.049195765095429334,0,0,0.0,13,E11,P2,2,marketplace_no_anticipate
33.63546348987754,117.76507573331041,35.03609776736058,87.10086178577303,18.582075423894374,47.882635895192266,6.6091996941424895,6.6091996941424895,,,32.16816218185052,73.45960480208612,5.15262124102471,4.22038558425993,23.817203322411448,117.76507573331041,0.6206896551724138,0.7636363636363637,58929.484502104126,561296.0483279536,526271.4526548006,564,0.9376004948235644,33024.595673152966,0.05883632313380796,2000.0,31.331736396812012,25.704708293040312,77.98034209092447,31.72325219736013,33.63546348987754,658.8477479558676,1795.42765506575,889.5921166859155,0.49547644772873783,866.5091298001154,0.05835097483177436,255.5772697631717,1,0,5,10,28.208608922494246,545,90.0,0.2555772697631717,171.50004396868718,110359.6115490491,817.8315962053678,500000.0,0.025860920905851792,0,0,0.0,14,E11,P2,2,marketplace_no_anticipate
30.207504866492165,97.35644284852499,32.623283276093346,115.98283108604801,11.49400796514655,7.260407943367227,7.069361099607022,8.717077141337905,,,30.815551972358023,57.94462095915861,17.855204737320154,81.92371799058512,23.327791133694454,97.35644284852499,0.7058823529411765,0.7714285714285715,64862.71277757866,568031.8092350921,533540.8962722021,595,0.9392799621392062,34490.91296288991,0.06072003786079365,0.0,29.783213026698743,25.704708293039857,72.71496664190036,29.952880831961533,30.207504866492165,622.0091265587931,2054.1545493067765,1018.0611251819349,0.49561077355426053,1000.34299542065,0.06803866274809466,298.0093428366546,4,0,5,8,330.4931002135511,571,90.0,0.2980093428366546,169.24290147904307,106944.16858412483,844.3472003974306,500000.0,0.06583474185626725,0,0,0.0,15,E11,P2,2,marketplace_no_anticipate
26.202496372058924,101.96289681757699,38.53344399280811,106.54602149775201,65.15169631117533,97.373841434735,,,,,32.89092960012012,69.66805642016197,4.101656428550693,7.181777510782195,47.40619476559718,101.96289681757699,0.6842105263157895,0.7142857142857143,8440.199489225186,509188.49886297405,509188.49886297405,531,1.0,0.0,0.0,0.0,32.734977313192466,25.704708293040312,74.50635440586575,32.86881349568251,26.202496372058924,658.2244071640598,1613.2338252208888,807.4601320365603,0.5005226889077908,774.5203586845759,0.05726396821379184,250.81618077640826,4,0,2,3,0.0,523,90.0,0.25081618077640827,177.24441220158727,119794.43846606665,753.3806855845077,500000.0,0.031213787758289868,0,0,0.0,16,E11,P2,2,marketplace_no_anticipate
3.8325233811493984,6.2995295815766434,5.1479063188182534,9.226562180789733,12.469926189931687,30.215463952352994,,,,,31.693615116278696,65.87760257039182,13.401632254201404,43.683104059063226,8.198747931782185,6.2995295815766434,1.0,1.0,10188.61735102234,511539.3687118152,509539.3687118152,536,0.9960902324975759,0.0,0.0,2000.0,30.01252072500305,25.704708293039857,61.98401777479103,31.22953817813014,3.8325233811493984,628.3209517509006,1643.9069978289547,815.6888933428071,0.49618919708965065,785.5611208486683,0.05521324960650853,241.83403327650737,2,0,2,4,20.49258331954041,527,90.0,0.24183403327650738,177.1047333622525,118401.96093787676,762.1650293496799,500000.0,0.029081338539337143,0,0,0.0,17,E11,P2,2,marketplace_no_anticipate
8.289163516409051,29.257114343749347,8.102457103591224,12.31399447206976,9.911118097824328,31.014928406945906,115.779041095102,186.60598537600526,,,31.32409471702304,68.4968055642248,27.991751837633945,100.05156801046414,17.08331202568449,29.257114343749347,0.8260869565217391,0.98,68261.72443658626,572191.6285267603,533433.9857504095,568,0.9322645756350172,37757.6427763509,0.0659877581109788,1000.0,29.60293439133879,25.704708293039857,64.95718436201031,31.08065141666785,8.289163516409051,651.2433431600188,1919.867339438388,953.3628209144257,0.4965774464361218,924.8613955956275,0.060819320978772025,266.3886258870215,1,0,8,4,174.3832116309793,561,90.0,0.2663886258870215,169.21754338337584,108152.63236275307,834.6203569333933,500000.0,0.04556866191323894,0,0,0.0,18,E11,P2,2,marketplace_no_anticipate
31.918084458149345,105.26914035639638,27.908927683340618,121.38691426407478,39.42817878700961,115.82358483500721,,,,,30.319415505901723,56.1357119734595,5.0090342045567615,13.568072355163398,31.97454571992968,105.26914035639638,0.7058823529411765,0.7352941176470589,37728.11627304937,538786.9281851918,520713.94906355155,581,0.9664561662946874,17072.979121640223,0.031687812432917635,1000.0,29.899938455014528,25.704708293039857,71.72328387994776,30.685779204240276,31.918084458149345,622.0350239759306,1947.8348683637896,968.3103302643437,0.49712136587725164,938.0282900902649,0.0679795024153172,297.75022057908933,2,1,2,12,90.03610445643714,558,90.0,0.2977502205790893,173.41142940950584,113150.27317187436,798.0338684946657,500000.0,0.011384799896885234,0,0,0.0,19,E11,P2,2,marketplace_no_anticipate
9.494020257374464,28.16504879221503,5.272408870701861,8.29640709910982,12.84391271742752,27.306125695371158,,,,,31.66371966854152,66.34213907794829,23.25903170135586,87.7408785962527,9.05816079406469,28.16504879221503,0.8148148148148148,0.972972972972973,42968.20466135957,544915.5245812964,517149.14590688684,554,0.9490446180703977,27766.37867440947,0.05095538192960215,0.0,29.91729878715445,25.704708293040312,62.87957853436863,31.109960019371016,9.494020257374464,631.3497328729151,1752.489730056779,870.3496922062426,0.4966361156239381,830.3294551139503,0.05791783953997739,253.68013718510096,2,0,4,3,457.7280183975421,545,90.0,0.25368013718510096,174.52156858716992,116556.4207449457,774.3346918200456,500000.0,0.04274486134134503,0,0,0.0,20,E11,P2,2,marketplace_no_anticipate
17.83717510489293,32.672585860038716,5.508877398554705,6.971626162581742,66.44787913387245,117.99269276278119,,,,,31.496587796245883,67.97711908469834,2.5009166112310726,4.499741436072145,22.92002075150263,32.672585860038716,0.8947368421052632,0.8846153846153846,17327.275816339392,518061.32261078747,507479.17796648,533,0.9795735674862227,10582.144644307478,0.020426432513777334,0.0,30.516222864268375,25.704708293039857,67.70136197743723,31.587202299150178,17.83717510489293,631.3071009412693,1678.9886525197883,839.3992980757021,0.4999434015327921,802.7346425155997,0.053863574535201186,235.92245646418118,1,0,1,2,0.0,531,90.0,0.2359224564641812,177.8120687001358,119989.58716581567,752.0312769454371,500000.0,0.058262747281235816,0,0,0.0,21,E11,P2,2,marketplace_no_anticipate
22.13381219675342,75.09874990768367,31.49112598439883,75.01820289300194,28.87400883262497,82.50554160581987,,,,,29.17429906349716,58.37691992762356,9.065903721823057,15.473026728325214,30.063607537976726,75.09874990768367,0.7272727272727273,0.6818181818181818,19226.136203616657,520041.7500651535,507183.0486494436,530,0.9752737132853296,11858.701415709893,0.02280336418032624,1000.0,28.705169779742494,25.70470829303963,61.17496401345704,29.088158485833876,22.13381219675342,575.8405225984274,1627.646211765418,808.7466161289527,0.4968810852646841,780.3727339226228,0.0568473982219701,248.99160421222905,4,0,0,2,66.95580926203557,524,90.0,0.24899160421222905,177.94165606388557,120016.81881510702,751.969536396779,500000.0,0.08813546249148341,0,0,0.0,22,E11,P2,2,marketplace_no_anticipate
10.490705010798939,23.562050898224154,10.915629440911362,29.486285627805408,45.45264466744591,83.07296069335342,,,,,31.20661866837604,61.4133957424896,2.977591021266175,4.83539878944714,23.707116561850082,23.562050898224154,0.8974358974358975,0.9090909090909091,44840.47463850063,546785.5630729868,525725.016187372,582,0.9614829865528042,21060.546885614764,0.03851701344719581,0.0,28.694468098143286,25.704708293040312,60.20167109299114,31.2523283402639,10.490705010798939,644.7016983131516,2018.6614669457458,1007.4773383321303,0.4990818692628305,973.9492911348545,0.06368279191812054,278.93062860136797,2,0,4,7,0.0,569,90.0,0.27893062860136797,171.72272166790964,111172.52530822744,812.0615266973717,500000.0,0.046903770439289616,0,0,0.0,23,E11,P2,2,marketplace_no_anticipate
33.07025949833523,76.76829903221677,35.37887776852722,68.09273889662063,62.812591142196396,124.4455831821881,,,,,31.309903634345034,62.26703115322757,3.983666657907987,6.704849645382458,54.371448565682805,76.76829903221677,0.5263157894736842,0.5,34421.87232108315,535140.8176419535,513799.5646995575,541,0.9601203043407637,21341.25294239595,0.03987969565923625,0.0,31.471291273412078,25.704708293040312,66.27146628583432,32.314403974941044,33.07025949833523,653.0357643710654,1672.9988614546105,830.3521018378617,0.49632556301676223,806.3012042163829,0.05594183887106049,245.02525425524493,2,0,2,4,97.35967007941296,530,90.0,0.24502525425524493,175.6424712174011,116720.29365135016,773.1733911141623,500000.0,0.03101405889656972,0,0,0.0,24,E11,P2,2,marketplace_no_anticipate
2.5503240170628487,2.5503240170628487,,,,,,,,,30.121823773484543,64.6242317054277,,,,2.5503240170628487,1.0,1.0,209.99028817615883,500209.99028817617,500209.99028817617,501,1.0,0.0,0.0,0.0,30.06679083983899,25.704708293040312,64.49174036396276,30.11024914024708,2.5503240170628487,591.848259472329,1463.2282582954049,731.3081219839031,0.49979086847040816,706.7426598063629,0.04903561549220507,214.7759958558582,1,0,0,0,0.0,501,90.0,0.2147759958558582,180.35380689594422,123609.31852915877,729.8379852694898,500000.0,0.008855432999401947,0,0,0.0,25,E11,P2,2,marketplace_no_anticipate
27.51103431218735,71.43588019151866,15.715700209975088,37.226993498776665,17.61507896214594,52.54082619583788,,,,,30.88776564537922,64.44761094658298,3.965064027708422,8.023729550388545,16.738442614990163,71.43588019151866,0.6363636363636364,0.75,8275.236379187336,508449.34756596206,507449.34756596206,527,0.9980332357494661,0.0,0.0,1000.0,30.263902171886144,25.704708293040312,64.14323102564923,30.736651025337913,27.51103431218735,612.9521990706637,1590.4714145489345,793.470271124701,0.49888999190201294,770.4267667990155,0.05361953613082574,234.85356825301676,2,0,0,5,25.51889860857634,517,90.0,0.23485356825301676,177.82041498540622,119406.54584999528,755.6943626994347,500000.0,0.019845888772015874,0,0,0.0,26,E11,P2,2,marketplace_no_anticipate
9.417412476821593,23.304603175880274,6.777431433776975,12.966701871199389,16.792726380730755,33.674368277695066,,,,,30.445884222785814,61.750822340758845,21.041463115227117,51.035988815667395,11.069700696757167,23.304603175880274,0.8571428571428571,1.0,12370.949722949961,513597.1255335828,512597.1255335828,535,0.9980529486044901,0.0,0.0,1000.0,29.247939283218766,25.704708293040312,57.99764138956329,30.07634503338499,9.417412476821593,602.5543522957626,1677.7306581877226,832.3982699581378,0.49614535318636355,811.5318074210801,0.05846141734037594,256.0610079508466,4,0,2,3,194.7484156039248,526,90.0,0.2560610079508466,176.07601859647517,116860.25959726423,772.3417808500554,500000.0,0.07787575341000053,0,0,0.0,27,E11,P2,2,marketplace_no_anticipate
27.1782951078567,73.50283871423945,10.579511799226854,21.15155926257379,16.754218215411957,43.349370777853835,,,,,31.979653738884746,68.22614689856843,5.766087901417644,12.913689601942869,13.22581454902047,73.50283871423945,0.6666666666666666,0.7692307692307693,26590.43369586375,527415.1934686946,510359.5779306159,532,0.9676618805273554,16055.6155380786,0.030442080047949172,1000.0,31.032914992469884,25.704708293039857,68.42603331534039,31.765046584443084,27.1782951078567,638.8049505931676,1682.4893782400316,835.1609553021175,0.49638408783046095,812.9124827157426,0.05600655421989365,245.30870748313419,2,0,3,2,0.0,528,90.0,0.2453087074831342,176.82691304316444,117639.89105556106,767.131862310723,500000.0,0.04380067446406821,0,0,0.0,28,E11,P2,2,marketplace_no_anticipate
11.367073532501207,26.270114249364724,11.136235967127371,24.16987609264288,25.096640862048684,79.41067915182367,,,,,31.8225756471488,66.40238394552995,4.478716200079833,4.789147532241783,18.58178524441874,26.270114249364724,0.8461538461538461,0.9436619718309859,77164.28456252046,581266.2972214887,541584.6092807043,591,0.9317323434534793,39681.68794078418,0.0682676565465203,0.0,28.98914787719098,25.704708293039857,60.70620927809068,31.346854123093532,11.367073532501207,657.937459928186,1998.9010156920904,991.2431568628132,0.4958940683311473,967.1054090074409,0.07339541268542407,321.4719075621574,4,1,8,13,129.34383220056782,564,90.0,0.32147190756215743,166.77259722635208,104574.84761451732,863.7016832240979,500000.0,0.10718303910932492,0,0,0.0,29,E11,P2,2,marketplace_no_anticipate
3.9336485436740127,5.9158173554861655,5.967473143445458,9.151224608855228,10.479054883366027,26.939874957495704,,,,,31.43478568100472,67.78882356623704,8.946554543995893,29.503543353073837,7.39218316657827,5.9158173554861655,0.9583333333333334,1.0,13968.57625752051,515078.73700219905,515078.73700219905,554,1.0,0.0,0.0,0.0,28.972317663717472,25.704708293039857,61.92336529537938,30.754469403197483,3.9336485436740127,623.2221837343469,1819.0943374390974,908.8004924428619,0.49958953405476597,843.600427142995,0.0402091225235624,312.6362151410468,2,0,1,3,102.4925070669722,549,102.0,0.3126362151410468,198.63494426232592,131946.11804794957,775.4122495514446,500000.0,0.3184355590968635,0,7,22.502154264435465,0,E11,P2,3,marketplace
5.381975474068096,8.39756792602684,5.907413556918622,11.062817886143023,20.665882509998983,46.894292680497166,46.10315530677826,50.22088432321207,,,33.12283754955614,72.52865327549254,14.484172946537715,32.405814099593954,17.767708038851012,8.39756792602684,0.9333333333333333,0.9285714285714286,22776.714596747763,525519.2910413912,518606.8462905895,534,0.9868464490863813,5912.444750801655,0.011250671196266278,1000.0,31.725458772416406,25.704708293040085,67.28572131777827,32.92366658163884,5.381975474068096,670.953066575388,1729.2001673782747,854.9924945609183,0.49444391152078965,810.6378819763044,0.04248907392893189,360.4701626663859,5,0,7,0,818.5948957851573,533,102.0,0.3604701626663859,197.37585590089,129153.56575866444,792.548541431187,500000.0,0.3396406134080954,0,2,6.001315513999384,1,E11,P2,3,marketplace
25.354560293611186,106.66790974419455,10.311354493072315,18.836620879923064,22.631415427247703,61.80018620710052,4.857606673829196,5.292383672468986,,,31.186053285691923,62.385452060343766,16.39188070417855,48.759273692734496,14.249658865982695,106.66790974419455,0.8181818181818182,0.868421052631579,29310.196036041838,532277.3226155266,516873.34282247716,548,0.9710602365748803,14403.979793049497,0.02706104352195697,1000.0,30.160485667192344,25.704708293040312,63.09802823907612,30.831027969930982,25.354560293611186,626.9855602473849,1757.9553932740214,865.5229594031701,0.4923463716512269,817.7193570534779,0.04011152151499479,325.45656243305825,2,0,2,5,694.1474468376433,538,102.0,0.32545656243305826,197.97007909842483,130232.60208699136,785.7130620340582,500000.0,0.34284533178079046,0,9,29.578137523296835,2,E11,P2,3,marketplace
2.9826421489020682,4.377956512613309,8.262057292885533,19.26047969810516,40.339292790548235,101.07407996312494,,,,,31.900559060839033,71.95999492575656,10.619697754929067,10.7916663880651,22.2086814223041,4.377956512613309,1.0,0.9130434782608695,28096.063942230638,530369.5763930491,519069.4501240941,558,0.9786938641054692,10300.126268954962,0.01942065821158959,1000.0,29.813325240699815,25.704708293039857,71.48345367553857,31.848214863793817,2.9826421489020682,645.3332363450548,1877.0387475519678,924.1129272617851,0.49232490723327493,885.0960791791733,0.04745306825276382,394.3629423097657,4,1,3,4,0.0,553,102.0,0.39436294230976565,197.26524633231702,128379.64640919225,797.5903175176381,500000.0,0.3693185759804263,0,2,4.0340585404445815,3,E11,P2,3,marketplace
6.262210243759215,5.714611055548541,5.448093088363635,9.666712362677297,2.4219565668675185,2.7503644101063403,,,,,31.372037295489456,68.02561549156015,2.563096873321323,3.589342285580824,3.8460208122774553,5.714611055548541,0.9444444444444444,0.9714285714285714,32491.15341102122,534209.4492904893,514996.84629887406,547,0.964035448985164,19212.602991615313,0.03596455101483612,0.0,29.05827778504747,25.704708293040312,63.62905987888466,30.559548539820685,6.262210243759215,611.6927297721841,1790.8146375696012,900.9135659153452,0.5030747163972354,829.2611546039153,0.04469185018490723,333.8828502004792,4,1,0,0,0.0,547,102.0,0.3338828502004792,198.70778546634415,131367.2961194325,778.9905545225175,500000.0,0.35484339341195126,0,14,41.72863711209635,4,E11,P2,3,marketplace
7.263426369544532,15.440194644800892,29.11811818254593,86.2021033174224,24.76262861120326,74.77804179162277,12.85205658547693,12.85205658547693,,,31.123671569022484,67.4974982234501,10.549869665123417,21.543730680563385,26.725279890126103,15.440194644800892,0.9629629629629629,0.8461538461538461,43452.69323580841,547328.4080016714,523628.46425572375,567,0.9566988605022758,22699.943745947778,0.041474082861561345,1000.0,29.21297096440044,25.704708293039857,69.06250885797456,30.3369425357327,7.263426369544532,620.3490522029138,1853.9598050959016,916.02710929805,0.49409221644407,864.570300827386,0.044229115161677594,352.7350090360943,5,0,1,6,190.61100951178176,556,102.0,0.3527350090360943,195.46824131212665,127123.11018742743,805.146561141633,500000.0,0.32691614007142134,0,7,24.306933863756655,5,E11,P2,3,marketplace
6.808763947970121,19.531220948999838,13.265235924100615,23.75393092449558,18.923158028592297,36.63692935324907,,,,,31.739680412863382,64.71458016570662,8.955994114222554,27.05176251949417,15.245508660672703,19.531220948999838,0.9285714285714286,1.0,31608.77227884693,533346.8920584851,515556.0255554134,561,0.9666429733294091,17790.86650307171,0.033357026670591004,0.0,29.379364872857753,25.704708293039857,61.65712816027917,31.23075603989425,6.808763947970121,632.9618959646898,1803.8453079779247,897.9109305993048,0.49777601584131703,830.5371630730984,0.04123946181805502,353.93779409835975,2,0,1,6,0.0,551,102.0,0.3539377940983598,198.53116387075778,131810.21116136867,776.5251029663516,500000.0,0.29758687187720234,0,7,20.502508346665422,6,E11,P2,3,marketplace
20.00782656863326,55.72748061180204,50.38866935426695,133.89331308130315,7.781716749996077,18.068703154294894,,,,,31.142749358783888,67.59431971404192,11.82359798631226,37.03955201175511,32.95855237979251,55.72748061180204,0.7837837837837838,0.847457627118644,40773.60461111535,544565.4292464787,521462.1533310679,578,0.957574839175195,22103.275915410803,0.040588834193891726,1000.0,29.83059104697971,25.704708293039857,68.76946003065234,30.503413454257547,20.00782656863326,625.9144349912243,1888.5835706043727,940.6401859325573,0.49806648780257023,882.6280231894457,0.04144868682323782,325.0206921939291,1,0,0,7,68.30619326670656,562,102.0,0.3250206921939291,196.22712796805683,128324.96937536835,797.389792417398,500000.0,0.3449343048373086,0,6,22.678434892878542,7,E11,P2,3,marketplace
13.363130696992794,62.45775583583294,28.92448586203753,93.57687831332892,19.10295957405821,57.34650534102787,61.0361991630798,64.22139439096281,,,31.218070030089432,60.61812503198488,12.322310147422447,10.646032844642832,26.165511290661588,62.45775583583294,0.84,0.8125,38363.5914215517,540361.5398106,526845.8481339898,560,0.9749876875372228,13515.69167661024,0.02501231246277737,0.0,29.808549578435397,25.704708293039857,62.291574849054754,31.1884542982542,13.363130696992794,642.2565936554082,1835.8080670012573,914.0782266775661,0.497916009362944,855.0837730760284,0.0436919551617358,327.4173381161761,5,0,5,2,0.0,555,102.0,0.32741733811617607,194.22648522436833,125422.906513578,815.8590817462714,500000.0,0.35608668903923296,0,10,32.05126197883331,8,E11,P2,3,marketplace
16.27470317966682,61.81445408041,20.46581912919758,69.89248112772907,12.893290867836685,58.31807819321339,,,,,32.209125499673995,62.65279605086042,7.734109546555839,9.562038872727499,17.220449874328626,61.81445408041,0.8157894736842105,0.825,47374.080402398526,549736.351411949,529265.8142808982,600,0.9627629916077515,19470.537131050907,0.03541795459049153,1000.0,29.29411256727356,25.704708293039857,61.92504643284739,31.35076939871262,16.27470317966682,643.8063031203307,2122.070815920001,1056.4427624021062,0.49783577177375987,946.2295604569315,0.055766397574659766,483.23879592677713,7,1,3,5,0.0,594,102.0,0.4832387959267771,193.63283255913382,124597.08950973676,822.5171165648948,500000.0,0.3229480332841243,0,18,70.15723633437587,9,E11,P2,3,marketplace
2.5052531892396246,3.7589977843756968,6.308008786118023,10.973780853914718,36.03995796122683,100.26429823779637,,,,,29.35895882217773,58.20583079311382,5.041678146474487,11.377230274798716,21.173983373672428,3.7589977843756968,1.0,0.9,13819.243346008723,516514.44304295897,516514.44304295897,540,1.0,0.0,0.0,0.0,27.969913835521712,25.704708293039516,57.407455511894966,29.411426037355106,2.5052531892396246,596.0499456132911,1745.6398656365616,872.5204350711509,0.4998284309650429,810.7702926928732,0.0374005326256118,274.22005551428776,0,0,3,1,27.346243906797934,538,102.0,0.2742200555142878,198.0084418413989,130229.74586336112,785.3368627688319,500000.0,0.3271586079477123,0,14,40.453473404005344,10,E11,P2,3,marketplace
22.400002605841063,79.36719707216294,22.64405366016399,57.543531107919634,13.859975316930582,17.926395944611965,,,,,32.110764012648765,66.78764625916632,3.4573016877657587,5.854395630685758,16.36971198642584,79.36719707216294,0.75,0.7941176470588235,26006.043708159235,527294.9549528928,513448.71797975095,540,0.9737410023686289,13846.236973142,0.026258997631371208,0.0,31.024633030329184,25.704708293040312,71.17755783617876,31.630757571513644,22.400002605841063,639.3324863558336,1705.2729685100862,851.3519843926852,0.4992467482414383,805.2020442086783,0.03771823844958414,282.71906793732455,1,0,0,2,0.0,538,102.0,0.2827190679373246,199.20727326067853,132408.2824035095,772.4797664562582,500000.0,0.3324064316034698,0,7,18.924317288202516,11,E11,P2,3,marketplace
18.848805972674263,47.12173906286174,21.01435092269075,55.741402759398966,23.365703448842396,23.365703448842396,,,,,31.06373150498127,62.076286927779805,4.719974090742653,9.844492957946482,21.3502584264267,47.12173906286174,0.8571428571428571,0.8571428571428571,3605.0987133016765,503977.3460501888,503977.3460501888,521,1.0,0.0,0.0,0.0,30.41516127047897,25.704708293040312,62.05113103785061,30.957904353444377,18.848805972674263,612.7167139169723,1587.6618092101007,791.6489983839191,0.49862571096157005,752.1208774864912,0.036444606768628554,264.87244896616426,2,0,1,2,0.0,519,102.0,0.26487244896616424,202.91561366883755,138139.9186443564,740.29920860348,500000.0,0.37566891598670243,0,2,5.908785513585686,12,E11,P2,3,marketplace
2.8633455678941457,4.2764756073846,8.019871783992965,17.762819417094185,7.39854362683343,16.194210889659328,,,,,29.86573386622075,60.404099059347864,3.6738786323881643,7.220429821728067,7.743725936366506,4.2764756073846,1.0,1.0,6216.486291594783,506496.9548278934,506496.9548278934,522,1.0,0.0,0.0,0.0,28.819610391269673,25.704708293040312,57.18574930273712,29.585007077462436,2.8633455678941457,587.6351895482067,1611.3755972476647,808.7003641039078,0.501869561314706,758.7001681697388,0.0366232938136257,279.37059450068597,2,0,1,0,0.0,522,102.0,0.27937059450068596,201.93481840232386,135871.05330509218,752.7679230162224,500000.0,0.3511315953296375,0,5,15.244148721095062,13,E11,P2,3,marketplace
15.258514743222092,55.831954968920755,14.61475832893582,33.837043371665686,12.442015178124603,37.321412894900845,30.90224649389802,30.90224649389802,,,31.458006328215586,66.94339726436915,4.13349523116544,4.960909418736719,13.904127473242848,55.831954968920755,0.7931034482758621,0.9090909090909091,58929.484502104126,561296.0483279536,528271.4526548006,566,0.9411636768661921,33024.595673152966,0.05883632313380796,0.0,29.29059338075683,25.704708293039857,60.06431327005885,30.680064001417257,15.258514743222092,635.3643475090481,1886.9835095962756,937.7677387098804,0.4969665786377317,863.8748835617134,0.042803077935668225,366.06111422240474,1,0,5,4,0.0,560,102.0,0.3660611142224047,193.77549288303788,124675.2182893685,821.0618158023432,500000.0,0.2951705700822392,0,10,32.37276300795519,14,E11,P2,3,marketplace
32.023034663167735,81.39046247017696,28.486490643890605,91.59670631478389,24.380306254193123,84.26055526295022,19.32818608172954,33.39995926550719,,,32.29106566143454,65.4842136840442,15.21713187995636,25.839764325272522,26.214233795687367,81.39046247017696,0.5294117647058824,0.7571428571428571,64862.71277757866,568031.8092350921,533540.8962722021,595,0.9392799621392062,34490.91296288991,0.06072003786079365,0.0,31.19068356791366,25.704708293040312,75.0844890102368,31.986098272563876,32.023034663167735,664.5437804812159,2057.19673438301,1018.6439734552234,0.4951611853305478,964.6517500465125,0.05058823553087009,447.6015432753416,5,0,5,10,118.32539693339767,573,102.0,0.44760154327534163,192.01452458296387,121333.50059673758,844.3472003974306,500000.0,0.3566887967040387,0,4,14.186737949787881,15,E11,P2,3,marketplace
22.528277444297654,92.53225207751711,35.26062896692013,96.20749986190822,72.61979816224994,89.36024331431399,,,,,33.41366012786054,74.6443444810388,3.8108441956523316,5.753169445846697,47.713685365363396,92.53225207751711,0.7894736842105263,0.7142857142857143,8440.199489225186,509188.49886297405,507188.49886297405,529,0.9960721815114324,0.0,0.0,2000.0,33.09810154251688,25.704708293040312,79.74303713209454,33.42890249173433,22.528277444297654,670.2751498268573,1601.6399603522816,796.6105785461726,0.497371817802896,758.670635767021,0.037662880585094954,262.030172590002,3,0,2,3,0.0,522,102.0,0.262030172590002,201.62529395253085,136322.0244594098,750.1504659875321,500000.0,0.32806203964724673,0,5,15.231304687125247,16,E11,P2,3,marketplace
3.2118828652545557,5.4426321845381604,3.923298276486321,7.390988752873545,8.432106004969318,19.746604520120677,,,,,30.65475821164019,60.651671612770244,14.366937816973167,41.12784498797373,5.801968163354236,5.4426321845381604,1.0,1.0,10188.61735102234,511539.3687118152,511539.3687118152,538,1.0,0.0,0.0,0.0,29.00226260733433,25.704708293039857,58.92771239371471,30.12652335673051,3.2118828652545557,601.9114925932882,1665.1467620593862,821.8501039469218,0.49356016098574446,781.8077653056854,0.03959083512889317,281.9127092249885,4,0,2,2,20.49258331954041,534,102.0,0.28191270922498846,199.94924919815372,133632.80324771596,765.3952489466554,500000.0,0.3596030243618336,0,6,16.14816548229415,17,E11,P2,3,marketplace
6.7702862805001685,15.203504960103603,9.171117991785376,22.428879336281433,22.57245043645477,89.30010010031506,142.68122662937913,146.82956764219216,,,31.589005797063784,69.78336826102394,24.86865946274563,92.48293581637026,26.50594036012717,15.203504960103603,0.9565217391304348,0.92,68261.72443658626,572191.6285267603,533433.9857504095,568,0.9322645756350172,37757.6427763509,0.0659877581109788,1000.0,30.117597529404815,25.70470829303963,69.96279570355252,32.02436384011759,6.7702862805001685,671.2985728330478,1922.291471249364,954.2831442685263,0.49642999437973084,894.8414131758877,0.04394674848049679,359.4275991175184,2,0,8,4,174.3832116309793,562,102.0,0.3594275991175184,191.88771306935598,122641.9014930477,834.6203569333932,500000.0,0.3171411964877285,0,5,13.815591002895953,18,E11,P2,3,marketplace
30.50459225154853,114.94305789463978,18.62850237095482,15.296707534671675,35.844400487359486,120.92522828385019,,,,,31.410561643977417,61.5377229144784,5.5696580399188225,6.63373660951369,24.704701706156467,114.94305789463978,0.7352941176470589,0.7941176470588235,37728.11627304937,538786.9281851918,520713.94906355155,581,0.9664561662946874,17072.979121640223,0.031687812432917635,1000.0,30.34244658772042,25.704708293039857,68.75223125620687,31.406106878542346,30.50459225154853,640.1332954358435,1958.7926322757462,960.1547859432723,0.4901768416536028,902.2851674382453,0.0463438685672003,394.448415276269,4,0,2,9,0.0,566,102.0,0.39444841527626895,196.6424148986632,128308.39950242125,798.0338684946657,500000.0,0.3525234168454469,0,7,20.11344243157353,19,E11,P2,3,marketplace
10.364235268396442,25.441177335380022,5.304673817686103,8.652547095896853,28.866490610988695,70.02458707631796,,,,,32.520737502594166,68.23836333018498,26.215561915055467,89.55641229766262,17.0855822143374,25.441177335380022,0.8888888888888888,0.918918918918919,42968.20466135957,544915.5245812964,517149.14590688684,554,0.9490446180703977,27766.37867440947,0.05095538192960215,0.0,30.968814942677085,25.704708293040312,67.88081604260687,32.453072373878285,10.364235268396442,660.341553188507,1762.3501161531117,870.2301789188491,0.4937896113505542,812.8214872485938,0.04028256189054338,312.1611577865714,2,0,4,1,457.7280183975421,550,102.0,0.3121611577865714,197.83878977189295,132129.11966698218,774.3346918200456,500000.0,0.36254601808184345,0,6,16.537231397386044,20,E11,P2,3,marketplace
20.78951511027136,105.94617586622407,7.242285715671824,13.229948252397298,70.78514631401504,125.79977368703786,,,,,30.6892934434117,67.1229350242103,3.3762663905179124,4.6567402014488835,25.397388743769884,105.94617586622407,0.8421052631578947,0.8461538461538461,17327.275816339392,518024.1647502009,507442.02010589343,532,0.9795721022987213,10582.144644307478,0.02042789770127876,0.0,29.958057948027253,25.704708293039857,68.92506250353198,30.81908737790366,20.78951511027136,612.7478025412205,1665.3514267194907,837.7826229597034,0.5030665657218176,778.2225036842195,0.03874609110155662,289.06891921251986,3,0,1,2,0.0,528,102.0,0.2890689192125198,201.5778450863544,136068.6556461104,751.7460096412477,500000.0,0.3783280416014027,0,8,19.232015063114943,21,E11,P2,3,marketplace
28.932695090407627,90.71912980999059,38.44453409635266,93.94164548728295,37.575144977411924,108.92526740648736,,,,,30.192550795490146,62.951887869930204,22.546693489558443,65.06255571997299,37.970321849657715,90.71912980999059,0.6363636363636364,0.6818181818181818,19226.136203616657,520041.7500651535,507183.0486494436,530,0.9752737132853296,11858.701415709893,0.02280336418032624,1000.0,30.19799297112515,25.704708293039857,70.1056122268881,30.244480914272177,28.932695090407627,601.0137605606737,1636.0303461023452,812.6919529572054,0.49674625834010405,759.8684890723828,0.039762356079866175,312.537810801255,4,0,0,3,235.02325099366658,525,102.0,0.312537810801255,201.72704526155795,136059.41844539795,751.969536396779,500000.0,0.36511866285088024,0,5,17.284600225400055,22,E11,P2,3,marketplace
8.188810893828135,15.987276593546003,8.73177125435852,18.998323857888412,27.14491531285347,55.534545821894945,,,,,31.21939784822116,61.30600349942929,3.9532231621091682,7.887002520089766,15.551454238986278,15.987276593546003,0.9743589743589743,0.9545454545454546,44840.47463850063,546785.5630729868,525725.016187372,582,0.9614829865528042,21060.546885614764,0.03851701344719581,0.0,28.199662171849234,25.704708293039857,58.57867074598019,30.628361147030457,8.188810893828135,628.9737679506183,2043.553462660433,1000.6831361279326,0.4896779822071193,933.3337283708429,0.04937881892284769,476.39872735804585,6,0,4,2,0.0,580,102.0,0.4763987273580459,194.9239537249541,126192.89962439949,812.0615266973717,500000.0,0.30179083267792484,0,9,24.354488370940846,23,E11,P2,3,marketplace
31.35939775230903,74.11790742626835,36.94128684560883,66.23439628191718,62.27499717324094,111.91364138999919,,,,,31.54230239978669,65.84327636316704,4.000740758655512,6.9621304391563195,54.48000938012337,74.11790742626835,0.5263157894736842,0.5625,34421.87232108315,535140.8176419535,513799.5646995575,541,0.9601203043407637,21341.25294239595,0.03987969565923625,0.0,31.628884558145508,25.704708293040312,66.6129855680847,32.34488259780833,31.35939775230903,652.4402163722257,1678.7576266732372,835.2513983025468,0.4975413871731734,780.1248166082394,0.0407029713734877,321.82590177272107,4,0,2,4,0.0,532,102.0,0.3218259017727211,199.14735809790935,132340.0767249949,773.1733911141623,500000.0,0.35445593981750845,0,8,28.017203438388727,24,E11,P2,3,marketplace
1.7167200018366202,1.7167200018366202,,,,,,,,,31.245928623262575,69.76310205725503,,,,1.7167200018366202,1.0,1.0,209.99028817615883,500209.99028817617,500209.99028817617,501,1.0,0.0,0.0,0.0,31.186988087092065,25.704708293040312,69.64135899184248,31.2335321354906,1.7167200018366202,615.2671105093714,1463.2282582954049,731.3081219839031,0.49979086847040816,704.8284132259981,0.032690410328136604,214.56759485205095,1,0,0,0,0.0,501,102.0,0.21456759485205093,204.34331496651075,140051.03825489397,729.8379852694898,500000.0,0.01778743675152583,0,1,4.051315513999384,25,E11,P2,3,marketplace
28.60259804796541,77.26314124718374,11.821630381949793,28.87622680770619,24.415551849035182,79.3506704520667,,,,,30.89202487391679,64.31385600201165,4.965693427061069,10.177427392003121,18.60297271038039,77.26314124718374,0.6363636363636364,0.75,8275.236379187336,508449.34756596206,507449.34756596206,527,0.9980332357494661,0.0,0.0,1000.0,30.344308177524262,25.704708293040312,65.37578417154965,30.84414557619896,28.60259804796541,614.283285802504,1623.273921422008,810.8639977340657,0.4995238246812583,766.8674811395639,0.03817857796172265,285.7506838968312,3,0,0,3,25.51889860857634,523,102.0,0.2857506838968312,201.56839529801735,135353.33295132619,755.6943626994347,500000.0,0.33796108257001983,0,5,14.679761397799743,26,E11,P2,3,marketplace
3.883742173094736,6.715307415827739,2.891323420936125,3.5992513395908645,25.894315129886007,71.57965744816852,,,,,30.24874736243574,63.67589038340193,21.168706111180228,53.685233613407135,12.749748439057502,6.715307415827739,1.0,0.9642857142857143,12370.949722949961,513597.1255335828,512597.1255335828,535,0.9980529486044901,0.0,0.0,1000.0,28.965127946383188,25.704708293040312,63.02157205927559,30.095069829456744,3.883742173094736,605.1010696210867,1713.314090724077,854.9002404360598,0.49897461595892423,806.6390295697591,0.038420691275414046,279.7241706930215,2,0,2,1,409.1812111642307,532,102.0,0.2797241706930215,199.5323794768181,132428.06061601616,772.3417808500554,500000.0,0.3521240699737029,0,9,26.3348550507375,27,E11,P2,3,marketplace
24.877545910688184,65.68226683757948,10.620863216310742,21.33768642076283,27.152390762586645,54.22950348737727,,,,,32.71525721956437,70.84619113269926,2.699729583062305,4.3026614648151735,17.705803593286127,65.68226683757948,0.6666666666666666,0.7692307692307693,26590.43369586375,527415.1934686946,510359.5779306159,532,0.9676618805273554,16055.6155380786,0.030442080047949172,1000.0,31.74853996405699,25.704708293040312,67.3289778929671,32.66627270889732,24.877545910688184,655.9917543200588,1694.9132607119782,840.4561641149384,0.4958697200598277,800.7384162468666,0.03950494279865987,287.8688439293751,3,0,3,1,0.0,531,102.0,0.2878688439293751,200.42313942393682,133338.05290764754,767.131862310723,500000.0,0.3545932885234245,0,6,18.906398320002552,28,E11,P2,3,marketplace
6.751294738306596,11.002800750156467,11.151490400995929,29.062176822309993,18.209590019572612,43.78579198934967,,,,,31.286171333453495,62.11931893352592,6.144489692080993,12.521222551457093,14.915810197570162,11.002800750156467,0.9230769230769231,0.971830985915493,77164.28456252046,581266.2972214887,541584.6092807043,591,0.9317323434534793,39681.68794078418,0.0682676565465203,0.0,28.10951029214044,25.704708293039857,56.40860099817155,30.18721509908974,6.751294738306596,634.1126057368259,2060.449487794884,1018.2737684814882,0.4941998212104952,954.8737367429536,0.05014982837589637,402.39961283351835,2,1,8,9,0.0,578,102.0,0.4023996128335184,189.07922761844617,118562.23230986105,863.7016832240979,500000.0,0.3707535213802191,0,7,21.481136140078245,29,E11,P2,3,marketplace
4.1684766728906775,7.62311992664131,5.470933053596241,8.67645727806594,10.536836156891686,26.939874957495704,,,,,31.43393610015418,67.78882356623704,9.305937244279567,29.503543353073837,7.070691928321118,7.62311992664131,0.9583333333333334,1.0,13968.57625752051,515078.73700219905,515078.73700219905,554,1.0,0.0,0.0,0.0,28.977833838540867,25.704708293039857,61.92336529537938,30.75502669921182,4.1684766728906775,623.2054628383408,1806.089770310509,895.7959253142736,0.495986378993922,848.0229756416591,0.03979186326387299,314.7632998606713,2,0,1,3,102.4925070669722,549,102.0,0.31476329986067125,198.63907389254908,131948.8612142084,775.4122495514446,500000.0,0.3203654568058423,0,0,0.0,0,E11,P2,3,marketplace_no_anticipate
5.4691214435670075,8.39756792602684,5.907413556918622,11.062817886143023,20.665882509998983,46.894292680497166,46.10315530677826,50.22088432321207,,,33.12283754955614,72.52865327549254,14.484172946537715,32.405814099593954,17.767708038851012,8.39756792602684,0.9333333333333333,0.9285714285714286,22776.714596747763,525519.2910413912,518606.8462905895,534,0.9868464490863813,5912.444750801655,0.011250671196266278,1000.0,31.727906692907947,25.704708293040085,67.28572131777827,32.92433629203754,5.4691214435670075,670.9530665753878,1729.2001673782747,854.9924945609183,0.49444391152078965,812.786128556669,0.04245735383702831,361.77735220886956,5,0,7,0,818.5948957851573,533,102.0,0.36177735220886953,197.37837647992174,129155.2151081669,792.548541431187,500000.0,0.33919312003650165,0,0,0.0,1,E11,P2,3,marketplace_no_anticipate
33.33349566507068,112.31716921436792,6.954746714426193,12.967522557614302,22.631415427247703,61.80018620710052,4.857606673829196,5.292383672468986,,,31.182608321297334,62.385452060343766,14.999177301714967,33.43953626563507,12.571354976659634,112.31716921436792,0.5909090909090909,0.8421052631578947,29310.196036041838,532277.3226155266,516873.34282247716,548,0.9710602365748803,14403.979793049497,0.02706104352195697,1000.0,30.400713662234203,25.704708293040312,65.49570254578241,30.878408926160617,33.33349566507068,627.351148553553,1740.7504663158966,851.2530214968432,0.489014961057816,824.1715614352471,0.03947904925776499,317.54605792476605,2,0,2,6,694.1474468376433,537,102.0,0.31754605792476603,197.95477456663164,130222.53415648272,785.7130620340582,500000.0,0.34911559712705387,0,0,0.0,2,E11,P2,3,marketplace_no_anticipate
3.4497111954144657,6.060607353815067,8.254492059668049,21.554721271355273,40.21653183115463,101.07407996312494,,,,,31.920640423467585,71.95999492575656,10.559115475489133,10.7916663880651,22.15103109074917,6.060607353815067,1.0,0.9130434782608695,28096.063942230638,530369.5763930491,519069.4501240941,558,0.9786938641054692,10300.126268954962,0.01942065821158959,1000.0,29.846747571816216,25.704708293039857,71.48345367553857,31.867747832286806,3.4497111954144657,645.695254063516,1885.9442700702489,928.490841715419,0.4923214627550124,890.9868670367019,0.04753492858946923,399.09348583529777,4,1,3,5,0.0,553,102.0,0.3990934858352978,197.27435984020002,128385.57745351619,797.5903175176381,500000.0,0.36883694530993294,0,0,0.0,3,E11,P2,3,marketplace_no_anticipate
6.384458412965021,5.714611055548541,5.520748540410409,9.666712362677297,2.5145792352259884,2.9339288334962474,,,,,31.443813615237953,68.27828885053674,2.563096873321323,3.589342285580824,3.9292471435480687,5.714611055548541,0.9444444444444444,0.9714285714285714,32491.15341102122,534209.4492904893,514996.84629887406,547,0.964035448985164,19212.602991615313,0.03596455101483612,0.0,29.130496202874802,25.704708293040312,63.62905987888466,30.631682476478208,6.384458412965021,613.2538215542626,1762.1974804768104,872.2964088225551,0.49500491204114744,835.8711003568981,0.04435765766792087,332.2815204816701,4,1,0,0,0.0,547,102.0,0.3322815204816701,198.7046760692084,131365.24047227539,778.9905545225175,500000.0,0.3285351237227189,0,0,0.0,4,E11,P2,3,marketplace_no_anticipate
7.48573634420988,15.440194644800892,30.869113420750494,94.6021033174224,24.76262861120326,74.77804179162277,12.85205658547693,12.85205658547693,,,31.081254931163002,67.4974982234501,9.77165242592725,18.964500195075743,27.705837223520657,15.440194644800892,0.9629629629629629,0.8461538461538461,43452.69323580841,547328.4080016714,523628.46425572375,567,0.9566988605022758,22699.943745947778,0.041474082861561345,1000.0,29.20750169549711,25.704708293039857,69.06250885797456,30.295742317536444,7.48573634420988,619.4690460855995,1852.7238257594604,914.791129961609,0.4937547179146476,873.6338794125277,0.04389334894438408,353.3441828401921,5,0,1,6,190.61100951178176,556,102.0,0.3533441828401921,195.46940468242767,127123.86678732302,805.146561141633,500000.0,0.3256625889434395,0,0,0.0,5,E11,P2,3,marketplace_no_anticipate
6.904680497257721,19.531220948999838,13.30476925755168,23.75393092449558,19.076556101787283,36.88138626775822,,,,,31.757709014768725,64.71458016570662,8.904735781798221,27.05176251949417,15.324894653034141,19.531220948999838,0.9285714285714286,1.0,31608.77227884693,533346.8920584851,515556.0255554134,561,0.9666429733294091,17790.86650307171,0.033357026670591004,0.0,29.401862779913795,25.704708293039857,61.65712816027917,31.250216166006126,6.904680497257721,633.3710078936409,1793.3029006588445,887.3685232802245,0.4948235587831887,833.9865184291256,0.04116457689305615,356.5253832316232,2,0,1,6,0.0,551,102.0,0.3565253832316232,198.53618289682865,131813.54342857213,776.5251029663516,500000.0,0.29383577788143284,0,0,0.0,6,E11,P2,3,marketplace_no_anticipate
20.29903099477909,55.72748061180204,48.946747037916595,133.89331308130315,7.912860267371652,18.068703154294894,,,,,31.165643612786056,67.59431971404192,11.959051846288625,37.03955201175511,32.16015699542094,55.72748061180204,0.7837837837837838,0.847457627118644,40773.60461111535,544565.4292464787,521462.1533310679,578,0.957574839175195,22103.275915410803,0.040588834193891726,1000.0,29.843295502443087,25.704708293039857,68.76946003065234,30.532224026454376,20.29903099477909,625.4786181551287,1879.1186823375037,931.175297665688,0.4955383108146024,884.8150440663874,0.041630326363540346,339.374547687682,1,0,0,7,68.30619326670656,562,102.0,0.33937454768768205,196.2546541373139,128342.97042784012,797.389792417398,500000.0,0.33874033400485964,0,0,0.0,7,E11,P2,3,marketplace_no_anticipate
14.3142228877562,60.6221978571348,29.583206609046982,87.24817167570832,21.10087693961308,55.56708293039285,57.63026403271283,60.815459260595844,,,31.524436032600462,61.91489690333456,3.100650493619554,6.058563857786067,27.22772091968572,60.6221978571348,0.84,0.7916666666666666,38363.5914215517,540361.5398106,526845.8481339898,560,0.9749876875372228,13515.69167661024,0.02501231246277737,0.0,29.97056959923275,25.704708293040085,61.91489690333456,31.43319854756441,14.3142228877562,646.4235535111582,1801.6069687523093,888.311728798005,0.49306632589970456,852.3912305855367,0.04413463712698969,338.3411155791904,5,0,5,4,0.0,551,102.0,0.3383411155791904,194.2472195198016,125436.29580801303,815.8590817462714,500000.0,0.3472786446249028,0,0,0.0,8,E11,P2,3,marketplace_no_anticipate
16.694022430439965,59.893792397074236,20.311283424672794,69.89248112772907,12.603381167221105,57.45229480105108,,,,,32.213375774612715,61.64524982574512,7.783646084981802,9.476924167585821,17.007896742907786,59.893792397074236,0.7894736842105263,0.825,47374.080402398526,549736.351411949,529265.8142808982,600,0.9627629916077515,19470.537131050907,0.03541795459049153,1000.0,29.311059324792016,25.704708293039857,61.115133436442335,31.34839394647249,16.694022430439965,643.7132984975734,2104.4165357950183,1039.190331955435,0.4938139927525536,967.0852880836279,0.054629450562023,482.2283888168778,6,1,3,5,0.0,594,102.0,0.4822283888168778,193.63092348606952,124595.86107680868,822.5171165648948,500000.0,0.3257138963790622,0,0,0.0,9,E11,P2,3,marketplace_no_anticipate
2.705579069156751,4.518096328519914,5.784848095654922,10.598117719817832,36.251736085132336,100.26429823779637,,,,,29.357598486909062,58.20583079311382,4.737744870955976,11.087340034939302,21.01829209039363,4.518096328519914,1.0,0.9,13819.243346008723,516514.44304295897,516514.44304295897,540,1.0,0.0,0.0,0.0,27.963606430701077,25.704708293039516,57.23480575037733,29.41312042190099,2.705579069156751,596.1190588956111,1724.2332802579472,851.1138496925366,0.4936187344471214,822.7850614953026,0.0367675539099643,261.88179690175014,0,0,3,1,27.346243906797934,538,102.0,0.2618817969017501,197.9845543029598,130214.03507834965,785.3368627688319,500000.0,0.33258966812145596,0,0,0.0,10,E11,P2,3,marketplace_no_anticipate
22.054383584042217,79.36719707216294,29.0949041353349,60.96565694257962,13.629160322490112,17.894185917960876,,,,,32.10402516112339,66.78764625916632,3.199043998894202,5.269456793944755,18.047944269017194,79.36719707216294,0.75,0.7941176470588235,26006.043708159235,527294.9549528928,513448.71797975095,540,0.9737410023686289,13846.236973142,0.026258997631371208,0.0,31.046232844448415,25.704708293040312,71.17755783617876,31.61972538763467,22.054383584042217,639.1331623397053,1690.689840127522,836.7688560101215,0.49492747643589513,801.4639328735565,0.03787101525348802,297.10762541360975,1,0,0,2,0.0,538,102.0,0.29710762541360974,199.2352966191415,132426.90885574956,772.4797664562582,500000.0,0.32720020269548566,0,0,0.0,11,E11,P2,3,marketplace_no_anticipate
18.8983327785534,47.12173906286174,21.01435092269075,55.741402759398966,23.365703448842396,23.365703448842396,,,,,31.063682330231984,62.076286927779805,4.719974090742653,9.844492957946482,21.3502584264267,47.12173906286174,0.8571428571428571,0.8571428571428571,3605.0987133016765,503977.3460501888,503977.3460501888,521,1.0,0.0,0.0,0.0,30.415779505155566,25.704708293040312,62.05113103785061,30.958025234407817,18.8983327785534,612.7167139169724,1583.3184309917583,787.3056201655764,0.4972503349641577,752.8605324334934,0.03641831507547179,264.9529740327919,2,0,1,2,0.0,519,102.0,0.26495297403279183,202.91577344797693,138140.0274180329,740.29920860348,500000.0,0.37578669399150266,0,0,0.0,12,E11,P2,3,marketplace_no_anticipate
2.8633455678941457,4.2764756073846,9.098053610085225,20.997364895370964,7.527026960549506,16.194210889659328,,,,,29.863489478396687,60.404099059347864,3.6738786323881643,7.220429821728067,8.399819543624906,4.2764756073846,1.0,1.0,6216.486291594783,506496.9548278934,506496.9548278934,522,1.0,0.0,0.0,0.0,28.828772553249163,25.704708293040312,57.18574930273712,29.584899242121793,2.8633455678941457,587.6351895482067,1598.2213365080631,795.5461033643058,0.4977696675621201,758.297722657215,0.03653789092838754,284.60943848685577,2,0,1,0,0.0,522,102.0,0.28460943848685577,201.94516169054353,135878.01274614432,752.7679230162224,500000.0,0.3484368666724122,0,0,0.0,13,E11,P2,3,marketplace_no_anticipate
15.780362128216384,64.0829949512507,14.49391983165307,32.7432701338933,12.442015178124603,37.321412894900845,30.90224649389802,30.90224649389802,,,31.457926438438427,66.97777269357722,3.8460154836360827,3.963362184221296,13.862298762644972,64.0829949512507,0.7931034482758621,0.9090909090909091,58929.484502104126,561296.0483279536,528271.4526548006,566,0.9411636768661921,33024.595673152966,0.05883632313380796,0.0,29.30975204785558,25.704708293039857,60.99993024511008,30.685597798777433,15.780362128216384,635.4526791658135,1867.5648126293474,920.9846435727227,0.49314735282255984,870.1401813455,0.04225261232582153,359.70946130339684,1,0,5,5,0.0,559,102.0,0.35970946130339687,193.7634694187998,124667.48238837204,821.0618158023433,500000.0,0.2980531829258715,0,0,0.0,14,E11,P2,3,marketplace_no_anticipate
32.15334075814219,83.44101251828515,28.526186073187112,91.59670631478389,24.380306254193123,84.26055526295022,19.32818608172954,33.39995926550719,,,32.29060229679341,65.4842136840442,15.21713187995636,25.839764325272522,26.237389462776996,83.44101251828515,0.5294117647058824,0.7571428571428571,64862.71277757866,568031.8092350921,533540.8962722021,595,0.9392799621392062,34490.91296288991,0.06072003786079365,0.0,31.199141263583893,25.704708293040312,75.0844890102368,31.98717889901449,32.15334075814219,664.5485723695735,2051.142728468745,1012.5899675409588,0.4936711392565524,967.3090861033639,0.05053975502501988,451.8936638671259,5,0,5,10,118.32539693339767,573,102.0,0.45189366386712587,192.02256917827378,121338.5839565092,844.3472003974306,500000.0,0.3560005769725601,0,0,0.0,15,E11,P2,3,marketplace_no_anticipate
22.672678197110173,92.53225207751711,35.3184102404458,96.20749986190822,72.61979816224994,89.36024331431399,,,,,33.45594242857004,74.6443444810388,3.066687330690987,3.9671929699394695,47.75220621438051,92.53225207751711,0.7894736842105263,0.7142857142857143,8440.199489225186,509188.49886297405,507188.49886297405,529,0.9960721815114324,0.0,0.0,2000.0,33.139527661804294,25.704708293040312,79.74303713209454,33.47121519574104,22.672678197110173,671.1553238126409,1596.3687566927415,791.3393748866325,0.4957121414265716,763.6679013897541,0.03749298175747822,260.38784782330816,3,0,2,3,0.0,522,102.0,0.26038784782330815,201.62205585708827,136319.83513227987,750.1504659875321,500000.0,0.3294103410847294,0,0,0.0,16,E11,P2,3,marketplace_no_anticipate
3.3136814850901715,5.4426321845381604,4.159037956884366,7.845486524042349,8.432106004969318,19.746604520120677,,,,,30.61621952471146,60.651671612770244,14.366937816973167,41.12784498797373,5.939482976919763,5.4426321845381604,1.0,1.0,10188.61735102234,511539.3687118152,511539.3687118152,538,1.0,0.0,0.0,0.0,28.972351480189268,25.704708293039857,58.92771239371471,30.089806220092083,3.3136814850901715,601.1314214233449,1656.310312011687,813.0136538992227,0.4908582938856243,784.6650659480947,0.03953815929257402,283.33787972334477,4,0,2,2,20.49258331954041,534,102.0,0.28333787972334473,199.9520352408037,133634.66525365386,765.3952489466554,500000.0,0.36147514925192165,0,0,0.0,17,E11,P2,3,marketplace_no_anticipate
6.798083730966423,15.203504960103603,9.171117991785376,22.428879336281433,22.685398769204404,89.35386814880653,142.68122662937913,146.82956764219216,,,31.589005797063784,69.78336826102394,24.851834690095004,92.48293581637026,26.568689433876965,15.203504960103603,0.9565217391304348,0.92,68261.72443658626,572191.6285267603,533433.9857504095,568,0.9322645756350172,37757.6427763509,0.0659877581109788,1000.0,30.121143120375947,25.70470829303963,69.96279570355252,32.02910595008187,6.798083730966423,671.3062495672391,1922.291471249364,954.2831442685261,0.4964299943797308,900.6837505197752,0.04393935644645943,360.0177449457085,2,0,8,4,174.3832116309793,562,102.0,0.3600177449457085,191.88881938399652,122642.60857600259,834.6203569333932,500000.0,0.3171761539706706,0,0,0.0,18,E11,P2,3,marketplace_no_anticipate
30.71836292212691,114.94305789463978,18.694765628869614,15.35226273632025,35.844400487359486,120.92522828385019,,,,,31.574355274498377,62.271510176253194,5.5696580399188225,6.63373660951369,24.74757793186604,114.94305789463978,0.7352941176470589,0.7941176470588235,37728.11627304937,538786.9281851918,520713.94906355155,581,0.9664561662946874,17072.979121640223,0.031687812432917635,1000.0,30.498141968277647,25.704708293039857,70.3406768534187,31.566397873932047,30.71836292212691,639.1549275316411,1955.9789180011728,955.6460790433468,0.488576880992116,908.8097865907714,0.0504494570338794,426.99690549901777,4,1,2,8,0.0,567,102.0,0.4269969054990178,196.7049223277061,128349.18535313226,798.0338684946657,500000.0,0.3793858310738651,0,0,0.0,19,E11,P2,3,marketplace_no_anticipate
10.443759648441793,25.441177335380022,5.304673817686103,8.652547095896853,28.866490610988695,70.02458707631796,,,,,32.55290665667637,68.23836333018498,26.221027834872395,89.55641229766262,17.0855822143374,25.441177335380022,0.8888888888888888,0.918918918918919,42968.20466135957,544915.5245812964,517149.14590688684,554,0.9490446180703977,27766.37867440947,0.05095538192960215,0.0,31.001891938957254,25.704708293040312,67.88081604260687,32.48492071764658,10.443759648441793,661.0101875915451,1762.649503375139,870.5295661408765,0.493875591530805,820.1725909868763,0.040146106585066,309.5366651143832,2,0,4,1,457.7280183975421,550,102.0,0.3095366651143832,197.8337148477768,132125.73031519423,774.3346918200456,500000.0,0.36135305548603247,0,0,0.0,20,E11,P2,3,marketplace_no_anticipate
20.790533752152967,105.94617586622407,6.941091022904584,12.627558866862818,70.61180249343761,125.48775480999848,,,,,30.690428215441163,67.1229350242103,3.3762663905179124,4.6567402014488835,25.132722871628307,105.94617586622407,0.8421052631578947,0.8461538461538461,17327.275816339392,518024.1647502009,507442.02010589343,532,0.9795721022987213,10582.144644307478,0.02042789770127876,0.0,29.955678397473676,25.704708293039857,68.92506250353198,30.81881420288957,20.790533752152967,612.8164034668908,1648.6053198751315,821.036516115345,0.49801884430260834,780.6542765076256,0.038457420642999444,283.9544618232602,3,0,1,2,0.0,528,102.0,0.2839544618232602,201.56776618632912,136061.85220808256,751.7460096412477,500000.0,0.3836651246948124,0,0,0.0,21,E11,P2,3,marketplace_no_anticipate
28.999189702391835,90.71912980999059,39.90499182412218,93.94164548728295,37.62730565278707,108.92526740648736,,,,,30.221249972540154,62.951887869930204,22.04974027499616,65.21602217465535,38.66261754884849,90.71912980999059,0.6363636363636364,0.6818181818181818,19226.136203616657,520041.7500651535,507183.0486494436,530,0.9752737132853296,11858.701415709893,0.02280336418032624,1000.0,30.23232316704933,25.704708293040085,70.1056122268881,30.268365559669732,28.999189702391835,601.5858967819993,1621.291798450036,797.9534053048966,0.4921713698100148,759.4408815155141,0.03981089386810571,319.1747547091934,4,0,0,3,235.02325099366658,525,102.0,0.3191747547091934,201.74013115613903,136068.24452622532,751.969536396779,500000.0,0.3548172389886992,0,0,0.0,22,E11,P2,3,marketplace_no_anticipate
8.46891582542043,15.543424229195182,7.883957468779663,18.47544804089494,29.54491531285347,55.534545821894945,,,,,31.17445808506984,61.30600349942929,3.767247316426136,7.60623892335235,15.906534448066258,15.543424229195182,0.9487179487179487,0.9545454545454546,44840.47463850063,546785.5630729868,525725.016187372,582,0.9614829865528042,21060.546885614764,0.03851701344719581,0.0,28.19118410118028,25.704708293039857,58.57867074598019,30.67206301826745,8.46891582542043,629.0049049444046,2033.758889637907,990.8885631054067,0.48722027382598226,940.1537657559663,0.05013664988065335,481.74188924124843,6,0,4,2,0.0,580,102.0,0.48174188924124844,194.9341171406537,126199.47937446466,812.0615266973717,500000.0,0.3046194782909768,0,0,0.0,23,E11,P2,3,marketplace_no_anticipate
30.708832368244703,74.11790742626835,37.069770179324905,66.23439628191718,62.270888451512945,111.91364138999919,,,,,31.561117525501416,65.84327636316704,3.3455082299148367,5.782711887423103,54.51669821391663,74.11790742626835,0.5263157894736842,0.5625,34421.87232108315,535140.8176419535,513799.5646995575,541,0.9601203043407637,21341.25294239595,0.03987969565923625,0.0,31.613407076890027,25.704708293040312,66.6129855680847,32.35681210863654,30.708832368244703,652.8603451769607,1662.325762689112,818.8195343184218,0.4925746521511123,787.4191511730033,0.03943501148087392,298.8635087926132,3,0,2,4,0.0,532,102.0,0.29886350879261314,199.10266675412913,132310.3778330723,773.1733911141623,500000.0,0.3608069665686228,0,0,0.0,24,E11,P2,3,marketplace_no_anticipate
2.5503240170628487,2.5503240170628487,,,,,,,,,31.245928623262575,69.76310205725503,,,,2.5503240170628487,1.0,1.0,209.99028817615883,500209.99028817617,500209.99028817617,501,1.0,0.0,0.0,0.0,31.188651967361974,25.704708293040312,69.64135899184248,31.233882086012944,2.5503240170628487,615.2671105093714,1463.2282582954049,731.3081219839031,0.49979086847040816,706.7426598063628,0.032690410328136604,214.7759958558575,1,0,0,0,0.0,501,102.0,0.2147759958558575,204.34373159354305,140051.32379909419,729.8379852694898,500000.0,0.018255336256908894,0,0,0.0,25,E11,P2,3,marketplace_no_anticipate
28.420205245786914,77.26314124718374,12.833251962936174,29.992462105148206,24.534638136924645,79.3506704520667,,,,,30.891330175195964,64.31385600201165,4.764867732769517,9.615115447986774,19.133998364314582,77.26314124718374,0.6363636363636364,0.75,8275.236379187336,508449.34756596206,507449.34756596206,527,0.9980332357494661,0.0,0.0,1000.0,30.351418339266814,25.704708293040312,65.37578417154965,30.844066383396317,28.420205245786914,614.2767010025266,1612.8812077139419,803.1068858557693,0.49793306662309816,768.6586446292649,0.037959894741763554,283.9603948931848,3,0,0,4,25.51889860857634,522,102.0,0.28396039489318475,201.5648672828327,135350.96388640784,755.6943626994347,500000.0,0.3388137205267577,0,0,0.0,26,E11,P2,3,marketplace_no_anticipate
3.8093106650720077,6.5017953819390195,2.974618211125666,3.8230208158445294,25.979970685696646,71.57965744816852,,,,,30.287588105409625,63.67589038340193,20.982079545798314,53.79615232418138,12.834054985941801,6.5017953819390195,1.0,0.9642857142857143,12370.949722949961,513597.1255335828,512597.1255335828,535,0.9980529486044901,0.0,0.0,1000.0,28.998822841270993,25.704708293040312,63.02157205927559,30.133163906222208,3.8093106650720077,605.922947584245,1695.5129682954303,837.0991180074126,0.4937143706125605,810.9857893717339,0.038090352590031074,275.7548168299098,2,0,2,1,409.1812111642307,532,102.0,0.2757548168299098,199.52463586362683,132422.92124124515,772.3417808500554,500000.0,0.353990181543206,0,0,0.0,27,E11,P2,3,marketplace_no_anticipate
25.867957647363994,69.88023763705405,10.951219911656441,22.737010020587142,27.152390762586645,54.22950348737727,,,,,32.71487278455765,70.84619113269926,2.699729583062305,4.3026614648151735,17.894578847769385,69.88023763705405,0.6666666666666666,0.7692307692307693,26590.43369586375,527415.1934686946,510359.5779306159,532,0.9676618805273554,16055.6155380786,0.030442080047949172,1000.0,31.77548725979857,25.704708293040312,67.95539538986226,32.6710254741068,25.867957647363994,656.0432971291615,1689.7917506634526,835.334654066412,0.49434177539240537,804.9966572719826,0.03930404987190531,290.82683460207363,3,0,3,1,0.0,531,102.0,0.29082683460207365,200.42893531922437,133341.90881667443,767.131862310723,500000.0,0.35439020781139724,0,0,0.0,28,E11,P2,3,marketplace_no_anticipate
6.568210495158818,11.002800750156467,11.192094564207165,29.062176822309993,18.259276394790444,44.52278661873988,,,,,31.293661340313278,62.11931893352592,5.922498831601007,12.077240830497116,14.961258207184915,11.002800750156467,0.9230769230769231,0.971830985915493,77164.28456252046,581266.2972214887,541584.6092807043,591,0.9317323434534793,39681.68794078418,0.0682676565465203,0.0,28.103740675103403,25.704708293039857,56.40860099817155,30.19817023473817,6.568210495158818,634.4661531681011,2059.0840627151792,1012.4152715724268,0.49168234066044936,963.5606144390896,0.05002105828127873,400.13199219476655,2,1,8,7,0.0,580,102.0,0.40013199219476653,189.0750406075897,118559.60684243082,863.7016832240979,500000.0,0.3717230927261637,0,0,0.0,29,E11,P2,3,marketplace_no_anticipate
