delay_mean_consumables,delay_p90_consumables,delay_mean_science,delay_p90_science,delay_mean_equipment,delay_p90_equipment,delay_mean_infrastructure,delay_p90_infrastructure,delay_mean_element,delay_p90_element,delay_mean_bulk,delay_p90_bulk,delay_mean_return,delay_p90_return,delay_prio2_mean_h,delay_prio1_p90_h,sl24_prio1,sl48_prio12,landed_kg,ready_kg,delivered_kg,delivered_items,delivered_share,stranded_kg,stranded_share,backlog_kg,delay_mean_h,delay_median_h,delay_p90_h,delay_mass_weighted_h,delay_prio1_mean_h,tonne_days_waiting,km_total,km_empty,empty_km_share,energy_kwh,utilisation,operator_hours,faults,night_strandings,team_lifts,bundled_jobs,backhaul_kg,jobs,fleet_cost_musd,operator_cost_musd,cost_per_kg_usd,cost_per_tkm_usd,delivered_tkm,bulk_kg,revenue_gini,unmet_operator_waits,repositions,km_reposition,seed,exp,n_vehicles,mechanism
17.734596469807695,50.26144848256228,20.079256896268934,52.28596770291308,31.807475474240857,54.49712177132676,,,,,25.725851019744347,74.66263835854357,15.629794644775272,39.92230411827586,23.337095390150026,50.26144848256228,0.75,0.8333333333333334,13968.57625752051,515078.73700219905,513436.5111023698,553,0.9968116992959424,1642.2258998292493,0.0031883007040576753,0.0,25.100454400113538,4.409422734254349,72.61069844051109,25.53499752494913,17.734596469807695,503.66277716767075,1828.5633377607553,912.3575895303893,0.49894776444968836,869.4039712337061,0.06543769317533402,286.617096107963,3,1,0,0,0.0,553,90.0,0.286617096107963,175.8476756985178,117298.45832311218,769.716997024829,500000.0,0.4471402145557477,0,0,0.0,0,E2,2,inhouse
13.69159381360893,35.50052529719833,8.771883398119249,17.462090377352638,2.3962380038706215,2.3962380038706215,,,,,19.894410117685748,66.32741461401602,2.695767087552531,4.224347302954266,7.861076913226587,35.50052529719833,0.6666666666666666,1.0,22776.714596747763,523156.8520526396,503367.36895465193,526,0.9621729448437073,18789.483097987624,0.03591558253373893,1000.0,19.393899106006977,2.085736728791119,62.247884338127164,19.819951745608773,13.69159381360893,366.861058094788,1642.9104200559348,819.7255321629315,0.4989471867462031,790.9089994474211,0.0710826487991975,311.34200174048505,1,3,0,0,0.0,526,90.0,0.31134200174048504,179.41437520928494,121834.26963258967,741.2638683195499,500000.0,0.48652665729441824,0,0,0.0,1,E2,2,inhouse
34.09923449929086,106.81896284603935,8.04477305142359,19.060375940314497,25.15742215364988,69.3110700290888,,,,,17.22522870907317,56.310151434466846,18.179343038863863,44.499397955567744,15.378765523806285,106.81896284603935,0.6363636363636364,0.8333333333333334,29310.196036041838,530894.1092591553,511928.95770149544,546,0.9642769598929528,18965.151557659832,0.03572304010704706,0.0,17.875263115829508,1.7691273463419748,56.8924909784605,17.58786440903493,34.09923449929086,333.8147352706666,1762.8450701812824,865.6140248024462,0.49103238817999517,847.1303701263182,0.061665812379394204,270.0962582217466,1,1,0,0,0.0,546,90.0,0.2700962582217466,176.33324878421513,117691.48628883329,767.0061710044585,500000.0,0.4376331095599466,0,0,0.0,2,E2,2,inhouse
3.5065379945147113,6.282021296950916,6.8880413701901855,10.063753838897721,31.863146276503876,100.36047271910957,,,,,20.43713051730138,71.46598187071196,11.936504435738621,17.70988030204949,15.629328087399978,6.282021296950916,1.0,0.9534883720930233,28096.063942230638,529506.0597141038,513879.2975357269,555,0.9704880390097627,15626.76217837676,0.02951196099023705,0.0,19.378450896398903,2.09122761285289,70.438051938191,20.448726017028832,3.5065379945147113,394.04469279893135,1869.1414123814789,925.4920294574503,0.4951428625607722,899.6414121532575,0.06772469964823022,296.63418445924833,4,1,0,0,0.0,555,90.0,0.29663418445924833,175.71564882545493,116383.64005167334,775.853325642404,500000.0,0.4554679560307826,0,0,0.0,3,E2,2,inhouse
10.995718718274235,24.56348110045376,4.048119985662879,5.702410476361638,8.04022802283503,13.021409427204897,,,,,21.492445354145733,71.09255205969576,15.849891790753551,49.16614423610964,6.161588946518725,24.56348110045376,0.8888888888888888,0.9142857142857143,32491.15341102122,534209.4492904893,514996.84629887406,547,0.964035448985164,19212.602991615313,0.03596455101483612,0.0,20.54678487674893,2.246317626973905,65.68898164293246,21.075237089773676,10.995718718274235,414.80329878956337,1774.2168771455083,884.3158054912533,0.49842599114151487,850.3259992400248,0.05565663794810746,243.77607421271068,1,0,0,0,0.0,547,90.0,0.2437760742127107,175.23170621872214,115847.07356243575,778.9905545225175,500000.0,0.4549004433724231,0,0,0.0,4,E2,2,inhouse
22.289079546930296,46.473683882178925,35.284079096868936,87.19907219106999,51.1440421906526,129.50663455421355,,,,,19.096376624582867,60.36419408142641,12.418826050824578,35.60710873471607,41.89239705261213,46.473683882178925,0.6666666666666666,0.803921568627451,43452.69323580841,545967.1247273687,520985.4627643918,566,0.9542432852977153,24981.66196297697,0.04575671470228484,0.0,20.038327526649493,2.5244899103821865,64.38922050356837,19.55853768385153,22.289079546930296,387.55804296208794,1880.0090679386813,926.4111580638322,0.49276951577663786,897.5356684845926,0.05812311248855393,254.57923269986622,1,0,0,0,0.0,566,90.0,0.2545792326998662,173.23819124203897,113764.60203752625,793.3450090470901,500000.0,0.4227848156010914,0,0,0.0,5,E2,2,inhouse
9.606412557093403,33.693893312492854,35.66078756728932,70.58519275869992,18.019895686796946,33.054048899238296,,,,,25.921459073560676,79.44655689098272,15.19865026918153,39.3788685361078,30.08997960502857,33.693893312492854,0.8214285714285714,0.9574468085106383,31608.77227884693,533346.8920584851,512636.0901167464,559,0.9611682335640804,19710.80194173866,0.03695681410210081,1000.0,24.996564750089977,5.045736707368633,75.03577208375408,25.61053371248311,9.606412557093403,510.42357465502175,1847.375824786692,912.5924932540034,0.4939939567301506,882.1235022397631,0.05871126915882213,257.15535891564093,2,0,0,0,0.0,559,90.0,0.25715535891564095,176.06477011472353,117250.38295040326,769.781326830244,500000.0,0.43303661324904885,0,0,0.0,6,E2,2,inhouse
14.418109340975867,33.29458875377476,35.01001901292588,98.02839590909171,9.718919702157876,27.17533747538736,,,,,16.69361009910647,51.39261834510558,11.903543260641484,42.99212317441647,24.66366020397533,33.29458875377476,0.7837837837837838,0.9322033898305084,40773.60461111535,544565.4292464787,522462.1533310679,579,0.9594111658061082,22103.275915410803,0.040588834193891726,0.0,16.685572512728196,2.017645927763624,49.86983817896357,16.489911526971586,14.418109340975867,320.8679294742549,1961.0004008663996,972.291767812336,0.4958141606614475,941.0063625481747,0.06007495802838238,263.1283161643148,1,0,0,0,0.0,579,90.0,0.2631283161643148,172.76491271314615,113080.20307887362,798.2221985682644,500000.0,0.4317954700396205,0,0,0.0,7,E2,2,inhouse
18.761667725501287,60.27900168059578,24.1809776359498,71.72281340922059,9.793669314204157,36.68472214580108,,,,,26.18536896762579,83.82156177279813,11.718353908125218,24.66515309413344,16.18802856831333,60.27900168059578,0.64,0.8372093023255814,38363.5914215517,540361.5398106,516896.82197565195,555,0.9565758920533601,23464.717834948005,0.04342410794663982,0.0,25.213929618157785,4.166635790994633,71.53052961318235,25.754923874558244,18.761667725501287,505.29871968661377,1792.7533070196757,889.3504569049009,0.4960807788905337,854.8589290505494,0.07388419706851913,323.6127831601138,5,2,0,0,0.0,555,90.0,0.32361278316011377,174.74205478364257,115259.95636127163,783.6512838860458,500000.0,0.4659521706650831,0,0,0.0,8,E2,2,inhouse
48.010286310516335,151.6113750250447,55.43989777959212,160.36934006200752,51.97436234580358,159.21611069257725,,,,,24.082832980098026,68.5510958292429,18.992238613907716,42.22410051581254,54.10699953582729,151.6113750250447,0.4473684210526316,0.6493506493506493,47374.080402398526,549233.9420670121,524728.4101287095,597,0.9553823424567001,24505.5319383026,0.04461765754329997,0.0,27.396692000040286,9.267893139029638,77.13513002222007,25.074382527110163,48.010286310516335,504.41143275508813,2100.6088166787026,1039.6323540547905,0.494919542277541,994.6945075620262,0.07151949545962537,313.25539011315914,3,1,0,0,0.0,597,90.0,0.3132553901131591,172.11428549858852,112464.51519934561,803.0377868968812,500000.0,0.4057592639292553,0,0,0.0,9,E2,2,inhouse
20.090956331605184,86.10526185376592,54.07729652941529,175.84246857897523,33.87157651920834,88.2985457534614,,,,,22.589758090209298,66.94011014312635,19.5912253476976,46.37655252823612,46.30586575625877,86.10526185376592,0.8571428571428571,0.8148148148148148,13819.243346008723,516203.98819530365,510090.3136250189,535,0.9881564755211235,5113.674570284756,0.009906305815580057,1000.0,23.050205530126263,2.589811681749552,69.0829325902275,22.597669531628476,20.090956331605184,444.8136760740365,1690.7972011058537,838.115090040688,0.4956922624975514,812.2332175085231,0.053920212300919396,236.17052987802694,1,0,0,0,0.0,535,90.0,0.23617052987802695,176.90234085921705,117953.86067459159,765.0124380313375,500000.0,0.4775600135457636,0,0,0.0,10,E2,2,inhouse
24.650700648370282,82.50700356938715,23.32158073495134,59.714716489984966,19.200766647573527,37.82522427508713,,,,,24.860462133889815,84.54656546814677,14.445770591802557,37.23093292112071,20.378142101110047,82.50700356938715,0.7,0.7941176470588235,26006.043708159235,527294.9549528928,513448.71797975095,540,0.9737410023686289,13846.236973142,0.026258997631371208,0.0,24.620766097923457,2.3711523485940234,82.94084039502171,24.702263353034727,24.650700648370282,477.06533579355784,1705.9700487335747,846.9275545676486,0.49644925196451395,823.5030523613809,0.07406037826086771,324.3844567826006,2,3,0,0,0.0,540,90.0,0.3243844567826005,175.91705129224755,116927.83213098857,772.4797664562581,500000.0,0.468215274580136,0,0,0.0,11,E2,2,inhouse
22.710640489932434,54.5025051904115,49.46278616817771,96.35366902847716,,,,,,,22.74320003151184,73.70004312065484,8.840998053691822,21.8770213042184,49.46278616817771,54.5025051904115,0.8571428571428571,0.7692307692307693,3605.0987133016765,503977.3460501888,501005.57446068624,519,0.9941033627547088,1971.7715895025638,0.003912421073994473,1000.0,22.86415222069142,2.735231455992107,74.18915577686211,22.74569624917123,22.710640489932434,433.7997015060274,1586.0101066146105,790.9793955503085,0.4987227964383401,760.5889950311987,0.06043305077599354,264.6967623988517,3,1,0,0,0.0,519,90.0,0.26469676239885176,180.1670507550049,122931.20657536678,734.2699976434322,500000.0,0.47892819326403013,0,0,0.0,12,E2,2,inhouse
7.354380128218346,21.266161452670485,12.706146463631397,26.88679531917484,14.613226946453475,31.33421896048958,,,,,19.65996598494082,63.9444342135119,1.5928985141601288,1.7167200018373479,13.421301644689677,21.266161452670485,1.0,1.0,6216.486291594783,506496.9548278934,504793.2405301338,521,0.996636279287526,1703.7142977596666,0.0033637207124741454,0.0,19.20182905801243,1.7691273463418042,61.919565053372935,19.609376950533296,7.354380128218346,376.18235571564014,1580.2002631698188,785.6276610540608,0.4971696811884609,759.9921603844343,0.051688063539136485,226.3937183014178,1,0,0,0,0.0,521,90.0,0.2263937183014178,178.739306460494,120968.69599379964,745.8656388502862,500000.0,0.48160518357644966,0,0,0.0,13,E2,2,inhouse
37.50334703631721,107.51706179978277,34.03317559954087,100.94065347049722,20.14353967568792,25.26982298145822,,,,,22.09064037655115,76.21089677283618,29.655395411192398,47.63952783058157,26.096240785910613,107.51706179978277,0.41379310344827586,0.78,58929.484502104126,560140.4496017806,517783.5713934028,560,0.9243816827752923,42356.87820837791,0.07561831722470781,0.0,23.17409332668718,2.180815603939209,78.87791564036385,22.358718176918657,37.50334703631721,441.32271796658176,1836.027085018815,910.1770139501049,0.4957318012227351,875.8853279819796,0.06327085296846045,277.12633600185677,1,1,0,0,0.0,560,90.0,0.27712633600185677,174.35301412336796,115121.61587999243,784.1891867649816,500000.0,0.45894070298540446,0,0,0.0,14,E2,2,inhouse
40.62695318852914,104.61806685506487,32.34926506662481,94.97877953058924,15.371196903740474,23.72206198396358,,,,,19.521098684836076,63.49991480504068,32.58450775841688,104.95079451663955,26.87246888504922,104.61806685506487,0.5882352941176471,0.7384615384615385,64862.71277757866,567366.0824720417,520636.93454654457,589,0.9176384536031904,46729.14792549708,0.08236154639680945,0.0,21.658642567854944,2.35911107603215,74.26171012833605,19.982562122882417,40.62695318852914,392.9721528573911,2084.864529053347,1023.6424225604214,0.4909874998090242,998.1217066822394,0.07250128935076683,317.5556473563587,4,1,0,0,0.0,589,90.0,0.3175556473563587,173.4751218255762,113487.93022857612,795.8340192251961,500000.0,0.42048226948670964,0,0,0.0,15,E2,2,inhouse
39.35645461128698,106.20060471878426,53.527902601856276,136.2194220527308,109.34077536387758,131.42020444433783,,,,,23.899009504967676,71.72237712111534,27.040920974415485,41.64196408362655,67.4811207923616,106.20060471878426,0.4444444444444444,0.6923076923076923,8440.199489225186,508637.27469418704,505608.3384171269,528,0.9940449974318512,3028.9362770600983,0.005955002568148815,0.0,25.09820406017941,3.00714632436825,73.7882384722543,24.293473912172846,39.35645461128698,468.10413520069915,1616.2650041962177,805.9967656531558,0.49867859760657557,772.7603875545063,0.06267061876007529,274.4973101691298,4,1,0,0,0.0,528,90.0,0.27449731016912976,178.54629849022123,121357.51301510159,743.872341046866,500000.0,0.4728614452271873,0,0,0.0,16,E2,2,inhouse
21.61437479005419,64.72732905258907,4.411426481500412,6.902433149951141,35.74979572320475,63.68259384057529,,,,,22.193658531059743,67.08020683420239,18.00084642729398,42.18267413160447,13.812937254011711,64.72732905258907,0.6666666666666666,0.88,10188.61735102234,511539.3687118152,504973.85321785416,533,0.9871651804425245,3565.515493961031,0.006970168303839245,3000.0,21.933588358401227,2.3758209404004447,67.35550396994331,22.152440870213066,21.61437479005419,430.669978248337,1639.1339658510328,807.3988029708515,0.4925764579295096,781.0456060392137,0.06046830238947393,264.8511644658958,2,1,0,0,0.0,533,90.0,0.2648511644658958,178.75153453841128,120397.56238992243,749.7232449950438,500000.0,0.4714793182105299,0,0,0.0,17,E2,2,inhouse
16.59543249457502,33.24431183370962,12.843148084662971,26.453292144539944,5.277570140321338,6.2201729525068,,,,,20.167513134909875,69.156542803312,33.8853616068014,110.92100688982956,8.880226304293544,33.24431183370962,0.6190476190476191,0.9523809523809523,68261.72443658626,570243.9701911092,516992.19366900536,559,0.9066158007698752,53251.776522104024,0.09338419923012503,0.0,20.026469677185688,2.498092735633236,64.76527470028704,19.848256995259025,16.59543249457502,382.06936364003633,1841.5463166849554,915.408330100635,0.4970867807161646,885.3753683140793,0.06810112189098919,298.2829138825326,0,2,0,0,0.0,559,90.0,0.29828291388253264,174.6608247081083,114948.2107006994,785.556228874236,500000.0,0.4618159686149572,0,0,0.0,18,E2,2,inhouse
53.635114644314434,154.67252946326371,40.04354434867835,119.31229778026959,59.53253208071851,97.08185535530244,,,,,21.200253458983774,73.61159448215354,12.0370901580329,39.6533853171236,46.1338530149409,154.67252946326371,0.4117647058823529,0.6818181818181818,37728.11627304937,538786.9281851918,518028.0984419523,580,0.9614711704065243,20758.82974323951,0.03852882959347574,0.0,24.256074458774393,2.399949276141683,84.43524903977541,22.215252220126143,53.635114644314434,439.76477483332945,2040.0945920440618,1013.3965862336572,0.49673999930478224,973.0703876323666,0.0671595740786855,294.1589344646425,1,1,0,0,0.0,580,90.0,0.29415893446464253,174.30359319511425,114547.5969264303,788.2675966782373,500000.0,0.44972282215762793,0,0,0.0,19,E2,2,inhouse
28.881909135082722,51.80925961015936,29.87694584132762,50.53155926728202,19.14205047053281,32.67116817759832,,,,,24.536499098984024,75.71778622287121,45.02989417196517,98.74083992004444,26.809832878243387,51.80925961015936,0.5769230769230769,0.8484848484848485,42968.20466135957,544212.79875335,509395.0371466205,549,0.936021788376738,34817.76160672959,0.06397821162326212,0.0,25.368536109113492,6.026536802266492,76.18750342997244,24.620042331554533,28.881909135082722,476.06396338562945,1726.0592745136253,855.6172842480122,0.4957056208218057,815.8678171995493,0.06847059418184513,299.9012025164817,2,2,0,0,0.0,549,90.0,0.29990120251648167,177.26890648234806,119859.74857441113,753.3796981599427,500000.0,0.4751730862868462,0,0,0.0,20,E2,2,inhouse
22.6891713398601,95.89878105808711,33.86091456010054,90.21443195320882,49.37945625112707,49.37945625112707,,,,,18.84255439103463,49.72630514115529,9.769434907611412,25.28983237788634,36.447338175271625,95.89878105808711,0.7894736842105263,0.76,17327.275816339392,518024.1647502009,505660.53642222023,531,0.976133105037788,12363.628327980688,0.023866894962212077,0.0,19.076595272075245,2.09122761285289,54.352216207711535,18.856868682949475,22.6891713398601,356.30955665257807,1642.4761809812458,813.9469696609011,0.4955608970686163,783.010681131808,0.06511353247920894,285.19727225893513,1,2,0,0,0.0,531,90.0,0.28519727225893515,178.54902799231286,121152.11967308616,745.2217717352553,500000.0,0.3800135689995705,0,0,0.0,21,E2,2,inhouse
26.84018919716056,78.97716742975535,32.033085185521756,74.28793729182398,27.662223472630824,78.88237260356163,,,,,22.833366767435923,78.6984808159492,19.42689135301018,53.141643843847675,29.648978796672157,78.97716742975535,0.7272727272727273,0.6818181818181818,19226.136203616657,520041.7500651535,508183.0486494436,531,0.9771966358196738,11858.701415709893,0.02280336418032624,0.0,22.99982345353524,1.8627128105390511,78.64707125849873,22.87179694075226,26.84018919716056,428.0339766455799,1647.9766268154656,816.1984092521767,0.4952730493692685,788.055279531331,0.0800846652275708,350.77083369676006,3,4,0,0,0.0,531,90.0,0.35077083369676004,177.79178403099942,120019.31149105451,752.8019425476452,500000.0,0.476737587274368,0,0,0.0,22,E2,2,inhouse
27.450602713800926,66.4583035562584,30.21139714174977,69.91835781741047,37.46907391582335,99.06340497881615,,,,,21.674320022329127,71.10698786848494,12.354235270836098,24.5086481983977,32.104704126290706,66.4583035562584,0.5641025641025641,0.7258064516129032,44840.47463850063,545940.8138001754,517923.8996440332,577,0.9486814074933827,28016.914156142127,0.051318592506617106,0.0,22.238223987816337,2.7251226304724696,69.41859647500259,22.06232486606985,27.450602713800926,437.69104622284436,2005.5805820405058,992.258468703478,0.49474874138138114,962.6985332151644,0.06343327556924386,277.8377469932881,3,0,0,0,0.0,577,90.0,0.2778377469932881,174.3071478436134,115309.92023976383,782.9147532083853,500000.0,0.42818784348767824,0,0,0.0,23,E2,2,inhouse
57.08473275098095,111.51564163260373,32.35797567544523,62.969163653809574,51.41684374631489,113.21001477111022,,,,,23.610969781815726,83.33964094305827,10.93240203521868,21.4470897282994,44.48634626599865,111.51564163260373,0.3684210526315789,0.43333333333333335,34421.87232108315,535140.8176419535,510340.5382400636,539,0.9536565356551011,24800.2794018899,0.046343464344898874,0.0,25.005262041594534,2.09122761285289,87.46524814174079,24.177539415519384,57.08473275098095,471.8980490747787,1699.1690095744148,845.5361466601433,0.4976174482324875,810.5687122994342,0.061609061594789544,269.8476897851782,2,1,0,0,0.0,539,90.0,0.2698476897851782,176.8815936141102,118536.40040019322,761.5369404252472,500000.0,0.4688555667444596,0,0,0.0,24,E2,2,inhouse
2.2306533367004704,2.2306533367004704,,,,,,,,,23.59482802480532,79.13723853595756,,,,2.2306533367004704,1.0,1.0,209.99028817615883,500209.99028817617,500209.99028817617,501,1.0,0.0,0.0,0.0,23.55218496155561,2.2102710164526798,78.97304242189557,23.58585925311642,2.2306533367004704,451.42980697645515,1462.8264086170932,730.9062723055913,0.49965345717033194,706.5527858333606,0.05509870424112101,241.33232457611004,1,1,0,0,0.0,501,90.0,0.24133232457611004,180.4068972564645,123645.70513722283,729.8379852694898,500000.0,0.0,0,0,0.0,25,E2,2,inhouse
46.10389313440758,60.85425260910597,51.578864612225594,120.65608629767803,71.7911563349286,204.2460737145746,,,,,26.19058740993729,77.52480929472769,13.154325799212074,33.75366251059878,62.46240630906568,60.85425260910597,0.36363636363636365,0.75,8275.236379187336,508449.34756596206,508449.34756596206,528,1.0,0.0,0.0,0.0,27.39974453534438,2.9879047424619785,78.31114092663204,26.85945162581557,46.10389313440758,521.5691086945498,1631.1617593176513,811.3295153458209,0.49739365866768287,784.5975293401247,0.06763083016887912,296.2230361396906,3,2,0,0,0.0,528,90.0,0.29622303613969053,177.59138342571165,119356.2828891878,756.5267688503009,500000.0,0.4729417184458389,0,0,0.0,26,E2,2,inhouse
21.032148364473812,45.18588124633316,8.6404726093347,17.106940897338603,22.058096302808508,42.08791326751066,,,,,20.89263713601553,64.75389857858262,17.829544655053624,46.51120004118355,13.113013840492636,45.18588124633316,0.5714285714285714,0.9615384615384616,12370.949722949961,513597.1255335828,509898.3979783728,534,0.9927983873520178,3698.7275552100086,0.007201612647982311,0.0,20.67558271242835,2.103481705609042,62.10901750188185,20.881468929723003,21.032148364473812,400.38027931886427,1691.3563228506175,843.3464965045098,0.4986214230027714,813.6390740714452,0.0627212959996186,274.7192764783295,3,1,0,0,0.0,534,90.0,0.2747192764783295,177.04452423148683,118728.32114835206,760.3469703212538,500000.0,0.4826840815122162,0,0,0.0,27,E2,2,inhouse
37.331787755213135,88.07892026791941,8.837701292435,16.791252942454904,5.312275774284292,9.105931952406719,,,,,23.045628962706303,84.2376819895149,16.856579472012008,46.92432260433107,7.876221605666625,88.07892026791941,0.6666666666666666,0.8260869565217391,26590.43369586375,527415.1934686946,506024.64855673007,530,0.9594426835311975,21390.54491196444,0.040557316468802306,0.0,22.972510242230424,1.8402372329531431,84.2376819895149,22.979411355233765,37.331787755213135,432.8038069044486,1657.2834975171984,820.6587737472677,0.49518309629988416,797.1875720664796,0.07421075438049535,325.0431041865696,3,3,0,0,0.0,530,90.0,0.3250431041865696,178.49929516637033,120502.36903897053,749.5706833363203,500000.0,0.482083368153875,0,0,0.0,28,E2,2,inhouse
17.46350373766465,35.07923367359581,19.79286822952609,33.86064172783881,24.624902071881515,42.22875651212735,,,,,24.83397982455871,84.42392424772233,7.95095311079521,24.881241486403084,21.882396377571677,35.07923367359581,0.6923076923076923,0.9523809523809523,77164.28456252046,580756.8195154486,527046.693872367,582,0.9075170125632027,53710.12564308145,0.09248298743679705,0.0,23.765906846278174,2.937005796789663,76.20716626052216,24.45671696864605,17.46350373766465,480.25554976158156,2013.7806154872499,987.755090742783,0.490497864139877,958.5865384276764,0.08582706312504164,375.92253648768235,6,3,0,0,0.0,582,90.0,0.37592253648768237,171.47612078252348,110974.07081151704,814.3877382851522,500000.0,0.46661500920028964,0,0,0.0,29,E2,2,inhouse
9.032616199621122,36.707984816195875,9.135533691227282,16.11170141813585,28.501350080983286,50.02474669524331,,,,,12.367885233281179,49.48739410496046,8.742535009267757,27.172391848795996,14.514927132826172,36.707984816195875,0.875,0.9047619047619048,13968.57625752051,515078.73700219905,513436.5111023698,553,0.9968116992959424,1642.2258998292493,0.0031883007040576753,0.0,12.220907737656985,1.76912734634152,48.10752108862353,12.408146706315133,9.032616199621122,226.35311317153773,1829.302308420746,913.0965601903796,0.49915017107186865,869.7455978828892,0.05937838305183669,260.0773177670447,3,0,0,0,0.0,553,90.0,0.2600773177670447,175.79598522118118,117263.97840589129,769.716997024829,500000.0,0.0492962730913058,0,0,0.0,0,E2,2,pooled_greedy
2.8579270986732883,5.200470423720253,3.900228655170764,4.488202065842842,2.4813527090134357,2.4813527090134357,,,,,11.610967002707167,43.98243956807859,2.7082705748762237,4.326040633754201,3.697532091434003,5.200470423720253,1.0,1.0,22776.714596747763,523156.8520526396,503367.36895465193,526,0.9621729448437073,18789.483097987624,0.03591558253373893,1000.0,11.171417335257404,1.76912734634152,42.37537566240388,11.535831839254055,2.8579270986732883,196.51382671396328,1647.9926861501624,824.807798257159,0.5004923900384373,793.7333117882964,0.06645708916679188,291.08205055054844,2,2,0,0,0.0,526,90.0,0.2910820505505484,179.37412637227345,121806.9380006893,741.2638683195499,500000.0,0.17690675391649213,0,0,0.0,1,E2,2,pooled_greedy
27.617918762193582,104.0867189808133,4.596402565981208,7.976437821135823,21.567153992979986,57.79198077048795,,,,,11.742577228643638,42.512432129682466,17.875436597934094,60.633928094344164,11.869581748980684,104.0867189808133,0.7727272727272727,0.8333333333333334,29310.196036041838,530894.1092591553,511928.95770149544,546,0.9642769598929528,18965.151557659832,0.03572304010704706,0.0,12.497822962555217,1.76912734634152,45.68599888621111,12.130740431430008,27.617918762193582,216.58774967937296,1790.1442962329556,892.9132508541188,0.49879400936175816,859.8568752348996,0.0680552220724888,298.08187267750094,1,2,0,0,0.0,546,90.0,0.2980818726775009,176.38791577273912,117727.97310668915,767.0061710044585,500000.0,0.18824762794428396,0,0,0.0,2,E2,2,pooled_greedy
4.658680595631593,9.857292803449855,5.6897590926398784,11.793096722596605,31.555611867120206,99.9651541388489,,,,,12.374280761232555,50.714616917419555,8.411679185209133,4.240169085625985,14.742807563707993,9.857292803449855,0.9565217391304348,0.9534883720930233,28096.063942230638,529506.0597141038,513879.2975357269,555,0.9704880390097627,15626.76217837676,0.02951196099023705,0.0,12.054209614076528,1.76912734634152,46.67228776997677,12.601789203468254,4.658680595631593,222.33066982504775,1876.3144350142597,932.6650520902309,0.49707289710380703,903.3723617959606,0.0725800238878636,317.90050462884255,3,2,0,0,0.0,555,90.0,0.31790050462884256,175.75703270737344,116411.0502843381,775.853325642404,500000.0,0.0700146596260276,0,0,0.0,3,E2,2,pooled_greedy
5.808941213621539,6.923493511359997,3.8324042188150997,5.3879486001847905,3.2205441106566974,3.8294498539036805,,,,,12.028710756955899,44.760376778856674,2.6382169372780595,3.0999254370789457,3.508478279201828,6.923493511359997,0.9444444444444444,0.9714285714285714,32491.15341102122,534209.4492904893,514996.84629887406,547,0.964035448985164,19212.602991615313,0.03596455101483612,0.0,11.353234102955952,1.7691273463416337,37.966885657403324,11.786279109398802,5.808941213621539,214.38005964522992,1776.489659016582,886.5885873623268,0.499067688270766,851.288604792329,0.05705052608427935,249.88130424914357,2,0,0,0,0.0,547,90.0,0.24988130424914357,175.24356110692256,115854.91092323684,778.9905545225175,500000.0,0.0787459925340217,0,0,0.0,4,E2,2,pooled_greedy
10.217492568338697,36.43312877711853,25.537773241791424,79.59977383676352,33.318480534678294,74.24711934199486,,,,,11.836627335697973,50.051901184140426,7.987388222748246,4.759138483040988,28.779734613827618,36.43312877711853,0.8518518518518519,0.8431372549019608,43452.69323580841,545967.1247273687,520985.4627643918,566,0.9542432852977153,24981.66196297697,0.04575671470228484,0.0,12.375813465136426,1.76912734634152,52.92156908312245,12.131847661290056,10.217492568338697,225.3847142790706,1893.1534855539148,939.5555756790653,0.49629128480523715,902.5729519105016,0.05824935990177789,255.13219636978715,1,0,0,0,0.0,566,90.0,0.2551321963697872,173.23925262226822,113765.29904029756,793.3450090470901,500000.0,0.07277638052355417,0,0,0.0,5,E2,2,pooled_greedy
6.37599376287069,16.149763538195575,17.023028446779826,41.1310116054572,19.869944218803766,50.171224463167164,,,,,13.590503304383967,54.50019872048938,8.494694720856073,32.28395640629763,17.922054480050544,16.149763538195575,0.9285714285714286,0.9787234042553191,31608.77227884693,533346.8920584851,513636.09011674643,560,0.9630431858978993,19710.80194173866,0.03695681410210081,0.0,13.258445614365092,1.7691273463417474,46.271570088800196,13.54497032177518,6.37599376287069,252.66067556498206,1868.62048456213,933.0047468785737,0.4993013587225031,891.46103761518,0.05763557862626936,252.4438343830598,1,0,0,0,0.0,560,90.0,0.2524438343830598,175.7128160793164,117117.61674067567,770.6137329811103,500000.0,0.05395812273793288,0,0,0.0,6,E2,2,pooled_greedy
8.070924390275465,17.43374341149439,26.584957878384248,98.8832067735093,3.8093362791927317,5.564723246147471,,,,,11.966576841609681,47.54396626031508,9.65406628367704,37.297232224964254,17.267658133260444,17.43374341149439,0.972972972972973,0.9322033898305084,40773.60461111535,544565.4292464787,522462.1533310679,579,0.9594111658061082,22103.275915410803,0.040588834193891726,0.0,11.839175177634376,1.7691273463416337,45.384536651675745,11.73534187194181,8.070924390275465,212.89029679929183,1968.8213967093382,980.1127636552739,0.4978170012238902,944.562815080059,0.06623128809762374,290.093041867592,1,1,0,0,0.0,579,90.0,0.29009304186759194,172.81652358205093,113113.98405583923,798.2221985682644,500000.0,0.055933868104508955,0,0,0.0,7,E2,2,pooled_greedy
15.132604060801034,61.764235392602046,20.676861442824077,72.86053603380114,8.636851649280961,27.534313115037794,,,,,14.352175574394114,52.26224357822805,3.307201981732201,8.985224107645129,13.987967113077902,61.764235392602046,0.76,0.8604651162790697,38363.5914215517,540361.5398106,516896.82197565195,555,0.9565758920533601,23464.717834948005,0.04342410794663982,0.0,14.136707604564451,1.7691273463416337,52.76192978366437,14.197136415331167,15.132604060801034,258.36431127061184,1799.5896679965738,896.1868178817988,0.49799508955810756,857.8463947141144,0.07121894236196787,311.93896754541925,3,2,0,0,0.0,555,90.0,0.3119389675454192,174.71947036230665,115245.05966441838,783.6512838860458,500000.0,0.13110361785977354,0,0,0.0,8,E2,2,pooled_greedy
37.5333648617763,146.43218859507752,25.31593246218937,71.13093758684485,30.984076511416674,107.08318567503682,,,,,12.910924488230574,41.10696935104266,3.229330626906574,4.197710652807018,27.495987865738336,146.43218859507752,0.6052631578947368,0.7662337662337663,47374.080402398526,549233.9420670121,524728.4101287095,597,0.9553823424567001,24505.5319383026,0.04461765754329997,0.0,15.106633581515432,1.7691273463419748,51.27449848905889,13.6289552107386,37.5333648617763,253.00539959410509,2117.0643951065636,1056.087932482653,0.4988454460448731,1001.3663732211138,0.07168349286146992,313.9736987332383,3,1,0,0,0.0,597,90.0,0.31397369873323827,172.1156544136429,112465.40968853628,803.0377868968812,500000.0,0.04009715621238685,0,0,0.0,9,E2,2,pooled_greedy
2.8207392509050675,4.118697373157147,5.21024468348881,8.719452950038134,2.632484298081772,3.16788427168035,,,,,11.376890075886866,43.339551678365076,3.256036258550517,4.940958680223414,4.21879838140918,4.118697373157147,1.0,1.0,13819.243346008723,516203.98819530365,511090.3136250189,536,0.99009369418442,5113.674570284756,0.009906305815580057,0.0,10.843440471532423,1.76912734634152,41.4426347302533,11.192496530486322,2.8207392509050675,202.44835409729714,1699.2119238030057,845.6974065869722,0.4976997834938782,816.2255182312008,0.052711025256596766,230.87429062389384,0,0,0,0,0.0,536,90.0,0.23087429062389384,176.54585087054738,117818.7396260082,765.8448441822038,500000.0,0.05415135140409144,0,0,0.0,10,E2,2,pooled_greedy
21.88725281022003,77.29586855843556,22.394544041263543,56.44806287329303,13.43367613785922,15.640840676486356,,,,,12.343857613728906,47.409973441182785,3.1660614469341226,5.179730391183057,15.993924110260455,77.29586855843556,0.75,0.7941176470588235,26006.043708159235,527294.9549528928,513448.71797975095,540,0.9737410023686289,13846.236973142,0.026258997631371208,0.0,12.689972535729822,1.76912734634152,48.298061906381974,12.368854125770529,21.88725281022003,223.03046251266147,1712.883444227164,853.8409500612364,0.49848164096564135,827.0423826401399,0.060642629585629854,265.61471758505877,1,1,0,0,0.0,540,90.0,0.2656147175850588,175.80259051527108,116851.75280600229,772.4797664562582,500000.0,0.12559439077835943,0,0,0.0,11,E2,2,pooled_greedy
23.905108306794773,54.28745639562515,28.36635694315271,61.70282845106101,,,,,,,14.141349878525402,55.35580482861117,10.28110706614338,23.10717588821235,28.36635694315271,54.28745639562515,0.8571428571428571,0.8461538461538461,3605.0987133016765,503977.3460501888,502005.57446068624,520,0.9960875789260055,1971.7715895025638,0.003912421073994473,0.0,14.384954977946506,1.76912734634152,55.35580482861117,14.16676667438148,23.905108306794773,251.47424586579933,1588.1330991232649,792.269981908096,0.4988687549837427,761.3695782398117,0.06384219116711816,279.6287973119775,1,2,0,0,0.0,520,90.0,0.2796287973119775,179.83790099203785,122812.31612265907,735.1024037942985,500000.0,0.07153208140673062,0,0,0.0,12,E2,2,pooled_greedy
2.980564038403511,3.944532357594653,4.247170702153549,6.123608584357325,2.7786735940524827,2.896796069591437,,,,,11.15464687847942,40.291847581384886,1.786158674066678,1.9585423353671103,3.6964842866156493,3.944532357594653,1.0,1.0,6216.486291594783,506496.9548278934,504793.2405301338,521,0.996636279287526,1703.7142977596666,0.0033637207124741454,0.0,10.82470368370479,1.76912734634152,39.53559064761885,11.075968095662605,2.980564038403511,187.88566108654896,1587.0903533458632,792.5177512301045,0.4993526358214823,763.0762742371812,0.06390049030775254,279.8841475479561,1,2,0,0,0.0,521,90.0,0.2798841475479561,178.84527148726485,121040.41189872989,745.8656388502862,500000.0,0.023415367949475074,0,0,0.0,13,E2,2,pooled_greedy
28.863605809490583,72.58728532437276,33.81015572678009,82.12951313518961,13.280773350117622,21.201536162563027,,,,,13.338370684199722,51.105691433448854,6.219962226622647,14.68929171718027,22.079080082972965,72.58728532437276,0.6206896551724138,0.78,58929.484502104126,560140.4496017806,517783.5713934028,560,0.9243816827752923,42356.87820837791,0.07561831722470781,0.0,14.343018240328119,1.7691273463416337,58.36684646629474,13.615272873704832,28.863605809490583,256.21493496966633,1844.5844813087888,918.7344102400776,0.4980712022407386,879.0993986907033,0.05726154850723621,250.8055824616946,1,0,0,0,0.0,560,90.0,0.2508055824616946,174.30218061880285,115088.05158965997,784.1891867649816,500000.0,0.03853193073312866,0,0,0.0,14,E2,2,pooled_greedy
33.05925077442064,111.97744940979159,26.23829595532992,90.5542725670623,11.964457747953793,15.906498794649421,,,,,11.291749633076549,41.56640097321882,13.947341571348327,35.893293928064026,21.633832017466652,111.97744940979159,0.6764705882352942,0.7538461538461538,64862.71277757866,567366.0824720417,520636.93454654457,589,0.9176384536031904,46729.14792549708,0.08236154639680945,0.0,13.200805319392872,1.7691273463417474,51.98410504517568,11.772390444925996,33.05925077442064,211.08139595938997,2105.4828021994363,1044.2606957065111,0.49597208517478847,1007.483682137952,0.0788112616076835,345.1933258416537,4,2,0,0,0.0,589,90.0,0.3451933258416537,173.52820618561947,113522.65817161152,795.8340192251961,500000.0,0.05810939823412009,0,0,0.0,15,E2,2,pooled_greedy
24.682930660829353,93.7936732144086,34.727282137261994,94.14344513888773,94.9586566975704,95.77939933935413,,,,,12.767622443311003,50.50938735224282,5.414218678124826,8.114537405946294,49.7851257773391,93.7936732144086,0.7222222222222222,0.6923076923076923,8440.199489225186,508637.27469418704,505608.3384171269,528,0.9940449974318512,3028.9362770600983,0.005955002568148815,0.0,13.706843593040517,1.76912734634152,54.53647904184409,13.091843001393865,24.682930660829353,233.01261639004252,1621.6815550827873,811.4133165397249,0.5003530526671754,775.3509462518042,0.06273498144881008,274.77921874578817,4,1,0,0,0.0,528,90.0,0.27477921874578815,178.5468560533689,121357.891989505,743.872341046866,500000.0,0.1065210397599603,0,0,0.0,16,E2,2,pooled_greedy
3.869460754318565,7.963583733891755,3.173551930893804,4.4620168339897655,2.6897222239946736,2.850506924428373,,,,,12.481902685793244,55.02538264575509,14.561458613012592,50.27220641205167,3.028403018824065,7.963583733891755,1.0,1.0,10188.61735102234,511539.3687118152,507973.85321785416,536,0.9930298316961608,3565.515493961031,0.006970168303839245,0.0,12.107189046908172,1.76912734634152,52.56483373564083,12.343072101396679,3.869460754318565,219.27302698352648,1664.360190239932,828.5624016119083,0.49782637584744427,791.452441449208,0.06090927695447733,266.7826330606107,2,1,0,0,0.0,536,90.0,0.2667826330606107,177.6996632036256,119751.2266236818,753.7858707428857,500000.0,0.011553236973182779,0,0,0.0,17,E2,2,pooled_greedy
7.438846377638583,27.39545412455118,7.411269983041348,10.255283493169543,2.554696943472581,2.742715892466549,,,,,12.90367108084847,52.34299861652991,27.58056249014108,99.47938979364808,4.867350771838661,27.39545412455118,0.8571428571428571,1.0,68261.72443658626,570243.9701911092,516992.19366900536,559,0.9066158007698752,53251.776522104024,0.09338419923012503,0.0,12.84281796582407,1.7691273463416337,51.447319095022614,12.648661974307776,7.438846377638583,221.47106048043153,1846.7553480871345,920.6173615028137,0.4985053176948356,887.2636374765402,0.07558623622676804,331.067714673244,1,3,0,0,0.0,559,90.0,0.331067714673244,174.72423920680325,114989.94520624548,785.556228874236,500000.0,0.10741587498841398,0,0,0.0,18,E2,2,pooled_greedy
37.37518956372552,132.4359891882601,22.558311631568145,105.67740214593863,27.298386332641023,90.27594522594707,,,,,11.746140222978829,39.97493556954334,4.937270595551817,13.595717623150318,24.03958497565342,132.4359891882601,0.7058823529411765,0.7727272727272727,37728.11627304937,538786.9281851918,518028.0984419523,580,0.9614711704065243,20758.82974323951,0.03852882959347574,0.0,13.762439765887443,1.7691273463417474,50.82688031618768,12.307795961384793,37.37518956372552,226.32033698941476,2048.3165091574706,1021.6185033470655,0.49876007871814965,976.1294987114325,0.06859181717134233,300.43215921047937,2,1,0,0,0.0,580,90.0,0.30043215921047933,174.3157030107105,114555.55516900205,788.2675966782373,500000.0,0.11839184350788545,0,0,0.0,19,E2,2,pooled_greedy
8.721775901441145,27.918996087040114,5.02540202750663,8.097281602126486,5.1741477360499175,5.924672018963565,,,,,11.419196627041543,39.910613766706575,25.16932692854138,93.00693824540303,5.06790080137614,27.918996087040114,0.8461538461538461,0.9696969696969697,42968.20466135957,544212.79875335,509395.0371466205,549,0.936021788376738,34817.76160672959,0.06397821162326212,0.0,11.611200406966367,1.76912734634152,40.235335415017616,11.437005392592875,8.721775901441145,196.24631321274293,1735.8521559334108,865.4101656677974,0.49855061832869335,820.1834273713013,0.06857813868668433,300.37224744767735,2,2,0,0,0.0,549,90.0,0.3003722474476774,177.269831196758,119860.37381681195,753.3796981599427,500000.0,0.12174685436451571,0,0,0.0,20,E2,2,pooled_greedy
12.316298137124512,22.58944006626146,5.035189320707104,6.541107324450513,2.016862097736521,2.016862097736521,,,,,12.42637731072343,45.84097216349544,2.4584147695357905,4.499741436072145,4.532134783545341,22.58944006626146,0.8947368421052632,0.92,17327.275816339392,518061.32261078747,505697.6942828068,532,0.9761348168867853,12363.628327980688,0.023865183113214797,0.0,12.202255699351698,1.76912734634152,44.24558702377736,12.358430526852063,12.316298137124512,219.73054139440043,1669.7948855943685,833.5885018080662,0.4992161067204059,797.1269600292154,0.05948661978058075,260.5513946389437,1,1,0,0,0.0,532,90.0,0.26055139463894367,178.48717210911693,121072.70175602363,745.5070390394446,500000.0,0.15073102732132293,0,0,0.0,21,E2,2,pooled_greedy
22.172904456464742,74.18638026075223,31.300915631837643,74.29563495261627,27.787910755679302,79.08741203480167,,,,,11.30595455236018,41.18244951241801,9.482341683766057,16.103859520128946,29.384731153933092,74.18638026075223,0.7272727272727273,0.6818181818181818,19226.136203616657,520041.7500651535,508183.0486494436,531,0.9771966358196738,11858.701415709893,0.02280336418032624,0.0,11.874674845665464,1.76912734634152,48.40249354789944,11.50155936200645,22.172904456464742,186.23351863561177,1656.1845943829996,824.4063768197103,0.49777445075609905,791.3155788549519,0.08153611417466299,357.12818008502387,4,4,0,0,0.0,531,90.0,0.35712818008502384,177.80429398465722,120027.75640336008,752.8019425476452,500000.0,0.2371679550800636,0,0,0.0,22,E2,2,pooled_greedy
14.499080891868138,36.52460760738523,12.474491097331905,39.24321323956283,31.18014016684043,83.50996021400442,,,,,12.360750656770856,43.011895325051874,4.000269774570268,4.620158335543965,17.354225637203694,36.52460760738523,0.717948717948718,0.967741935483871,44840.47463850063,545940.8138001754,517923.8996440332,577,0.9486814074933827,28016.914156142127,0.051318592506617106,0.0,12.486985648947183,1.7691273463416337,40.16881530234641,12.678431918980685,14.499080891868138,235.6478581590519,2020.6400827775344,1007.3179694405054,0.49851429654699553,968.6419407642552,0.06218716784594462,272.37979516523745,2,0,0,0,0.0,577,90.0,0.27237979516523747,174.29660970889555,115302.94891650586,782.9147532083853,500000.0,0.05889150977439295,0,0,0.0,23,E2,2,pooled_greedy
31.39481857832361,68.6386119990544,31.635208508715777,59.862322521561694,28.8903987015047,64.40957458031444,,,,,11.176483488065347,41.36581971306197,3.8990428486129836,7.125560726235201,29.888511358672364,68.6386119990544,0.5263157894736842,0.5333333333333333,34421.87232108315,535140.8176419535,510340.5382400636,539,0.9536565356551011,24800.2794018899,0.046343464344898874,0.0,12.149551591101549,1.76912734634152,51.92841470429121,11.590890845638805,31.39481857832361,204.24152047797782,1706.768494991395,853.1356320771239,0.49985433559425124,814.160716507093,0.061686984285820944,270.18899117189574,2,1,0,0,0.0,539,90.0,0.27018899117189576,176.8822623859618,118536.84857462652,761.5369404252472,500000.0,0.10157440022132613,0,0,0.0,24,E2,2,pooled_greedy
2.2306533367004704,2.2306533367004704,,,,,,,,,12.473893545959884,46.20786273774581,,,,2.2306533367004704,1.0,1.0,209.99028817615883,500209.99028817617,500209.99028817617,501,1.0,0.0,0.0,0.0,12.453447956719845,1.76912734634152,45.75120569052706,12.469593390015056,2.2306533367004704,219.74012555446086,1463.3779519064196,731.4578155949168,0.4998420364622879,706.745825984625,0.0551035623863917,241.35360325239563,1,1,0,0,0.0,501,90.0,0.24135360325239563,180.40693979595133,123645.73429256513,729.8379852694898,500000.0,0.07255732071338383,0,0,0.0,25,E2,2,pooled_greedy
26.588585100327485,63.79143499323618,15.87335790952678,37.52657618001149,17.737738861612602,54.51222540279632,,,,,12.192272172402525,44.57723422851869,5.299277009328307,11.759525898924224,16.8772553452653,63.79143499323618,0.6363636363636364,0.7083333333333334,8275.236379187336,508449.34756596206,508449.34756596206,528,1.0,0.0,0.0,0.0,12.555325662558005,1.76912734634152,51.11854199508135,12.364063311945127,26.588585100327485,224.30915119092208,1638.1913606709531,818.359116699122,0.4995503799775547,787.681245519319,0.05420169198844436,237.40341090938628,2,0,0,0,0.0,528,90.0,0.2374034109093863,177.47569908957888,119278.53332677679,756.526768850301,500000.0,0.024408150277318574,0,0,0.0,26,E2,2,pooled_greedy
11.774090613914339,27.211473554700117,6.784857198154931,13.31044842932533,8.093364147941998,16.036416121883395,,,,,12.74492658464489,46.84886501031781,19.773984957847233,48.38619906690923,7.221026181417287,27.211473554700117,0.7142857142857143,1.0,12370.949722949961,513597.1255335828,509898.3979783728,534,0.9927983873520178,3698.7275552100086,0.007201612647982311,0.0,12.700645608159235,1.76912734634152,42.81056241362582,12.703657204614736,11.774090613914339,225.67764907256597,1687.1672644068349,839.1574380607263,0.4973765528551508,811.6960696063053,0.06404283182856986,280.507603409136,4,1,0,0,0.0,534,90.0,0.280507603409136,177.05587615366142,118735.93389247645,760.3469703212538,500000.0,0.12013049698131817,0,0,0.0,27,E2,2,pooled_greedy
25.595735549125738,65.04692472369479,9.82036910192177,19.194682657471585,3.2520035096581523,4.197042273411808,,,,,12.070328804057194,49.829399329612734,2.429545120420763,3.5493345036889883,8.028996667668055,65.04692472369479,0.6666666666666666,0.782608695652174,26590.43369586375,527415.1934686946,506024.64855673007,530,0.9594426835311975,21390.54491196444,0.040557316468802306,0.0,12.165356618500754,1.76912734634152,52.087636324844645,12.07505218627387,25.595735549125738,203.82295154692085,1667.7782778319686,831.1535540620374,0.4983597430843727,801.7409714475533,0.07295442963206895,319.540401788462,2,3,0,0,0.0,530,90.0,0.319540401788462,178.48842079016393,120495.02790020876,749.5706833363203,500000.0,0.11603196671995697,0,0,0.0,28,E2,2,pooled_greedy
12.34911114503612,23.395453093647802,11.736351048962902,24.02692492810911,8.542861937861442,18.027687086728974,,,,,12.668934901470784,54.37994756699409,4.267263923746441,4.2420612228640495,10.355382784702812,23.395453093647802,0.9230769230769231,1.0,77164.28456252046,580756.8195154486,527046.693872367,582,0.9075170125632027,53710.12564308145,0.09248298743679705,0.0,12.23328439534625,1.7691273463416906,38.87423335961474,12.50055522465921,12.34911114503612,223.95225241663533,2038.4772649202168,1012.4517401757507,0.49667060682934655,969.5715573675045,0.07730273147474714,338.5859638593925,4,2,0,0,0.0,582,90.0,0.3385859638593925,171.40527967287915,110928.22462440854,814.3877382851522,500000.0,0.16175422910866377,0,0,0.0,29,E2,2,pooled_greedy
10.24002749079814,37.21651133419505,13.376620998773022,47.92673989600051,29.4124807753249,50.453496172304334,,,,,13.030036084233393,51.92751784980752,9.895322889876184,31.595576538690693,17.831026492259653,37.21651133419505,0.875,0.8809523809523809,13968.57625752051,515078.73700219905,513436.5111023698,553,0.9968116992959424,1642.2258998292493,0.0031883007040576753,0.0,13.002867505506623,2.379025010037367,51.28262873667247,13.072054131749221,10.24002749079814,240.48437708400752,1832.5192881341702,916.3135399038042,0.5000294107882346,870.7238610258075,0.05940317949289796,260.18592617889306,3,0,0,0,0.0,553,90.0,0.260185926178893,175.7961967534924,117264.11950763683,769.716997024829,500000.0,0.057122274387091165,0,0,0.0,0,E2,2,central_assign
3.1737882737126974,4.72950437600216,5.846087095772674,9.41146814051774,3.1657757999739715,3.1657757999739715,,,,,12.370985702292327,46.68166955836676,2.9763819164356393,4.445913429972279,5.4631854820871455,4.72950437600216,1.0,1.0,22776.714596747763,523156.8520526396,503367.36895465193,526,0.9621729448437073,18789.483097987624,0.03591558253373893,1000.0,11.927476991456938,2.330912171985574,43.24704030670915,12.293140381598308,3.1737882737126974,213.32876209438484,1649.245466339827,826.0605784468237,0.500871820057266,794.1225582690856,0.06509708111864322,285.1252152996573,1,2,0,0,0.0,526,90.0,0.2851252152996573,179.3622924004702,121798.90194833942,741.2638683195499,500000.0,0.19614436916767142,0,0,0.0,1,E2,2,central_assign
29.962634929140293,111.87557274910014,6.486054673654849,13.632302465480551,22.822324517375893,60.16375842085199,,,,,12.944448597373826,47.25914474648917,18.40967369279756,59.56106542216884,13.487313178106726,111.87557274910014,0.7727272727272727,0.8333333333333334,29310.196036041838,530894.1092591553,511928.95770149544,546,0.9642769598929528,18965.151557659832,0.03572304010704706,0.0,13.744178367306722,2.3812833191727805,51.38524249425029,13.34625739589265,29.962634929140293,238.69110094139094,1785.022786184429,887.7917408055922,0.4973559708463382,857.5045257899135,0.06799669255858583,297.8255134066059,1,2,0,0,0.0,546,90.0,0.2978255134066059,176.3874150015539,117727.63887304072,767.0061710044585,500000.0,0.19800768378086953,0,0,0.0,2,E2,2,central_assign
3.658998732042352,5.325545913973565,5.823443357525933,6.939527968505536,36.09727699830455,103.15883151221442,,,,,13.424273324932912,52.7193218310151,8.90562091501179,5.095813880314927,16.41928513179845,5.325545913973565,1.0,0.9534883720930233,28096.063942230638,529506.0597141038,513879.2975357269,555,0.9704880390097627,15626.76217837676,0.02951196099023705,0.0,13.029814030485658,2.3697328558164372,49.35341304613809,13.696087360010525,3.658998732042352,240.12873821230195,1874.7993163235415,931.1499333995122,0.4966664566666718,902.7928436686159,0.07857348098387057,344.1518467093531,3,3,0,0,0.0,555,90.0,0.3441518467093531,175.8081173535275,116444.88572876155,775.853325642404,500000.0,0.03570153982622837,0,0,0.0,3,E2,2,central_assign
6.372767005431671,5.749749563540359,5.028669938357211,7.100065840595925,3.2665166550579112,3.6278939377654753,,,,,12.936591360484439,48.08189414936679,2.9524921473649215,3.761456290079741,4.095765258963464,5.749749563540359,0.9444444444444444,0.9714285714285714,32491.15341102122,534209.4492904893,514996.84629887406,547,0.964035448985164,19212.602991615313,0.03596455101483612,0.0,12.226806949745425,2.4185571369971512,40.693786423483566,12.679144179410716,6.372767005431671,229.13424247778215,1776.3399654055684,886.4388937513131,0.4990254742981725,851.2854386140676,0.06311819562844896,276.45769685260643,2,1,0,0,0.0,547,90.0,0.2764576968526064,175.2951660687674,115889.02737362147,778.9905545225175,500000.0,0.03193822894451359,0,0,0.0,4,E2,2,central_assign
10.268356365152137,38.30302907562402,28.003635123568305,85.70175400344026,35.97900289288002,79.18087645195892,,,,,12.505495737053977,52.42541428957695,8.613825956735946,6.511678073292204,31.326705027448185,38.30302907562402,0.8518518518518519,0.803921568627451,43452.69323580841,545967.1247273687,520985.4627643918,566,0.9542432852977153,24981.66196297697,0.04575671470228484,0.0,13.093713428261292,2.38474388093141,55.108875628422766,12.827866574473163,10.268356365152137,240.48713586496015,1891.6383668631954,938.0404569883465,0.4958878363964724,901.9934337831565,0.058234834451291885,255.06857489665845,1,0,0,0,0.0,566,90.0,0.25506857489665846,173.23913050470892,113765.2188463436,793.3450090470901,500000.0,0.07293973106196172,0,0,0.0,5,E2,2,central_assign
5.81617062090794,7.735340087501117,29.567166553073566,72.65370266545143,15.083107873201811,36.734708227736974,,,,,14.339875373987061,55.16685505265317,7.787394898116181,12.101105908378763,24.99325328574564,7.735340087501117,0.9285714285714286,0.9361702127659575,31608.77227884693,533346.8920584851,513636.09011674643,560,0.9630431858978993,19710.80194173866,0.03695681410210081,0.0,14.123032875863627,2.4296273535642285,53.72322178071482,14.246708414572359,5.81617062090794,267.694377218134,1865.3399763606299,929.7242386770741,0.4984207975272218,889.9785615429136,0.05759867051444451,252.28217685326698,1,0,0,0,0.0,560,90.0,0.252282176853267,175.7125013476749,117117.40696303628,770.6137329811103,500000.0,0.04540694256160349,0,0,0.0,6,E2,2,central_assign
8.98767974125381,17.827885513702018,29.290814717618613,104.47722016434746,5.318410847240955,8.202017717804521,,,,,12.57617347741132,46.33694343028606,10.222654314527071,38.719324089892716,19.48392222519139,17.827885513702018,0.972972972972973,0.9322033898305084,40773.60461111535,544565.4292464787,522462.1533310679,579,0.9594111658061082,22103.275915410803,0.040588834193891726,0.0,12.528031544692235,2.4576020218009944,45.54224829892523,12.365764274775813,8.98767974125381,222.20306765768532,1955.1427345995821,966.4341015455174,0.49430360476645474,938.4750404955942,0.07214744654545298,316.005815869084,1,2,0,0,0.0,579,90.0,0.31600581586908405,172.8661210004214,113146.44716454252,798.2221985682644,500000.0,0.0981042272968633,0,0,0.0,7,E2,2,central_assign
14.94116665305904,61.79607843417843,23.187558913916405,80.1793428207739,7.185996979043827,8.15074317316954,,,,,14.936497879907526,52.12921981794694,5.662790236735721,13.10608083706984,14.297802283431642,61.79607843417843,0.76,0.8604651162790697,38363.5914215517,540361.5398106,516896.82197565195,555,0.9565758920533601,23464.717834948005,0.04342410794663982,0.0,14.715481135536644,2.4714453663100358,52.3589174945596,14.745204895542207,14.94116665305904,269.216801718194,1793.6764092726532,890.2735591578783,0.49634011717804194,855.0887056166096,0.07115036553565711,311.6386010461781,3,2,0,0,0.0,555,90.0,0.3116386010461781,174.71888926664798,115244.67637339927,783.6512838860458,500000.0,0.14021525902651133,0,0,0.0,8,E2,2,central_assign
38.76236879729691,148.71779779286044,31.42613895587391,81.11416162553732,33.86706131977915,114.43657392834552,,,,,14.108622678877007,43.576008190620705,4.255667089970268,5.235742762749905,32.36495524968361,148.71779779286044,0.5526315789473685,0.7662337662337663,47374.080402398526,549233.9420670121,524728.4101287095,597,0.9553823424567001,24505.5319383026,0.04461765754329997,0.0,16.540415327090205,2.577828792201217,54.261277512755974,14.874624995498,38.76236879729691,277.5938120745817,2107.2268778447947,1046.2504152208835,0.49650582299470075,997.7028634019382,0.07765936745800878,340.1480294660784,3,2,0,0,0.0,597,90.0,0.34014802946607836,172.16553608619503,112498.00383436593,803.0377868968812,500000.0,0.006512599432985544,0,0,0.0,9,E2,2,central_assign
10.78825044376653,5.747409602050472,7.274838178351132,13.474709331963322,4.142759807385209,6.364194626182371,,,,,12.316032781779718,45.03493178966735,6.462668582663734,18.377290544507332,6.070192651056546,5.747409602050472,0.9285714285714286,0.9629629629629629,13819.243346008723,516203.98819530365,511090.3136250189,536,0.99009369418442,5113.674570284756,0.009906305815580057,0.0,12.026358990317723,2.368319062900248,43.76120883657222,12.162953318627956,10.78825044376653,222.57342882624607,1702.1930447824782,848.6785275664445,0.49857948260791796,817.7016619469442,0.05881546423758269,257.61173336061216,0,1,0,0,0.0,536,90.0,0.25761173336061216,176.59816538722663,117853.6519753435,765.8448441822038,500000.0,0.0025863682832096835,0,0,0.0,10,E2,2,central_assign
22.446077712758733,79.75695985811038,24.167346110220024,60.16446806114792,15.843537924898602,25.79102830930357,,,,,13.384138666119393,49.39931272786509,3.899100242922979,6.024995023783504,18.221768834990435,79.75695985811038,0.75,0.7941176470588235,26006.043708159235,527294.9549528928,513448.71797975095,540,0.9737410023686289,13846.236973142,0.026258997631371208,0.0,13.739796763819028,2.404527234293937,52.56169376224813,13.433842694833448,22.446077712758733,245.79922665235293,1712.8834442271639,853.8409500612363,0.49848164096564135,827.0423826401403,0.06064262958562996,265.6147175850592,1,1,0,0,0.0,540,90.0,0.2656147175850592,175.8025905152711,116851.7528060023,772.4797664562582,500000.0,0.12803245409583197,0,0,0.0,11,E2,2,central_assign
23.70885089818025,53.25037141089163,33.429489507236404,66.68303207524366,,,,,,,14.800081885502584,57.12413920841768,9.185669143856037,22.216516541921372,33.429489507236404,53.25037141089163,0.8571428571428571,0.8461538461538461,3605.0987133016765,503977.3460501888,502005.57446068624,520,0.9960875789260055,1971.7715895025638,0.003912421073994473,0.0,15.059383692478779,2.3910975529082634,57.12413920841768,14.824081811209199,23.70885089818025,274.0840393653222,1587.8337119012378,791.9705946860687,0.4987742663164521,761.3632458832888,0.05170629737874515,226.47358251890375,1,0,0,0,0.0,520,90.0,0.22647358251890373,179.73201528578812,122740.00617710767,735.1024037942985,500000.0,0.07889874545232001,0,0,0.0,12,E2,2,central_assign
3.972111083356058,5.448826198455936,5.395360378104468,8.102905505318372,3.940583323602823,4.460119161408874,,,,,11.79990501546027,42.37355692434022,2.0176354956589533,2.163133642415005,4.849818982666351,5.448826198455936,1.0,1.0,6216.486291594783,506496.9548278934,504793.2405301338,521,0.996636279287526,1703.7142977596666,0.0033637207124741454,0.0,11.479109646327466,2.3264985758250987,40.49002901775839,11.723952634591612,3.972111083356058,201.5147533873571,1587.0903533458636,792.5177512301045,0.4993526358214822,763.0762742371816,0.06390049030775254,279.8841475479561,1,2,0,0,0.0,521,90.0,0.2798841475479561,178.84527148726485,121040.41189872989,745.8656388502862,500000.0,0.02404832679381519,0,0,0.0,13,E2,2,central_assign
32.704021047718214,80.7040083625783,37.268138346686165,87.07378627857307,18.683697818164983,26.395776689134077,,,,,13.886430465550326,52.42548744134687,8.915967720713434,27.17223871800506,26.64845804467406,80.7040083625783,0.5517241379310345,0.76,58929.484502104126,560140.4496017806,517783.5713934028,560,0.9243816827752923,42356.87820837791,0.07561831722470781,0.0,15.2507306059005,2.416761559614315,59.14736666032017,14.366755086451736,32.704021047718214,273.27935019587414,1844.4493329508252,918.5992618821148,0.4980344244059566,879.4058471078074,0.05726883680568631,250.83750520890604,1,0,0,0,0.0,560,90.0,0.2508375052089061,174.30224227148744,115088.09229762653,784.1891867649817,500000.0,0.07285730794718681,0,0,0.0,14,E2,2,central_assign
29.09232542538616,88.59775879387738,30.029384617826086,107.16523546330677,12.68077651759072,16.121806146551688,,,,,12.285084821708539,47.477075106011476,15.105527913365222,36.185581670097136,24.433059424201776,88.59775879387738,0.7058823529411765,0.7538461538461538,64862.71277757866,567366.0824720417,520636.93454654457,589,0.9176384536031904,46729.14792549708,0.08236154639680945,0.0,14.00957383257796,2.429741582468978,56.097907949761805,12.686378033206998,29.09232542538616,225.068925107737,2110.8324456539667,1049.6103391610416,0.4972494815124262,1010.1160946918675,0.07887017792059212,345.45137929219345,4,2,0,0,0.0,589,90.0,0.34545137929219344,173.52870183514688,113522.98242697674,795.8340192251961,500000.0,0.1342389853016528,0,0,0.0,15,E2,2,central_assign
25.601300785932253,93.97102198275024,37.14097136950975,98.53752682970116,94.87857283206085,95.24397181174626,,,,,13.415615636986109,51.712355253490585,6.764658777086765,10.030686738102464,51.57537173514753,93.97102198275024,0.7222222222222222,0.6923076923076923,8440.199489225186,508637.27469418704,505608.3384171269,528,0.9940449974318512,3028.9362770600983,0.005955002568148815,0.0,14.384021825899978,2.3999066539572596,56.600279550350066,13.746193044977089,25.601300785932253,246.74404606149952,1621.9809423048146,811.7127037617523,0.5004452781105546,775.3572786083272,0.06273525879882703,274.78043353886244,4,1,0,0,0.0,528,90.0,0.27478043353886245,178.54685845600545,121357.8936225716,743.872341046866,500000.0,0.10897117652543087,0,0,0.0,16,E2,2,central_assign
3.802506081440223,5.445281973682904,5.916901457750604,11.286635500712151,6.605595778938853,11.179482366833327,,,,,13.136210319336044,57.21693001919463,14.984391826503611,50.680633024727285,6.123509754107078,5.445281973682904,1.0,1.0,10188.61735102234,511539.3687118152,507973.85321785416,536,0.9930298316961608,3565.515493961031,0.006970168303839245,0.0,12.782101042019097,2.3763190422587286,53.081384917695914,13.018326773219412,3.802506081440223,233.53368810227954,1669.0061235211365,833.2083348931129,0.4992242527758234,793.5112694705572,0.06096057184177974,267.00730466699525,2,1,0,0,0.0,536,90.0,0.26700730466699524,177.70010549333193,119751.52468128025,753.7858707428857,500000.0,0.010558085834537101,0,0,0.0,17,E2,2,central_assign
8.34879192624517,30.256049472916857,9.84485277183794,12.591571570196525,3.3820237076869573,4.5902051845732785,,,,,13.625295515120978,53.5187442934867,28.64407441013137,100.44897811346947,6.459561357282664,30.256049472916857,0.8571428571428571,0.9761904761904762,68261.72443658626,570243.9701911092,516992.19366900536,559,0.9066158007698752,53251.776522104024,0.09338419923012503,0.0,13.614619752212535,2.450695041435665,50.36101273314485,13.375016295715545,8.34879192624517,237.1179124460859,1837.8609683837406,911.722981799421,0.49607832011428604,883.0298046632929,0.07548102863864946,330.60690543728464,1,3,0,0,0.0,559,90.0,0.3306069054372846,174.7233478795422,114989.35860376048,785.556228874236,500000.0,0.10003023282286594,0,0,0.0,18,E2,2,central_assign
38.78345139677114,117.99688302382583,30.744240323787764,131.3138881566909,25.198692967171002,90.8532126332,,,,,12.2537776807639,42.06732002011673,5.277165238041115,13.16341803249775,29.011256774845023,117.99688302382583,0.6764705882352942,0.7424242424242424,37728.11627304937,538786.9281851918,518028.0984419523,580,0.9614711704065243,20758.82974323951,0.03852882959347574,0.0,14.565115031034114,2.447802712602652,54.683244517784296,12.842676454753393,38.78345139677114,236.67203599907097,2048.4662027684844,1021.768196958079,0.4987967073008908,976.1326648896938,0.06859037820577776,300.4258565413066,2,1,0,0,0.0,580,90.0,0.3004258565413066,174.3156908440555,114555.54717340616,788.2675966782373,500000.0,0.10890340722916059,0,0,0.0,19,E2,2,central_assign
10.516705590220909,30.6445679796509,8.477445739146493,12.46108822345741,8.014372129702906,8.534014518504454,,,,,12.084441864795386,42.471843142699356,28.423051292780798,91.56707307909232,8.345138993591181,30.6445679796509,0.8461538461538461,0.9696969696969697,42968.20466135957,544212.79875335,509395.0371466205,549,0.936021788376738,34817.76160672959,0.06397821162326212,0.0,12.438688654613966,2.408006723798735,43.72304787312005,12.12981460141742,10.516705590220909,210.97468178884947,1735.8177179514378,865.3757276858245,0.4985406697582947,820.2984436326847,0.06858088096283804,300.3842586172306,2,2,0,0,0.0,549,90.0,0.3003842586172306,177.2698547760406,119860.38975986108,753.3796981599427,500000.0,0.11578259353733089,0,0,0.0,20,E2,2,central_assign
13.17666706450788,23.98631201070741,6.190034142969398,8.490461111514833,4.66457508951089,4.66457508951089,,,,,13.575303253411828,49.70934901810174,4.1403191563070845,6.574076265070836,5.93579096739298,23.98631201070741,0.8947368421052632,0.92,17327.275816339392,518061.32261078747,505697.6942828068,532,0.9761348168867853,12363.628327980688,0.023865183113214797,0.0,13.350761806071564,2.3727985568386885,47.906934468712414,13.506083560474186,13.17666706450788,243.89167343530733,1671.6239367601659,835.4175529738633,0.4997640525494125,798.0224251084487,0.05950884955454234,260.64876104889544,1,1,0,0,0.0,532,90.0,0.26064876104889545,178.4873646478828,121072.83236030348,745.5070390394446,500000.0,0.15078981279782466,0,0,0.0,21,E2,2,central_assign
23.05506917971256,77.22991683570854,34.13538381228064,80.38502954632767,29.14246008830048,81.74590890032687,,,,,11.94341536335969,42.21620443756967,10.223587990097307,17.3433534691858,31.411970871927824,77.22991683570854,0.7272727272727273,0.6818181818181818,19226.136203616657,520041.7500651535,508183.0486494436,531,0.9771966358196738,11858.701415709893,0.02280336418032624,0.0,12.547754075628559,2.337526798174167,49.094635599023604,12.148123173136511,23.05506917971256,204.37723725398845,1654.5197820812675,822.7415645179778,0.49726910093696663,790.7328945493456,0.07545364182999052,330.4869512153585,4,3,0,0,0.0,531,90.0,0.3304869512153585,177.75186951095532,119992.36697705292,752.8019425476452,500000.0,0.2127615291350775,0,0,0.0,22,E2,2,central_assign
13.416156561990606,28.053045302221655,18.864412237528526,52.357921493277544,33.33978972319266,77.98977940854859,,,,,13.641695589928881,47.04741306336801,10.457695392023565,6.813844170410993,22.640597668571345,28.053045302221655,0.7435897435897436,0.9354838709677419,44840.47463850063,545940.8138001754,517923.8996440332,577,0.9486814074933827,28016.914156142127,0.051318592506617106,0.0,13.902386617226288,2.5103284375154544,44.70717711006308,13.948567441230187,13.416156561990606,257.68973401461005,2019.1823776753006,1005.8602643382719,0.49815225977572475,967.8856110505072,0.07430404507826036,325.45171744278036,2,2,0,0,0.0,577,90.0,0.3254517174427804,174.39908021144237,115370.736529474,782.9147532083853,500000.0,0.007430028498814467,0,0,0.0,23,E2,2,central_assign
31.858377889447716,69.66182463548448,39.24641127001519,75.4910458403574,30.048648219596608,67.85819245972817,,,,,12.549479065198629,46.078759810676424,4.502970328843023,7.275231649358831,33.39328932883973,69.66182463548448,0.5263157894736842,0.5333333333333333,34421.87232108315,535140.8176419535,510340.5382400636,539,0.9536565356551011,24800.2794018899,0.046343464344898874,0.0,13.52115329884164,2.403769997634299,53.11120933471884,12.949529997876182,31.858377889447716,224.24014862510828,1705.103682689663,851.4708197753915,0.49936600830763866,813.5780322014865,0.07380793659868257,323.27876230222967,2,3,0,0,0.0,539,90.0,0.3232787623022296,176.98629051453923,118606.5625547529,761.5369404252472,500000.0,0.1030307486213824,0,0,0.0,24,E2,2,central_assign
2.3600304149408657,2.3600304149408657,,,,,,,,,13.43945905342398,48.42943779423697,,,,2.3600304149408657,1.0,1.0,209.99028817615883,500209.99028817617,500209.99028817617,501,1.0,0.0,0.0,0.0,13.417344425403055,2.364082082184723,48.07658255847036,13.434807862008785,2.3600304149408657,235.42770562370964,1463.3779519064196,731.4578155949168,0.4998420364622879,706.745825984625,0.06117137060556977,267.9306032523956,1,2,0,0,0.0,501,90.0,0.2679306032523956,180.46007148167533,123682.14922373672,729.8379852694898,500000.0,0.038420481848447485,0,0,0.0,25,E2,2,central_assign
27.44698626052956,65.38621994018285,20.820060273168565,49.6331152109733,24.3200317316577,59.61290433176218,,,,,12.976135236608341,46.039398557007225,6.27136158160738,13.484817142089744,22.7046602892781,65.38621994018285,0.6363636363636364,0.7083333333333334,8275.236379187336,508449.34756596206,508449.34756596206,528,1.0,0.0,0.0,0.0,13.466345638744396,2.430591095069758,54.99652552238117,13.216940778431438,27.44698626052956,242.34131924141113,1637.537354925343,817.7051109535121,0.49935050855117263,787.3046637515757,0.05419239172292848,237.36267574642673,2,0,0,0,0.0,528,90.0,0.23736267574642675,177.47561897311664,119278.47948180445,756.5267688503009,500000.0,0.041362352745491826,0,0,0.0,26,E2,2,central_assign
12.624513476372982,28.726289208017356,9.162363964437652,20.71964637805349,8.806332218099897,19.17993779208446,,,,,13.411821362385703,49.05005854268572,20.308827897088733,50.29144814639226,9.043686715658401,28.726289208017356,0.7142857142857143,1.0,12370.949722949961,513597.1255335828,509898.3979783728,534,0.9927983873520178,3698.7275552100086,0.007201612647982311,0.0,13.39634594312113,2.460551636780565,43.83995614018448,13.380213629301338,12.624513476372982,239.90006923726105,1689.5950900166865,841.5852636705782,0.49809878629693854,812.6041993985848,0.06406561630256544,280.6073994052366,4,1,0,0,0.0,534,90.0,0.2806073994052366,177.05607187107591,118736.06514307648,760.3469703212538,500000.0,0.1450625211587664,0,0,0.0,27,E2,2,central_assign
26.951750254166956,68.39765880739779,11.238031368083082,21.92169983505168,3.515886794248521,4.680396402179849,,,,,12.901496745530126,53.45700182865813,3.1738799820907877,4.577917413708883,9.131991938855474,68.39765880739779,0.6666666666666666,0.782608695652174,26590.43369586375,527415.1934686946,506024.64855673007,530,0.9594426835311975,21390.54491196444,0.040557316468802306,0.0,13.012902730220967,2.376827878789072,54.42511562444137,12.908566562441303,26.951750254166956,221.37308450830858,1667.1242720863588,830.4995483164276,0.4981629517498902,801.3643896798103,0.07294512936655302,319.49966662550224,2,3,0,0,0.0,530,90.0,0.3194996666255022,178.48834028981068,120494.97355555007,749.5706833363203,500000.0,0.11294302101159004,0,0,0.0,28,E2,2,central_assign
11.942582842139444,26.515969928786262,22.282697070258088,38.734866149866775,13.34419130280989,29.385556807427974,,,,,13.272450303814214,55.732498185253476,5.72294011005194,10.007682575176382,18.417397278929137,26.515969928786262,0.8076923076923077,1.0,77164.28456252046,580756.8195154486,527046.693872367,582,0.9075170125632027,53710.12564308145,0.09248298743679705,0.0,13.293663002086078,2.4896280656865173,41.73512700988173,13.241680606887924,11.942582842139444,240.33190291695848,2027.3166045956318,1001.2910798511662,0.49389970840340625,963.5147389482215,0.07709350513976096,337.669552512153,4,2,0,0,0.0,582,90.0,0.33766955251215297,171.4035409059769,110927.09934795341,814.3877382851522,500000.0,0.15382843223125375,0,0,0.0,29,E2,2,central_assign
5.566524129970884,13.423689187133828,6.407324334262087,17.26703987226684,22.111205988761487,55.39441790154967,,,,,32.47554980568784,71.16824614098455,8.574731376559582,29.263619461648886,11.366444856735583,13.423689187133828,0.9583333333333334,0.9534883720930233,13968.57625752051,515078.73700219905,515078.73700219905,554,1.0,0.0,0.0,0.0,30.111292381558396,25.704708293040312,64.53096395108176,31.879295055694502,5.566524129970884,644.5593403758155,1810.2343194705281,904.6999812108019,0.4997695444617445,859.3389606278972,0.05951713568237099,260.1367198840223,3,0,1,4,102.4925070669722,546,90.0,0.26013671988402226,175.23561008401452,116402.7738433293,775.4122495514446,500000.0,0.047682924078460864,0,4,12.206636942263266,0,E2,2,marketplace
3.191642853849813,5.456894471272244,4.0039760339999,5.624879280994719,13.817476179460119,27.67425755070194,8.732132086719957,11.110761333866776,,,31.493001579916093,64.92984470378927,11.132673376511027,27.477379584783215,8.505807790364608,5.456894471272244,1.0,1.0,22776.714596747763,525519.2910413912,517606.8462905894,533,0.9849435693690289,5912.444750801655,0.011250671196266278,2000.0,29.86846837620315,25.704708293039857,62.04630225338156,30.75282894467825,3.191642853849813,626.5764062621569,1752.4421719387133,884.8132134115755,0.5049029449186979,831.9968039933307,0.057734618349516216,251.65182011430895,2,0,7,2,818.5948957851573,530,90.0,0.2516518201143089,174.36332704426047,114220.8044916447,790.1507279850778,500000.0,0.0691138735856136,0,8,24.9428897757567,1,E2,2,marketplace
22.53717286731044,105.29563234818279,5.053077115580123,8.272888178846188,21.960826534027472,60.067806934534474,4.494057238223718,5.219673785347891,,,30.155989276398287,61.29094094784823,16.16969193831892,57.953469600499375,11.323605662828328,105.29563234818279,0.8181818181818182,0.868421052631579,29310.196036041838,532277.3226155266,516873.34282247716,548,0.9710602365748803,14403.979793049497,0.02706104352195697,1000.0,29.019526923230544,25.704708293039857,61.84768044822928,29.790657131200604,22.53717286731044,604.1230078112959,1754.7941483820289,873.5242915181722,0.49779302736083714,835.8610785465371,0.05609490600163034,244.80371530465771,1,0,2,7,694.1474468376433,535,90.0,0.2448037153046577,174.59751981502305,114857.20179028006,785.7130620340582,500000.0,0.09838465187036571,0,7,19.72437651648164,2,E2,2,marketplace
3.8893056851205854,3.9007974282609212,6.863833175480452,14.08101655173432,30.873349666350897,102.78522926149512,,,,,31.363105036691287,68.16837174020411,8.19768203963832,4.102002169238586,17.302753388902385,3.9007974282609212,0.9565217391304348,0.9565217391304348,28096.063942230638,530369.5763930491,519069.4501240941,558,0.9786938641054692,10300.126268954962,0.01942065821158959,1000.0,29.11142766761071,25.704708293039857,64.69782921017944,30.994811183812683,3.8893056851205854,631.3730909577869,1888.5162238235143,939.4757410702708,0.4974676569990996,907.5332588457693,0.06154231804000278,269.04512485711257,3,0,3,3,0.0,554,90.0,0.26904512485711257,173.90552478724467,113177.20782494439,797.5903175176381,500000.0,0.06856323919988938,0,4,11.179989173125863,3,E2,2,marketplace
5.668667175525646,4.785230239852085,3.4655110658108015,4.203685214109373,2.681080042188771,3.222341134082126,,,,,29.76224764261688,63.02907717473097,3.8516140033035335,5.8343052361206,3.0502240533050204,4.785230239852085,0.9444444444444444,0.9714285714285714,32491.15341102122,534209.4492904893,514996.84629887406,547,0.964035448985164,19212.602991615313,0.03596455101483612,0.0,27.570809885582687,25.704708293039857,57.61112657801646,28.995172897218428,5.668667175525646,583.726810730078,1796.4797646658733,906.578693011618,0.5046417504069312,842.5848964080824,0.05722269414378853,248.91047946541516,2,0,0,0,24.49064362786051,546,90.0,0.24891047946541517,175.2416759987113,115853.66466321726,778.9905545225175,500000.0,0.07158860011178891,0,12,38.03562451101909,4,E2,2,marketplace
10.624968873147266,40.251798993569736,26.827466442448547,87.0461037203476,32.57411448722978,74.4952524258335,13.397403926080187,13.397403926080187,,,30.52553486190533,67.3371732822701,9.131336489468744,15.967392393029513,28.588923159706304,40.251798993569736,0.8518518518518519,0.8076923076923077,43452.69323580841,547328.4080016714,523628.46425572375,567,0.9566988605022758,22699.943745947778,0.041474082861561345,1000.0,28.88878398322733,25.704708293039857,67.53336506118988,29.9692786576441,10.624968873147266,615.4286567894037,1849.3411716351616,917.9441156496492,0.49636277487837244,876.677782955217,0.058182432653686146,253.4017966993331,1,0,1,7,190.61100951178176,553,90.0,0.2534017966993331,172.361527223284,112095.61855263627,805.146561141633,500000.0,0.03539680507448684,0,10,30.46260937425049,5,E2,2,marketplace
5.144186455197025,7.784226242424467,14.193265233815195,30.742805728111126,13.629635258503479,32.34715813311487,,,,,33.190282737555464,66.95311365812815,10.22309780254332,43.22489277246244,13.995994742456094,7.784226242424467,0.9285714285714286,1.0,31608.77227884693,533346.8920584851,515556.02555541333,561,0.966642973329409,17790.86650307171,0.033357026670591004,0.0,30.57397282674765,25.704708293040312,64.20400607629699,32.53827212326329,5.144186455197025,661.2299971995966,1804.8804277429788,907.6517872818617,0.5028874895700928,859.8838180598509,0.05715321831299749,249.48398371530692,1,0,1,8,0.0,547,90.0,0.24948398371530692,175.05271883203906,116222.2362663606,776.5251029663516,500000.0,0.013195854265794837,0,6,17.866906516895334,6,E2,2,marketplace
7.448586496645749,14.342541038162725,28.465305880237892,106.99027648610736,3.9256767396721464,5.787671987070885,,,,,30.564196847859815,63.45126945064021,9.469044009944222,36.9134756427133,18.426366686370088,14.342541038162725,0.972972972972973,0.9322033898305084,40773.60461111535,544565.4292464787,521462.1533310679,578,0.957574839175195,22103.275915410803,0.040588834193891726,1000.0,27.892548226223123,25.704708293039516,62.1897203145822,29.521562418146978,7.448586496645749,603.8530416027277,1923.687982900618,971.4081743326301,0.5049717953053383,907.2757851590925,0.059476993662242274,258.60660624557033,1,0,0,7,68.30619326670656,562,90.0,0.2586066062455703,173.08755013125915,113192.57841590128,797.389792417398,500000.0,0.05571751747615572,0,13,39.78512854779006,7,E2,2,marketplace
17.868331048011804,65.69037345492289,23.694406258750718,85.56942852788411,12.090005531298134,37.48369168112618,24.67429069909349,27.859485926976504,,,33.76905369960626,65.7825027290251,3.1660877007697934,7.367546275397401,17.220604494568192,65.69037345492289,0.68,0.8541666666666666,38363.5914215517,540361.5398106,526845.8481339898,560,0.9749876875372228,13515.69167661024,0.02501231246277737,0.0,31.723753717478083,25.704708293040312,65.59755533925708,32.875280290267575,17.868331048011804,678.7969777428154,1839.409845561885,920.9086409147516,0.5006544045291013,870.5769851886981,0.0625450407302185,273.01349399244646,3,0,5,3,0.0,554,90.0,0.27301349399244645,171.34616095718724,110647.8012119095,815.8590817462714,500000.0,0.06576190112661551,0,7,20.11344243157353,8,E2,2,marketplace
38.224183561914124,153.08868156394522,25.513613650619646,78.47974644036967,30.13931972793286,82.17175494361996,,,,,32.21132880723411,67.10350023940238,6.9516758776622805,22.383666943800563,27.49605911232531,153.08868156394522,0.6578947368421053,0.7625,47374.080402398526,549736.351411949,529265.8142808982,600,0.9627629916077515,19470.537131050907,0.03541795459049153,1000.0,31.37798621051855,25.704708293039857,68.90072149575967,32.02494607124434,38.224183561914124,665.6441879102601,1987.39929521094,987.8975470774468,0.49708055621132374,943.420893587953,0.0652317467936061,284.2959873011875,3,0,3,14,0.0,569,90.0,0.2842959873011875,170.58403084274104,109765.8567451562,822.5171165648948,500000.0,0.0008333868961789559,0,9,29.335251229123397,9,E2,2,marketplace
2.313125670652945,3.626244880504237,4.986902667855418,7.629138717088403,30.90477131154364,86.14561671898805,,,,,30.562605416777465,61.98040827877424,2.957075270485734,4.0575204822824595,17.94583698969953,3.626244880504237,1.0,0.9333333333333333,13819.243346008723,516514.44304295897,516514.44304295897,540,1.0,0.0,0.0,0.0,28.94516780058875,25.70470829303963,58.659471602278984,30.412271525813956,2.313125670652945,617.61857689824,1743.2312895800592,870.1118590146488,0.4991373572833568,828.4324493740046,0.054277487423575035,236.77432352200836,0,0,3,1,27.346243906797934,538,90.0,0.23677432352200836,174.7032934682466,114901.99760314026,785.3368627688319,500000.0,0.014716805049153958,0,8,20.78178728778882,10,E2,2,marketplace
22.156731253331003,81.170429981783,23.80575873936732,59.68873709635865,13.363074234176656,18.57299574853927,,,,,32.84049457995458,75.0914523038765,2.8815386337360374,4.326161951588347,16.346698378516844,81.170429981783,0.75,0.7941176470588235,26006.043708159235,527294.9549528928,513448.71797975095,540,0.9737410023686289,13846.236973142,0.026258997631371208,0.0,31.68430541508437,25.704708293040312,79.66268611913648,32.334774040867515,22.156731253331003,654.4172585369772,1688.115469859569,845.287308550488,0.5007283705662657,808.7025092522306,0.05423817788220728,236.76467229207117,1,0,0,4,0.0,533,90.0,0.23676467229207115,175.74640175818058,116814.40549084173,772.4797664562582,500000.0,0.04947236961071377,0,5,16.64701837135454,11,E2,2,marketplace
22.491008975020836,54.067652170476535,27.51511489668447,63.83559940935436,48.777375006477996,48.777375006477996,,,,,31.798155760987495,69.27008769320457,9.489252758506154,22.078282632124864,30.552580626654976,54.067652170476535,0.8571428571428571,0.7857142857142857,3605.0987133016765,503977.3460501888,503977.3460501888,521,1.0,0.0,0.0,0.0,31.356636808090247,25.704708293040312,69.18559142549293,31.813264645044466,22.491008975020836,631.6239484285682,1562.1664311901416,780.8520552367777,0.4998520257805585,750.0960097023592,0.051677567341934835,226.26107304738608,1,0,1,2,133.49001083880322,514,90.0,0.22626107304738607,179.02840629678255,121878.1001309627,740.29920860348,500000.0,0.055184599664519496,0,1,2.2465359146781956,12,E2,2,marketplace
3.1205355340387504,4.688335331699578,3.9468031436606865,5.720454358891783,7.0094302534122335,15.81626141294651,,,,,30.60465404346446,64.33493222207372,1.8356516662701268,2.0668823454870164,5.307970747994707,4.688335331699578,1.0,1.0,6216.486291594783,506496.9548278934,506496.9548278934,522,1.0,0.0,0.0,0.0,29.471726630398166,25.704708293039857,61.121294977304146,30.307853497952106,3.1205355340387504,603.078685687159,1612.0661351657427,811.0858946473387,0.5031343795110167,764.7700524253331,0.052413470103623225,228.393756460923,1,0,1,1,0.0,521,90.0,0.22839375646092297,178.14202611962463,119862.16601117907,752.7679230162224,500000.0,0.04644118430751387,0,7,23.723001630215908,13,E2,2,marketplace
33.52480804039321,117.76507573331041,35.03609776736058,87.10086178577303,18.582075423894374,47.882635895192266,6.6091996941424895,6.6091996941424895,,,32.162371280190285,74.95479097491535,5.15262124102471,4.22038558425993,23.817203322411448,117.76507573331041,0.6206896551724138,0.7636363636363637,58929.484502104126,561296.0483279536,526271.4526548006,564,0.9376004948235644,33024.595673152966,0.05883632313380796,2000.0,31.320933423298108,25.704708293040312,79.69182808229624,31.716443252734802,33.52480804039321,658.6687728794832,1816.2130824818832,910.3775441020485,0.5012504055184999,862.3790845570053,0.05858537023740298,255.1279009560189,1,0,5,10,28.208608922494246,545,90.0,0.2551279009560189,171.49919009602334,110359.06208530956,817.8315962053678,500000.0,0.023726490754851337,0,9,29.38327120484798,14,E2,2,marketplace
30.14926304483952,97.35644284852499,32.50291046626145,115.98283108604801,11.441215300236433,7.260407943367227,6.781042425709984,8.717077141337905,,,30.354934310446215,56.935855402520374,17.90508784274126,81.92371799058512,23.209407161025865,97.35644284852499,0.7058823529411765,0.7714285714285715,64862.71277757866,568031.8092350921,533540.8962722021,595,0.9392799621392062,34490.91296288991,0.06072003786079365,0.0,29.387744458173298,25.704708293039857,70.66256694526248,29.51376484184314,30.14926304483952,612.3310173414536,2058.647621136133,1022.5541970112915,0.4967116210237871,993.0774793406781,0.06804174687603903,297.0577149046752,4,0,5,8,330.4931002135511,571,90.0,0.2970577149046752,169.2411178708162,106943.04152652161,844.3472003974306,500000.0,0.057470633737917165,0,6,20.309267970262034,15,E2,2,marketplace
24.842146373222267,101.96289681757699,38.39000716347172,106.54602149775201,65.15169631117533,97.373841434735,,,,,32.820624475805026,66.4397161955372,4.323775869056135,7.714864167995256,47.31057021270626,101.96289681757699,0.7368421052631579,0.7142857142857143,8440.199489225186,509188.49886297405,509188.49886297405,531,1.0,0.0,0.0,0.0,32.61973536443552,25.704708293040312,72.12495183029569,32.79459522969903,24.842146373222267,655.7680746301243,1618.2056416584019,812.4319484740731,0.5020572957843976,768.0314507310535,0.05732235905268634,250.10679623839042,4,0,2,3,0.0,523,90.0,0.2501067962383904,177.24301903473525,119793.49686436169,753.3806855845077,500000.0,0.019524984936469814,0,6,20.309267970262034,16,E2,2,marketplace
3.6688626774786446,6.2995295815766434,5.074487270980496,9.226562180789733,12.469926189931687,30.215463952352994,,,,,31.697164603232487,65.87760257039182,13.401632254201404,43.683104059063226,8.155920153876826,6.2995295815766434,1.0,1.0,10188.61735102234,511539.3687118152,509539.3687118152,536,0.9960902324975759,0.0,0.0,2000.0,30.010279681370697,25.704708293039857,61.98401777479103,31.231656338383125,3.6688626774786446,628.4080244496296,1643.757304217941,815.5391997317934,0.49614331607171575,777.8478224603872,0.05521796907677077,241.01129723739825,2,0,2,4,20.49258331954041,527,90.0,0.24101129723739825,177.10311869596836,118400.88146557429,762.1650293496799,500000.0,0.0276966674921999,0,6,18.504488370940845,17,E2,2,marketplace
8.289163516409051,29.257114343749347,8.102457103591224,12.31399447206976,9.842593653175754,31.014928406945906,115.779041095102,186.60598537600526,,,31.324789481834976,68.4968055642248,27.991751837633945,100.05156801046414,17.045242889768613,29.257114343749347,0.8260869565217391,0.98,68261.72443658626,572191.6285267603,533433.9857504095,568,0.9322645756350172,37757.6427763509,0.0659877581109788,1000.0,29.60173513248567,25.704708293039857,64.95718436201031,31.079072888828765,8.289163516409051,651.2433431600188,1924.3604112677447,957.8558927437822,0.49775285707148725,923.2921675425168,0.06085889719351566,266.21833112987804,1,0,8,4,174.3832116309793,561,90.0,0.2662183311298781,169.2172241409547,108152.42832416746,834.6203569333933,500000.0,0.04576059482462558,0,3,7.517739574218373,18,E2,2,marketplace
31.87882296631047,105.26914035639638,27.831917456465888,121.38691426407478,39.42817878700961,115.82358483500721,,,,,30.05929837414324,54.41368833423674,5.0090342045567615,13.568072355163398,31.924715573128385,105.26914035639638,0.7058823529411765,0.7352941176470589,37728.11627304937,538786.9281851918,520713.94906355155,581,0.9664561662946874,17072.979121640223,0.031687812432917635,1000.0,29.67131958330842,25.704708293039857,67.47599516602168,30.435698671362527,31.87882296631047,621.0407854857938,1956.6713184114888,977.1467803120427,0.4993923972398865,932.3363729396498,0.06199070795061783,270.55209635974154,2,0,2,12,90.03610445643714,558,90.0,0.27055209635974153,173.35919703841557,113116.19175591809,798.0338684946657,500000.0,0.03793909046864474,0,8,21.67437651648164,19,E2,2,marketplace
9.455499408357355,28.16504879221503,5.203071342471048,8.157732042648195,12.84391271742752,27.306125695371158,,,,,31.693612360298182,66.34213907794829,23.25903170135586,87.7408785962527,9.023492029949285,28.16504879221503,0.8148148148148148,0.972972972972973,42968.20466135957,544915.5245812964,517149.14590688684,554,0.9490446180703977,27766.37867440947,0.05095538192960215,0.0,29.941774590969825,25.704708293040312,62.87957853436863,31.138346281012026,9.455499408357355,631.9663782173968,1756.833108275122,874.6930704245854,0.49788057061570784,828.0172250266733,0.05797706518708433,253.51294020818474,2,0,4,3,457.7280183975421,545,90.0,0.2535129402081847,174.52124528203012,116556.2048215489,774.3346918200456,500000.0,0.04791620509647987,0,4,10.401857342942078,20,E2,2,marketplace
17.784704913517377,32.672585860038716,5.425908604312008,6.930732364546566,66.44787913387245,117.99269276278119,,,,,31.498556391674516,67.97711908469834,2.5009166112310726,4.499741436072145,22.86075732704356,32.672585860038716,0.8947368421052632,0.8846153846153846,17327.275816339392,518061.32261078747,507479.17796648,533,0.9795735674862227,10582.144644307478,0.020426432513777334,0.0,30.515420838202644,25.704708293039857,67.70136197743723,31.588632132132457,17.784704913517377,631.3025003218323,1693.8744380572116,854.285083613125,0.5043379039316201,802.3864578100839,0.05402034845275924,235.88374282098138,1,0,1,2,0.0,531,90.0,0.2358837428209814,177.8119924139651,119989.53568704826,752.0312769454371,500000.0,0.05421935338937445,0,6,16.062126917574147,21,E2,2,marketplace
22.12689543769234,75.09874990768367,31.363257712253972,75.01820289300194,28.758446285573655,82.50554160581987,,,,,29.223425184408715,58.37691992762356,9.044339703698874,15.480127772720346,29.942451479519253,75.09874990768367,0.7272727272727273,0.6818181818181818,19226.136203616657,520041.7500651535,507183.0486494436,530,0.9752737132853296,11858.701415709893,0.02280336418032624,1000.0,28.748398189514273,25.704708293039857,61.17496401345704,29.134729877315323,22.12689543769234,576.8411584548023,1632.917415424958,814.0178197884928,0.49850519818030664,777.7186514863533,0.05690606641088156,248.7002364748986,4,0,0,2,66.95580926203557,524,90.0,0.24870023647489858,177.94108158148103,120016.43134231292,751.969536396779,500000.0,0.08826346517974293,0,4,12.206636942263266,22,E2,2,marketplace
10.384227256829835,23.884151164734796,10.916058191408302,29.80838589431678,45.35495301490007,82.6832556557625,,,,,31.189423093272957,61.4133957424896,2.9373284879522537,4.83539878944714,23.67120442233118,23.884151164734796,0.8974358974358975,0.9090909090909091,44840.47463850063,546785.5630729868,525725.016187372,582,0.9614829865528042,21060.546885614764,0.03851701344719581,0.0,28.669787259214807,25.704708293040312,60.20167109299114,31.23139547528297,10.384227256829835,643.5545899277736,2027.4979169934445,1016.3137883798295,0.5012650222037764,970.2138823114929,0.06519077026329416,284.7825435214236,2,0,4,7,0.0,569,90.0,0.28478254352142357,171.73385280061186,111179.73155397075,812.0615266973717,500000.0,0.03541049161667331,0,5,16.895534310308157,23,E2,2,marketplace
33.054820921141506,76.76829903221677,35.37887776852722,68.09273889662063,62.71996847383793,124.4455831821881,,,,,31.255875286303606,62.26703115322757,6.5565970400612565,17.976348462266106,54.307325179896175,76.76829903221677,0.5263157894736842,0.5,34421.87232108315,535140.8176419535,513799.5646995575,541,0.9601203043407637,21341.25294239595,0.03987969565923625,0.0,31.46207734076284,25.704708293040312,66.27146628583432,32.26828557048928,33.054820921141506,652.9851067357799,1685.8746320740843,843.2278724573354,0.5001723475843134,801.1576177358716,0.05609056661335233,244.45572951029757,2,0,2,4,97.35967007941296,530,90.0,0.24445572951029756,175.6413627603605,116719.55704459223,773.1733911141623,500000.0,0.03451361047841517,0,5,22.85578675281705,24,E2,2,marketplace
1.7167200018366202,1.7167200018366202,,,,,,,,,30.12220743962125,64.6242317054277,,,,1.7167200018366202,1.0,1.0,209.99028817615883,500209.99028817617,500209.99028817617,501,1.0,0.0,0.0,0.0,30.065509859905113,25.704708293040312,64.49174036396276,30.11028269479676,1.7167200018366202,591.8482594723291,1468.3497683439314,736.4296320324296,0.5015355659183349,705.26651609062,0.049094145006107995,214.6155531191399,1,0,0,0,0.0,501,90.0,0.21461555311913988,180.35348614517991,123609.09869579859,729.8379852694898,500000.0,0.009459305474947666,0,2,8.102631027998768,25,E2,2,marketplace
27.575004679384413,71.43588019151866,15.165073089274452,37.226993498776665,17.3388498171137,52.54082619583788,,,,,30.838693600582552,64.44761094658298,3.8908016973396116,7.815795025355875,16.335568250418664,71.43588019151866,0.6363636363636364,0.75,8275.236379187336,508449.34756596206,507449.34756596206,527,0.9980332357494661,0.0,0.0,1000.0,30.2082708770564,25.704708293040312,64.14323102564923,30.685298099388394,27.575004679384413,611.9029051572975,1600.8641282570009,801.2273830029975,0.5004968059815064,770.519851136383,0.05374260065253127,234.88911694018532,2,0,0,4,25.51889860857634,518,90.0,0.2348891169401853,177.82048503907237,119406.59289108614,755.6943626994347,500000.0,0.01960239736287317,0,3,10.349166942676964,26,E2,2,marketplace
9.392649073882021,23.304603175880274,6.629894976729442,12.966701871199389,16.792726380730755,33.674368277695066,,,,,30.446963422604465,61.750822340758845,21.105704782085112,51.035988815667395,10.985394149872862,23.304603175880274,0.8571428571428571,1.0,12370.949722949961,513597.1255335828,512597.1255335828,535,0.9980529486044901,0.0,0.0,1000.0,29.247052320128745,25.704708293040312,57.99764138956329,30.077158487049903,9.392649073882021,602.5560821872683,1687.345240065605,842.0128518360206,0.49901634345042667,808.0916183235759,0.05855952306902251,255.685409970124,4,0,2,3,194.7484156039248,526,90.0,0.255685409970124,176.07528586122947,116859.77328668252,772.3417808500554,500000.0,0.0777458697870641,0,6,17.477840601803443,27,E2,2,marketplace
26.999412403197436,73.18073844772898,10.475007599055008,21.054929182620654,16.754218215411957,43.349370777853835,,,,,31.99115829327682,68.22614689856843,5.766087901417644,12.913689601942869,13.166097863207986,73.18073844772898,0.6666666666666666,0.7692307692307693,26590.43369586375,527415.1934686946,510359.5779306159,532,0.9676618805273554,16055.6155380786,0.030442080047949172,1000.0,31.038099478530714,25.704708293039857,68.13614307548096,31.775236423679523,26.999412403197436,639.0391066046723,1691.804572895887,844.4761499579728,0.4991570323707486,809.515760063112,0.056086136555123595,244.85873127944464,2,0,3,2,0.0,528,90.0,0.24485873127944466,176.8260313585187,117639.30448599489,767.131862310723,500000.0,0.04348704257309044,0,5,16.64701837135454,28,E2,2,marketplace
11.253114064119197,26.270114249364724,11.042212748560443,24.19446346728637,25.01437054580262,79.41067915182367,,,,,31.821439629502912,66.40238394552995,4.4960505821375305,4.789147532241783,18.49403024042294,26.270114249364724,0.8461538461538461,0.9436619718309859,77164.28456252046,581266.2972214887,541584.6092807043,591,0.9317323434534793,39681.68794078418,0.0682676565465203,0.0,28.97707809286014,25.704708293039857,60.70620927809068,31.33997015384252,11.253114064119197,657.7868670190156,2007.5877721287757,999.9299132994985,0.4980753156506865,964.8896103446956,0.07347428776489434,321.2309397588115,4,1,8,13,129.34383220056782,564,90.0,0.3212309397588115,166.77215229531228,104574.56862026731,863.7016832240979,500000.0,0.10686923657237335,0,4,13.233284711400668,29,E2,2,marketplace
13.800547417660086,49.03681709440353,24.898853280386675,56.815007900019964,59.87896643423201,61.49756818127342,,,,,21.716939383113896,66.1146056378827,14.871476076111378,42.955720048432966,29.562868367566054,49.03681709440353,0.782608695652174,0.7631578947368421,13968.57625752051,514733.05309149995,509526.4644214249,548,0.9898848759783268,1642.2258998292493,0.003190441899866345,3564.362770245745,21.474525672331634,2.6272412100083784,61.914399545674755,21.77036746828747,13.800547417660086,831.3634839126806,1786.1043318489494,884.2984104212057,0.4950989674303028,843.7742595833902,0.039796632718682015,282.3667636178331,3,0,0,0,0.0,548,102.0,0.2823667636178331,200.74004768282452,134950.486690276,757.9251418215736,500000.0,0.6108570819116581,0,0,0.0,0,E2,3,inhouse
15.475345714018074,44.99798533443915,8.92994122224808,18.92273332002148,2.3962380038706215,2.3962380038706215,,,,,20.540043478879415,61.3167352205454,6.60310418631002,14.309629931853124,7.996555048194158,44.99798533443915,0.6428571428571429,0.9047619047619048,22776.714596747763,523156.8520526396,504062.56517412234,526,0.9635017933845278,18789.483097987624,0.03591558253373893,304.8037805296037,20.105832672442716,2.091358777213145,58.26414494593564,20.453133690753667,15.475345714018074,442.51298458016396,1633.618647717386,811.847889588195,0.49696291770577516,783.0938155607419,0.042469077104459886,292.9577312284348,4,1,0,0,0.0,526,102.0,0.29295773122843477,202.93702567635145,137970.55308591598,741.4115218305268,500000.0,0.6442692545756835,0,0,0.0,1,E2,3,inhouse
33.88587774959755,110.0445196874798,7.144638595208477,12.792982880186171,26.042978606066146,67.40564992054169,,,,,20.326159109429504,65.5382532737842,24.11307794616164,44.86497022487373,15.243927171290336,110.0445196874798,0.7142857142857143,0.8285714285714286,29310.196036041838,530894.1092591553,511538.1379026824,545,0.9635408059368308,18965.151557659832,0.03572304010704706,390.81979881303596,20.78757568314859,2.09122761285289,68.32753927453396,20.61941027138139,33.88587774959755,516.6606880336916,1769.0115143827495,874.0270049185914,0.4940764928958421,836.7599835486686,0.04005813620514442,317.70016189610567,3,0,0,0,0.0,545,102.0,0.31770016189610567,200.0196907730104,133551.67293693818,766.1281802902577,500000.0,0.5859395805285068,0,0,0.0,2,E2,3,inhouse
24.692215533799285,80.30120512614594,20.75476041263806,73.77413815873172,25.298291414817186,64.07588535948753,,,,,24.889293214883832,80.80275807803208,28.5445992076579,48.94391449461036,22.189559676484098,80.30120512614594,0.6521739130434783,0.8095238095238095,28096.063942230638,529506.0597141038,511678.6158190654,553,0.9663319360222923,15626.76217837676,0.02951196099023705,2200.6817166614674,24.86765840117452,2.09122761285289,81.02928275375199,24.93648913309072,24.692215533799285,750.7886075111924,1845.804636586563,906.6385941010391,0.4911888160480955,878.7462232835629,0.048754204001377664,363.62588683843114,3,2,0,0,0.0,553,102.0,0.3636258868384311,200.05453173566906,132829.83399900512,770.6373094436384,500000.0,0.6104821885222721,0,0,0.0,3,E2,3,inhouse
18.612225955968785,59.98929745005864,6.461000311606654,11.722308144583254,2.6571616752720013,3.005117898141543,,,,,21.83929858227221,70.01386947814686,16.906900116165975,49.11429012372728,4.685875614650483,59.98929745005864,0.7777777777777778,0.9090909090909091,32491.15341102122,534209.4492904893,512918.999490322,545,0.9601458756889377,19212.602991615313,0.03596455101483612,2077.8468085520485,21.152000539371176,2.5503240170628487,68.14293627685572,21.527459634694907,18.612225955968785,758.4315221283604,1760.202932249965,876.4597447267985,0.4979310786662939,843.0518796402318,0.04297127310268973,288.1350958600956,3,1,0,0,0.0,545,102.0,0.28813509586009556,199.42356433959728,132395.88908737394,772.5929845779093,500000.0,0.6139732797292345,0,0,0.0,4,E2,3,inhouse
39.5423507991177,132.30314975058826,45.50951898937968,125.7391129130935,57.41011656511033,131.86723589343617,,,,,24.369914847250424,80.19878455892788,17.345057284049517,37.132258200351224,50.46810131260079,132.30314975058826,0.5769230769230769,0.72,43452.69323580841,545967.1247273687,520591.90338190744,565,0.9535224371648156,24981.66196297697,0.04575671470228484,393.5593824843694,25.99021032772643,3.4320264823606976,86.86086558004583,24.84099474838652,39.5423507991177,631.5175613749051,1866.5625920019174,915.211218041747,0.4903190613394693,884.553906225888,0.04516424959607434,315.9832445310102,3,1,0,0,0.0,565,102.0,0.31598324453101023,196.5377920399038,129111.71759208312,792.4608637597803,500000.0,0.5794880152989667,0,0,0.0,5,E2,3,inhouse
13.719175345373715,37.21051053562277,24.94051730693669,46.66205441708376,24.095197932022376,38.70415103672021,,,,,24.750617222518922,76.73089713687564,21.74444502822346,39.17369754293122,24.782019924140258,37.21051053562277,0.75,0.9772727272727273,31608.77227884693,532684.458673951,510842.89106499247,555,0.9589971750568239,19710.80194173866,0.03700277269362457,2130.765667219947,24.135399522570495,5.231727844115085,71.94538154574077,24.622668004850546,13.719175345373715,857.9846073195988,1811.426495703606,891.2679480235907,0.49202545625645094,847.5099502973835,0.040202094985250764,328.67446070966014,2,0,0,0,0.0,555,102.0,0.32867446070966017,200.31339625256877,134339.4054611158,761.7174879512805,500000.0,0.6001137701431994,0,0,0.0,6,E2,3,inhouse
25.19936709465545,73.21114173657453,43.87702294697771,98.59620408464635,31.44119634203423,89.91620661448152,,,,,20.599967217638945,69.64283007331527,14.933057154417169,35.71674319202513,39.949919808574506,73.21114173657453,0.7027027027027027,0.8214285714285714,40773.60461111535,543849.2288690333,519299.493545086,574,0.9548592991940066,22103.275915410803,0.040642286027279796,2446.4594085364465,21.359239889310363,2.1182737249605452,70.30836580717764,20.88508657062216,25.19936709465545,1199.45295475076,1909.2411908251486,938.2384502882697,0.49141955180779207,903.8976941993835,0.04902578238507403,369.7369084916608,1,2,0,0,0.0,574,102.0,0.36973690849166085,197.13043856378002,130090.26801067826,786.9131063677169,500000.0,0.6193362395660477,0,0,0.0,7,E2,3,inhouse
26.183019743195754,54.22508086955786,30.1028742035256,83.07644096075305,12.639590704447324,30.937145844507945,,,,,21.718881432551363,62.5793085557561,25.063096105320017,51.324720894994655,20.401050037371004,54.22508086955786,0.625,0.8333333333333334,38363.5914215517,540361.5398106,516568.89847653353,554,0.9559690326176694,23464.717834948005,0.04342410794663982,327.92349911843644,21.94189394232653,2.863730021317224,62.30581184171291,21.58127135674858,26.183019743195754,497.7341478387278,1779.9626022960858,879.1953540110815,0.4939403518236574,836.2864404451931,0.042862358377881916,332.5289095118583,6,0,0,0,0.0,554,102.0,0.33252890951185826,198.1004454803827,130728.44573182244,782.7870081117446,500000.0,0.6170076533259093,0,0,0.0,8,E2,3,inhouse
31.285402488360276,62.78888175584039,28.571436676860486,61.287705845184746,28.756800687196964,69.2413317844632,,,,,25.63564770757656,73.22840694745132,16.619469850693655,35.01589073679918,28.63972868066866,62.78888175584039,0.7105263157894737,0.8157894736842105,47374.080402398526,549233.9420670121,523308.8859298645,596,0.9527977895182879,24505.5319383026,0.04461765754329997,1419.5241988450507,25.884846032257133,7.452030528456817,70.32067158346536,25.94976603828408,31.285402488360276,727.4939249270785,2085.547282651126,1027.6497620927591,0.4927482443775725,970.375237724014,0.05094409051455833,405.0069017703805,5,1,0,0,0.0,596,102.0,0.4050069017703805,195.68749863631214,128219.88029992075,798.667154127999,500000.0,0.5758819241011616,0,0,0.0,9,E2,3,inhouse
12.926081311102893,13.521971852673968,65.23579677219843,140.68885522706086,14.051891443685918,34.70008386737359,,,,,22.607517553110135,73.94328877013177,18.53683903641384,53.299513259551894,45.54967933815515,13.521971852673968,0.9230769230769231,0.7692307692307693,13819.243346008723,516203.98819530365,510715.5235893313,535,0.9893676439324685,5113.674570284756,0.009906305815580057,374.7900356876277,22.861262086585317,2.09122761285289,73.72625092817667,22.568719665602263,12.926081311102893,560.5760314378956,1684.705357649621,833.8264422633588,0.4949390339843479,807.3019310834158,0.03617787588574079,245.35433714074458,1,0,0,0,0.0,535,102.0,0.2453543371407446,200.20020855946547,133679.03813456095,764.8570468783658,500000.0,0.6388071749168512,0,0,0.0,10,E2,3,inhouse
31.428197510107935,82.669150289936,25.941748444875657,63.05446235735136,24.375520544977107,60.0038422568544,,,,,21.485332696793236,61.46003276434604,7.893505828550133,19.87596621075818,24.85743682186897,82.669150289936,0.5,0.7575757575757576,26006.043708159235,527294.9549528928,513006.1062714429,539,0.97290160175584,13846.236973142,0.026258997631371208,442.6117083080584,21.78430057932166,2.3072800868158083,64.85989751641215,21.546981922687777,31.428197510107935,500.81852784901537,1686.1199939142143,830.5455077289246,0.49257793675814787,810.5481034380487,0.0374825964207887,258.789862832184,2,0,0,0,0.0,539,102.0,0.25878986283218397,199.33250035960546,132640.87361836457,770.9447855195227,500000.0,0.6306859359056781,0,0,0.0,11,E2,3,inhouse
22.28118598703239,52.12877621770043,33.94289463211661,79.44819061689907,,,,,,,23.44701780106615,72.26236336169714,8.211600196860088,20.049665411528984,33.94289463211661,52.12877621770043,0.8571428571428571,0.8461538461538461,3605.0987133016765,503977.3460501888,502005.57446068624,520,0.9960875789260055,1971.7715895025638,0.003912421073994473,0.0,23.347338022332732,3.260007342154767,72.26236336169714,23.432114002981287,22.28118598703239,447.61042340273974,1580.7819774329503,784.918860217782,0.496538340785249,750.652465146753,0.041137095201745126,296.2469288583614,3,1,0,0,0.0,520,102.0,0.2962469288583614,203.77512149891382,139159.1789128248,735.1024037942985,500000.0,0.6431527154606144,0,0,0.0,12,E2,3,inhouse
13.521758726694355,22.61884246628142,12.71100466080772,29.72406659787518,2.672116700598508,2.8594430223432936,,,,,17.4186914675122,53.0683669763406,13.504212921783852,32.65029886797293,8.946421675729265,22.61884246628142,1.0,1.0,6216.486291594783,506496.9548278934,504793.2405301338,521,0.996636279287526,1703.7142977596666,0.0033637207124741454,0.0,17.191194321659133,1.7691273463419748,50.556742518903775,17.318732606065858,13.521758726694355,323.45596331103957,1582.0321656429653,787.4595635272073,0.4977519298459839,754.3006151594478,0.03970253625923497,292.07681531447236,2,1,0,0,0.0,521,102.0,0.2920768153144724,202.64153439908853,137145.44750042714,745.8656388502862,500000.0,0.638888975494222,0,0,0.0,13,E2,3,inhouse
30.886987916080425,66.19498971387743,25.101367157964717,45.47013686171296,26.69480676661901,42.0048286318216,,,,,22.247606794795974,71.84171601816966,9.106359672456255,26.923705290851093,26.01190407719574,66.19498971387743,0.5,0.7959183673469388,58929.484502104126,560140.4496017806,517397.65769319056,559,0.9236927239606119,42356.87820837791,0.07561831722470781,385.9137002121979,22.58667735490861,2.589811681749552,71.44253134901923,22.5563308734087,30.886987916080425,562.2219048913387,1835.674218575527,912.0706834214951,0.4968586877737254,868.0682233190163,0.042948252084183215,305.3843267966033,1,1,0,0,0.0,559,102.0,0.3053843267966033,197.7306677090955,130604.4715762902,783.3222177774885,500000.0,0.6183211194149859,0,0,0.0,14,E2,3,inhouse
57.60596432636484,178.42511770605597,40.959118527325096,131.1812597774665,33.14603974862657,82.96056243531224,,,,,21.28949040201097,70.38990451440465,18.4619737326958,39.90060790559003,38.438770534196536,178.42511770605597,0.41935483870967744,0.6612903225806451,64862.71277757866,567048.0385654203,519219.57108402665,584,0.9156535880057088,46729.14792549708,0.08240774105085974,1099.319555896655,24.0210537736339,2.3595717876169147,80.59901093196646,22.231486991150323,57.60596432636484,645.5076121674433,2036.9009615665248,988.078732392266,0.4850892365588368,954.1802516900265,0.054202720575972085,505.73356928349824,4,2,0,0,0.0,584,102.0,0.5057335692834982,197.42270761341297,129381.612890309,792.2743524320481,500000.0,0.5530397351426962,0,0,0.0,15,E2,3,inhouse
28.447910570929718,93.55475517076411,45.1415346031998,93.89428374333784,82.52219142546346,84.57655116299102,,,,,26.61992221564702,86.08021108480591,2.8330496482815306,3.968379348336066,54.486698808765716,93.55475517076411,0.5882352941176471,0.68,8440.199489225186,508637.27469418704,502272.51176591427,524,0.9874866368531494,3028.9362770600983,0.005955002568148815,3335.82665121262,27.01388456230737,2.9901354186890785,87.4503487884262,26.768907201956374,28.447910570929718,528.0600961737863,1597.4945059635097,793.5354290829679,0.4967375012062132,757.8887935058007,0.04041977994591111,289.49408954850605,2,1,0,0,0.0,524,102.0,0.2894940895485061,203.6533787802046,138405.74369246577,739.0552686659689,500000.0,0.6388006539657712,0,0,0.0,16,E2,3,inhouse
9.514236333578006,22.124407354653762,3.5199308086937355,4.758782915942084,18.427760939689506,23.81501906343856,,,,,24.94916287930281,82.41186727717613,20.62427073005017,35.18641522677868,6.8327819489150174,22.124407354653762,0.8571428571428571,0.9565217391304348,10188.61735102234,511071.9197908895,506303.73035526066,533,0.9906702183176493,3565.515493961031,0.006976543527220004,1202.673941667742,24.156695109122392,2.892338985921924,78.74403880216805,24.77143285421833,9.514236333578006,653.9627737269756,1634.7471512583406,807.7428485911763,0.4941087360020289,778.0326746727603,0.04945422286701285,330.7280758116978,3,3,0,0,0.0,533,102.0,0.33072807581169783,202.11332040553756,136660.39360951306,748.7957949850977,500000.0,0.6530568215976729,0,0,0.0,17,E2,3,inhouse
22.122918892681636,51.53902739014302,13.287133216455185,38.24847621039907,7.502734786563286,6.2201729525068,,,,,22.546918617189114,71.48899864494445,33.81103054548224,102.7704535771507,10.257210229368953,51.53902739014302,0.7619047619047619,0.8809523809523809,68261.72443658626,570243.9701911092,516992.19366900536,559,0.9066158007698752,53251.776522104024,0.09338419923012503,0.0,22.41185964120003,2.157947249654171,67.73277015415056,22.243628950204123,22.122918892681636,432.2644678173651,1823.7068686207167,897.5688820363961,0.49216729808954124,867.610106963123,0.050472732722652194,366.33735989910286,0,3,0,0,0.0,559,102.0,0.3663373598991029,198.00364224732812,130310.64307974253,785.556228874236,500000.0,0.6311031985504784,0,0,0.0,18,E2,3,inhouse
39.20517742870893,136.84003462551675,20.308463252632524,47.48879546499489,44.37163614138889,107.77967834516883,,,,,20.62319313692558,62.02645181382904,7.898159995110267,27.33657913088574,26.725309356300887,136.84003462551675,0.6363636363636364,0.7619047619047619,37728.11627304937,538786.9281851918,515440.5568276182,576,0.9566686381271132,20758.82974323951,0.03852882959347574,2587.5416143340517,21.696315540093455,3.1787756336618713,68.55746822177787,21.08998922337362,39.20517742870893,839.6390569592372,2004.7357659474967,988.2356444709114,0.4929505729668281,949.1862544990067,0.04895704885901089,351.13038925974877,5,1,0,0,0.0,576,102.0,0.35113038925974877,198.5701921075055,130774.06276911956,782.6561951352675,500000.0,0.6119338159662187,0,0,0.0,19,E2,3,inhouse
14.111148941013672,41.983057687730465,31.442318842060992,44.3148590458263,15.839366021883961,26.72633617003039,,,,,23.771985104479675,69.08250572833407,43.474920865071184,108.62598281582622,26.98433232201041,41.983057687730465,0.75,0.967741935483871,42968.20466135957,544142.1487431035,508682.53253302554,546,0.9348339100509214,34817.76160672959,0.06398651838890632,641.8546033484074,23.92980634808481,3.478752517411561,69.5912397790953,23.693541513274226,14.111148941013672,649.7959483066286,1708.7772594505102,845.8530087591158,0.4950048369856677,808.5116692577959,0.04226480537649211,277.67977132355315,3,1,0,0,0.0,546,102.0,0.27767977132355315,201.06387231742286,136075.4849618871,751.6245839577213,500000.0,0.463972125028681,0,0,0.0,20,E2,3,inhouse
30.049949268044895,108.55472863708891,6.68951421960719,11.87237505776211,2.016862097736521,2.016862097736521,,,,,19.177536377266797,59.92204537259778,12.671387089969661,33.17886847597674,5.910738865962078,108.55472863708891,0.6842105263157895,0.84,17327.275816339392,518024.1647502009,505660.53642222023,531,0.976133105037788,12363.628327980688,0.023866894962212077,0.0,19.34314497262117,2.09122761285289,60.243293162088776,19.13770542783432,30.049949268044895,359.90360289705427,1642.0743313029338,813.5451199825893,0.49543745034797976,776.5175231943141,0.04591603253509354,400.9777491590905,3,2,0,0,0.0,531,102.0,0.40097774915909046,202.50933259236106,137410.07258915363,745.2217717352553,500000.0,0.6099025593011499,0,0,0.0,21,E2,3,inhouse
37.49595797456145,126.97716742975535,45.11558882736513,112.00365469077806,34.23938368745149,92.35924914390046,,,,,21.83564250407637,73.6264112502131,35.369562757632444,72.20691095795284,40.2817198762924,126.97716742975535,0.6363636363636364,0.7,19226.136203616657,520041.7500651535,505644.8686689481,528,0.972315912338958,11858.701415709893,0.02280336418032624,2538.179980495415,22.70701267227199,1.7691273463419748,78.8204596258588,22.010483662781514,37.49595797456145,766.6534973106351,1629.833638394087,804.602370876979,0.4936714716906766,776.6443174387716,0.04635758157852747,317.7418523632358,4,2,0,0,0.0,528,102.0,0.31774185236323577,202.35099413092615,136870.3853413751,747.552084383832,500000.0,0.6473699235835166,0,0,0.0,22,E2,3,inhouse
19.825151746343302,48.928415355857865,10.006959352376395,22.113140034042484,42.69531589420834,99.767539988294,,,,,23.257934003494665,73.66580341895843,13.807522608808325,33.968428430209606,17.436131293701838,48.928415355857865,0.7631578947368421,0.8833333333333333,44840.47463850063,545776.172684627,516585.4589502693,574,0.9465152287781803,28016.914156142127,0.05133407348717568,1173.7995782155201,22.57704350713089,3.3132663038186365,71.54194050160919,23.316115483910426,19.825151746343302,840.9629304041872,1981.0131722083568,976.6245121297767,0.4929924373198758,941.9635477134506,0.05012797431458542,359.3748771442744,2,2,0,0,0.0,574,102.0,0.3593748771442744,198.14606296728576,131476.28930333033,778.5386659414298,500000.0,0.611066299516283,0,0,0.0,23,E2,3,inhouse
36.13967571725308,67.62375050419631,32.99499238238627,59.24549649758465,51.94080190482227,67.21497125137375,,,,,20.046658733021083,64.83298614351234,14.643789014170023,41.31710166668436,43.52044211707294,67.62375050419631,0.42105263157894735,0.5,34421.87232108315,535140.8176419535,508220.3542492589,537,0.9496946177432007,24800.2794018899,0.046343464344898874,2120.1839908046786,20.91892231903079,1.7775981053964642,65.02441262269478,20.43477166346878,36.13967571725308,904.8083054116912,1689.0923480673334,842.3836031245158,0.49871968462137356,804.6495079306634,0.041979438971099264,280.3911290393612,3,1,0,0,0.0,537,102.0,0.2803911290393612,201.25205587274746,135588.44763157854,754.3444365330889,500000.0,0.6383753299261167,0,0,0.0,24,E2,3,inhouse
2.2306533367004704,2.2306533367004704,,,,,,,,,21.64594482058392,67.77967587958948,,,,2.2306533367004704,1.0,1.0,209.99028817615883,500209.99028817617,500209.99028817617,501,1.0,0.0,0.0,0.0,21.607191743769786,2.7373223428689926,67.55013137898959,21.63779419837948,2.2306533367004704,415.2575735551762,1462.8264086170932,730.9062723055913,0.49965345717033194,706.5527858333606,0.032687264014628584,214.75532457610979,1,0,0,0,0.0,501,102.0,0.2147553245761098,204.34369026833937,140051.29547598667,729.8379852694898,500000.0,0.0,0,0,0.0,25,E2,3,inhouse
37.245736603105094,61.108930467929895,29.802352335708445,71.576656075345,49.59623177887916,107.61966865119503,,,,,21.04362857034497,60.8687099302005,21.301132021212652,45.297091434928376,38.79957026442241,61.108930467929895,0.45454545454545453,0.6818181818181818,8275.236379187336,508449.34756596206,506323.36078462953,526,0.9958186852013676,0.0,0.0,2125.986781332494,21.755736100380492,2.973960443338001,64.35959440045644,21.388116810650043,37.245736603105094,837.1922675967347,1612.6394312946059,800.3265108174114,0.4962836051794416,769.3946675816416,0.038337138112566733,273.10020939805963,4,0,0,0,0.0,526,102.0,0.2731002093980596,201.99166803386166,136597.9685108103,748.7161143344839,500000.0,0.6364127486151916,0,0,0.0,26,E2,3,inhouse
8.828620446462121,20.744112308858444,7.124461201422243,14.526615804432138,3.783078503804518,5.413692208293287,,,,,20.42728490482887,70.14361692875171,28.771729101841075,77.05484132059348,6.213175011162863,20.744112308858444,0.9285714285714286,0.96,12370.949722949961,513597.1255335828,507770.994771129,532,0.9886562239685415,3698.7275552100086,0.007201612647982311,2127.403207243825,19.953636488153375,1.831290664308014,68.62153187206546,20.291785794328373,8.828620446462121,692.6441292158461,1679.2217720534272,835.3062202307316,0.4974365114437993,807.124924428554,0.0367859171147032,245.01648289178246,2,0,0,0,0.0,532,102.0,0.24501648289178246,201.36049033083773,135273.87492656388,755.8371233055719,500000.0,0.6461954758367382,0,0,0.0,27,E2,3,inhouse
27.82660298528583,68.19865909656127,15.432349337225688,44.76629615647994,2.499530388517087,2.591312600212041,,,,,22.31119185994737,72.73146513375592,10.448220212531965,28.07982320319519,12.845785547483967,68.19865909656127,0.6666666666666666,0.7727272727272727,26590.43369586375,527415.1934686946,505477.42942083365,529,0.9584051344755902,21390.54491196444,0.040557316468802306,547.2191358964617,22.100398039243252,2.09122761285289,70.64833359462853,22.226099228619805,27.82660298528583,561.3344325924122,1639.1419312013454,806.168141719053,0.49182326824389355,786.0648557695529,0.036513479795931426,247.55925483069706,2,0,0,0,0.0,529,102.0,0.24755925483069705,202.27917866082365,136772.70790796925,747.5728222302242,500000.0,0.6432209314281394,0,0,0.0,28,E2,3,inhouse
13.368590490857354,34.18014033013224,13.356809673948513,25.655583219216624,22.376265526723554,45.07974301939467,,,,,21.323584972694757,70.76948204139643,13.66231334369162,46.52138370769158,16.96459201505853,34.18014033013224,0.72,0.9666666666666667,77164.28456252046,580470.7951857878,523608.17710711027,577,0.9020405185751371,53710.12564308145,0.0925285580059041,3152.4924355960648,20.475504374973337,2.709745867406127,65.40298502132414,21.099974046207276,13.368590490857354,1028.5792490528345,1991.2188179939315,978.4905685815962,0.49140283314888716,942.0192354616064,0.04968941715071713,343.71460060355764,2,2,0,0,0.0,577,102.0,0.3437146006035577,195.45858730863162,127006.33179827887,805.8158451749764,500000.0,0.6138968408351646,0,0,0.0,29,E2,3,inhouse
3.7245338103989725,8.961095455951567,6.284005738408102,10.144016548891525,4.455710733217143,8.835683913106005,,,,,11.930704511444175,46.5334856860083,7.980302004688145,18.94229577230999,5.776146014743947,8.961095455951567,1.0,1.0,13968.57625752051,515078.73700219905,513436.5111023698,553,0.9968116992959424,1642.2258998292493,0.0031883007040576753,0.0,11.295651026200042,1.76912734634152,44.78440878500426,11.72727670813055,3.7245338103989725,212.48180440982432,1824.1708659163482,907.9651176859826,0.4977412668137742,854.9483577902529,0.04046080569281051,314.8120283284125,3,0,0,0,0.0,553,102.0,0.3148120283284125,199.27451557477713,132925.2341104636,769.716997024829,500000.0,0.3593855859793349,0,0,0.0,0,E2,3,pooled_greedy
4.846531180662369,7.290548219724313,6.5098615020532975,11.062817886143023,2.4813527090134357,2.4813527090134357,,,,,13.703835445729329,52.77558650187658,8.528170696485995,21.175561593547357,5.934360245904746,7.290548219724313,0.9333333333333333,1.0,22776.714596747763,523156.8520526396,504367.36895465193,527,0.9640844174662611,18789.483097987624,0.03591558253373893,0.0,13.299425172254958,1.76912734634152,49.46125577484375,13.625714612835388,4.846531180662369,235.45136646175345,1645.5827444534098,821.5654504095401,0.49925502268342514,773.813711737279,0.05129234426948863,411.0651628360558,4,3,0,0,0.0,527,102.0,0.4110651628360558,203.04855441995082,138002.39764836428,742.0962744704162,500000.0,0.3476346990429951,0,0,0.0,1,E2,3,pooled_greedy
27.959991331794754,107.00118337657533,5.657121301141245,9.479680459103246,20.969533126466786,57.49452575605892,,,,,13.530578994969867,50.62908327576778,19.086222005148148,63.92268352706451,12.219583511995049,107.00118337657533,0.7727272727272727,0.8333333333333334,29310.196036041838,530894.1092591553,511928.95770149544,546,0.9642769598929528,18965.151557659832,0.03572304010704706,0.0,14.180120322351335,1.7691273463416337,54.13046986942277,13.877558383434888,27.959991331794754,252.5347544428243,1772.689311437089,875.4582660582514,0.4938588281713801,835.9041128098448,0.04841885278098905,380.42649970594,3,2,0,0,0.0,546,102.0,0.38042649970593995,199.98951995093765,133480.57730178395,767.0061710044585,500000.0,0.37791230979714757,0,0,0.0,2,E2,3,pooled_greedy
3.8216108223881964,6.331667354782349,8.228193081668373,14.49111971855673,31.32749194551739,98.47850319257705,,,,,12.379388375992967,46.06730866544762,9.800433695999345,8.156311939186072,16.31294768401553,6.331667354782349,1.0,0.9534883720930233,28096.063942230638,529506.0597141038,513879.2975357269,555,0.9704880390097627,15626.76217837676,0.02951196099023705,0.0,12.110730441340026,1.76912734634152,43.628664000084065,12.60773442819409,3.8216108223881964,222.36969522871826,1869.2160711151391,925.5666881911102,0.4951630271608646,881.6226912883434,0.04986185208600748,393.0038373344432,3,2,0,0,0.0,555,102.0,0.39300383733444316,199.25496965601283,131974.69219140537,775.853325642404,500000.0,0.3514746534054047,0,0,0.0,3,E2,3,pooled_greedy
7.045774068932057,8.681735510598813,7.429555316409392,16.714218105416872,3.044312229197961,3.640100739422815,,,,,12.143328040239638,42.72293559783902,2.110470920664303,2.7586418637322825,5.107956034944516,8.681735510598813,0.9444444444444444,0.9714285714285714,32491.15341102122,534209.4492904893,514996.84629887406,547,0.964035448985164,19212.602991615313,0.03596455101483612,0.0,11.536835204757997,1.7691273463416337,37.289064411169235,11.90219292167057,7.045774068932057,212.24757616403042,1774.599813521376,884.6987418671214,0.4985342245199468,842.1080106328966,0.04429508425556759,324.9523282497091,4,1,0,0,0.0,547,102.0,0.3249523282497091,198.69044454083178,131355.83189576646,778.9905545225175,500000.0,0.3860062548772956,0,0,0.0,4,E2,3,pooled_greedy
16.952035183542595,43.75114934242637,29.799192825215837,84.0978571755618,25.89937893258061,78.1198418068997,,,,,13.465682680785159,56.1534717958417,8.980901677227825,9.05806438613208,28.17427036995116,43.75114934242637,0.8888888888888888,0.803921568627451,43452.69323580841,545967.1247273687,520985.4627643918,566,0.9542432852977153,24981.66196297697,0.04575671470228484,0.0,14.136823859338294,1.76912734634152,61.80910500528307,13.626003372749052,16.952035183542595,254.75696727018848,1884.4014521679494,930.8035422931003,0.4939518281639179,882.7058869007066,0.04372124899074638,347.517999298461,5,0,0,0,0.0,566,102.0,0.347517999298461,196.44985381402793,129007.57782825286,793.3450090470901,500000.0,0.30919242389934753,0,0,0.0,5,E2,3,pooled_greedy
6.164074821560141,20.005497433289865,16.759726730639038,28.268741098395644,15.156470424637822,30.758516246384715,,,,,12.118436775911098,48.077077225520064,10.266082853212257,34.59475613468349,16.25343526558602,20.005497433289865,0.9285714285714286,1.0,31608.77227884693,533346.8920584851,513636.09011674643,560,0.9630431858978993,19710.80194173866,0.03695681410210081,0.0,11.91801219660201,1.76912734634152,44.45030116081757,12.09231573741214,6.164074821560141,222.35513051394804,1849.9146165195332,914.2988788359775,0.4942384208824502,851.8358887676035,0.04207509793286593,378.07874263699745,2,0,0,0,0.0,560,102.0,0.3780787426369974,199.32025944549005,132852.65284150673,770.6137329811103,500000.0,0.29179750640303476,0,0,0.0,6,E2,3,pooled_greedy
20.473453661999706,55.31971483891313,37.56571175689891,97.70144847988668,21.474499526480045,45.852866346416135,,,,,12.432037120952316,46.71674501480507,11.584733839094113,37.722945425409385,30.982943117182096,55.31971483891313,0.7837837837837838,0.847457627118644,40773.60461111535,544565.4292464787,522462.1533310679,579,0.9594111658061082,22103.275915410803,0.040588834193891726,0.0,13.621512558428387,1.7691273463417474,52.376599073450485,12.842832775702902,20.473453661999706,232.24364796931414,1958.9759364468061,970.267303392742,0.4952931199107093,920.5295561668046,0.05434975226274497,499.3035369252803,1,3,0,0,0.0,579,102.0,0.4993035369252803,196.18512629751135,128409.48763486373,798.2221985682644,500000.0,0.3771732999433633,0,0,0.0,7,E2,3,pooled_greedy
15.438162132797293,61.54674360009379,26.652627252449008,76.74434844157804,4.9357346065153935,9.350959308034199,,,,,12.860431677850679,47.56811489014263,3.7078544962555973,3.2887961799092866,14.587686893597,61.54674360009379,0.8,0.8604651162790697,38363.5914215517,540361.5398106,516896.82197565195,555,0.9565758920533601,23464.717834948005,0.04342410794663982,0.0,12.834671189702856,1.76912734634152,47.653918318095755,12.725317636032655,15.438162132797293,234.3032418161224,1786.8599065987748,883.4570564839992,0.49441875841605776,843.6091158482172,0.041609825807971616,311.66785711040995,5,0,0,0,0.0,555,102.0,0.31166785711040995,197.93441071287864,130557.64720981177,783.6512838860458,500000.0,0.3576021593950062,0,0,0.0,8,E2,3,pooled_greedy
15.356872490325463,53.12442896443973,19.464259187338016,76.65423642200466,8.947453936000018,28.788650545247204,,,,,11.959005274871455,41.301233570011625,6.477010039082859,21.359658285830537,15.419334090669555,53.12442896443973,0.8157894736842105,0.8441558441558441,47374.080402398526,549233.9420670121,524728.4101287095,597,0.9553823424567001,24505.5319383026,0.04461765754329997,0.0,12.217685129624565,1.769127346341758,44.68129494388557,12.020722570687713,15.356872490325463,219.58481290921432,2103.646776278822,1042.6703136549102,0.4956489489643828,969.0341138027384,0.060954891599770376,572.9039933352949,6,3,0,0,0.0,597,102.0,0.5729039933352948,195.47808354454335,127731.105144753,803.0377868968812,500000.0,0.2834827451512294,0,0,0.0,9,E2,3,pooled_greedy
2.9469074653009266,4.5559691733306185,5.7758099739376405,10.087576743384238,2.7603525702267233,3.459382493374824,,,,,11.102343423144042,40.003180432360324,4.640283959252985,11.105662138868457,4.616018664818057,4.5559691733306185,1.0,1.0,13819.243346008723,516203.98819530365,511090.3136250189,536,0.99009369418442,5113.674570284756,0.009906305815580057,0.0,10.623505996944301,1.76912734634152,35.79170810350956,10.928480024508163,2.9469074653009266,196.7478414596389,1699.9291916234947,846.4146744074612,0.49791172395781036,808.3648968707053,0.036020760793117584,261.8388779002422,0,0,0,0,0.0,536,102.0,0.26183887790024224,200.08565248005968,133528.14170486326,765.8448441822038,500000.0,0.3456056693147964,0,0,0.0,10,E2,3,pooled_greedy
22.47386763915359,77.53026573707767,23.668763714741544,57.25504687256936,13.523364787214017,15.640840676486356,,,,,12.864998870811219,47.3761434594646,3.0428122209190938,5.162835254609945,16.422050195079027,77.53026573707767,0.75,0.7941176470588235,26006.043708159235,527294.9549528928,513448.71797975095,540,0.9737410023686289,13846.236973142,0.026258997631371208,0.0,13.203967341195002,1.76912734634152,48.38707903321835,12.88176383827301,22.47386763915359,238.2863493542769,1704.2292699098398,845.1867757439121,0.49593490187422123,810.8032240729005,0.03767364566095617,287.920905731569,1,0,0,0,0.0,540,102.0,0.287920905731569,199.21740443368978,132415.01635049446,772.4797664562582,500000.0,0.3583954743256584,0,0,0.0,11,E2,3,pooled_greedy
17.18173618180065,43.941450443060276,20.375290665563437,53.909694545298066,,,,,,,13.986636098490541,54.988486707335056,4.20974671202969,8.913359564020908,20.375290665563437,43.941450443060276,0.8571428571428571,0.8461538461538461,3605.0987133016765,503977.3460501888,502005.57446068624,520,0.9960875789260055,1971.7715895025638,0.003912421073994473,0.0,13.971750333645122,1.76912734634152,54.988486707335056,13.976959256369422,17.18173618180065,246.5096443726712,1587.927074983641,792.0639577684728,0.4988037361707135,757.6192041755287,0.04389013436602737,300.33657093065267,2,2,0,0,0.0,520,102.0,0.3003365709306527,203.78326810580495,139164.74227658362,735.1024037942985,500000.0,0.3571622079005124,0,0,0.0,12,E2,3,pooled_greedy
2.9428587016286833,4.2764756073846,7.2934045176257785,16.682433196153703,2.672116700598508,2.8594430223432936,,,,,10.844272164004757,39.46367118649952,3.738298685690347,7.220429821728067,5.560421586240552,4.2764756073846,1.0,1.0,6216.486291594783,506496.9548278934,504793.2405301338,521,0.996636279287526,1703.7142977596666,0.0033637207124741454,0.0,10.573615773001505,1.76912734634152,38.37410453473149,10.77027065588056,2.9428587016286833,181.39305953251332,1581.4173000080102,786.8446978922525,0.4975566524334007,752.4743273907735,0.04391240715365609,324.00139938788146,2,2,0,0,0.0,521,102.0,0.3240013993878815,202.70477729045507,137188.24955807737,745.8656388502862,500000.0,0.36601324679369096,0,0,0.0,13,E2,3,pooled_greedy
15.38197260107612,59.429857349620804,14.969143593928424,30.747690424826896,9.27906389465513,9.61981597417439,,,,,11.942427860189522,43.22850894344981,4.220323313399876,10.962720188422463,11.71766948005797,59.429857349620804,0.7586206896551724,0.9,58929.484502104126,560140.4496017806,517783.5713934028,560,0.9243816827752923,42356.87820837791,0.07561831722470781,0.0,11.97422397810926,1.76912734634152,43.22850894344981,12.012329891668472,15.38197260107612,221.22301817035196,1830.6793016792942,904.8292306105837,0.4942587321441707,851.3249355407928,0.04061813233389265,343.01305807338167,1,0,0,0,0.0,560,102.0,0.34301305807338167,197.65596807689167,130508.06461674048,784.1891867649816,500000.0,0.32660577573258404,0,0,0.0,14,E2,3,pooled_greedy
28.63972764606514,82.38838396343758,25.599602051963476,86.83979759727004,25.408969886352132,86.0387772955851,,,,,12.911644195352567,48.00034724516678,14.675014906947998,24.985452861424616,25.538107804992073,82.38838396343758,0.6470588235294118,0.7384615384615385,64862.71277757866,567366.0824720417,520636.93454654457,589,0.9176384536031904,46729.14792549708,0.08236154639680945,0.0,14.555949978546694,1.7691273463417474,59.620408593700525,13.646073261918499,28.63972764606514,246.6574302342747,2090.4733894605074,1029.2512829675813,0.4923532096398521,974.990395417257,0.05970441741336812,561.1270928465475,5,3,0,0,0.0,589,102.0,0.5611270928465475,196.99164674548777,128872.50936155941,795.8340192251961,500000.0,0.4077924161555459,0,0,0.0,15,E2,3,pooled_greedy
22.19533757476449,87.89902001727879,32.893607273769106,89.25232796670025,88.29845289050172,88.96788049714851,,,,,13.118062196314236,53.62839257578019,3.539664764824124,4.109702371644585,46.74481867795226,87.89902001727879,0.7777777777777778,0.6923076923076923,8440.199489225186,508637.27469418704,505608.3384171269,528,0.9940449974318512,3028.9362770600983,0.005955002568148815,0.0,13.900729267909366,1.76912734634152,62.49251025059057,13.408577958338224,22.19533757476449,239.77349114741966,1609.3811620867057,799.1129235436433,0.49653428433791436,764.7689371795221,0.04143550673029276,291.58926797945185,3,1,0,0,0.0,528,102.0,0.29158926797945184,202.31388902369895,137512.29024596143,743.872341046866,500000.0,0.3308281423637722,0,0,0.0,16,E2,3,pooled_greedy
3.4977894745704248,7.029601400087267,3.1133942469927467,4.345549987595405,3.496672040779231,5.430732643496595,,,,,12.757628219401237,51.687913299842805,13.667420784449963,40.572292971487514,3.2283775851286918,7.029601400087267,1.0,1.0,10188.61735102234,511539.3687118152,507973.85321785416,536,0.9930298316961608,3565.515493961031,0.006970168303839245,0.0,12.339377530409347,1.76912734634152,48.436064187015745,12.615470992052655,3.4977894745704248,218.64756825654968,1654.285178571674,818.4873899436499,0.4947680125202717,785.4696314736633,0.046628662065303736,313.4047119782639,4,2,0,0,0.0,536,102.0,0.31340471197826386,201.4147068079491,135732.71758350203,753.7858707428857,500000.0,0.36989445068733273,0,0,0.0,17,E2,3,pooled_greedy
5.35166111885021,11.409428605388712,4.861739010002748,5.702664296415599,2.860152352894478,3.739932933233831,,,,,12.627948794048145,44.79374737793852,23.98504031808111,85.24781603871307,3.8132888562793683,11.409428605388712,1.0,1.0,68261.72443658626,570243.9701911092,516992.19366900536,559,0.9066158007698752,53251.776522104024,0.09338419923012503,0.0,12.368844422019984,1.76912734634152,41.683872930700495,12.366269927199207,5.35166111885021,224.0980155079388,1843.5003846361737,917.3623980518528,0.4976198571463276,877.6592172892258,0.043241993551737766,313.75385313923806,1,1,0,0,0.0,559,102.0,0.3137538531392381,197.9019318010123,130243.70515114228,785.556228874236,500000.0,0.3818570644946367,0,0,0.0,18,E2,3,pooled_greedy
29.45985076387024,100.59901456274038,16.713538931906886,16.624685519996728,27.141678523246718,86.93273536202568,,,,,11.64585142785138,40.36663957729558,4.7585838786839645,8.667521462929372,19.972332554200584,100.59901456274038,0.7058823529411765,0.803030303030303,37728.11627304937,538786.9281851918,518028.0984419523,580,0.9614711704065243,20758.82974323951,0.03852882959347574,0.0,12.983268027471158,1.7691273463417474,41.880249865140115,12.060896557560605,29.45985076387024,215.68765084281006,2015.0440814303784,988.3460756199729,0.4904836001991558,925.8630653720209,0.05429818634267711,547.8694041211885,3,2,0,0,0.0,580,102.0,0.5478694041211885,197.95812179406752,130092.71196261056,788.2675966782373,500000.0,0.36365959729191966,0,0,0.0,19,E2,3,pooled_greedy
6.514014540987428,10.3258435222167,5.2804964658842435,8.771817448708635,3.2333228595543915,4.035458477837165,,,,,13.93259128948211,57.31553812971693,28.69887026793353,94.94654832882429,4.695589721218572,10.3258435222167,0.9230769230769231,0.9696969696969697,42968.20466135957,544212.79875335,509395.0371466205,549,0.936021788376738,34817.76160672959,0.06397821162326212,0.0,13.893827094976675,1.76912734634152,55.20019767254251,13.87772406715275,6.514014540987428,247.94503064253973,1715.5642411853796,845.1222509197661,0.49262057965012357,797.105986056645,0.04735801230388408,365.6401135557363,2,2,0,0,0.0,549,102.0,0.36564011355573633,200.95531492995596,135875.23046290464,753.3796981599427,500000.0,0.33900560830070897,0,0,0.0,20,E2,3,pooled_greedy
19.315863658111226,96.21845173844812,6.018814180816207,10.355109190328221,2.016862097736521,2.016862097736521,,,,,11.554103934940686,42.82838193607277,2.777061942300103,4.088617987487851,5.351822166969593,96.21845173844812,0.8421052631578947,0.88,17327.275816339392,518024.1647502009,505660.53642222023,531,0.976133105037788,12363.628327980688,0.023866894962212077,0.0,11.662573788380554,1.76912734634152,42.80340227900706,11.53391618531551,19.315863658111226,195.22026787123016,1651.08073573537,822.5515244150241,0.4981897654136643,780.5182926323416,0.050234758763929625,435.42726905265255,3,3,0,0,0.0,531,102.0,0.4354272690526525,202.5774603528094,137456.29979453082,745.2217717352553,500000.0,0.35196532463119423,0,0,0.0,21,E2,3,pooled_greedy
27.80613264718952,99.19550760487891,41.194118450962335,98.24437583007894,35.90794792031458,103.6073588688887,,,,,12.762707188759823,48.24309360130211,21.748083926470777,67.00652541982855,38.31075270697265,99.19550760487891,0.7272727272727273,0.6818181818181818,19226.136203616657,520041.7500651535,508183.0486494436,531,0.9771966358196738,11858.701415709893,0.02280336418032624,0.0,13.75587963957426,1.76912734634152,54.755847727747096,13.075489329431097,27.80613264718952,223.9520725354998,1643.1642050867422,811.385987523453,0.4937948289109792,767.3633285434535,0.05221335012573922,400.30625418125,4,3,0,0,0.0,531,102.0,0.40030625418125,201.50279810852044,136025.5605978332,752.8019425476452,500000.0,0.34842624385531673,0,0,0.0,22,E2,3,pooled_greedy
8.413685001974079,16.800423749422595,8.208940188500115,19.03061667233515,22.980733683731973,62.1731854025993,,,,,12.684684510738942,49.12472264462132,3.7957094429395513,8.277044353352878,12.06245153508234,16.800423749422595,0.9487179487179487,0.967741935483871,44840.47463850063,545940.8138001754,517923.8996440332,577,0.9486814074933827,28016.914156142127,0.051318592506617106,0.0,12.140117846442715,1.7691273463416337,39.29691558190522,12.75016115606309,8.413685001974079,234.67703115803116,1981.5014629688596,968.1793496318313,0.48860895019538364,908.8925485737403,0.04788158503532481,468.8540847233364,6,0,0,0,0.0,577,102.0,0.46885408472333645,197.8453864653663,130881.2404732519,782.9147532083853,500000.0,0.30956269797953456,0,0,0.0,23,E2,3,pooled_greedy
36.61438326193239,76.06916060516886,35.80284344152824,61.96383050961122,36.41782101201079,63.419815166135784,,,,,12.02736524356997,47.66762645074063,2.9626142287227393,4.778275939254856,36.19419280456259,76.06916060516886,0.47368421052631576,0.5,34421.87232108315,535140.8176419535,510340.5382400636,539,0.9536565356551011,24800.2794018899,0.046343464344898874,0.0,13.235910116271603,1.76912734634152,51.98180199990475,12.494823695088796,36.61438326193239,221.2465617736191,1688.8581906845886,835.2253277703168,0.494550301722937,791.6490600047135,0.04794348940173031,448.1932222277794,4,2,0,0,0.0,539,102.0,0.4481932222277794,200.74476853343026,134528.19920333746,761.5369404252472,500000.0,0.3713133431744466,0,0,0.0,24,E2,3,pooled_greedy
2.2306533367004704,2.2306533367004704,,,,,,,,,12.843623276037983,48.11283682629808,,,,2.2306533367004704,1.0,1.0,209.99028817615883,500209.99028817617,500209.99028817617,501,1.0,0.0,0.0,0.0,12.822439703304774,1.76912734634152,48.090883162453565,12.839167905974936,2.2306533367004704,227.44282826442117,1463.377951906419,731.4578155949168,0.49984203646228814,706.7458259846234,0.036735708257594465,241.35360325239563,1,1,0,0,0.0,501,102.0,0.24135360325239563,204.39686449355017,140087.73956250056,729.8379852694898,500000.0,0.0018677312654820089,0,0,0.0,25,E2,3,pooled_greedy
24.145012501709804,63.977247096469,15.356980688854796,35.27194185829876,17.43568779778395,53.48065490424524,,,,,12.407767343773202,41.67596324307697,6.066550184628795,14.036730896369775,16.476284516739724,63.977247096469,0.6363636363636364,0.7083333333333334,8275.236379187336,508449.34756596206,508449.34756596206,528,1.0,0.0,0.0,0.0,12.704425584965037,1.76912734634152,46.27008144912486,12.548305979456503,24.145012501709804,227.18070100602893,1634.2440026898735,814.4117587180425,0.49834159242901716,775.5533233331937,0.03811747416227495,282.8505329680896,3,0,0,0,0.0,528,102.0,0.28285053296808965,201.16625387093993,135200.57021697733,756.526768850301,500000.0,0.37775091058406857,0,0,0.0,26,E2,3,pooled_greedy
2.80610255370523,4.608417261664863,4.288984361865154,6.9071327850534985,3.260044974551306,4.043045662994655,,,,,11.988536288223472,44.08586821333257,21.464593422866955,56.50302492916836,3.946004566093871,4.608417261664863,1.0,1.0,12370.949722949961,513597.1255335828,509898.3979783728,534,0.9927983873520178,3698.7275552100086,0.007201612647982311,0.0,11.709030677976912,1.76912734634152,42.821644876182766,11.85942323906493,2.80610255370523,215.03653254734562,1682.7441399512986,834.7343136051896,0.4960553977203856,801.7834727240188,0.036740350803895566,266.25458482151635,1,0,0,0,0.0,534,102.0,0.26625458482151637,200.56202370959224,134499.45692768795,760.3469703212538,500000.0,0.4107793635274472,0,0,0.0,27,E2,3,pooled_greedy
24.166260694302782,61.66181832416096,11.664330783353094,25.10721770189896,3.2520035096581523,4.197042273411808,,,,,12.933532258775104,53.39236746026176,4.540856922085742,9.776794059246779,9.37005970870902,61.66181832416096,0.6666666666666666,0.8260869565217391,26590.43369586375,527415.1934686946,506024.64855673007,530,0.9594426835311975,21390.54491196444,0.040557316468802306,0.0,13.003052665980348,1.76912734634152,53.39236746026176,12.925151759003873,24.166260694302782,229.56723044006756,1632.358136518137,795.7334127482064,0.48747477342535067,769.6719860801859,0.04302463104339808,335.8560509619353,3,1,0,0,0.0,530,102.0,0.3358560509619353,202.2349234228837,136525.95855999546,749.5706833363203,500000.0,0.33855718896823755,0,0,0.0,28,E2,3,pooled_greedy
6.31396039810143,11.002800750156467,10.564456145203721,36.94081344285405,11.891455609182056,39.61771150076311,,,,,14.005076207428377,55.76076198240613,4.756761867569522,6.9712649152624095,11.138293751248407,11.002800750156467,0.9230769230769231,1.0,77164.28456252046,580756.8195154486,527046.693872367,582,0.9075170125632027,53710.12564308145,0.09248298743679705,0.0,13.177313433582196,1.7691273463417474,45.04028928477913,13.755422671486771,6.31396039810143,248.87807774359896,2029.2948526311122,1003.2693278866453,0.4943930777658267,948.1870061296399,0.055541973856208446,418.7104529968118,2,3,0,0,0.0,582,102.0,0.41871045299681175,194.3256862129168,125761.60671163692,814.3877382851522,500000.0,0.4183787506189332,0,0,0.0,29,E2,3,pooled_greedy
4.198049768155837,5.424602472691503,7.869187041301442,16.32698215835626,3.930995137155162,6.007653693795737,,,,,12.47994039299871,47.63240551648776,8.558554347350269,20.273476272179778,6.775244845705253,5.424602472691503,1.0,1.0,13968.57625752051,515078.73700219905,513436.5111023698,553,0.9968116992959424,1642.2258998292493,0.0031883007040576753,0.0,11.856820788388143,2.3738268754068486,45.97464628512873,12.27326368227702,4.198049768155837,224.01344950233187,1825.2739524949995,909.0682042646336,0.49804480199918044,857.6076387553874,0.04022192420207628,305.48973255302917,3,0,0,0,0.0,553,102.0,0.3054897325530292,199.25635890774274,132913.12278147982,769.716997024829,500000.0,0.35881066906705844,0,0,0.0,0,E2,3,central_assign
5.5123737405873685,8.467064672373269,6.914522548626242,11.3699329692393,3.1657757999739715,3.1657757999739715,,,,,14.510793668662613,53.581910402114325,9.315370136176217,22.035922003362884,6.3789872988187755,8.467064672373269,0.9333333333333333,1.0,22776.714596747763,523156.8520526396,504367.36895465193,527,0.9640844174662611,18789.483097987624,0.03591558253373893,0.0,14.097366607614287,2.3632308624910365,51.367807728300704,14.431038926732606,5.5123737405873685,256.7721191531866,1644.629351485773,820.6120574419028,0.49896474041433986,772.6963838093235,0.04732781237834932,387.9907099494365,4,2,0,0,0.0,527,102.0,0.38799070994943646,203.00280512230208,137971.3040373593,742.0962744704162,500000.0,0.37536741766910603,0,0,0.0,1,E2,3,central_assign
30.142051836229143,108.82963455324553,6.916210340500015,12.388978037855463,21.730345920657935,57.82359376103295,,,,,14.82113266350135,56.26605882605764,19.36619428788913,64.99784256783578,13.265125589139123,108.82963455324553,0.7727272727272727,0.8333333333333334,29310.196036041838,530894.1092591553,511928.95770149544,546,0.9642769598929528,18965.151557659832,0.03572304010704706,0.0,15.481804346656691,2.473381133487919,62.170794810251664,15.171806058431615,30.142051836229143,280.93387654978056,1780.120540159077,882.88949478024,0.49597174734096505,844.2226787500106,0.04791530375028465,360.72787288906926,3,2,0,0,0.0,546,102.0,0.36072787288906927,199.9510407312715,133454.89481373946,767.0061710044585,500000.0,0.3812134770331494,0,0,0.0,2,E2,3,central_assign
4.543513742773455,8.044502534365531,10.920291337969799,21.893959582910792,32.09221133702268,100.55883151221443,,,,,12.982514372666614,46.936906261711336,10.193169831601741,14.321395789526335,18.33046333763831,8.044502534365531,1.0,0.9534883720930233,28096.063942230638,529506.0597141038,513879.2975357269,555,0.9704880390097627,15626.76217837676,0.02951196099023705,0.0,12.76519875161997,2.3584953880598505,45.45059110953863,13.218234991974727,4.543513742773455,235.54643066795182,1866.085256524653,922.4358736006243,0.49431603962111786,876.8721646788322,0.05018539813522577,404.69901978309935,3,2,0,0,0.0,555,102.0,0.40469901978309936,199.27772827365848,131989.766151988,775.853325642404,500000.0,0.3394969571372736,0,0,0.0,3,E2,3,central_assign
7.645981949092048,11.207069204782243,4.386770804197226,6.195263077534582,3.4177009483107668,4.176454392405685,,,,,13.163538876291533,46.428179225030746,2.6496544248659384,3.4838128388941185,3.873733821669101,11.207069204782243,0.9444444444444444,0.9714285714285714,32491.15341102122,534209.4492904893,514996.84629887406,547,0.964035448985164,19212.602991615313,0.03596455101483612,0.0,12.462607753740746,2.4252433916828977,38.79150078646399,12.90584914693255,7.645981949092048,232.8240931210391,1775.9652386010814,886.0641669468265,0.49891976919817116,844.478521840053,0.04411848968294264,319.08612877844575,4,1,0,0,0.0,547,102.0,0.3190861287784458,198.6790537924934,131348.3013815167,778.9905545225175,500000.0,0.4050875117604715,0,0,0.0,4,E2,3,central_assign
12.157054233006223,15.476148827231539,41.17081267051656,105.65630131603768,28.20844186884417,79.52648746786926,,,,,13.828519552046803,56.079493840596335,9.032083529854026,7.692602327456006,35.7698248364864,15.476148827231539,0.9259259259259259,0.803921568627451,43452.69323580841,545967.1247273687,520985.4627643918,566,0.9542432852977153,24981.66196297697,0.04575671470228484,0.0,14.552044680809281,2.423700125904645,62.62856713503788,13.980566755608292,12.157054233006223,262.3663635272522,1887.3971184004722,933.7992085256237,0.4947550250140247,885.0877979106251,0.043676701195181696,346.14529115985073,5,0,0,0,0.0,566,102.0,0.3461452911598507,196.4472189840054,129005.84754934149,793.3450090470901,500000.0,0.31169576660705395,0,0,0.0,5,E2,3,central_assign
6.788901175313744,14.486748870965995,19.977032584083734,32.575888642600695,20.496744085265732,45.475616863928735,,,,,12.92712301249742,49.72480183052496,8.105591274456446,22.06532869510785,20.14115200550963,14.486748870965995,0.9285714285714286,0.9787234042553191,31608.77227884693,533346.8920584851,513636.09011674643,560,0.9630431858978993,19710.80194173866,0.03695681410210081,0.0,12.753045203268055,2.4162118203918226,46.12265301296822,12.947895283713441,6.788901175313744,235.33732625086242,1853.3567690132757,917.74103132972,0.4951777481128601,853.0381429806248,0.04615458473684495,405.1530283932307,2,1,0,0,0.0,560,102.0,0.40515302839323075,199.37297047237692,132887.78624829339,770.6137329811103,500000.0,0.3384059370780226,0,0,0.0,6,E2,3,central_assign
18.51753351014542,32.77564300106464,49.046677080856526,133.27948982862839,11.079688520654933,28.836371996487742,,,,,13.397226246281695,46.95179914483416,12.265077475048892,38.064100416786715,33.51472721531952,32.77564300106464,0.7567567567567568,0.864406779661017,40773.60461111535,544565.4292464787,522462.1533310679,579,0.9594111658061082,22103.275915410803,0.040588834193891726,0.0,14.449719190421824,2.4777579930694174,54.27394338631498,13.505168421537206,18.51753351014542,239.94705951676315,1955.2918103195207,966.5831772654568,0.49434216016457627,917.0871200069853,0.06263335986946687,561.6158602050409,1,5,0,0,0.0,579,102.0,0.5616158602050408,196.30439297143684,128487.55151656424,798.2221985682644,500000.0,0.3743029099855176,0,0,0.0,7,E2,3,central_assign
13.906306281629822,65.23280558165244,30.302974826938424,86.6793428207739,6.434603645557442,13.567050620969457,,,,,14.426334814661168,56.13375198080568,5.146058042310528,9.162107830610559,17.0427686150601,65.23280558165244,0.84,0.8604651162790697,38363.5914215517,540361.5398106,516896.82197565195,555,0.9565758920533601,23464.717834948005,0.04342410794663982,0.0,14.287112785495744,2.441904284890825,56.440317504188364,14.255665893625862,13.906306281629822,263.8009280619301,1785.3706054123807,881.9677552976054,0.4939970181114809,846.133605699783,0.044368842687643247,319.9744772707311,4,1,0,0,0.0,555,102.0,0.3199744772707311,197.95048088357262,130568.24710332451,783.6512838860458,500000.0,0.3883047332314821,0,0,0.0,8,E2,3,central_assign
19.7773059454881,64.4695930050724,21.5918526540939,72.63162848691454,12.248691724170348,40.320107589496715,,,,,13.463581221619428,43.37415266775714,6.997218455015184,14.085076993365837,17.998329219507916,64.4695930050724,0.7894736842105263,0.8181818181818182,47374.080402398526,549233.9420670121,524728.4101287095,597,0.9553823424567001,24505.5319383026,0.04461765754329997,0.0,13.945071097821396,2.5028829696582022,48.587509612613346,13.590053616922301,19.7773059454881,244.03035740834824,2105.4528518381067,1044.4763892141953,0.49608158563244215,959.304817650323,0.07063123449368425,757.1902669219468,7,5,0,0,0.0,597,102.0,0.7571902669219468,195.82928670036534,127960.59157315482,803.0377868968812,500000.0,0.26783861841807893,0,0,0.0,9,E2,3,central_assign
10.887649272027764,5.973082272530224,7.850534708475976,15.8536737219335,4.142759807385209,6.364194626182371,,,,,11.943286423722578,43.37255432159146,5.1951133960547695,11.524880497264167,6.4244674388256815,5.973082272530224,0.9285714285714286,0.9629629629629629,13819.243346008723,516203.98819530365,511090.3136250189,536,0.99009369418442,5113.674570284756,0.009906305815580057,0.0,11.66855298309497,2.3751509462022113,39.06666202049382,11.801616223733717,10.887649272027764,210.335298436872,1698.044063374983,844.5295461589502,0.49735431746122527,804.7243164699789,0.04435551421503249,324.1216175139855,0,2,0,0,0.0,536,102.0,0.3241216175139855,200.20751497276078,133609.4672371651,765.8448441822038,500000.0,0.3308871739865739,0,0,0.0,10,E2,3,central_assign
23.378119641946476,78.54989170657417,23.167346110220024,57.804448051266185,15.911570856862363,23.05906124126733,,,,,13.394268431203832,49.22223690519941,3.6961927358990656,5.958043799454572,17.984649500678838,78.54989170657417,0.75,0.7941176470588235,26006.043708159235,527294.9549528928,513448.71797975095,540,0.9737410023686289,13846.236973142,0.026258997631371208,0.0,13.775294181232859,2.4384646832936596,50.20018558807326,13.444415773328794,23.378119641946476,250.3125868613184,1705.6449835940691,846.6024894281416,0.4963532842832355,813.0008878391054,0.03752668095340944,282.96009601613883,1,0,0,0,0.0,540,102.0,0.28296009601613886,199.20774269038083,132408.59442214004,772.4797664562582,500000.0,0.36157647049787034,0,0,0.0,11,E2,3,central_assign
18.325946709660588,44.97823968303659,21.806427247237746,55.52319673506247,,,,,,,14.025054018832854,48.290209708307806,4.477011629811061,8.743084890731922,21.806427247237746,44.97823968303659,0.8571428571428571,0.8461538461538461,3605.0987133016765,503977.3460501888,502005.57446068624,520,0.9960875789260055,1971.7715895025638,0.003912421073994473,0.0,14.044204387069529,2.4092921811181895,48.290209708307806,14.018804366783709,18.325946709660588,256.2440551592379,1587.7773813726274,791.9142641574591,0.49875648403106254,757.6160379972669,0.03579963095711764,247.1819635341157,2,0,0,0,0.0,520,102.0,0.2471819635341157,203.67738360949502,139092.43315730692,735.1024037942985,500000.0,0.3829764394279091,0,0,0.0,12,E2,3,central_assign
4.256019649906254,6.238598808459391,7.82497751702404,17.342046777742233,3.8340264301488483,4.422838191474511,,,,,11.523905015460272,41.39250713295884,2.089673380280476,2.292581734402688,6.328370859445843,6.238598808459391,1.0,1.0,6216.486291594783,506496.9548278934,504793.2405301338,521,0.996636279287526,1703.7142977596666,0.0033637207124741454,0.0,11.241988481202219,2.3299934083621423,39.936999769001886,11.45207092490679,4.256019649906254,195.69733924321864,1587.0903533458627,792.5177512301045,0.4993526358214825,756.8778835606573,0.04370762076630374,314.1493814519417,2,2,0,0,0.0,521,102.0,0.31414938145194166,202.68526035333127,137175.04072069062,745.8656388502862,500000.0,0.3762812418994936,0,0,0.0,13,E2,3,central_assign
16.266564006064854,62.2628052572115,16.77250503265497,37.82136836423888,11.366686921657589,13.003804248122163,,,,,12.488533335954513,44.806127798605445,4.590862180487352,8.543405453971168,13.683466112085037,62.2628052572115,0.7931034482758621,0.88,58929.484502104126,560140.4496017806,517783.5713934028,560,0.9243816827752923,42356.87820837791,0.07561831722470781,0.0,12.587961489842494,2.3917859068164944,44.806127798605445,12.598157049724632,16.266564006064854,233.81090826807028,1842.1373671336573,916.2872960649469,0.49740443487701375,852.1894323119657,0.04100819932442105,352.81712532273264,1,0,0,0,0.0,560,102.0,0.3528171253227326,197.6749027588534,130520.56678766402,784.1891867649817,500000.0,0.32131934444332044,0,0,0.0,14,E2,3,central_assign
28.808152169883957,81.15655798624034,28.816390793825587,94.48490614366915,26.425089571498027,85.67696534557875,,,,,13.604186258312417,49.41537337318297,14.130406931212386,30.525813581764478,28.045003302752182,81.15655798624034,0.6470588235294118,0.7384615384615385,64862.71277757866,567366.0824720417,520636.93454654457,589,0.9176384536031904,46729.14792549708,0.08236154639680945,0.0,15.263319476513885,2.4629618191656846,60.15633684259366,14.34295384332002,28.808152169883957,266.0974612007686,2078.824999463755,1017.6028929708287,0.489508685547521,964.6021551178354,0.05213566694369542,449.39531433280456,5,1,0,0,0.0,589,102.0,0.4493953143328046,196.77704080591673,128732.11353050092,795.8340192251961,500000.0,0.4111256171459951,0,0,0.0,15,E2,3,central_assign
23.036523052098723,88.95278176284282,36.279370807008014,94.62976563324173,88.4211301846326,90.02057504637541,,,,,13.840545090959646,56.1843429150873,2.972595296301222,3.0661606725930026,49.31481065141416,88.95278176284282,0.7777777777777778,0.6923076923076923,8440.199489225186,508637.27469418704,505608.3384171269,528,0.9940449974318512,3028.9362770600983,0.005955002568148815,0.0,14.650366735268022,2.4107018954159685,63.27843802604381,14.135630327627533,23.036523052098723,255.07015951296376,1614.6523657462456,804.3841272031834,0.4981779014899101,763.9090814733187,0.04177137923522742,301.3397551520112,3,1,0,0,0.0,528,102.0,0.3013397551520112,202.3331736881946,137525.3979885599,743.872341046866,500000.0,0.3358732310155313,0,0,0.0,16,E2,3,central_assign
4.037156807655064,6.899328277642053,5.927531230925898,12.786576348242308,4.712152672392828,5.235218911122866,,,,,12.911295824424261,51.82613344803959,14.572718680972747,41.85517244926359,5.562917663365977,6.899328277642053,1.0,1.0,10188.61735102234,511539.3687118152,507973.85321785416,536,0.9930298316961608,3565.515493961031,0.006970168303839245,0.0,12.55995213890171,2.39264031284506,48.88650194154798,12.785977294386567,4.037156807655064,227.61518678090115,1654.4348721826875,818.6370835546636,0.4948137260154822,781.8251148525407,0.04205161753618753,293.736452098885,3,1,0,0,0.0,536,102.0,0.29373645209888505,201.37598776807175,135706.62494812268,753.7858707428857,500000.0,0.35729214260685344,0,0,0.0,17,E2,3,central_assign
6.135346060937818,13.028755430409547,5.975085438723363,7.0157341597488925,3.413137240442335,4.5902051845732785,,,,,13.738528707346592,48.28986926128622,24.820417968008343,91.51419842284085,4.63311257295711,13.028755430409547,0.9523809523809523,1.0,68261.72443658626,570243.9701911092,516992.19366900536,559,0.9066158007698752,53251.776522104024,0.09338419923012503,0.0,13.447851682363563,2.435080776997893,46.75337336949587,13.460916386838253,6.135346060937818,238.85717620157624,1841.1129311932343,914.9749446089135,0.4969683983567014,874.180007439038,0.05156764540195399,375.5391262307716,1,3,0,0,0.0,559,102.0,0.37553912623077157,198.02144090356384,130322.35677507515,785.556228874236,500000.0,0.36616328754348865,0,0,0.0,18,E2,3,central_assign
30.995931668161916,102.60499741762142,18.899179620234534,22.646892877799527,30.912006313856768,90.18050274607884,,,,,12.44576806760957,42.43472551888526,4.566020131711111,3.7703742166119705,22.65318796199148,102.60499741762142,0.7058823529411765,0.803030303030303,37728.11627304937,538786.9281851918,518028.0984419523,580,0.9614711704065243,20758.82974323951,0.03852882959347574,0.0,13.906158633017194,2.4623965651461504,43.14068310403082,12.895355724510312,30.995931668161916,237.04596203773698,2015.1155848925068,988.4175790821014,0.49050167965170444,930.0036711649843,0.05068898441561519,513.0672791531629,4,1,0,0,0.0,580,102.0,0.5130672791531629,197.890939868854,130048.56182233499,788.2675966782373,500000.0,0.3311231666096271,0,0,0.0,19,E2,3,central_assign
7.0611470099097895,10.760007231870986,5.659761034805183,8.771774787706908,4.014372129702906,4.5340145185044545,,,,,14.881474214607175,60.798516866599506,28.832615453117327,94.64205777245775,5.189649919061675,10.760007231870986,0.9230769230769231,0.9696969696969697,42968.20466135957,544212.79875335,509395.0371466205,549,0.936021788376738,34817.76160672959,0.06397821162326212,0.0,14.794128098806103,2.4283224034279556,57.47667446561335,14.818796300471666,7.0611470099097895,267.93326312503336,1727.9489905724454,857.507000306832,0.49625712621456025,804.8322322174897,0.04705215127791862,351.7299406219985,2,2,0,0,0.0,549,102.0,0.35172994062199847,200.92800768917155,135856.76676794747,753.3796981599427,500000.0,0.3470922915472179,0,0,0.0,20,E2,3,central_assign
20.14485236185248,99.89758677713107,29.027976264381504,78.02173790758971,2.6645750895108904,2.6645750895108904,,,,,12.162974801875455,43.463100409546186,2.9923759662212888,4.408975290020862,24.634076068569737,99.89758677713107,0.8421052631578947,0.84,17327.275816339392,518024.1647502009,505660.53642222023,531,0.976133105037788,12363.628327980688,0.023866894962212077,0.0,12.485872519814821,2.367858661925311,43.704855253125515,12.168613665770998,20.14485236185248,216.89733653274718,1648.560579241775,820.0313679214299,0.4974226475187149,778.3349939011948,0.046269458178857664,411.8972990930942,3,2,0,0,0.0,531,102.0,0.4118972990930942,202.53092721790028,137424.72534132507,745.2217717352553,500000.0,0.3800689424870562,0,0,0.0,21,E2,3,central_assign
27.0789879370127,90.3045496554887,43.975222487759126,106.20704947629729,38.47579342163382,109.74590890032687,,,,,13.480884070409324,50.53660937651177,23.471201212178684,76.47266700027359,40.97553390623623,90.3045496554887,0.7272727272727273,0.6818181818181818,19226.136203616657,520041.7500651535,508183.0486494436,531,0.9771966358196738,11858.701415709893,0.02280336418032624,0.0,14.501473797344648,2.375860894961079,55.43172030888036,13.802717084395239,27.0789879370127,243.67015452886255,1652.63440038686,820.8561828235711,0.4966955683794428,769.7140922262688,0.048853483062167996,391.28665420095086,5,2,0,0,0.0,531,102.0,0.3912866542009509,201.4850493858815,136013.57922601342,752.8019425476452,500000.0,0.3193399246610076,0,0,0.0,22,E2,3,central_assign
10.84858483488486,21.383619914402246,8.756282607400276,17.546042280296845,24.099748887446207,64.04487005982196,,,,,13.752239406028686,56.09326160564275,3.5199987003019526,5.930733090549619,12.758925984803563,21.383619914402246,0.9487179487179487,0.967741935483871,44840.47463850063,545940.8138001754,517923.8996440332,577,0.9486814074933827,28016.914156142127,0.051318592506617106,0.0,13.25038091807602,2.4815274490792945,43.022711485718425,13.843863418561433,10.84858483488486,253.81334011971754,2010.0910732061645,996.7689598691363,0.49588248669711044,927.0016354961659,0.05117003529155353,464.8240157454982,5,1,0,0,0.0,577,102.0,0.4648240157454982,197.83760526627387,130876.0929537278,782.9147532083853,500000.0,0.3618715791772118,0,0,0.0,23,E2,3,central_assign
30.440399438815785,67.66182463548448,41.05286108559562,72.35143561291852,37.99044419233256,65.85819245972817,,,,,13.115152843366111,51.05684990511145,5.5581557618153665,12.828007947303016,39.10405033533731,67.66182463548448,0.5263157894736842,0.5333333333333333,34421.87232108315,535140.8176419535,510340.5382400636,539,0.9536565356551011,24800.2794018899,0.046343464344898874,0.0,14.130077860047503,2.4098271475731963,52.71267634452952,13.528499118368295,30.440399438815785,239.84128038547962,1687.178833129805,833.5459702155334,0.49404719514484546,788.3558047246856,0.04821904266903266,379.130455728863,4,2,0,0,0.0,539,102.0,0.379130455728863,200.60944170492263,134437.5105409328,761.5369404252472,500000.0,0.4307142492441711,0,0,0.0,24,E2,3,central_assign
2.3600304149408657,2.3600304149408657,,,,,,,,,13.556198852890958,48.9956807092854,,,,2.3600304149408657,1.0,1.0,209.99028817615883,500209.99028817617,500209.99028817617,501,1.0,0.0,0.0,0.0,13.533851211298245,2.3545054824235194,48.927963575190915,13.551498653609855,2.3600304149408657,242.30270562370933,1461.8125446111758,729.8924082996739,0.4993064336397635,706.0061710376211,0.03672345177865571,241.27307818576801,1,1,0,0,0.0,501,102.0,0.24127307818576801,204.39670351102646,140087.62922970307,729.8379852694898,500000.0,0.006333079038632672,0,0,0.0,25,E2,3,central_assign
24.658912413692676,64.33724609646742,20.408914634780405,44.571693975038215,20.47504811810664,58.61290433176218,,,,,13.155904921067107,43.06269536366977,6.52136158160738,14.184817142089745,20.44452497195607,64.33724609646742,0.6363636363636364,0.7083333333333334,8275.236379187336,508449.34756596206,508449.34756596206,528,1.0,0.0,0.0,0.0,13.524743878875059,2.44323396263189,48.06656040510023,13.330384864425309,24.658912413692676,243.6891641888025,1634.2440026898735,814.4117587180426,0.4983415924290172,771.7227678049185,0.0389758361405897,307.64425076860516,4,0,0,0,0.0,528,102.0,0.30764425076860513,201.2150172687478,135233.34330422472,756.5267688503009,500000.0,0.3714204796097402,0,0,0.0,26,E2,3,central_assign
4.030502848502933,6.690889428258107,4.148519647341637,5.842118202315804,3.136249888190491,3.910598291638644,,,,,12.812477227980201,45.98305912247033,20.937061489535125,54.77113454227607,3.811096394291255,6.690889428258107,1.0,1.0,12370.949722949961,513597.1255335828,509898.3979783728,534,0.9927983873520178,3698.7275552100086,0.007201612647982311,0.0,12.501676596473628,2.4431199963578365,44.43903909534905,12.677985063428435,4.030502848502933,227.9499917295567,1683.1932207843395,835.1833944382307,0.4961898516018556,804.5226960557522,0.04051685082393353,285.04653511253264,1,1,0,0,0.0,534,102.0,0.28504653511253264,200.59887801304862,134524.1718947024,760.3469703212538,500000.0,0.382957189537823,0,0,0.0,27,E2,3,central_assign
25.792716428175215,62.28554941609,11.616716387212342,25.814494053523788,3.515886794248521,4.680396402179849,,,,,13.898734769357464,55.790472423961845,2.9085781623141105,4.222493678724186,9.407399225494936,62.28554941609,0.6666666666666666,0.8260869565217391,26590.43369586375,527415.1934686946,506024.64855673007,530,0.9594426835311975,21390.54491196444,0.040557316468802306,0.0,13.929663057421656,2.386581071749106,55.790472423961845,13.884350097972657,25.792716428175215,249.75442570844473,1663.0272204942657,826.4024967243345,0.4969266206470876,788.0966731620542,0.04264607125786953,314.9522923412021,3,1,0,0,0.0,530,102.0,0.3149522923412021,202.19361365925784,136498.07091832877,749.5706833363203,500000.0,0.3468361583816148,0,0,0.0,28,E2,3,central_assign
6.647704832202436,11.936006470218217,9.674038330247233,27.089996459202666,12.642178746563353,42.21323230770122,,,,,14.33681024104768,56.00154925393095,5.599681490105336,9.964130812664628,10.957558510275826,11.936006470218217,0.9230769230769231,1.0,77164.28456252046,580756.8195154486,527046.693872367,582,0.9075170125632027,53710.12564308145,0.09248298743679705,0.0,13.493245806448984,2.530785891644271,44.18558048735249,14.080641068650658,6.647704832202436,261.365044658193,2036.204372658104,1010.1788479136375,0.4961087705527952,958.8178944921959,0.05073205755499796,366.7096392650155,2,2,0,0,0.0,582,102.0,0.3667096392650155,194.22702168406883,125697.75406346066,814.3877382851522,500000.0,0.43867992725286387,0,0,0.0,29,E2,3,central_assign
3.9336485436740127,5.9158173554861655,5.967473143445458,9.151224608855228,10.479054883366027,26.939874957495704,,,,,31.43478568100472,67.78882356623704,8.946554543995893,29.503543353073837,7.39218316657827,5.9158173554861655,0.9583333333333334,1.0,13968.57625752051,515078.73700219905,515078.73700219905,554,1.0,0.0,0.0,0.0,28.972317663717472,25.704708293039857,61.92336529537938,30.754469403197483,3.9336485436740127,623.2221837343469,1819.0943374390974,908.8004924428619,0.49958953405476597,843.600427142995,0.0402091225235624,312.6362151410468,2,0,1,3,102.4925070669722,549,102.0,0.3126362151410468,198.63494426232592,131946.11804794957,775.4122495514446,500000.0,0.3184355590968635,0,7,22.502154264435465,0,E2,3,marketplace
5.381975474068096,8.39756792602684,5.907413556918622,11.062817886143023,20.665882509998983,46.894292680497166,46.10315530677826,50.22088432321207,,,33.12283754955614,72.52865327549254,14.484172946537715,32.405814099593954,17.767708038851012,8.39756792602684,0.9333333333333333,0.9285714285714286,22776.714596747763,525519.2910413912,518606.8462905895,534,0.9868464490863813,5912.444750801655,0.011250671196266278,1000.0,31.725458772416406,25.704708293040085,67.28572131777827,32.92366658163884,5.381975474068096,670.953066575388,1729.2001673782747,854.9924945609183,0.49444391152078965,810.6378819763044,0.04248907392893189,360.4701626663859,5,0,7,0,818.5948957851573,533,102.0,0.3604701626663859,197.37585590089,129153.56575866444,792.548541431187,500000.0,0.3396406134080954,0,2,6.001315513999384,1,E2,3,marketplace
25.354560293611186,106.66790974419455,10.311354493072315,18.836620879923064,22.631415427247703,61.80018620710052,4.857606673829196,5.292383672468986,,,31.186053285691923,62.385452060343766,16.39188070417855,48.759273692734496,14.249658865982695,106.66790974419455,0.8181818181818182,0.868421052631579,29310.196036041838,532277.3226155266,516873.34282247716,548,0.9710602365748803,14403.979793049497,0.02706104352195697,1000.0,30.160485667192344,25.704708293040312,63.09802823907612,30.831027969930982,25.354560293611186,626.9855602473849,1757.9553932740214,865.5229594031701,0.4923463716512269,817.7193570534779,0.04011152151499479,325.45656243305825,2,0,2,5,694.1474468376433,538,102.0,0.32545656243305826,197.97007909842483,130232.60208699136,785.7130620340582,500000.0,0.34284533178079046,0,9,29.578137523296835,2,E2,3,marketplace
2.9826421489020682,4.377956512613309,8.262057292885533,19.26047969810516,40.339292790548235,101.07407996312494,,,,,31.900559060839033,71.95999492575656,10.619697754929067,10.7916663880651,22.2086814223041,4.377956512613309,1.0,0.9130434782608695,28096.063942230638,530369.5763930491,519069.4501240941,558,0.9786938641054692,10300.126268954962,0.01942065821158959,1000.0,29.813325240699815,25.704708293039857,71.48345367553857,31.848214863793817,2.9826421489020682,645.3332363450548,1877.0387475519678,924.1129272617851,0.49232490723327493,885.0960791791733,0.04745306825276382,394.3629423097657,4,1,3,4,0.0,553,102.0,0.39436294230976565,197.26524633231702,128379.64640919225,797.5903175176381,500000.0,0.3693185759804263,0,2,4.0340585404445815,3,E2,3,marketplace
6.262210243759215,5.714611055548541,5.448093088363635,9.666712362677297,2.4219565668675185,2.7503644101063403,,,,,31.372037295489456,68.02561549156015,2.563096873321323,3.589342285580824,3.8460208122774553,5.714611055548541,0.9444444444444444,0.9714285714285714,32491.15341102122,534209.4492904893,514996.84629887406,547,0.964035448985164,19212.602991615313,0.03596455101483612,0.0,29.05827778504747,25.704708293040312,63.62905987888466,30.559548539820685,6.262210243759215,611.6927297721841,1790.8146375696012,900.9135659153452,0.5030747163972354,829.2611546039153,0.04469185018490723,333.8828502004792,4,1,0,0,0.0,547,102.0,0.3338828502004792,198.70778546634415,131367.2961194325,778.9905545225175,500000.0,0.35484339341195126,0,14,41.72863711209635,4,E2,3,marketplace
7.263426369544532,15.440194644800892,29.11811818254593,86.2021033174224,24.76262861120326,74.77804179162277,12.85205658547693,12.85205658547693,,,31.123671569022484,67.4974982234501,10.549869665123417,21.543730680563385,26.725279890126103,15.440194644800892,0.9629629629629629,0.8461538461538461,43452.69323580841,547328.4080016714,523628.46425572375,567,0.9566988605022758,22699.943745947778,0.041474082861561345,1000.0,29.21297096440044,25.704708293039857,69.06250885797456,30.3369425357327,7.263426369544532,620.3490522029138,1853.9598050959016,916.02710929805,0.49409221644407,864.570300827386,0.044229115161677594,352.7350090360943,5,0,1,6,190.61100951178176,556,102.0,0.3527350090360943,195.46824131212665,127123.11018742743,805.146561141633,500000.0,0.32691614007142134,0,7,24.306933863756655,5,E2,3,marketplace
6.808763947970121,19.531220948999838,13.265235924100615,23.75393092449558,18.923158028592297,36.63692935324907,,,,,31.739680412863382,64.71458016570662,8.955994114222554,27.05176251949417,15.245508660672703,19.531220948999838,0.9285714285714286,1.0,31608.77227884693,533346.8920584851,515556.0255554134,561,0.9666429733294091,17790.86650307171,0.033357026670591004,0.0,29.379364872857753,25.704708293039857,61.65712816027917,31.23075603989425,6.808763947970121,632.9618959646898,1803.8453079779247,897.9109305993048,0.49777601584131703,830.5371630730984,0.04123946181805502,353.93779409835975,2,0,1,6,0.0,551,102.0,0.3539377940983598,198.53116387075778,131810.21116136867,776.5251029663516,500000.0,0.29758687187720234,0,7,20.502508346665422,6,E2,3,marketplace
20.00782656863326,55.72748061180204,50.38866935426695,133.89331308130315,7.781716749996077,18.068703154294894,,,,,31.142749358783888,67.59431971404192,11.82359798631226,37.03955201175511,32.95855237979251,55.72748061180204,0.7837837837837838,0.847457627118644,40773.60461111535,544565.4292464787,521462.1533310679,578,0.957574839175195,22103.275915410803,0.040588834193891726,1000.0,29.83059104697971,25.704708293039857,68.76946003065234,30.503413454257547,20.00782656863326,625.9144349912243,1888.5835706043727,940.6401859325573,0.49806648780257023,882.6280231894457,0.04144868682323782,325.0206921939291,1,0,0,7,68.30619326670656,562,102.0,0.3250206921939291,196.22712796805683,128324.96937536835,797.389792417398,500000.0,0.3449343048373086,0,6,22.678434892878542,7,E2,3,marketplace
13.363130696992794,62.45775583583294,28.92448586203753,93.57687831332892,19.10295957405821,57.34650534102787,61.0361991630798,64.22139439096281,,,31.218070030089432,60.61812503198488,12.322310147422447,10.646032844642832,26.165511290661588,62.45775583583294,0.84,0.8125,38363.5914215517,540361.5398106,526845.8481339898,560,0.9749876875372228,13515.69167661024,0.02501231246277737,0.0,29.808549578435397,25.704708293039857,62.291574849054754,31.1884542982542,13.363130696992794,642.2565936554082,1835.8080670012573,914.0782266775661,0.497916009362944,855.0837730760284,0.0436919551617358,327.4173381161761,5,0,5,2,0.0,555,102.0,0.32741733811617607,194.22648522436833,125422.906513578,815.8590817462714,500000.0,0.35608668903923296,0,10,32.05126197883331,8,E2,3,marketplace
16.27470317966682,61.81445408041,20.46581912919758,69.89248112772907,12.893290867836685,58.31807819321339,,,,,32.209125499673995,62.65279605086042,7.734109546555839,9.562038872727499,17.220449874328626,61.81445408041,0.8157894736842105,0.825,47374.080402398526,549736.351411949,529265.8142808982,600,0.9627629916077515,19470.537131050907,0.03541795459049153,1000.0,29.29411256727356,25.704708293039857,61.92504643284739,31.35076939871262,16.27470317966682,643.8063031203307,2122.070815920001,1056.4427624021062,0.49783577177375987,946.2295604569315,0.055766397574659766,483.23879592677713,7,1,3,5,0.0,594,102.0,0.4832387959267771,193.63283255913382,124597.08950973676,822.5171165648948,500000.0,0.3229480332841243,0,18,70.15723633437587,9,E2,3,marketplace
2.5052531892396246,3.7589977843756968,6.308008786118023,10.973780853914718,36.03995796122683,100.26429823779637,,,,,29.35895882217773,58.20583079311382,5.041678146474487,11.377230274798716,21.173983373672428,3.7589977843756968,1.0,0.9,13819.243346008723,516514.44304295897,516514.44304295897,540,1.0,0.0,0.0,0.0,27.969913835521712,25.704708293039516,57.407455511894966,29.411426037355106,2.5052531892396246,596.0499456132911,1745.6398656365616,872.5204350711509,0.4998284309650429,810.7702926928732,0.0374005326256118,274.22005551428776,0,0,3,1,27.346243906797934,538,102.0,0.2742200555142878,198.0084418413989,130229.74586336112,785.3368627688319,500000.0,0.3271586079477123,0,14,40.453473404005344,10,E2,3,marketplace
22.400002605841063,79.36719707216294,22.64405366016399,57.543531107919634,13.859975316930582,17.926395944611965,,,,,32.110764012648765,66.78764625916632,3.4573016877657587,5.854395630685758,16.36971198642584,79.36719707216294,0.75,0.7941176470588235,26006.043708159235,527294.9549528928,513448.71797975095,540,0.9737410023686289,13846.236973142,0.026258997631371208,0.0,31.024633030329184,25.704708293040312,71.17755783617876,31.630757571513644,22.400002605841063,639.3324863558336,1705.2729685100862,851.3519843926852,0.4992467482414383,805.2020442086783,0.03771823844958414,282.71906793732455,1,0,0,2,0.0,538,102.0,0.2827190679373246,199.20727326067853,132408.2824035095,772.4797664562582,500000.0,0.3324064316034698,0,7,18.924317288202516,11,E2,3,marketplace
18.848805972674263,47.12173906286174,21.01435092269075,55.741402759398966,23.365703448842396,23.365703448842396,,,,,31.06373150498127,62.076286927779805,4.719974090742653,9.844492957946482,21.3502584264267,47.12173906286174,0.8571428571428571,0.8571428571428571,3605.0987133016765,503977.3460501888,503977.3460501888,521,1.0,0.0,0.0,0.0,30.41516127047897,25.704708293040312,62.05113103785061,30.957904353444377,18.848805972674263,612.7167139169723,1587.6618092101007,791.6489983839191,0.49862571096157005,752.1208774864912,0.036444606768628554,264.87244896616426,2,0,1,2,0.0,519,102.0,0.26487244896616424,202.91561366883755,138139.9186443564,740.29920860348,500000.0,0.37566891598670243,0,2,5.908785513585686,12,E2,3,marketplace
2.8633455678941457,4.2764756073846,8.019871783992965,17.762819417094185,7.39854362683343,16.194210889659328,,,,,29.86573386622075,60.404099059347864,3.6738786323881643,7.220429821728067,7.743725936366506,4.2764756073846,1.0,1.0,6216.486291594783,506496.9548278934,506496.9548278934,522,1.0,0.0,0.0,0.0,28.819610391269673,25.704708293040312,57.18574930273712,29.585007077462436,2.8633455678941457,587.6351895482067,1611.3755972476647,808.7003641039078,0.501869561314706,758.7001681697388,0.0366232938136257,279.37059450068597,2,0,1,0,0.0,522,102.0,0.27937059450068596,201.93481840232386,135871.05330509218,752.7679230162224,500000.0,0.3511315953296375,0,5,15.244148721095062,13,E2,3,marketplace
15.258514743222092,55.831954968920755,14.61475832893582,33.837043371665686,12.442015178124603,37.321412894900845,30.90224649389802,30.90224649389802,,,31.458006328215586,66.94339726436915,4.13349523116544,4.960909418736719,13.904127473242848,55.831954968920755,0.7931034482758621,0.9090909090909091,58929.484502104126,561296.0483279536,528271.4526548006,566,0.9411636768661921,33024.595673152966,0.05883632313380796,0.0,29.29059338075683,25.704708293039857,60.06431327005885,30.680064001417257,15.258514743222092,635.3643475090481,1886.9835095962756,937.7677387098804,0.4969665786377317,863.8748835617134,0.042803077935668225,366.06111422240474,1,0,5,4,0.0,560,102.0,0.3660611142224047,193.77549288303788,124675.2182893685,821.0618158023432,500000.0,0.2951705700822392,0,10,32.37276300795519,14,E2,3,marketplace
32.023034663167735,81.39046247017696,28.486490643890605,91.59670631478389,24.380306254193123,84.26055526295022,19.32818608172954,33.39995926550719,,,32.29106566143454,65.4842136840442,15.21713187995636,25.839764325272522,26.214233795687367,81.39046247017696,0.5294117647058824,0.7571428571428571,64862.71277757866,568031.8092350921,533540.8962722021,595,0.9392799621392062,34490.91296288991,0.06072003786079365,0.0,31.19068356791366,25.704708293040312,75.0844890102368,31.986098272563876,32.023034663167735,664.5437804812159,2057.19673438301,1018.6439734552234,0.4951611853305478,964.6517500465125,0.05058823553087009,447.6015432753416,5,0,5,10,118.32539693339767,573,102.0,0.44760154327534163,192.01452458296387,121333.50059673758,844.3472003974306,500000.0,0.3566887967040387,0,4,14.186737949787881,15,E2,3,marketplace
22.528277444297654,92.53225207751711,35.26062896692013,96.20749986190822,72.61979816224994,89.36024331431399,,,,,33.41366012786054,74.6443444810388,3.8108441956523316,5.753169445846697,47.713685365363396,92.53225207751711,0.7894736842105263,0.7142857142857143,8440.199489225186,509188.49886297405,507188.49886297405,529,0.9960721815114324,0.0,0.0,2000.0,33.09810154251688,25.704708293040312,79.74303713209454,33.42890249173433,22.528277444297654,670.2751498268573,1601.6399603522816,796.6105785461726,0.497371817802896,758.670635767021,0.037662880585094954,262.030172590002,3,0,2,3,0.0,522,102.0,0.262030172590002,201.62529395253085,136322.0244594098,750.1504659875321,500000.0,0.32806203964724673,0,5,15.231304687125247,16,E2,3,marketplace
3.2118828652545557,5.4426321845381604,3.923298276486321,7.390988752873545,8.432106004969318,19.746604520120677,,,,,30.65475821164019,60.651671612770244,14.366937816973167,41.12784498797373,5.801968163354236,5.4426321845381604,1.0,1.0,10188.61735102234,511539.3687118152,511539.3687118152,538,1.0,0.0,0.0,0.0,29.00226260733433,25.704708293039857,58.92771239371471,30.12652335673051,3.2118828652545557,601.9114925932882,1665.1467620593862,821.8501039469218,0.49356016098574446,781.8077653056854,0.03959083512889317,281.9127092249885,4,0,2,2,20.49258331954041,534,102.0,0.28191270922498846,199.94924919815372,133632.80324771596,765.3952489466554,500000.0,0.3596030243618336,0,6,16.14816548229415,17,E2,3,marketplace
6.7702862805001685,15.203504960103603,9.171117991785376,22.428879336281433,22.57245043645477,89.30010010031506,142.68122662937913,146.82956764219216,,,31.589005797063784,69.78336826102394,24.86865946274563,92.48293581637026,26.50594036012717,15.203504960103603,0.9565217391304348,0.92,68261.72443658626,572191.6285267603,533433.9857504095,568,0.9322645756350172,37757.6427763509,0.0659877581109788,1000.0,30.117597529404815,25.70470829303963,69.96279570355252,32.02436384011759,6.7702862805001685,671.2985728330478,1922.291471249364,954.2831442685263,0.49642999437973084,894.8414131758877,0.04394674848049679,359.4275991175184,2,0,8,4,174.3832116309793,562,102.0,0.3594275991175184,191.88771306935598,122641.9014930477,834.6203569333932,500000.0,0.3171411964877285,0,5,13.815591002895953,18,E2,3,marketplace
30.50459225154853,114.94305789463978,18.62850237095482,15.296707534671675,35.844400487359486,120.92522828385019,,,,,31.410561643977417,61.5377229144784,5.5696580399188225,6.63373660951369,24.704701706156467,114.94305789463978,0.7352941176470589,0.7941176470588235,37728.11627304937,538786.9281851918,520713.94906355155,581,0.9664561662946874,17072.979121640223,0.031687812432917635,1000.0,30.34244658772042,25.704708293039857,68.75223125620687,31.406106878542346,30.50459225154853,640.1332954358435,1958.7926322757462,960.1547859432723,0.4901768416536028,902.2851674382453,0.0463438685672003,394.448415276269,4,0,2,9,0.0,566,102.0,0.39444841527626895,196.6424148986632,128308.39950242125,798.0338684946657,500000.0,0.3525234168454469,0,7,20.11344243157353,19,E2,3,marketplace
10.364235268396442,25.441177335380022,5.304673817686103,8.652547095896853,28.866490610988695,70.02458707631796,,,,,32.520737502594166,68.23836333018498,26.215561915055467,89.55641229766262,17.0855822143374,25.441177335380022,0.8888888888888888,0.918918918918919,42968.20466135957,544915.5245812964,517149.14590688684,554,0.9490446180703977,27766.37867440947,0.05095538192960215,0.0,30.968814942677085,25.704708293040312,67.88081604260687,32.453072373878285,10.364235268396442,660.341553188507,1762.3501161531117,870.2301789188491,0.4937896113505542,812.8214872485938,0.04028256189054338,312.1611577865714,2,0,4,1,457.7280183975421,550,102.0,0.3121611577865714,197.83878977189295,132129.11966698218,774.3346918200456,500000.0,0.36254601808184345,0,6,16.537231397386044,20,E2,3,marketplace
20.78951511027136,105.94617586622407,7.242285715671824,13.229948252397298,70.78514631401504,125.79977368703786,,,,,30.6892934434117,67.1229350242103,3.3762663905179124,4.6567402014488835,25.397388743769884,105.94617586622407,0.8421052631578947,0.8461538461538461,17327.275816339392,518024.1647502009,507442.02010589343,532,0.9795721022987213,10582.144644307478,0.02042789770127876,0.0,29.958057948027253,25.704708293039857,68.92506250353198,30.81908737790366,20.78951511027136,612.7478025412205,1665.3514267194907,837.7826229597034,0.5030665657218176,778.2225036842195,0.03874609110155662,289.06891921251986,3,0,1,2,0.0,528,102.0,0.2890689192125198,201.5778450863544,136068.6556461104,751.7460096412477,500000.0,0.3783280416014027,0,8,19.232015063114943,21,E2,3,marketplace
28.932695090407627,90.71912980999059,38.44453409635266,93.94164548728295,37.575144977411924,108.92526740648736,,,,,30.192550795490146,62.951887869930204,22.546693489558443,65.06255571997299,37.970321849657715,90.71912980999059,0.6363636363636364,0.6818181818181818,19226.136203616657,520041.7500651535,507183.0486494436,530,0.9752737132853296,11858.701415709893,0.02280336418032624,1000.0,30.19799297112515,25.704708293039857,70.1056122268881,30.244480914272177,28.932695090407627,601.0137605606737,1636.0303461023452,812.6919529572054,0.49674625834010405,759.8684890723828,0.039762356079866175,312.537810801255,4,0,0,3,235.02325099366658,525,102.0,0.312537810801255,201.72704526155795,136059.41844539795,751.969536396779,500000.0,0.36511866285088024,0,5,17.284600225400055,22,E2,3,marketplace
8.188810893828135,15.987276593546003,8.73177125435852,18.998323857888412,27.14491531285347,55.534545821894945,,,,,31.21939784822116,61.30600349942929,3.9532231621091682,7.887002520089766,15.551454238986278,15.987276593546003,0.9743589743589743,0.9545454545454546,44840.47463850063,546785.5630729868,525725.016187372,582,0.9614829865528042,21060.546885614764,0.03851701344719581,0.0,28.199662171849234,25.704708293039857,58.57867074598019,30.628361147030457,8.188810893828135,628.9737679506183,2043.553462660433,1000.6831361279326,0.4896779822071193,933.3337283708429,0.04937881892284769,476.39872735804585,6,0,4,2,0.0,580,102.0,0.4763987273580459,194.9239537249541,126192.89962439949,812.0615266973717,500000.0,0.30179083267792484,0,9,24.354488370940846,23,E2,3,marketplace
31.35939775230903,74.11790742626835,36.94128684560883,66.23439628191718,62.27499717324094,111.91364138999919,,,,,31.54230239978669,65.84327636316704,4.000740758655512,6.9621304391563195,54.48000938012337,74.11790742626835,0.5263157894736842,0.5625,34421.87232108315,535140.8176419535,513799.5646995575,541,0.9601203043407637,21341.25294239595,0.03987969565923625,0.0,31.628884558145508,25.704708293040312,66.6129855680847,32.34488259780833,31.35939775230903,652.4402163722257,1678.7576266732372,835.2513983025468,0.4975413871731734,780.1248166082394,0.0407029713734877,321.82590177272107,4,0,2,4,0.0,532,102.0,0.3218259017727211,199.14735809790935,132340.0767249949,773.1733911141623,500000.0,0.35445593981750845,0,8,28.017203438388727,24,E2,3,marketplace
1.7167200018366202,1.7167200018366202,,,,,,,,,31.245928623262575,69.76310205725503,,,,1.7167200018366202,1.0,1.0,209.99028817615883,500209.99028817617,500209.99028817617,501,1.0,0.0,0.0,0.0,31.186988087092065,25.704708293040312,69.64135899184248,31.2335321354906,1.7167200018366202,615.2671105093714,1463.2282582954049,731.3081219839031,0.49979086847040816,704.8284132259981,0.032690410328136604,214.56759485205095,1,0,0,0,0.0,501,102.0,0.21456759485205093,204.34331496651075,140051.03825489397,729.8379852694898,500000.0,0.01778743675152583,0,1,4.051315513999384,25,E2,3,marketplace
28.60259804796541,77.26314124718374,11.821630381949793,28.87622680770619,24.415551849035182,79.3506704520667,,,,,30.89202487391679,64.31385600201165,4.965693427061069,10.177427392003121,18.60297271038039,77.26314124718374,0.6363636363636364,0.75,8275.236379187336,508449.34756596206,507449.34756596206,527,0.9980332357494661,0.0,0.0,1000.0,30.344308177524262,25.704708293040312,65.37578417154965,30.84414557619896,28.60259804796541,614.283285802504,1623.273921422008,810.8639977340657,0.4995238246812583,766.8674811395639,0.03817857796172265,285.7506838968312,3,0,0,3,25.51889860857634,523,102.0,0.2857506838968312,201.56839529801735,135353.33295132619,755.6943626994347,500000.0,0.33796108257001983,0,5,14.679761397799743,26,E2,3,marketplace
3.883742173094736,6.715307415827739,2.891323420936125,3.5992513395908645,25.894315129886007,71.57965744816852,,,,,30.24874736243574,63.67589038340193,21.168706111180228,53.685233613407135,12.749748439057502,6.715307415827739,1.0,0.9642857142857143,12370.949722949961,513597.1255335828,512597.1255335828,535,0.9980529486044901,0.0,0.0,1000.0,28.965127946383188,25.704708293040312,63.02157205927559,30.095069829456744,3.883742173094736,605.1010696210867,1713.314090724077,854.9002404360598,0.49897461595892423,806.6390295697591,0.038420691275414046,279.7241706930215,2,0,2,1,409.1812111642307,532,102.0,0.2797241706930215,199.5323794768181,132428.06061601616,772.3417808500554,500000.0,0.3521240699737029,0,9,26.3348550507375,27,E2,3,marketplace
24.877545910688184,65.68226683757948,10.620863216310742,21.33768642076283,27.152390762586645,54.22950348737727,,,,,32.71525721956437,70.84619113269926,2.699729583062305,4.3026614648151735,17.705803593286127,65.68226683757948,0.6666666666666666,0.7692307692307693,26590.43369586375,527415.1934686946,510359.5779306159,532,0.9676618805273554,16055.6155380786,0.030442080047949172,1000.0,31.74853996405699,25.704708293040312,67.3289778929671,32.66627270889732,24.877545910688184,655.9917543200588,1694.9132607119782,840.4561641149384,0.4958697200598277,800.7384162468666,0.03950494279865987,287.8688439293751,3,0,3,1,0.0,531,102.0,0.2878688439293751,200.42313942393682,133338.05290764754,767.131862310723,500000.0,0.3545932885234245,0,6,18.906398320002552,28,E2,3,marketplace
6.751294738306596,11.002800750156467,11.151490400995929,29.062176822309993,18.209590019572612,43.78579198934967,,,,,31.286171333453495,62.11931893352592,6.144489692080993,12.521222551457093,14.915810197570162,11.002800750156467,0.9230769230769231,0.971830985915493,77164.28456252046,581266.2972214887,541584.6092807043,591,0.9317323434534793,39681.68794078418,0.0682676565465203,0.0,28.10951029214044,25.704708293039857,56.40860099817155,30.18721509908974,6.751294738306596,634.1126057368259,2060.449487794884,1018.2737684814882,0.4941998212104952,954.8737367429536,0.05014982837589637,402.39961283351835,2,1,8,9,0.0,578,102.0,0.4023996128335184,189.07922761844617,118562.23230986105,863.7016832240979,500000.0,0.3707535213802191,0,7,21.481136140078245,29,E2,3,marketplace
16.280193691778205,37.562935657300585,22.466337408581833,42.12769223742744,52.630691704099526,77.00532419427769,,,,,20.020374948668753,55.8230288118144,8.723995124746114,16.228288596522077,28.1221538389914,37.562935657300585,0.6521739130434783,0.8974358974358975,13968.57625752051,514733.05309149995,511168.69032125414,549,0.993075317878193,0.0,0.0,3564.362770245745,19.8940370526714,2.735231455992107,53.33232468554283,20.242155063339055,16.280193691778205,798.1379215006165,1782.213494103615,876.9395646952349,0.49205079391248907,898.0631217548845,0.031189417804616537,294.12218662453313,3,0,0,0,0.0,549,162.0,0.29412218662453316,317.4962106631131,212532.46166265046,763.6203943481892,500000.0,0.5527218192666785,0,0,0.0,0,E2,4,inhouse
17.683233794709544,49.19839829110665,36.41771930500553,98.24542797774689,9.93269679091812,19.157491550849954,34.36724056859339,42.473644323180544,,,20.1966388999308,52.22382419383938,9.334370727951637,20.026252928102807,28.821717030906754,49.19839829110665,0.7142857142857143,0.84,22776.714596747763,523156.8520526396,515237.9047012289,529,0.9848631489383343,0.0,0.0,7918.947351410646,20.20680307215716,2.09122761285289,51.253841220233966,20.436137740145114,17.683233794709544,1732.0874573337417,1652.2090541071527,817.7996341111935,0.49497346118414126,822.1053903760685,0.035498638858392176,324.9039710516488,3,2,0,0,0.0,529,162.0,0.3249039710516488,315.04845138515,207910.8507292534,780.7428203082825,500000.0,0.5950279960903461,0,0,0.0,1,E2,4,inhouse
18.901584960613924,40.22508000275411,7.958854928886296,11.889493377043891,24.518832115347095,63.21246261107717,,,,,18.384705735097565,58.69107131570416,23.44580401651542,49.91699236472414,15.055988008798067,40.22508000275411,0.8571428571428571,0.9142857142857143,29310.196036041838,530894.1092591553,511538.1379026824,545,0.9635408059368308,14403.979793049497,0.027131549478199637,4951.991563423368,18.41197802570643,1.7944204257364618,57.73323037391438,18.58006530594332,18.901584960613924,1813.0601860350216,1747.1923674375896,852.2078579734317,0.4877584597185879,858.5659061234724,0.033829313211727025,341.8629907630355,2,1,0,0,0.0,545,162.0,0.3418629907630355,317.36023369903216,211899.08838656437,766.1281802902577,500000.0,0.5506231852679444,0,0,0.0,2,E2,4,inhouse
11.60216878222509,39.46455436051766,15.115942970788733,31.376377588287877,8.159553266554278,18.14628426425116,,,46.62083669380445,46.62083669380445,21.104050487310786,69.36120852207513,19.55006437225643,71.31184519237655,12.681206574306675,39.46455436051766,0.782608695652174,0.9534883720930233,28096.063942230638,530369.5763930491,521966.8694395061,557,0.984156883562801,0.0,0.0,8402.706953542944,20.41879879832287,2.6807765468620346,65.42075733573274,21.09952440048836,11.60216878222509,1580.2319911052193,1857.0645051638248,907.494438736391,0.48867146844548326,904.3268029124504,0.037543950848545164,363.1957759826355,3,2,0,0,0.0,557,162.0,0.3631957759826355,311.06034747057805,203423.74643260826,798.1526179873573,500000.0,0.6012929813635274,0,0,0.0,3,E2,4,inhouse
6.789588745564767,20.472255269181282,9.291485987179726,18.628766626193915,4.401535321245611,8.49567993658857,,,4.444069215808668,4.444069215808668,21.797955967852154,72.21484227586481,8.04350679186509,29.248050877502745,7.009509009743806,20.472255269181282,0.9444444444444444,1.0,32491.15341102122,534209.4492904893,519247.6457357165,546,0.971992626535071,12883.956746220842,0.02411780016870289,2077.8468085520485,20.562819353865553,2.1086176187815795,69.23350095053729,21.19199476734089,6.789588745564767,759.8608211726901,1754.956601880796,868.9668784429513,0.4951500666806661,904.196029532098,0.030778535561472205,275.4338030939206,3,0,0,0,0.0,546,162.0,0.27543380309392057,312.520307286454,206244.61744398455,786.8105156594813,500000.0,0.557400365134661,0,0,0.0,4,E2,4,inhouse
18.76941090833157,44.29427341393074,38.05242427798045,135.63663309611195,62.603402043879406,173.5396588587345,41.87775305811083,78.2341573508489,,,25.371255487302616,81.15454684320581,17.761489418613337,35.151508717789056,47.17781812486464,44.29427341393074,0.7692307692307693,0.8545454545454545,43452.69323580841,547328.4080016714,541284.5141829726,571,0.9889574636902816,0.0,0.0,6043.893818698931,25.964926416089,4.88719371044499,81.13527365216987,26.53519036224551,18.76941090833157,885.3932361093938,1902.9582859019818,930.2500851369883,0.48884418120393,973.7332882764799,0.034841222338094134,324.4632323665064,1,1,0,0,0.0,571,162.0,0.3244632323665064,299.88750643898027,187323.769685478,866.5449318306692,500000.0,0.5434897652845351,0,0,0.0,5,E2,4,inhouse
12.934884757308195,41.44578239391183,17.894958234895828,41.62902720024022,4.872969401705916,6.892595560062092,7.353301610791959,7.353301610791959,,,26.316591292219176,85.67771749978085,30.18296935022209,55.87724171588161,14.41553534840341,41.44578239391183,0.7857142857142857,0.9565217391304348,31608.77227884693,532684.458673951,517469.6066906774,557,0.9714374021326828,0.0,0.0,15214.851983273604,25.335663767393033,4.223268793082468,80.67308786479826,25.76169715003837,12.934884757308195,4741.063473072028,1823.2887821525942,896.7894240344885,0.49185265264218286,899.1110183380052,0.03338186092630024,356.9717983709527,5,0,0,0,0.0,557,162.0,0.35697179837095266,313.7517057990643,207357.286023438,782.9817553650824,500000.0,0.5541925635692886,0,0,0.0,6,E2,4,inhouse
19.97888034605864,57.58346694974118,41.55225208142467,140.14290379621693,2.2383701306403814,2.3905203138846502,,,,,23.46917254442001,82.38318634035768,21.20916129953328,57.742641313644725,29.137341991703316,57.58346694974118,0.8648648648648649,0.8571428571428571,40773.60461111535,543849.2288690333,519299.493545086,574,0.9548592991940066,11470.75105855638,0.02109178509347248,13078.984265390869,23.36093945339397,2.1182737249605452,87.74738148234479,23.269521697766066,19.97888034605864,5060.03755499985,1906.0540457060529,935.0513051691742,0.4905691458621817,920.5241730598199,0.03791240588939027,379.75019381278327,2,2,0,0,0.0,574,162.0,0.3797501938127833,312.68998374194416,206350.29316430562,786.9131063677169,500000.0,0.608051348995899,0,0,0.0,7,E2,4,inhouse
20.224969936546003,59.654910571383056,32.53895634043553,62.44645733059537,7.2195484585001966,19.002300095214306,,,,,22.58220586139719,74.18755749445728,14.67514143064136,27.844475190462283,18.472618628249236,59.654910571383056,0.7083333333333334,0.8571428571428571,38363.5914215517,540361.5398106,516568.89847653353,554,0.9559690326176694,13515.69167661024,0.02501231246277737,10276.949657456204,22.17529068890231,2.8016827348820925,73.76438927075186,22.3424635313371,20.224969936546003,3482.2311665462403,1782.5418735972464,881.7746253122418,0.4946726011730555,861.8016357987183,0.0348747357470107,356.42590011298745,4,1,0,0,0.0,554,162.0,0.3564259001129874,314.2977178435152,207408.17644860075,782.7870081117446,500000.0,0.5744702551863329,0,0,0.0,8,E2,4,inhouse
27.852988477017742,78.21349866367213,23.89414593715316,57.758883552168975,26.716449758087386,73.2433266510725,5.244357005805796,5.244357005805796,,,25.042302512305533,79.22009762939744,19.15830728672929,42.96036907432131,24.540659893338532,78.21349866367213,0.6578947368421053,0.8354430379746836,47374.080402398526,549736.351411949,532073.1441211653,600,0.9678696756264755,0.0,0.0,17663.207290783863,24.980093878212724,4.999296276681434,77.77991764801146,24.90373282636414,27.852988477017742,1084.6744929385275,2113.2924017719715,1040.7566154506949,0.4924811230940084,1085.4488787526393,0.037591163054592334,390.6028154479612,4,0,0,0,0.0,600,162.0,0.39060281544796116,305.20353190099723,195405.15173076233,831.0456575842829,500000.0,0.494598632401412,0,0,0.0,9,E2,4,inhouse
26.04733246863804,100.92874175684815,16.28159247467093,29.84245986366152,29.778791040017495,72.22474125035467,,,,,21.57066574319164,68.06659598591969,26.679647774330938,67.63749119514142,22.066106145533745,100.92874175684815,0.6923076923076923,0.8888888888888888,13819.243346008723,516203.98819530365,512439.70357091265,536,0.9927077575716698,0.0,0.0,3764.284624391007,21.777967368833146,2.1609370746507466,68.07352761351058,21.441412381707565,26.04733246863804,679.60379308117,1687.6175575124093,833.0763925272398,0.4936405104455155,843.0241133696173,0.02771029386206623,250.40786680312777,1,0,0,0,0.0,536,162.0,0.25040786680312777,316.6234129326213,210394.73552713,771.1714243243566,500000.0,0.6183648211028373,0,0,0.0,10,E2,4,inhouse
18.29080492798924,82.17949645279772,27.943935754796712,62.993676371647695,20.594649957792754,58.93213534879375,,,,,19.676134544168093,52.7472697844698,11.299427816476168,28.945564272461525,22.8559686645632,82.17949645279772,0.85,0.8484848484848485,26006.043708159235,527294.9549528928,513006.1062714429,539,0.97290160175584,0.0,0.0,14288.84868145006,19.608177235959204,2.145538631557656,53.11372962079058,19.575236197632076,18.29080492798924,2688.4582234491486,1680.9225173436844,825.3480311583942,0.4910089683745025,842.0269418742031,0.028169458763873164,259.2936631191311,1,0,0,0,0.0,539,162.0,0.2592936631191311,316.2911545876691,210468.1122575804,770.9447855195227,500000.0,0.6033816099687169,0,0,0.0,11,E2,4,inhouse
13.394393364426703,32.71410719347206,31.553600759423375,80.41898127838897,21.597564835334197,21.597564835334197,,,,,23.48059820221652,72.7073406349421,10.734842852804311,25.597003712158042,30.13130991312492,32.71410719347206,0.8571428571428571,0.8571428571428571,3605.0987133016765,503977.3460501888,503977.3460501888,521,1.0,0.0,0.0,0.0,23.263191792746166,2.8676685705922864,72.21481994608257,23.44696618056315,13.394393364426703,451.4848883435169,1585.501637803165,787.0029187582265,0.49637471194837735,767.3473599695116,0.02988934965853055,287.80691639162353,1,1,0,0,0.0,521,162.0,0.28780691639162354,322.01409088778786,219219.2089770508,740.2992086034801,500000.0,0.6289249265402979,0,0,0.0,12,E2,4,inhouse
3.503206995820773,5.382410136212348,5.054860061637299,7.643647567353035,19.39023407894888,40.198052739138944,,,,,18.753803274658864,62.360609428873396,7.867456679000003,19.719619082676303,11.426137402664668,5.382410136212348,1.0,1.0,6216.486291594783,506496.9548278934,506496.9548278934,522,1.0,0.0,0.0,0.0,18.28946324389843,1.7691273463419748,61.745887905622105,18.765053886548916,3.503206995820773,354.8601082063649,1588.1675396974094,789.5436220676519,0.4971412664800353,762.258271151294,0.02958979360915195,281.4377441074697,1,1,0,0,0.0,522,162.0,0.2814377441074697,320.399631621182,215579.63986280301,752.7679230162225,500000.0,0.6391622476046329,0,0,0.0,13,E2,4,inhouse
13.61583541757272,41.09430669232241,9.803676073756252,17.70311487119493,9.68081444278264,25.32771810094797,5.188924747737474,5.233270554192131,,,18.419855899579073,54.01469116617417,9.466122019274007,26.295306906975604,9.352563413143981,41.09430669232241,0.75,0.9423076923076923,58929.484502104126,560140.4496017806,529049.2299046405,562,0.9444938859187124,0.0,0.0,31091.219697140245,17.633975237704213,2.09122761285289,50.138555121334655,17.951503255649005,13.61583541757272,4921.44107852996,1853.696513261609,919.5179258484852,0.496045560462634,947.8816930796629,0.034011263226873104,321.152976470928,1,1,0,0,0.0,562,162.0,0.321152976470928,306.8167266886086,196952.5837870511,824.1636126590533,500000.0,0.5697789256989729,0,0,0.0,14,E2,4,inhouse
34.46949306137226,79.93058587675094,36.317358735266765,178.9306945510325,5.012410527696966,9.308244838931067,6.354806554717015,6.600589740158921,,,20.22632186982454,64.68675348385473,16.20228794915563,29.978679223721976,25.015098540212296,79.93058587675094,0.5625,0.8461538461538461,64862.71277757866,569803.8948999027,534346.3053831415,588,0.9377722935309347,0.0,0.0,35457.58951676133,21.112815625057426,2.2306533367018346,66.59569606206087,19.77068031481951,34.46949306137226,7232.472470788013,2065.0750033248305,1002.62984084553,0.48551739730095367,1069.9878276473662,0.03977245560824707,427.2894908338187,4,1,0,0,0.0,588,162.0,0.42728949083381873,303.97382344464575,192795.12343689395,842.4865037833792,500000.0,0.5277054526726991,0,0,0.0,15,E2,4,inhouse
18.37193343577114,87.11854373455317,38.15207414255763,90.74254937047135,5.100388644918894,5.185503350061663,,,,,21.362266908476094,60.48094164526571,2.8330496482815306,3.968379348336066,29.889152768147945,87.11854373455317,0.8235294117647058,0.8,8440.199489225186,508637.27469418704,505272.51176591427,527,0.9933847496129815,0.0,0.0,3364.7629282727185,21.324925320849907,3.056159780010603,65.3860142551388,21.27226205784178,18.37193343577114,585.6921954324872,1606.6336214651108,798.6119188367271,0.49707158381788513,776.572838492562,0.03013278034358292,287.89929111365643,1,1,0,0,0.0,527,162.0,0.2878992911136564,321.18885455280696,218387.8231315238,743.1178944138107,500000.0,0.6263833653740809,0,0,0.0,16,E2,4,inhouse
10.486350043608796,23.752212575377783,10.813145305384191,25.457540369561883,7.7622177182627,10.764019384181484,,,,,23.392547763954724,68.589232463084,15.36097706081648,27.559752862198977,9.897867029247744,23.752212575377783,0.8571428571428571,0.9583333333333334,10188.61735102234,511071.9197908895,508246.4808123163,534,0.9944715433011282,0.0,0.0,2825.438978573131,22.651069706907354,4.466765616939256,66.58908806193848,23.149010086167394,10.486350043608796,858.4408266702759,1634.2789217846048,804.1956770518958,0.4920798196269507,791.9433651006907,0.032475918772082744,299.30288001886856,5,1,0,0,0.0,534,162.0,0.29930288001886857,319.3318773611976,215029.35898094476,754.777411090182,500000.0,0.6327321599384992,0,0,0.0,17,E2,4,inhouse
8.738181616018101,23.95759616650048,10.002667831340114,21.34965111125293,7.4729749228850215,6.113828205431492,23.62246992907876,37.972123249212565,54.305514557378956,54.305514557378956,19.316839784913945,58.72211132599924,26.712952778755394,80.03982959784571,9.776811686762558,23.95759616650048,0.9047619047619048,0.9782608695652174,68261.72443658626,570243.9701911092,537520.0751908022,564,0.9426142200340321,10823.216117411037,0.018979974683088343,21900.678882896165,18.785049131841554,2.243813383281122,56.340150151058076,19.522369036506305,8.738181616018101,2982.558584253569,1855.4084511173512,913.1208356762133,0.4921400649686165,934.9432314721136,0.036448142150369546,354.0172311485152,0,2,0,0,0.0,564,162.0,0.3540172311485152,302.042704495303,190139.23730832065,853.8690884085279,500000.0,0.5873156658143864,0,0,0.0,18,E2,4,inhouse
53.171476686936344,93.97769949505705,34.105651007087026,57.6064815057725,55.32169907742989,133.44808605666915,,,,,21.747407248553767,65.63191606867359,24.4166506472081,99.44821503445972,40.26514883396076,93.97769949505705,0.53125,0.7936507936507936,37728.11627304937,538786.9281851918,500163.49429054337,558,0.9283140850785957,11490.801113996251,0.021327171304435642,27132.632780652108,24.640454516221087,2.7226030247899757,71.53885490706891,22.835501578214135,53.171476686936344,1102.303259893937,1946.4586981345224,956.7080505940353,0.49151212481977663,981.2067950572624,0.03653730480302981,349.5493683305883,4,1,0,0,0.0,558,162.0,0.3495493683305883,324.5929605450618,212777.99917941118,762.999699190892,500000.0,0.572770782112613,0,0,0.0,19,E2,4,inhouse
10.448405557110627,22.5392003233153,3.565158271760356,5.119001688773256,4.615986193729668,4.919981242787117,4.9508338676182575,4.9508338676182575,4.692446216563667,4.692446216563667,22.515086188102877,76.428624451126,17.23170473731939,47.20134264570015,4.001074701734922,22.5392003233153,0.9166666666666666,0.96875,42968.20466135957,546023.0117091311,522229.45427683793,549,0.9564238925428877,12015.37519389233,0.02200525424062709,11778.182238400757,21.531353637613197,2.6539101832127017,72.9014269764003,21.95743990588436,10.448405557110627,3500.868078819617,1714.8873487892715,841.7771117538775,0.4908643779710551,848.624554948368,0.0383181518188116,335.6670099327896,2,3,0,0,0.0,549,162.0,0.3356670099327896,310.851227713168,203447.3562256637,797.9246819500084,500000.0,0.42216286137747283,0,0,0.0,20,E2,4,inhouse
30.68347227930009,105.73245446800975,9.123794237833954,19.400602261517452,2.016862097736521,2.016862097736521,33.186121424004796,33.186121424004796,,,22.081722904354905,70.99349147685315,8.650667269198493,20.24590943390149,11.545993530130156,105.73245446800975,0.6470588235294118,0.8333333333333334,17327.275816339392,518024.1647502009,508156.63972886535,529,0.9809516125061583,0.0,0.0,9867.525021335507,22.06639832957902,2.2794064049758163,71.29629547629774,22.069742659447442,30.68347227930009,1808.7266063728225,1629.8266414074774,804.1391715249933,0.4933893894571259,791.0464390163012,0.03464535698830521,402.8027426210796,3,2,0,0,0.0,529,162.0,0.40280274262107957,319.59201168614766,214802.97439276878,756.0547203860705,500000.0,0.5860819377782209,0,0,0.0,21,E2,4,inhouse
24.289637933903503,114.89211402095493,30.56851986065353,79.1005859660716,34.05760896964881,92.14111948253723,,,,,17.84135796793155,57.19120835574698,16.960592555950573,44.56640235748201,32.1192261313181,114.89211402095493,0.8333333333333334,0.8095238095238095,19226.136203616657,520041.7500651535,514161.652876334,530,0.9886930286114858,0.0,0.0,5880.097188819491,18.214854730864218,1.8796265859659798,57.67882389915758,17.698792836977663,24.289637933903503,1906.0082380395738,1630.064063536572,801.7538539539192,0.4918541987941514,798.8697799021727,0.03774168849821483,343.7897326366723,3,3,0,0,0.0,530,162.0,0.3437897326366723,315.7446472805773,212138.8944100534,765.2712162194765,500000.0,0.6333761537450538,0,0,0.0,22,E2,4,inhouse
14.482734065372238,43.200972987888875,14.018497541626303,29.148134294232833,9.079599467799298,14.467119977466453,,,,,25.480650256459842,80.33697619026354,11.837068647191938,37.122624741147675,12.730089348454042,43.200972987888875,0.7894736842105263,0.9672131147540983,44840.47463850063,546620.9219574383,519191.5804046162,576,0.9498201761934061,12710.581287026522,0.023253009126526277,14718.760265795685,23.890654700410394,3.53053694225423,71.19604292388135,24.913839581533427,14.482734065372238,4148.62317858779,1980.3875719092669,967.896280802688,0.48874083766823045,973.3637599146467,0.03907583021421499,372.3383585739716,3,2,0,0,0.0,576,162.0,0.37233835857397163,312.7407001323751,205769.83789179687,789.0968862207917,500000.0,0.5932555434214875,0,0,0.0,23,E2,4,inhouse
37.59947184837177,92.61219547897124,28.592652255631492,67.87816743057657,35.58667603729282,90.79621714829446,,,,,20.36927689256731,61.74757841098238,10.368003970285422,33.77563202322526,33.04339466214324,92.61219547897124,0.631578947368421,0.6666666666666666,34421.87232108315,535140.8176419535,511679.38070875284,539,0.9561583864288633,11697.648494961977,0.021859010020029008,11763.78843823865,21.068307585192695,2.1158149874963783,68.35657259757325,20.662893645706927,37.59947184837177,1892.2428577092949,1692.4236326600817,838.9850113640812,0.49572990779229376,860.3698327459173,0.035850665446587784,318.63804431134804,3,2,0,0,0.0,539,162.0,0.31863804431134807,317.2272406589369,211909.51465250665,765.9808872220042,500000.0,0.6052783952189023,0,0,0.0,24,E2,4,inhouse
2.2306533367004704,2.2306533367004704,,,,,,,,,26.468939705564953,85.5389204000869,,,,2.2306533367004704,1.0,1.0,209.99028817615883,500209.99028817617,500209.99028817617,501,1.0,0.0,0.0,0.0,26.420559892453443,3.8548408929582365,85.53840267137605,26.458764369529455,2.2306533367004704,505.8776336589471,1462.8264086170932,730.9062723055913,0.49965345717033194,706.5527858333606,0.03126818773699887,273.90932457611007,2,2,0,0,0.0,501,162.0,0.27390932457611006,324.41157209013045,222342.3726906419,729.8379852694898,500000.0,0.0,0,0,0.0,25,E2,4,inhouse
39.39107457508246,94.72650038257052,22.330377066375906,51.38423728299176,30.26198366517601,57.91496135815869,,,,,20.369507850740263,64.81913954497412,13.718316582034504,27.506890599562304,25.935652793103227,94.72650038257052,0.45454545454545453,0.6818181818181818,8275.236379187336,508449.34756596206,506323.36078462953,526,0.9958186852013676,0.0,0.0,2125.986781332494,20.833120138304775,2.09122761285289,65.31550179564033,20.540913940464108,39.39107457508246,820.1062389771255,1612.7734898350507,800.460569357856,0.49632547558784873,804.27292078291,0.02863035408300357,272.0271137656075,3,0,0,0,0.0,526,162.0,0.2720271137656075,320.4908951115725,216733.7179032207,748.716114334484,500000.0,0.6154197709026121,0,0,0.0,26,E2,4,inhouse
7.1472025450781205,13.34341726823532,4.418997866826523,6.561962142429456,15.44146518150194,34.396542400325515,,,,,21.313072430382018,66.76653710551308,22.97624509094443,56.77742908850648,8.093153638384996,13.34341726823532,0.9285714285714286,1.0,12370.949722949961,513597.1255335828,509759.3858471841,533,0.9925277235879939,0.0,0.0,3837.7396863987024,20.668314789455717,2.550324017062934,64.16526245400966,21.15904067950731,7.1472025450781205,857.2967842470457,1687.054850453728,839.6712906503957,0.49771428025862274,837.5142961680883,0.03325258404665709,294.6256436968986,5,1,0,0,0.0,533,162.0,0.2946256436968986,318.37496307002704,212780.4242106909,762.7328794259571,500000.0,0.6324072691622523,0,0,0.0,27,E2,4,inhouse
33.916112839855224,64.72482445718433,10.52984597618503,17.202709046097148,8.132428411902367,9.950172894140314,,,4.868307947336746,4.868307947336746,21.17775400094012,72.308168969062,5.712883140904166,11.66346375710432,9.876004822289758,64.72482445718433,0.6666666666666666,0.8260869565217391,26590.43369586375,527415.1934686946,514548.76013854495,531,0.9756047351508214,0.0,0.0,12866.43333014956,20.996920710973964,1.7691273463419748,69.0880264880484,20.87556176919106,33.916112839855224,4252.573686921701,1642.3699741859768,803.1096485862765,0.4889943564538978,830.8500615970606,0.03509597234049418,315.1064102741566,3,2,0,0,0.0,531,162.0,0.3151064102741566,315.4513604630394,209951.6969795273,773.1069038518023,500000.0,0.6207362011670522,0,0,0.0,28,E2,4,inhouse
9.19082853894941,30.950374612164218,14.674864979954258,46.53489678831238,9.24540652968634,18.161729754842778,4.69244621656361,4.69244621656361,10.543391749942145,13.442901857338246,22.426371869426237,73.81757778941758,12.166097744858845,42.77275259489797,12.203938074078328,30.950374612164218,0.88,0.967741935483871,77164.28456252046,582430.0533427446,550636.3106729902,583,0.9454119125768315,0.0,0.0,31793.74266975432,20.834897079897004,2.6510856808599783,62.01158525181376,21.241511423781944,9.19082853894941,7140.825120676071,2012.11250044963,983.0946548828892,0.4885883143528035,1012.3518559725978,0.03266499470308918,321.40048352240734,3,0,0,0,0.0,583,162.0,0.32140048352240735,294.78876953307434,184878.22470000066,877.9909085935843,500000.0,0.5537071547368408,0,0,0.0,29,E2,4,inhouse
6.690349395137261,14.375886232293535,7.877600087827073,15.663390127531557,28.86351683280684,66.28833768652456,,,,,4.065832041558279,4.972818365854437,4.971989405986454,10.960266073354433,14.504731691504896,14.375886232293535,0.9166666666666666,0.9534883720930233,13968.57625752051,515078.73700219905,515078.73700219905,554,1.0,0.0,0.0,0.0,4.555534642358985,1.7691273463417474,6.587153337381412,4.431072280719906,6.690349395137261,36.81363577330022,1813.531708144315,893.8579519333123,0.492882450259415,1140.41765364508,0.04423360170706478,421.0201551289888,4,0,0,0,0.0,554,162.0,0.42102015512898877,315.332411313332,209464.08861748732,775.4122495514446,500000.0,0.4967598362998841,0,0,0.0,0,E2,4,pooled_greedy
3.0642431295110177,5.21078720208643,4.578679891832877,6.800192908340705,9.363827311412706,17.42214642191466,8.105186525493082,10.147552482239007,,,4.845870085744584,7.043293334649802,12.664578689461516,34.347177413224024,7.043341106038574,5.21078720208643,1.0,1.0,22776.714596747763,525519.2910413912,525519.2910413912,536,1.0,0.0,0.0,0.0,4.955517753965911,1.7691273463417474,8.32752125273828,5.12481697717344,3.0642431295110177,44.496197099107405,1709.5498278755665,854.9281481975198,0.500089634275198,1119.7424496639508,0.04681533525086016,423.16236779806803,2,2,0,0,0.0,536,162.0,0.42316236779806804,309.071741297895,199864.4579943496,812.6665641191189,500000.0,0.43632045839040484,0,0,0.0,1,E2,4,pooled_greedy
8.363643907060009,16.617169829896103,5.194927969594687,8.74802494707319,5.83012481679945,8.49903794172451,5.9205895961880515,6.6414801207699155,,,4.415644543827393,5.7780690321306905,8.780269721884679,14.27953164080327,5.523834490620644,16.617169829896103,1.0,1.0,29310.196036041838,532277.3226155266,517873.34282247716,549,0.9729389564780431,14403.979793049497,0.02706104352195697,0.0,4.693600649653331,1.7691273463418042,8.081313256712928,4.534203841938891,8.363643907060009,41.225703025785286,1800.418970041529,893.3677909326957,0.49619994334545864,1172.0526158753753,0.04255917086584762,394.28879543798996,2,0,0,0,0.0,549,162.0,0.39428879543799,313.57916186681473,206465.227204459,786.5454681849244,500000.0,0.4886165395487412,0,0,0.0,2,E2,4,pooled_greedy
5.66536270425693,7.534678711098241,4.427324346734683,6.126991031063335,17.600617850743994,47.680528235057494,47.95007790798991,47.95007790798991,52.39424203210001,52.39424203210001,4.220460770639655,5.778069032130588,4.951036878383612,9.92426427052088,11.729644705124196,7.534678711098241,0.9565217391304348,0.9787234042553191,28096.063942230638,531327.860284328,531327.860284328,562,1.0,0.0,0.0,0.0,4.70418853873699,1.7691273463419748,6.860027320947485,5.570309712718492,5.66536270425693,54.59923360256581,1914.2677747893385,946.5914346183578,0.4944926969386654,1216.6107894187694,0.050819899764856666,449.40805112936727,4,2,0,0,0.0,562,162.0,0.44940805112936727,305.74231128064366,195266.20950485257,831.9381446644628,500000.0,0.46543413047315046,0,0,0.0,3,E2,4,pooled_greedy
5.074411340533023,10.85219878317213,5.800687512274294,8.974776708073204,5.8644582988884695,10.664284114144905,,,4.923575236352008,4.923575236352008,5.745088542369045,10.587151263895711,3.608626502419592,7.200725802030684,5.834448516952387,10.85219878317213,0.9444444444444444,1.0,32491.15341102122,534209.4492904893,521325.49254426855,548,0.9758821998312972,12883.956746220842,0.02411780016870289,0.0,5.677548163079734,1.7691273463419748,10.208694337742878,5.7100505704993925,5.074411340533023,65.22245051607486,1760.6035345472021,868.4559269782687,0.49327171616841103,1122.359930609158,0.043672786619536164,416.2374268392267,4,0,0,0,0.0,548,162.0,0.41623742683922677,311.5447829611892,204758.67603284278,793.2080856040895,500000.0,0.4875585461144832,0,0,0.0,4,E2,4,pooled_greedy
7.668344903797186,17.204726129811487,17.012950970078897,54.4842361032781,24.748888933873523,75.20086482945234,82.15104152592023,106.04850246824662,,,5.0300690806241946,8.015190608271228,2.712339811437708,4.520249595992482,32.61921506917871,17.204726129811487,0.9259259259259259,0.8245614035087719,43452.69323580841,547328.4080016714,547328.4080016714,573,1.0,0.0,0.0,0.0,6.534125203792296,1.7691273463417474,11.851301079309664,8.749926080022426,7.668344903797186,135.52550826331006,1940.662766055779,962.2400213954702,0.49583061942860673,1243.0443311279423,0.0460084874023695,444.61314910451017,4,0,0,0,0.0,573,162.0,0.44461314910451016,296.79550846300754,183134.3062552643,887.0244820360355,500000.0,0.5107424343524,0,0,0.0,5,E2,4,pooled_greedy
7.65683586775144,32.706252726782125,11.725578670943815,30.618612312841982,9.698077937773308,21.991232276217776,37.03110385408422,49.81099626874711,,,4.513269277448751,5.778069032130588,7.404282877374464,25.381460205139973,15.351811820959151,32.706252726782125,0.8571428571428571,0.9807692307692307,31608.77227884693,533346.8920584851,533346.8920584851,565,1.0,0.0,0.0,0.0,5.195973812620006,1.7691273463419748,7.789710341369621,5.758367220499961,7.65683586775144,60.76410247656288,1885.0545182076119,932.9119837419656,0.49489920568929596,1214.5336906409073,0.04676760643504491,461.45199009599537,5,0,0,0,0.0,565,162.0,0.46145199009599536,304.6074785644031,194290.59726617252,836.177634306865,500000.0,0.5184280614158192,0,0,0.0,6,E2,4,pooled_greedy
3.806508572038665,5.540506450698194,6.212697599513529,14.563595160661322,2.637434149028463,3.0929867587245785,6.670527379440713,7.325721215742098,,,4.600111989471181,5.11034828281274,7.242919067287962,8.001074364439187,4.910126287242228,5.540506450698194,1.0,1.0,40773.60461111535,544565.4292464787,533094.6781879223,581,0.9789359543545969,11470.75105855638,0.021064045645403137,0.0,4.653353225715308,1.7691273463419748,5.7780690321319526,4.644091329101257,3.806508572038665,38.888200443278215,1965.7211709924127,969.3102881367116,0.4931067042673943,1281.1118307389445,0.048254742029003046,440.8966812835667,2,1,0,0,0.0,581,162.0,0.4408966812835667,304.7130337775032,193514.06677320425,839.426814752759,500000.0,0.49660651572964837,0,0,0.0,7,E2,4,pooled_greedy
9.177700353623797,34.78130870412831,16.70628096636591,46.614673852747046,12.402951573934077,10.30543516188068,5.016140661867894,5.018809284742156,,,4.955551488906232,7.200685420364023,4.276516075842163,5.110377175744634,13.257430413730699,34.78130870412831,0.88,0.8958333333333334,38363.5914215517,540361.5398106,526845.8481339897,560,0.9749876875372225,13515.69167661024,0.02501231246277737,0.0,5.470459545927898,1.7691273463418042,7.50939287254362,5.348948454903729,9.177700353623797,57.090385556428274,1813.259016040049,893.9443203746893,0.4930042053930948,1173.8109999147612,0.04540229773178903,411.9630731618893,6,0,0,0,0.0,560,162.0,0.41196307316188935,308.27226530948496,199068.64642057306,815.8590817462714,500000.0,0.5081951650945579,0,0,0.0,8,E2,4,pooled_greedy
8.543525777796575,26.35301677103121,11.148270639666833,16.215381104391092,12.235919876745818,40.98107717346238,5.8515350840643805,5.8515350840643805,7.253474718233974,8.758631242005777,6.0838254519833965,15.78767955015066,8.00536131353073,27.86811778493302,11.48038577249984,26.35301677103121,0.8947368421052632,0.9753086419753086,47374.080402398526,549736.351411949,549736.351411949,604,1.0,0.0,0.0,0.0,6.693448395341182,2.0912276128527054,18.51294444471813,6.515903497010684,8.543525777796575,66.84987308304108,2150.0220268981566,1064.6527544132905,0.49518225445776864,1393.4733838277443,0.06439120931425635,703.6944189023455,9,3,0,0,0.0,604,162.0,0.7036944189023456,295.9667738926348,183529.68229202103,886.5252333408301,500000.0,0.49456334331970025,0,0,0.0,9,E2,4,pooled_greedy
12.509423259786981,16.689866546320552,11.47495770297948,19.78062116593428,5.95639487534703,10.257616613736216,,,,,4.077372637550205,4.972818365854437,3.742094098265716,6.4403024183432525,8.715676289163255,16.689866546320552,0.9285714285714286,0.9666666666666667,13819.243346008723,516514.44304295897,516514.44304295897,540,1.0,0.0,0.0,0.0,4.427203714854425,1.7691273463416337,6.016888168206358,4.157279815127992,12.509423259786981,33.90316120336712,1714.407808491112,846.0494685826285,0.4934937092518583,1086.101253326864,0.04390773717355337,506.14291724278706,2,1,0,0,0.0,540,162.0,0.506142917242787,314.62071410794414,206925.39803149077,785.3368627688319,500000.0,0.475233061237698,0,0,0.0,10,E2,4,pooled_greedy
6.34152433014687,14.104054227136658,9.709542845879469,19.604586150115303,8.665590674002306,11.006510661647557,,,6.75338177253343,6.75338177253343,4.141394929293042,6.004525840766475,8.35905538780178,19.19894964373417,8.963862723110067,14.104054227136658,0.9523809523809523,0.9714285714285714,26006.043708159235,531772.2574830158,531772.2574830158,543,1.0,0.0,0.0,0.0,4.410000595193908,1.7691273463418042,6.709765156277673,4.61651272254689,6.34152433014687,40.602824289987076,1728.6167638906472,859.6367993196737,0.4972975024174037,1168.3432694558167,0.042476111714453695,381.54046539402935,2,0,0,0,0.0,543,162.0,0.38154046539402936,305.35917995041393,194510.52479883976,834.8213580387329,500000.0,0.5051444221339477,0,0,0.0,11,E2,4,pooled_greedy
3.2496137178012696,5.448241339730794,7.469484858083926,13.055543856479176,22.84797085817354,22.84797085817354,,,,,4.944797361941078,8.989645406480767,5.396989818482325,8.937058289784183,9.666411429525299,5.448241339730794,1.0,1.0,3605.0987133016765,503977.3460501888,503977.3460501888,521,1.0,0.0,0.0,0.0,4.991535097372748,1.76912734634152,9.296264637354852,5.013776897599058,3.2496137178012696,45.25508786705735,1585.2745488809812,786.7758298360422,0.4963025681522574,1025.2428596675484,0.04327203544247316,403.9675091579709,4,1,0,0,0.0,521,162.0,0.4039675091579709,322.2445786144223,219376.11930657213,740.2992086034801,500000.0,0.4435878939062052,0,0,0.0,12,E2,4,pooled_greedy
3.312231432530634,5.502501701786103,4.255625770831374,6.672711899457498,14.479506955300053,34.469238412525335,,,,,3.9538525406378695,4.811768232599206,1.786158674066678,1.9585423353671103,8.799572963928565,5.502501701786103,1.0,1.0,6216.486291594783,506496.9548278934,506496.9548278934,522,1.0,0.0,0.0,0.0,4.006802819587874,1.76912734634152,4.811768232599206,4.0901904287976825,3.312231432530634,26.854269286610403,1595.5343630138937,796.9104453841356,0.49946304125898433,961.8513119100184,0.042121101244608064,381.3724650499371,2,2,0,0,0.0,522,162.0,0.3813724650499371,320.5969372910184,215712.39621158846,752.7679230162225,500000.0,0.4408838966567248,0,0,0.0,13,E2,4,pooled_greedy
10.98714316481404,43.74032340322819,10.670613533528158,19.7286327481866,8.567169114333108,21.369390021487902,16.786684527050454,50.02511094228703,,,4.037870290544602,5.787880710534821,4.819035861179161,5.267067000849239,11.133445571135963,43.74032340322819,0.7931034482758621,0.9032258064516129,58929.484502104126,566652.9292862886,566652.9292862886,576,1.0,0.0,0.0,0.0,4.813250873187331,1.7691273463417474,7.83273847690225,5.236935353583954,10.98714316481404,61.90704158556296,1940.0109534471428,957.9654281184316,0.4937938244195239,1229.9571184420486,0.04138664645606004,391.020465046487,0,0,0,0,0.0,576,162.0,0.39102046504648696,286.5793364371758,169953.1629618344,955.5045498124322,500000.0,0.48710738864734066,0,0,0.0,14,E2,4,pooled_greedy
16.843713058965704,68.18093406095667,12.833117679145355,23.098922192061536,10.106135114468833,8.943678062591971,7.764691336348343,9.006345367876566,7.531679704841508,8.875795401463211,4.42855436539802,6.110590312263322,9.406274078920845,12.214537156934972,11.154251201939692,68.18093406095667,0.8,0.8783783783783784,64862.71277757866,573615.9384122626,573615.9384122626,603,1.0,0.0,0.0,0.0,5.817339462983422,1.7691273463419748,9.985703904971007,5.001047065299392,16.843713058965704,48.014150595505434,2173.8648697359386,1062.281716830962,0.48866041841873936,1382.9328908909874,0.05460784371435048,541.1836823007368,4,2,0,0,0.0,603,162.0,0.5411836823007368,283.36239075261017,164764.6475064507,986.5052129944141,500000.0,0.4153310507979491,0,0,0.0,15,E2,4,pooled_greedy
5.918401700186567,13.255952579232684,9.12851080805286,17.865583696914655,18.66977204349041,30.775526404469566,,,,,5.021515755635952,6.713996740494124,2.114156651349807,2.6214206442215073,12.308931219865379,13.255952579232684,0.9473684210526315,1.0,8440.199489225186,509188.49886297405,509188.49886297405,531,1.0,0.0,0.0,0.0,5.160697478445119,1.7691273463419748,7.74323281328725,5.066362659556577,5.918401700186567,40.00469061969461,1627.8500336643922,809.3398524497961,0.49718330049600545,1069.6677040196107,0.048611715548517995,438.3827799978453,4,2,0,0,0.0,531,162.0,0.4383827799978453,319.0142415681527,215612.61907580047,753.3806855845077,500000.0,0.46682585283552136,0,0,0.0,16,E2,4,pooled_greedy
3.4797166785812883,5.523983756496091,4.509357289270416,7.515128509251554,3.557940120608907,4.955370797064165,,,,,5.043789477765102,9.478034352445963,5.442844617038418,15.677494538902465,4.112933468994787,5.523983756496091,1.0,1.0,10188.61735102234,511539.3687118152,511539.3687118152,538,1.0,0.0,0.0,0.0,4.987578032484444,1.76912734634152,9.181633592818981,5.016251147370595,3.4797166785812883,42.06238840399261,1660.8152043449643,818.4704656707596,0.49281248361016144,1047.0292016711508,0.047063062574106806,439.7957130688051,5,2,0,0,0.0,538,162.0,0.4397957130688051,317.5509171896839,212229.95039049443,765.3952489466554,500000.0,0.45972303695153327,0,0,0.0,17,E2,4,pooled_greedy
4.96432371130872,11.64402447313096,5.6057004016346585,8.230461730869404,7.226935310970778,6.321232548959233,66.5575640109846,110.17321014886329,55.52383492190984,55.52383492190984,5.803580404648714,11.639707971794726,6.667572464328355,13.857857048117861,18.187303798284383,11.64402447313096,1.0,0.9074074074074074,68261.72443658626,572191.6285267603,561368.4124093493,574,0.9810846304318052,10823.216117411037,0.01891536956819503,0.0,6.553978705880526,1.7691273463419748,13.737192731698057,8.657302774078541,4.96432371130872,120.29637595653922,1925.6339869013364,954.0289999535423,0.4954363115956074,1260.8399005599722,0.0556190037487422,513.2047968774075,1,4,0,0,0.0,574,162.0,0.5132047968774075,289.49474392294974,175660.1086384719,925.1571461301309,500000.0,0.4489854688711243,0,0,0.0,18,E2,4,pooled_greedy
8.376453882046007,23.483939473899962,10.91595766305349,10.984437042180803,7.329198819583851,7.801461682220816,,,,,4.7818298306520886,6.4475379675456015,3.285896514136726,5.2679819321938925,9.65004277712303,23.483939473899962,0.8857142857142857,0.9855072463768116,37728.11627304937,538786.9281851918,527296.1270711955,583,0.9786728286955643,11490.801113996251,0.021327171304435642,0.0,5.245617164352918,1.8627128105390511,8.981846483855545,5.012561786718688,8.376453882046007,44.73089271033643,2054.8079466918425,1019.759795156353,0.4962798575886982,1367.2509305579715,0.053877979396764274,477.78493109107876,4,2,0,0,0.0,583,162.0,0.4777849310910788,308.13384849525613,199707.52710210026,813.5786732165808,500000.0,0.4810376025866849,0,0,0.0,19,E2,4,pooled_greedy
4.529452723676416,6.227614497071319,4.484681374796196,7.431126889891016,6.49212888534912,11.221763438833115,7.049795901199104,7.049795901199104,4.820118274277888,4.820118274277888,4.879515672345364,5.947083899957081,10.69480572400395,29.974603951934142,5.630349745629608,6.227614497071319,1.0,1.0,42968.20466135957,546796.3875473237,534781.0123534314,558,0.978025869468912,12015.37519389233,0.021974130531088105,0.0,5.0642347328743655,1.769127346341751,7.009933524419671,5.024674248254156,4.529452723676416,43.43435286913465,1772.8570401555758,877.172789876944,0.4947792010347142,1134.59320915407,0.04874135395818653,454.6616346326702,2,2,0,0,0.0,558,162.0,0.45466163463267023,303.7779163469401,195772.9072140516,829.811764796495,500000.0,0.4374124297468856,0,0,0.0,20,E2,4,pooled_greedy
3.065633890832578,5.528533295759463,6.397913962763869,11.642012730108217,3.518169269097598,4.7192150061864595,35.9825711326348,35.9825711326348,,,4.920161472345351,6.1351750838905055,3.4220974422378276,6.034906249860068,9.376059935581168,5.528533295759463,1.0,1.0,17327.275816339392,522304.8254134355,522304.8254134355,536,1.0,0.0,0.0,0.0,4.895109464574401,1.7691273463418042,6.554034487241552,5.118454451446615,3.065633890832578,45.76172517406633,1661.2368678966175,817.6282171765548,0.49218039460669954,1072.5424348865827,0.04607315334972774,429.1136053296054,4,1,0,0,0.0,536,162.0,0.4291136053296054,310.98528235261324,205462.87759504488,790.5521206875518,500000.0,0.5087934365036931,0,0,0.0,21,E2,4,pooled_greedy
13.686151040579867,39.56644907124801,20.187952438817728,44.6322535831172,9.632452790471916,24.780873479360707,88.51108587326576,88.51108587326576,,,4.973224144508063,5.7920745604335515,8.249908472280216,15.968400179968746,20.60379706751549,39.56644907124801,0.75,0.875,19226.136203616657,520041.7500651535,520041.7500651535,533,1.0,0.0,0.0,0.0,5.57662406341782,1.76912734634152,8.482480865282561,6.275468144952021,13.686151040579867,50.9488064761287,1651.3928040924086,814.289108548896,0.49309231972608863,1094.4869361114309,0.05298392810121666,480.0094904192404,6,3,0,0,0.0,533,162.0,0.48000949041924046,312.4364716295622,207494.43806656922,783.0571797702439,500000.0,0.4134906590693214,0,0,0.0,22,E2,4,pooled_greedy
2.973135076420102,4.938056190091447,4.625681532998614,6.541406100533295,6.188276003683148,10.633636336279686,8.474253917366298,8.541991466183855,,,5.240296998443644,11.101537125000876,3.5047053562058323,4.462758135640115,5.429925997673811,4.938056190091447,1.0,1.0,44840.47463850063,546785.5630729868,534074.9817859603,584,0.9767539925238847,12710.581287026522,0.023246007476115223,0.0,5.050760114441848,1.7691273463419748,8.73869912158217,5.271251188340315,2.973135076420102,55.45833615253074,2048.0362223468837,1009.2833360684931,0.49280541284173973,1327.0774531804723,0.04700962341102783,441.4831404908802,3,0,0,0,0.0,584,162.0,0.44148314049088017,304.1548259708448,193601.79845735768,839.0494532325838,500000.0,0.5034994507790991,0,0,0.0,23,E2,4,pooled_greedy
22.6245675638703,52.62241353838144,31.884280521258688,61.89759057892761,23.85581072054179,56.63363542615116,33.4330925590898,50.85388837969849,,,4.235355460214177,4.972818365853527,2.9626142287229413,5.035956152463224,27.273706912539364,52.62241353838144,0.631578947368421,0.6176470588235294,34421.87232108315,535140.8176419535,523443.16914699145,543,0.9781409899799709,11697.648494961977,0.021859010020029008,0.0,5.4941319439543665,1.76912734634152,7.192197942612261,5.260286386413817,22.6245675638703,41.52847164101736,1711.8481624995125,845.1446127939674,0.4937030230297707,1091.9407845571395,0.048359813357584006,450.10669814747484,4,2,0,0,0.0,543,162.0,0.45010669814747484,310.34908137759805,202144.8313787111,803.6322551022985,500000.0,0.4302382413949319,0,0,0.0,24,E2,4,pooled_greedy
2.2306533367004704,2.2306533367004704,,,,,,,,,4.598187049966824,7.1248308724352105,,,,2.2306533367004704,1.0,1.0,209.99028817615883,500209.99028817617,500209.99028817617,501,1.0,0.0,0.0,0.0,4.59346143377268,1.76912734634152,6.978266786365566,4.597193149212404,2.2306533367004704,33.48160110106439,1460.7986806052586,728.8785442937565,0.4989589284074088,921.5381441724186,0.04274445638968513,374.44143797364177,6,1,0,0,0.0,501,162.0,0.37444143797364177,324.61255190930524,222480.1184854986,729.8379852694898,500000.0,0.23574688421396073,0,0,0.0,25,E2,4,pooled_greedy
8.63229339661819,13.017961826711144,7.337889219586941,15.344003523980973,9.98262696982712,20.171855453086028,,,,,4.457117571909133,7.867121822710306,2.649128960982125,4.467951470159097,8.761978777408576,13.017961826711144,1.0,1.0,8275.236379187336,508449.34756596206,508449.34756596206,528,1.0,0.0,0.0,0.0,4.636394419067436,1.7691273463417474,9.244640893841467,4.548650977925786,8.63229339661819,36.90551823001874,1637.8787335653751,818.0464895935438,0.49945485757226965,1088.5089030781687,0.04336927882739407,399.5188889063746,4,0,0,0,0.0,528,162.0,0.39951888890637466,319.4015680545996,214664.60352183713,756.526768850301,500000.0,0.5038798870325345,0,0,0.0,26,E2,4,pooled_greedy
6.12156009769612,14.435026360452515,4.027114606113322,5.083876413977759,5.662687767210703,8.540999140888971,,,,,4.824233824510483,6.2310790387650075,6.262169849851475,12.592612127455467,4.7280745322979145,14.435026360452515,0.9285714285714286,1.0,12370.949722949961,513597.1255335828,513597.1255335828,536,1.0,0.0,0.0,0.0,4.877069320660392,1.7691273463418042,6.345745689016894,4.847314045969807,6.12156009769612,40.65714606798183,1698.9267085641063,843.9808662567254,0.4967729696650885,1127.6450189441027,0.04595576521287982,418.6050559035259,4,1,0,0,0.0,536,162.0,0.4186050559035259,316.23737163085696,210067.28857039547,773.1741870009217,500000.0,0.44970278108394784,0,0,0.0,27,E2,4,pooled_greedy
18.201040233869318,53.4163569064971,10.648356381213024,20.058409007349923,15.37125138792104,36.47069810312247,11.559207016833696,14.3488175850972,10.124148024180528,10.124148024180528,5.487633222025807,6.378944965613346,3.507884385618084,5.325019721173555,12.533298338181114,53.4163569064971,0.6666666666666666,0.8928571428571429,26590.43369586375,528937.8456762048,528937.8456762048,537,1.0,0.0,0.0,0.0,5.960799050911282,1.7691273463417474,8.471117717414113,5.924401024105039,18.201040233869318,60.40322044050453,1706.298532292827,846.0704458033945,0.4958513588278676,1097.0300522552159,0.04825730651374856,446.1058543110159,4,2,0,0,0.0,537,162.0,0.44610585431101585,307.11757001739335,197216.15386066583,823.6957403047217,500000.0,0.5090227166791478,0,0,0.0,28,E2,4,pooled_greedy
5.054157135283327,10.855521135352546,8.960488447054889,24.09651050127701,11.012346581011636,32.73886504433139,21.34164120900179,39.83182368165339,15.628768274396483,27.44704208985163,5.380771593420094,8.722157011423633,7.3887385704298,15.670856364382791,10.760239561654943,10.855521135352546,0.9615384615384616,0.972972972972973,77164.28456252046,584688.0408818187,584688.0408818187,599,1.0,0.0,0.0,0.0,5.9227444650408945,1.8627128105389374,13.958797160304531,6.878651245686305,5.054157135283327,98.77690917593468,2104.3935706191332,1023.7847135161335,0.48649868912825367,1348.7578092017843,0.04780454001885591,486.19456878217704,4,0,0,0,0.0,599,162.0,0.48619456878217704,277.90237392870677,165149.5064730199,983.8733281066582,500000.0,0.4832697284062468,0,0,0.0,29,E2,4,pooled_greedy
4.377202116589729,7.52426507089421,5.725812719319458,8.392232090915106,8.046360367006258,17.460965984869517,,,,,4.248229264665108,5.7001468423900175,4.6581899831119555,9.824389167600202,6.458617239641605,7.52426507089421,1.0,1.0,13968.57625752051,515078.73700219905,515078.73700219905,554,1.0,0.0,0.0,0.0,4.337764080321533,2.3560712694261383,5.872632595894173,4.315581408875804,4.377202116589729,40.00382504110516,1826.6752096518107,907.0014534408074,0.49653132020863977,1067.8864145300815,0.03951027007833518,356.7481800958086,3,0,0,0,0.0,554,162.0,0.35674818009580855,315.20763043923256,209381.20112754847,775.4122495514446,500000.0,0.4579012180434896,0,0,0.0,0,E2,4,central_assign
3.743657334774832,5.774071942227363,4.501813487634261,5.7068458374567115,9.41164244396873,17.711512743262304,7.998451196447604,9.489795903557752,,,4.877318501417176,7.376816502361363,14.442449405034333,38.421876857881955,7.004603338213717,5.774071942227363,1.0,1.0,22776.714596747763,525519.2910413912,525519.2910413912,536,1.0,0.0,0.0,0.0,5.026074073321722,2.3279355830287614,7.85601216114037,5.167414879088952,3.743657334774832,53.86965029462259,1711.5573241868303,856.9356445087841,0.5006759822759186,1038.1763095383033,0.04098927740879838,372.1261011016069,2,1,0,0,0.0,536,162.0,0.3721261011016069,308.97462542114897,199801.65700197488,812.6665641191189,500000.0,0.43475445349970104,0,0,0.0,1,E2,4,central_assign
8.680723035703119,17.90184867857843,6.219462330091687,9.600392805140746,4.993064141439163,8.111748423376412,6.266412863219557,7.122577706090306,,,5.226429202746957,6.464976804018362,9.140503759643211,14.34911207479854,5.765431825987974,17.90184867857843,0.9545454545454546,1.0,29310.196036041838,532277.3226155266,517873.34282247716,549,0.9729389564780431,14403.979793049497,0.02706104352195697,0.0,5.4589853528794725,2.3644751876645387,9.75012928661619,5.319634382640747,8.680723035703119,55.15105719796748,1803.0844064656271,896.0332273567947,0.49694469329540847,1061.56873578973,0.04400054840587983,401.8274420248181,2,2,0,0,0.0,549,162.0,0.40182744202481807,313.59371879794725,206474.81170642585,786.5454681849244,500000.0,0.37433931861113817,0,0,0.0,2,E2,4,central_assign
5.330571032981706,6.760038291453431,6.456580796207531,11.665044034188577,57.70020772989724,221.96810716287428,226.80568322564886,226.80568322564886,181.7166111498991,181.7166111498991,4.612001713614981,5.997501349736779,6.883338620779649,10.613169385157024,36.98930461980496,6.760038291453431,0.9565217391304348,0.9148936170212766,28096.063942230638,531327.860284328,531327.860284328,562,1.0,0.0,0.0,0.0,6.395784080573315,2.386227470107542,7.5385257360810645,10.174406540942298,5.330571032981706,161.02544341507505,1913.050433377097,945.374093206117,0.4941710248261743,1146.982453788124,0.04789526723968151,430.838537816156,4,2,0,0,0.0,562,162.0,0.430838537816156,305.707362024824,195243.88871882748,831.9381446644628,500000.0,0.435200149467291,0,0,0.0,3,E2,4,central_assign
5.871055409374069,6.383625205406592,5.258744678714606,8.463432518749595,6.129637413960584,9.391678554888589,,,4.749197459414745,4.749197459414745,6.582510891037397,12.79872514322806,3.1094548620168894,4.350966120265639,5.719805538550712,6.383625205406592,0.9444444444444444,0.9714285714285714,32491.15341102122,534209.4492904893,521325.49254426855,548,0.9758821998312972,12883.956746220842,0.02411780016870289,0.0,6.45298137380732,2.385143534695146,11.307985430090785,6.526831691397153,5.871055409374069,82.91337414986705,1777.034977015278,884.8873694463445,0.49795720449611425,1037.1731283056642,0.042503698923246264,390.81514906716825,4,1,0,0,0.0,548,162.0,0.39081514906716824,311.4960182678535,204726.6260850001,793.2080856040895,500000.0,0.46448108072600763,0,0,0.0,4,E2,4,central_assign
8.84689267349289,14.398006755167991,24.36941559564496,75.2258587038381,25.91084408894842,74.58974602099296,102.43062594752337,130.28692904254194,,,4.918147761778162,7.71690350661551,3.511902527226141,5.021739016254287,40.49546716378846,14.398006755167991,0.9259259259259259,0.7894736842105263,43452.69323580841,547328.4080016714,547328.4080016714,573,1.0,0.0,0.0,0.0,6.926691864611974,2.405687164973642,12.110048314354831,9.7670126343471,8.84689267349289,161.83873257872884,1939.8764632595548,961.4537185992466,0.4956262611608399,1144.91001392817,0.0427016461672859,434.43085413651835,3,0,0,0,0.0,573,162.0,0.4344308541365184,296.77690483341485,183122.82709637497,887.0244820360355,500000.0,0.46769974412811877,0,0,0.0,5,E2,4,central_assign
6.661496257979209,14.25493933394809,13.618453830110097,37.55919019803425,7.210881926826265,10.771567922268243,11.496236246002695,15.993930065586689,,,4.780133056959152,6.185565838589492,7.828004565831748,25.339768221088907,11.395875760967746,14.25493933394809,0.8928571428571429,0.9807692307692307,31608.77227884693,533346.8920584851,533346.8920584851,565,1.0,0.0,0.0,0.0,5.224519471366429,2.3912543155192907,8.651712626500194,5.0761415302667094,6.661496257979209,54.17941646678098,1895.7322800270997,943.5897455614542,0.4977441991692864,1134.206770379832,0.043065485542721715,429.0092080205508,5,0,0,0,0.0,565,162.0,0.42900920802055076,304.5466498944351,194251.79835462026,836.177634306865,500000.0,0.46393233061812467,0,0,0.0,6,E2,4,central_assign
4.60573823181726,7.514821565484976,7.927179324192559,15.40194689068249,3.2070456501817386,3.8516615140650177,7.362407331584947,8.076987134260738,,,5.0856904594849714,6.068255161957382,7.188664431038296,5.915417955746401,6.1100648637212,7.514821565484976,1.0,1.0,40773.60461111535,544565.4292464787,533094.6781879223,581,0.9789359543545969,11470.75105855638,0.021064045645403137,0.0,5.169831995989326,2.4706365158754124,6.741410161539534,5.137049114775784,4.60573823181726,48.90837058341657,1969.1010842004027,972.6902013447007,0.49397677404645945,1218.5724124035416,0.048664287568975804,442.33171174292636,2,2,0,0,0.0,581,162.0,0.44233171174292635,304.71572566417564,193515.7763093236,839.426814752759,500000.0,0.4406159014216284,0,0,0.0,7,E2,4,central_assign
9.472626073192377,35.0701692045576,13.372270482577846,27.791660744308125,11.872993039895668,7.176536411931558,5.527553861511365,5.613569331329359,,,4.863903984755625,7.195491213134174,5.064674250202226,11.138057488797042,11.842703526186488,35.0701692045576,0.88,0.8958333333333334,38363.5914215517,540361.5398106,526845.8481339897,560,0.9749876875372225,13515.69167661024,0.02501231246277737,0.0,5.360581993414889,2.458133602217231,7.734172035787201,5.241509970404295,9.472626073192377,59.66824452551518,1824.270140185564,904.955444520205,0.49606438464653774,1098.189469303767,0.04092099527778574,381.3522443624905,4,0,0,0,0.0,560,162.0,0.38135224436249054,308.2141632500157,199031.12667055216,815.8590817462714,500000.0,0.4634509878551489,0,0,0.0,8,E2,4,central_assign
13.096056519342733,45.04898441693276,13.561373520889257,39.5687943811333,10.996002362388525,40.35989904928184,6.0130502131833055,6.0130502131833055,7.86307707273545,9.128535748949707,5.667969818797401,10.671786256773904,8.655695916314093,31.155105027673017,12.311954819477185,45.04898441693276,0.8421052631578947,0.9135802469135802,47374.080402398526,549736.351411949,549736.351411949,604,1.0,0.0,0.0,0.0,6.719445170131308,2.528891012090753,15.567682008604558,6.175607531271832,13.096056519342733,75.26725564208049,2153.4694257373485,1068.1001532524817,0.4959903960033071,1283.3278847854206,0.054027914078189646,596.198750208318,7,2,0,0,0.0,604,162.0,0.596198750208318,295.77123348782453,183408.42723390053,886.5252333408301,500000.0,0.4665485537829553,0,0,0.0,9,E2,4,central_assign
12.73194346460223,18.30695933024146,12.590505625818508,20.11789560555671,8.283360140476844,15.023229063374943,,,,,4.461247485252303,5.558102968668846,4.035369119543452,9.142936200788244,10.436932883147676,18.30695933024146,0.9285714285714286,0.9666666666666667,13819.243346008723,516514.44304295897,516514.44304295897,540,1.0,0.0,0.0,0.0,4.844843645289593,2.3591740865566635,5.978185800637725,4.587645519945692,12.73194346460223,44.38722802211563,1720.3210672150321,851.9627273065488,0.49523472306582955,988.7266068800336,0.04301474244422968,508.63210166395777,1,2,0,0,0.0,540,162.0,0.5086321016639578,314.62553330410543,206928.5676069165,785.3368627688319,500000.0,0.42377474988143266,0,0,0.0,10,E2,4,central_assign
6.455758997616499,15.926706571981413,15.168329778753787,36.207202323160715,10.273068529093688,12.472186908111986,,,7.606626892373242,7.606626892373242,4.327817859239323,6.3091678836483664,8.795442269068547,19.423628899885273,11.671714600425146,15.926706571981413,1.0,0.9428571428571428,26006.043708159235,531772.2574830158,531772.2574830158,543,1.0,0.0,0.0,0.0,4.663091336558772,2.4095667754327224,6.8811715797097355,4.763750660080058,6.455758997616499,50.18846164553871,1727.7136595275342,858.7336949565605,0.4970347315488565,1076.4860001480076,0.03798542812784916,342.2020771753737,1,0,0,0,0.0,543,162.0,0.34220207717537365,305.2852039434577,194463.40287528106,834.8213580387329,500000.0,0.45597650546087615,0,0,0.0,11,E2,4,central_assign
3.9953217484924153,6.013679418639277,6.826732921799703,12.214926978752601,23.14747052270559,23.14747052270559,,,,,5.317237677964087,9.588538907358389,6.063480535218852,11.058095682531713,9.158266864786258,6.013679418639277,1.0,1.0,3605.0987133016765,503977.3460501888,503977.3460501888,521,1.0,0.0,0.0,0.0,5.361110024993332,2.3849807400794134,10.066456650928558,5.387262756145578,3.9953217484924153,55.86981073500771,1586.839956176224,788.3412371312853,0.4967994623924994,974.6119116638384,0.0411805351165466,380.1976598289834,4,1,0,0,0.0,521,162.0,0.38019765982898335,322.19741409499443,219344.01087115475,740.2992086034801,500000.0,0.4158229239204143,0,0,0.0,12,E2,4,central_assign
3.599889004268964,5.341378043926101,4.402237790052389,5.982505491190433,15.191721897829893,35.1296778353727,,,,,4.563704638083953,5.558722655310158,2.101376071584821,2.2923089698775927,9.197564060175726,5.341378043926101,1.0,1.0,6216.486291594783,506496.9548278934,506496.9548278934,522,1.0,0.0,0.0,0.0,4.6052421225586855,2.331346470442984,5.566717624084595,4.700321204179586,3.599889004268964,42.0111804140097,1596.296070952513,797.6721533227549,0.49970188352764805,922.3836013293068,0.040398943867063365,360.83805994877423,2,2,0,0,0.0,522,162.0,0.3608380599487742,320.55639528004394,215685.1176779617,752.7679230162225,500000.0,0.41719632951613467,0,0,0.0,13,E2,4,central_assign
12.624508594913085,51.2628052572115,11.269433147855914,22.529522822862965,9.219201360190723,21.057280058359538,17.259616283942705,51.116325744806,,,4.210830169105143,6.32566904362857,5.491139797281384,5.524748991311482,11.72754698076656,51.2628052572115,0.7931034482758621,0.8870967741935484,58929.484502104126,566652.9292862886,566652.9292862886,576,1.0,0.0,0.0,0.0,5.096199377312997,2.3815309172750734,7.991985316795535,5.494520224348629,12.624508594913085,71.12063242986069,1952.394290405159,970.3487650764479,0.49700450869228985,1164.9404920107354,0.038746542528498705,358.543474988156,0,0,0,0,0.0,576,162.0,0.358543474988156,286.52202271235444,169919.1735998112,955.5045498124324,500000.0,0.4603708030050148,0,0,0.0,14,E2,4,central_assign
12.546618279179171,30.768679278234057,17.029466045909896,69.36609793037042,7.662753679803328,9.059113153390172,9.085612538115454,10.829007726539567,7.351480570396916,8.802099723742277,4.5895513610597085,6.659431108707655,7.303446046014162,9.926981467152114,12.96175295407058,30.768679278234057,0.8285714285714286,0.9459459459459459,64862.71277757866,573615.9384122626,573615.9384122626,603,1.0,0.0,0.0,0.0,5.723568308280354,2.4431425948891956,9.713516961925277,5.1209629364802645,12.546618279179171,53.86832847461714,2182.3866435698174,1070.8034906648413,0.4906570949835383,1331.4297744405167,0.04935321838031204,477.6298963403063,4,1,0,0,0.0,603,162.0,0.4776298963403063,283.25159573855194,164700.22434362982,986.5052129944141,500000.0,0.4140671720319989,0,0,0.0,15,E2,4,central_assign
5.8017939264797445,11.456543959717592,21.739629709847705,52.51054234176081,19.843168488177678,31.565615754134708,,,,,4.732727350013879,7.0840318213687175,2.1087262551653034,2.4229104384174205,21.10747596929103,11.456543959717592,0.9473684210526315,0.9642857142857143,8440.199489225186,509188.49886297405,509188.49886297405,531,1.0,0.0,0.0,0.0,5.033693450280922,2.3876847903406997,8.771317421898857,4.804188481425613,5.8017939264797445,45.020338442663856,1633.3569694996663,814.84678828507,0.498878569413198,982.5406573111073,0.041273676776604845,378.28171183347257,3,1,0,0,0.0,531,162.0,0.3782817118334726,318.89620852479334,215532.8439112464,753.3806855845077,500000.0,0.4467784533902746,0,0,0.0,16,E2,4,central_assign
4.219659516415698,7.381067945930044,4.810032580379535,7.35772288536391,5.273529848241628,6.986102012473202,,,,,5.2079788164827026,9.092428187337294,6.4861997840653,16.182882246330337,5.00315644198874,7.381067945930044,1.0,1.0,10188.61735102234,511539.3687118152,511539.3687118152,538,1.0,0.0,0.0,0.0,5.201989546312583,2.363253691188561,9.198372569214195,5.202291881995133,4.219659516415698,54.01912723687646,1665.2120390086654,822.8673003344609,0.49415166420747864,975.498169315807,0.04145273562831236,390.6492490236458,5,1,0,0,0.0,538,162.0,0.3906492490236458,317.45484156569245,212165.7398220165,765.3952489466554,500000.0,0.45343120042195234,0,0,0.0,17,E2,4,central_assign
5.45793205319925,8.887315828650754,5.941030755221618,8.640622393743337,11.562387282187956,13.71630837754146,67.59988951250473,114.07108188822667,62.20357903646527,62.20357903646527,6.0593544528803704,13.154330255020074,7.115868136021355,16.883561162131066,20.595014640647225,8.887315828650754,1.0,0.9074074074074074,68261.72443658626,572191.6285267603,561368.4124093493,574,0.9810846304318052,10823.216117411037,0.01891536956819503,0.0,6.953066535095301,2.4614830328691824,14.937049154650694,9.226020658389032,5.45793205319925,141.8038401758177,1929.1639997203804,957.5590127725865,0.49635956969515205,1210.9859852007178,0.04981271176543267,450.03481102982806,1,3,0,0,0.0,574,162.0,0.45003481102982806,289.38221535089053,175591.82836185966,925.1571461301309,500000.0,0.412474125027702,0,0,0.0,18,E2,4,central_assign
8.434061432745313,18.723304914316216,16.857604358480028,26.527336506388078,7.687353191929532,8.671149006596352,,,,,5.2022453190081865,6.7203786028394905,3.8174130723579487,5.596226859170806,13.621045123226912,18.723304914316216,0.9428571428571428,0.9710144927536232,37728.11627304937,538786.9281851918,527296.1270711955,583,0.9786728286955643,11490.801113996251,0.021327171304435642,0.0,5.853986495459529,2.4483032225980423,10.214909419787507,5.472829889938439,8.434061432745313,56.1917022031357,2048.5721350151957,1013.5239834797063,0.49474654377849786,1242.5918025616993,0.052880431629459684,476.826267861484,4,3,0,0,0.0,583,162.0,0.47682626786148397,308.13203042153935,199706.34877324142,813.5786732165808,500000.0,0.4157353021328392,0,0,0.0,19,E2,4,central_assign
5.432282257986965,7.985875783405119,4.6403954533800285,7.097180049427379,9.387098020061922,19.457743630342886,8.70962334310616,8.70962334310616,5.794139536610601,5.794139536610601,5.37399731064691,7.1258176926601,11.414346922325674,33.79153880033987,7.167917337301446,7.985875783405119,1.0,1.0,42968.20466135957,546796.3875473237,534781.0123534314,558,0.978025869468912,12015.37519389233,0.021974130531088105,0.0,5.607888948738133,2.4098104709244126,8.771156516606746,5.580862791401558,5.432282257986965,56.1692087080232,1767.8095671208216,872.1253168421902,0.49333668799100033,1039.1884077950544,0.048441232427018054,461.6560403036712,2,3,0,0,0.0,558,162.0,0.4616560403036712,303.7909953559353,195781.33612042264,829.811764796495,500000.0,0.41260608004264404,0,0,0.0,20,E2,4,central_assign
4.107405812802346,6.649109763313141,5.802531155087945,9.782168605926472,3.938499543591888,4.9576391068566865,72.66801761433453,72.66801761433453,,,5.033776655066493,6.1752334094661965,3.2634923310985062,4.6132618075869685,13.694709059619754,6.649109763313141,1.0,0.9642857142857143,17327.275816339392,522341.9832740221,522341.9832740221,537,1.0,0.0,0.0,0.0,5.098632303996533,2.356055354446653,6.671874191610145,5.513772822471354,4.107405812802346,56.27839743987881,1694.3747396010103,843.088916414991,0.4975811411196562,1013.6227496291484,0.04174628128944196,379.6333187476446,3,1,0,0,0.0,537,162.0,0.3796333187476446,310.86843202025904,205326.1969961939,790.837387991741,500000.0,0.4785584062680046,0,0,0.0,21,E2,4,central_assign
13.292355054974678,45.76943290840873,29.2344387782834,66.62247582110994,16.426378965055886,43.597665530593076,5.351520597516583,5.351520597516583,,,4.652643984991259,5.716746390334811,7.931884416423145,15.06887882597767,20.840165689939074,45.76943290840873,0.75,0.8333333333333334,19226.136203616657,520041.7500651535,520041.7500651535,533,1.0,0.0,0.0,0.0,5.266977863381618,2.3258259313324743,6.578467338477095,4.837362817578987,13.292355054974678,39.97840844857151,1668.451246243212,831.3475506997003,0.49827500358288196,1028.3269966279347,0.04546859700418819,402.8911247559283,5,2,0,0,0.0,533,162.0,0.4028911247559283,312.28817898641654,207395.95437003265,783.0571797702439,500000.0,0.3918115599468493,0,0,0.0,22,E2,4,central_assign
3.7622187172930066,6.058415120162772,4.755280593800617,5.968709843178534,7.416063847724078,15.228357780890018,5.246152797807284,5.261779994533336,,,5.805109821906154,12.42743069200516,3.7597187662119076,4.910629352921944,5.706645316119512,6.058415120162772,1.0,1.0,44840.47463850063,546785.5630729868,534074.9817859603,584,0.9767539925238847,12710.581287026522,0.023246007476115223,0.0,5.607756259168425,2.525715228606714,9.737868557241955,5.804826352832666,3.7622187172930066,71.00860357456261,2063.5605087575605,1024.8076224791698,0.49662106738812883,1224.1013348849085,0.0443405137348838,428.4886315174076,4,0,0,0,0.0,584,162.0,0.4284886315174076,304.1304951008048,193586.31127847522,839.0494532325838,500000.0,0.46604409584760437,0,0,0.0,23,E2,4,central_assign
13.350729502376195,34.51783396218524,33.744586177643896,63.93088685019957,25.057999100750596,50.70790842233401,24.927231592108,29.514006457775395,,,4.633945019046393,5.857378585473044,2.851737373935824,5.029895293549635,27.356986653436465,34.51783396218524,0.7368421052631579,0.8823529411764706,34421.87232108315,535140.8176419535,523443.16914699145,543,0.9781409899799709,11697.648494961977,0.021859010020029008,0.0,5.537121190120283,2.38976037803252,9.034636929721001,5.456439292166605,13.350729502376195,53.8960832740962,1716.3759355642694,849.6723858587247,0.495038626592833,1035.1587399255961,0.04591387177423196,417.0918177639353,4,2,0,0,0.0,543,162.0,0.41709181776393534,310.2860088563971,202103.74930395128,803.6322551022985,500000.0,0.4021561585181426,0,0,0.0,24,E2,4,central_assign
2.3600304149408657,2.3600304149408657,,,,,,,,,5.394598884124105,9.211282298386696,,,,2.3600304149408657,1.0,1.0,209.99028817615883,500209.99028817617,500209.99028817617,501,1.0,0.0,0.0,0.0,5.388541861231524,2.3295365590111032,9.166795168852332,5.393324959333105,2.3600304149408657,50.094372290377024,1462.3640879005013,730.4439515889994,0.49949527455757553,874.0918060432463,0.042730945444053814,374.3230820899114,5,2,0,0,0.0,501,162.0,0.3743230820899114,324.61231529691037,222479.95631815988,729.8379852694898,500000.0,0.15088025441385633,0,0,0.0,25,E2,4,central_assign
9.130643778536152,15.46324296073999,10.552213671293126,23.310402828561564,13.492847960943111,23.042934671231887,,,,,5.020023423665494,10.032937207723082,3.1408622839671807,5.022514744030014,12.13563213495081,15.46324296073999,1.0,1.0,8275.236379187336,508449.34756596206,508449.34756596206,528,1.0,0.0,0.0,0.0,5.266620189937261,2.429561308834309,11.408768224430995,5.126756700225051,9.130643778536152,53.51312036726553,1639.5938344716308,819.7615904998004,0.49997845397117735,1022.9453615032281,0.04044309057102229,378.7489915567328,4,0,0,0,0.0,528,162.0,0.3787489915567328,319.36071856300504,214637.1492423525,756.5267688503009,500000.0,0.46609969173208626,0,0,0.0,26,E2,4,central_assign
6.697627618182794,15.558200087306307,4.403007214325392,6.1357472932790635,5.250459482207437,10.521436022812622,,,,,5.114253384785189,7.112426450957779,6.727811785422645,14.11729290540621,4.766201043417697,15.558200087306307,0.9285714285714286,1.0,12370.949722949961,513597.1255335828,513597.1255335828,536,1.0,0.0,0.0,0.0,5.170602216302952,2.3962685941008885,7.2520604397234365,5.1850275103725165,6.697627618182794,51.34603184875441,1703.77262406085,848.8267817534683,0.4982042613939503,1051.4897518494522,0.042727540784100654,387.3532882692548,4,1,0,0,0.0,536,162.0,0.3873532882692548,316.1765228330725,210026.86848374526,773.1741870009217,500000.0,0.401295408799277,0,0,0.0,27,E2,4,central_assign
20.92002298055267,58.40819111569691,13.066514793033129,23.35915077139945,16.518214098498913,38.75996731135049,10.518383178833048,14.321466370693482,8.57212640087738,8.57212640087738,5.914492306067543,7.194149002519048,4.505391916731526,7.191760193312051,14.042385580807787,58.40819111569691,0.5833333333333334,0.8928571428571429,26590.43369586375,528937.8456762048,528937.8456762048,537,1.0,0.0,0.0,0.0,6.475940148655601,2.384236321068329,10.406725631596244,6.31968615456242,20.92002298055267,68.08817190937621,1712.0674107795735,851.8393242901413,0.4975501075055593,1040.156289159475,0.04995921737033271,476.0323847938556,5,3,0,0,0.0,537,162.0,0.4760323847938556,307.17414855630386,197252.48588111764,823.6957403047217,500000.0,0.4506317848467088,0,0,0.0,28,E2,4,central_assign
5.697371959926452,13.810937687550279,8.494586233905599,16.734866149866775,11.297312979346373,33.10412410297053,26.872597327416617,42.42617071612269,16.12237630429877,28.498248240215663,6.124366462781436,9.818722144109547,6.910784198815019,12.59759813129287,11.044575299970424,13.810937687550279,0.9615384615384616,0.9594594594594594,77164.28456252046,584688.0408818187,584688.0408818187,599,1.0,0.0,0.0,0.0,6.579063268838419,2.5014863981277813,15.367916334600412,7.6628118182589064,5.697371959926452,112.6254128044534,2129.4204506223523,1048.811593519353,0.49253382215467284,1273.4239592758158,0.050667905737960595,503.17065403841076,4,2,0,0,0.0,599,162.0,0.5031706540384108,277.93140836086417,165166.76081336153,983.8733281066583,500000.0,0.45779684486542394,0,0,0.0,29,E2,4,central_assign
3.043026970381677,4.893294742330999,5.357218716400325,11.295703315100539,6.675958953060558,15.6808746003627,,,,,24.450225275361067,31.068703874723543,4.214547194749059,11.495840005034097,5.773663001661451,4.893294742330999,1.0,1.0,13968.57625752051,515078.73700219905,515078.73700219905,554,1.0,0.0,0.0,0.0,22.48051426199188,25.704708293040312,29.660279913913243,23.892838147584907,3.043026970381677,450.5658912088961,1758.2404474421394,877.6222071159881,0.4991480024206809,1030.1707814111835,0.040571409202747384,380.05365573093417,3,0,0,21,102.4925070669722,529,162.0,0.3800536557309342,315.2528768723716,209411.25672139367,775.4122495514446,500000.0,0.4782005041527719,0,6,19.798987548695372,0,E2,4,marketplace
3.080082064653853,4.62147986814889,3.4330829899409516,4.01664504808511,4.384329954068926,5.644061312779013,5.565633569867411,7.387352518747503,,,24.721434036292074,31.12036284531577,14.16738402719089,39.38165818458438,4.229789172828041,4.62147986814889,1.0,1.0,22776.714596747763,525519.2910413912,524519.2910413912,535,0.9980971202826477,0.0,0.0,1000.0,23.440346825587813,25.704708293040312,30.619449402238935,23.921070195631412,3.080082064653853,459.67951488687225,1673.3886372608913,843.2058948286807,0.5038912515916767,1009.6850929963177,0.0400059662567345,372.6128325647145,2,0,2,18,0.0,515,162.0,0.3726128325647145,309.56461584127226,200007.12120678526,811.8341579682526,500000.0,0.49301173078243493,0,10,26.51678011587135,1,E2,4,marketplace
10.544367512260248,23.60354418525504,4.352672986672587,7.067526679890397,4.483620541595883,8.95968310182434,4.68371236716564,5.106472912999175,,,24.292146478414097,28.97281936585432,7.853793816165638,14.27953164080327,4.443158242330455,23.60354418525504,0.9090909090909091,1.0,29310.196036041838,532277.3226155266,516873.34282247716,548,0.9710602365748803,14403.979793049497,0.02706104352195697,1000.0,22.83072890849173,25.704708293039857,28.972819365854,23.704468513872026,10.544367512260248,449.3919763293265,1695.6412592832978,844.4497429504072,0.49801202838584707,999.0140586150529,0.039646049215439426,369.18794333836604,2,0,0,21,0.0,520,162.0,0.3691879433383661,314.13728372349993,206652.01558823034,785.7130620340581,500000.0,0.4763315456119,0,5,12.48591588338666,2,E2,4,marketplace
3.683672506138889,6.882972157178757,5.02762485706952,7.73805439734224,6.28305886348794,13.078595942571473,34.10937453661609,34.10937453661609,50.02432245581622,50.02432245581622,24.707493366944135,29.79084675636518,4.125123269098075,4.676887630746478,6.762461929724968,6.882972157178757,1.0,1.0,28096.063942230638,531327.860284328,530327.860284328,561,0.998117922897051,0.0,0.0,1000.0,22.609338310664718,25.704708293039857,28.97281936585432,24.334299020705327,3.683672506138889,470.95528251036916,1837.6786731511102,912.9083140263507,0.4967725464544711,1089.420297589054,0.04282051097393583,398.7493589801373,4,0,2,21,0.0,533,162.0,0.39874935898013725,306.22330358414933,195400.82787711776,831.1057385135965,500000.0,0.47356725049268,0,6,19.282620201124633,3,E2,4,marketplace
3.3612328204474884,6.82627785885925,4.735814988002289,7.8188074815539945,2.5500981997106464,2.9339288334962474,,,60.95953131467718,106.17190099377198,25.202692252915796,31.731465799026427,3.2023795439490814,5.208471792655292,3.578670805965537,6.82627785885925,1.0,1.0,32491.15341102122,538255.453584505,538255.4535845051,550,1.0000000000000002,0.0,0.0,0.0,23.429519486596472,25.704708293039857,30.593689750441353,26.391819420359205,3.3612328204474884,515.210039067845,1731.5611249076046,872.6190384536195,0.5039493125027175,1002.6912458438952,0.04189944878491383,396.5632813349931,4,0,1,21,0.0,520,162.0,0.39656328133499313,301.7090903582253,195366.20186229242,831.2418511150834,500000.0,0.4767924817529085,0,12,33.8810134587449,4,E2,4,marketplace
7.721524517348366,15.634949015859473,8.62512587774711,13.0113619901917,18.96472038862431,72.28306856140907,63.27263731718904,94.7322586485434,,,25.30593929384582,31.50706193955939,3.5547629385230763,5.270174942417157,23.00115966926123,15.634949015859473,0.9259259259259259,0.8771929824561403,43452.69323580841,547328.4080016714,546328.4080016714,572,0.998172943363837,0.0,0.0,1000.0,23.746601165544885,25.704708293039857,31.59402901151734,26.676029687150283,7.721524517348366,531.5711504974056,1843.9702193279204,918.835722106243,0.4982920615936709,1113.2808553553764,0.04367270732612659,433.8930612685714,3,0,0,25,0.0,536,162.0,0.4338930612685714,297.319141165311,183294.22873593422,886.1920758851692,500000.0,0.505913635540813,0,11,27.01436176718701,5,E2,4,marketplace
6.017439397494412,16.168582768866653,15.311435887290441,41.92576804684197,4.114813563708789,7.107798410137185,8.996946876740196,13.10204705109452,,,25.125928309317068,31.64725557920183,6.044016915853219,9.674022816582788,10.993339541154086,16.168582768866653,0.9285714285714286,0.9807692307692307,31608.77227884693,533346.8920584851,533346.8920584851,565,1.0,0.0,0.0,0.0,23.13958376403923,25.704708293039857,31.50706193955931,24.024233970637237,6.017439397494412,452.3088949032464,1758.6352840630677,880.4419206730283,0.5006392903927738,1058.31453340727,0.044975900560420876,445.2459505088701,6,0,0,30,0.0,521,162.0,0.4452459505088701,304.5770930126572,194271.21616947462,836.177634306865,500000.0,0.49623278481978,0,7,19.864926492619915,6,E2,4,marketplace
6.704314262627302,13.35464835492451,6.3327982970425385,12.47958512259575,2.504203767682785,2.9199910145446895,6.191021358897288,6.846215195198672,11.965982658850123,11.965982658850123,24.803368356808544,30.28349000935394,6.6815075045214085,4.516320925530689,4.885260603687193,13.35464835492451,0.918918918918919,0.9672131147540983,40773.60461111535,544565.4292464787,543565.4292464787,581,0.9981636733690867,0.0,0.0,1000.0,22.182070266785615,25.70470829303963,28.97281936585432,23.353972806901297,6.704314262627302,460.7301269464183,1907.3318721575747,952.7815470119425,0.49953632135038756,1115.091296769482,0.04310110818464093,408.4400126856906,2,0,1,22,0.0,555,162.0,0.4084400126856906,298.7836077762074,186928.45458540952,868.8267410806611,500000.0,0.4754026026110975,0,12,35.733813033790675,7,E2,4,marketplace
9.99190584621406,40.71694706329687,13.27200259706089,27.603806339421578,9.226779981952188,23.416616142648415,5.159550367641145,5.271609509385485,,,24.965391251264034,31.507061939557595,3.326006380857251,5.1003007447654,10.280141794658602,40.71694706329687,0.88,0.8958333333333334,38363.5914215517,540361.5398106,526845.8481339898,560,0.9749876875372228,13515.69167661024,0.02501231246277737,0.0,23.230086802919292,25.704708293040312,31.418742628307886,24.228547003459504,9.99190584621406,463.9487095722678,1764.3757179185523,875.996620940685,0.49649097527487235,1028.6948012010462,0.04290360893589722,408.05379361467647,4,0,2,18,0.0,533,162.0,0.4080537936146765,308.26484515127146,199063.85480933194,815.8590817462714,500000.0,0.48740075919358256,0,13,36.82924239409328,8,E2,4,marketplace
9.65068117734708,33.84813570320948,7.826008902164555,15.524368780616713,10.548258879227124,39.550092391076404,5.8515350840643805,5.8515350840643805,7.253474718233974,8.758631242005777,25.955153889618522,33.590078344502395,7.849412586385002,27.688697438364215,8.919637408420975,33.84813570320948,0.8421052631578947,0.9506172839506173,47374.080402398526,549736.351411949,548736.351411949,603,0.9981809461982428,0.0,0.0,1000.0,23.020293031461833,25.70470829303963,33.07807003213202,24.528713436016783,9.65068117734708,475.69332948294897,2001.1198656747144,994.1874708213898,0.4968155520689817,1228.6095847728625,0.051203977606263454,500.0936602922721,8,0,0,32,178.53283875621773,558,162.0,0.5000936602922721,296.13509883601586,183472.29273139316,885.6928271899639,500000.0,0.5125626827939102,0,11,27.543977658417184,9,E2,4,marketplace
4.407650246298236,6.476964833212451,9.923216396700354,14.705089802385007,12.197989350892271,27.358308819704316,,,,,23.583232081505624,29.08163704456706,3.284656626271931,6.173492218649471,11.060602873796313,6.476964833212451,0.9285714285714286,0.9666666666666667,13819.243346008723,516514.44304295897,516514.44304295897,540,1.0,0.0,0.0,0.0,22.339146956378602,25.70470829303963,28.972819365854342,23.164496081136424,4.407650246298236,435.9618778066813,1658.992878247087,833.1188713503717,0.5021835128253569,969.1411781192894,0.039459136269793,380.50140765488794,2,0,0,20,0.0,516,162.0,0.38050140765488794,314.37746532510715,206765.41380619293,785.3368627688319,500000.0,0.4852497738767423,0,10,31.483627498607714,10,E2,4,marketplace
5.568056653593273,11.414764079273482,8.027010635963961,15.771404516792611,2.8942754921459484,3.446821946636873,,,7.552558473439603,7.552558473439603,24.165518657437183,31.50706193955923,8.500375075429767,20.154083671643832,4.360771247522523,11.414764079273482,0.9523809523809523,1.0,26006.043708159235,531772.2574830158,531772.2574830158,543,1.0,0.0,0.0,0.0,22.703120625986767,25.704708293039857,31.349859672675485,23.37150526361548,5.568056653593273,448.85398479965846,1655.632150733077,829.588980330785,0.5010708326505146,1023.6084790906551,0.04045317112553539,366.5778735036264,2,0,0,27,0.0,514,162.0,0.36657787350362636,305.331042732498,194492.6016926011,834.8213580387329,500000.0,0.505406701262796,0,6,19.28262020112463,11,E2,4,marketplace
3.9457815168548223,6.779362171676441,5.809663365019939,11.283432104655958,22.84797085817354,22.84797085817354,,,,,24.628449549673068,31.51672494755458,6.0016602111318855,11.108922206832359,8.24370729261331,6.779362171676441,1.0,1.0,3605.0987133016765,503977.3460501888,503977.3460501888,521,1.0,0.0,0.0,0.0,23.88015895965592,25.704708293040312,31.02409201561386,24.541130185155648,3.9457815168548223,454.9077462086278,1521.195889146374,756.7635833794133,0.4974793770998649,902.2446221629463,0.03788303451736422,357.2226410444572,4,0,0,20,0.0,497,162.0,0.3572226410444572,322.1518266911863,219312.97609694788,740.29920860348,500000.0,0.45811019494086924,0,6,16.792238772033354,12,E2,4,marketplace
2.8637364107309047,5.285668359866468,4.414290973514563,7.353748542629181,14.1392168153983,34.094116605673534,,,,,23.861900365044495,28.97281936585432,2.788388094073298,3.874433265204789,8.736480236574002,5.285668359866468,1.0,1.0,6216.486291594783,506496.9548278934,506496.9548278934,522,1.0,0.0,0.0,0.0,23.077452751738747,25.704708293039857,28.97281936585432,23.741942557972315,2.8637364107309047,444.3786593305533,1531.7835305834599,762.2315893264821,0.4976105135665914,889.9106821872797,0.03603701399881332,342.1265115208805,2,0,0,17,0.0,504,162.0,0.3421265115208805,320.51945221799883,215660.26068305562,752.7679230162225,500000.0,0.463766727267132,0,6,18.731076911799125,13,E2,4,marketplace
11.052276264328405,45.98421321318919,7.042370494130618,11.143443989962634,8.444817806717133,20.262468538886424,16.825217801567476,49.34532864705006,,,24.171541156541878,29.903394551351905,4.879825500468054,4.82357776137942,10.093944295975438,45.98421321318919,0.8275862068965517,0.9193548387096774,58929.484502104126,566652.9292862886,566652.9292862886,576,1.0,0.0,0.0,0.0,22.235597758177434,25.704708293039758,30.100826667878916,23.01243864856767,11.052276264328405,472.72044973561214,1833.9984728912607,914.6455545402468,0.4987166391138413,1098.5828663241161,0.040372267563183184,383.666927252002,0,0,0,25,0.0,546,162.0,0.383666927252002,286.5663592911761,169945.4669882297,955.5045498124324,500000.0,0.47685484241965276,0,8,25.070191208235546,14,E2,4,marketplace
9.746201400485532,21.722915273722993,12.651878994016075,36.972013405504185,6.084643779379307,4.1552616848730395,6.087254561683819,6.903809601991452,6.517839647709252,8.051208116896623,24.370815821016183,29.18786047602271,5.988712628993434,6.544651577301924,9.621315958443505,21.722915273722993,0.9142857142857143,0.972972972972973,64862.71277757866,573615.9384122626,573615.9384122626,603,1.0,0.0,0.0,0.0,21.685716753205014,25.70470829303963,28.972819365853866,22.091345138700714,9.746201400485532,449.01620064650405,2068.3182657215243,1026.3979103104145,0.4962475685299621,1247.5910653462333,0.04779651203295163,505.94320432369767,4,0,0,28,0.0,563,162.0,0.5059432043236977,283.3009550852636,164728.9249603224,986.5052129944141,500000.0,0.45291852897201873,0,7,21.140090200710937,15,E2,4,marketplace
5.357513481669191,16.483410976476442,9.125499341271668,19.425859225978456,15.050466933501108,22.597653204122253,,,,,24.360006256148132,32.11176923259882,2.959320575187197,3.9671929699394695,11.100488538681482,16.483410976476442,1.0,1.0,8440.199489225186,509188.49886297405,509188.49886297405,531,1.0,0.0,0.0,0.0,23.33442230282387,25.704708293039857,31.507061939559208,24.05807602246034,5.357513481669191,443.8142360225172,1523.5126145730378,758.4585419495313,0.49783541973630996,927.4645921621094,0.0395667094301245,365.1550230894213,3,0,0,26,0.0,497,162.0,0.3651550230894213,318.87042889942205,215515.42019838083,753.3806855845077,500000.0,0.5064511377581922,0,5,15.961416541584455,16,E2,4,marketplace
4.522908086307003,9.136371234546457,10.891896988919664,24.396268237011828,6.309778232182009,12.520810186587735,,,,,24.95079789348493,30.749414926224926,10.999531755750105,15.677494538902465,8.982680840278974,9.136371234546457,1.0,1.0,10188.61735102234,511539.3687118152,511539.3687118152,538,1.0,0.0,0.0,0.0,23.739831946902726,25.704708293040312,29.778070032131268,24.522243997311048,4.522908086307003,456.03604449141005,1590.9068812597254,786.6514373370409,0.49446730453145554,959.5069692666171,0.043245238007965744,424.75098482362415,5,1,0,20,0.0,508,162.0,0.4247509848236241,317.52150649489596,212210.29423471622,765.3952489466554,500000.0,0.4848576029532509,0,4,10.79092325803397,17,E2,4,marketplace
4.813560475122042,8.616021868250757,5.564760158734316,7.142741622721125,3.930366384305489,6.462837424303689,40.58114060857573,110.45072929519392,32.56412070491433,52.750756528789225,25.033092365390885,31.785017028382935,9.766150780748195,28.376664386509873,11.551288419463866,8.616021868250757,1.0,0.9629629629629629,68261.72443658626,577118.2182746406,576118.2182746406,575,0.9982672527597732,0.0,0.0,1000.0,22.992636833540924,25.70470829303963,31.60368044623881,24.581588045956163,4.813560475122042,513.982374624487,1861.800514753519,923.6556511861843,0.4961088171728568,1158.909101492384,0.04273670689800035,402.7581090629329,1,0,4,22,56.10770373854109,544,162.0,0.4027581090629329,281.89137742497866,168147.52552607813,965.8349571363498,500000.0,0.4811922171223664,0,6,13.571745488482872,18,E2,4,marketplace
9.142971799950958,29.582944459312788,4.99796044407485,7.044824986157164,6.96817285832248,17.700529303758234,,,114.13478743119595,114.13478743119595,24.464466088519824,29.910122324557044,5.64793803586556,11.542118464345151,5.693329531456366,29.582944459312788,0.8571428571428571,1.0,37728.11627304937,538786.9281851918,537786.9281851918,583,0.9981439787276052,0.0,0.0,1000.0,22.151889734429687,25.70470829303963,29.423169398748488,25.606475143072267,9.142971799950958,500.6448535943697,1979.1132140488398,992.5651934715181,0.5015201689452334,1183.8058093039576,0.04893203256633192,465.91458596584397,4,1,1,22,0.0,554,162.0,0.465914585965844,302.10089920597557,190085.6600212101,854.6984268452318,500000.0,0.43847714953153255,0,10,31.11952669795951,19,E2,4,marketplace
3.6819226690699502,5.975218301627228,5.206550658701326,8.549980027159881,8.65752290647797,16.76821660583046,7.118438474041341,7.118438474041341,7.754231648850748,10.101522348509036,24.85444447273237,29.672637523137247,9.667802779208083,29.431872152535522,6.9489823909034385,5.975218301627228,1.0,1.0,42968.20466135957,546796.3875473237,546796.3875473237,559,1.0,0.0,0.0,0.0,22.8913842410081,25.704708293039857,28.972819365853866,23.426809883668675,3.6819226690699502,462.1680520523961,1698.2649649126497,834.988467925389,0.49167149130249926,1013.2391629143639,0.04118440324576863,403.01029807012077,2,0,1,21,0.0,529,162.0,0.40301029807012073,297.00819902365316,189544.94920740646,856.8047366979073,500000.0,0.47804176815373917,0,5,15.868886541170758,20,E2,4,marketplace
3.1435041872077365,5.559401315831747,4.834297056210289,8.64283843164776,3.518169269097598,4.7192150061864595,34.98303365036054,34.98303365036054,,,24.411450299007814,31.549917903322967,3.6726619974655375,6.067252807532533,8.273857183700898,5.559401315831747,1.0,1.0,17327.275816339392,522341.9832740221,522341.98327402206,537,0.9999999999999999,0.0,0.0,0.0,23.031359494776275,25.704708293039857,31.500079118528085,23.75715937627175,3.1435041872077365,449.811409767679,1623.3705724921567,808.6483810367131,0.49812925941813574,960.3148938658791,0.03972516817790195,380.3100486260218,3,0,0,20,0.0,510,162.0,0.38031004862602175,310.86972758887134,205327.05270925027,790.8373879917411,500000.0,0.4727310293535781,0,9,24.21744834583803,21,E2,4,marketplace
8.431965753620185,21.774664683307403,17.802525912143164,38.825063239740665,12.384209706322736,33.036144226913166,4.675293146604872,4.675293146604872,,,24.124000093492388,28.97281936585432,6.858794777261058,12.503306625348166,13.999431745438093,21.774664683307403,0.9166666666666666,1.0,19226.136203616657,520041.7500651535,519041.75006515346,532,0.9980770774656559,0.0,0.0,1000.0,23.249590168490133,25.704708293039857,28.97281936585432,23.461214037827535,8.431965753620185,440.26587495785697,1561.3972680173658,774.0900932077276,0.4957675468400513,931.3676053195716,0.039633430348087396,363.5094492900108,5,0,0,15,66.95580926203557,505,162.0,0.36350944929001083,312.81396810354676,207566.30948675936,782.2247736193776,500000.0,0.46619629902469645,0,1,2.6356018297700885,22,E2,4,marketplace
2.9042794999920547,5.240616098767077,5.557950818683288,8.725907737595545,5.319456004829417,6.719298048396243,8.999916789952294,11.587097059177358,7.158755276702067,7.158755276702067,25.904128073085797,31.973034874121097,3.399281321431829,4.804122361553709,5.713088191234988,5.240616098767077,1.0,1.0,44840.47463850063,546785.5630729868,546785.5630729868,585,1.0,0.0,0.0,0.0,22.722320941894047,25.704708293039857,31.507061939559343,24.18027312702107,2.9042794999920547,479.1919468395073,1989.1766630760435,980.3861841613667,0.49286028856044745,1171.3645369486937,0.046377594049526606,470.3606182201475,3,0,2,26,0.0,559,162.0,0.4703606182201475,297.1372537802961,187263.21851574408,867.6042305903255,500000.0,0.49295965070352343,0,9,25.67767205475644,23,E2,4,marketplace
15.919727643367645,46.06256522505555,28.542926985245686,52.94845606219361,14.62674862432065,25.45468480019736,7.019287159740543,7.065998427650902,91.58399742831261,91.58399742831261,24.46847766543344,29.4363360316961,2.0480234037874854,3.449195245952797,17.32340132528998,46.06256522505555,0.7368421052631579,0.9411764705882353,34421.87232108315,535140.8176419535,535140.8176419535,544,1.0,0.0,0.0,0.0,23.72533251081333,25.704708293040312,30.34553549588076,25.36806540281701,15.919727643367645,492.83322189301634,1648.6709267954213,826.0383765820471,0.5010329005968744,999.6275521061598,0.042674998962895686,403.5810740265035,4,0,1,25,0.0,513,162.0,0.4035810740265035,303.47821679841627,195687.8442022421,829.9114425635119,500000.0,0.501649947258652,0,6,17.704429142661724,24,E2,4,marketplace
1.7167200018366202,1.7167200018366202,,,,,,,,,24.297504723783035,28.97281936585432,,,,1.7167200018366202,1.0,1.0,209.99028817615883,500209.99028817617,500209.99028817617,501,1.0,0.0,0.0,0.0,24.252433297192326,25.704708293040312,28.97281936585432,24.288025214011004,1.7167200018366202,440.5863711533673,1405.9126155935132,705.5616741073901,0.501853149535566,839.1852567340833,0.03744074505798675,327.5798007035834,5,0,0,19,0.0,480,162.0,0.3275798007035834,324.51886798019564,222415.9102115859,729.8379852694898,500000.0,0.2770519293383493,0,2,6.686917343769473,25,E2,4,marketplace
9.629229339440165,16.033513024206513,8.20398675348171,18.400114785176584,11.976460219425267,20.18668815155725,,,,,24.235383244135058,31.513002449937538,4.435319555525666,9.469285134881012,10.23531861975901,16.033513024206513,1.0,1.0,8275.236379187336,508449.34756596206,507449.34756596206,527,0.9980332357494661,0.0,0.0,1000.0,23.434873210315384,25.704708293040312,31.507061939559367,24.01195476066175,9.629229339440165,440.66109538533686,1532.3622812462083,764.7612317066296,0.49907338562567605,937.6683110913617,0.04068200847364393,379.77197042657303,4,0,0,26,0.0,497,162.0,0.379771970426573,319.9920795036971,214874.92825854325,755.6943626994346,500000.0,0.5042172649923392,0,4,11.01751179889225,26,E2,4,marketplace
4.9889260739227925,13.662391245941276,3.264502481267563,4.084253309174391,3.4221542281463826,5.227203935847001,,,,,25.446424044237506,31.599862815864793,6.7501635623485186,13.275196331830644,3.3320675156442,13.662391245941276,1.0,1.0,12370.949722949961,513597.1255335828,512597.1255335828,535,0.9980529486044901,0.0,0.0,1000.0,24.05282395668643,25.704708293040312,30.858248270854354,24.90610005602801,4.9889260739227925,467.14577821541536,1623.1099371273976,809.860546832962,0.4989560647175042,969.7019095763947,0.03985480539343985,365.4308109389125,4,0,0,21,33.50503363981419,504,162.0,0.3654308109389125,316.75056827898953,210224.84453998608,772.3417808500554,500000.0,0.45329175186982634,0,10,30.2521120242923,27,E2,4,marketplace
18.853100312698842,57.45821682543938,10.950409743466881,20.034389198537788,12.95690865500445,31.46860877706189,7.761678526098066,9.673398096160074,7.423983281196769,7.423983281196769,25.45332426978846,32.07248461431409,3.630871003198564,4.6667625005401305,11.304255433122368,57.45821682543938,0.6666666666666666,0.8928571428571429,26590.43369586375,528937.8456762048,527937.8456762048,536,0.9981094186998066,0.0,0.0,1000.0,24.523852710099945,25.704708293040085,32.11176923259893,24.654878334959466,18.853100312698842,472.02051772561686,1612.1037506190912,797.8589386489406,0.49491786018272166,976.8731878497593,0.04100082992352333,381.85429936800017,4,0,2,26,0.0,503,162.0,0.3818542993680002,307.57759768364883,197337.57424778704,822.8633341538552,500000.0,0.4873745362334178,0,3,8.770975884214055,28,E2,4,marketplace
3.737816235311094,6.544292385307472,8.210929680726606,24.021962742495816,5.87524588377286,13.145995755170645,18.115967123842058,33.489558352454324,9.202010169381083,13.006149943614037,25.183070019911458,31.516724947554806,4.880255145148479,7.2007258020312,7.662152622444449,6.544292385307472,1.0,1.0,77164.28456252046,584688.0408818187,584688.0408818189,599,1.0000000000000002,0.0,0.0,0.0,22.022492824127813,25.70470829303963,29.6593922091408,22.864105684711863,3.737816235311094,476.3023909827981,2036.3628417495815,1006.9734887770541,0.4944961026257446,1192.4537631319256,0.04839009950413695,482.9598781251121,4,1,4,29,129.34383220056782,560,162.0,0.4829598781251121,277.89684159277556,165146.21876253455,983.8733281066582,500000.0,0.4317811308165383,0,10,29.684477544066706,29,E2,4,marketplace
4.970168619490115,8.930183075122446,8.178748360455314,13.311958227533074,10.060683317133623,17.037179308463635,,,,,11.971579685822482,49.388548504888064,4.719184229987382,11.222224470328955,8.531611164832498,8.930183075122446,0.9565217391304348,0.9743589743589743,13968.57625752051,514733.05309149995,511168.69032125414,549,0.993075317878193,0.0,0.0,3564.362770245745,11.44590408396486,1.76912734634152,45.97132864346578,11.86062011818485,4.970168619490115,622.0090730818044,1781.0499364866848,875.7760070783038,0.49171895135397914,903.9474103277682,0.024321632824632657,287.22476608581985,2,0,0,0,0.0,549,207.0,0.28722476608581987,405.51627807214095,271453.2329155797,763.6203943481892,500000.0,0.5703760396447596,0,0,0.0,0,E2,5,inhouse
4.941001894752235,6.756296654354038,5.886919990424673,9.325599946644616,5.3235144675525135,5.769971101649117,23.334560273883653,35.14709822525456,,,12.04305929821704,43.467185228605665,2.924044351710381,4.510293762217043,8.905562172088445,6.756296654354038,0.9285714285714286,1.0,22776.714596747763,523156.8520526396,516237.90470122895,530,0.9867746215608881,0.0,0.0,6918.947351410646,11.704311474125616,1.76912734634152,42.016665556216,12.054096079350712,4.941001894752235,1559.7461610499738,1653.994853225657,818.753027078831,0.4950154624012771,830.3623679411909,0.027585457228127237,315.9966513001266,2,2,0,0,0.0,530,207.0,0.31599665130012655,401.59003196652833,265254.0531389733,781.5752264591488,500000.0,0.6190633798766422,0,0,0.0,1,E2,5,inhouse
18.91038699886288,41.03382980222159,18.44457268789563,41.12123157301009,26.62830562036258,69.42193642118491,,,,,14.447984136315924,57.25217659212599,11.587433689703449,22.7973606984899,21.951886801810037,41.03382980222159,0.8095238095238095,0.9142857142857143,29310.196036041838,530894.1092591553,511538.1379026824,545,0.9635408059368308,14403.979793049497,0.027131549478199637,4951.991563423368,14.760203572947628,1.76912734634152,53.61817678936834,14.68750878188058,18.91038699886288,1724.6399331325183,1758.4699049430014,863.4853954788427,0.4910436016286736,911.8611388736855,0.029802031253459937,371.8504492536931,2,2,0,0,0.0,545,207.0,0.3718504492536931,405.3888363035507,270675.1373780405,766.1281802902577,500000.0,0.5657168782704546,0,0,0.0,2,E2,5,inhouse
9.99124572696131,40.0097634308886,11.310480416248424,37.828611319335344,22.951781740202737,65.38698627047235,,,107.78428003637691,107.78428003637691,13.093691996387836,49.58574472811406,9.36260439105693,10.603300610249885,15.384935879632433,40.0097634308886,0.8260869565217391,0.9534883720930233,28096.063942230638,530369.5763930491,521966.8694395061,557,0.984156883562801,0.0,0.0,8402.706953542944,13.130774694123506,1.76912734634152,48.932406615420966,14.506311037031695,9.99124572696131,1437.5596603205863,1866.4285862305944,916.8585198031614,0.4912368609049395,934.883763438552,0.029870216345492077,361.3896355325181,2,2,0,0,0.0,557,207.0,0.3613896355325181,397.2692555337842,259801.67822843266,798.1526179873573,500000.0,0.5877096398147826,0,0,0.0,3,E2,5,inhouse
7.8556376728013975,28.916982109101088,15.262086029263855,34.75302898072114,3.0076599800039014,3.8749314732482167,,,5.509207157457922,5.509207157457922,12.753435436649486,46.729491531395254,4.985571782439763,5.833833613209754,9.543353872942543,28.916982109101088,0.8333333333333334,1.0,32491.15341102122,534209.4492904893,519247.6457357165,546,0.971992626535071,12883.956746220842,0.02411780016870289,2077.8468085520485,12.319790426879198,1.76912734634152,40.456829384893666,12.469051725101844,7.8556376728013975,566.7310882846526,1754.2797638460754,868.2900404082305,0.49495528495671365,867.3877831996136,0.026792703059420084,299.19393007607397,4,1,0,0,0.0,546,207.0,0.299193930076074,399.2299158840789,263467.7470678236,786.8105156594813,500000.0,0.5974376887096456,0,0,0.0,4,E2,5,inhouse
16.40541749897507,45.62881965701115,20.69928940207057,70.89119381384258,35.386240792620676,76.18159141647166,26.46086884564902,52.24531948134209,,,13.647778001672446,57.5866246327748,9.629510903011642,15.322761239896863,26.7571311649462,45.62881965701115,0.8461538461538461,0.7818181818181819,43452.69323580841,547328.4080016714,541284.5141829726,571,0.9889574636902816,0.0,0.0,6043.893818698931,14.326547870474958,1.76912734634152,62.936079665877514,14.529797817206408,16.40541749897507,616.7535517582003,1906.0089772936144,933.3007765286211,0.4896623193526801,997.3833735512385,0.02610398673619947,305.092779446186,2,0,0,0,0.0,571,207.0,0.30509277944618596,382.98729660196784,239231.78725596136,866.5449318306692,500000.0,0.54781637394174,0,0,0.0,5,E2,5,inhouse
6.171259124791553,18.71880813723049,15.57204302040035,49.65915949927149,9.311464589726938,18.204166150676592,26.502315934769058,26.502315934769058,,,12.699513078845094,46.951385660187235,9.840843709890702,13.749091000061071,14.788040753271186,18.71880813723049,0.9285714285714286,0.9565217391304348,31608.77227884693,532684.458673951,517469.6066906774,557,0.9714374021326828,0.0,0.0,15214.851983273604,12.382380268015062,1.76912734634152,44.58519932713349,12.727710351124236,6.171259124791553,4456.730169886733,1812.0051079377902,885.5057498196842,0.48868832981793414,881.2069122077648,0.028260738893183753,365.00178753692467,3,1,0,0,0.0,557,207.0,0.36500178753692464,400.7288526831131,264840.1452098311,782.9817553650824,500000.0,0.5671413438798245,0,0,0.0,6,E2,5,inhouse
7.470332282951151,7.723321371356708,21.79391865118885,81.60470387420924,2.152714574829664,2.3905203138846502,,,,,11.780924491876926,45.26666600318999,17.65773323013433,52.37733120477816,15.591433153391213,7.723321371356708,0.9459459459459459,0.9285714285714286,40773.60461111535,543849.2288690333,519299.493545086,574,0.9548592991940066,11470.75105855638,0.02109178509347248,13078.984265390869,11.813486007777886,1.76912734634152,45.19674575592547,11.603549014124901,7.470332282951151,4813.9862667566385,1907.1805707691897,936.1778302323107,0.4908700542470074,924.6929504134157,0.02687448372021769,341.9131149581082,0,1,0,0,0.0,574,207.0,0.3419131149581082,399.2723191380438,263487.6855362341,786.9131063677169,500000.0,0.5972003051342396,0,0,0.0,7,E2,5,inhouse
12.729268039689027,39.94887732929135,14.174178682796423,31.942452101985726,4.3933353882422725,5.890981185440564,,,,,12.638800314141609,47.80017257477795,35.52120590351279,125.24886666037276,8.740376852488561,39.94887732929135,0.875,0.9047619047619048,38363.5914215517,540361.5398106,516568.89847653353,554,0.9559690326176694,13515.69167661024,0.02501231246277737,10276.949657456204,13.011703689910268,1.76912734634152,48.63272783000366,12.597711184322632,12.729268039689027,3275.4004283748777,1781.677703202343,880.910454917338,0.4944275013006065,859.6393939728054,0.027565108467843467,343.76115269206,3,1,0,0,0.0,554,207.0,0.34376115269206003,401.3864593168324,264878.89937372756,782.7870081117446,500000.0,0.5806672382547616,0,0,0.0,8,E2,5,inhouse
28.674965080494356,77.0793479665629,17.637374857050105,50.46920208738052,25.350877592553104,52.24128436304818,32.178859031288084,32.178859031288084,,,12.236237662900082,42.73208839069127,7.407805546504885,24.366496976756025,21.002192611740007,77.0793479665629,0.6052631578947368,0.8227848101265823,47374.080402398526,549736.351411949,532073.1441211653,600,0.9678696756264755,0.0,0.0,17663.207290783863,13.707368863444618,1.7691273463417474,45.61062982447702,13.076252604544468,28.674965080494356,818.7959603311375,2099.549248655764,1027.013462334487,0.48915902448681886,1050.0612101119698,0.031159942154191968,402.50559367813435,3,1,0,0,0.0,600,207.0,0.4025055936781343,389.8007405283508,249568.123846004,831.0456575842829,500000.0,0.5489910063811974,0,0,0.0,9,E2,5,inhouse
2.9453524624490663,5.25209431940516,25.74401600637657,36.53719942370653,15.140724465299968,38.98074526817447,,,,,10.61894906005447,37.45550288653231,6.809870423513075,16.58666855993524,21.199748203058025,5.25209431940516,1.0,1.0,13819.243346008723,516203.98819530365,512439.70357091265,536,0.9927077575716698,0.0,0.0,3764.284624391007,10.645241456517729,1.76912734634152,37.162619578800786,10.70681278305366,2.9453524624490663,451.0867648819418,1687.8652403693732,833.3240753842032,0.4937148152904898,832.477847898512,0.021609959342678713,244.2947473737595,0,0,0,0,0.0,536,207.0,0.24429474737375947,404.4266931371659,268739.5930534458,771.1714243243566,500000.0,0.6179379900136728,0,0,0.0,10,E2,5,inhouse
17.245583353203934,77.98188931268383,25.040711869163715,57.25504687256936,17.121417516172514,41.136110313587565,,,,,13.132019168495551,50.946918971312975,9.591113919139426,23.520913941915865,19.558123470939037,77.98188931268383,0.75,0.8484848484848485,26006.043708159235,527294.9549528928,513006.1062714429,539,0.97290160175584,0.0,0.0,14288.84868145006,13.400229202131536,1.76912734634152,51.82468855662303,13.131539299859455,17.245583353203934,2549.8368227921087,1684.9465291672147,829.3720429819242,0.49222454755988104,840.6150415215131,0.023015151533253446,264.5451136367275,2,0,0,0,0.0,539,207.0,0.2645451136367275,404.0196453411579,268844.86283147463,770.9447855195227,500000.0,0.6079681520185328,0,0,0.0,11,E2,5,inhouse
11.909749190450514,27.250012152770992,20.885325375958132,55.50523238179187,4.225080002754112,4.225080002754112,,,,,13.780226444372122,55.25900217501992,4.874744944579691,8.663231289297258,18.505290322643273,27.250012152770992,0.8571428571428571,0.8571428571428571,3605.0987133016765,503977.3460501888,503977.3460501888,521,1.0,0.0,0.0,0.0,13.698928432609934,1.76912734634152,54.60315690704658,13.738589105903664,11.909749190450514,245.61713766094152,1585.291473153872,786.7927541089327,0.49630794553107704,772.5964083770436,0.02507470948069046,300.5442821964565,3,1,0,0,0.0,521,207.0,0.3005442821964565,411.32909228335103,280022.6474282657,740.2992086034801,500000.0,0.6276503142480953,0,0,0.0,12,E2,5,inhouse
5.52301062426572,9.717893420228393,5.054860061637299,7.643647567353035,6.673862874927181,10.491083928026821,,,,,11.167486812086528,41.36022057546008,6.058417580186102,12.056829802627089,5.774416867543914,9.717893420228393,1.0,1.0,6216.486291594783,506496.9548278934,506496.9548278934,522,1.0,0.0,0.0,0.0,10.93906002058662,1.76912734634152,39.40563932087007,11.110242750700378,5.52301062426572,187.65056781009824,1588.5693893757214,789.9454717459636,0.49726847126041984,774.3506545062869,0.026893352507183874,316.7133620449621,2,2,0,0,0.0,522,207.0,0.3167133620449621,409.3148268433139,275405.8814453192,752.7679230162225,500000.0,0.6328097643313192,0,0,0.0,13,E2,5,inhouse
16.38366576346838,51.482672836842426,9.676798901958104,15.674081253457235,8.366579827987039,17.114338392881482,5.188924747737474,5.233270554192131,,,12.23777953677068,41.3005568747181,2.665908303810011,4.634163093318921,8.593107390705391,51.482672836842426,0.8214285714285714,0.9038461538461539,58929.484502104126,560140.4496017806,529049.2299046405,562,0.9444938859187124,0.0,0.0,31091.219697140245,12.118373790351393,1.76912734634152,41.05646961092811,12.064840151966957,16.38366576346838,4795.836671520419,1845.349203637208,911.1706162240833,0.49376595737443835,930.2666494202974,0.026904302577023965,397.547423821932,1,1,0,0,0.0,562,207.0,0.397547423821932,392.01937305759753,251646.08609045667,824.1636126590533,500000.0,0.528097512929152,0,0,0.0,14,E2,5,inhouse
48.10609616346618,171.86379947696156,23.175671260032555,87.15946827763241,4.566103013832799,9.80093718006842,5.639048593046482,5.693177683721387,,,11.826443945170404,42.087129340324104,16.237528184135044,37.89764855954436,16.473582538942566,171.86379947696156,0.6875,0.8,64862.71277757866,569803.8948999027,534346.3053831415,588,0.9377722935309347,0.0,0.0,35457.58951676133,14.23419799632029,1.7691273463416337,48.26850049422427,12.030086722604585,48.10609616346618,7058.958537722436,2072.286906254637,1009.8417437753358,0.48730788228570177,1060.1946884362198,0.03617219281526972,554.7072064265651,3,3,0,0,0.0,588,207.0,0.5547072064265651,388.4273272135828,246359.68205348626,842.4865037833792,500000.0,0.44464245022274085,0,0,0.0,15,E2,5,inhouse
18.315235129101563,86.98970362794898,36.972563827140725,90.42044910396089,5.100388644918894,5.185503350061663,,,,,13.089340780652245,47.62626589461458,2.8330496482815306,3.968379348336066,29.00452003158527,86.98970362794898,0.8235294117647058,0.8,8440.199489225186,508637.27469418704,505272.51176591427,527,0.9933847496129815,0.0,0.0,3364.7629282727185,13.460591360664315,1.76912734634152,53.33318426883262,13.08873103431743,18.315235129101563,410.39224488474247,1605.9191446812213,797.8974420528369,0.4968478299143893,776.0325560533469,0.02574476020205653,305.8412595163891,4,1,0,0,0.0,527,207.0,0.3058412595163891,410.2852152692571,278967.634634938,743.1178944138107,500000.0,0.6289784584832591,0,0,0.0,16,E2,5,inhouse
10.399366029597351,38.82200939276876,13.772194135189197,22.71758878580422,16.01982401903363,33.48052948100335,,,,,14.1511522712948,54.82757675726865,26.613902197294397,90.172080329697,14.446483100342528,38.82200939276876,0.8571428571428571,0.9166666666666666,10188.61735102234,511071.9197908895,508246.4808123163,534,0.9944715433011282,0.0,0.0,2825.438978573131,14.291706204191259,1.7691273463416337,54.18964469369969,14.20374815416704,10.399366029597351,667.6626371493653,1637.3608833173769,807.2776385846668,0.49303586448766323,792.280337117645,0.028412192572435224,396.6583402435894,4,2,0,0,0.0,534,207.0,0.3966583402435894,408.06314685891624,274778.5708646009,754.777411090182,500000.0,0.5695575309071358,0,0,0.0,17,E2,5,inhouse
7.142685178491818,13.165228767503322,9.034068784919691,22.855004027560426,3.20314656883364,4.834590675691652,10.8910087835161,15.709432005848521,5.163644635195851,5.163644635195851,12.242404577204303,42.47217452316635,19.644342004057172,80.03982959784571,6.150544432442657,13.165228767503322,0.9523809523809523,1.0,68261.72443658626,570243.9701911092,537520.0751908021,564,0.9426142200340318,10823.216117411037,0.018979974683088343,21900.678882896165,11.993049196570414,1.76912734634152,40.47696467386184,11.891451148169537,7.142685178491818,2811.4995159944338,1842.9654993208053,900.6778838796669,0.48871120170811494,910.203524568404,0.029777484014648803,360.79495587168236,2,2,0,0,0.0,564,207.0,0.36079495587168237,385.7731171850007,242848.46210132542,853.8690884085279,500000.0,0.6034001720546897,0,0,0.0,18,E2,5,inhouse
20.355547107803318,93.64806361897172,14.547157620517451,8.170409776954516,29.2910190060674,90.57958528904346,,,,,12.033205826069388,42.07841305114433,10.552290334800327,25.457570801266158,18.827633506644855,93.64806361897172,0.8181818181818182,0.828125,37728.11627304937,538786.9281851918,517435.0595895967,577,0.9603704776811957,11490.801113996251,0.021327171304435642,9861.0674815988,12.838286768040431,1.7691273463417474,45.924365302716,12.45580606912173,20.355547107803318,760.2887489879325,2002.8927270000534,983.313663457923,0.49094674427758145,1015.8113681545307,0.03380002400491365,399.59284110985163,2,3,0,0,0.0,577,207.0,0.3995928411098516,400.82245877503686,262931.46710463805,788.797153588968,500000.0,0.5825535101179743,0,0,0.0,19,E2,5,inhouse
8.755443747483477,35.39501067477822,4.168681417359562,6.011889904752638,21.81870688549293,35.88487848796099,4.9508338676182575,4.9508338676182575,4.692446216563667,4.692446216563667,13.075030848619452,48.787857024187176,14.635647632625535,45.4234624886908,8.67895684067524,35.39501067477822,0.8333333333333334,1.0,42968.20466135957,546023.0117091311,522229.45427683793,549,0.9564238925428877,12015.37519389233,0.02200525424062709,11778.182238400757,12.852350705488712,1.76912734634152,44.8298648999909,12.861764593182418,8.755443747483477,3306.4870219259014,1723.9427473392275,850.832510303833,0.49353872778955526,847.8898251240021,0.028607096129937736,313.2477026228182,3,2,0,0,0.0,549,207.0,0.31324770262281826,396.9773171635862,259815.55952872682,797.9246819500084,500000.0,0.42594177802928,0,0,0.0,20,E2,5,inhouse
28.085914847386395,102.41680617077472,5.56371070752366,10.136577495967686,9.474010251589789,9.474010251589789,6.687001483147014,6.687001483147014,,,13.264320187781808,54.45088085179607,3.5993905677118314,6.473038496329309,6.282795038907872,102.41680617077472,0.7368421052631579,0.8461538461538461,17327.275816339392,518024.1647502009,509574.23508279055,532,0.9836881554135897,0.0,0.0,8449.929667410348,13.592797715544872,1.76912734634152,55.24019800447216,13.20717684899378,28.085914847386395,1621.1884968247668,1645.5162366925645,813.7251569996736,0.49451056079229905,805.5999577082737,0.026946763479487986,394.3764755039193,1,2,0,0,0.0,532,207.0,0.3943764755039193,406.995413419614,273611.78168051847,757.9877416158454,500000.0,0.5753027447852764,0,0,0.0,21,E2,5,inhouse
19.42700861289478,72.20949503093415,18.708447064984238,49.27392407459884,22.585529977116096,58.543730508663074,,,,,11.86634514645088,40.821680219253615,9.367437950035715,17.35468643659152,20.43159502593173,72.20949503093415,0.75,0.8095238095238095,19226.136203616657,520041.7500651535,514161.652876334,530,0.9886930286114858,0.0,0.0,5880.097188819491,12.140543345969594,1.76912734634152,44.25162605130796,11.803560880834638,19.42700861289478,1777.8106417041693,1623.1340894993855,794.8238799167322,0.4896846693435386,790.2356862365313,0.031136929892529218,354.12192371550526,5,3,0,0,0.0,530,207.0,0.35412192371550527,403.28585526308837,270955.07779329206,765.2712162194765,500000.0,0.6386208888242647,0,0,0.0,22,E2,5,inhouse
8.190352702231516,15.887619622299473,5.544306188346049,9.35441428578911,8.123890005599643,14.081510390008589,,,,,12.721944133242006,44.43729845706031,5.9146905843532185,15.68556618701077,6.217241097194813,15.887619622299473,0.9473684210526315,0.9836065573770492,44840.47463850063,546620.9219574383,519191.5804046162,576,0.9498201761934061,12710.581287026522,0.023253009126526277,14718.760265795685,11.985976342546145,1.7691273463417474,37.84225182363889,12.486977520617078,8.190352702231516,3888.8372966283637,1982.3983153774618,969.9070242708824,0.48925940702598186,990.3712507615871,0.026020978270459644,314.96379795898133,2,0,0,0,0.0,576,207.0,0.31496379795898133,399.3034009457441,262724.3465512189,789.0968862207917,500000.0,0.5842473173493818,0,0,0.0,23,E2,5,inhouse
24.902360830751824,55.92435188126763,22.559930663268915,46.696006430413675,21.23513373791223,51.05993613608844,,,,,11.293781255940075,43.30131436187641,4.4064763465872705,6.939958093239696,21.716878074405567,55.92435188126763,0.631578947368421,0.8,34421.87232108315,535140.8176419535,511679.38070875284,539,0.9561583864288633,11697.648494961977,0.021859010020029008,11763.78843823865,11.871204878835009,1.76912734634152,46.77239336480287,11.547733451367955,24.902360830751824,1703.4254346377531,1689.6763395428572,836.2377182468567,0.494910000617693,851.3945312282195,0.0256050715751174,284.96174874677456,2,1,0,0,0.0,539,207.0,0.28496174874677455,405.107122865936,270613.7518659384,765.9808872220042,500000.0,0.6016535146459093,0,0,0.0,24,E2,5,inhouse
25.64736158309097,25.64736158309097,,,,,,,,,13.581429073894528,58.0703736452324,,,,25.64736158309097,0.0,1.0,209.99028817615883,500209.99028817617,500209.99028817617,501,1.0,0.0,0.0,0.0,13.605512771517674,1.76912734634152,58.03205090729989,13.586494403843776,25.64736158309097,243.02929296314176,1463.228258295406,731.3081219839031,0.49979086847040777,706.7426598063629,0.022041369484553264,241.35299585585824,1,1,0,0,0.0,501,207.0,0.24135299585585823,414.30870438325707,283955.28484220075,729.8379852694898,500000.0,0.0,0,0,0.0,25,E2,5,inhouse
18.898762938335206,52.46868153966352,16.101294305298477,39.623809366451496,26.727113019222905,56.53235433163282,,,,,12.947671388640359,44.620868384118985,8.324091742405471,19.11818036298228,20.931211902536855,52.46868153966352,0.7272727272727273,0.7272727272727273,8275.236379187336,508449.34756596206,506323.36078462953,526,0.9958186852013676,0.0,0.0,2125.986781332494,13.203919742470331,1.76912734634152,48.380956979285656,13.112123430703939,18.898762938335206,662.5438444180227,1611.0120845091328,798.6991640319379,0.49577478140103304,773.6620507550363,0.02312842170463642,274.48142966426497,4,0,0,0,0.0,526,207.0,0.274481429664265,409.3717522897997,276839.8829159776,748.716114334484,500000.0,0.6308282833671592,0,0,0.0,26,E2,5,inhouse
8.305192984472344,20.375265195455505,10.03073861275817,18.338413027019893,12.041304129235868,23.837661483088326,,,,,12.926985421275223,49.80392348003736,14.035353793960212,31.847342216118232,10.700927118250737,20.375265195455505,0.9285714285714286,1.0,12370.949722949961,513597.1255335828,510759.3858471841,534,0.9944747749835038,0.0,0.0,2837.7396863987024,12.772395820582238,1.76912734634152,45.31464318667975,12.888384099162373,8.305192984472344,686.590049310424,1689.1649989284124,840.9490329742135,0.4978489570336245,848.3321776439469,0.023745668350758763,263.34807588899093,4,0,0,0,0.0,534,207.0,0.26334807588899095,405.7944970156669,271441.5544956515,763.5652855768234,500000.0,0.6243821692382165,0,0,0.0,27,E2,5,inhouse
25.394593682079176,61.43482938166526,5.515879999957509,9.510355101176447,5.064218389104913,8.677727142851609,,,4.868307947336746,4.868307947336746,11.47228749766802,45.20709615179916,3.5013159457221263,6.003505849277282,5.392699560634074,61.43482938166526,0.6666666666666666,0.8695652173913043,26590.43369586375,527415.1934686946,514548.76013854495,531,0.9756047351508214,0.0,0.0,12866.43333014956,11.543457792379144,1.76912734634152,45.78074841277157,11.381753265565964,25.394593682079176,4049.2540152854076,1636.0359232854958,796.775597685795,0.4870159550566018,813.1103803241041,0.02780581300281597,312.13934495226243,3,2,0,0,0.0,531,207.0,0.3121393449522624,402.9008626687438,268154.55703742127,773.1069038518023,500000.0,0.629572677864734,0,0,0.0,28,E2,5,inhouse
10.022317343899205,35.4804609890312,11.088380856642836,26.414438164998955,10.243927578839692,32.094943082238665,59.99670877261559,59.99670877261559,37.107029168141196,57.20001917102744,13.22320117785313,54.51313940521471,7.531643875985454,15.982819535802625,12.067881633640825,35.4804609890312,0.8,0.967741935483871,77164.28456252046,582430.0533427446,550636.3106729902,583,0.9454119125768315,0.0,0.0,31793.74266975432,12.90906592615568,1.7691273463417474,46.19715107270882,14.194195071231395,10.022317343899205,6964.176569393131,2003.600268480772,974.582422914031,0.48641559808384693,1052.726794258881,0.031909140806057286,366.6602217496734,2,2,0,0,0.0,583,207.0,0.3666602217496734,376.5945982899406,236183.15200315838,877.9909085935843,500000.0,0.5414760706071754,0,0,0.0,29,E2,5,inhouse
2.881018834241111,4.877613295574156,3.785763900501846,6.341939095743284,3.749298030309584,4.951248541225965,,,,,3.4676184052324595,4.972818365853527,4.300280664809903,8.35818186959932,3.774248362546395,4.877613295574156,1.0,1.0,13968.57625752051,515078.73700219905,515078.73700219905,554,1.0,0.0,0.0,0.0,3.469255344475283,1.76912734634152,4.972818365853527,3.4658608437984775,2.881018834241111,22.10698880456016,1803.4103145704964,883.7365583594939,0.49003632241615863,1080.3676567807513,0.03171776661829163,371.0834073880471,3,0,0,0,0.0,554,207.0,0.37108340738804707,402.60074530411595,267433.334368069,775.4122495514446,500000.0,0.3718293995193019,0,0,0.0,0,E2,5,pooled_greedy
2.6828362669722763,4.372685973347506,4.72112164918272,8.040596365991377,16.63051847444717,38.87702465563507,20.63901402518938,39.049650098778514,,,4.549630700083192,4.97281836585446,5.000502032151579,9.548779326795378,12.38545459592145,4.372685973347506,1.0,0.9655172413793104,22776.714596747763,525519.2910413912,525519.2910413912,536,1.0,0.0,0.0,0.0,4.707943605623399,1.76912734634152,5.778069032130588,5.093599576344924,2.6828362669722763,45.14315691710478,1692.838514551074,838.2168348730274,0.4951546338696785,1032.7108945825512,0.03652536605238068,411.70996555135144,4,2,0,0,0.0,536,207.0,0.4117099655513514,394.6795360347963,255223.62937421084,812.6665641191189,500000.0,0.39731422330114513,0,0,0.0,1,E2,5,pooled_greedy
12.958121279501825,18.752018301418506,7.317173940003272,15.143887402138898,7.303763866089336,15.033802560916229,20.38280195983009,32.56520419397559,,,3.7337510819150688,4.972818365853527,4.004035704817108,5.647050670868339,8.945348664763898,18.752018301418506,0.9545454545454546,0.9736842105263158,29310.196036041838,532277.3226155266,517873.34282247716,549,0.9729389564780431,14403.979793049497,0.02706104352195697,0.0,4.260699782323835,1.76912734634152,5.778069032130793,3.96859242450407,12.958121279501825,25.31880259624351,1776.2293542722634,869.1781751634296,0.4893389319756735,1055.3933625363713,0.03791530525173888,442.1051298105452,5,2,0,0,0.0,549,207.0,0.44210512981054517,400.5653274200677,263738.22432480013,786.5454681849244,500000.0,0.39529194972655785,0,0,0.0,2,E2,5,pooled_greedy
3.1612650704756837,4.430082974086872,4.3429377062228784,6.2879729971518845,22.30653449639408,92.09936015339008,96.60078489552507,96.60078489552507,53.04494901963517,53.04494901963517,4.388275912379852,5.778069032130725,4.579643775295835,4.565968919972239,15.67184666834847,4.430082974086872,1.0,0.9361702127659575,28096.063942230638,531327.860284328,531327.860284328,562,1.0,0.0,0.0,0.0,4.911265720151257,1.7691273463419748,6.644698191119602,6.230637018973053,3.1612650704756837,69.58339282512381,1910.1037744963346,942.4274343253543,0.4933906978817725,1189.4876398202737,0.039340153291040965,460.78845219554955,3,2,0,0,0.0,562,207.0,0.46078845219554954,390.4571997056161,249370.44873194103,831.9381446644628,500000.0,0.35433028285115364,0,0,0.0,3,E2,5,pooled_greedy
2.9561905850208254,4.587921021970761,5.255833329413804,7.812154817398094,3.3543695203147763,5.059609104144875,,,6.1163852357155974,6.1163852357155974,3.937842169558903,5.286838840287576,3.2879461752963643,4.62981113767637,4.249176018714318,4.587921021970761,1.0,1.0,32491.15341102122,534209.4492904893,521325.49254426855,548,0.9758821998312972,12883.956746220842,0.02411780016870289,0.0,3.9050004506701494,1.76912734634152,5.686533495421498,3.943048488493035,2.9561905850208254,24.571478246559145,1758.2052745697752,866.0576670008417,0.49258051919606605,1067.3826115893671,0.035412610390217106,413.75719972200835,4,1,0,0,0.0,548,207.0,0.41375719972200836,397.8584591892164,261487.19480306396,793.2080856040895,500000.0,0.39100484049877693,0,0,0.0,4,E2,5,pooled_greedy
6.5014828357758905,9.712328164996713,7.990897704486883,17.713987071401068,10.290145729695553,31.915475095418422,29.07644597904785,53.504657640078676,,,4.588933975751774,6.257651703012016,2.5812865234848132,4.439258570803304,12.974423367801966,9.712328164996713,0.9259259259259259,0.9473684210526315,43452.69323580841,547328.4080016714,547328.4080016714,573,1.0,0.0,0.0,0.0,5.062024973563093,1.76912734634152,9.482008116640648,6.058863329999919,6.5014828357758905,76.57475847474377,1916.2709058620796,937.8481612017706,0.48941314003818137,1188.5550913199938,0.03478816074399921,397.2009938501372,4,0,0,0,0.0,573,207.0,0.39720099385013724,378.92643239745155,233812.26245052458,887.0244820360355,500000.0,0.40215810515031203,0,0,0.0,5,E2,5,pooled_greedy
3.0968922139459494,5.185127312283726,5.532894857861982,11.38361945943066,7.056260878574449,15.059035597591272,37.70061215751798,52.38322422016689,,,4.502450603089464,4.972818365854437,7.672754695221363,12.028947025922806,11.338496163845784,5.185127312283726,1.0,0.9807692307692307,31608.77227884693,533346.8920584851,533346.8920584851,565,1.0,0.0,0.0,0.0,4.796120358416629,1.7691273463417474,5.778069032130588,5.731704703750485,3.0968922139459494,59.53335936357007,1877.498104868722,925.3555704030765,0.49286631395443087,1158.2156484464297,0.03528371538302723,414.6808071074958,4,0,0,0,0.0,565,207.0,0.4146808071074958,388.8926398475442,248050.97899926527,836.177634306865,500000.0,0.4402174949603042,0,0,0.0,6,E2,5,pooled_greedy
4.425821635439333,5.634305585629886,18.56480678618831,55.04696322329656,2.699590129002931,3.237984456112435,6.504395574288608,7.159589410589993,,,5.050923129293183,8.358319209941753,3.810894163945025,5.145313589738317,11.610316272085484,5.634305585629886,0.972972972972973,0.9344262295081968,40773.60461111535,544565.4292464787,533094.6781879223,581,0.9789359543545969,11470.75105855638,0.021064045645403137,0.0,5.239384576534939,1.7691273463416337,8.025354262585097,5.033145610754438,4.425821635439333,54.677370075802884,1955.391139723132,958.98025686743,0.4904288647862105,1155.507181316788,0.03547205311913349,424.8161775561946,2,1,0,0,0.0,581,207.0,0.4248161775561946,389.0956422274327,247102.91895863507,839.426814752759,500000.0,0.3553027587967595,0,0,0.0,7,E2,5,pooled_greedy
5.662493413471687,18.731645214764132,5.607170859795303,9.634904140300977,4.752522590037776,8.012397582978158,6.292066744717658,7.315476233871732,,,4.214532246645169,5.11149854787065,2.522912517989397,3.3077655029878317,5.183664958186471,18.731645214764132,0.88,1.0,38363.5914215517,540361.5398106,526845.8481339897,560,0.9749876875372225,13515.69167661024,0.02501231246277737,0.0,4.282728040917032,1.7691273463415769,5.7780690321306905,4.294376213271462,5.662493413471687,35.55377435086813,1811.2049316807786,891.8902360154191,0.49242922234523434,1101.3363450734919,0.03432615749215395,388.3356312286244,5,0,0,0,0.0,560,207.0,0.38833563122862436,393.6413969394796,254196.27025212854,815.8590817462714,500000.0,0.4099901226491321,0,0,0.0,8,E2,5,pooled_greedy
12.172212131029875,20.014284004264177,6.906854986888779,8.93969229563927,11.41262027197187,31.136332093964548,31.567716745013968,31.567716745013968,44.423955798850784,52.08223881081276,4.358260421566798,5.86217686049127,4.457041437706018,7.37589485589565,9.366497705252055,20.014284004264177,0.9473684210526315,0.9506172839506173,47374.080402398526,549779.8663554897,549779.8663554897,605,1.0,0.0,0.0,0.0,5.341052060025795,1.7691273463419748,9.560436410205513,6.0895301350269735,12.172212131029875,72.66833778263596,2141.787354814149,1054.3340237888378,0.4922683017149135,1370.0892139340501,0.045466433926568496,619.3457813995173,6,2,0,0,0.0,605,207.0,0.6193457813995172,377.6408677125911,234170.55892711057,886.615921030553,500000.0,0.42570405801274863,0,0,0.0,9,E2,5,pooled_greedy
2.6734994232392637,4.4741970760142085,3.726265060606039,5.307476470933943,14.429251064714464,48.006721769712385,,,,,4.058768756643982,4.972818365853527,3.11521373977389,4.835668919120802,9.077758062660251,4.4741970760142085,1.0,0.9666666666666667,13819.243346008723,516514.44304295897,516514.44304295897,540,1.0,0.0,0.0,0.0,4.1540919197178585,1.76912734634152,4.972818365854437,4.314858678374781,2.6734994232392637,39.14949123780818,1718.4584747096346,850.100134801151,0.49468762109296305,1049.076160591274,0.03072644655294636,336.45458975476265,2,0,0,0,0.0,540,207.0,0.33645458975476267,401.4146310571037,264009.57909801486,785.3368627688319,500000.0,0.08901658637210175,0,0,0.0,10,E2,5,pooled_greedy
7.362204186482002,16.704250863907873,9.461968362331845,19.21159556574958,4.015474823480235,6.338584103369815,,,6.75338177253343,6.75338177253343,4.290263252066711,5.7043887924820424,2.515073832670396,3.658122941105695,5.571615834580696,16.704250863907873,0.9047619047619048,1.0,26006.043708159235,531772.2574830158,531772.2574830158,543,1.0,0.0,0.0,0.0,4.423755864152548,1.76912734634152,6.736798603472518,4.445114964535706,7.362204186482002,40.44206264216092,1722.6575793814975,853.677614810524,0.4955585050843524,1047.8025807587949,0.03217408109830722,356.89240302570374,5,0,0,0,0.0,543,207.0,0.35689240302570374,389.9355212407794,248384.74771437873,834.8213580387329,500000.0,0.3761994285125028,0,0,0.0,11,E2,5,pooled_greedy
9.61394644802301,23.680093771625632,18.711051679358928,49.062367718477276,4.995980005050114,4.995980005050114,,,,,4.586942312878384,5.778069032130588,3.7635709007821396,7.673219635573518,16.751755725886238,23.680093771625632,0.8571428571428571,0.8571428571428571,3605.0987133016765,503977.3460501888,503977.3460501888,521,1.0,0.0,0.0,0.0,4.806863854053804,1.76912734634152,5.7780690321319526,4.6080599400011915,9.61394644802301,38.841549216990806,1581.2970898923775,782.7983708474383,0.4950356108609011,955.6129180884104,0.03386224551290137,384.7259173398978,5,1,0,0,0.0,521,207.0,0.3847259173398978,411.49612684512886,280136.3604164266,740.2992086034801,500000.0,0.3748976775163843,0,0,0.0,12,E2,5,pooled_greedy
2.608486598615774,3.2899407481302245,3.8887699263846742,5.3734970777848945,5.487710366695865,7.343931761092563,,,,,3.5007027644679765,4.811768232599206,1.721738620764495,1.9585423353670648,4.599410122078536,3.2899407481302245,1.0,1.0,6216.486291594783,506496.9548278934,506496.9548278934,522,1.0,0.0,0.0,0.0,3.4889322973667505,1.76912734634152,4.913038035299227,3.5228503222439254,2.608486598615774,14.980959463711864,1592.6035306389456,793.9796130091873,0.49854191437755146,957.8108604317964,0.033395035294548285,365.6756364753037,3,2,0,0,0.0,522,207.0,0.36567563647530366,409.41149529109754,275470.9244325844,752.7679230162225,500000.0,0.026745633961212878,0,0,0.0,13,E2,5,pooled_greedy
6.972771207612139,14.08714518207734,8.713800326410011,14.248463550138922,6.387415234268435,18.395120409813103,14.72836942980598,38.91466478409884,,,3.678145226193192,4.972818365853618,3.0442870273519054,5.04182826771048,9.043933397710088,14.08714518207734,0.9310344827586207,1.0,58929.484502104126,566652.9292862886,566652.9292862886,576,1.0,0.0,0.0,0.0,4.136029164279005,1.7691273463417474,6.618593199074439,4.617001680449413,6.972771207612139,39.87719911418902,1944.3917581985581,962.3462328698463,0.49493433039514717,1242.0455327799773,0.03369528180045447,387.4716731893793,1,0,0,0,0.0,576,207.0,0.3874716731893793,365.9867635986605,217044.98603790012,955.5045498124322,500000.0,0.4200912562101718,0,0,0.0,14,E2,5,pooled_greedy
13.348333274689093,40.65149027365616,11.102684408862213,25.767453902684792,5.653397722870936,5.1547991671477575,7.67738529545217,9.006345367876566,7.226108561704905,8.325767343817324,4.917667734439672,8.025316547597056,9.08261857746171,9.065179975124924,8.950908836047487,40.65149027365616,0.7714285714285715,0.9459459459459459,64862.71277757866,573615.9384122626,573615.9384122626,603,1.0,0.0,0.0,0.0,5.862013093125509,1.7691273463417474,10.69820198748258,5.317763335308641,13.348333274689093,55.602931221040286,2157.063953155315,1045.4808002503394,0.4846777021705956,1365.2102994165455,0.043949726804881864,530.6903761567864,6,2,0,0,0.0,603,207.0,0.5306903761567865,361.79380048363083,210369.58309244324,986.5052129944141,500000.0,0.4088084078635624,0,0,0.0,15,E2,5,pooled_greedy
13.336585637224902,55.28481657614901,15.880597394330843,41.519023601437766,49.24336762830626,75.3521558080276,,,,,4.591085617192776,5.791236986017068,2.9502766516553343,3.945487553462999,27.001520805655982,55.28481657614901,0.8421052631578947,0.7857142857142857,8440.199489225186,509188.49886297405,509188.49886297405,531,1.0,0.0,0.0,0.0,5.2745808906017535,1.76912734634152,7.076294516734379,4.952803045853542,13.336585637224902,49.42268221700479,1630.2618982606537,811.751717046057,0.4979271845291391,994.1083927850867,0.03221852087515545,362.0552145252166,2,1,0,0,0.0,531,207.0,0.3620552145252166,407.24025714949954,275242.064446667,753.3806855845077,500000.0,0.35887642421045785,0,0,0.0,16,E2,5,pooled_greedy
4.18261587757584,10.28489029375105,3.6965818743840697,5.734077835606515,4.649425659288534,5.588153567489826,,,,,3.9701199913269694,5.327296708068294,2.6511607386227585,5.3319304191190895,4.093600118094263,10.28489029375105,1.0,1.0,10188.61735102234,511539.3687118152,511539.3687118152,538,1.0,0.0,0.0,0.0,3.9518312330280745,1.76912734634152,5.688986974189187,3.982006962661153,4.18261587757584,22.819088559807774,1666.66351882027,824.3187801460649,0.4945922022278079,1016.6002095666963,0.035646127874767675,402.7167183758774,6,1,0,0,0.0,538,207.0,0.4027167183758774,405.4482008699899,270974.65917616495,765.3952489466554,500000.0,0.43151474097676745,0,0,0.0,17,E2,5,pooled_greedy
5.120858701424566,12.12202921773769,5.279443824302598,6.015869349275992,5.047138257589237,8.140910581438037,11.428372446804437,16.290276349184296,7.889961656120249,7.889961656120249,3.5205959407022283,4.972818365854357,4.779009212830188,6.287024089019358,6.357153122183585,12.12202921773769,1.0,1.0,68261.72443658626,572191.6285267603,561368.4124093493,574,0.9810846304318052,10823.216117411037,0.01891536956819503,0.0,3.7871787525635265,1.76912734634152,5.783253631824346,4.158339624367795,5.120858701424566,31.818735209399005,1920.2926525014332,948.6876655536385,0.4940328570844909,1188.3521337005907,0.035602936375924474,409.4561596947756,2,1,0,0,0.0,574,207.0,0.4094561596947756,369.47119142224193,224188.35224618253,925.157146130131,500000.0,0.359944042526418,0,0,0.0,18,E2,5,pooled_greedy
9.102010696412448,30.05985809395389,9.238303411619485,7.3606924165754215,21.690940106895155,50.350909933048044,,,,,4.206809072425132,4.972818365854346,3.5281870427748294,6.511771365619464,13.633351657010898,30.05985809395389,0.8285714285714286,0.9565217391304348,37728.11627304937,538786.9281851918,526296.1270711955,582,0.9768168074231693,11490.801113996251,0.021327171304435642,1000.0,5.035561299745352,1.7691273463416337,7.360692416575409,4.920330553187596,9.102010696412448,44.92764751341578,2028.391425114438,994.1756797298151,0.49013009393575285,1234.6513689332453,0.04159425949279046,476.61730560955874,2,3,0,0,0.0,582,207.0,0.4766173056095588,394.22030038526736,255278.4623110844,812.7462670657145,500000.0,0.3860631928147635,0,0,0.0,19,E2,5,pooled_greedy
4.2203204865552095,6.478915903031067,4.043600944467744,6.514920147176986,7.183289896714814,12.250490930700199,7.597944494584681,7.597944494584681,4.820118274277888,4.820118274277888,3.6663600182191702,4.972818365853527,4.982822854403076,5.2958347140775,5.793854427317952,6.478915903031067,1.0,1.0,42968.20466135957,546796.3875473237,534781.0123534314,558,0.978025869468912,12015.37519389233,0.021974130531088105,0.0,3.780631381876634,1.76912734634152,5.1481592629610535,3.8024281298115805,4.2203204865552095,20.339295616717727,1773.5028875605874,877.8186372819556,0.49496318468890405,1075.5125561439484,0.03722369482103282,428.6305906274632,4,2,0,0,0.0,558,207.0,0.4286305906274632,387.87583290922817,249970.70346610204,829.811764796495,500000.0,0.3296041974606501,0,0,0.0,20,E2,5,pooled_greedy
3.5570311990753964,5.570508013450582,3.830752807113913,5.16314878446874,3.757922279369268,5.150770424675466,4.820118274277775,4.820118274277775,,,4.378974960748438,5.038053019121268,3.023411346039969,4.600294096875587,3.9362158585732345,5.570508013450582,1.0,1.0,17327.275816339392,522341.9832740221,522341.9832740221,537,1.0,0.0,0.0,0.0,4.319047548116708,1.76912734634152,5.549455436009434,4.4996125570572625,3.5570311990753964,43.8547149519513,1675.1090054898275,823.8231823038078,0.4918027302127179,984.0458216966913,0.03022958301408165,331.0139340041941,1,1,0,0,0.0,537,207.0,0.3310139340041941,396.92580832668347,262166.4290057179,790.8373879917411,500000.0,0.0026054665896007023,0,0,0.0,21,E2,5,pooled_greedy
7.552637463656083,15.433112817583519,15.187203151604127,33.747106090481246,6.004070292926599,13.895725986724756,4.675293146604872,4.675293146604872,,,4.806369087302127,6.054228821570134,5.353791864553386,10.086354130712065,9.719644221848759,15.433112817583519,0.9166666666666666,1.0,19226.136203616657,520041.7500651535,520041.7500651535,533,1.0,0.0,0.0,0.0,4.988060132566797,1.76912734634152,7.413492093215474,4.841261434000367,7.552637463656083,41.123030668870896,1655.6501437460306,818.5464482025185,0.4943957824027344,1018.7703541369885,0.03591249681644633,396.57484758827013,5,2,0,0,0.0,533,207.0,0.39657484758827016,398.8075473201999,264854.9559413277,783.0571797702439,500000.0,0.33575380602424776,0,0,0.0,22,E2,5,pooled_greedy
4.079313358561595,7.045284114546761,5.381548416016538,11.85402787871517,11.105524599159867,21.690054541844667,10.913613253386359,12.932838271019966,,,4.19047910395633,4.972818365854437,3.1408062825036005,4.528693806884576,7.736855019677674,7.045284114546761,0.9743589743589743,0.9852941176470589,44840.47463850063,546785.5630729868,534074.9817859603,584,0.9767539925238847,12710.581287026522,0.023246007476115223,0.0,4.330401488104071,1.7691273463416906,6.7568554315432285,4.508373681693225,4.079313358561595,45.597273017965776,2037.0813019036282,998.3284156252372,0.49007784553925815,1200.8093007738187,0.03403814582580232,419.6657517347452,2,0,0,0,0.0,584,207.0,0.4196657517347452,388.37180700379963,247207.9148048002,839.0494532325838,500000.0,0.3795707145300047,0,0,0.0,23,E2,5,pooled_greedy
22.57380983138175,47.741170802569464,36.65387017308353,77.0648739796402,32.60426384878539,70.02666698964879,40.20341285115728,43.22420867176597,,,3.9777877219236117,4.811768232599206,2.24209759498793,3.521783492325449,34.697378735581154,47.741170802569464,0.5263157894736842,0.8235294117647058,34421.87232108315,535140.8176419535,523443.16914699145,543,0.9781409899799709,11697.648494961977,0.021859010020029008,0.0,5.448316403585023,1.76912734634152,5.190721777068259,5.455638169964438,22.57380983138175,60.889706743017015,1712.3628793774888,845.6593296719441,0.4938552101639662,1018.2387060829,0.03333665730644895,365.036397505616,4,1,0,0,0.0,543,207.0,0.36503639750561595,396.15577892711804,258034.7355160714,803.6322551022985,500000.0,0.02316494110901557,0,0,0.0,24,E2,5,pooled_greedy
2.5503240170628487,2.5503240170628487,,,,,,,,,4.564644462532067,5.584716827367452,,,,2.5503240170628487,1.0,1.0,209.99028817615883,500209.99028817617,500209.99028817617,501,1.0,0.0,0.0,0.0,4.560623862840512,1.76912734634152,5.563233249060431,4.5637988422145295,2.5503240170628487,36.66998632303435,1462.7659375788137,730.8458012673111,0.49963277274354306,896.4946928864972,0.03207289688425279,351.1982208825681,5,1,0,0,0.0,501,207.0,0.3511982208825681,414.5283026063222,284105.7911562646,729.8379852694898,500000.0,0.07831894371449688,0,0,0.0,25,E2,5,pooled_greedy
5.3162755223001605,10.614393078742069,5.4152971737442686,10.388681426589756,7.127120782651543,14.791083637652996,,,,,4.195617391452317,4.993140743660233,3.363526970487783,5.228599001612747,6.337048347771263,10.614393078742069,1.0,1.0,8275.236379187336,508449.34756596206,508449.34756596206,528,1.0,0.0,0.0,0.0,4.265385346353102,1.76912734634152,6.138014358792987,4.255669720870948,5.3162755223001605,28.21197050042579,1632.8267939290085,812.9945499571779,0.497906179014187,1016.4717830032215,0.03568085688682951,398.4807567400351,6,1,0,0,0.0,528,207.0,0.3984807567400351,407.9039175673912,274145.5944406633,756.526768850301,500000.0,0.4012090630404792,0,0,0.0,26,E2,5,pooled_greedy
2.8886514120639393,4.596824218402122,5.735194049254135,9.278829473183348,9.615245324457797,19.439908737924725,,,,,5.365242441021593,7.782427499565075,6.12692847398381,13.186331993990503,7.398073167198562,4.596824218402122,1.0,1.0,12370.949722949961,513597.1255335828,513597.1255335828,536,1.0,0.0,0.0,0.0,5.3650201350976525,1.76912734634152,8.024084214591767,5.43592820071643,2.8886514120639393,55.454494808550834,1687.0445098831335,832.0986675757515,0.4932286390199589,1028.9991484529787,0.035195333152551724,408.9476894248563,5,1,0,0,0.0,536,207.0,0.4089476894248563,403.8358810399201,268256.43066790275,773.1741870009217,500000.0,0.44105884210799545,0,0,0.0,27,E2,5,pooled_greedy
9.205810464921283,24.613081823423272,7.790137538973159,13.641041851378345,9.24644119182544,18.409998228040052,9.338548294393362,12.128158862656866,7.903489301740194,7.903489301740194,4.189595150041968,4.972818365853527,5.235041708569298,9.455718985942958,8.52980275322029,24.613081823423272,0.8333333333333334,1.0,26590.43369586375,528937.8456762048,528937.8456762048,537,1.0,0.0,0.0,0.0,4.453497146409419,1.76912734634152,5.535000121783107,4.494341242839446,9.205810464921283,41.774884385880384,1702.719675825605,842.4915893361723,0.49479171545232176,1069.3979532348603,0.03150320367108205,352.0271193248291,3,0,0,0,0.0,537,207.0,0.3520271193248291,392.01586502898425,251733.76159820383,823.6957403047217,500000.0,0.40835326859413934,0,0,0.0,28,E2,5,pooled_greedy
3.2721641836286937,4.62887444886681,5.8374097431696415,14.213650794396926,8.609302248913778,23.910633860537562,30.27573034419072,34.89598033120137,15.688282150690364,30.527404440310285,5.405142155317535,6.3966396634630875,6.50926101427326,16.694985645192194,8.750751033605527,4.62887444886681,1.0,1.0,77164.28456252046,584688.0408818187,584688.0408818189,599,1.0000000000000002,0.0,0.0,0.0,5.672707821055529,1.7691273463419748,10.888038764812931,6.8664323298715,3.2721641836286937,89.96218992955839,2112.235566056728,1031.6267089537291,0.48840514075787644,1298.951461347947,0.04162894286228301,486.27775037428745,3,2,0,0,0.0,599,207.0,0.48627775037428744,354.86663527005993,210887.18620887486,983.8733281066583,500000.0,0.36270713030619195,0,0,0.0,29,E2,5,pooled_greedy
2.9386141949635296,3.6733032695031507,3.724631936929637,4.222706664461066,3.615187332426615,5.869839573883155,,,,,3.6548521123531956,5.548625733780592,6.664269136229357,15.196230941477097,3.690070482876051,3.6733032695031507,1.0,1.0,13968.57625752051,515078.73700219905,515078.73700219905,554,1.0,0.0,0.0,0.0,3.684785372795831,2.3261802753514758,5.573536671905731,3.648672597965562,2.9386141949635296,29.775031461137175,1827.7960829614617,908.1223267504591,0.4968400661407953,1018.2704666284236,0.029686336663429607,329.65160146379327,4,0,0,0,0.0,554,207.0,0.32965160146379324,402.52030749345147,267379.9023956592,775.4122495514446,500000.0,0.35587157585706164,0,0,0.0,0,E2,5,central_assign
3.020809512042672,3.9603163328667508,4.493470428375635,5.521981319499645,15.315741239860063,36.27271796131518,38.66511786311427,55.3252319255289,,,4.80803225559229,5.7842981071276425,7.051481663350257,15.029232605370824,15.681063025635495,3.9603163328667508,1.0,0.896551724137931,22776.714596747763,525519.2910413912,525519.2910413911,536,0.9999999999999998,0.0,0.0,0.0,5.071312545670026,2.292638564282015,5.865433945051109,5.635820801753156,3.020809512042672,60.48854625780704,1710.8428474029402,856.2211677248943,0.5004674561574362,988.1656100069389,0.03452413176423858,382.6254578176522,4,2,0,0,0.0,536,207.0,0.3826254578176522,394.6241917149407,255187.84039381242,812.6665641191189,500000.0,0.34135620603201877,0,0,0.0,1,E2,5,central_assign
15.596589009635244,28.162266882570673,9.540851810789405,23.024969159307783,7.213009254832817,13.795120054397103,21.086161445987727,33.41452033863834,,,4.112902788633756,5.5325062991982135,7.3261822554921885,6.2930780632077585,10.111074556705475,28.162266882570673,0.8636363636363636,0.9473684210526315,29310.196036041838,532277.3226155266,517873.34282247716,549,0.9729389564780431,14403.979793049497,0.02706104352195697,0.0,4.812279690795182,2.323568788596276,6.483934302236408,4.3690721579700265,15.596589009635244,37.7594943330496,1789.7507507489518,882.6995716401185,0.4931969277122738,1037.4996803140325,0.03737163893445426,438.3613012770379,5,2,0,0,0.0,549,207.0,0.4383613012770379,400.55809818422193,263733.46448740363,786.5454681849244,500000.0,0.3272171800638546,0,0,0.0,2,E2,5,central_assign
4.1605486915744905,6.364705970531942,5.404070103425379,9.17246429473253,26.26527285822967,93.96810716287428,98.80568322564886,98.80568322564886,53.71661114989911,53.71661114989911,4.579057879588146,6.187071323758575,4.986564294846971,5.11351788627153,17.987971798019814,6.364705970531942,1.0,0.9361702127659575,28096.063942230638,531327.860284328,531327.860284328,562,1.0,0.0,0.0,0.0,5.232137711976011,2.351027268132327,7.334469834616907,6.541113088754945,4.1605486915744905,81.46780908188042,1907.6675707052937,939.9912305343138,0.49274372797918076,1104.2546328323162,0.03646170072838903,426.08023780449855,3,2,0,0,0.0,562,207.0,0.4260802378044985,390.3918761700264,249328.72902643925,831.9381446644628,500000.0,0.3448467159410753,0,0,0.0,3,E2,5,central_assign
3.658639733880111,6.383625205406592,5.298703513759847,8.463432518749595,3.5889504642674033,5.128019089133886,,,6.228703479958085,6.228703479958085,4.318169103494362,6.076983247382941,2.721452782717904,3.49561941548518,4.393540134616789,6.383625205406592,1.0,1.0,32491.15341102122,534209.4492904893,521325.49254426855,548,0.9758821998312972,12883.956746220842,0.02411780016870289,0.0,4.267365668098687,2.3277090307890376,6.078622284080211,4.31881395340119,3.658639733880111,36.696703988572,1771.8158010732568,879.6681935043234,0.49647835456229406,1012.0441152988642,0.03291129708717337,379.48659527376924,4,1,0,0,0.0,548,207.0,0.3794865952737692,397.79272174698815,261443.9897411512,793.2080856040895,500000.0,0.3543464513943057,0,0,0.0,4,E2,5,central_assign
8.024103599851681,15.59287798770251,23.010812978628234,72.93116468668708,17.28610586269026,56.248377562073436,29.7639592808567,54.35541662990954,,,4.979051333938296,7.821327436959635,4.624565381993207,4.994730981079556,22.45320653376127,15.59287798770251,0.8888888888888888,0.8596491228070176,43452.69323580841,547328.4080016714,547328.4080016714,573,1.0,0.0,0.0,0.0,6.027514321622815,2.383769373240284,10.500215714306437,6.585783534120425,8.024103599851681,91.00176297955038,1925.231149232361,946.8084045720523,0.4917894689941875,1110.7514008171756,0.03362373913204649,402.7876038496311,5,0,0,0,0.0,573,207.0,0.40278760384963114,378.9366394503248,233818.5605968696,887.0244820360355,500000.0,0.3369724136093028,0,0,0.0,5,E2,5,central_assign
4.192419562941877,6.029405796739162,6.269031122507578,14.033528187277085,7.9287545918249895,16.863317728735375,29.62635974086686,33.99393006558669,,,4.679214227712395,5.486645688152294,11.331492618358048,43.01232584386402,10.646005237451703,6.029405796739162,0.9642857142857143,1.0,31608.77227884693,533346.8920584851,533346.8920584851,565,1.0,0.0,0.0,0.0,5.061607772311621,2.334951347671904,5.770900425210676,5.579762454863066,4.192419562941877,67.5266322821396,1881.6572084392221,929.5146739735765,0.49398725219700396,1061.278938398808,0.033142510186293474,399.54932187899044,5,0,0,0,0.0,565,207.0,0.39954932187899045,388.8642690340009,248032.88298161584,836.177634306865,500000.0,0.36042524357139616,0,0,0.0,6,E2,5,central_assign
4.9627972012336485,5.868444234371202,20.15812088488906,74.00072429956182,2.9174188724871075,3.3760359566302895,7.1226543213132345,8.029036532206396,,,5.123527258650109,9.203631906837108,4.715671323562478,6.7612517227782645,12.606568749940342,5.868444234371202,0.972972972972973,0.9344262295081968,40773.60461111535,544565.4292464787,533094.6781879223,581,0.9789359543545969,11470.75105855638,0.021064045645403137,0.0,5.408361793873523,2.3736364972230604,8.720129034561069,5.1289338964361715,4.9627972012336485,56.261868530861754,1978.0217536956302,981.6108708399287,0.49625888542729085,1122.5942129331097,0.03455094262286498,396.1599976748957,0,2,0,0,0.0,581,207.0,0.3961599976748957,389.0418878362264,247068.7811643954,839.426814752759,500000.0,0.3360271899136187,0,0,0.0,7,E2,5,central_assign
7.121310707023785,26.403838627634318,21.18382102088509,71.24688157315354,7.761178652853265,7.019178050655912,5.527553861511365,5.613569331329359,,,4.886825581109168,6.650272131072787,2.6962143318247627,3.5671887933477366,12.235695581617215,26.403838627634318,0.88,0.9375,38363.5914215517,540361.5398106,526845.8481339897,560,0.9749876875372225,13515.69167661024,0.02501231246277737,0.0,5.241466301052271,2.31938793957994,7.020017733604352,5.080775244412339,7.121310707023785,57.11105924953994,1815.5542179153417,896.2395222499824,0.49364514339817617,1016.7464549201828,0.03155328964988194,348.84152911438935,5,0,0,0,0.0,560,207.0,0.3488415291143893,393.5664336418582,254147.86225741738,815.8590817462714,500000.0,0.3777792987273039,0,0,0.0,8,E2,5,central_assign
5.4441611612330005,12.815603471635951,15.387902243526534,35.38555041336035,13.065656425634225,34.92190581617116,36.533544192638146,36.533544192638146,41.86307707273545,52.048317768834295,4.751820303509736,5.803472613324381,4.423847533831391,5.655088629567127,14.907558458109094,12.815603471635951,1.0,0.9629629629629629,47374.080402398526,549779.8663554897,549779.8663554897,605,1.0,0.0,0.0,0.0,5.627874528049874,2.412099909459357,9.045669890065453,6.445921824040864,5.4441611612330005,80.23995753213534,2151.4025636315764,1063.9492326062657,0.4945374940942317,1268.5379209033742,0.04253516082859708,487.18507806701035,4,3,0,0,0.0,605,207.0,0.48718507806701034,377.4004793109412,234021.49697119748,886.615921030553,500000.0,0.34986003988407227,0,0,0.0,9,E2,5,central_assign
10.587261261955698,5.405830350104364,4.680057341103975,6.743313237541473,15.15705958294464,47.59884375244694,,,,,4.326577399447478,5.65499423958877,3.754922802563192,6.133098760723077,9.918558462024308,5.405830350104364,0.9285714285714286,0.9333333333333333,13819.243346008723,516514.44304295897,516514.44304295897,540,1.0,0.0,0.0,0.0,4.643993557053963,2.313437354875532,5.850632562128181,4.618920717716226,10.587261261955698,45.93586267666315,1723.0050029843496,854.646663075866,0.49602099912395253,985.1401095070905,0.03271324547660441,358.2100379688183,1,2,0,0,0.0,540,207.0,0.35821003796881834,401.4567507858104,264037.2811571508,785.3368627688319,500000.0,0.010592945288989908,0,0,0.0,10,E2,5,central_assign
6.316211962763798,15.926706571981413,15.248247448844268,36.26312353715103,5.223549958960257,10.780896260620738,,,7.606626892373242,7.606626892373242,4.704529302289517,5.80683586017417,3.0780377575657503,4.472145498461624,8.08774924178426,15.926706571981413,1.0,0.9714285714285714,26006.043708159235,531772.2574830158,531772.2574830158,543,1.0,0.0,0.0,0.0,4.838464977795785,2.3674187825199624,6.1806509434919015,4.8118549067272784,6.316211962763798,51.19371283998816,1722.9569666035243,853.9770020325515,0.4956461586594363,1000.271462058546,0.03024705000465858,335.79141255025115,4,0,0,0,0.0,543,207.0,0.3357914125502512,389.8958407381234,248359.47165948118,834.8213580387329,500000.0,0.34344879865005185,0,0,0.0,11,E2,5,central_assign
11.916433098496848,27.836616096921915,13.646724206552904,33.83473617319339,5.147470522705589,5.147470522705589,,,,,5.316960104991621,6.316289115864476,7.786504417709888,20.883649266033355,12.43254510886043,27.836616096921915,0.8571428571428571,0.8571428571428571,3605.0987133016765,503977.3460501888,503977.3460501888,521,1.0,0.0,0.0,0.0,5.534411575568678,2.3184243900950605,6.700976341866408,5.331067589782793,11.916433098496848,55.73354496631237,1589.9535137931553,791.4547947482163,0.4977848647033969,903.8012293526272,0.03264699797066734,370.71622347571747,6,1,0,0,0.0,521,207.0,0.3707162234757175,411.46832858400865,280117.43604949315,740.2992086034801,500000.0,0.33416016269157556,0,0,0.0,12,E2,5,central_assign
3.281946669201891,3.9325383442098185,5.399285969157795,10.142046777742234,6.1449012753618035,8.042578807903283,,,,,3.840473683287963,5.415618833207921,2.0788217299817573,2.361489698879086,5.73067054969291,3.9325383442098185,1.0,1.0,6216.486291594783,506496.9548278934,506496.9548278934,522,1.0,0.0,0.0,0.0,3.8476294225952903,2.314228977210803,5.524467739126794,3.867131895254579,3.281946669201891,26.428222455565813,1587.5747437659793,788.9508261362206,0.49695350044729486,890.7306062741812,0.031207667469463754,352.04954921764306,2,2,0,0,0.0,522,207.0,0.35204954921764303,409.3845926865946,275452.8231202927,752.7679230162225,500000.0,0.38975005072787744,0,0,0.0,13,E2,5,central_assign
8.292467576521075,19.718627407194294,9.644509875424022,20.311344120282456,8.063788741527897,15.213967166055227,6.658702110067225,8.644323774884787,,,3.8786940909015706,5.803197010380723,3.1353127685695688,5.524748991311482,8.154267443145466,19.718627407194294,0.896551724137931,0.967741935483871,58929.484502104126,566652.9292862886,566652.9292862886,576,1.0,0.0,0.0,0.0,4.3278017526973445,2.3342326026818228,6.609423574308721,4.306250146433206,8.292467576521075,44.433449997358935,1942.5118451592225,960.4663198305116,0.4944455408207741,1150.829015806223,0.030771356537001644,368.7390314427818,0,0,0,0,0.0,576,207.0,0.3687390314427818,365.95370519416196,217025.38106401448,955.5045498124324,500000.0,0.3585707659733102,0,0,0.0,14,E2,5,central_assign
11.347676434625939,30.768679278234057,16.894884449759275,65.63899905915923,7.089616674117968,5.538619173933512,14.228469680972596,25.501726287615398,7.351480570396916,8.802099723742277,5.677368416985099,8.497092358028754,5.293916468112212,7.490612445278397,13.65070883659104,30.768679278234057,0.8285714285714286,0.9324324324324325,64862.71277757866,573615.9384122626,573615.9384122626,603,1.0,0.0,0.0,0.0,6.510562577299057,2.3786484567754087,11.211074712264246,6.331994585177631,11.347676434625939,73.7017557994791,2167.2119160588873,1055.6287631539121,0.48709069719106723,1300.1939221522557,0.04031906288675338,461.4284536122773,4,2,0,0,0.0,603,207.0,0.4614284536122773,361.67305432246906,210299.3737092264,986.5052129944141,500000.0,0.33973116730885167,0,0,0.0,15,E2,5,central_assign
13.55492610138076,56.92317611427096,27.798643206862963,76.51054234176081,50.34186696951383,76.34609692577615,,,,,4.759057606480043,6.193957935642493,2.0425950175165704,2.529326696401404,35.31305112774659,56.92317611427096,0.8421052631578947,0.75,8440.199489225186,509188.49886297405,509188.49886297405,531,1.0,0.0,0.0,0.0,5.576304415006638,2.3107529106878246,7.184735443320278,5.134550344074312,13.55492610138076,57.62306868053652,1630.5126980972377,812.0025168826415,0.49800441163704245,920.2354823915813,0.029609053664407435,330.6316226456307,2,1,0,0,0.0,531,207.0,0.33063162264563073,407.1785440669186,275200.35433585464,753.3806855845077,500000.0,0.3556090635556243,0,0,0.0,16,E2,5,central_assign
4.146869189543922,8.16765431024105,4.991302664377388,9.186033952405888,14.50872992621089,31.383838524740625,,,,,4.304425420074385,5.873554211808733,3.159160003823982,5.460507935576061,8.956897356808014,8.16765431024105,1.0,1.0,10188.61735102234,511539.3687118152,511539.3687118152,538,1.0,0.0,0.0,0.0,4.380388989226973,2.2985962988318533,6.17158837114389,4.476625672184839,4.146869189543922,37.353980550203275,1663.025730494974,820.6809918207691,0.49348664712271534,956.0994900824667,0.03266040943301166,364.0439683118477,5,1,0,0,0.0,538,207.0,0.3640439683118477,405.37260013927505,270924.13266699563,765.3952489466554,500000.0,0.34229268536697327,0,0,0.0,17,E2,5,central_assign
4.777795243527773,11.35784128380674,5.378238760935256,7.221069673266806,5.898538226564112,7.936923823345932,14.92325516912812,24.6393303519053,7.061709114282166,7.061709114282166,4.487577773801179,5.652693130793297,6.17470473835204,12.476332667793018,7.477419097502676,11.35784128380674,1.0,1.0,68261.72443658626,572191.6285267603,561368.4124093493,574,0.9810846304318052,10823.216117411037,0.01891536956819503,0.0,4.72100917886286,2.377768810279804,6.496931122975368,5.183317420581241,4.777795243527773,51.46324104513367,1912.7171760476006,941.1121890998066,0.4920289318698447,1147.9038777295004,0.03816664075632634,426.73666047023596,1,3,0,0,0.0,574,207.0,0.42673666047023595,369.5019742386482,224207.03069540355,925.157146130131,500000.0,0.3741574395390656,0,0,0.0,18,E2,5,central_assign
10.048006042117354,31.3822173744833,12.675630709352681,5.604108761415229,19.137407433557986,52.76120926877156,,,,,4.4164160755655075,5.747956015056843,3.4299662297919116,3.432849651070706,14.956257788483967,31.3822173744833,0.8571428571428571,0.9130434782608695,37728.11627304937,538786.9281851918,526296.1270711955,582,0.9768168074231693,11490.801113996251,0.021327171304435642,1000.0,5.347086125784944,2.3722607383904233,6.292361471987446,5.093021766696637,10.048006042117354,55.99743773986017,2042.5199416093997,1008.3041962247768,0.49365696543960563,1167.5674860446177,0.03706156866725049,412.7674885796937,2,2,0,0,0.0,582,207.0,0.4127674885796937,394.09898120060006,255199.90173244235,812.7462670657145,500000.0,0.33763201445674945,0,0,0.0,19,E2,5,central_assign
4.383609058539581,6.354372576823063,5.098498824737044,8.01255457796201,18.948568083233067,42.515436196761044,8.70962334310616,8.70962334310616,5.794139536610601,5.794139536610601,4.032883088397395,5.66823635667065,3.8806606875934397,5.904015061991186,11.72226889845061,6.354372576823063,1.0,0.9743589743589743,42968.20466135957,546796.3875473237,534781.0123534314,558,0.978025869468912,12015.37519389233,0.021974130531088105,0.0,4.20031108894992,2.3350430371999664,5.864254660953793,4.348639365598491,4.383609058539581,34.19118259407701,1773.113352899723,877.4291026210914,0.49485223332516054,1020.357666191994,0.035589412311602696,414.06820459738583,4,2,0,0,0.0,558,207.0,0.41406820459738586,387.8486023500017,249953.15444275978,829.811764796495,500000.0,0.3481348405253815,0,0,0.0,20,E2,5,central_assign
4.346850382685477,7.754405696341576,4.132663371622948,4.741100258637016,3.938499543591888,4.9576391068566865,5.668017614334531,5.668017614334531,,,4.8091378422902,6.037366641027757,3.0460570198366543,4.527893709006821,4.276041694954131,7.754405696341576,1.0,1.0,17327.275816339392,522341.9832740221,522341.9832740221,537,1.0,0.0,0.0,0.0,4.754429749603301,2.2713600941838195,6.010580192783165,4.930167257360348,4.346850382685477,55.86585733081491,1692.8369302839426,841.5511070979227,0.4971247330696925,932.1884102907261,0.02864782490909443,313.693682754584,1,1,0,0,0.0,537,207.0,0.313693682754584,396.892649492425,262144.52785193763,790.8373879917411,500000.0,0.006687583501594263,0,0,0.0,21,E2,5,central_assign
7.755378689287454,26.900485324822245,21.71383326866253,48.922450456821934,8.05957508187358,18.497253881046163,5.351520597516583,5.351520597516583,,,5.2348728789434915,6.30891064820382,5.95635962185381,9.643338437006427,13.523178119339226,26.900485324822245,0.8333333333333334,0.9583333333333334,19226.136203616657,520041.7500651535,520041.7500651535,533,1.0,0.0,0.0,0.0,5.490405924525235,2.3258259313324743,8.649613992162633,5.29531179767506,7.755378689287454,52.782512614546185,1648.714127784758,811.610432241246,0.49226874360065104,956.0486260569522,0.03470067289702871,383.3053756706472,6,2,0,0,0.0,533,207.0,0.3833053756706472,398.78203115363067,264838.0102159574,783.0571797702439,500000.0,0.33842710601025416,0,0,0.0,22,E2,5,central_assign
4.199787784799443,7.361029795371997,5.950573099034828,8.941489105975965,12.276639174031496,22.316296835211183,6.182316768950116,7.432617605196574,,,4.715563205484412,5.785240071601129,5.227424356166662,9.119918481922696,8.147957515924388,7.361029795371997,1.0,0.9852941176470589,44840.47463850063,546785.5630729868,534074.9817859603,584,0.9767539925238847,12710.581287026522,0.023246007476115223,0.0,4.865587130153866,2.375585508031463,6.851295956115027,4.968336961036022,4.199787784799443,56.251467853648215,2047.7318164626888,1008.9789301842983,0.4927300157533508,1132.3424478260492,0.033995419452043145,412.6510849778188,2,1,0,0,0.0,584,207.0,0.4126510849778188,388.35867276797853,247199.5545505507,839.0494532325838,500000.0,0.3228698170610856,0,0,0.0,23,E2,5,central_assign
21.938063679207403,45.06000517517241,33.06529725354835,62.86727636410406,27.047758855279326,59.47967140225792,53.927231592108,58.514006457775395,,,4.3811271866479755,5.365757717233602,2.7675788106513814,3.365643232671937,32.23636545972822,45.06000517517241,0.5263157894736842,0.7941176470588235,34421.87232108315,535140.8176419535,523443.16914699145,543,0.9781409899799709,11697.648494961977,0.021859010020029008,0.0,5.7381961223217575,2.3476002801862705,6.186355729269054,5.866647385519606,21.938063679207403,68.67090824978061,1711.6306481377894,844.9270984322442,0.49363868270967415,953.6314789962321,0.03301508436337708,361.51517377897903,3,2,0,0,0.0,543,207.0,0.36151517377897907,396.1490518859908,258030.3538804361,803.6322551022985,500000.0,0.0859532919873327,0,0,0.0,24,E2,5,central_assign
2.679701095303244,2.679701095303244,,,,,,,,,4.856299090989705,5.971047756958161,,,,2.679701095303244,1.0,1.0,209.99028817615883,500209.99028817617,500209.99028817617,501,1.0,0.0,0.0,0.0,4.851954584012287,2.2861744195397478,5.969591206412588,4.855385345864193,2.679701095303244,46.21937229037725,1461.200530283571,729.2803939720682,0.49909672139972383,844.3293168081681,0.03017036763636547,330.3655256182019,5,1,0,0,0.0,501,207.0,0.33036552561820187,414.48665470710216,284077.2468824876,729.8379852694898,500000.0,0.006525313581302372,0,0,0.0,25,E2,5,central_assign
5.578988939877201,7.420507520539104,8.408234564091495,18.355080731170347,8.045295805793232,18.09957178490331,,,,,4.544269971847842,5.882182189528705,3.2930950250258775,5.014320881790173,8.212806001930893,7.420507520539104,1.0,1.0,8275.236379187336,508449.34756596206,508449.34756596206,528,1.0,0.0,0.0,0.0,4.64667182270412,2.336999122666157,6.683777378879814,4.598455516622272,5.578988939877201,38.71506437594793,1638.2805832436864,818.4483392718556,0.49957763501742936,965.3331294627304,0.03381622204440227,374.8738463854445,6,1,0,0,0.0,528,207.0,0.3748738463854445,407.8574883400403,274114.39011144906,756.526768850301,500000.0,0.3702293089833965,0,0,0.0,26,E2,5,central_assign
3.620090811262909,6.38947545177148,4.794969766485629,7.394053236863738,15.393505068645633,37.58071453598677,,,,,5.17771241312291,8.03962092838665,6.754789492485472,13.916093438185733,9.33719918169706,6.38947545177148,1.0,0.9642857142857143,12370.949722949961,513597.1255335828,513597.1255335828,536,1.0,0.0,0.0,0.0,5.269210041796227,2.32767343972273,8.085066276502403,5.395372082204736,3.620090811262909,60.87997855759449,1695.1304004247556,840.1845581173734,0.4956459738477022,966.762550890444,0.030630000698086995,351.4310602827516,5,0,0,0,0.0,536,207.0,0.3514310602827516,403.72389320688393,268182.04040745547,773.1741870009217,500000.0,0.38156963183787457,0,0,0.0,27,E2,5,central_assign
10.688373353569624,28.448936877139204,9.402447208690955,17.37064017571128,26.95789502148683,71.7599673113505,10.518383178833048,14.321466370693482,8.57212640087738,8.57212640087738,4.74986345048897,5.469845896254448,6.063509408130699,14.05584267899246,16.12523213475717,28.448936877139204,0.75,0.9642857142857143,26590.43369586375,528937.8456762048,528937.8456762048,537,1.0,0.0,0.0,0.0,5.248186445641263,2.3342339200326023,5.968627449577708,5.449625592462474,10.688373353569624,59.839357927269816,1708.0649154181483,847.8368289287159,0.4963727205421572,985.6287220755884,0.03304787402701818,375.10581629275873,2,2,0,0,0.0,537,207.0,0.37510581629275874,392.05949718190465,251761.7800713349,823.6957403047217,500000.0,0.35987840253911835,0,0,0.0,28,E2,5,central_assign
3.7488389595719562,5.197511724459588,6.3827343454014915,16.129300740737563,13.648814266146191,44.330955471916496,56.77699085690108,75.57149314739009,26.948878311146547,56.60459329286496,5.414636434999014,6.623944286294865,6.467994800098779,17.828815191404534,13.165415337742566,5.197511724459588,1.0,0.9324324324324325,77164.28456252046,584688.0408818187,584688.0408818189,599,1.0000000000000002,0.0,0.0,0.0,6.109967424366668,2.4106614059201092,9.755462062642462,8.28394100442862,3.7488389595719562,129.02069836832817,2135.3278514503413,1054.718994347343,0.49393773121582457,1242.746572373817,0.03861123301314149,454.69154328050405,2,2,0,0,0.0,599,207.0,0.45469154328050404,354.8126129455291,210855.0822721267,983.8733281066582,500000.0,0.33715812923352323,0,0,0.0,29,E2,5,central_assign
2.0705361610386355,2.4820641782353956,3.611244679505253,3.4888691817423023,2.696198340675162,4.169552715478176,,,,,23.283999759406722,28.895018437183445,4.644175187357462,11.495840005034097,3.322282677769435,2.4820641782353956,1.0,1.0,13968.57625752051,515078.73700219905,515078.73700219905,554,1.0,0.0,0.0,0.0,21.31029250091487,25.704708293036674,28.811769232597726,22.678179202714645,2.0705361610386355,429.51516791399456,1780.7960545732678,884.6656466984488,0.49678100107338863,985.2902753985934,0.030461677533880828,352.904488512792,3,0,0,12,102.4925070669722,536,207.0,0.352904488512792,402.5654518284406,267409.8901693402,775.4122495514446,500000.0,0.3666483147840685,0,7,27.986440436218945,0,E2,5,marketplace
2.4506482383385824,3.682174166529512,3.3798045432138983,3.856809707903949,4.446788411955867,5.739475942319951,11.705828672179754,20.1393092017237,,,23.478508227496544,29.313524265155273,3.751405634504116,5.519366636115501,5.545018238257285,3.682174166529512,1.0,1.0,22776.714596747763,525519.2910413912,524519.2910413912,535,0.9980971202826477,0.0,0.0,1000.0,22.16154284836072,25.70470829303963,28.972819365854594,22.687012233234448,2.4506482383385824,431.56620611536795,1681.2121227514442,845.5587771227056,0.5029459196016728,963.5228918714919,0.03101167849461826,348.7922793515229,4,0,4,19,0.0,509,207.0,0.3487922793515229,395.3120425135881,255407.81974273626,811.8341579682526,500000.0,0.3885545062960956,0,8,25.191405714710314,1,E2,5,marketplace
13.384272851022915,52.43470646064241,8.215264970242771,14.837135565105836,7.462305205366647,13.33280851601512,4.724169815304435,4.763271150264086,,,22.65171852123333,28.811769232597726,7.865055980045492,10.960266073355342,7.4965181640469325,52.43470646064241,0.8636363636363636,0.9210526315789473,29310.196036041838,532277.3226155266,516873.34282247716,548,0.9710602365748803,14403.979793049497,0.02706104352195697,1000.0,21.540367611721148,25.704708293036674,28.811769232597726,22.122199624832,13.384272851022915,421.215736048504,1705.383329047913,844.8900494399429,0.4954253011911585,957.3028363864952,0.03212131280174714,392.67627403178057,4,0,1,19,0.0,525,207.0,0.39267627403178057,401.2446746460706,263954.7263439054,785.7130620340581,500000.0,0.3934250881706234,0,8,20.344701396972347,2,E2,5,marketplace
3.3132957992793903,5.876677713125901,5.216449562135285,11.409264892318063,5.992317038460442,13.078595942571473,24.55243582804178,24.55243582804178,53.04494901963517,53.04494901963517,24.024028908943606,28.972819365853866,4.643372239968325,10.235143410239294,6.345393771683537,5.876677713125901,1.0,1.0,28096.063942230638,531327.860284328,530327.860284328,561,0.998117922897051,0.0,0.0,1000.0,21.98669846674845,25.704708293039516,28.81176923259909,23.653989989769553,3.3132957992793903,464.50053194422117,1866.148090169385,917.454991135067,0.4916303245000198,1023.2480201836235,0.03208682229442655,408.63975348651,3,0,3,14,0.0,545,207.0,0.40863975348651,391.09512300991923,249557.463198882,831.1057385135965,500000.0,0.33686245608748583,0,4,11.179989173125865,3,E2,5,marketplace
3.272214551003673,5.982461980018889,4.829749116334483,7.8188074815539945,2.712325841679002,3.1912030147092088,,,78.12752061520246,136.53605890461154,24.49655841395653,29.255463601999068,5.048437984073066,5.2617572738364755,3.7087603238698166,5.982461980018889,1.0,1.0,32491.15341102122,538255.453584505,538255.4535845051,550,1.0000000000000002,0.0,0.0,0.0,22.894750417137224,25.704708293036674,28.972819365853912,26.778038214570817,3.272214551003673,517.6645683981275,1733.4366025776947,867.201670778893,0.5002788504000244,942.5757481906902,0.033291227843158015,391.2690967751548,6,0,1,19,4046.004294015581,524,207.0,0.3912690967751548,385.30268056859563,249495.70190500712,831.2418511150834,500000.0,0.37398318146406195,0,12,33.102881628561114,4,E2,5,marketplace
7.438346275908943,11.258103236943889,8.203978818182659,19.42449661577726,9.270260705501949,25.83152982657666,29.27081749286678,54.04262756152548,,,23.61068628327203,29.33087804323768,3.414338930207556,7.095360532367977,12.772773848892578,11.258103236943889,0.9259259259259259,0.9298245614035088,43452.69323580841,547328.4080016714,546328.4080016714,572,0.998172943363837,0.0,0.0,1000.0,21.713951823692977,25.382608026528942,28.972819365854775,23.445532476860052,7.438346275908943,461.88718826028713,1829.460150872181,898.1097446793485,0.4909151720255736,1041.2619347888897,0.033483020054259315,395.84019688826237,5,0,0,22,0.0,543,207.0,0.39584019688826233,379.617528869657,234030.34831893732,886.1920758851692,500000.0,0.3827294227733626,0,8,18.766510338509438,5,E2,5,marketplace
2.5230844294632635,3.8414839936979437,4.860475960693258,7.947497090326216,4.197092462477973,7.85049484157676,32.35122322221804,39.152079217506504,,,24.360105707878752,29.87307100904919,5.445627911183028,9.470170627984595,9.248780317301263,3.8414839936979437,1.0,1.0,31608.77227884693,533346.8920584851,533346.8920584851,565,1.0,0.0,0.0,0.0,22.20081966092913,25.70470829303963,29.778070032130927,24.01249050046609,2.5230844294632635,462.8653961170958,1835.065725635911,925.6260672029771,0.5044103076374646,1029.1780688119834,0.0336971868914056,389.95782012826425,5,0,0,20,0.0,533,207.0,0.38995782012826424,388.84628542540855,248021.41233069525,836.177634306865,500000.0,0.4143794545867833,0,10,34.69280547088866,6,E2,5,marketplace
4.156640809667695,6.048402105854166,15.711188238365484,56.2203190180493,2.3043640538892967,2.525976828063057,6.063349301183067,6.718543137484451,11.838310601135902,11.838310601135902,23.978217978593193,29.837231829892595,3.139356175269589,4.455033760785916,9.879642591088379,6.048402105854166,0.972972972972973,0.9508196721311475,40773.60461111535,544565.4292464787,543565.4292464787,581,0.9981636733690867,0.0,0.0,1000.0,21.395289737639168,25.704708293036674,28.972819365853866,22.516853030232674,4.156640809667695,449.86198583241435,1901.5995310818987,940.4232103710284,0.49454324898575397,1054.5543970466815,0.031403481057553785,380.6891378326727,1,0,1,15,99.38937189467718,559,207.0,0.38068913783267266,381.5192762080465,238690.49988020526,868.8267410806611,500000.0,0.36909100006622947,0,9,25.38464609111371,7,E2,5,marketplace
4.057661658969341,10.675146294068513,8.991542462391152,18.5124667473708,6.331162455104847,21.78268976605274,5.016140661867894,5.018809284742156,,,23.78942831668601,29.33601025198592,6.176194509884842,4.813738966824485,7.142162301705566,10.675146294068513,1.0,1.0,38363.5914215517,540361.5398106,526845.8481339898,560,0.9749876875372228,13515.69167661024,0.02501231246277737,0.0,21.84739244084837,25.70470829303963,28.972819365853866,22.887851308844063,4.057661658969341,440.4269972163557,1753.868305053821,870.7469349026848,0.4964722450332234,983.3766400708737,0.03297371948370077,381.82970474742785,5,0,0,17,0.0,538,207.0,0.38182970474742783,393.62904811580694,254188.29592589158,815.8590817462714,500000.0,0.41474792051655224,0,14,43.301198525779085,8,E2,5,marketplace
5.818094879992986,12.95555132952145,6.090234874272009,15.239382974414047,5.637550077094273,10.783074033757522,36.08419072951983,36.08419072951983,41.101748138852145,51.03419246237836,23.450025534132227,28.974883277469964,4.0583044178583085,5.5934091747244565,6.598272769761511,12.95555132952145,1.0,1.0,47374.080402398526,549779.8663554897,548779.8663554897,604,0.9981810901759116,0.0,0.0,1000.0,20.493149452884182,25.382608026528942,28.39306245991275,23.064802337535124,5.818094879992986,460.5211813401822,2035.2491178920106,999.0686072409025,0.49088271232156483,1183.1522260816928,0.03643799235184943,457.1554495367533,4,0,2,24,0.0,571,207.0,0.4571554495367533,378.0334669113931,234207.51455022846,885.7835148796868,500000.0,0.3852731295646287,0,12,31.97786765181477,9,E2,5,marketplace
2.255321545161288,2.4544228129545447,4.2094377072941995,7.053902860730363,5.620095667489039,10.274981424893209,,,,,23.034489944875947,28.811769232599318,3.180677524936141,4.871471088371775,4.914766687391619,2.4544228129545447,1.0,1.0,13819.243346008723,516514.44304295897,516514.44304295897,540,1.0,0.0,0.0,0.0,21.59122688207011,25.704708293039516,28.811769232597726,22.453680204472526,2.255321545161288,427.430596989955,1667.755122309542,829.283828635056,0.4972455593400586,917.6788231997579,0.02798328792458262,315.04131008651996,1,0,2,18,0.0,518,207.0,0.31504131008652,401.3731737852758,263982.31273540866,785.3368627688319,500000.0,0.36102333905178624,0,9,24.947560200297236,10,E2,5,marketplace
6.19523655151951,15.487674115822301,8.339612141673797,16.146526323644416,5.812455853269489,8.24148453176007,,,7.552558473439603,7.552558473439603,23.559522151424584,28.972819365853912,3.124464243634228,4.517128374656022,6.534500507099291,15.487674115822301,0.9523809523809523,1.0,26006.043708159235,531772.2574830158,531772.2574830158,543,1.0,0.0,0.0,0.0,22.156110236781718,25.704708293036674,28.94060933920264,22.565341305827197,6.19523655151951,430.75004350253323,1640.2542098847339,816.1136401678348,0.4975531446587086,935.6163840816013,0.02993091712783692,345.86319867129407,3,0,0,20,0.0,512,207.0,0.34586319867129406,389.9147807749141,248371.53625991818,834.8213580387329,500000.0,0.3766229997412068,0,7,21.755744656661108,11,E2,5,marketplace
11.602531615069633,29.245130384302886,18.55865381805283,43.3964710902402,4.995980005050114,4.995980005050114,,,,,24.237571765681476,31.072389008008404,2.4400510419471044,3.6467764265893496,16.62112898762387,29.245130384302886,0.8571428571428571,0.8571428571428571,3605.0987133016765,503977.3460501888,503977.3460501888,521,1.0,0.0,0.0,0.0,23.6726139430964,25.704708293039857,31.02409201561386,24.10274576181569,11.602531615069633,445.5812925711051,1505.5105234343291,746.1116329432471,0.4955871256490707,855.2442426303135,0.030006663142770076,342.9183037079884,5,0,0,20,0.0,495,207.0,0.3429183037079884,411.4131715020771,280079.88647569285,740.2992086034801,500000.0,0.39672003302794884,0,2,5.908785513585686,12,E2,5,marketplace
2.506526562123656,4.336806901857493,3.234318318252464,4.878364672661701,5.122915770916279,6.00105370870092,,,,,23.050912867128353,28.972819365853866,2.452918581063983,3.858154202847493,4.073694963880826,4.336806901857493,1.0,1.0,6216.486291594783,506496.9548278934,506496.9548278934,522,1.0,0.0,0.0,0.0,22.21156416406401,25.70470829303963,28.972819365853866,22.81796913537054,2.506526562123656,427.03476481639683,1549.9308590482324,774.8502897546588,0.4999257129640427,881.5138944298895,0.027501478900834934,310.50714371091055,3,0,0,15,0.0,505,207.0,0.3105071437109106,409.3025736238722,275397.63691450923,752.7679230162225,500000.0,0.36094038944456236,0,5,13.264047713570447,13,E2,5,marketplace
8.342895855385207,23.841152000377768,8.149841584978661,13.537164342926145,7.076314160233061,10.785727401671465,5.598540772079986,6.260903690555369,,,22.86985773683051,28.972819365853866,2.855520140202121,4.604215810605456,7.010846272884145,23.841152000377768,0.896551724137931,0.9516129032258065,58929.484502104126,566652.9292862886,566652.9292862886,576,1.0,0.0,0.0,0.0,20.743416765953878,25.382608026528942,28.811769232598408,20.933039608470285,8.342895855385207,429.84936701995866,1872.0121026475254,930.8839191149232,0.4972638359540542,1089.480186148346,0.030785759761768304,369.79496958386784,0,0,1,23,0.0,551,207.0,0.3697949695838678,365.95556865958594,217026.48617454627,955.5045498124322,500000.0,0.3744400971400938,0,6,18.255972431987228,14,E2,5,marketplace
10.362129722258533,38.95879406211971,14.991214998465564,38.11166489157495,5.7645944128978295,12.849609973797214,5.753063021697861,6.660540946378023,7.143042659128923,8.176248719180558,24.409459535299767,29.004672619616994,4.175774935432797,6.94208837345596,10.730704991321486,38.95879406211971,0.8285714285714286,0.972972972972973,64862.71277757866,573615.9384122626,573615.9384122626,603,1.0,0.0,0.0,0.0,21.746158890821583,25.591524170120465,28.97281936585432,22.124161082832504,10.362129722258533,455.817965998975,2071.771049052552,1022.5585691573777,0.49356736094222725,1218.0412571109177,0.0372635088444347,483.733052169091,5,0,2,20,0.0,567,207.0,0.483733052169091,361.7119385254055,210321.98342102824,986.5052129944141,500000.0,0.3889337123969468,0,10,28.657829774929304,15,E2,5,marketplace
4.887659406571334,14.479178295617384,8.149493716340151,17.43374288554878,34.01967026822209,65.23908835396979,,,,,23.88462868129657,28.972819365853912,2.959320575187197,3.9671929699394695,16.7728859003008,14.479178295617384,1.0,0.9642857142857143,8440.199489225186,509188.49886297405,509188.49886297405,531,1.0,0.0,0.0,0.0,22.966127691528076,25.70470829303963,28.972819365853866,23.622132386179864,4.887659406571334,445.8607977345572,1556.4947323449485,774.2885918849062,0.4974566092609874,869.2021344588667,0.027429872813476582,321.3060151095408,1,0,1,17,0.0,504,207.0,0.32130601510954077,407.1602294200699,275187.9759888722,753.3806855845077,500000.0,0.37313431396718827,0,4,12.984768772447051,16,E2,5,marketplace
6.579922436558214,11.633884945971657,3.9414563776063005,6.34581459105757,3.934788512062221,5.198242028367235,,,,,23.552909816874095,28.81176923259909,3.252733196212799,4.8137389668245305,3.938678100296267,11.633884945971657,0.9333333333333333,1.0,10188.61735102234,511539.3687118152,511539.3687118152,538,1.0,0.0,0.0,0.0,22.22713373112884,25.70470829303963,28.811769232597726,23.122643413243015,6.579922436558214,437.43130635847785,1624.4726586737174,804.643382375433,0.49532590042628055,908.0118199351197,0.03050800182340619,357.3122700969311,5,0,0,14,0.0,522,207.0,0.3573122700969311,405.3594404518166,270915.3376055889,765.3952489466554,500000.0,0.37664369062938974,0,6,15.283995087390362,17,E2,5,marketplace
4.092012096165174,6.2965545228415065,5.4474012922510155,7.565242525127445,4.302794030719936,6.210268317580085,8.840409691260598,16.056121004371107,6.202531654856557,6.931503624413653,23.250043750873147,28.972819365853866,6.022402069593909,9.46030108739188,5.550270371963639,6.2965545228415065,1.0,1.0,68261.72443658626,577118.2182746406,576118.2182746406,575,0.9982672527597732,0.0,0.0,1000.0,20.87095581935646,25.382608026528942,28.811769232598476,21.051380993694192,4.092012096165174,436.7356265836578,1885.5201906649331,933.670818308932,0.495179432674052,1087.016300866895,0.03234333751430421,395.57164483429335,2,0,4,20,0.0,551,207.0,0.39557164483429336,359.9878723952572,214731.8960785508,965.83495713635,500000.0,0.35687670782104625,0,4,9.467739574218374,18,E2,5,marketplace
9.819299704503075,35.80854814767081,5.83818977884988,7.2283021708975,9.848907359680444,29.218179789552053,,,114.13478743119595,114.13478743119595,24.28545452309105,29.778070032131133,3.8536629096405073,6.633736609513929,7.253737160319491,35.80854814767081,0.8285714285714286,0.9855072463768116,37728.11627304937,538786.9281851918,536786.9281851918,582,0.9962879574552103,0.0,0.0,2000.0,22.083410607859065,25.382608026528942,29.77807003213154,25.544611257056225,9.819299704503075,495.54346724418036,1937.4135290336724,962.1944393537345,0.4966386498981713,1071.75206823331,0.035109439779958576,421.2196427147266,2,1,2,19,0.0,543,207.0,0.4212196427147266,386.41257592464007,243366.26817090155,852.3006133991225,500000.0,0.3481403900170907,0,13,34.46331975024019,19,E2,5,marketplace
5.044287036938097,10.253718906725862,5.475942466273295,8.095482255990987,4.693933197564365,5.3507600914026625,7.597944494584681,7.597944494584681,7.993984659122418,10.533077766998042,23.018674290781266,28.811769232599136,3.066125406429958,4.669195515163051,5.313392983070272,10.253718906725862,0.9642857142857143,1.0,42968.20466135957,546796.3875473237,546796.3875473237,559,1.0,0.0,0.0,0.0,21.073707928215846,25.704708293039573,28.811769232597726,21.614690196217364,5.044287036938097,429.1511624451397,1739.6487909821012,864.6802172680074,0.4970429788761333,988.8587169767736,0.03150344105633094,380.2966926322499,4,0,2,17,0.0,538,207.0,0.3802966926322499,379.26420403551776,242039.15759367528,856.8047366979073,500000.0,0.36726771825996885,0,4,12.085422435788498,20,E2,5,marketplace
4.902294311309111,10.272912737426493,3.2460404566067154,3.6806715899593656,3.2581535382323636,4.251186690629038,4.820118274277775,4.820118274277775,,,23.481083975878917,28.972819365853912,3.2852308833484027,4.562540942223495,3.44582845422201,10.272912737426493,0.95,1.0,17327.275816339392,522341.9832740221,522341.98327402206,537,0.9999999999999999,0.0,0.0,0.0,22.152181712755223,25.70470829303963,28.972819365853866,22.789117928245023,4.902294311309111,441.00149341347844,1665.6014353076912,834.8275508738595,0.501216877685771,904.3687010989703,0.027467317125868557,319.91910760711954,1,0,0,13,0.0,518,207.0,0.31991910760711956,396.90456778552016,262152.3997924238,790.8373879917411,500000.0,0.34823748262622506,0,9,25.308207281600097,21,E2,5,marketplace
4.870621171823662,12.405762915333073,11.645922395761726,25.09086171117906,5.309324704458352,12.318012202655154,4.675293146604872,4.675293146604872,,,23.656732848117986,28.972819365853866,5.603523639629758,12.817691217894572,7.896737779346968,12.405762915333073,1.0,1.0,19226.136203616657,520041.7500651535,519041.7500651535,532,0.998077077465656,0.0,0.0,1000.0,22.572085923649606,25.704708293039516,28.82796472713383,22.941524484632644,4.870621171823662,427.8918145852861,1543.6878436969478,760.1665278808092,0.49243539163999717,892.7081615026455,0.03261691108593277,378.8330115119934,5,1,0,19,66.95580926203557,499,207.0,0.37883301151199333,399.5417189185272,265114.1206535353,782.2247736193776,500000.0,0.33468651255604726,0,3,8.544387343355774,22,E2,5,marketplace
3.4220611908341563,6.0277576482663795,4.738915604884967,8.329105334128872,5.682021920156527,8.752335613554168,5.252203588423285,6.129757111263141,6.547612990429059,6.547612990429059,23.20653070492772,28.972819365853866,3.0643486661434416,4.277988585787483,5.099523850395044,6.0277576482663795,1.0,1.0,44840.47463850063,546785.5630729868,546785.5630729868,585,1.0,0.0,0.0,0.0,20.410579696096704,25.467722731671486,28.126844590263868,21.67771424319506,3.4220611908341563,429.72523089438596,2013.4032609369544,997.2568643097175,0.49530905390787705,1089.324477525987,0.03269094193231117,411.6022675039916,2,0,3,21,0.0,559,207.0,0.4116022675039916,379.3289660060355,239062.46068714914,867.6042305903255,500000.0,0.36386999090039396,0,7,16.682451798064857,23,E2,5,marketplace
25.617480524374443,53.10181584297242,37.68833406995964,53.606710173294054,27.639247131794694,60.116005222782405,101.60291150903959,131.24262311203728,124.13542559379493,124.13542559379493,23.179867266164397,28.972819365853866,2.8898962350839006,4.465416594975613,40.180825565604664,53.10181584297242,0.631578947368421,0.6764705882352942,34421.87232108315,535140.8176419535,535140.8176419535,544,1.0,0.0,0.0,0.0,23.583681320292158,25.704708293039857,31.18945681797977,26.828577228507058,25.617480524374443,529.3028374237269,1644.7968200876965,818.8257317553282,0.49782789081004575,936.4391924407624,0.03328967312339344,374.66330314167783,4,1,2,20,0.0,511,207.0,0.3746633031416778,387.5141952671788,249875.65259081437,829.9114425635119,500000.0,0.39818312417913254,0,10,33.29403674270909,24,E2,5,marketplace
26.55032401706285,26.55032401706285,,,,,,,,,23.93243773222446,28.972819365853866,,,,26.55032401706285,0.0,1.0,209.99028817615883,500209.99028817617,500209.99028817617,501,1.0,0.0,0.0,0.0,23.93766305415029,25.704708293039857,28.972819365853866,23.93353673205661,26.55032401706285,436.25519866406967,1410.0202616361225,709.6693201499992,0.5033043421138726,799.8735793955925,0.02880369802461553,314.99936736515957,6,0,0,17,0.0,480,207.0,0.31499936736515954,414.45593529215364,284056.19267790637,729.8379852694898,500000.0,0.11298581764967475,0,2,6.686917343769473,25,E2,5,marketplace
6.333013342108106,12.97030311807248,6.749977035247563,14.809523018712753,8.019386638115261,20.34798745530934,,,,,23.372576364563173,28.81176923259909,4.0093071057167435,5.3395177123869875,7.433505282945554,12.97030311807248,1.0,1.0,8275.236379187336,508449.34756596206,507449.34756596206,527,0.9980332357494661,0.0,0.0,1000.0,22.476758158977937,25.70470829303963,28.811769232597726,23.11385933438801,6.333013342108106,425.17600791663517,1535.0356448416298,762.9466813914112,0.49702212711166366,885.9121827777489,0.03078543632884038,346.33762664796967,5,0,0,19,0.0,503,207.0,0.34633762664796963,408.6049940180395,274378.568719212,755.6943626994347,500000.0,0.4336673566319873,0,3,10.349166942676964,26,E2,5,marketplace
3.2101739973918555,4.490489874186506,9.280566890232457,18.238590015651923,4.769364968034172,7.768201609406333,,,,,23.918850829259743,28.97281936585432,6.5239058449189145,14.161239357898348,7.347194637861763,4.490489874186506,1.0,1.0,12370.949722949961,513597.1255335828,512597.1255335828,535,0.9980529486044901,0.0,0.0,1000.0,22.683179385894416,25.7047082930396,28.972819365853866,23.39930629756969,3.2101739973918555,438.8131681985772,1661.8490485723235,829.8688167043404,0.4993647391845076,903.046995327655,0.03125534174056834,373.3727239918254,5,0,2,17,33.50503363981419,510,207.0,0.3733727239918254,404.5543027736033,268499.48800614197,772.3417808500554,500000.0,0.39204397437810795,0,9,27.827007544480402,27,E2,5,marketplace
11.368013074556993,40.376889217336256,9.41047504520657,19.337966429855253,12.303806821645574,31.039385032902118,5.1634388386792835,5.713915834987043,7.903489301740194,7.903489301740194,24.022543226188553,28.81416008232809,4.035681341533589,5.866409842682719,9.964594935555287,40.376889217336256,0.8333333333333334,0.9285714285714286,26590.43369586375,528937.8456762048,527937.8456762048,536,0.9981094186998066,0.0,0.0,1000.0,22.991208368965797,25.70470829303963,28.817746356921248,23.23867874116112,11.368013074556993,452.71614239987747,1668.900055787161,819.4925517880846,0.49103752435406267,922.318506757606,0.028985181022893325,347.6694255528047,2,0,4,16,0.0,516,207.0,0.34766942555280467,392.75015254868356,251983.11896928423,822.8633341538552,500000.0,0.3616390370812497,0,3,8.544387343355776,28,E2,5,marketplace
3.120748558938658,5.841939682142083,7.752307343548536,20.13400609184606,3.7916838390424012,5.499826257547824,16.067391473493256,29.28175575824471,10.323623225348229,18.03582783592383,24.134674242526707,29.390918246632072,5.379182692214721,9.54737260973662,6.291688349417014,5.841939682142083,1.0,1.0,77164.28456252046,584688.0408818187,584688.0408818187,599,1.0,0.0,0.0,0.0,21.03470870362695,25.382608026528942,28.811769232597975,21.902101681746647,3.120748558938658,461.00408553818266,2051.4667953155395,1005.5330067068961,0.49015319624134274,1147.8130289629546,0.034726461360298125,436.74344879160344,2,0,5,23,0.0,567,207.0,0.43674344879160343,354.781916072609,210836.83999034492,983.8733281066583,500000.0,0.36150947246295057,0,7,25.77629716849071,29,E2,5,marketplace
5.806249510463572,14.951086114212695,8.707855898916026,19.378189966209494,13.609069100080129,18.77309011834791,,,,,12.649729576310724,48.2992409304254,13.67403815442297,35.73506464361844,9.626833374134296,14.951086114212695,0.9565217391304348,1.0,13968.57625752051,514733.05309149995,511168.69032125414,549,0.993075317878193,0.0,0.0,3564.362770245745,12.2935851410317,1.76912734634152,45.88054959698321,12.590056753400745,5.806249510463572,638.0769850847415,1782.2134941036159,876.9395646952349,0.49205079391248885,904.7348860455849,0.020756550276583657,336.0838569075149,2,0,0,0,0.0,549,252.0,0.3360838569075149,493.6454220197287,330447.020174594,763.6203943481892,500000.0,0.6352821098055177,0,0,0.0,0,E2,6,inhouse
5.81964958599193,13.940272180880548,9.001321202253772,18.183417049369837,5.300633609938283,5.769971101649117,23.300238987462308,35.14023396797029,,,13.095150715368673,49.95906788514941,3.228864229940973,4.317033602310221,10.59184600166019,13.940272180880548,1.0,1.0,22776.714596747763,523156.8520526396,516237.90470122895,530,0.9867746215608881,0.0,0.0,6918.947351410646,12.757934111426774,1.76912734634152,48.162389128458386,13.07735776374512,5.81964958599193,1580.7288096519944,1655.2871630907068,820.0453369438815,0.4954097121207146,820.0789171850032,0.023676295118189822,349.8679099690152,3,2,0,0,0.0,530,252.0,0.34986790996901523,488.8247562061831,322873.42199063266,781.5752264591488,500000.0,0.6938518913444031,0,0,0.0,1,E2,6,inhouse
22.006981920824426,104.6697767456917,10.210411444446692,20.16070161888417,24.792576058638435,60.96659640739608,,,,,12.57427881166896,44.56867745555423,19.671322182540074,52.973834577954484,16.45991056481458,104.6697767456917,0.7619047619047619,0.8857142857142857,29310.196036041838,530894.1092591553,511538.1379026824,545,0.9635408059368308,14403.979793049497,0.027131549478199637,4951.991563423368,13.16777613927449,1.76912734634152,47.86056623380638,12.938602143563871,22.006981920824426,1691.6379945146039,1744.548027568963,849.5635181048044,0.4869820175078101,866.0422643458231,0.022754520459828363,377.6908438818632,2,1,0,0,0.0,545,252.0,0.37769084388186325,493.3702340917061,329419.6680616359,766.1281802902577,500000.0,0.6426533513401805,0,0,0.0,2,E2,6,inhouse
8.310982006603867,28.380545490820733,11.576693759105629,31.016186652603952,37.47783175696926,83.75855151208907,,,,,11.913091733873237,45.95685159388411,17.75160918933513,52.58048409887684,19.75600049527309,28.380545490820733,0.8695652173913043,0.9761904761904762,28096.063942230638,529506.0597141038,512678.6158190654,554,0.9682204885358177,0.0,0.0,16827.44389503823,12.158992369622235,1.76912734634152,42.621671741750255,12.215225631080497,8.310982006603867,2448.837804831187,1838.5549006332496,898.5564519968585,0.48872973642906753,893.1539386536602,0.024541034345801294,405.4779617454292,1,2,0,0,0.0,554,252.0,0.4054779617454292,492.3269084638872,327174.8363670224,771.4697155945047,500000.0,0.6645149537605939,0,0,0.0,3,E2,6,inhouse
5.626085266775198,7.24433495452977,6.914106641489752,14.050125396864946,3.8469201277475804,5.692798423646309,,,5.509207157457922,5.509207157457922,12.033559086065894,47.39671312986424,3.5619091578903976,6.023940424599641,5.482752935076738,7.24433495452977,0.9444444444444444,1.0,32491.15341102122,534209.4492904893,519247.6457357165,546,0.971992626535071,12883.956746220842,0.02411780016870289,2077.8468085520485,11.444217012661529,1.76912734634152,41.71823779894294,11.778054470164873,5.626085266775198,545.1897449617906,1760.472471910364,874.4827484725188,0.4967318503558196,869.4409448087968,0.02488326165696933,370.6249583491289,4,2,0,0,0.0,546,252.0,0.3706249583491289,486.0313321223977,320751.46421603113,786.8105156594813,500000.0,0.6797772522743432,0,0,0.0,4,E2,6,inhouse
8.461212639395074,14.25120644810795,30.98219825368348,99.19955401513037,34.620322271453674,106.66788449011338,35.2753410611409,51.55967947005702,,,12.894953809392245,52.62859794500428,11.875347625024794,18.710368756550224,32.976920812821035,14.25120644810795,0.9230769230769231,0.8545454545454545,43452.69323580841,547328.4080016714,541284.5141829725,571,0.9889574636902814,0.0,0.0,6043.893818698931,13.684421539216466,1.7691273463416337,54.80379229864866,13.76585728874745,8.461212639395074,601.8105692505105,1896.3887864541105,923.6805856891172,0.48707342728820163,940.3687196414235,0.02090682495536575,325.0596201042057,1,0,0,0,0.0,571,252.0,0.3250596201042057,466.15976073316926,291185.2003877519,866.5449318306692,500000.0,0.6492270254354179,0,0,0.0,5,E2,6,inhouse
6.867681007264641,19.14703894365424,12.972474538654524,42.90556768757186,7.067211465190894,11.696487925722,,,,,12.064571806075733,44.297454154475155,9.783054719453338,13.749091000061071,11.583000874310141,19.14703894365424,0.8928571428571429,0.9555555555555556,31608.77227884693,532684.458673951,512762.82650365937,556,0.9626014390960759,0.0,0.0,19921.632170291654,11.74299566190384,1.7691273463415769,42.37700908828788,11.944519274113553,6.867681007264641,5832.943745189971,1807.8648169551698,884.62732720961,0.4893216123866558,867.7721233110665,0.02026701954400832,330.5062637006139,1,0,0,0,0.0,556,252.0,0.33050626370061387,492.09984269774253,328714.2004301339,767.6288579365217,500000.0,0.6783801554906983,0,0,0.0,6,E2,6,inhouse
8.15321329382929,7.097149036463734,21.170648688538265,82.06842969371468,3.1871772448802935,5.111591970448444,,,,,11.424152010849172,45.37374654153292,15.474331057694176,51.42326929090423,15.491657706330486,7.097149036463734,0.918918918918919,0.9464285714285714,40773.60461111535,543849.2288690333,519299.493545086,574,0.9548592991940066,11470.75105855638,0.02109178509347248,13078.984265390869,11.474955318388577,1.76912734634152,45.32515968002916,11.261402449934641,8.15321329382929,4806.197090062879,1911.3252493655928,940.3225088287144,0.49197409448801366,937.2015395486826,0.02280849853626592,363.7909571799633,0,1,0,0,0.0,574,252.0,0.3637909571799633,485.96964582879866,320700.9629335781,786.9131063677169,500000.0,0.6679125916736555,0,0,0.0,7,E2,6,inhouse
11.98409803607347,38.25936991166836,13.936873854506814,31.3733626144803,3.3953266542179277,5.579055698130958,,,,,13.058293742056122,45.88007471406677,21.615578613211497,37.68557485949516,8.08045874323521,38.25936991166836,0.875,0.9047619047619048,38363.5914215517,540361.5398106,516568.89847653353,554,0.9559690326176694,13515.69167661024,0.02501231246277737,10276.949657456204,13.035379827853061,1.76912734634152,45.62715582432729,12.866704890283758,11.98409803607347,3282.86592715125,1783.9114553538018,883.1442070687963,0.49506056167661244,851.8898704553781,0.021063324544228015,337.64121301066405,3,0,0,0,0.0,554,252.0,0.337641213010664,488.48787055745237,322357.9832037643,782.7870081117446,500000.0,0.656479992812702,0,0,0.0,8,E2,6,inhouse
19.700817744220018,67.59663350852946,19.50097525818856,60.96882494133474,14.341290415596136,52.63990097519641,6.462677370336678,6.462677370336678,,,13.21660045359602,44.410909196726074,17.7974889502525,37.953351856422096,17.31446536885149,67.59663350852946,0.8157894736842105,0.8441558441558441,47374.080402398526,549233.9420670121,528097.7656255943,597,0.9615169878943153,0.0,0.0,21136.176441417818,14.050494521722994,1.7691273463418042,46.682279899330325,13.351247053957987,19.700817744220018,1309.246262304591,2086.1826878928273,1024.6342330468226,0.4911526871511747,1022.4343080162969,0.030922487022895163,578.9248402717222,5,3,0,0,0.0,597,252.0,0.5789248402717223,478.2806163572044,309475.71308028715,816.1510392085122,500000.0,0.6210744689233503,0,0,0.0,9,E2,6,inhouse
5.344686770614264,8.693341016224307,21.73761702248899,33.46523550141264,9.19486904410951,22.150387567567854,,,,,11.485793220439813,43.359894606907446,5.949227100384809,16.07008578188916,16.91348318465073,8.693341016224307,0.9230769230769231,1.0,13819.243346008723,516203.98819530365,510715.5235893313,535,0.9893676439324685,0.0,0.0,5488.464605972384,11.375319371106196,1.76912734634152,40.48938530634469,11.469395889706094,5.344686770614264,952.4587000958109,1683.1243152838097,832.2453998975466,0.4944646051038795,815.523590716912,0.018162075202468816,273.4555629812397,0,0,0,0,0.0,535,252.0,0.2734555629812397,493.9608136247597,329830.857403475,764.8570468783658,500000.0,0.693888926627144,0,0,0.0,10,E2,6,inhouse
24.299424199570062,79.5726739919231,23.51276736906425,57.25504687256936,19.956211569768485,62.12054476928971,,,,,13.297365738190189,48.807171731557375,8.991514562281926,22.137750880213503,21.050536431090258,79.5726739919231,0.65,0.7878787878787878,26006.043708159235,527294.9549528928,513006.1062714429,539,0.97290160175584,0.0,0.0,14288.84868145006,13.844670527021076,1.76912734634152,53.11372962079058,13.462910123502754,24.299424199570062,2552.28669683011,1681.730648680845,826.156162495554,0.49125355665224607,826.6874845447088,0.021262973266162794,306.1426681494354,2,1,0,0,0.0,539,252.0,0.30614266814943536,491.8189853565772,327268.7582913294,770.9447855195227,500000.0,0.6980034983987526,0,0,0.0,11,E2,6,inhouse
37.70730784613007,73.81467504850572,20.617375923539043,55.39280540141738,,,,,,,12.105148667455834,41.148700230683964,4.052599057342571,7.429576525589619,20.617375923539043,73.81467504850572,0.42857142857142855,0.7692307692307693,3605.0987133016765,503977.3460501888,502005.57446068624,520,0.9960875789260055,0.0,0.0,1971.7715895025638,12.439611418448962,1.76912734634152,43.08013896618078,12.15011432973416,37.70730784613007,542.4879800711051,1577.6054267643708,781.7423095492022,0.49552460728569886,759.6114527250272,0.019886938362735477,293.5989810575835,1,1,0,0,0.0,520,252.0,0.29359898105758353,502.57130959571754,343208.77972758765,735.1024037942985,500000.0,0.714569993489509,0,0,0.0,12,E2,6,inhouse
4.503980595533943,7.086916617296703,5.054860061637299,7.643647567353035,4.207561912208348,5.729189110441121,,,,,11.58179939350349,42.39966885679611,4.608239851815557,9.116961928647255,4.6782831063355435,7.086916617296703,1.0,1.0,6216.486291594783,506496.9548278934,506496.9548278934,522,1.0,0.0,0.0,0.0,11.287504384544281,1.76912734634152,38.91730201252279,11.492392725422047,4.503980595533943,196.68999652360807,1588.5693893757216,789.9454717459637,0.49726847126041984,770.3618774777473,0.022018020530074792,323.2086138500299,1,2,0,0,0.0,522,252.0,0.32320861385002986,498.17319967814797,335193.8903066308,752.7679230162225,500000.0,0.7114965941249748,0,0,0.0,13,E2,6,inhouse
16.435543332029447,48.68425312257073,16.357781270369724,33.00843887116333,11.592949690152235,43.81191364181316,5.244357005805796,5.244357005805796,,,12.736860102509574,44.25401027250985,11.619328054549692,47.93200711746488,13.181423235265754,48.68425312257073,0.8214285714285714,0.8823529411764706,58929.484502104126,560140.4496017806,524634.0700355459,561,0.9366116487543843,0.0,0.0,35506.37956623471,12.91977055170806,1.76912734634152,47.5749795281356,12.639993790064159,16.435543332029447,5082.398722582594,1839.2788416858634,908.3621226452841,0.49386863049687946,907.0343586909528,0.022626660440166972,437.8683296346656,1,1,0,0,0.0,561,252.0,0.43786832963466565,481.1694145455157,311743.3101457783,809.7619423223194,500000.0,0.5985648569492946,0,0,0.0,14,E2,6,inhouse
55.07262607481117,172.80841108911656,21.395349219383238,86.83979759727004,4.162757035824006,7.334653607068866,6.662035536519397,6.662035536519397,,,11.496683038625136,42.10834191518954,17.31303414294513,36.19053280884646,15.549748109431484,172.80841108911656,0.59375,0.75,64862.71277757866,567048.0385654203,526855.4182061591,586,0.9291195496223833,0.0,0.0,40192.6203592613,14.315945809476325,1.7691273463416906,53.56895510978575,11.980186522922468,55.07262607481117,7419.764702970715,2042.0284806339957,986.5193341159668,0.48310752933753337,1011.2966144624738,0.028406526005623017,565.2630151689793,4,2,0,0,0.0,586,252.0,0.5652630151689793,479.3824914529775,309323.66663028084,816.5080472715579,500000.0,0.5821058595970495,0,0,0.0,15,E2,6,inhouse
22.182731773150444,99.63077654855115,43.2488976608532,122.0231314054663,45.71030123312903,78.28334600883991,,,,,12.671372451848768,47.54254405116884,3.7752609235766954,4.156821603395099,43.86424855392216,99.63077654855115,0.8235294117647058,0.76,8440.199489225186,508637.27469418704,505272.51176591427,527,0.9933847496129815,0.0,0.0,3364.7629282727185,13.417945306160288,1.76912734634152,53.67729342514123,12.87354798022313,22.182731773150444,407.9262251873088,1603.6569736959743,795.6352710675895,0.4961380670043644,773.2933828642439,0.02057213272828232,301.62005903318686,2,1,0,0,0.0,527,252.0,0.3016200590331869,499.33771219266526,339517.6215720855,743.1178944138107,500000.0,0.7103069908265308,0,0,0.0,16,E2,6,inhouse
6.558054944347098,23.483403907553136,10.036364049328597,24.509643909580884,16.01982401903363,33.48052948100335,,,,,13.41270968825464,51.653970204248445,25.457598093115827,97.0289955768945,11.831402040240107,23.483403907553136,0.8571428571428571,1.0,10188.61735102234,511071.9197908895,508246.4808123163,534,0.9944715433011282,0.0,0.0,2825.438978573131,13.428946843973295,1.76912734634152,50.21405888559529,13.43933710798298,6.558054944347098,646.3575535158043,1637.5105769283903,807.4273321956806,0.49308220879417874,792.2835032959069,0.02569947610842489,423.23594764012677,4,3,0,0,0.0,534,252.0,0.42323594764012673,496.6551574428987,334434.0096016469,754.777411090182,500000.0,0.5775196993270729,0,0,0.0,17,E2,6,inhouse
8.793161205617945,25.369988011452733,15.313998857022034,33.605048795648415,17.9371909898941,33.170073311345185,19.56333594985699,19.56333594985699,33.91023754980597,33.91023754980597,11.081750859150578,36.96180700301798,17.974360574921402,60.54752200856984,16.911950307862526,25.369988011452733,0.8571428571428571,0.9777777777777777,68261.72443658626,570243.9701911092,531577.8519023014,563,0.9321937270536164,10823.216117411037,0.018979974683088343,27842.90217139686,11.493593231981237,1.76912734634152,36.550286233218884,11.665302257220315,8.793161205617945,3364.1308337580554,1829.521514851951,890.8848336984506,0.4869496348997804,904.8113440848819,0.02457460355212486,372.8496957432379,1,2,0,0,0.0,563,252.0,0.37284969574323784,474.7617847368983,303269.17425843887,832.1744216597399,500000.0,0.6816090463189427,0,0,0.0,18,E2,6,inhouse
22.848212849633754,93.41357984917268,23.62149732575916,89.78981145972136,38.2007759903765,93.89887806504993,,,,,11.07712782935275,38.23324412831464,8.981711851357213,10.974510467197979,27.509304969657123,93.41357984917268,0.7878787878787878,0.7777777777777778,37728.11627304937,538786.9281851918,516440.5568276182,577,0.958524659399508,11490.801113996251,0.021327171304435642,10855.570243577311,12.553861444927216,1.7691273463416337,45.940941858611914,11.609518911217773,22.848212849633754,1434.570363051417,2000.272820511602,982.9402928841506,0.49140311401759074,981.1198568231041,0.02497458234176115,423.0726881366033,3,1,0,0,0.0,577,252.0,0.42307268813660326,488.77468926669223,322178.3600600853,783.4886012861338,500000.0,0.6397873043074669,0,0,0.0,19,E2,6,inhouse
10.83109602926774,47.13928132245296,3.5683083628664463,5.013419885854342,2.4447498002527936,2.684118735208358,,,,,14.329215684222778,56.54138019510784,17.090709229121693,61.07264038502844,3.247291630691117,47.13928132245296,0.8333333333333334,0.9354838709677419,42968.20466135957,544142.1487431035,508682.53253302554,546,0.9348339100509214,12015.37519389233,0.022081316842751955,23444.241016185668,14.109241440779265,1.76912734634152,54.958935453569666,14.286087319876929,10.83109602926774,6722.482909518754,1701.1790801439536,838.2548294525589,0.49274931677482525,824.1419702535678,0.02497300535101708,354.8104560659605,1,3,0,0,0.0,546,252.0,0.3548104560659605,496.0949006828383,335745.817582599,751.6245839577213,500000.0,0.6012944271261973,0,0,0.0,20,E2,6,inhouse
21.37274433549571,95.89878105808711,5.990512801450495,10.136577495967686,5.029941035781576,5.029941035781576,5.012804883274839,5.012804883274839,,,11.619003289843768,38.90798431296967,2.971402059750593,4.918084274327612,5.713615703758413,95.89878105808711,0.7894736842105263,0.8846153846153846,17327.275816339392,518024.1647502009,509574.23508279055,532,0.9836881554135897,0.0,0.0,8449.929667410348,11.792119378911869,1.76912734634152,38.28557074666751,11.57212662669866,21.37274433549571,1589.919001287317,1644.9646934032392,813.173613710348,0.494341074292596,803.0031427987925,0.020878244285940883,376.53280668325294,2,1,0,0,0.0,532,252.0,0.3765328066832529,495.2694140151722,332955.95555236546,757.9877416158454,500000.0,0.6726827097747934,0,0,0.0,21,E2,6,inhouse
16.493823613984716,65.90455052612356,18.434804565868717,48.45299657725228,22.413335199499045,58.333776396203405,,,,,11.387999684341157,39.4575473938543,11.283560336462667,31.4011434912276,20.20304040303775,65.90455052612356,0.8333333333333334,0.8095238095238095,19226.136203616657,520041.7500651535,514161.652876334,530,0.9886930286114858,0.0,0.0,5880.097188819491,11.651519117346979,1.76912734634152,42.81865613145904,11.325821438866326,16.493823613984716,1770.418502898824,1626.0618644245387,797.7516548418854,0.49060350795706575,794.4605249821238,0.025176041746416435,346.86899130268614,3,3,0,0,0.0,530,252.0,0.34686899130268617,490.7928616994646,329748.2822337469,765.2712162194765,500000.0,0.7214137958906043,0,0,0.0,22,E2,6,inhouse
10.744292891866182,34.73532865917441,10.672588251637762,27.014250256373032,20.60571622053953,39.97585898348255,,,,,13.411770175562497,48.98237551796081,6.450343820234165,17.40423352019861,13.263839026133876,34.73532865917441,0.868421052631579,0.9508196721311475,44840.47463850063,546620.9219574383,519191.5804046162,576,0.9498201761934061,12710.581287026522,0.023253009126526277,14718.760265795685,13.048596653779088,1.7691273463417474,43.61640306844572,13.497307206619547,10.744292891866182,3909.4221185770243,1979.2683941397165,966.7771030331369,0.48845174605707975,965.3637808791445,0.02228166640297845,352.9334128449873,3,0,0,0,0.0,576,252.0,0.3529334128449873,486.04974143876024,319799.6821675911,789.0968862207917,500000.0,0.6652028643553708,0,0,0.0,23,E2,6,inhouse
28.47877328970304,69.98595581230238,26.56828885507366,48.4942390979134,21.98987739674502,53.687578876638696,,,,,12.21645448327096,49.54843157681247,11.2894773362402,43.10625401485468,23.654754290682707,69.98595581230238,0.5789473684210527,0.6666666666666666,34421.87232108315,535140.8176419535,511679.38070875284,539,0.9561583864288633,11697.648494961977,0.021859010020029008,11763.78843823865,13.00766517136087,1.76912734634152,51.168551880907934,12.480891387086828,28.47877328970304,1723.2728691300802,1688.611689450161,835.17306815416,0.49459154722901727,844.8169240691743,0.021490331983360998,310.52028501565115,2,1,0,0,0.0,539,252.0,0.31052028501565115,493.10277059733704,329395.32107658,765.9808872220042,500000.0,0.6831796743762787,0,0,0.0,24,E2,6,inhouse
2.2306533367004704,2.2306533367004704,,,,,,,,,11.678115943994877,44.80669825248124,,,,2.2306533367004704,1.0,1.0,209.99028817615883,500209.99028817617,500209.99028817617,501,1.0,0.0,0.0,0.0,11.659258733201876,1.76912734634152,44.78603245348131,11.674149858882709,2.2306533367004704,203.1614255135233,1463.3779519064194,731.4578155949168,0.49984203646228803,706.7458259846246,0.018367854128797233,241.35360325239563,1,1,0,0,0.0,501,252.0,0.24135360325239563,504.27092321353587,345612.8054366933,729.8379852694898,500000.0,0.0,0,0,0.0,25,E2,6,inhouse
45.494647112395675,94.57795022683604,13.142548836486034,30.622702181082786,25.5866718130108,56.53235433163282,,,,,11.871499827545119,44.01835942283643,8.000441393454594,14.576290713428898,18.798968371270018,94.57795022683604,0.5454545454545454,0.6818181818181818,8275.236379187336,508449.34756596206,506323.36078462953,526,0.9958186852013676,0.0,0.0,2125.986781332494,12.690078801647719,1.76912734634152,46.91383820423289,12.165281196454758,45.494647112395675,642.3764788811744,1605.997761935308,793.6848414581129,0.4942004654487705,776.8558771229082,0.019535765074225834,293.41848412943466,4,0,0,0,0.0,526,252.0,0.29341848412943466,498.2851632465865,336968.0625992497,748.716114334484,500000.0,0.6990443961287872,0,0,0.0,26,E2,6,inhouse
4.701647747598865,7.952968100751882,5.684006616862099,8.339371308658155,14.544133959300211,25.969576268242644,,,,,12.565964294036585,49.90997415603911,35.65200068965619,106.76437391557606,8.637382397674804,7.952968100751882,0.9285714285714286,1.0,12370.949722949961,513597.1255335828,510759.3858471841,534,0.9944747749835038,0.0,0.0,2837.7396863987024,12.617359194333378,1.76912734634152,46.09385107145242,12.569302362517089,4.701647747598865,677.2776538023033,1678.095981881128,829.880015926929,0.4945366801943249,834.2839819386901,0.021006005676305176,295.1729269668725,2,1,0,0,0.0,534,252.0,0.29517292696687253,493.9609137255325,330417.2906922745,763.5652855768234,500000.0,0.7070946676716082,0,0,0.0,27,E2,6,inhouse
24.156897572296284,61.1127291151548,9.495629910423478,17.50933889903368,2.499530388517087,2.591312600212041,,,4.995980005050967,4.995980005050967,11.633493140250936,45.1563520528436,3.5486312632819073,5.143900658476196,8.0964100060422,61.1127291151548,0.6666666666666666,0.8636363636363636,26590.43369586375,527415.1934686946,512947.6434098015,530,0.9725689547095844,0.0,0.0,14467.550058893026,11.7309996979273,1.76912734634152,45.840743386474394,11.546402641067061,24.156897572296284,4624.321820239797,1640.1690512579937,804.55965994593,0.49053459418030143,801.6574889103056,0.02279184414916817,323.0440248873779,2,2,0,0,0.0,530,252.0,0.3230440248873779,491.9079895709799,328861.9320927983,767.261331888322,500000.0,0.7105692606448577,0,0,0.0,28,E2,6,inhouse
14.407487919496184,45.35020155766972,16.309398556898312,40.27800413290606,6.25126162343635,10.913880704688175,40.69244621656361,40.69244621656361,47.95749206037425,82.32670170463247,13.452276886098705,55.80557129886509,6.515986038958886,13.403458226993454,12.890776763864148,45.35020155766972,0.8,0.9516129032258065,77164.28456252046,582430.0533427446,550636.3106729902,583,0.9454119125768315,0.0,0.0,31793.74266975432,13.349919554306513,1.7691273463417474,48.14153472650114,14.445547641344572,14.407487919496184,6971.049144310396,2001.9788633575838,972.9610177908428,0.4859996454503312,1006.7125614483183,0.02716850327610997,453.94394912786925,2,2,0,0,0.0,583,252.0,0.4539439491278693,458.476746004232,287535.9431153142,877.9909085935843,500000.0,0.6083497932339544,0,0,0.0,29,E2,6,inhouse
2.841700785424274,4.444069215807758,4.705371294837986,7.708437220441921,3.6010983847242435,6.697400546652602,,,,,3.9708730993036108,4.883194838871466,4.135788982891825,5.863441768118264,4.356653533749435,4.444069215807758,1.0,1.0,13968.57625752051,515078.73700219905,515078.73700219905,554,1.0,0.0,0.0,0.0,3.9384611271751577,1.76912734634152,4.972818365853527,3.9543976052902696,2.841700785424274,30.98836347638883,1796.672037390707,876.9982811797047,0.48812374374867135,1099.0611188209534,0.027296326303716836,427.058069204724,2,0,0,0,0.0,554,252.0,0.427058069204724,490.0747010803652,325539.16734643676,775.4122495514446,500000.0,0.5200273642511213,0,0,0.0,0,E2,6,pooled_greedy
3.2830208693332943,4.6966420953269905,4.827678542636771,8.040596365991377,29.206719391180968,71.04663332644469,89.11852004573272,92.67027900349785,,,4.326409980707249,4.972818365853527,3.229530504762124,4.559441078662348,31.596802024923115,4.6966420953269905,1.0,0.8620689655172413,22776.714596747763,525519.2910413912,525519.2910413911,536,0.9999999999999998,0.0,0.0,0.0,4.995172099395303,1.76912734634152,4.97281836585455,6.647797072604813,3.2830208693332943,74.22241142134159,1688.3944487326426,833.7727690545963,0.49382581758690935,1047.5080956114186,0.032438080971182094,476.4483244470949,6,2,0,0,0.0,536,252.0,0.4764483244470949,480.4323126257253,310676.5547787932,812.6665641191189,500000.0,0.502331637402235,0,0,0.0,1,E2,6,pooled_greedy
23.464877178388146,103.12924918662475,3.4329282071264515,4.054477628950304,3.5611641057414545,6.076506989251811,5.087137803804467,5.141266894479463,,,4.677476693260243,4.972818365854335,12.04779223972078,23.66184099246675,3.6877928686918295,103.12924918662475,0.7727272727272727,0.868421052631579,29310.196036041838,532277.3226155266,517873.34282247716,549,0.9729389564780431,14403.979793049497,0.02706104352195697,0.0,5.5491731240267015,1.7691273463417474,5.530400423491479,4.923262806542191,23.464877178388146,44.131361538431825,1772.3272892162472,865.2761101074129,0.48821462907680696,1072.6898693437277,0.031919391877625304,471.54999959170203,4,2,0,0,0.0,549,252.0,0.471549999591702,487.5160181514439,320987.86428991694,786.5454681849244,500000.0,0.52381040117979,0,0,0.0,2,E2,6,pooled_greedy
4.445191724491081,5.976403310980823,6.266584561615638,11.958735674524544,24.10432872030674,93.73118108796552,98.23260583010051,98.23260583010051,102.67676995421061,102.67676995421061,4.287602535859616,5.331593459182164,4.795374134254514,4.627865060011346,17.5308955139238,5.976403310980823,1.0,0.9361702127659575,28096.063942230638,531327.860284328,531327.860284328,562,1.0,0.0,0.0,0.0,5.047320600998306,1.7691273463419748,6.776926319005092,6.830781216513216,4.445191724491081,83.62237579350855,1903.5347211097003,935.8583809387203,0.49164240113946783,1179.4838008192949,0.032981591958388595,558.4917100371985,1,2,0,0,0.0,562,252.0,0.5584917100371986,475.3345544027868,303578.4491068132,831.9381446644628,500000.0,0.46812729936449615,0,0,0.0,3,E2,6,pooled_greedy
4.186348284850636,7.0877216564194025,5.34711081533203,7.805892461983057,2.8665292495465513,3.4469395589987477,,,5.568236642330021,5.568236642330021,3.482823202046296,4.972818365853527,6.307992839569977,7.413735599237862,4.033861751092659,7.0877216564194025,0.9444444444444444,1.0,32491.15341102122,534209.4492904893,521325.49254426855,548,0.9758821998312972,12883.956746220842,0.02411780016870289,0.0,3.5886964792631466,1.76912734634152,5.321605020721748,3.519952157022422,4.186348284850636,17.171717883939504,1739.776866351111,847.6292587821773,0.48720573033019854,1036.9311478115271,0.02964005729012575,449.57089419482475,6,1,0,0,0.0,548,252.0,0.4495708941948247,484.24559033578817,318263.9908441363,793.2080856040895,500000.0,0.47742751038297293,0,0,0.0,4,E2,6,pooled_greedy
4.792557342799977,4.3421616274271875,15.07196088973524,51.04626492214508,21.855236751784467,64.18834400752613,34.261116504371024,48.58059244238757,,,4.2148754950080445,5.017077733841357,2.607522866250669,4.2961373484045,21.170883966678804,4.3421616274271875,0.9629629629629629,0.8771929824561403,43452.69323580841,547328.4080016714,547328.4080016714,573,1.0,0.0,0.0,0.0,5.084962793403136,1.76912734634152,7.1522376586259115,5.718359566471484,4.792557342799977,69.18766443221702,1926.2515846168426,947.8288399565331,0.4920586944747765,1160.5200011166294,0.02885329407530773,450.9869892316573,4,0,0,0,0.0,573,252.0,0.4509869892316573,461.2422510845824,284604.3058583538,887.0244820360355,500000.0,0.5079375754340115,0,0,0.0,5,E2,6,pooled_greedy
3.0846281186416746,5.1837377726915985,5.313682775066791,8.38308645114703,12.040612282867576,27.767905569980442,29.18011817806132,32.96001059272421,,,4.199887080683235,4.972818365853527,7.443791418688691,14.115248879360305,11.253443115341108,5.1837377726915985,1.0,1.0,31608.77227884693,533346.8920584851,533346.8920584851,565,1.0,0.0,0.0,0.0,4.518876196238448,1.7691273463417474,5.511222644460956,5.164190240524972,3.0846281186416746,53.057832506244445,1889.4054941144764,937.2629596488306,0.4960623659497219,1175.9344086564276,0.029832024958674454,510.7770943387714,3,0,0,0,0.0,565,252.0,0.5107770943387714,473.44567082740076,301982.2185314167,836.177634306865,500000.0,0.51324449894759,0,0,0.0,6,E2,6,pooled_greedy
4.602902626147932,5.431351323594811,14.687748603376765,50.56359516066132,3.014961659034179,4.625906399980567,18.657166546827327,19.312360383128713,,,4.540139672464815,5.262897331461864,7.541304467433903,8.214616088775385,10.641238327869175,5.431351323594811,0.972972972972973,0.9508196721311475,40773.60461111535,544565.4292464787,533094.6781879223,581,0.9789359543545969,11470.75105855638,0.021064045645403137,0.0,4.899471674040309,1.7691273463417474,5.778069032130588,4.8335749390682325,4.602902626147932,48.62719680395831,1954.3860606335243,957.9751777778232,0.49016680842846916,1192.7627791805542,0.030626781127311903,537.4875351781601,1,1,0,0,0.0,581,252.0,0.5374875351781601,473.7197684913967,300845.15183084714,839.426814752759,500000.0,0.45738747448897243,0,0,0.0,7,E2,6,pooled_greedy
6.031046836275839,19.19789189547858,5.44936615570677,9.634904140300977,4.752522590037776,8.012397582978158,6.292066744717658,7.315476233871732,,,4.313612584193665,5.807895616121841,2.550160845981452,4.268126863755834,5.128776365460024,19.19789189547858,0.88,1.0,38363.5914215517,540361.5398106,526845.8481339897,560,0.9749876875372225,13515.69167661024,0.02501231246277737,0.0,4.385975445644798,1.76912734634152,7.051681331284708,4.393552921167374,6.031046836275839,37.26342853647399,1809.0289448638155,889.7142491984562,0.49181869185925836,1103.5466014650742,0.02894540074191731,407.6248869983222,5,0,0,0,0.0,560,252.0,0.4076248869983222,479.09198825612634,309376.4971601995,815.8590817462714,500000.0,0.5658365680970593,0,0,0.0,8,E2,6,pooled_greedy
14.086290807681555,47.06491590390672,11.238841858711728,13.244099245660433,6.250554092481043,6.744753114299829,5.8515350840643805,5.8515350840643805,7.253474718233974,8.758631242005777,4.316944536032368,4.972818365854335,5.435641929262125,7.413735599237498,9.02543519436755,47.06491590390672,0.8421052631578947,0.9259259259259259,47374.080402398526,549736.351411949,549736.351411949,604,1.0,0.0,0.0,0.0,5.315398115921954,1.8542420514848,6.386192985851815,4.684282180993579,14.086290807681555,35.00341640139362,2118.7232181315258,1033.35394564666,0.48772484145331696,1314.230836146844,0.04197860838719095,674.6899938445445,6,4,0,0,0.0,604,252.0,0.6746899938445445,459.6288554411074,285016.91829080984,886.5252333408301,500000.0,0.4746012165356419,0,0,0.0,9,E2,6,pooled_greedy
3.135096135655772,4.772849535540787,6.917721237012273,13.273654892269223,14.810565026550506,48.006721769712385,,,,,4.320364185796557,4.972818365853527,3.3261855786356818,4.945915166602866,10.86414313178139,4.772849535540787,1.0,0.9666666666666667,13819.243346008723,516514.44304295897,516514.44304295897,540,1.0,0.0,0.0,0.0,4.465114045726516,1.76912734634152,5.392977756016811,4.58526687355347,3.135096135655772,43.674648054237174,1713.4595353982966,845.1011954898128,0.4932133954907593,1041.635124511179,0.02638604402979588,412.8213600396732,3,0,0,0,0.0,540,252.0,0.41282136003967324,488.68492403231073,321407.07169929286,785.3368627688319,500000.0,0.5119001400018518,0,0,0.0,10,E2,6,pooled_greedy
14.512759035918808,52.70425086390787,21.198615411896526,53.64254531328672,4.315698488693215,6.338584103369815,,,42.75338177253343,42.75338177253343,4.319402946890493,4.972818365854437,2.457934195807119,3.5172783620244457,9.139389038179875,52.70425086390787,0.8095238095238095,0.8857142857142857,26006.043708159235,531772.2574830158,531772.2574830158,543,1.0,0.0,0.0,0.0,4.884677312849435,1.76912734634152,5.77806903213168,5.697692284705302,14.512759035918808,52.86903044179005,1713.538147443681,844.5581828727069,0.49287387277175576,1028.246172399853,0.027635978840541905,390.0569771801461,3,1,0,0,0.0,543,252.0,0.3900569771801461,474.6205794408919,302328.2221362023,834.8213580387329,500000.0,0.4985410395687804,0,0,0.0,11,E2,6,pooled_greedy
3.3533394002779136,5.436765546547668,5.042806059412858,7.8761721695497044,5.4754860255934545,5.4754860255934545,,,,,4.560173580767384,5.0533434324820705,3.3286393896634894,5.75171483979184,5.104617483152944,5.436765546547668,1.0,1.0,3605.0987133016765,503977.3460501888,503977.3460501888,521,1.0,0.0,0.0,0.0,4.534727378685897,1.76912734634152,5.7780690321319526,4.559355967391018,3.3533394002779136,39.69100824886349,1589.7639363209983,791.2652172760587,0.49772497614154576,978.5526231393867,0.026769915288621413,382.57512413178904,2,1,0,0,0.0,521,252.0,0.382575124131789,500.7815869148177,340919.6878654415,740.2992086034801,500000.0,0.3446326337734438,0,0,0.0,12,E2,6,pooled_greedy
2.9688619799717673,4.778293542306892,3.984671130493342,5.56529948600223,3.4818996268163573,4.905797579157616,,,,,3.397783097731828,4.811768232597387,6.521738620764495,16.114929444353038,3.7612171288591267,4.778293542306892,1.0,1.0,6216.486291594783,506496.9548278934,506496.9548278934,522,1.0,0.0,0.0,0.0,3.427398643619239,1.76912734634152,4.811768232599024,3.405448156191093,2.9688619799717673,14.515274109968365,1591.2902794110012,792.6663617812425,0.4981280738261276,931.9248063578394,0.027414419922015702,415.3143583009281,2,2,0,0,0.0,522,252.0,0.41531435830092817,498.35504824322413,335316.246402892,752.7679230162225,500000.0,0.31770944416651004,0,0,0.0,13,E2,6,pooled_greedy
9.357633667281727,27.187396884008493,8.425975181976614,15.839666539902282,6.888396319789685,10.567864073126088,10.918691292901201,25.51493141715209,,,4.370041899761444,5.56391202533511,6.5690624428339435,5.688365769600206,8.28477721507982,27.187396884008493,0.896551724137931,0.9354838709677419,58929.484502104126,566652.9292862886,566652.9292862886,576,1.0,0.0,0.0,0.0,4.898883417585418,1.7691273463417474,8.021208058061347,5.1149283498512865,9.357633667281727,58.73687218227115,1949.5886615000754,967.5431361713631,0.4962806541082901,1182.3848497303215,0.02767807927045377,431.6889895004798,1,0,0,0,0.0,576,252.0,0.43168898950047985,445.4784859357272,264186.7995699795,955.5045498124322,500000.0,0.5243733040849976,0,0,0.0,14,E2,6,pooled_greedy
12.4808493456116,42.3173860774472,10.020899510455344,23.098922192061536,18.298208203849423,34.761368589972335,6.912811444938468,8.154215624830796,7.531679704841508,8.875795401463211,5.127296862592142,7.334404403150167,4.674279120155933,9.505384909870378,11.797663078883978,42.3173860774472,0.8,0.9324324324324325,64862.71277757866,573615.9384122625,573615.9384122625,603,1.0,0.0,0.0,0.0,5.973227054930091,1.7691273463419748,9.655572222458616,5.743967085051966,12.4808493456116,52.76632880903436,2143.111651557818,1031.5284986528416,0.4813227989792451,1354.052915528224,0.03862889719947128,697.6015321680086,4,3,0,0,0.0,603,252.0,0.6976015321680086,440.5344841561083,256154.34992495968,986.5052129944141,500000.0,0.44374891391393656,0,0,0.0,15,E2,6,pooled_greedy
13.206219311426532,55.28481657614901,16.39305804608229,41.519023601437766,49.24336762830626,75.3521558080276,,,,,4.506952669655767,5.235611415990396,3.066687330690987,3.9671929699394695,27.34316124015695,55.28481657614901,0.8421052631578947,0.7857142857142857,8440.199489225186,509188.49886297405,509188.49886297405,531,1.0,0.0,0.0,0.0,5.197143154234413,1.76912734634152,5.7780690321319526,4.870279543494087,13.206219311426532,47.60693044975091,1623.9768305951961,805.4666493805996,0.4959840769928915,989.8909962275594,0.026895544496477252,418.4501614471137,1,1,0,0,0.0,531,252.0,0.4184501614471137,495.7269276998626,335047.67907025537,753.3806855845077,500000.0,0.485288023351647,0,0,0.0,16,E2,6,pooled_greedy
3.3936509826800414,6.62670630166358,3.894590650971882,6.374137152674668,4.694546159286654,5.48594564069324,,,,,3.731846799443176,4.972818365853527,2.5971753662095125,4.7992426520195295,4.227905446103037,6.62670630166358,1.0,1.0,10188.61735102234,511539.3687118152,511539.3687118152,538,1.0,0.0,0.0,0.0,3.710282451381654,1.76912734634152,4.972818365854505,3.7436720513478017,3.3936509826800414,14.366154604768385,1656.9400181055096,814.5952794313046,0.491626293366181,1015.7089714798071,0.03128765096774404,470.0777499544539,4,2,0,0,0.0,538,252.0,0.4700777499544539,493.54965266063016,329855.82037177036,765.3952489466554,500000.0,0.49530244333119566,0,0,0.0,17,E2,6,pooled_greedy
4.656581818678878,7.565115691640859,5.502682048582301,9.357228519793349,11.636517201142427,35.11046922733076,29.136041351502172,39.56586723320106,34.517415628063645,34.517415628063645,3.9371462686878824,4.990812847071292,7.758776199690721,22.45527463661455,13.044865374579755,7.565115691640859,1.0,0.9814814814814815,68261.72443658626,572191.6285267603,561368.4124093493,574,0.9810846304318052,10823.216117411037,0.01891536956819503,0.0,4.637629801755601,1.76912734634152,6.733109994343642,5.739971240102423,4.656581818678878,67.66792858935597,1927.3106990230847,955.705712075291,0.4958752693894758,1215.124767668765,0.030236719543339733,484.0886822569046,2,1,0,0,0.0,574,252.0,0.48408868225690455,449.76540022730336,272909.4075945699,925.1571461301307,500000.0,0.48236801605987745,0,0,0.0,18,E2,6,pooled_greedy
10.745040861994767,37.944680177696505,9.894486642070927,10.217107362062006,15.137057786476376,48.676803194090105,,,,,4.428253640741088,4.972818365853527,3.965225214644501,6.511771365619464,11.744805869508143,37.944680177696505,0.7714285714285715,0.9420289855072463,37728.11627304937,538786.9281851918,527296.1270711955,583,0.9786728286955643,11490.801113996251,0.021327171304435642,0.0,5.22305283552086,1.7691273463419748,7.232989618451364,5.1083816407138105,10.745040861994767,47.739941072386635,2035.2010654076828,1000.1529138721941,0.4914270785682041,1282.7862616122925,0.03508868347772819,529.6410172396645,3,2,0,0,0.0,583,252.0,0.5296410172396645,478.9142723651052,310393.6341138755,813.5786732165808,500000.0,0.552574936817716,0,0,0.0,19,E2,6,pooled_greedy
3.1490570199173726,5.0085372733501,3.46248764299321,4.8805229100598355,4.536910925183884,5.47514286453279,7.597944494584681,7.597944494584681,4.820118274277888,4.820118274277888,4.279745780436287,4.97281836585446,7.3148785546046735,15.243607533222683,4.3268124850427405,5.0085372733501,1.0,1.0,42968.20466135957,546796.3875473237,534781.0123534314,558,0.978025869468912,12015.37519389233,0.021974130531088105,0.0,4.322812466610147,1.7691273463416337,5.26565699042003,4.419187385758285,3.1490570199173726,36.214195707323164,1768.5066701202127,872.8224198415814,0.4935364025413894,1063.8328309664646,0.02910116797417321,487.4256464454691,2,1,0,0,0.0,558,252.0,0.4874256464454691,472.13236785523543,304270.7230215832,829.811764796495,500000.0,0.46451500071501495,0,0,0.0,20,E2,6,pooled_greedy
4.982566296257528,8.21430375320325,5.933572443338926,9.015201014358173,5.7084900510058105,5.876096123008847,5.012804883274839,5.012804883274839,,,4.4556945226788205,5.276611797057241,2.901966626079684,4.434954138512057,5.762205900247636,8.21430375320325,0.95,1.0,17327.275816339392,522304.8254134355,522304.8254134355,536,1.0,0.0,0.0,0.0,4.471664118423842,1.76912734634152,5.8392481795376625,4.593991846092414,4.982566296257528,43.50247296479049,1668.4904604390458,824.8818097189832,0.49438808868102496,976.6993844072448,0.026803996277072074,442.71788612912076,2,1,0,0,0.0,536,252.0,0.4427178861291208,483.324498651349,319324.572384395,790.5521206875518,500000.0,0.47124783262009196,0,0,0.0,21,E2,6,pooled_greedy
8.943026032251813,15.433112817583519,14.734877863602241,33.747106090481246,6.057348739653662,13.895725986724756,4.675293146604872,4.675293146604872,,,4.918454557204805,5.778069032131645,6.385766157454125,10.780245193786147,9.557814575211504,15.433112817583519,0.9166666666666666,0.9583333333333334,19226.136203616657,520041.7500651535,520041.7500651535,533,1.0,0.0,0.0,0.0,5.138291297015101,1.76912734634152,6.254334647510952,4.959379619500557,8.943026032251813,41.050059273965886,1653.7271277739337,816.6234322304219,0.4938078468421032,1009.0052925308921,0.030938710289509636,441.6370611438062,2,3,0,0,0.0,533,252.0,0.4416370611438062,485.4257125115755,322379.5702061151,783.0571797702439,500000.0,0.3343897597207704,0,0,0.0,22,E2,6,pooled_greedy
3.8392459011225344,5.062272983686399,4.909519377430803,8.968586464078614,17.56767709902679,47.242930643949144,30.61710949999639,51.37056258270987,,,3.939635928572493,4.972818365854335,3.9062379953350224,7.781985764055435,11.047338600227045,5.062272983686399,0.9743589743589743,0.9705882352941176,44840.47463850063,546785.5630729868,534074.9817859603,584,0.9767539925238847,12710.581287026522,0.023246007476115223,0.0,4.284967776989674,1.7691273463417811,5.778069032131304,4.689918960585699,3.8392459011225344,44.94576090397672,2014.1609943273663,975.4081080489759,0.4842751452322289,1203.8302069549507,0.030420506557457067,555.0288435785546,3,0,0,0,0.0,584,252.0,0.5550288435785546,472.8830921812292,301001.3627570656,839.0494532325838,500000.0,0.4713980825872256,0,0,0.0,23,E2,6,pooled_greedy
30.173562024565715,50.73368129369391,28.194170903541135,52.9474754770461,23.48754195825955,53.4824035339383,40.20341285115728,43.22420867176597,,,3.9307663450533066,4.811768232599206,2.3598107495631666,4.255731202607057,26.971425796054337,50.73368129369391,0.47368421052631576,0.6764705882352942,34421.87232108315,535140.8176419535,523443.16914699145,543,0.9781409899799709,11697.648494961977,0.021859010020029008,0.0,5.459466914696658,1.76912734634152,4.972818365854619,5.189925829476872,30.173562024565715,54.56767533133295,1714.3902438149332,847.6866941093887,0.494453755303157,1015.2621547088065,0.02937136739264113,403.6408950859513,3,2,0,0,0.0,543,252.0,0.4036408950859513,482.1987481590515,314078.534419896,803.6322551022985,500000.0,0.39512016948187645,0,0,0.0,24,E2,6,pooled_greedy
2.2306533367004704,2.2306533367004704,,,,,,,,,4.590971404834795,5.778069032130588,,,,2.2306533367004704,1.0,1.0,209.99028817615883,500209.99028817617,500209.99028817617,501,1.0,0.0,0.0,0.0,4.586260191125944,1.76912734634152,5.778069032130588,4.5899805332389905,2.2306533367004704,36.580219360552206,1458.7709525934238,726.8508162819215,0.49826246881987596,866.8763074031568,0.027012768095525972,377.0213368860766,3,2,0,0,0.0,501,252.0,0.3770213368860766,504.54214477301633,345798.6929026404,729.8379852694898,500000.0,0.33593952707295394,0,0,0.0,25,E2,6,pooled_greedy
5.221865074754326,10.614393078742069,5.941476370145135,11.198019585434395,6.488962408038982,14.791083637652996,,,,,4.457304243514576,4.972818365854335,2.7296540276097403,4.564581550112235,6.236276544395668,10.614393078742069,1.0,1.0,8275.236379187336,508449.34756596206,508449.34756596206,528,1.0,0.0,0.0,0.0,4.503944789331757,1.76912734634152,5.475486025593864,4.508995296351317,5.221865074754326,38.14213456190555,1630.566058490571,810.7338145187397,0.4972100396038189,992.279178321468,0.02761330548785621,390.2205461505818,7,0,0,0,0.0,528,252.0,0.39022054615058177,496.3920629545257,333617.03899745643,756.526768850301,500000.0,0.3758426840575357,0,0,0.0,26,E2,6,pooled_greedy
3.5314137126005645,5.3903749225984035,4.5973106331255895,6.787746755981014,9.585521077437079,20.539697145604578,,,,,4.4580618917157135,5.85143018861367,6.536383359849026,15.479279354835715,6.735115109259085,5.3903749225984035,1.0,1.0,12370.949722949961,513597.1255335828,513597.1255335828,536,1.0,0.0,0.0,0.0,4.52435338851247,1.76912734634152,6.342305974831625,4.5650950596391775,3.5314137126005645,36.85334784973934,1691.8370481892844,836.8912058819035,0.4946641916711776,1058.6070421937945,0.02931740428990448,465.9077136114265,3,1,0,0,0.0,536,252.0,0.4659077136114265,491.5640979324432,326531.733674278,773.1741870009217,500000.0,0.503038838653152,0,0,0.0,27,E2,6,pooled_greedy
10.62294923846919,37.43247194490724,10.575723855747029,21.867387906133565,13.76301866451125,30.08925419365812,13.231068626475277,16.020679194738783,11.79600963382211,11.79600963382211,3.63921079279236,4.811768232599206,4.8426843935623225,9.422141011835139,12.102877505374643,37.43247194490724,0.8333333333333334,0.9642857142857143,26590.43369586375,528937.8456762048,528937.8456762048,537,1.0,0.0,0.0,0.0,4.080566689247906,1.76912734634152,4.972818365854664,4.1528414971810195,10.62294923846919,21.594440448571028,1676.9822169408305,816.7541304513982,0.48703803904452253,1044.1710017594821,0.03172920206480404,513.6041531274213,3,2,0,0,0.0,537,252.0,0.5136041531274214,477.397498056334,306561.74579670816,823.6957403047217,500000.0,0.4817006845011853,0,0,0.0,28,E2,6,pooled_greedy
6.8565919490964555,15.765701161559747,9.9547577734516,20.100189694679557,8.976198118768133,17.75208102973709,9.553277007192056,11.606588748309367,9.614391625557744,13.496347240350087,4.45578537233719,5.778069032130588,5.982082182775741,6.326028959229917,9.440385398218647,15.765701161559747,1.0,1.0,77164.28456252046,584688.0408818187,584688.0408818187,599,1.0,0.0,0.0,0.0,5.041321467207575,1.7691273463419748,9.378100612099878,5.21969324255113,6.8565919490964555,46.7784275816394,2115.009373694255,1034.4005165912567,0.48907609084705145,1299.9594911315126,0.0365271553363058,705.4992512487146,4,2,0,0,0.0,599,252.0,0.7054992512487146,432.205691893615,256847.59616113285,983.8733281066583,500000.0,0.4331864719083842,0,0,0.0,29,E2,6,pooled_greedy
2.753870399677499,3.194636724696022,4.851657348238195,7.9213994553369504,4.250859254580537,7.776855340344923,,,,,4.145049359413187,5.478629161807476,4.3197212196453885,7.824389167600202,4.661931634451566,3.194636724696022,1.0,1.0,13968.57625752051,515078.73700219905,515078.73700219905,554,1.0,0.0,0.0,0.0,4.10597690211107,2.327441655121447,5.502406437228364,4.128322572286994,2.753870399677499,39.1688251172066,1831.3644397205196,911.6906835095165,0.4978204576521359,1027.64135674709,0.024886105375520808,404.08962218959675,2,0,0,0,0.0,554,252.0,0.40408962218959676,490.030108971693,325509.54639702773,775.4122495514446,500000.0,0.4545529461655059,0,0,0.0,0,E2,6,central_assign
5.602430399640226,4.142317268640545,4.307001468323155,4.8027390991612435,15.315741239860063,36.27271796131518,38.66511786311427,55.3252319255289,,,4.553392864578941,5.56283686836289,7.078886387400677,15.029232605370824,15.601147757041575,4.142317268640545,0.9333333333333333,0.896551724137931,22776.714596747763,525519.2910413912,525519.2910413911,536,0.9999999999999998,0.0,0.0,0.0,4.904293211929964,2.2889606911583655,5.7978424297300535,5.3963146191111395,5.602430399640226,58.94507383426435,1702.1904251659105,847.5687454878647,0.49792827697597536,977.9140181991377,0.027773211880038767,403.3570162284434,5,1,0,0,0.0,536,252.0,0.40335701622844344,480.29322865780125,310586.6146834998,812.6665641191189,500000.0,0.48302823300961406,0,0,0.0,1,E2,6,central_assign
26.828629964415025,107.15034951371717,3.9226225356538578,4.530960298080572,3.804987851550701,5.503067129660394,5.586161445987727,5.657802553337115,,,4.833406053396167,5.534131183562205,15.65190323585677,44.09307008332826,4.086451892906908,107.15034951371717,0.7727272727272727,0.868421052631579,29310.196036041838,532277.3226155266,517873.34282247716,549,0.9729389564780431,14403.979793049497,0.02706104352195697,0.0,5.909812480503003,2.328524991514314,5.844602863008253,5.125876373188216,26.828629964415025,55.98851729897165,1793.6715816594794,886.6204025506461,0.49430476103677656,993.5918611666149,0.0291427208471156,419.2537998197177,4,2,0,0,0.0,549,252.0,0.4192537998197177,487.41503554537474,320921.3758262651,786.5454681849244,500000.0,0.48318854965448377,0,0,0.0,2,E2,6,central_assign
4.561375770034443,7.415779241871315,8.044865749712882,13.86417154367373,24.1389876708623,93.96810716287428,98.80568322564886,98.80568322564886,53.71661114989911,53.71661114989911,4.477681103345227,5.610852115751107,4.5449092698811295,4.838327169608967,18.53245061168914,7.415779241871315,1.0,0.9361702127659575,28096.063942230638,531327.860284328,531327.860284328,562,1.0,0.0,0.0,0.0,5.170598487530569,2.3489067257655165,7.032510882134749,6.406085466465166,4.561375770034443,79.99857795996337,1912.6185370204848,944.9421968495047,0.49405680147885345,1085.7026307161266,0.030285247097285847,502.4641738497637,2,2,0,0,0.0,562,252.0,0.5024641738497637,475.22910625979375,303511.10331127926,831.9381446644628,500000.0,0.4664378569188371,0,0,0.0,3,E2,6,central_assign
3.2364812666836418,4.139328943319289,3.9524936806460573,4.981129579589106,3.3297607358440726,4.140189039274265,,,5.749197459414745,5.749197459414745,4.229168103956137,5.700610038596915,2.4686434600120606,3.4008935665799984,3.6228115333979476,4.139328943319289,1.0,1.0,32491.15341102122,534209.4492904893,521325.49254426855,548,0.9758821998312972,12883.956746220842,0.02411780016870289,0.0,4.141973412090691,2.333220238453805,5.601214291424731,4.220004072544958,3.2364812666836418,33.52716820200831,1781.983354968305,889.8357473993717,0.4993513238596994,982.8596826104679,0.027645926022260355,389.27741932058734,6,1,0,0,0.0,548,252.0,0.38927741932058735,484.12993615095246,318187.9786652787,793.2080856040895,500000.0,0.32959937761791797,0,0,0.0,4,E2,6,central_assign
5.138416805483307,4.8868633298700885,20.706036698995923,70.38544622221916,24.264600137479192,71.13298515905062,35.38282271226566,49.3353350395505,,,4.738353186426439,5.769574307313817,2.8605860127059586,4.302498413375076,24.827581714477628,4.8868633298700885,0.9629629629629629,0.8596491228070176,43452.69323580841,547328.4080016714,547328.4080016714,573,1.0,0.0,0.0,0.0,5.75656313193524,2.3561383814189867,7.026665925237298,6.297044407284443,5.138416805483307,87.56752157052257,1934.5213058162544,956.0985611559457,0.4942300497189553,1076.5575475409685,0.026189481342136254,403.2906483404048,3,0,0,0,0.0,573,252.0,0.4032906483404048,461.1551071684363,284550.5346921039,887.0244820360355,500000.0,0.4667542988356397,0,0,0.0,5,E2,6,central_assign
3.7463700050844113,4.59754754049568,5.7034985016058934,7.8451197110100575,7.584087621722119,15.760252214127341,30.496236246002695,34.99393006558669,,,4.35701386573916,5.459386379494754,10.26904755244932,24.36856126079767,10.38412661903926,4.59754754049568,0.9642857142857143,1.0,31608.77227884693,533346.8920584851,533346.8920584851,565,1.0,0.0,0.0,0.0,4.718799911594208,2.3180714763991546,5.591275999116806,5.315096604802752,3.7463700050844113,63.44781919773925,1886.0510018203074,933.9084673546618,0.495166072631815,1079.7090739457067,0.026727783313705036,426.70312162866287,3,0,0,0,0.0,565,252.0,0.42670312162866286,473.28803613605453,301881.6729424645,836.177634306865,500000.0,0.49047321769231844,0,0,0.0,6,E2,6,central_assign
3.9056601509337914,5.810935566695411,7.592642221852736,15.40194689068249,3.2001198296320137,3.9839713765228573,19.058818292456124,20.016269326434973,,,4.469718838062238,5.666981358516843,7.4487584910795785,8.365259471841089,6.900960997320247,5.810935566695411,1.0,1.0,40773.60461111535,544565.4292464787,533094.6781879223,581,0.9789359543545969,11470.75105855638,0.021064045645403137,0.0,4.636776382741733,2.364162330984982,6.062654045915224,4.765690612009892,3.9056601509337914,47.749211909523446,1959.5126655561364,963.1017827004343,0.4915006672983626,1111.8909416856816,0.029171030707795746,444.88612358528746,0,2,0,0,0.0,581,252.0,0.4448861235852875,473.54606311525663,300734.8367801894,839.426814752759,500000.0,0.49894909005710075,0,0,0.0,7,E2,6,central_assign
6.250657268035724,13.424835690242528,14.118421570502306,36.62887884779522,6.012447776822925,7.11507925476458,5.527553861511365,5.613569331329359,,,4.946504921783886,5.785658372207945,3.1429627031681,5.2471475457587085,8.789752234162574,13.424835690242528,0.96,0.9583333333333334,38363.5914215517,540361.5398106,526845.8481339897,560,0.9749876875372225,13515.69167661024,0.02501231246277737,0.0,5.123926332886772,2.349486047039136,6.196384490654376,5.04093688889135,6.250657268035724,53.56247423412939,1807.258929930413,887.9442342650535,0.49132098315278105,1021.2366927156404,0.028164226040490726,492.89998084010944,4,1,0,0,0.0,560,252.0,0.49289998084010944,479.2538479237005,309481.0190019608,815.8590817462714,500000.0,0.45068101089664914,0,0,0.0,8,E2,6,central_assign
8.570802255666006,23.411992757896243,13.26100409970764,41.113747730334964,6.705222062001458,6.951044460030426,5.533544192639965,5.533544192639965,7.959420377234437,9.147804409849504,4.312643594622662,5.584697375551833,5.047278331544432,7.2554563336034334,10.337014876782547,23.411992757896243,0.8947368421052632,0.9382716049382716,47374.080402398526,549736.351411949,549736.351411949,604,1.0,0.0,0.0,0.0,5.047045709346342,2.433600232486242,6.476151713160698,4.682324982708165,8.570802255666006,43.51826081477648,2138.115445938712,1052.7461734538463,0.49237106230793426,1206.7522938206757,0.033318650853703294,521.4828889361554,5,2,0,0,0.0,604,252.0,0.5214828889361555,459.3501634744676,284844.1007565238,886.5252333408301,500000.0,0.46094539441196536,0,0,0.0,9,E2,6,central_assign
10.872975547669983,8.205830350104367,11.22667148256491,25.62641544321195,15.15705958294464,47.59884375244694,,,,,4.29980487835598,5.65499423958877,3.708692341463757,6.133098760723077,13.191865532754775,8.205830350104367,0.9285714285714286,0.9333333333333333,13819.243346008723,516514.44304295897,516514.44304295897,540,1.0,0.0,0.0,0.0,4.722742349600154,2.3393127407885004,5.901246721437998,4.60673892524997,10.872975547669983,45.04689533033765,1716.859889649181,848.501549740697,0.49421711978726335,977.8800896088419,0.02811334476748489,426.4816724812222,2,2,0,0,0.0,540,252.0,0.4264816724812222,488.7113711387286,321424.4659069115,785.3368627688319,500000.0,0.2883421591387753,0,0,0.0,10,E2,6,central_assign
6.4774519520799565,15.926706571981413,15.248247448844268,36.26312353715103,5.31224338009938,10.780896260620738,,,7.606626892373242,7.606626892373242,4.603037837337071,5.711920900021871,3.0384990685465385,4.315724936534708,8.151101685455062,15.926706571981413,1.0,0.9714285714285714,26006.043708159235,531772.2574830158,531772.2574830158,543,1.0,0.0,0.0,0.0,4.752370080351352,2.365260846599085,6.193120547865329,4.723102801135541,6.4774519520799565,44.684972128234165,1714.6424995028674,845.6625349318945,0.49320049816628275,992.758189755702,0.02728535065531378,494.65018598764647,4,1,0,0,0.0,543,252.0,0.4946501859876465,474.8172674164975,302453.5102685678,834.8213580387329,500000.0,0.4204833744036932,0,0,0.0,11,E2,6,central_assign
3.803323280094349,5.667959413920927,4.745486174744883,6.971186737587914,5.147470522705589,5.147470522705589,,,,,4.765575046018039,5.844119075409484,2.9024196226949113,5.044090961753138,4.802912510167841,5.667959413920927,1.0,1.0,3605.0987133016765,503977.3460501888,503977.3460501888,521,1.0,0.0,0.0,0.0,4.728115376007138,2.3056215781052742,5.970511763250215,4.762819880086711,3.803323280094349,48.56127145437385,1591.6287308382682,793.1300117933293,0.49831345490704293,899.1967566873277,0.024471826051637148,342.3828515123352,2,1,0,0,0.0,521,252.0,0.34238285151233516,500.701836757525,340865.3959357023,740.2992086034801,500000.0,0.34095467557566694,0,0,0.0,12,E2,6,central_assign
3.642322050557884,4.947479983513039,5.399285969157795,10.142046777742234,4.142991082548292,5.604181581381773,,,,,3.786193446133948,5.3818308556719785,2.0366983496176205,2.361489698879086,4.840932686220238,4.947479983513039,1.0,1.0,6216.486291594783,506496.9548278934,506496.9548278934,522,1.0,0.0,0.0,0.0,3.7854160639760677,2.3218472206663137,5.376501399228347,3.7928251434877054,3.642322050557884,25.556188012916344,1587.9765934442905,789.3526758145324,0.4970808002292034,875.3310814813544,0.025773041835332935,388.08661801214066,1,2,0,0,0.0,522,252.0,0.38808661801214067,498.3012912758243,335280.07623748475,752.7679230162225,500000.0,0.5148461002526059,0,0,0.0,13,E2,6,central_assign
9.538766457734697,29.638142805743136,9.56056789246047,18.7636838544704,7.713285599416327,11.666622314196957,11.283702110067225,26.076330888581467,,,4.364972234871939,5.826095166651364,6.62895525339364,6.005170088549041,9.08264537888919,29.638142805743136,0.8620689655172413,0.9354838709677419,58929.484502104126,566652.9292862886,566652.9292862886,576,1.0,0.0,0.0,0.0,4.950769124585296,2.3474697061722054,7.636883730222507,5.170678149775316,9.538766457734697,65.54285198287941,1950.5019416882205,968.4564163595095,0.4965165097560888,1106.814586153808,0.024931454592465613,396.5614353495964,0,0,0,0,0.0,576,252.0,0.3965614353495964,445.41649463146416,264150.03621374234,955.5045498124324,500000.0,0.4632285179429204,0,0,0.0,14,E2,6,central_assign
13.805879270896659,51.291186281623276,14.929636821969833,69.36609793037042,10.477356305355856,6.457059038668376,7.556722262527144,8.767909820789464,7.851480570396916,9.702099723742275,4.971568813829788,6.067360860971292,5.421558370403663,8.872994150013083,12.350521755332588,51.291186281623276,0.8,0.8918918918918919,64862.71277757866,573615.9384122626,573615.9384122626,603,1.0,0.0,0.0,0.0,5.991286180756121,2.382458976608177,9.066370017972723,5.4366304202722615,13.805879270896659,64.41290639296764,2166.495369767264,1054.9122168622882,0.4869210576598704,1265.4634717464241,0.030719064160972632,459.2752595109158,3,1,0,0,0.0,603,252.0,0.45927525951091586,440.11900359377097,255912.76349488526,986.5052129944141,500000.0,0.47275340498283225,0,0,0.0,15,E2,6,central_assign
13.580163260356725,57.30678093070563,27.798643206862963,76.51054234176081,50.220056170983604,76.0537510093036,,,,,4.69265819088274,5.730933761622205,2.1499617730203604,2.5937467497036777,35.27244752823651,57.30678093070563,0.8421052631578947,0.75,8440.199489225186,509188.49886297405,509188.49886297405,531,1.0,0.0,0.0,0.0,5.514602844559956,2.3150864708641166,6.098620969881267,5.070879738524353,13.580163260356725,55.748068680536555,1628.132103642115,809.6219224275188,0.4972704122819044,905.9608649028992,0.024907020863657873,380.3811166179236,2,1,0,0,0.0,531,252.0,0.3803811166179236,495.6521635508015,334997.14811617386,753.3806855845077,500000.0,0.4836377555079143,0,0,0.0,16,E2,6,central_assign
3.7689964150536186,6.875977066195082,4.5615582123834395,6.649076738034457,12.101899010707438,27.085838442353182,,,,,3.9276027820262325,5.542267611350054,2.8418529107700166,4.918986707212753,7.703366878351773,6.875977066195082,1.0,1.0,10188.61735102234,511539.3687118152,511539.3687118152,538,1.0,0.0,0.0,0.0,3.985199111147977,2.3297575209353454,5.653775308242689,4.078740690749441,3.7689964150536186,24.505467634620402,1659.7350398597187,817.3903011855133,0.4924824032482916,935.2002054333028,0.029216410202385374,443.8149941681727,4,2,0,0,0.0,538,252.0,0.4438149941681727,493.49831202608163,329821.5077002162,765.3952489466554,500000.0,0.47765394056836064,0,0,0.0,17,E2,6,central_assign
4.443694268091902,7.714938137235185,6.995813774290582,11.933655200856716,12.500041843307553,37.200886261537924,32.525832757752596,42.71388446563287,36.061709114282166,36.061709114282166,4.895760964012007,5.912060975107488,8.158245164906331,22.779883328316277,14.600443933517248,7.714938137235185,1.0,0.9814814814814815,68261.72443658626,572191.6285267603,561368.4124093493,574,0.9810846304318052,10823.216117411037,0.01891536956819503,0.0,5.564055016304276,2.35835036915978,8.726350516324061,6.7879351997837984,4.443694268091902,87.50035518722335,1917.8002871611582,946.195300213365,0.4933753042731991,1158.104047022628,0.032186159803772686,467.52772321368604,1,3,0,0,0.0,574,252.0,0.467527723213686,449.7358991747377,272891.50689617236,925.1571461301307,500000.0,0.5005812297592623,0,0,0.0,18,E2,6,central_assign
10.095615802841822,31.3822173744833,13.216548740150904,10.697723635687277,19.373664277431885,52.748442063000134,,,,,4.540341848725148,5.766111219656103,3.3941375713762505,3.310621193816099,15.38964834154419,31.3822173744833,0.8571428571428571,0.9130434782608695,37728.11627304937,538786.9281851918,527296.1270711955,583,0.9786728286955643,11490.801113996251,0.021327171304435642,0.0,5.479045363762963,2.3668518402046175,7.531096743368859,5.21880381156243,10.095615802841822,55.97153105772971,2041.5155055304197,1006.4673539949306,0.49300010275133016,1170.3067614407212,0.03205217936713544,454.44852807365123,4,2,0,0,0.0,583,252.0,0.45444852807365127,478.7716722485755,310301.2122109405,813.5786732165808,500000.0,0.5076571096714716,0,0,0.0,19,E2,6,central_assign
3.089378467633062,5.174804552337264,3.6053140112914206,3.8158288993828817,5.923163883989446,9.857743630342885,8.70962334310616,8.70962334310616,5.794139536610601,5.794139536610601,5.120781826005576,5.9412313024858125,6.838972646155526,15.644857057734399,5.122910256319136,5.174804552337264,1.0,1.0,42968.20466135957,546796.3875473237,534781.0123534314,558,0.978025869468912,12015.37519389233,0.021974130531088105,0.0,5.075521810185365,2.3487598326219086,5.92421608249083,5.242183491306066,3.089378467633062,50.13852942539844,1775.8076614041697,880.1234111255378,0.49561865862748056,989.4973193068857,0.030967737817275555,479.0131837283983,2,3,0,0,0.0,558,252.0,0.4790131837283983,472.116637186938,304260.58522518893,829.811764796495,500000.0,0.29217425204235914,0,0,0.0,20,E2,6,central_assign
4.53716396886922,7.754405696341576,4.5415269194555545,6.427674497295539,5.7677150680258364,6.2119479243081965,5.860704223331595,5.860704223331595,,,4.8995340494745765,6.280171851944161,3.1952103158686844,4.911776604599799,5.01297111958263,7.754405696341576,1.0,1.0,17327.275816339392,522341.9832740221,522341.9832740221,537,1.0,0.0,0.0,0.0,4.859163809896001,2.2859600684773795,6.357669968483655,5.029209737661173,4.53716396886922,55.27256657451749,1698.2589649435959,846.9731417575766,0.49873026390042174,948.8300376360341,0.025213688710870603,383.27959896733717,2,1,0,0,0.0,537,252.0,0.38327959896733715,483.1763244781462,319134.22839032876,790.8373879917411,500000.0,0.5080905973844907,0,0,0.0,21,E2,6,central_assign
7.645406132590627,26.900485324822245,24.09484976875665,57.42247582110995,8.05957508187358,18.497253881046163,5.351520597516583,5.351520597516583,,,5.063251808834852,5.708280515443846,7.447171680917159,12.324158164200533,14.515268327711775,26.900485324822245,0.8333333333333334,0.9583333333333334,19226.136203616657,520041.7500651535,520041.7500651535,533,1.0,0.0,0.0,0.0,5.374443795627221,2.3146983067517795,6.44848363641195,5.131549551398425,7.645406132590627,51.47541091902283,1651.3826216586526,814.2789261151399,0.49308919413071955,944.8505441591493,0.027741279645875503,402.56137573371666,3,2,0,0,0.0,533,252.0,0.40256137573371664,485.35057299555547,322329.6687603208,783.0571797702439,500000.0,0.3647649580536864,0,0,0.0,22,E2,6,central_assign
4.657243982028973,5.936220360824794,4.801067211216796,5.834701973929907,17.849572660035612,48.93482119359905,31.485905808078954,52.49333541302234,,,4.569950643950103,5.789531324126665,3.1169811506609335,5.0017734975653525,11.140885545075847,5.936220360824794,0.9743589743589743,0.9705882352941176,44840.47463850063,546785.5630729868,534074.9817859603,584,0.9767539925238847,12710.581287026522,0.023246007476115223,0.0,4.862269206321844,2.3901441956049894,5.913637563407793,5.312511711938704,4.657243982028973,59.34848887070873,2059.020228549376,1020.2673422709859,0.4955110824675026,1154.7989416823225,0.02973291809596992,487.65977358985793,3,1,0,0,0.0,584,252.0,0.4876597735898579,472.75695058634784,300921.07062442775,839.0494532325838,500000.0,0.4548775349562105,0,0,0.0,23,E2,6,central_assign
22.695616873771876,46.83034652625683,34.698466775873385,65.86727636410406,27.740487296970414,59.47967140225792,53.927231592108,58.514006457775395,,,4.303694679387702,5.2707186051431565,3.128000800096844,4.8254873973211945,33.08751439736288,46.83034652625683,0.5263157894736842,0.7647058823529411,34421.87232108315,535140.8176419535,523443.16914699145,543,0.9781409899799709,11697.648494961977,0.021859010020029008,0.0,5.722889103972066,2.336224481064619,5.9248807263566965,5.810844201923698,22.695616873771876,68.3857615587095,1718.0739070642453,851.3703573587004,0.49553767964119627,945.7251574412568,0.027167961835366194,387.3344388749993,2,2,0,0,0.0,543,252.0,0.3873344388749993,482.16759586368863,314058.2434769835,803.6322551022985,500000.0,0.4934994576021954,0,0,0.0,24,E2,6,central_assign
2.3600304149408657,2.3600304149408657,,,,,,,,,5.040244008205318,5.971047756958161,,,,2.3600304149408657,1.0,1.0,209.99028817615883,500209.99028817617,500209.99028817617,501,1.0,0.0,0.0,0.0,5.034894280474251,2.264574616126538,5.969591206412588,5.03911884310316,2.3600304149408657,48.2193722903773,1460.336359888667,728.4162235771645,0.49880030627512245,833.5916772389261,0.02597250552511895,359.2334668297541,3,2,0,0,0.0,501,252.0,0.3592334668297541,504.50658396775117,345774.32054820645,729.8379852694898,500000.0,0.3715456741053531,0,0,0.0,25,E2,6,central_assign
5.607772156816406,7.420507520539104,8.934413760492362,19.062944222314854,7.329916042938748,18.09957178490331,,,,,4.770716667343605,5.780413894388767,5.019399799726216,9.633239454721663,8.070453451040416,7.420507520539104,1.0,1.0,8275.236379187336,508449.34756596206,508449.34756596206,528,1.0,0.0,0.0,0.0,4.871282805793966,2.325028790472061,7.07889389018292,4.817566693059872,5.607772156816406,49.111458748221644,1631.6691450692217,811.8369010973908,0.49754994972522415,943.087321507634,0.025505849973019686,354.352119792212,6,0,0,0,0.0,528,252.0,0.35435211979221204,496.3215182158412,333569.62702495896,756.526768850301,500000.0,0.34647980218319346,0,0,0.0,26,E2,6,central_assign
3.6939017958304183,5.6852333300596,4.799375454535387,7.6298972794540525,9.729986561854426,21.021436022812622,,,,,4.837582944066236,6.97399723643175,7.572814556545424,17.38939831851836,6.912494500529261,5.6852333300596,1.0,1.0,12370.949722949961,513597.1255335828,513597.1255335828,536,1.0,0.0,0.0,0.0,4.902730478795741,2.3187872241524374,7.122523265031816,4.942683467145698,3.6939017958304183,49.12359829074709,1695.0553841334233,840.1095418260421,0.49562365317964996,977.8545301691762,0.027198755996564166,412.97525910468653,4,1,0,0,0.0,536,252.0,0.4129752591046866,491.46103572302803,326463.2724460106,773.1741870009217,500000.0,0.46609429165292593,0,0,0.0,27,E2,6,central_assign
13.178463700175541,42.91916553739084,10.396485030974965,22.45915077139945,16.896735837445778,39.416654419046154,17.58221920769016,18.934233576464905,6.738258206029485,6.738258206029485,4.0917802630602,5.344467554274252,3.5208947841188376,4.8810829399859585,13.73229585549092,42.91916553739084,0.75,0.9642857142857143,26590.43369586375,528937.8456762048,528937.8456762048,537,1.0,0.0,0.0,0.0,4.5784987823073395,2.34863651526706,5.64253281311667,4.672011440075339,13.178463700175541,36.41089484991279,1697.154405634671,836.9263191452387,0.4931350479170221,982.985575395512,0.030416670197102143,458.0819303311288,2,3,0,0,0.0,537,252.0,0.45808193033112876,477.29252878017013,306494.33956880204,823.6957403047217,500000.0,0.49509113005251426,0,0,0.0,28,E2,6,central_assign
5.817666494027616,13.586031593112608,15.316913305229827,34.14347937292132,15.798614680876717,35.84290131541599,66.37942865390221,96.57149314739009,33.455709637632104,73.20459329286496,4.752078731278866,5.784400251161964,4.844672708051777,5.983103553911817,18.749171202345295,13.586031593112608,1.0,0.9459459459459459,77164.28456252046,584688.0408818187,584688.0408818187,599,1.0,0.0,0.0,0.0,6.067126612164876,2.4355435078434766,9.507017770849425,8.245039108926301,5.817666494027616,125.18737916991849,2130.420165224799,1049.8113081218005,0.49277195421731557,1235.1706470962224,0.03363335308080381,555.0401718896554,3,2,0,0,0.0,599,252.0,0.5550401718896554,431.9483596602891,256694.670906366,983.8733281066582,500000.0,0.47296347056055577,0,0,0.0,29,E2,6,central_assign
2.5499829388466395,3.5023782031219524,4.2610144063562005,6.903539584201463,4.4522254500898555,9.26429022314528,,,,,23.06585116652668,29.778070032130927,4.577376616382723,11.495840005034097,4.32139684121946,3.5023782031219524,1.0,1.0,13968.57625752051,515078.73700219905,515078.73700219905,554,1.0,0.0,0.0,0.0,21.167117069601154,25.704708293036674,28.972819365854185,22.495122969522548,2.5499829388466395,422.7022539606049,1774.3315166336859,878.9945365390518,0.49539476039218766,989.3951998575103,0.02636436282550099,482.57479805061246,2,0,1,19,102.4925070669722,529,252.0,0.48257479805061243,490.18248407519235,325610.7637506437,775.4122495514446,500000.0,0.4307734636388245,0,6,18.34201099670723,0,E2,6,marketplace
2.808305534711735,4.589128089434598,3.4863614366680147,4.1764803882660715,4.446788411955867,5.739475942319951,8.674083300432963,12.863120309531405,,,23.4062737985094,28.972819365854775,3.804224068206135,5.519366636115501,4.9410257557918795,4.589128089434598,1.0,1.0,22776.714596747763,525519.2910413912,524519.2910413912,535,0.9980971202826477,0.0,0.0,1000.0,22.089082500066162,25.704708293039573,28.97281936585414,22.56947769769211,2.808305534711735,421.5862048666063,1683.0253460705928,847.2725954353638,0.5034223622439883,931.1661339260911,0.028124176034152404,461.99018046636496,7,0,4,18,0.0,511,252.0,0.461990180466365,481.32069590657613,310977.2946882325,811.8341579682526,500000.0,0.48484047011598463,0,7,19.01035585292252,1,E2,6,marketplace
21.592190825098587,105.59931949452658,3.3796565889658723,3.8953470297034074,4.26289322650761,7.39894734543077,4.909406811610097,5.151611801888066,,,23.810424472909276,28.81416008232827,7.379204975206159,12.75085937941094,3.902089105874552,105.59931949452658,0.8181818181818182,0.8947368421052632,29310.196036041838,532277.3226155266,516873.34282247716,548,0.9710602365748803,14403.979793049497,0.02706104352195697,1000.0,22.81028228203496,25.70470829303963,28.815355507192635,23.353515546667303,21.592190825098587,446.83063182589876,1753.501882484997,874.6143070760734,0.4987815044923721,944.3861901286031,0.025337789899396775,411.07556842032875,4,0,0,11,70.60854831819339,531,252.0,0.4110755684203287,488.342219759459,321250.960134196,785.7130620340583,500000.0,0.4611774006436441,0,6,16.062126917574147,2,E2,6,marketplace
4.066032155075964,7.698618996143523,7.633485478904181,16.19326764915677,9.987876503605913,22.104929351653936,31.64986656911333,31.64986656911333,53.04494901963517,53.04494901963517,23.419199191165887,28.82583531991895,4.2864614497583,9.232298692043523,9.61516428462195,7.698618996143523,1.0,1.0,28096.063942230638,531327.860284328,530327.860284328,561,0.998117922897051,0.0,0.0,1000.0,21.610549889671486,25.704708293036674,28.811769232597726,23.259107128748653,4.066032155075964,455.7564388866974,1851.321619634862,910.6197807341572,0.49187551804951085,1004.9071286455844,0.02689004498547316,514.6143131558086,1,0,3,16,0.0,542,252.0,0.5146143131558086,476.1481212353686,303829.7085576251,831.1057385135965,500000.0,0.4178651628486325,0,6,15.673061002482257,3,E2,6,marketplace
2.459097099828265,3.4469050600897395,3.3891743716144447,4.152966642855245,2.779160306168554,3.3365866559621287,,,61.55593631435897,106.29118199370835,23.669044544524205,29.048866484836154,5.76062490659886,4.6805595689982065,3.066225748731326,3.4469050600897395,1.0,1.0,32491.15341102122,538255.453584505,538255.4535845051,550,1.0000000000000002,0.0,0.0,0.0,22.0525670076399,25.40359411524173,28.972819365853866,25.243053111284002,2.459097099828265,491.6973652162235,1720.389477099762,856.6517637535591,0.49794059726388545,911.3513592523815,0.026502627569219877,430.93831676446666,6,0,1,20,0.0,522,252.0,0.43093831676446664,468.9798062159964,303679.2937917367,831.2418511150834,500000.0,0.4610878646446882,0,8,23.72767205475644,4,E2,6,marketplace
5.412315663297201,6.320324377074215,21.646550393546594,70.55976701093178,22.813489339043066,68.2568326652201,12.449417751339903,18.076496278774812,,,23.07705524967928,28.972819365853866,2.935446823924771,4.883627199501234,20.196103513604083,6.320324377074215,0.9629629629629629,0.8771929824561403,43452.69323580841,547328.4080016714,546328.4080016714,572,0.998172943363837,0.0,0.0,1000.0,21.52872962777955,25.382608026528942,28.972819365853866,22.103857415946266,5.412315663297201,438.79162305919897,1891.333559629902,936.4030040186583,0.4951019872993183,1004.9409093944233,0.027766512971712128,508.81048317811656,4,0,3,20,0.0,547,252.0,0.5088104831781165,462.1923494822286,284936.8859803455,886.1920758851691,500000.0,0.41807762740136045,0,10,31.100191228296,5,E2,6,marketplace
3.2479626485911957,5.602982332565853,7.611739490706266,11.952067023708423,3.942376560470263,7.24755779619991,27.226491638038,32.50902754069396,,,23.439725835610382,28.97281936585432,8.51805943604474,9.656859561724565,9.810633993942721,5.602982332565853,1.0,1.0,31608.77227884693,533346.8920584851,533346.8920584851,565,1.0,0.0,0.0,0.0,21.516806832723805,25.70470829303963,28.972819365853866,22.986401195883957,3.2479626485911957,448.6581965169185,1857.2431680069374,928.3430056576043,0.4998500043770987,1022.9899534791866,0.02801710747388334,501.13516395319516,3,0,2,19,0.0,542,252.0,0.5011351639531951,473.4275926675218,301970.68757197703,836.177634306865,500000.0,0.4603402603196446,0,9,30.87370814252774,6,E2,6,marketplace
3.332775227461618,5.2720358715973905,7.969915613602968,24.850848617458375,2.294906864428984,2.525976828063057,24.971048476375742,25.626242312677128,12.088653239364135,12.088653239364135,23.484111367690737,28.972819365853866,4.350447721504724,5.64195405064544,7.258548404560455,5.2720358715973905,1.0,1.0,40773.60461111535,544565.4292464787,543565.4292464787,581,0.9981636733690867,0.0,0.0,1000.0,20.85230124831784,25.382608026528942,28.81176923259909,22.42428491998183,3.332775227461618,446.3750793798367,1913.8691835054697,950.7240720209171,0.4967549925640986,1045.1511694745284,0.025976995806996736,436.0602710525948,0,0,1,15,0.0,558,252.0,0.4360602710525948,464.40786460793464,290548.21673314105,868.8267410806611,500000.0,0.44625416973481047,0,14,39.93034894846886,7,E2,6,marketplace
5.220973225281382,13.505549989173781,8.719796421553298,18.5124667473708,4.6253430869959775,6.487931043013852,5.159550367641145,5.271609509385485,,,23.602054030388512,28.972819365853866,3.105358690623177,4.83996396989337,6.0959535755937555,13.505549989173781,0.96,1.0,38363.5914215517,540361.5398106,526845.8481339898,560,0.9749876875372228,13515.69167661024,0.02501231246277737,0.0,21.623254611343615,25.704708293036674,28.972819365853866,22.67915171351615,5.220973225281382,434.3844785321315,1769.390360467067,881.6246409551427,0.4982646343356475,966.6676833294453,0.02732160353968508,462.2781474436423,4,0,1,17,0.0,538,252.0,0.4622781474436423,479.195724976533,309443.48576358473,815.8590817462714,500000.0,0.4766500793979743,0,14,39.82214589491774,8,E2,6,marketplace
7.827286777990154,14.942010218028082,5.678919244820993,13.518541311911482,5.955185795102289,9.992216265204572,5.37202906352104,5.37202906352104,7.013721707962304,8.32707582351677,23.470645504066198,29.09879681289403,5.41247909562646,10.027831962857817,5.787428726768979,14.942010218028082,0.9210526315789473,0.9753086419753086,47374.080402398526,549736.351411949,548736.351411949,603,0.9981809461982428,0.0,0.0,1000.0,20.54036143245075,25.382608026528942,28.811769232598817,22.031202325198365,7.827286777990154,436.9719230685653,2090.974781492136,1046.4507941210504,0.5004607436605691,1148.8388336919434,0.030899911258595647,579.9936425836434,5,0,1,20,0.0,579,252.0,0.5799936425836433,460.2938970466821,285177.86967287946,885.6928271899639,500000.0,0.43290826202412525,0,12,39.69726220577018,9,E2,6,marketplace
2.7163740662100997,3.6457442423553426,6.461761911244878,11.351547313466197,8.381443900881749,16.583160971526915,,,,,22.886377474878252,28.81176923259934,3.657473761575807,6.880694623766997,7.421602906063313,3.6457442423553426,1.0,1.0,13819.243346008723,516514.44304295897,516514.44304295897,540,1.0,0.0,0.0,0.0,21.54914510829414,25.704708293039516,28.811769232597726,22.38063058264451,2.7163740662100997,421.5870677211628,1686.5500032406903,841.3532702709841,0.49886055477414337,907.3623939922563,0.024677634112847197,430.72313795684727,2,0,2,15,0.0,522,252.0,0.43072313795684725,488.7195828461315,321429.866730019,785.3368627688319,500000.0,0.44142360838101435,0,9,22.116132831838645,10,E2,6,marketplace
5.837793860261242,11.730469590122993,8.651350557717024,16.64689462723609,3.7489610084679725,5.944583772604255,,,7.868263984289115,7.868263984289115,23.333215610228958,28.972819365853866,3.193485729315171,4.710388534562663,5.149643736824844,11.730469590122993,0.9523809523809523,1.0,26006.043708159235,531772.2574830158,531772.2574830158,543,1.0,0.0,0.0,0.0,21.89966694767037,25.704708293036674,28.779750389583526,22.32789812260953,5.837793860261242,424.19138451693016,1644.4121445318663,819.4391686641014,0.4983173904358269,917.4339936714638,0.0256346082028637,433.0757813861721,4,0,0,19,0.0,513,252.0,0.4330757813861721,474.7014764858218,302379.75268677075,834.8213580387329,500000.0,0.4563377431404412,0,6,18.645038347079122,11,E2,6,marketplace
4.5427148901898295,9.401863044803125,4.427854607328072,7.818715693633521,4.225080002754112,4.225080002754112,,,,,23.507274001259386,28.811769232597907,4.047215903106722,8.75661199210208,4.398886806674649,9.401863044803125,1.0,1.0,3605.0987133016765,503977.3460501888,503977.3460501888,521,1.0,0.0,0.0,0.0,22.734277780862744,25.70470829303963,28.811769232597726,23.35218768965728,4.5427148901898295,433.193684388781,1541.9928327973184,775.3010969614193,0.5027916346115248,864.5838586220397,0.023854869297112037,379.8710615804081,3,0,0,14,0.0,500,252.0,0.37987106158040806,500.7762214701751,340916.03520376096,740.2992086034801,500000.0,0.48456743857403384,0,6,18.89355428603274,12,E2,6,marketplace
2.741085767913364,4.336806901857493,3.234318318252464,4.878364672661701,3.3065723862563345,5.082577564191661,,,,,22.549976164663203,28.82787424592498,2.0156666341827587,2.800187409131735,3.2664312373652953,4.336806901857493,1.0,1.0,6216.486291594783,506496.9548278934,506496.9548278934,522,1.0,0.0,0.0,0.0,21.717227936364193,25.704708293039545,28.811769232598955,22.305257436060366,2.741085767913364,416.89541390855163,1553.2338773263764,775.7554945866942,0.49944538675786754,857.3929190139444,0.022798809197230183,373.2514110434848,2,0,0,14,0.0,506,252.0,0.37325141104348475,498.27200145122174,335260.3686934794,752.7679230162225,500000.0,0.45367084900869303,0,6,15.899649543340535,13,E2,6,marketplace
8.96886788594784,29.11590341108411,8.671765616262734,14.586338400828982,6.4435963211854315,7.336425519182171,8.501632584286142,13.04098368047134,,,23.508371630265618,29.37256782687383,3.0665026306741248,5.380652096852101,7.550196738170323,29.11590341108411,0.896551724137931,0.9354838709677419,58929.484502104126,566652.9292862886,566652.9292862886,576,1.0,0.0,0.0,0.0,21.36522658509437,25.382608026528942,29.125066199592766,21.691802222551903,8.96886788594784,445.02945354489196,1900.2087652971013,956.0807112411417,0.5031450905299116,1041.2328845866186,0.025889754543397155,448.63998108896385,0,0,2,22,0.0,547,252.0,0.44863998108896386,445.5084001754891,264204.53992672794,955.5045498124323,500000.0,0.45123224612579904,0,15,49.5300618008764,14,E2,6,marketplace
10.560449590548426,41.19135735423853,15.906485477075941,40.93889168544865,9.753965972797149,4.675293146604417,6.444513425352203,8.043765538817388,7.143042659128923,8.176248719180558,24.28752141053146,28.97281936585432,4.155524411339103,10.686275985471188,12.472856787098175,41.19135735423853,0.8285714285714286,0.9459459459459459,64862.71277757866,573615.9384122626,573615.9384122626,603,1.0,0.0,0.0,0.0,21.768330182514376,25.382608026528942,28.97281936585432,22.145961809875903,10.560449590548426,449.0834813794471,2086.402259792761,1027.955559464613,0.492692890184426,1183.311049640666,0.032561830252527665,562.5090962815962,5,1,1,18,0.0,569,252.0,0.5625090962815961,440.29897390117986,256017.40950730452,986.5052129944141,500000.0,0.46371126359999426,0,5,12.399877318666658,15,E2,6,marketplace
4.987511578056217,14.479178295617384,8.149493716340151,17.43374288554878,34.01967026822209,65.23908835396979,,,,,23.679941002287052,28.972819365853866,2.959320575187197,3.9671929699394695,16.7728859003008,14.479178295617384,1.0,0.9642857142857143,8440.199489225186,509188.49886297405,509188.49886297405,531,1.0,0.0,0.0,0.0,22.776962628916877,25.70470829303963,28.844361626521277,23.429550067815608,4.987511578056217,440.629749732403,1550.6349528422882,771.5596269727321,0.49757657375030534,848.8522499220069,0.023426770188800346,411.56605446438164,1,0,1,18,0.0,504,252.0,0.41156605446438166,495.71340793852056,335038.54144950875,753.3806855845077,500000.0,0.4423679386525744,0,4,10.628445883800357,16,E2,6,marketplace
3.183240061557698,5.735933218704667,3.7510945936745492,5.919639381505841,11.866116625784377,26.496528871271693,,,,,23.491239268411125,28.658442337036472,3.028017223029286,4.8137389668245305,7.132353773720311,5.735933218704667,1.0,1.0,10188.61735102234,511539.3687118152,511539.3687118152,538,1.0,0.0,0.0,0.0,22.1417558919459,25.70470829303963,28.11292636445227,23.188755225235244,3.183240061557698,430.4896962334366,1627.415530455527,804.5515143696646,0.4943737474008645,883.6348954119057,0.027839966360919944,570.4485166634938,5,1,0,11,0.0,524,252.0,0.5704485166634938,493.7458658415664,329986.95623503474,765.3952489466554,500000.0,0.3915268185092904,0,6,15.673061002482253,17,E2,6,marketplace
8.42422815764815,21.750432043522057,8.6467459878113,15.314350604845455,6.393849173732815,18.02224652853819,6.354808800927155,10.50991410009783,31.349824168785744,33.093739622278555,23.16172385987529,28.81176923259909,7.179554041969641,17.95585343783987,7.1130338803118764,21.750432043522057,0.9130434782608695,1.0,68261.72443658626,577118.2182746406,576118.2182746406,575,0.9982672527597732,0.0,0.0,1000.0,21.179569101165757,25.382608026528942,28.811769232597726,22.124485823130286,8.42422815764815,458.2134029920693,1874.3503041637384,923.7683450070676,0.4928472244249011,1077.9733115505376,0.02819059592694279,471.22266451921575,2,0,11,27,4982.697451618761,540,252.0,0.47122266451921574,438.2281529312166,261402.03437353647,965.8349571363498,500000.0,0.4612010269209046,0,3,7.517739574218373,18,E2,6,marketplace
9.8460042559647,35.00937144676646,5.912966087784691,11.331949700897134,9.924556323184618,29.164901342825218,,,114.13478743119595,114.13478743119595,24.04743480894519,28.8576403200208,3.414496878781173,4.756199519556321,7.328821464984665,35.00937144676646,0.8285714285714286,0.9855072463768116,37728.11627304937,538786.9281851918,537786.9281851918,583,0.9981439787276052,0.0,0.0,1000.0,21.878898442823374,25.382608026528942,28.972819365853866,25.322753646993192,9.8460042559647,491.56730864254155,1953.244868912292,971.6647450448922,0.4974618187969363,1064.2056922527881,0.028364343671292053,471.75372310760747,3,0,2,16,0.0,545,252.0,0.47175372310760744,469.4642812816132,295392.7909461626,854.6984268452318,500000.0,0.47002175638066157,0,14,39.876699327964104,19,E2,6,marketplace
4.680343962161893,4.838052138481681,4.309581355097339,6.628173147806933,9.476610419861254,22.366211282072438,7.597944494584681,7.597944494584681,7.993984659122418,10.533077766998042,24.551110647502966,29.41233424705188,5.177650817471027,9.425840192587986,6.957173033579786,4.838052138481681,0.9285714285714286,1.0,42968.20466135957,546796.3875473237,546796.3875473237,559,1.0,0.0,0.0,0.0,22.52651080875513,25.704708293039857,28.972819365854413,23.10453555817186,4.680343962161893,457.06053775626447,1734.0106984744002,857.3926084085747,0.4944563543713526,954.4830300301637,0.0269854855911527,483.6766628967402,4,0,2,15,0.0,535,252.0,0.4836766628967402,461.75081330625096,294680.53320521914,856.8047366979073,500000.0,0.4476504632748285,0,4,9.07867365912648,20,E2,6,marketplace
3.7045649306241843,6.549781547953179,4.122440352842477,6.118068870450043,4.713399511683974,4.958261054703735,4.820118274277775,4.820118274277775,,,23.07854465882389,28.972819365853866,6.025937363516833,9.575147880076115,4.357389882732264,6.549781547953179,1.0,1.0,17327.275816339392,522341.9832740221,522341.98327402206,537,0.9999999999999999,0.0,0.0,0.0,21.7922833954524,25.704708293039516,28.811769232598362,22.39797824645259,3.7045649306241843,431.79992659824774,1655.4253208818732,827.0492498941501,0.4995992506950219,890.4613461590699,0.023206144696102136,387.8910587247003,1,0,0,13,0.0,517,252.0,0.3878910587247003,483.1851529083798,319140.0595002729,790.8373879917411,500000.0,0.43974231046822254,0,7,18.535251373110622,21,E2,6,marketplace
4.792011421813527,12.405762915333073,12.29261268592104,25.09086171117906,5.309324704458352,12.318012202655154,4.675293146604872,4.675293146604872,,,22.99677620109174,28.972819365853958,5.711725471975064,11.98725515896622,8.166192066913348,12.405762915333073,1.0,1.0,19226.136203616657,520041.7500651535,519041.75006515346,532,0.9980770774656559,0.0,0.0,1000.0,21.959201683190372,25.704708293039516,28.903280639370898,22.30594929512217,4.792011421813527,424.2790910643144,1565.6699984426543,771.6256176847211,0.49284052096051156,862.3308640862688,0.024000157118682867,412.40119770360604,3,0,0,15,0.0,507,252.0,0.41240119770360606,486.30462032393194,322685.25583737757,782.2247736193776,500000.0,0.44070272342060823,0,6,15.673061002482253,22,E2,6,marketplace
3.867656140036254,6.526501355863368,6.76867945046637,12.764504476795299,9.744654000288122,17.33729918939402,25.949089922721427,43.3841525129998,7.3065282157919285,7.3065282157919285,23.291998504676958,28.81176923259934,3.546753370743801,7.263786699465129,9.117664500215598,6.526501355863368,0.9743589743589743,1.0,44840.47463850063,546785.5630729868,546785.5630729868,585,1.0,0.0,0.0,0.0,20.72701657171596,25.467722731671984,28.80179850727036,22.140852990983188,3.867656140036254,436.61124457593246,2037.841314922798,1003.2973997229936,0.4923334277188324,1074.120522365819,0.030154473156027685,605.1322046337575,3,0,5,16,0.0,562,252.0,0.6051322046337575,461.9820808453115,291152.4901541328,867.6042305903255,500000.0,0.40387772190635385,0,10,31.575295708107895,23,E2,6,marketplace
19.922236589655576,45.68690442036677,24.098793525893598,46.973358735649164,35.11900552241064,84.70842463361933,72.05407436232872,84.16848867486496,140.2939689275163,140.2939689275163,23.35313151422205,28.811769232599136,2.289643531544041,3.5218796027933426,37.10495816866184,45.68690442036677,0.5789473684210527,0.7647058823529411,34421.87232108315,535140.8176419535,535140.8176419535,544,1.0,0.0,0.0,0.0,23.47897681168349,25.704708293039857,29.778070032130927,26.965103170077757,19.922236589655576,521.3494915576239,1632.713992771078,813.2650623408117,0.4981062610730251,901.363801613451,0.027021240372642766,404.8125517764846,3,1,1,17,0.0,511,252.0,0.40481255177648456,471.6605503276203,304134.63365696435,829.9114425635119,500000.0,0.5224223155334965,0,9,24.30997834625173,24,E2,6,marketplace
1.7167200018366202,1.7167200018366202,,,,,,,,,23.006376100789414,28.811769232597726,,,,1.7167200018366202,1.0,1.0,209.99028817615883,500209.99028817617,500209.99028817617,501,1.0,0.0,0.0,0.0,22.963881777238605,25.70470829303963,28.811769232597726,22.99743861232219,1.7167200018366202,424.92234251013156,1410.4447317821187,707.596571843397,0.5016833030737318,764.5805024737544,0.021400763178160906,307.5045195147819,3,0,0,18,0.0,483,252.0,0.30750451951478197,504.40316950518684,345703.4432461764,729.8379852694898,500000.0,0.3167151142847806,0,2,6.686917343769473,25,E2,6,marketplace
6.814427478717996,12.97030311807248,7.444355622088476,16.12345934887753,8.153185105894668,20.34798745530934,,,,,23.570179373915785,28.837295375868777,3.4143579743097234,5.596395998871504,7.826033036445656,12.97030311807248,1.0,1.0,8275.236379187336,508449.34756596206,507449.34756596206,527,0.9980332357494661,0.0,0.0,1000.0,22.679077934005516,25.70470829303963,28.811769232597726,23.311122210228344,6.814427478717996,426.0523220723955,1547.6765227872647,774.9539631991582,0.5007208882405974,842.8809394846613,0.02697619167071038,421.06591252516523,5,1,0,14,0.0,500,252.0,0.42106591252516523,497.43105814066223,334025.3393062846,755.6943626994347,500000.0,0.5091172623522435,0,4,12.984768772447051,26,E2,6,marketplace
2.9808470033368857,5.105174867504139,4.279010217811994,6.288002690982238,3.9099896163226426,5.22372980704381,,,,,23.469682534315616,28.972819365853958,7.424016361727325,15.980395863868734,4.120858531459414,5.105174867504139,1.0,1.0,12370.949722949961,513597.1255335828,512597.1255335828,535,0.9980529486044901,0.0,0.0,1000.0,22.187266528980295,25.70470829303963,28.90839931255196,22.950122300765624,2.9808470033368857,429.10460548124905,1636.328263078636,809.781822635466,0.49487736715609787,870.8804870211371,0.02551316017025631,444.9682197815345,4,0,1,18,33.50503363981419,508,252.0,0.4449682197815345,492.4822158473899,326856.54781220737,772.3417808500554,500000.0,0.46539177601691495,0,9,27.530471629802207,27,E2,6,marketplace
4.271615426668869,8.34477095557105,5.83302499683197,10.108690466430353,4.787476599711543,8.37957405925276,7.883380213610238,9.994598779853359,6.47965864249619,6.47965864249619,22.686784132134818,28.610558946800438,3.5083719100419586,4.459532364173787,5.6972387500090935,8.34477095557105,1.0,1.0,26590.43369586375,528937.8456762048,527937.8456762048,536,0.9981094186998066,0.0,0.0,1000.0,21.45087149436246,25.70470829303963,28.16563777729948,21.77956033056917,4.271615426668869,418.45029527432376,1651.4922805551707,824.4350184340673,0.49920609871511035,923.4443150176181,0.02512143281099033,425.11666311013346,2,0,0,21,0.0,514,252.0,0.4251166631101334,478.1341567581569,306764.3266942707,822.8633341538554,500000.0,0.4622458587247692,0,11,34.513924888249875,28,E2,6,marketplace
5.337335587515449,10.368990010815395,8.458000298699977,22.97285454676637,9.362170859501488,21.039814402485504,67.69727664544268,98.37949194157281,31.028165448228794,67.72672917083719,23.535063309057456,29.296008752628815,4.648304722901096,5.873128811606094,12.61254035077215,10.368990010815395,1.0,0.972972972972973,77164.28456252046,584688.0408818187,584688.0408818187,599,1.0,0.0,0.0,0.0,21.213775487294996,25.704708293039516,28.972819365854413,23.830883984872294,5.337335587515449,502.4800483555289,1999.5367790705075,983.3064654469496,0.49176713113726445,1132.4409305094987,0.030059995586604025,547.7244790917925,3,0,4,25,129.34383220056782,562,252.0,0.5477244790917926,431.93584753025334,256687.2353020164,983.8733281066583,500000.0,0.44325290950485474,0,3,10.986748796722473,29,E2,6,marketplace
6.861452362971847,19.260748841861137,11.650554902308574,32.946393770590305,6.739318730771449,12.62623654023264,,,,,12.844787257841627,48.40006756652258,12.423643384741943,37.23346544670676,10.099638216560008,19.260748841861137,0.9583333333333334,0.9767441860465116,13968.57625752051,515078.73700219905,515078.73700219905,554,1.0,0.0,0.0,0.0,12.483071640756208,1.76912734634152,45.84369071124422,12.689245618997742,6.861452362971847,233.3501968391091,1813.9273921515764,894.2536359405739,0.49299307117241425,929.2355049795447,0.015175445609867961,271.4573523992372,2,0,0,0,0.0,554,357.0,0.27145735239923724,693.6249386486982,460750.3396536117,775.4122495514446,500000.0,0.6290879699876596,0,0,0.0,0,E2,8,inhouse
5.6946178041482085,5.09268609818373,4.343463670325633,5.887168840031109,4.6252642471818035,5.917414686946449,26.538375780822207,39.82552900247883,,,12.340505038751125,52.50248563068487,3.308957286095347,4.705112748922875,8.45575693864942,5.09268609818373,0.9333333333333333,1.0,22776.714596747763,523156.8520526396,516542.70848175854,531,0.9873572456426213,0.0,0.0,6614.143570881042,11.987250280966865,1.76912734634152,50.17851416641497,12.382348232738437,5.6946178041482085,1510.4240403219658,1662.9554293579306,825.4670672964256,0.49638556315074517,837.7176170663058,0.01714148865972323,300.3246035817764,2,2,0,0,0.0,531,357.0,0.3003246035817764,691.714970972627,456753.9362234786,782.2599790990382,500000.0,0.693832821658818,0,0,0.0,1,E2,8,inhouse
17.896546933900865,94.06676412018514,4.266366138981709,6.959506568985785,21.203214966629805,56.746319244404276,,,,,11.51007722163492,43.64834595298018,11.048467200813661,24.08698070231661,11.525015636545179,94.06676412018514,0.8636363636363636,0.8888888888888888,29310.196036041838,530894.1092591553,511928.95770149544,546,0.9642769598929528,14403.979793049497,0.027131549478199637,4561.171764610332,11.759336143375545,1.76912734634152,43.98149536299752,11.734294071378539,17.896546933900865,1551.385083893761,1749.1834684916494,851.9524231128124,0.48705721181292977,893.0830646440338,0.017590383319183434,311.07950024516015,1,2,0,0,0.0,546,357.0,0.3110795002451601,697.9700486265369,465851.6358901214,767.0061710044585,500000.0,0.609154337297328,0,0,0.0,2,E2,8,inhouse
3.7306964992231797,5.987059870974008,5.0905337139131195,8.317106907678317,15.672923770150476,33.18168128108494,,,4.957937423035219,4.957937423035219,11.568326726217562,44.86634233696447,13.988140998457329,37.98248371827232,9.121920402003541,5.987059870974008,1.0,0.9772727272727273,28096.063942230638,530369.5763930491,523167.5511561676,558,0.9864207421438815,0.0,0.0,7202.025236881476,11.197730253469478,1.76912734634152,41.05780398122318,11.478692533295455,3.7306964992231797,1102.2406745780495,1866.0825554658659,912.8615547507945,0.489186050251083,936.865930868293,0.020198498513515416,392.5509053998806,2,3,0,0,0.0,558,357.0,0.3925509053998806,683.1321057959055,445328.8691781016,802.5362280352566,500000.0,0.6662712753341786,0,0,0.0,3,E2,8,inhouse
5.323956069947233,7.502423076546804,4.972557819532085,7.828766626193919,3.435285929506588,5.024430853714148,,,4.3163971580943326,4.3163971580943326,12.691998658842207,46.705043158274805,6.236124954645959,10.98869157082245,4.158707995400939,7.502423076546804,0.9444444444444444,1.0,32491.15341102122,534209.4492904893,521325.49254426855,548,0.9758821998312972,12883.956746220842,0.02411780016870289,0.0,12.028610348933968,1.76912734634152,41.24190160625919,12.343073913359873,5.323956069947233,221.58630380271637,1765.6075578412415,873.4599502723075,0.49470786777796893,907.9016081340638,0.017232347477329414,317.90783702771165,4,1,0,0,0.0,548,357.0,0.3179078370277117,685.4027147093442,450471.84253663063,793.2080856040895,500000.0,0.6654436796092987,0,0,0.0,4,E2,8,inhouse
5.405667122358659,11.402577650525753,17.292144470419583,60.85782618072605,30.501938233216674,80.88174256516314,6.076939494164071,7.273649276835568,,,12.793053005845767,56.21153710540514,11.01529724628292,24.672629956587116,19.91358973754694,11.402577650525753,0.9629629629629629,0.9107142857142857,43452.69323580841,547328.4080016714,541678.0735654569,572,0.9896765189717738,0.0,0.0,5650.334436214562,12.755626527195727,1.76912734634152,55.1014614751388,12.627667859672403,5.405667122358659,435.0266941316867,1913.5002566767537,938.545519997082,0.49048622633951905,1003.8614517380753,0.01799157253924625,327.4520538074793,2,1,0,0,0.0,572,357.0,0.32745205380747927,659.6675580788996,411938.5220991472,867.429077117979,500000.0,0.6073282058165183,0,0,0.0,5,E2,8,inhouse
3.559015805048117,6.030730629249002,9.816853768217488,23.30919865111874,8.801806054064238,20.98346260794389,4.253201594907523,4.253201594907523,,,11.978343576117167,46.97992265150361,9.09576838678839,22.4564414504932,9.213568712389739,6.030730629249002,1.0,1.0,31608.77227884693,533346.8920584851,520262.80574243143,562,0.9754679618258301,0.0,0.0,13084.086316053657,11.388886410299582,1.76912734634152,41.0940811042586,11.816038643219235,3.559015805048117,4072.900106069213,1842.0490936001709,900.092545478525,0.48863656707398057,898.8479861331801,0.015164176048963663,301.16998021219644,1,0,0,0,0.0,562,357.0,0.30116998021219643,686.7705437261312,451207.34482082457,791.8780003949122,500000.0,0.660451465596684,0,0,0.0,6,E2,8,inhouse
7.791894427000357,6.760277404299449,26.546664889018544,104.43731224792884,7.4872079171912524,13.326857126227909,,,,,12.74669231642735,49.53619195436407,10.097192607501999,40.455893427057866,18.74961430963465,6.760277404299449,0.918918918918919,0.9491525423728814,40773.60461111535,544565.4292464787,522462.1533310679,579,0.9594111658061082,11470.75105855638,0.021064045645403137,10632.524856854423,12.566634920508966,1.76912734634152,47.192848439559995,12.552414224980904,7.791894427000357,4038.428845421249,1927.9012592179754,939.1926261639125,0.48715805421740427,951.9697457911333,0.017683669525637432,320.54335915487695,3,1,0,0,0.0,579,357.0,0.320543359154877,683.9166073197498,447645.46012384124,798.2221985682644,500000.0,0.6669221329221945,0,0,0.0,7,E2,8,inhouse
10.993960350090033,39.84855030370439,16.116958150101055,43.06185717484354,5.935562695195353,7.936119238769234,,,,,15.257380457108134,59.75737487071308,15.5374917351987,38.116655325562085,10.460627341820109,39.84855030370439,0.84,0.9069767441860465,38363.5914215517,540361.5398106,516896.82197565195,555,0.9565758920533601,13515.69167661024,0.02501231246277737,9949.026158337767,14.915820595101737,1.7691273463416337,58.67292520306801,15.114015383890399,10.993960350090033,3239.0594693823405,1780.7506000265405,877.3477499117655,0.49268423657905236,863.2104015652247,0.021499988665359748,403.450301056371,3,4,0,0,0.0,555,357.0,0.40345030105637103,691.4406030491933,456074.6056954434,783.6512838860458,500000.0,0.6837293913687539,0,0,0.0,8,E2,8,inhouse
21.878531546241486,51.84688765315518,13.130172771265515,44.22230124768847,17.55081814387153,44.64244824280232,50.94484146207287,50.94484146207287,,,13.241488350060976,46.959869679738574,4.9538031327803465,4.734455900326793,15.819830867101459,51.84688765315518,0.7105263157894737,0.8625,47374.080402398526,549736.351411949,533492.6683200103,601,0.9704518665170708,0.0,0.0,16243.683091938812,13.678188246246776,1.7691273463417474,48.283570664129456,13.703460429108423,21.878531546241486,630.1434167969337,2096.6517703130694,1021.0370419262489,0.48698456099545273,1049.6470755661674,0.019597380220918913,381.7036720187892,4,1,0,0,0.0,601,357.0,0.3817036720187892,669.8905625028137,427788.7656714698,835.4162903531652,500000.0,0.6271101940313474,0,0,0.0,9,E2,8,inhouse
5.738480034269791,9.46907001141963,7.090540861353219,10.953927552083858,3.5517587568353597,4.726050192465664,,,,,10.87931827676402,43.299126869153135,7.184634335045252,20.764418130425476,5.573919959416993,9.46907001141963,0.9285714285714286,1.0,13819.243346008723,516203.98819530365,512814.49360660027,537,0.9934338078236215,0.0,0.0,3389.494588703379,10.545054836702107,1.76912734634152,38.7832869310759,10.737327528936685,5.738480034269791,334.6421757145506,1688.0903022802734,830.9135354653331,0.49222102297663495,856.4275288672421,0.013748131134966939,249.5904984238628,0,0,0,0,0.0,537,357.0,0.24959049842386283,696.6448783182867,462663.1146683949,772.1592216281945,500000.0,0.676335324347073,0,0,0.0,10,E2,8,inhouse
17.597414249875207,79.3916792727697,29.51179711402642,67.82324584195922,13.263042475919132,15.060682511202605,,,,,13.633515235081887,49.66843264953807,3.4612003230829864,5.231617559498204,17.905543801092644,79.3916792727697,0.75,0.8529411764705882,26006.043708159235,527294.9549528928,513448.71797975095,540,0.9737410023686289,0.0,0.0,13846.236973142,13.778056884615266,1.76912734634152,50.67559937816387,13.577077729057518,17.597414249875207,2482.0867265721367,1686.872248293197,827.8297541272693,0.49074833910207494,856.2040072230445,0.014002618472371916,240.17660001157938,1,0,0,0,0.0,540,357.0,0.24017660001157937,695.7660309400172,462458.9434087661,772.4797664562582,500000.0,0.6827809058898444,0,0,0.0,11,E2,8,inhouse
7.110758640952359,16.621057095359543,19.601642501678082,52.04332852656546,4.526382004545667,4.526382004545667,,,,,12.965578097159426,54.96578517269773,8.523587838058315,20.176828833069706,17.448033859230595,16.621057095359543,0.8571428571428571,0.9285714285714286,3605.0987133016765,503977.3460501888,503977.3460501888,521,1.0,0.0,0.0,0.0,12.887458178401925,1.76912734634152,54.60315690704658,12.924894093449751,7.110758640952359,235.01273321962174,1588.0767685946546,789.5780495497164,0.49719136074790765,781.1302217441939,0.013125792423464422,228.66709864810684,1,0,0,0,0.0,521,357.0,0.22866709864810686,708.8188981079187,482546.33119564404,740.2992086034801,500000.0,0.703129757727336,0,0,0.0,12,E2,8,inhouse
3.874396412370915,6.3400446791210925,3.1155224087976605,4.864581908982629,3.3650163184461235,4.686822392285831,,,,,11.483039185318324,42.73085266915561,2.46520819731399,3.621957926653846,3.226408590863644,6.3400446791210925,1.0,1.0,6216.486291594783,506496.9548278934,506496.9548278934,522,1.0,0.0,0.0,0.0,11.13769824188213,1.76912734634152,41.61558187402181,11.381506066298758,3.874396412370915,194.64524291569148,1588.3908208105877,789.7669031808299,0.4972119536536959,777.1336841250229,0.016178879315923204,281.39903938533337,1,2,0,0,0.0,522,357.0,0.2813990393853334,705.3969340463041,474623.57004774467,752.7679230162225,500000.0,0.7163497930405168,0,0,0.0,13,E2,8,inhouse
8.159176698741328,17.292287888767888,12.326017346210627,22.658937224972654,11.027636240707825,40.59632719811828,4.806231726327951,5.156731949910227,,,13.12091695625888,47.26852742969545,7.180667248681902,8.8744025947485,10.996078779073052,17.292287888767888,0.896551724137931,0.9056603773584906,58929.484502104126,560140.4496017806,529435.1436048527,563,0.945182844733393,0.0,0.0,30705.305996928048,12.669248961949398,1.76912734634152,46.953866607695474,12.826310039224614,8.159176698741328,4695.440136181842,1840.8903624548834,904.4652391270806,0.49131944931307514,950.5967747088475,0.015176836516739713,259.7503359644601,1,0,0,0,0.0,563,357.0,0.25975033596446007,674.7941738499466,433026.06992211967,825.0305816465464,500000.0,0.6357407412738032,0,0,0.0,14,E2,8,inhouse
18.48461251091579,76.44972520904122,20.945218646647618,87.15946827763241,8.307955843378659,12.613792451833149,23.615554942250583,38.05088911228877,,,12.561342033825419,49.11398581471535,8.31336346429921,8.311074293744833,17.277583633269327,76.44972520904122,0.7714285714285715,0.8529411764705882,64862.71277757866,570121.938806524,535763.6688456594,593,0.9397352257083997,0.0,0.0,34358.26996086467,12.994311637942884,1.7691273463417474,51.23985725533805,12.651624889574393,18.48461251091579,6863.703921408585,2088.7566954046897,1013.9116556067211,0.48541395837885226,1091.9860088706803,0.019569364248568782,351.912133188881,4,1,0,0,0.0,593,357.0,0.351912133188881,666.9954177802479,422378.7360087878,846.0461705765273,500000.0,0.5945597663710352,0,0,0.0,15,E2,8,inhouse
21.22733678054929,85.78254052866778,50.47339910115565,102.48194588567912,45.72286571957375,78.3059620844404,,,,,14.69913034356815,52.26618025786641,2.2718034399010207,2.8452077904996598,49.285765755760174,85.78254052866778,0.7777777777777778,0.6923076923076923,8440.199489225186,508637.27469418704,505608.3384171269,528,0.9940449974318512,0.0,0.0,3028.9362770600983,15.398649558257283,1.76912734634152,58.675040286147315,14.917993097467479,21.22733678054929,443.6582708443915,1609.2934948613583,799.0252563182952,0.4965068577420253,783.1828185967393,0.016064362888391064,279.4812878863922,4,1,0,0,0.0,528,357.0,0.2794812878863922,706.6328898103155,480296.76810550585,743.872341046866,500000.0,0.6811582617704753,0,0,0.0,16,E2,8,inhouse
9.465273120874361,20.162896862128672,2.6880476341504993,3.404627072454605,11.643028720357094,29.073241137849653,,,,,12.543144472944169,49.68088322344758,16.839301234651327,39.01563280508435,5.944404392771079,20.162896862128672,0.9333333333333333,1.0,10188.61735102234,511539.3687118152,509916.6036749098,537,0.9968276829973186,0.0,0.0,1622.7650369053888,12.410003901651484,1.76912734634152,44.50866688796071,12.58079507218964,9.465273120874361,440.7164437236127,1655.2287560832035,816.3520253896347,0.4931958935521291,796.3990194994036,0.019598301968047925,344.6809747588625,5,3,0,0,0.0,537,357.0,0.34468097475886245,700.7904398472558,470334.2629957312,759.76748684797,500000.0,0.6180667929728307,0,0,0.0,17,E2,8,inhouse
9.553058027370882,22.714346451338315,6.182727993564095,8.24749492071459,8.12990886042805,25.74050364808901,12.070301052479408,18.064728970381474,33.91023754980597,33.91023754980597,11.969028511931748,43.95651965388447,21.27724019206733,82.5346395813298,7.666267889046576,22.714346451338315,0.9047619047619048,0.9565217391304348,68261.72443658626,570243.9701911092,537520.0751908021,564,0.9426142200340318,10823.216117411037,0.018979974683088343,21900.678882896165,12.007816476208825,1.76912734634152,42.78898019008827,12.233453213799539,9.553058027370882,2818.3409518261633,1836.7380054525113,894.4503900113722,0.4869776676674196,933.0793954110525,0.018376000746142738,319.16347286506846,2,2,0,0,0.0,564,357.0,0.31916347286506846,664.7550109566204,418470.66291959287,853.8690884085278,500000.0,0.679678875357323,0,0,0.0,18,E2,8,inhouse
26.55965390072933,122.70496154646823,16.489262691981033,37.62458432921672,31.337925502133064,84.41833621589922,,,,,12.289765563748924,44.27655942868401,6.301558433504681,12.266812056710007,21.43881696203171,122.70496154646823,0.7647058823529411,0.8656716417910447,37728.11627304937,538786.9281851918,520022.6012039308,581,0.9651730099606066,11490.801113996251,0.021327171304435642,7273.525867264749,13.500195855964494,1.7691273463417474,44.42630405161162,12.805257825443,26.55965390072933,340.55649271250195,2012.2931640246886,982.5162161487403,0.48825699640287895,1048.0089522004334,0.01970221170364218,352.8845063384439,2,2,0,0,0.0,581,357.0,0.35288450633844387,687.1872177844052,449835.14112204924,794.4085551319378,500000.0,0.6355626542094442,0,0,0.0,19,E2,8,inhouse
10.519171166033223,29.884168544097975,14.137306438903419,30.59281182383759,13.609481459744643,22.882949885329822,4.485750480856495,4.485750480856495,4.253201594907296,4.253201594907296,13.115376119911227,47.3409725848959,17.827937029730172,56.44670670668884,12.79890569935786,29.884168544097975,0.8461538461538461,1.0,42968.20466135957,546093.6617193776,522941.9588904329,552,0.9576048863924707,12015.37519389233,0.02200240734540277,11136.327635052348,13.1175831285646,1.7691273463415769,45.53867149175326,12.899100818361369,10.519171166033223,3117.257415597661,1724.7812096082773,844.1532329986654,0.4894262694283322,840.2022885617287,0.018072903379274304,330.50200939840147,3,2,0,0,0.0,552,357.0,0.33050200939840146,683.3081490870892,446841.97816268913,799.6797961522299,500000.0,0.6894952018134404,0,0,0.0,20,E2,8,inhouse
13.637749099445033,30.074412809783404,3.9045041872985164,5.7029389236839965,1.931747392593934,1.931747392593934,4.692446216563894,4.692446216563894,,,11.691311165872277,45.260794393009206,3.8342947611071003,6.390376199721322,3.7352449350929158,30.074412809783404,0.8947368421052632,0.9230769230769231,17327.275816339392,518061.32261078747,509611.39294337714,533,0.9836893253778788,0.0,0.0,8449.929667410348,11.553019875607868,1.76912734634152,44.238385328186475,11.590692637839746,13.637749099445033,1587.662164910072,1649.4421301620264,809.9738780031784,0.49105928798096954,812.7323277743177,0.015148978085696993,269.25870766528175,1,1,0,0,0.0,533,357.0,0.2692587076652817,701.062149816108,471161.77749291604,758.2730089200347,500000.0,0.7102730483979343,0,0,0.0,21,E2,8,inhouse
15.793739142495667,70.27260210957641,18.708447064984238,49.27392407459884,39.19346747569887,97.46241371030737,,,,,11.59940901047331,38.284687808945684,8.42309489107644,15.046619115960866,29.882094561737674,70.27260210957641,0.8333333333333334,0.782608695652174,19226.136203616657,520041.7500651535,515699.8328568294,532,0.9916508295578573,0.0,0.0,4341.917208324076,12.018308776589109,1.76912734634152,46.14090490370844,11.706764474289619,15.793739142495667,1429.9584812292046,1639.030681592931,805.0059281149634,0.49114756493307327,804.3816242040878,0.018510307265313032,329.9428196019496,2,3,0,0,0.0,532,357.0,0.3299428196019496,692.9029641915848,464252.5706402874,769.6886682324235,500000.0,0.7176204644492538,0,0,0.0,22,E2,8,inhouse
6.854429012643227,9.297029499099517,5.547475047411569,9.61420630951986,4.671538727659233,7.603666629141844,,,,,11.613473370026083,45.13222037995994,6.387048857038419,16.285579103031125,5.291993620817138,9.297029499099517,0.9743589743589743,0.9841269841269841,44840.47463850063,546785.5630729868,520530.0210983801,579,0.9519820131551242,12710.581287026522,0.023246007476115223,13544.960687580164,10.886459490705274,1.76912734634152,37.07962083141594,11.346925415626211,6.854429012643227,3483.2710411821536,1990.517953725003,969.0932093599754,0.48685479452543484,1005.3188605738717,0.016184349899260805,296.0863051214833,2,0,0,0,0.0,579,357.0,0.29608630512148326,686.4082220487194,450293.95863933465,793.4729734877471,500000.0,0.6490328130653724,0,0,0.0,23,E2,8,inhouse
22.216850048399422,55.92435188126763,23.074897620017282,47.35749203362075,27.215162185749804,51.07421083687332,,,,,11.89358703629372,45.26090837547892,6.3762582274448,10.596128562878956,25.941234627062876,55.92435188126763,0.6842105263157895,0.78125,34421.87232108315,535140.8176419535,513799.5646995575,541,0.9601203043407637,11697.648494961977,0.021859010020029008,9643.60444743397,12.50191505224634,1.76912734634152,47.60508050851968,12.280215376177992,22.216850048399422,1205.8821093157994,1687.2509940369782,826.8882547695243,0.49008017046182406,850.1270735908804,0.015572412450702889,271.6918466950725,1,1,0,0,0.0,541,357.0,0.2716918466950725,695.3522665119586,462084.82592999935,773.1733911141624,500000.0,0.6851708458303231,0,0,0.0,24,E2,8,inhouse
2.2306533367004704,2.2306533367004704,,,,,,,,,12.563025475766862,43.679490832097414,,,,2.2306533367004704,1.0,1.0,209.99028817615883,500209.99028817617,500209.99028817617,501,1.0,0.0,0.0,0.0,12.542401978483298,1.76912734634152,43.556541763054724,12.558687901857601,2.2306533367004704,225.039961603211,1461.8125446111767,729.8924082996739,0.4993064336397632,706.0061710376222,0.012596808115626027,220.696078185768,2,0,0,0,0.0,501,357.0,0.22069607818576797,714.1414666116269,489452.0472872942,729.8379852694898,500000.0,0.0,0,0,0.0,25,E2,8,inhouse
22.168520866835397,49.498982479974075,11.46144860961264,27.07853018288779,16.90656366586648,49.82632796718354,,,,,12.149856004280936,45.01300221938845,4.775479374416818,9.281211806920147,14.393433639903169,49.498982479974075,0.5454545454545454,0.8333333333333334,8275.236379187336,508449.34756596206,508449.34756596206,528,1.0,0.0,0.0,0.0,12.357951300174369,1.76912734634152,47.72836598179047,12.265600506735439,22.168520866835397,221.01300925995577,1618.048194097417,798.2159501255865,0.49332025649016525,809.1069624346471,0.014197870584680989,249.8019952100867,3,0,0,0,0.0,528,357.0,0.2498019952100867,702.6261390744795,472223.6101944219,756.526768850301,500000.0,0.6855692745784948,0,0,0.0,26,E2,8,inhouse
2.87963715523565,4.378415054773589,10.15177659529187,24.52947466514233,3.7773940814560776,6.1289892176992,,,,,12.872990367943725,48.09343364566549,19.768685130440247,56.49272046764685,7.700091013047335,4.378415054773589,1.0,1.0,12370.949722949961,513597.1255335828,511886.78905442794,535,0.9966698869714701,0.0,0.0,1710.3364791548772,12.588898632445417,1.76912734634152,46.73057882590251,12.694186918856627,2.87963715523565,380.52668030720815,1685.7531009969582,834.2752666702131,0.4948976609782422,830.113553395864,0.015599537656662285,284.6881141483508,2,1,0,0,0.0,535,357.0,0.28468811414835077,697.9759895232596,465673.6073226567,767.2427264416391,500000.0,0.7101980815822911,0,0,0.0,27,E2,8,inhouse
25.75842689718071,61.43482938166526,11.397152425668242,21.724946029469894,13.507062296342369,28.805121034877914,,,44.4693367257953,44.4693367257953,12.314973670910762,51.491097983703284,3.236731373981976,5.121898135034553,12.10045571589295,61.43482938166526,0.6666666666666666,0.8333333333333334,26590.43369586375,527415.1934686946,515095.97927444143,532,0.9766422842064287,0.0,0.0,12319.2141942531,12.554360682623935,1.76912734634152,51.80063767244784,12.871049720619707,25.75842689718071,3951.758057236924,1660.75394295023,817.8426830628908,0.4924526517215682,826.3364345236054,0.017168199052134084,314.69886462489296,2,2,0,0,0.0,532,357.0,0.31469886462489294,693.6856687717394,460988.9075885546,775.1047649578983,500000.0,0.7009058009126239,0,0,0.0,28,E2,8,inhouse
7.132890437603288,16.062667961306943,10.931251958474727,27.50144543544866,10.815164892768735,24.041447866572348,40.69244621656361,40.69244621656361,33.87535677684099,41.11027464792581,15.173446590680545,63.993376695057854,7.257110541586218,14.543072480383785,11.64375744927183,16.062667961306943,0.9230769230769231,1.0,77164.28456252046,582716.0776724053,553074.8274382469,587,0.9491326027032633,0.0,0.0,29641.25023415825,14.376793716567235,1.7691273463418042,54.97396478001526,15.597932362200416,7.132890437603288,6373.767106619523,2014.9925576593694,973.5098429113634,0.4831332201257358,1059.7366100672143,0.023490236973271208,441.58143163471937,3,4,0,0,0.0,587,357.0,0.44158143163471936,646.2806906024747,403555.73572532897,885.7303955528938,500000.0,0.6232938676013737,0,0,0.0,29,E2,8,inhouse
2.539804887599692,4.189933754666344,3.543286148952776,6.005017627235931,3.3135711612365903,4.972236894167423,,,,,3.0572969515951205,4.505536529268966,4.572990554941074,7.973657946354251,3.470744573884507,4.189933754666344,1.0,1.0,13968.57625752051,515078.73700219905,515078.73700219905,554,1.0,0.0,0.0,0.0,3.0791531337691525,1.7047072930399736,4.505536529269125,3.056236021746204,2.539804887599692,7.965632647714005,1792.0842846014698,872.410528390467,0.48681333567102664,1104.4405154616895,0.021476413758752734,280.10906685148854,3,1,0,0,0.0,554,357.0,0.28010906685148856,693.6417355262058,460761.4972210312,775.4122495514446,500000.0,0.09504748022171272,0,0,0.0,0,E2,8,pooled_greedy
2.795275992589264,4.800178467260048,4.492517652701575,6.385741073080226,4.733482774786898,5.8530108532058875,7.447781075518226,9.619961974878606,,,3.302424138347785,4.375085921332496,8.710791734554732,19.259263215213664,5.211847358335616,4.800178467260048,1.0,1.0,22776.714596747763,525519.2910413912,525519.2910413912,536,1.0,0.0,0.0,0.0,3.408736220562152,1.76912734634152,4.505536529269193,3.442869578171647,2.795275992589264,6.9000652221700705,1692.0744275926147,837.4527479145684,0.4949266617698653,1112.996491769774,0.024145134260108732,298.2934422721239,5,2,0,0,0.0,536,357.0,0.29829344227212395,679.8956756358739,439661.61426803836,812.6665641191189,500000.0,0.18000428896148657,0,0,0.0,1,E2,8,pooled_greedy
9.000788075549405,14.545204006529099,3.2860419513053785,3.8568097079041763,2.7854559207110774,4.291309257496323,4.608424023423822,4.657140205031237,,,3.2628874772223857,4.361667291717549,3.2548255964055772,5.299074964547799,3.263619948847321,14.545204006529099,0.9545454545454546,0.9736842105263158,29310.196036041838,532277.3226155266,517873.34282247716,549,0.9729389564780431,14403.979793049497,0.02706104352195697,0.0,3.49268137889854,1.76912734634152,4.505536529269193,3.312264482641264,9.000788075549405,9.166212102169485,1769.2965223190042,862.2453432101704,0.48733795174142525,1148.2547725383376,0.023920452864200734,241.34622028465165,3,2,0,0,0.0,549,357.0,0.24134622028465164,689.8237786738989,454190.3305916623,786.5454681849244,500000.0,0.17138251085288503,0,0,0.0,2,E2,8,pooled_greedy
2.664511496727928,4.457646997321535,4.591458581772643,7.676115087052677,5.321862091709908,7.7832644681693175,5.1660389607513935,5.1660389607513935,4.699799952642934,4.699799952642934,2.849655396387707,4.431441645388503,3.712025292750338,7.090172004592755,4.919734226703952,4.457646997321535,1.0,1.0,28096.063942230638,531327.860284328,531327.860284328,562,1.0,0.0,0.0,0.0,2.9552548720829863,1.76912734634152,4.661263253557175,2.9629032310909844,2.664511496727928,2.398825897548959,1876.7376612118255,909.0613210408457,0.4843838005860963,1249.915553174514,0.02291575459647973,290.3587513854971,2,1,0,0,0.0,562,357.0,0.2903587513854971,672.4480033104037,429467.45625600306,831.9381446644628,500000.0,0.20072036788979308,0,0,0.0,3,E2,8,pooled_greedy
2.6179201954188835,4.127476045572622,4.453446361214674,7.489629649606468,2.8105328293535825,3.3387305514052064,,,4.461217712716461,4.461217712716461,3.1823350664148147,4.505536529269193,2.721372195865437,4.58648746456438,3.5836686090529195,4.127476045572622,1.0,1.0,32491.15341102122,534209.4492904893,521325.49254426855,548,0.9758821998312972,12883.956746220842,0.02411780016870289,0.0,3.1684856699670596,1.7047072930399736,4.545191547316245,3.1900875347380313,2.6179201954188835,5.022305455473666,1753.3463123646284,861.1987047956942,0.49117433260189736,1114.5294220505218,0.02301948016194213,233.53931227661965,7,1,0,0,0.0,548,357.0,0.23353931227661967,685.2408800667694,450365.47886449686,793.2080856040895,500000.0,0.1531791922279664,0,0,0.0,4,E2,8,pooled_greedy
2.649014251990115,4.714221204747447,6.77109105000451,13.067919104228078,8.219692898691846,23.945787907155044,5.665776670228297,6.802583806948405,,,2.782615623733306,4.5055365292687615,2.9387152043797755,4.681774368641982,7.032895456945046,4.714221204747447,1.0,1.0,43452.69323580841,547328.4080016714,547328.4080016714,573,1.0,0.0,0.0,0.0,3.0032068126506353,1.760575164367765,4.811768232598661,2.997302491087388,2.649014251990115,5.847808779198155,1909.361799949737,930.939055289428,0.4875655600284527,1254.5408556486582,0.022286587768604805,282.2170708795645,4,0,0,0,0.0,573,357.0,0.2822170708795645,652.7748456823905,402787.323581859,887.0244820360355,500000.0,0.22356767897408636,0,0,0.0,5,E2,8,pooled_greedy
2.5258439490997415,4.021165715550615,3.9384058090088625,6.614259277625208,7.066033663527151,15.846555109248,13.902656587936633,30.609891637386276,,,2.7053965167289937,4.375085921332496,6.461603921848669,6.926100354946722,6.511339063064658,4.021165715550615,1.0,1.0,31608.77227884693,533346.8920584851,533346.8920584851,565,1.0,0.0,0.0,0.0,2.944592703428096,1.76912734634152,4.505536529269193,3.104254875749084,2.5258439490997415,4.8477992031092585,1870.8143781416888,918.6718436760432,0.49105451316264487,1191.1294288617821,0.022136054792803984,286.44596068948965,5,0,0,0,0.0,565,357.0,0.2864459606894897,669.895055695779,427285.341417743,836.177634306865,500000.0,0.17076807682841144,0,0,0.0,6,E2,8,pooled_greedy
3.3404438590182086,5.282081258679318,5.9280244828111375,13.071334053449577,3.0847420829562586,4.629684355719109,5.404580380290511,5.836383758788125,,,3.7969170314066103,4.787378858664602,4.125961083530416,5.82963501574569,4.8181732409888385,5.282081258679318,1.0,1.0,40773.60461111535,544565.4292464787,533094.6781879223,581,0.9789359543545969,11470.75105855638,0.021064045645403137,0.0,3.8213602718439237,1.76912734634152,4.972818365853527,3.81478496811151,3.3404438590182086,22.40197049549536,1947.9425144407421,951.5316315850412,0.48848034504664406,1273.553810133364,0.023535051750149003,271.2142342772747,3,1,0,0,0.0,581,357.0,0.27121423427727476,670.1834192918633,425613.2970204274,839.426814752759,500000.0,0.13731632862956045,0,0,0.0,7,E2,8,pooled_greedy
6.35667301093452,19.917966531383357,5.763874693586615,8.746733764414012,4.2377878413672425,5.141680869947669,5.020253427975717,5.403236654398393,,,2.9617411732151258,4.505536529269193,5.035898103788308,7.117667334209592,4.836641145322544,19.917966531383357,0.96,1.0,38363.5914215517,540361.5398106,526845.8481339897,560,0.9749876875372225,13515.69167661024,0.02501231246277737,0.0,3.2347516704800072,1.7691273463419748,4.786841419278062,3.0779976743596666,6.35667301093452,6.430286859090749,1787.9544550261658,868.6397593608066,0.4858287955372412,1225.349241343771,0.023210731869292206,338.8987795724912,4,0,0,0,0.0,560,357.0,0.3388987795724912,678.2608234367115,437990.9555149174,815.8590817462714,500000.0,0.33477394089548307,0,0,0.0,8,E2,8,pooled_greedy
6.980274953903869,19.927742787673836,5.712443789332364,7.8125096129214615,6.000501265575135,6.627741656827131,10.982777778450327,10.982777778450327,9.315026901230794,12.87518749648034,2.9473483404727907,4.505536529269193,5.360957681594246,7.413735599237498,5.955591895413477,19.927742787673836,0.8947368421052632,0.9753086419753086,47374.080402398526,549736.351411949,549736.351411949,604,1.0,0.0,0.0,0.0,3.520240455469309,1.76912734634152,4.870713515594616,3.4611451494784906,6.980274953903869,17.753235236678485,2107.777291659567,1022.4080191747008,0.48506453846919656,1319.8485400934696,0.024124641315917322,318.1359038717437,7,0,0,0,0.0,604,357.0,0.31813590387174373,649.980913552709,403054.67060123547,886.5252333408301,500000.0,0.14210436567716145,0,0,0.0,9,E2,8,pooled_greedy
2.3286214705598565,2.476814296551584,3.6738194414934355,5.6735914962352805,4.840137742085403,7.265767424946988,,,,,2.637390420270792,4.360591409339577,2.9771450311372063,4.605528990206767,4.256978591789419,2.476814296551584,1.0,1.0,13819.243346008723,516514.44304295897,516514.44304295897,540,1.0,0.0,0.0,0.0,2.683664849080068,1.76912734634152,4.505536529268738,2.6968750314265932,2.3286214705598565,4.1062642317068185,1699.2571684559857,830.8988285475017,0.48897768034869626,1068.803467590938,0.019356124605878957,239.979508554588,2,0,0,0,0.0,540,357.0,0.239979508554588,691.6359926044559,454887.57302063645,785.3368627688319,500000.0,0.2039793895150388,0,0,0.0,10,E2,8,pooled_greedy
4.906723523624286,11.863330606070122,7.011242011080185,14.128121829752402,2.8069999308401066,3.1600542449635203,,,6.75338177253343,6.75338177253343,2.8987421963525235,4.505536529269193,4.643906615439879,8.264296313974413,4.008211953765843,11.863330606070122,1.0,1.0,26006.043708159235,531772.2574830158,531772.2574830158,543,1.0,0.0,0.0,0.0,3.034600345498538,1.7047072930399736,4.809512031559279,3.097347486767258,4.906723523624286,10.982839760149886,1706.7675958808322,837.787631309859,0.4908621615103325,1117.9682895148392,0.019747127811151677,235.26398461326167,2,0,0,0,0.0,543,357.0,0.23526398461326167,671.7824387369868,427918.21333353897,834.8213580387329,500000.0,0.1870698893860947,0,0,0.0,11,E2,8,pooled_greedy
3.0724677245869834,5.221120818084092,4.2590336317100155,6.315046109282662,4.957937423035219,4.957937423035219,,,,,3.135152847154029,4.505536529268966,2.804257612154028,5.113496877665968,4.358877030470759,5.221120818084092,1.0,1.0,3605.0987133016765,503977.3460501888,503977.3460501888,521,1.0,0.0,0.0,0.0,3.146306411031663,1.7691273463406105,4.505536529269193,3.141934257184656,3.0724677245869834,7.670860724481057,1577.7225677895674,779.2238487446288,0.49389155270583646,1005.954663415431,0.02076376973116369,239.37229315246375,4,1,0,0,0.0,521,357.0,0.23937229315246378,708.8401395279712,482560.7918277506,740.2992086034801,500000.0,0.09760422444559613,0,0,0.0,12,E2,8,pooled_greedy
3.309355808989322,4.655848630092533,8.658784462355987,19.15595828346947,3.8278367737017334,6.210526272878589,,,,,2.986180206195345,4.360591409339577,1.626661667442545,1.7895632622723041,6.511696600731875,4.655848630092533,1.0,1.0,6216.486291594783,506496.9548278934,506496.9548278934,522,1.0,0.0,0.0,0.0,3.038895646194227,1.7047072930399736,4.360591409339577,3.0021097092426556,3.309355808989322,5.258102661371053,1585.859642859722,787.2357252299638,0.49640945765564143,989.8094479077268,0.020861689308679675,214.53946764395226,2,2,0,0,0.0,522,357.0,0.21453946764395226,705.2649301495301,474534.75174173404,752.7679230162225,500000.0,0.15414142625364002,0,0,0.0,13,E2,8,pooled_greedy
4.848224951576352,13.911967473170394,7.073203695614016,10.848187818561065,4.492688401524294,6.592419307074465,5.429925216657182,6.304838732240455,,,2.9446907927528123,4.505536529269193,2.7481262555843387,4.603087278301428,5.4236742247931,13.911967473170394,0.9655172413793104,1.0,58929.484502104126,566652.9292862886,566652.9292862886,576,1.0,0.0,0.0,0.0,3.177775932236933,1.7047072930399736,5.028860272862971,3.2123024696612794,4.848224951576352,13.459295131735216,1907.7415657905076,925.6960404617959,0.48523136312659665,1269.4215619833412,0.020855366101208236,204.18577612041457,2,0,0,0,0.0,576,357.0,0.20418577612041458,630.3756096805618,373838.28873053554,955.5045498124322,500000.0,0.1972204153258108,0,0,0.0,14,E2,8,pooled_greedy
14.19065856538884,56.352138754269845,13.383567326345569,53.20781820333582,7.814245182579518,5.372029063520131,6.747177799704722,9.596954982277657,6.628129805794515,7.249405583178623,3.645993718442788,4.505536529268738,7.117130325171426,5.863784034533278,10.621586037424736,56.352138754269845,0.8,0.8513513513513513,64862.71277757866,573615.9384122626,573615.9384122626,603,1.0,0.0,0.0,0.0,4.874511679702796,1.76912734634152,5.230262128918912,4.122462720206049,14.19065856538884,22.77450571747624,2139.345586491398,1027.7624335864223,0.480409729066723,1391.2506286871835,0.02807684419209335,312.9519292097879,7,2,0,0,0.0,603,357.0,0.3129519292097879,622.9132212020336,362200.7742307115,986.5052129944141,500000.0,0.11686330884379048,0,0,0.0,15,E2,8,pooled_greedy
4.272733165839421,7.286008888224018,6.446593059033674,12.963101476618007,18.73955497495687,26.157682798312454,,,,,2.8309853115109527,4.5055365292687615,9.614830402171947,20.846359181425214,10.544247031008073,7.286008888224018,0.9473684210526315,1.0,8440.199489225186,509188.49886297405,509188.49886297405,531,1.0,0.0,0.0,0.0,3.051633334071589,1.7047072930399736,4.811768232597387,2.947197047051739,4.272733165839421,13.405473443064643,1624.0303098164566,805.52012860186,0.49600067420718136,1003.6702498665717,0.017928022711966637,183.14624879390914,2,0,0,0,0.0,531,357.0,0.18314624879390914,701.4752828203887,474107.1188620593,753.3806855845077,500000.0,0.10766945326355981,0,0,0.0,16,E2,8,pooled_greedy
2.6237911796855844,4.434781399442272,3.315489586053835,5.279580064437688,3.4883205479766843,5.786099168160604,,,,,3.285916790552967,4.529348824604045,2.7273414961409075,4.349318386817686,3.387502486855022,4.434781399442272,1.0,1.0,10188.61735102234,511539.3687118152,511539.3687118152,538,1.0,0.0,0.0,0.0,3.2583012068244934,1.7047072930396325,4.75661406361046,3.2886569294481665,2.6237911796855844,5.156906233046744,1664.4415276429063,822.0967889687007,0.493917494436053,1008.2528450110018,0.023259847495541178,287.35070942452137,6,2,0,0,0.0,538,357.0,0.28735070942452134,698.455236415457,466801.10857903404,765.3952489466554,500000.0,0.12020991405350201,0,0,0.0,17,E2,8,pooled_greedy
3.4505293374258263,5.97413187477614,4.8174350098086505,8.848388324864208,4.7685258212107025,8.091729705221406,7.368503037573646,10.166465967415206,8.207667411627881,8.207667411627881,2.7174520172712526,4.360591409339167,6.017984006046198,9.059203823510503,5.287524375538352,5.97413187477614,1.0,1.0,68261.72443658626,572191.6285267603,561368.4124093493,574,0.9810846304318052,10823.216117411037,0.01891536956819503,0.0,3.0044439069069946,1.7047072930399736,4.948613340782234,3.116484160458023,3.4505293374258263,10.53010921818229,1909.2860013037073,937.6810143559122,0.49111605789580015,1248.0301936395608,0.02165723210053838,240.3225642326999,1,1,0,0,0.0,574,357.0,0.2403225642326999,636.3741077467918,386140.1536577267,925.157146130131,500000.0,0.10939629804182927,0,0,0.0,18,E2,8,pooled_greedy
5.567424137649582,10.393242737624133,9.949526532318895,9.459338769684294,4.452044973667516,7.733949501535881,,,,,3.1240097881248987,4.505536529268989,3.2760967557520644,4.185446929611589,8.009238923383114,10.393242737624133,0.9428571428571428,0.9855072463768116,37728.11627304937,538786.9281851918,527296.1270711955,583,0.9786728286955643,11490.801113996251,0.021327171304435642,0.0,3.559252516047581,1.76912734634152,4.972818365853527,3.2545441811916103,5.567424137649582,10.286665579257656,2025.3432873108638,990.2951357753751,0.48895174560270865,1274.0559824367042,0.02539039781831298,382.8865320153987,3,2,0,0,0.0,583,357.0,0.38288653201539874,677.765051143191,439272.6828974748,813.5786732165808,500000.0,0.18881730070171066,0,0,0.0,19,E2,8,pooled_greedy
3.358859880023423,5.662368382657667,3.9473676570393534,5.897333531409913,6.2920304921043,10.852673537134798,5.498982461003834,5.498982461003834,40.368106446850106,40.368106446850106,3.1277665577898914,4.43144164538852,5.114101478012369,5.164087902695201,5.154179382429282,5.662368382657667,1.0,1.0,42968.20466135957,546796.3875473237,534781.0123534314,558,0.978025869468912,12015.37519389233,0.021974130531088105,0.0,3.3101241250777713,1.7047072930399736,4.505536529269193,3.685494516152883,3.358859880023423,6.817577379809178,1748.9687884104442,853.2845381318131,0.4878786538594113,1079.0194850850255,0.024077908225278753,335.13118118818227,6,2,0,0,0.0,558,357.0,0.33513118118818225,668.1896382383692,430621.9149216592,829.811764796495,500000.0,0.12172066700286077,0,0,0.0,20,E2,8,pooled_greedy
3.4074091761165564,4.92701145501992,3.7101728966422343,5.505056613925899,3.4979731563198584,4.6828620031865285,4.799661865339203,4.799661865339203,,,2.8705900303771377,4.360591409339577,3.104192611250154,4.7750455215949845,3.7933090826487614,4.92701145501992,1.0,1.0,17327.275816339392,522341.9832740221,522341.9832740221,537,1.0,0.0,0.0,0.0,2.9082447018125537,1.7047072930399736,4.478945239337646,2.920368071049559,3.4074091761165564,4.7674045416198165,1667.8195970374734,816.533773851453,0.4895815922188776,1032.0356008370713,0.020652250226519193,243.58872072417603,1,2,0,0,0.0,537,357.0,0.24358872072417603,683.9266230938077,451728.24925224064,790.8373879917411,500000.0,0.09694455354303333,0,0,0.0,21,E2,8,pooled_greedy
6.66807379504949,15.433112817583519,15.10433362426743,33.747106090481246,6.385104958471857,13.895725986724756,4.675293146604872,4.675293146604872,,,2.793633967424609,4.360591409339167,4.260996039306974,6.99689060529345,9.875632584897764,15.433112817583519,0.9166666666666666,1.0,19226.136203616657,520041.7500651535,520041.7500651535,533,1.0,0.0,0.0,0.0,3.065085224437963,1.704707293039604,4.360591409339577,2.905968043343596,6.66807379504949,8.485492422089147,1649.1248706945048,812.0211751509923,0.4923952028017269,1023.8938357686242,0.019206029583836874,201.96511397542614,2,1,0,0,0.0,533,357.0,0.20196511397542613,686.8717080296404,456163.32286076696,783.0571797702439,500000.0,0.11585602742551715,0,0,0.0,22,E2,8,pooled_greedy
2.9951424425266318,4.957937423035219,3.697491363065686,4.995877591100601,4.952821001442428,7.134577424128019,4.8874125123685275,5.159245651151124,,,2.7233860702309984,4.5055365292687615,2.9620798437346956,4.427958614052841,4.212427179699241,4.957937423035219,1.0,1.0,44840.47463850063,546785.5630729868,534074.9817859603,584,0.9767539925238847,12710.581287026522,0.023246007476115223,0.0,2.822015849460738,1.8921048515676375,4.746291198752631,2.832618573656783,2.9951424425266318,1.1679386442116126,1992.4913635737873,953.7384772953975,0.47866630427182677,1317.2099529452655,0.02317823822930336,353.8462691160439,2,0,0,0,0.0,584,357.0,0.35384626911604394,669.1080062842782,425903.1990216408,839.0494532325838,500000.0,0.228427076762435,0,0,0.0,23,E2,8,pooled_greedy
9.28591821341118,20.19356637783803,10.231683652438505,18.847981345150856,9.367307709609829,19.156280038703517,13.964593170507214,16.484483587523936,,,2.911198167151413,4.360591409339577,2.2507400403979876,3.386627894165758,10.210779355817127,20.19356637783803,1.0,1.0,34421.87232108315,535140.8176419535,523443.16914699145,543,0.9781409899799709,11697.648494961977,0.021859010020029008,0.0,3.324953739100106,1.7047072930395188,4.811768232597387,3.2898284617295883,9.28591821341118,15.656876629225751,1693.859825812433,827.1562761068886,0.48832628503374315,1057.962509594168,0.01989575201582842,178.2863092445457,2,1,0,0,0.0,543,357.0,0.1782863092445457,682.3630670189202,444454.8909547906,803.6322551022985,500000.0,0.16255720688655972,0,0,0.0,24,E2,8,pooled_greedy
2.017588003030596,2.017588003030596,,,,,,,,,3.4342686499816493,4.505536529269193,,,,2.017588003030596,1.0,1.0,209.99028817615883,500209.99028817617,500209.99028817617,501,1.0,0.0,0.0,0.0,3.4314409440995113,1.7047072930399736,4.505536529269193,3.4336739214014877,2.017588003030596,9.551208151234057,1458.3086318768317,726.3884955653293,0.4981034053336659,901.3761714362831,0.021260315601658645,198.6348270483623,5,2,0,0,0.0,501,357.0,0.1986348270483623,714.0973626321668,489421.81968667224,729.8379852694898,500000.0,0.13597659421115327,0,0,0.0,25,E2,8,pooled_greedy
17.580151405592627,44.60670942633806,10.629720877105077,24.743942590533607,18.09202129429559,55.09025553560278,,,,,2.8618419089258507,4.5055365292687615,2.528341361040475,4.0009060837182915,14.647882640207662,44.60670942633806,0.6363636363636364,0.9166666666666666,8275.236379187336,508449.34756596206,508449.34756596206,528,1.0,0.0,0.0,0.0,3.4561334463850484,1.7691273463406105,4.505536529270103,3.1583016420519776,17.580151405592627,15.913305241391324,1627.2077093150758,807.3754653432447,0.496172345252153,992.8876072520908,0.018226488268800953,249.25973913334823,3,0,0,0,0.0,528,357.0,0.24925973913334823,702.6250725846131,472222.89342391345,756.526768850301,500000.0,0.18332460518137728,0,0,0.0,26,E2,8,pooled_greedy
2.5115727613253784,4.05919559125205,3.6680908789736293,4.975978173556791,3.9401105870973274,6.256086768360319,,,,,3.114617741694393,4.505536529269193,8.174782571891214,16.323443074083347,3.7846707538837854,4.05919559125205,1.0,1.0,12370.949722949961,513597.1255335828,513597.1255335828,536,1.0,0.0,0.0,0.0,3.1918927996926385,1.76912734634152,4.505536529269193,3.140652876356773,2.5115727613253784,5.074642921058027,1675.7292991139955,820.7834568066132,0.4898067111678385,1092.8614608272683,0.022230496206381747,286.90474593199,4,1,0,0,0.0,536,357.0,0.28690474593199006,695.6559664829547,462104.0261727026,773.1741870009217,500000.0,0.2631952217173149,0,0,0.0,27,E2,8,pooled_greedy
5.0352537705994935,13.648577741502233,8.608364621450015,18.20560900232997,15.597843277532382,39.63649097807679,38.38780657673502,38.474615268081614,40.04733623655025,40.04733623655025,2.848036880657154,4.360591409339577,2.9110234524623593,5.512455645215675,14.951849361891528,13.648577741502233,1.0,1.0,26590.43369586375,528937.8456762048,528937.8456762048,537,1.0,0.0,0.0,0.0,3.3277590302090956,1.7047072930399736,4.505536529269193,4.220744938336429,5.0352537705994935,30.991559293296056,1679.402347088058,819.1742605986254,0.48777725124595933,1039.9496534689783,0.021235369049112527,256.784855100764,1,2,0,0,0.0,537,357.0,0.256784855100764,675.4229968142599,433724.210741864,823.6957403047217,500000.0,0.13068669706498004,0,0,0.0,28,E2,8,pooled_greedy
2.8395316842045633,4.802601741436092,5.424002914752228,11.086353357057305,4.598178463210495,6.088698569418829,5.193326578503786,5.269072026061212,4.5483543846932735,4.738978581261859,3.4090462762352374,4.505536529268966,3.0150853628658907,5.108601380801339,4.996673417965834,4.802601741436092,1.0,1.0,77164.28456252046,584688.0408818187,584688.0408818187,599,1.0,0.0,0.0,0.0,3.5027850202110633,1.76912734634152,4.811768232599024,3.5938409324853624,2.8395316842045633,10.323725959111764,2084.0545563872247,1003.4456992842253,0.4814872509977524,1374.2267347387194,0.02600069879726432,308.6159405020606,3,2,0,0,0.0,599,357.0,0.3086159405020606,611.1098414149433,363165.2629796338,983.8733281066583,500000.0,0.11457638748647003,0,0,0.0,29,E2,8,pooled_greedy
2.958679197006365,4.370904938025063,3.644831651186962,4.0810318231882325,3.5776563549640437,5.869839573883155,,,,,2.8556771170972404,4.907537137588339,4.2677657875559385,7.289684100513114,3.6236183997481457,4.370904938025063,1.0,1.0,13968.57625752051,515078.73700219905,515078.73700219905,554,1.0,0.0,0.0,0.0,2.914514499160836,2.1768765157380585,4.821921762343538,2.8713332803292224,2.958679197006365,15.750339061655016,1821.381429965894,901.7076737548915,0.4950680065799157,1011.1361973371615,0.01715983988577063,205.34593223243522,2,0,0,0,0.0,554,357.0,0.20534593223243522,693.4965865824654,460665.0799479454,775.4122495514446,500000.0,0.07835256976698668,0,0,0.0,0,E2,8,central_assign
2.732293488404927,3.418830180986697,3.865987204592168,4.361622437840396,5.171694464792108,6.157628515806573,7.919656714192267,10.225926281245302,,,3.308722223401677,4.705688544445502,3.2147811633156573,4.913373476367633,5.200954692435025,3.418830180986697,1.0,1.0,22776.714596747763,525519.2910413912,525519.2910413912,536,1.0,0.0,0.0,0.0,3.340787962433233,2.193214038570204,4.793448248930645,3.4592415085850634,2.732293488404927,16.745704951752156,1696.2817592523359,841.6600795742895,0.4961794082754654,965.9350159701443,0.020190006637308317,242.94079206146623,3,2,0,0,0.0,536,357.0,0.24294079206146624,679.7903462004863,439593.50189249025,812.6665641191189,500000.0,0.1281996035050148,0,0,0.0,1,E2,8,central_assign
9.7283836135139,15.407984950529958,3.7850674421245856,4.438194318367141,3.551266223907002,5.0752848981783245,5.097813335157184,5.171748997798909,,,3.659017401797753,4.938024134034186,3.609020913111842,5.79317056675427,3.8614852219220666,15.407984950529958,0.9545454545454546,0.9736842105263158,29310.196036041838,532277.3226155266,517873.34282247716,549,0.9729389564780431,14403.979793049497,0.02706104352195697,0.0,3.9071332130986622,2.2221047630246176,5.05536164281093,3.7143755513444248,9.7283836135139,22.042178355422163,1777.7780210811288,870.7268419722953,0.48978378157852126,1014.58748752189,0.022437969103440286,258.99027030703775,3,3,0,0,0.0,549,357.0,0.25899027030703775,689.8578488771001,454212.76292486634,786.5454681849244,500000.0,0.1007265942245299,0,0,0.0,2,E2,8,central_assign
2.833448352632173,3.150416324744765,4.106309418264127,4.755244364836381,4.842608339677872,7.368094649329168,6.092502637195139,6.092502637195139,5.227744488494864,5.227744488494864,3.1791814453836804,4.759263714185137,3.314671677415049,4.164582111960499,4.4958586863086465,3.150416324744765,1.0,1.0,28096.063942230638,531327.860284328,531327.860284328,562,1.0,0.0,0.0,0.0,3.228280767341803,2.2426318368325155,4.892248015624831,3.2699768990609495,2.833448352632173,12.896651116808039,1901.4028280819452,933.7264879109649,0.4910724198579576,1098.800638894114,0.021235957829325643,247.74906237138902,2,2,0,0,0.0,562,357.0,0.24774906237138902,672.3678085903464,429416.2388797024,831.9381446644628,500000.0,0.0898075575071775,0,0,0.0,3,E2,8,central_assign
3.2688464860702373,4.704226477439261,3.5268915987265927,4.530451849102519,3.014370809390761,3.6278939377654753,,,4.334790537833669,4.334790537833669,3.3781057861560706,4.9839554601895575,2.5827439091122906,3.439356023569235,3.2555570631958584,4.704226477439261,1.0,1.0,32491.15341102122,534209.4492904893,521325.49254426855,548,0.9758821998312972,12883.956746220842,0.02411780016870289,0.0,3.3550443747241068,2.224804387180484,4.887130188399261,3.3806675347808546,3.2688464860702373,15.198622281644134,1769.618410695023,877.470803126089,0.49585311602938154,990.2943362270521,0.02075234637317393,242.517563973211,7,1,0,0,0.0,548,357.0,0.24251756397321098,685.2581020362011,450376.79777546047,793.2080856040895,500000.0,0.10442729646204763,0,0,0.0,4,E2,8,central_assign
4.325501618646178,6.734952122025974,8.096582283286425,16.87637235797816,10.634974277750791,32.61626312724065,6.253327683743616,7.6903946989828,,,2.84179881799093,4.872119458274528,2.84573330927104,4.922543232863973,8.574062028199318,6.734952122025974,0.9629629629629629,1.0,43452.69323580841,547328.4080016714,547328.4080016714,573,1.0,0.0,0.0,0.0,3.21193987171593,2.24929385347059,5.201970871971755,3.1498101734061645,4.325501618646178,17.380652954455,1928.9465744863433,950.523829826035,0.492768354706324,1159.3196566103154,0.0195228501496246,218.75409591166763,3,0,0,0,0.0,573,357.0,0.2187540959116676,652.6588952328249,402715.77767049684,887.0244820360355,500000.0,0.028746253327306404,0,0,0.0,5,E2,8,central_assign
2.586853880823022,3.173234350699022,6.42207082118111,8.469731436993063,3.880616385122624,5.710228395537888,5.554244650460646,6.404370381748959,,,2.7718551971822842,4.791534686553291,3.420590712787255,6.7383052080758725,5.5361755822106415,3.173234350699022,1.0,1.0,31608.77227884693,533346.8920584851,533346.8920584851,565,1.0,0.0,0.0,0.0,2.8950361070681003,2.2330291972311898,5.0194302789349425,2.8844525107421313,2.586853880823022,12.686827647421616,1885.9637372021818,933.821202736537,0.49514271367797147,1084.355475007467,0.01875831260454745,236.22254134904722,3,0,0,0,0.0,565,357.0,0.23622254134904722,669.8008891784743,427225.27831956884,836.177634306865,500000.0,0.061972253961231294,0,0,0.0,6,E2,8,central_assign
3.466154947025355,5.505418216696023,6.1041756249183505,13.814254315974363,3.0646568909643923,3.639781185766697,6.032362369911084,6.5641972263184245,,,3.8408217163916962,4.998178978124315,4.43655344161707,5.932009220543261,4.958371661768344,5.505418216696023,1.0,1.0,40773.60461111535,544565.4292464787,533094.6781879223,581,0.9789359543545969,11470.75105855638,0.021064045645403137,0.0,3.8836326677290325,2.2804013962064573,5.1270110563214075,3.877161283057881,3.466154947025355,29.925839183616514,1963.502220829534,967.0913379738322,0.49253386510826486,1133.6991790031927,0.021029207687703163,264.24599957027385,0,2,0,0,0.0,581,357.0,0.26424599957027384,670.1703480026681,425604.99583849637,839.426814752759,500000.0,0.08594617923048742,0,0,0.0,7,E2,8,central_assign
3.8800970022454235,5.543215770214556,4.87321437413695,8.079258831805646,4.066234648691097,4.952691849905023,5.185008530520349,5.374545850782465,,,3.2371864706818005,4.981050689325457,2.7445689358406753,2.973834675786884,4.444207934222633,5.543215770214556,0.96,1.0,38363.5914215517,540361.5398106,526845.8481339897,560,0.9749876875372225,13515.69167661024,0.02501231246277737,0.0,3.3049058394897224,2.2791841515877422,5.138407717983569,3.306870855867785,3.8800970022454235,18.830775126325687,1811.0117074715542,891.6970118061947,0.4923750675533392,1054.6120478103478,0.01983549533072661,234.03191259388208,6,0,0,0,0.0,560,357.0,0.2340319125938821,678.0617768515481,437862.4200002374,815.8590817462714,500000.0,0.08971697524171218,0,0,0.0,8,E2,8,central_assign
6.495070272558453,9.22244968065969,9.350887084455602,14.997739854115835,6.16000128179469,6.157591638551094,16.02634128628779,16.02634128628779,7.520476194906678,8.778882135460389,3.357806817076196,4.811465909244816,4.319150056610386,6.597914084844888,8.170410567105272,9.22244968065969,0.9210526315789473,0.9876543209876543,47374.080402398526,549736.351411949,549736.351411949,604,1.0,0.0,0.0,0.0,3.94501131930377,2.298895754746809,5.188129923473026,3.8217626499396378,6.495070272558453,24.586957984963153,2131.7418329706534,1046.3725604857868,0.4908533220589999,1241.5305383042835,0.024809282101647543,285.7547263029474,6,2,0,0,0.0,604,357.0,0.2857547263029474,649.9220104485472,403018.1446498571,886.5252333408301,500000.0,0.0719724920389675,0,0,0.0,9,E2,8,central_assign
10.22645456513432,3.209929145995648,4.246137829689161,7.03638875559393,5.200321404687742,7.796051285065186,,,,,2.6410146543592807,4.636729510252281,2.8498611846478754,3.8705568445160674,4.723229617188451,3.209929145995648,0.9285714285714286,0.9666666666666667,13819.243346008723,516514.44304295897,516514.44304295897,540,1.0,0.0,0.0,0.0,2.903236994098176,2.2207789571999683,4.700609179802632,2.7307956767790134,10.22645456513432,14.000669854805015,1711.4006035941193,843.0422636856354,0.49260369659515074,975.057356934663,0.017496730970264125,197.13684925410888,0,1,0,0,0.0,540,357.0,0.19713684925410888,691.5530468903958,454833.0197947132,785.3368627688319,500000.0,0.016037666393978522,0,0,0.0,10,E2,8,central_assign
6.2291734356618536,17.344043237806545,15.024916385964389,35.64662607121036,3.6382937557556945,5.500828297280622,,,7.606626892373242,7.606626892373242,3.0172588775486977,4.897303632479907,3.809024590490805,6.881389596765079,6.891614507243893,17.344043237806545,1.0,0.9714285714285714,26006.043708159235,531772.2574830158,531772.2574830158,543,1.0,0.0,0.0,0.0,3.2600266722844773,2.271263411224936,5.114468784949896,3.2592621334569993,6.2291734356618536,20.499909353511104,1724.0600531821763,855.0800886112024,0.4959688538882054,1020.6621157332672,0.01761197764782903,205.29306739482513,2,0,0,0,0.0,543,357.0,0.20529306739482514,671.7260782992306,427882.31233875756,834.8213580387329,500000.0,0.05961534515564648,0,0,0.0,11,E2,8,central_assign
3.309579013073744,4.794889460872765,4.270023133793454,5.870775088040773,4.677872522201142,4.677872522201142,,,,,3.5049854865732097,5.0327337455391,3.052880002479859,4.751125873429375,4.328287332137409,4.794889460872765,1.0,1.0,3605.0987133016765,503977.3460501888,503977.3460501888,521,1.0,0.0,0.0,0.0,3.5073473468722494,2.2005590137499667,5.0812904883614465,3.5082960806333916,3.309579013073744,20.800394335803784,1588.2342723772285,789.7355533322892,0.49724122383421004,906.7047552142469,0.018798951768826695,180.68209419394978,5,1,0,0,0.0,521,357.0,0.18068209419394976,708.7236854861012,482481.5128034366,740.2992086034801,500000.0,0.16715033803210333,0,0,0.0,12,E2,8,central_assign
3.5399336687740854,5.11568121173732,4.707895766151043,6.907964222121609,4.380824363242482,6.554153773620692,,,,,3.232156606212232,4.655704284607442,2.1146590591432757,2.3446479352412553,4.562530698191683,5.11568121173732,1.0,1.0,6216.486291594783,506496.9548278934,506496.9548278934,522,1.0,0.0,0.0,0.0,3.2491069809113995,2.199837819088714,4.782090780577301,3.2490206761359333,3.5399336687740854,16.199852479352998,1593.094602889991,794.4706852602325,0.49869648909675807,912.4291883169045,0.018551690060373348,180.51978645777064,1,2,0,0,0.0,522,357.0,0.18051978645777064,705.1977635439624,474489.55895369675,752.7679230162225,500000.0,0.16161692350544454,0,0,0.0,13,E2,8,central_assign
5.057523666629884,14.97757096279142,6.495650790386119,10.983004435788235,5.392649138324831,6.161655013592622,5.256415002579047,5.7506320015599615,,,3.0284087381532827,5.017173898262718,2.9970747599299523,4.711295490683188,5.660441313554689,14.97757096279142,1.0,1.0,58929.484502104126,566652.9292862886,566652.9292862886,576,1.0,0.0,0.0,0.0,3.280600981588945,2.2146738182555055,5.367566130981231,3.3002379651535345,5.057523666629884,23.014594391186943,1924.0532079949066,942.0076826661956,0.48959544297004143,1131.6087370454675,0.018290983114288686,176.1979618481354,2,0,0,0,0.0,576,357.0,0.1761979618481354,630.326218222712,373808.9975939545,955.5045498124324,500000.0,0.1206934792338592,0,0,0.0,14,E2,8,central_assign
12.886644900018297,49.300982045987716,14.310871017611882,65.30011214098477,20.316106144131027,61.14041556349639,6.661218856430748,8.547166052599733,5.851480570396916,6.102099723742276,3.8037728690111425,4.751002789129235,7.406058482523341,6.475961432959966,14.63164079359759,49.300982045987716,0.8,0.8783783783783784,64862.71277757866,573615.9384122625,573615.9384122625,603,1.0,0.0,0.0,0.0,5.199369049959274,2.2762298602549436,5.6100310811883904,4.5311155369993195,12.886644900018297,34.12689714407281,2154.1739702896202,1042.5908173846442,0.48398635939532403,1300.0866421959038,0.026696136850538916,288.35343896292795,6,3,0,0,0.0,603,357.0,0.288353438962928,622.870337996391,362175.8392481865,986.5052129944141,500000.0,0.050521641757376834,0,0,0.0,15,E2,8,central_assign
4.364566186534865,8.256543959717597,10.372179199622858,24.69023427873526,17.105572900558702,21.01253599134052,,,,,3.3064397324918917,4.988314371586239,2.1891351546829205,2.537798556531925,12.616643766601474,8.256543959717597,1.0,1.0,8440.199489225186,509188.49886297405,509188.49886297405,531,1.0,0.0,0.0,0.0,3.495788744168683,2.190878149234777,5.196467627412858,3.395012675351303,4.364566186534865,21.16956797023211,1623.2137664258628,804.7035852112665,0.4957471417847415,932.0153881750846,0.018310375933054943,198.86238959215072,2,1,0,0,0.0,531,357.0,0.19886238959215072,701.5061478945868,474127.9796846141,753.3806855845077,500000.0,0.10385160136309435,0,0,0.0,16,E2,8,central_assign
2.916261607792482,3.8371992368638526,3.199878233827527,4.227445083078055,3.7071867466832145,5.794130366909076,,,,,3.375029173407598,4.901135433468335,2.645432921951159,4.655453361038781,3.41125678085073,3.8371992368638526,1.0,1.0,10188.61735102234,511539.3687118152,511539.3687118152,538,1.0,0.0,0.0,0.0,3.348128911398435,2.2017162067359095,4.891893332622295,3.3787922707902953,2.916261607792482,16.23253628393905,1666.894131800779,824.5493931265735,0.49466212484400335,938.2493369117165,0.019975136537553978,249.0836444844347,6,1,0,0,0.0,538,357.0,0.2490836444844347,698.3804287519989,466751.1121033664,765.3952489466554,500000.0,0.11242229749787036,0,0,0.0,17,E2,8,central_assign
3.671542886862841,6.448681237865458,5.192942212204343,9.153335605543997,5.380057334961748,9.73280143988013,9.018350463457258,12.711766653005725,9.59042862595561,9.59042862595561,3.5134404473769845,4.883343999367573,5.751545307280235,9.759571560266158,6.023883384748813,6.448681237865458,1.0,1.0,68261.72443658626,572191.6285267603,561368.4124093493,574,0.9810846304318052,10823.216117411037,0.01891536956819503,0.0,3.740027673306326,2.297719952267471,5.370498581073934,3.938992952503544,3.671542886862841,23.685558579586644,1918.1062867859353,946.5012998381414,0.49345612720145005,1164.6677602978136,0.023421313091424874,280.82021090178733,2,3,0,0,0.0,574,357.0,0.2808202109017873,636.4462486898406,386183.9274607378,925.157146130131,500000.0,0.13760062204722434,0,0,0.0,18,E2,8,central_assign
6.426374637458509,13.263251696301815,9.156386388299683,7.686063258011427,5.07524674092637,8.603292552768108,,,,,3.3656392994574915,5.025058699500779,2.8409154677107478,3.5254534916813336,7.715984159814985,13.263251696301815,0.9428571428571428,0.9855072463768116,37728.11627304937,538786.9281851918,527296.1270711955,583,0.9786728286955643,11490.801113996251,0.021327171304435642,0.0,3.7904957804827677,2.2774222852740422,5.23762885964452,3.510152696636527,6.426374637458509,21.337257351325928,2035.3130416943552,1000.2648901588664,0.4914550585919535,1182.9446686742297,0.023018412274082693,311.425173343578,3,2,0,0,0.0,583,357.0,0.311425173343578,677.6295269946093,439184.84706668876,813.5786732165808,500000.0,0.13614927616587802,0,0,0.0,19,E2,8,central_assign
2.932253869619944,4.412311569282156,4.079664001903711,5.337131065088875,15.156896199707807,30.483241112097225,41.796903175263196,41.796903175263196,5.342127709182819,5.342127709182819,3.61088079546877,5.010872368791616,3.3013636592873152,5.3685717357868725,12.543609471210981,4.412311569282156,1.0,1.0,42968.20466135957,546796.3875473237,534781.0123534314,558,0.978025869468912,12015.37519389233,0.021974130531088105,0.0,3.7460392183573816,2.2428977362901605,5.202672205031786,4.111672385850775,2.932253869619944,17.61781416661408,1767.042035757872,871.357785479241,0.49311661400602824,1014.2572374677994,0.02384204374536692,284.0232299342426,5,3,0,0,0.0,558,357.0,0.28402322993424256,668.0940702393689,430560.3251088581,829.811764796495,500000.0,0.13563095287704163,0,0,0.0,20,E2,8,central_assign
3.4599241568303967,5.106406398124455,4.264097598238914,6.01997399694601,5.244532007162434,5.302532195198455,5.389423735003675,5.389423735003675,,,2.9924160517649825,4.839666558348359,3.3868329038074685,5.2447046137695,4.649871967565389,5.106406398124455,1.0,1.0,17327.275816339392,522341.9832740221,522341.9832740221,537,1.0,0.0,0.0,0.0,3.0411303182381557,2.1920612572512255,4.92123995597849,3.0551260669506726,3.4599241568303967,14.339177996501762,1675.9516388146608,824.6658156286406,0.4920582411386862,959.5671527088164,0.01827162909302539,219.1205768282022,2,1,0,0,0.0,537,357.0,0.2191205768282022,683.8797799437654,451697.3097136357,790.8373879917411,500000.0,0.08337881814000725,0,0,0.0,21,E2,8,central_assign
7.834379544323137,26.900485324822245,18.507255706612522,40.51148495178968,8.075577982298947,18.497253881046163,5.351520597516583,5.351520597516583,,,3.050742643559954,4.7210553861159505,4.74827417365168,7.410311016974632,12.195105585364407,26.900485324822245,0.8333333333333334,1.0,19226.136203616657,520041.7500651535,520041.7500651535,533,1.0,0.0,0.0,0.0,3.392982384426065,2.2064372742656815,4.915649254911296,3.193984089126228,7.834379544323137,17.74648938504948,1656.4406032191034,819.3369076755913,0.49463705857203905,963.6914580159356,0.01803376740841468,205.538639398531,2,1,0,0,0.0,533,357.0,0.205538639398531,686.8785796422036,456167.88641693554,783.0571797702439,500000.0,0.13390467606690915,0,0,0.0,22,E2,8,central_assign
2.9497195876883326,3.523357942037728,3.7948439271713243,4.3085585013901895,4.824650810092436,7.753094657902466,5.182316768950116,5.632617605196574,,,2.869347449804608,4.851616176383368,2.6878735344079203,4.09302375889979,4.2456375310599,3.523357942037728,1.0,1.0,44840.47463850063,546785.5630729868,534074.9817859603,584,0.9767539925238847,12710.581287026522,0.023246007476115223,0.0,2.938086050981871,2.2954838841569654,4.849607641270199,2.9639622387971656,2.9497195876883326,12.784968118297588,2029.66709792631,990.91421164792,0.4882151426016251,1135.898293941433,0.019727700856600302,246.59190527136965,1,1,0,0,0.0,584,357.0,0.24659190527136965,668.9071836142365,425775.37060410064,839.0494532325838,500000.0,0.14208298288045507,0,0,0.0,23,E2,8,central_assign
6.456147321914255,13.424141397871244,24.26266770252937,44.883215679392926,12.671990726901791,28.524232921935436,19.885947307034712,21.663067164190853,,,3.4688900477839133,4.8034367685586865,2.3295252608141306,2.942047328606168,16.724698797753536,13.424141397871244,1.0,1.0,34421.87232108315,535140.8176419535,523443.16914699145,543,0.9781409899799709,11697.648494961977,0.021859010020029008,0.0,3.9207146083277307,2.2416603421061154,5.270630675652774,3.9595129299397436,6.456147321914255,29.149615338790433,1709.2403679902402,842.5368182846964,0.4929305638126067,998.429143463499,0.020266656177453875,204.4603821384421,2,2,0,0,0.0,543,357.0,0.20446038213844211,682.4130706763117,444487.4606690196,803.6322551022985,500000.0,0.12356652463002793,0,0,0.0,24,E2,8,central_assign
2.3600304149408657,2.3600304149408657,,,,,,,,,3.7078759113496047,4.98604424104001,,,,2.3600304149408657,1.0,1.0,209.99028817615883,500209.99028817617,500209.99028817617,501,1.0,0.0,0.0,0.0,3.7051856009775315,2.2060220615853723,4.977809372036518,3.7073100800593406,2.3600304149408657,18.386038957043773,1458.3086318768317,726.3884955653294,0.49810340533366604,843.9765585380828,0.02019022320166089,210.3418423296448,6,2,0,0,0.0,501,357.0,0.2103418423296448,714.1207668334193,489437.86025391804,729.8379852694898,500000.0,0.07466934427330973,0,0,0.0,25,E2,8,central_assign
18.79979239393457,49.92982931790357,10.142839814325725,23.820519247572975,15.056132179856766,44.9325750121232,,,,,3.139229978664135,4.886655111264555,2.798172245317346,4.1327194150749165,12.788458780380902,49.92982931790357,0.6363636363636364,0.875,8275.236379187336,508449.34756596206,508449.34756596206,528,1.0,0.0,0.0,0.0,3.7004836340749407,2.227706395446603,4.982300612325162,3.3726785064457303,18.79979239393457,26.239729192975403,1636.1149330524386,816.2826890806074,0.4989152489169567,919.6458332882398,0.016302476453588823,187.10636934653874,2,0,0,0,0.0,528,357.0,0.18710636934653874,702.5028315588664,472140.737216961,756.526768850301,500000.0,0.09109356889707398,0,0,0.0,26,E2,8,central_assign
4.708114978686422,5.2479929601552175,3.542595223494068,4.591778105908406,3.7880305524649884,5.9745058032629,,,,,3.037092974836559,4.796452932055309,7.853831334326117,16.538263107558983,3.647781793053034,5.2479929601552175,0.9285714285714286,1.0,12370.949722949961,513597.1255335828,513597.1255335828,536,1.0,0.0,0.0,0.0,3.16858151659933,2.220421774643455,4.855777978847755,3.076326171386409,4.708114978686422,14.98631909466119,1695.2067789635198,840.2609366561368,0.4956686978150757,964.7040328970467,0.018475924011266336,236.28686316249517,2,1,0,0,0.0,536,357.0,0.23628686316249517,695.5574108636707,462038.5585411902,773.1741870009217,500000.0,0.12671044421196243,0,0,0.0,27,E2,8,central_assign
7.392353673013382,11.948936877139205,9.832137753487515,19.39737186759585,20.20780745247644,40.41251000880476,42.38896155771137,43.985790983838,35.67424933303815,35.67424933303815,3.1561816594655,4.701845553645035,2.8500818815203672,4.561506093447304,17.792616866136342,11.948936877139205,0.9166666666666666,1.0,26590.43369586375,528937.8456762048,528937.8456762048,537,1.0,0.0,0.0,0.0,3.7429345401346246,2.2453138219771063,4.9251823643309764,4.63340760996166,7.392353673013382,44.92419682425592,1690.0461450228802,829.8180585334483,0.491003195964341,979.0586394382782,0.019577894616946614,241.64106754105075,1,2,0,0,0.0,537,357.0,0.24164106754105075,675.3943662526854,433705.8255702299,823.6957403047217,500000.0,0.16381817199721715,0,0,0.0,28,E2,8,central_assign
3.3932734887953804,5.241986893886406,6.019532500489468,13.030667684535274,4.486629764300692,6.188463870812347,17.438055767721625,33.99345122952227,5.66868074205028,7.1478107339600685,3.5031886885199657,5.035742156038692,3.209016179772388,5.163350591582516,5.966738836597091,5.241986893886406,1.0,1.0,77164.28456252046,584688.0408818187,584688.0408818187,599,1.0,0.0,0.0,0.0,3.6958719821476897,2.314620955409737,5.28161258551345,4.094161396262314,3.3932734887953804,22.475357470470684,2104.428842264121,1023.8199851611217,0.48650729575613033,1219.4140408645299,0.023521250329822448,291.90858589554944,4,2,0,0,0.0,599,357.0,0.29190858589554947,611.0812665965129,363148.2817747071,983.8733281066582,500000.0,0.07571741960958489,0,0,0.0,29,E2,8,central_assign
2.0911462122177036,3.098872863509319,3.609971237525573,6.148716426116746,2.6373366181144227,4.169552715478176,,,,,22.44991818819157,28.360592409339915,4.131681392166487,11.21476909854573,3.302823462974683,3.098872863509319,1.0,1.0,13968.57625752051,515078.73700219905,515078.73700219905,554,1.0,0.0,0.0,0.0,20.547560910287654,25.544237563735606,28.23866636404286,21.8683792496559,2.0911462122177036,417.82372804917503,1797.989330887011,891.4352630768886,0.49579563558206013,998.6362192135189,0.01781960635434774,256.1048929295356,2,0,0,12,102.4925070669722,541,357.0,0.2561048929295356,693.5951326047542,460730.5405603184,775.4122495514446,500000.0,0.06242745206395117,0,6,15.121517713156749,0,E2,8,marketplace
2.1855171922242334,2.4481863708920173,3.438924277022958,4.054510740626711,3.881752248817611,4.939885795377177,6.116567545469782,9.164708375040755,,,22.599545054567766,28.50553752926869,3.631620885493216,4.739928748352577,4.17085782447394,2.4481863708920173,1.0,1.0,22776.714596747763,525519.2910413912,524519.2910413912,535,0.9980971202826477,0.0,0.0,1000.0,21.296764665147226,25.544237563735805,28.360592409339915,21.758876415451983,2.1855171922242334,417.5523268902332,1696.9872789665408,855.8872477587283,0.5043569025926704,951.8790256768708,0.01778675769772923,238.28767417055627,3,0,2,13,0.0,518,357.0,0.23828767417055627,681.0775004383584,440038.50314480194,811.8341579682526,500000.0,0.08477036000293992,0,9,27.66453017024679,1,E2,8,marketplace
3.605289990152063,8.09529405019767,3.353368597809805,3.823020815844211,2.7796524258103545,4.0286151854024865,4.5854067192575485,5.237943681554657,7.299711107368466,7.299711107368466,22.53628315359995,27.64326178565375,3.436923021730687,4.780945749778266,3.292229798490979,8.09529405019767,1.0,1.0,29310.196036041838,535415.9266670817,534415.9266670817,550,0.998132293138486,0.0,0.0,1000.0,20.77480025013402,25.46772273167197,27.635866809689606,21.38634052322614,3.605289990152063,417.60213011836845,1770.3149867089153,875.8626059988773,0.49474958556789944,980.9898422997559,0.018261267506082913,224.43651755491314,3,0,2,15,0.0,534,357.0,0.22443651755491312,668.4389792523727,423786.6264785833,842.9346614495108,500000.0,0.06610696454143783,0,7,21.529156115802827,2,E2,8,marketplace
3.4979796029312498,4.724555955913094,4.414966278812979,5.526173534091141,4.163191812173454,6.4491030227090045,5.706709956390114,5.706709956390114,4.699799952642934,4.699799952642934,22.57940637535776,27.86320363027289,5.682509671890524,3.868600042938806,4.363882904278891,4.724555955913094,0.9565217391304348,1.0,28096.063942230638,531327.860284328,530327.860284328,561,0.998117922897051,0.0,0.0,1000.0,20.564287766903288,25.544237563735635,27.68537421799283,21.50200551995264,3.4979796029312498,422.99790109508837,1872.022715860291,922.2616909824105,0.49265518156844784,1048.8322594773515,0.018630658323682797,286.0507489862662,2,0,0,13,0.0,548,357.0,0.2860507489862662,673.7078654653976,429892.4122314205,831.1057385135965,500000.0,0.07458301643217657,0,6,16.699708771619658,3,E2,8,marketplace
2.4303339395587122,3.524334540359906,3.7042337187758676,6.266463070010286,2.4577618029886454,2.7503644101063403,,,30.074317811663832,50.56479789082173,22.826167432552207,28.00651856632203,2.3498464802896533,3.6035487317196386,3.0443368221826326,3.524334540359906,1.0,1.0,32491.15341102122,538255.453584505,538255.453584505,550,1.0,0.0,0.0,0.0,21.08960016914974,25.467722731670605,27.635866809690015,22.68549786427316,2.4303339395587122,441.95573779942407,1766.1120389354114,889.1033596568947,0.503424097710604,978.1121527264783,0.019745578218810195,267.018642339099,7,0,1,15,0.0,535,357.0,0.267018642339099,663.7499281486591,429799.12303871283,831.2418511150834,500000.0,0.06610073037368269,0,8,22.35997834625173,4,E2,8,marketplace
2.75621021906207,4.931416798134379,5.796468189423783,11.359180857058163,6.63275987406688,15.863775016640556,9.437339629654767,17.618105292026485,,,22.620336002413126,27.855550682484317,2.727812667833547,5.027909262931075,6.803406372351012,4.931416798134379,1.0,1.0,43452.69323580841,547328.4080016714,546328.4080016714,572,0.998172943363837,0.0,0.0,1000.0,20.296700235969745,25.382608026528942,27.635866809689105,21.18846387643433,2.75621021906207,420.7830034640975,1896.426771950782,940.0233484978379,0.49568133207214304,1084.2641075642102,0.019514568111702903,251.36339811773075,3,0,1,17,0.0,554,357.0,0.25136339811773073,653.9132107459892,403130.8484013229,886.1920758851691,500000.0,0.04639627728520046,0,9,25.081618740741817,5,E2,8,marketplace
2.4527949681176318,3.940022184702821,4.22230693197786,6.114246696238615,2.890503146682704,4.222150352619747,4.66772291658117,5.316414073068017,,,22.92184054172104,28.375086921332823,3.9556136844227536,7.663938179649632,3.9081001587006576,3.940022184702821,1.0,1.0,31608.77227884693,533346.8920584851,533346.8920584851,565,1.0,0.0,0.0,0.0,20.66339099411349,25.544237563735805,28.360592409338825,21.729097779522835,2.4527949681176318,424.77772600425806,1884.4477454867695,938.9011626769131,0.498236772510976,1065.2890047545266,0.019459097245390525,289.79390660235,3,0,1,12,0.0,553,357.0,0.28979390660235,669.9013329347819,427289.3452869875,836.177634306865,500000.0,0.07650612113301403,0,7,19.161517915886595,6,E2,8,marketplace
2.746563516504304,4.84808932931719,7.251076160201976,19.576911695037367,2.3864857786941767,2.8414894144897747,5.289675528347701,5.721478906845315,10.175342153210863,10.175342153210863,22.925616168805814,28.360592409339915,3.045455997027426,4.313333722037435,5.263404714482029,4.84808932931719,1.0,1.0,40773.60461111535,544565.4292464787,543565.4292464787,581,0.9981636733690867,0.0,0.0,1000.0,20.204666942488966,25.382608026528942,27.9550902040819,21.482898034715955,2.746563516504304,431.8478865345338,1953.155746233747,979.5869748138919,0.5015406358160739,1090.4526804554391,0.018213737567961463,234.6425056938485,0,0,1,14,41.40920151246225,562,357.0,0.2346425056938485,657.2063330092806,411169.0232523915,868.8267410806611,500000.0,0.09371356828167543,0,15,40.987759719776044,7,E2,8,marketplace
4.681747481999704,8.996440533349965,4.745543283613841,7.869520870900623,3.0366978164399407,4.63247805982719,4.457817621632444,4.529586561458132,11.78256014482281,11.78256014482281,23.01774366755187,28.37743108569191,2.384366269163549,3.8007833038594985,3.7546544837345586,8.996440533349965,0.96,1.0,38363.5914215517,548239.8518093983,548239.8518093983,562,1.0,0.0,0.0,0.0,20.916462447679308,25.544237563735805,28.006518566322484,21.524635673540306,4.681747481999704,427.70039281455183,1799.1833866524987,894.2227456082389,0.49701589745779073,1028.6301855029346,0.019790764256081714,261.75217121496513,5,0,1,16,0.0,544,357.0,0.26175217121496513,651.6522850210841,413534.98055762984,863.9214793618343,500000.0,0.09612689380369766,0,8,24.343326510706614,8,E2,8,marketplace
5.229365422409091,13.671892085331253,5.78562274179257,11.964260297732606,6.52278103468741,14.036605642527515,15.07760436450917,15.07760436450917,6.6668361134020415,7.882814643307666,23.220866883885463,28.360592409339915,3.697981441725925,5.573223608448008,6.310293227718703,13.671892085331253,0.9473684210526315,1.0,47374.080402398526,549779.8663554897,548779.8663554897,604,0.9981810901759116,0.0,0.0,1000.0,20.11913962557462,25.382608026528942,28.006518566320665,21.828559500199447,5.229365422409091,434.2601838838941,2083.1378398029906,1037.13794849968,0.49787293412987293,1150.7429023933876,0.022477212728682593,332.6564226474921,6,0,0,21,0.0,579,357.0,0.33265642264749207,651.1402446225567,403408.5647565737,885.7835148796867,500000.0,0.06520006635919984,0,20,57.33175074075871,9,E2,8,marketplace
2.2830464707025646,3.0502997477086873,3.5581993993666003,5.62210101056944,3.419547505261022,5.120965486856858,,,,,22.15574726023159,27.736757313726322,2.7275612522841586,4.411052084645826,3.488873452313811,3.0502997477086873,1.0,1.0,13819.243346008723,516514.44304295897,516514.44304295897,540,1.0,0.0,0.0,0.0,20.727655311973137,25.544237563735635,27.635866809690015,21.549649661275215,2.2830464707025646,410.4153578549522,1687.7216880439626,842.9585689966055,0.49946538873573315,921.8354550735374,0.01690545072558188,237.11557310355283,1,0,1,16,0.0,523,357.0,0.23711557310355283,691.6304478699578,454883.9262601356,785.3368627688319,500000.0,0.07194486605609929,0,10,25.437336491378822,10,E2,8,marketplace
5.847519166693452,8.511655324763524,17.07891548045791,41.03747440595235,2.622909975681819,2.8917763271238517,,,7.552558473439603,7.552558473439603,22.779777889946565,28.23573148670926,3.2400114241204068,5.680743432851161,6.753197262760701,8.511655324763524,0.9523809523809523,0.9714285714285714,26006.043708159235,531772.2574830158,531772.2574830158,543,1.0,0.0,0.0,0.0,21.43179419446552,25.544237563735805,28.174509805883464,21.799086309549846,5.847519166693452,423.3280502810417,1679.5094327871932,833.005727038062,0.4959815710327185,941.9677562046492,0.018318980840336858,287.1695280400318,3,0,1,17,0.0,522,357.0,0.2871695280400318,671.8800473329532,427980.3889630038,834.8213580387329,500000.0,0.04478696613705235,0,7,25.527781229537098,11,E2,8,marketplace
2.896539559346268,4.698064576267734,3.744942016965789,5.434045609284681,4.526382004545667,4.526382004545667,,,,,22.510802670475126,28.006518566321667,6.350076728250509,15.133310887881823,3.856576300905772,4.698064576267734,1.0,1.0,3605.0987133016765,503977.3460501888,503977.3460501888,521,1.0,0.0,0.0,0.0,21.779508029476162,25.544237563735805,28.006518566321574,22.362750614768785,2.896539559346268,419.06014923124036,1549.090957627632,774.1355869188783,0.49973539843292003,855.2151213111376,0.016315290164883055,197.97767543600068,3,0,0,14,0.0,504,357.0,0.1979776754360007,708.7580036580936,482504.87576403556,740.2992086034801,500000.0,0.07241783700044979,0,3,7.221203659540177,12,E2,8,marketplace
2.3821388704882542,3.2465064302337847,2.537725501860419,3.3741325250821945,2.6540608458926727,3.7607477404359093,,,,,22.3780109455829,28.36059240933855,1.9365574400720278,2.8931847240762694,2.589430099208087,3.2465064302337847,1.0,1.0,6216.486291594783,506496.9548278934,506496.9548278934,522,1.0,0.0,0.0,0.0,21.534579007372773,25.544237563735805,28.006518566320665,22.125420716334833,2.3821388704882542,417.13796448866964,1553.154086828188,777.2411113837483,0.5004275609067291,854.8619373177248,0.015763586804832697,209.0276614173164,1,0,0,13,0.0,506,357.0,0.2090276614173164,705.2540479395306,474527.4296892687,752.7679230162225,500000.0,0.061550768860332505,0,9,28.053596085338686,13,E2,8,marketplace
4.417740229237642,8.653242972037006,6.850193112481987,10.733323227430901,4.720426530274583,5.678019464460704,4.9044332030943565,5.152615753939426,,,22.31862725728788,28.360592409339915,2.8392227226771802,5.144066925090557,5.345879640045032,8.653242972037006,0.9655172413793104,1.0,58929.484502104126,566652.9292862886,566652.9292862886,576,1.0,0.0,0.0,0.0,19.97151257210208,25.382608026528942,28.17233842183589,20.262479472572675,4.417740229237642,416.79016306297933,1869.5869913530162,922.6538694487084,0.49350678717602,1100.8212920888484,0.018622171973944647,232.482843533667,1,0,0,19,0.0,555,357.0,0.23248284353366702,630.4255468924789,373867.9035214004,955.5045498124324,500000.0,0.08160148903595532,0,11,31.775027520204983,14,E2,8,marketplace
10.6817330482764,42.824748048277804,14.158565797427574,54.154876983337545,7.973603769004802,4.669319250433546,5.8594820863970325,6.8405173462233515,6.2728935794182235,6.609980375701298,23.61448983708526,28.006518566320665,3.5359952415710976,7.138794506601519,10.924510200251566,42.824748048277804,0.8,0.9324324324324325,64862.71277757866,573615.9384122626,573615.9384122626,603,1.0,0.0,0.0,0.0,21.086532556755174,25.544237563735635,27.985879436568855,21.430838009326276,10.6817330482764,436.8507645239328,2080.2779553960227,1010.7880704289296,0.48589087232648476,1214.2735607526295,0.023908331054122337,361.2954692141763,5,1,1,13,0.0,578,357.0,0.36129546921417627,622.9974997876986,362249.7790807291,986.5052129944141,500000.0,0.09145731274918467,0,7,18.104656917987842,15,E2,8,marketplace
3.814556421666719,6.9134479990771,7.314681804266698,15.997027083277317,12.668366787089932,19.148780209601682,,,,,22.85269028550922,28.360592409339027,2.6798674179340956,4.081284490647522,9.099243465207776,6.9134479990771,1.0,1.0,8440.199489225186,509188.49886297405,509188.49886297405,531,1.0,0.0,0.0,0.0,21.82439643730122,25.544237563735805,28.006518566321574,22.553069739766983,3.814556421666719,424.9031845369302,1578.8812724725703,791.1379498650674,0.5010750102989848,884.7273097851875,0.016916225453363506,238.05485027806438,1,0,1,16,0.0,512,357.0,0.2380548502780644,701.5831183304341,474180.0018049523,753.3806855845077,500000.0,0.07332716009473184,0,6,20.14679059602842,16,E2,8,marketplace
2.7800455620973517,4.880108603385815,2.6427554164674154,3.3350731435859418,2.8974431509122383,4.001297354314261,,,,,22.773886999318968,28.006518566321574,2.930763738364114,4.387620004132259,2.748875305819425,4.880108603385815,1.0,1.0,10188.61735102234,511539.3687118152,511539.3687118152,538,1.0,0.0,0.0,0.0,21.3640689365851,25.544237563735805,27.867655370655804,22.325103550703062,2.7800455620973517,416.48147018761557,1674.5790506890935,837.5726841493711,0.500169092527885,909.879065014882,0.02024602639392382,299.94067668956484,6,1,1,7,0.0,531,357.0,0.2999406766895648,698.4798483378917,466817.55755396874,765.3952489466554,500000.0,0.15149207476300952,0,7,23.187756094205557,17,E2,8,marketplace
3.3298075812050705,5.255608046254202,4.490630816489466,6.195394486140866,6.2702702671381,17.959979571297293,4.376671088860651,4.7422024237434925,5.644583227327985,6.665764651710288,22.520875370511202,28.006518566320665,5.221870160475509,8.21734007215555,5.329689958230002,5.255608046254202,1.0,1.0,68261.72443658626,577118.2182746406,576118.2182746406,575,0.9982672527597732,0.0,0.0,1000.0,20.16599885673409,25.382608026528942,27.635866809690924,20.177006963052985,3.3298075812050705,421.506333545981,1913.312678031219,940.5969977545581,0.4916065254542836,1114.4285770086333,0.019638626614436196,286.2754409645362,2,0,6,13,293.2924595373256,558,357.0,0.28627544096453617,620.1613906794439,369924.7711019899,965.83495713635,500000.0,0.06957291484649542,0,2,5.271203659540177,18,E2,8,marketplace
5.471693240101042,10.761017003038072,4.704294793502405,8.442597262139516,4.274274140158236,7.082202651405259,,,49.296951605920185,49.296951605920185,22.894956220767256,28.360592409339915,2.832137869654462,6.12503660112556,4.552522798204463,10.761017003038072,0.9428571428571428,1.0,37728.11627304937,538786.9281851918,537786.9281851918,583,0.9981439787276052,0.0,0.0,1000.0,20.3427531294793,25.382608026528942,28.006518566321574,22.620157264684583,5.471693240101042,443.4000096234114,2030.4167191513634,1014.8938857818638,0.49984511859518704,1173.6667466769038,0.020919249375825077,320.1623356590924,3,0,1,15,0.0,564,357.0,0.32016233565909236,664.4270130206896,418065.7774866391,854.6984268452318,500000.0,0.19058242082658539,0,10,33.220842211958896,19,E2,8,marketplace
4.944714150107781,8.221495957348818,4.57549165754524,7.569029386641228,3.592835316392802,5.050398679381942,5.498982461003834,5.498982461003834,4.92224893390221,5.3655629235438935,22.980428011862305,28.006518566320757,3.9718889183898227,5.617805365306685,4.212783393699459,8.221495957348818,0.9285714285714286,1.0,42968.20466135957,546796.3875473237,546796.3875473237,559,1.0,0.0,0.0,0.0,21.03102883338763,25.544237563735805,27.744012888936684,21.411093950496404,4.944714150107781,427.3930014210087,1754.5041356420031,865.9013183890252,0.4935305085913502,969.8781684712133,0.01956665006504988,308.71183018073225,5,0,2,11,0.0,546,357.0,0.3087118301807322,653.4584352923449,417024.6691296723,856.8047366979073,500000.0,0.06563931898289277,0,5,13.815591002895951,20,E2,8,marketplace
2.9909851783347903,5.2420439552957765,3.4574289596221206,5.039391468134181,3.4979731563198584,4.6828620031865285,4.368106446850106,4.368106446850106,,,22.16879607614714,28.006518566321574,3.3311262997668667,3.9511836617541123,3.5813996947000533,5.2420439552957765,1.0,1.0,17327.275816339392,522341.9832740221,522341.98327402206,537,0.9999999999999999,0.0,0.0,0.0,20.861916342450222,25.544237563735805,28.006518566320665,21.377823596031547,2.9909851783347903,412.27936978059626,1653.7050143438391,821.8999137461628,0.4970051530455558,920.362922381966,0.017153640669116337,246.12514054301118,2,0,0,14,0.0,523,357.0,0.24612514054301118,683.9314789543362,451731.4565105941,790.8373879917411,500000.0,0.10136793227193608,0,6,13.960811403574766,21,E2,8,marketplace
6.909468159547998,17.84083304701735,11.645922395761726,25.09086171117906,5.446217996607818,12.318012202655154,4.675293146604872,4.675293146604872,,,22.201567173057686,28.006518566320846,3.44839755598044,5.9713783787578,7.965184425421701,17.84083304701735,0.9166666666666666,1.0,19226.136203616657,520041.7500651535,519041.75006515346,532,0.9980770774656559,0.0,0.0,1000.0,21.21825832402114,25.544237563735805,27.996199001444804,21.55412702849044,6.909468159547998,416.5251519952552,1600.9307266607507,792.2012502066948,0.49483793209409005,903.672829960547,0.0167228316026282,229.09776070847727,2,0,0,10,0.0,519,357.0,0.22909776070847726,688.2473283042584,456683.4365367881,782.2247736193776,500000.0,0.09171341041092873,0,1,2.6356018297700885,22,E2,8,marketplace
2.200723168220052,2.6318096552335204,3.3734991240991623,3.8568097079041763,4.047878556261966,5.3887669622971766,4.8874125123685275,5.159245651151124,6.260793578882442,6.260793578882442,22.490827251003356,28.006518566321574,2.6779190628645893,4.155989532907597,3.7104515757600853,2.6318096552335204,1.0,1.0,44840.47463850063,546785.5630729868,546785.5630729868,585,1.0,0.0,0.0,0.0,19.637525509989775,25.382608026528942,27.635866809689833,20.94456022529552,2.200723168220052,419.1668496992756,2022.1773805856399,989.7164801914495,0.48943109031553855,1097.083239888163,0.01927038130741109,285.24294871140677,2,0,2,13,0.0,572,357.0,0.28524294871140676,653.428449977235,411806.7090401477,867.6042305903255,500000.0,0.11578163889322335,0,7,18.353172856941462,23,E2,8,marketplace
6.923658335919203,14.188778235552308,8.14355173138756,13.456059725499655,6.91086976510951,14.523231198062787,5.4049149516636135,5.769852332488244,46.399349829638595,46.399349829638595,22.85006950683678,28.006518566320665,2.6478850809128036,4.010844276119315,7.03879098099087,14.188778235552308,1.0,1.0,34421.87232108315,535140.8176419535,535140.8176419535,544,1.0,0.0,0.0,0.0,21.566905224399946,25.544237563735805,27.88053851117123,22.64761599482369,6.923658335919203,444.76610807243884,1643.84961621613,812.9463489086763,0.4945381505030517,938.5074217848763,0.01780542369550288,228.7538156644962,2,0,1,21,0.0,520,357.0,0.22875381566449618,667.5415928647691,430442.0152495082,829.9114425635119,500000.0,0.09222987028952145,0,4,14.789548371768241,24,E2,8,marketplace
1.7167200018366202,1.7167200018366202,,,,,,,,,22.807425120741954,28.006518566321574,,,,1.7167200018366202,1.0,1.0,209.99028817615883,500209.99028817617,500209.99028817617,501,1.0,0.0,0.0,0.0,22.765327904935756,25.544237563735805,28.006518566321574,22.798571152745023,1.7167200018366202,421.61532167463304,1416.3157771161495,706.1747718326098,0.49859980609020477,782.4754511329864,0.016463245148662466,211.18550220888187,5,0,0,13,0.0,488,357.0,0.21118550220888185,714.1224534448339,489439.01620893314,729.8379852694898,500000.0,0.05124866421647023,0,1,2.6356018297700885,25,E2,8,marketplace
21.350525831400237,62.04410077411012,13.028530559491779,32.98898364619481,16.925272564478355,53.26599169376532,,,,,22.51112052635066,28.006518566320846,3.189432703670036,4.854305454652422,15.126776254484552,62.04410077411012,0.6363636363636364,0.75,8275.236379187336,508449.34756596206,507449.34756596206,527,0.9980332357494661,0.0,0.0,1000.0,22.158084912556664,25.544237563735805,28.00651856632203,22.460941868593796,21.350525831400237,423.03520697977297,1546.6383709683787,774.9798535996748,0.5010737274767376,852.1710974071777,0.01668827605499045,213.51515816033978,3,0,0,17,0.0,504,357.0,0.21351515816033978,703.9392539798804,472695.7521320512,755.6943626994347,500000.0,0.06983075175317466,0,5,16.25795245626265,26,E2,8,marketplace
1.901992397540465,2.2161723829617133,3.119236156076319,3.7754114064925943,9.130596015763937,23.220596749326205,,,,,23.07022833921294,28.04907591889373,7.8447806696688644,16.830750993838038,5.695533238799584,2.2161723829617133,1.0,1.0,12370.949722949961,513597.1255335828,512597.1255335828,535,0.9980529486044901,0.0,0.0,1000.0,21.83395802903433,25.544237563735805,28.006518566321642,22.688461065935996,1.901992397540465,431.5931064195882,1676.8855349429916,841.5198202304429,0.5018349807991227,923.7672155623704,0.017240842264929168,241.1511309902441,2,0,0,14,0.0,520,357.0,0.2411511309902441,696.9238283556969,462542.8275261805,772.3417808500554,500000.0,0.06890892639853674,0,11,34.351447514016265,27,E2,8,marketplace
6.266477350063693,5.948899139980949,8.487142893156719,17.35319232216515,5.071729806475621,9.349085423534376,25.940594007438165,39.51435447630469,34.78556843358675,34.78556843358675,22.272699222473527,27.635866809690015,2.9698826762533628,4.861325729938187,9.388044374936488,5.948899139980949,0.9166666666666666,1.0,26590.43369586375,528937.8456762048,527937.8456762048,536,0.9981094186998066,0.0,0.0,1000.0,21.264977574734427,25.544237563735805,27.635866809690015,22.189022210684946,6.266477350063693,432.26215612556257,1672.6473111046928,829.4812125372166,0.49590921351458683,924.9298527450895,0.01710632142443208,226.47284935900578,1,0,3,20,0.0,516,357.0,0.22647284935900577,676.644941776827,434126.1276596952,822.8633341538552,500000.0,0.0796013354695384,0,8,25.028928340476703,28,E2,8,marketplace
2.4088758232083434,3.337265244891853,5.9505263537687965,13.661027665117217,3.9636888082498962,5.644769469953417,16.793611187510596,33.583329563455074,5.19732482069179,6.01955412044822,22.794614339882084,28.360592409338597,3.0032717369078443,4.295299308627136,5.6348003831182085,3.337265244891853,1.0,1.0,77164.28456252046,584688.0408818187,584688.0408818187,599,1.0,0.0,0.0,0.0,19.71965327614054,25.382608026528942,27.64576829135058,20.500001877304527,2.4088758232083434,420.1040687810991,2059.292305104104,1012.1505047179259,0.4915040483612929,1170.6019694341605,0.022518464384305752,301.4929482594386,4,1,1,18,0.0,579,357.0,0.3014929482594386,611.0976588633181,363158.02323439514,983.8733281066583,500000.0,0.05218895317481165,0,8,22.92761282647732,29,E2,8,marketplace
