delay_mean_consumables,delay_p90_consumables,delay_mean_science,delay_p90_science,delay_mean_equipment,delay_p90_equipment,delay_mean_infrastructure,delay_p90_infrastructure,delay_mean_element,delay_p90_element,delay_mean_bulk,delay_p90_bulk,delay_mean_return,delay_p90_return,delay_prio2_mean_h,delay_prio1_p90_h,sl24_prio1,sl48_prio12,landed_kg,ready_kg,delivered_kg,delivered_items,delivered_share,stranded_kg,stranded_share,backlog_kg,delay_mean_h,delay_median_h,delay_p90_h,delay_mass_weighted_h,delay_prio1_mean_h,tonne_days_waiting,km_total,km_empty,empty_km_share,energy_kwh,utilisation,operator_hours,faults,night_strandings,team_lifts,bundled_jobs,backhaul_kg,jobs,fleet_cost_musd,operator_cost_musd,cost_per_kg_usd,cost_per_tkm_usd,delivered_tkm,bulk_kg,revenue_gini,unmet_operator_waits,repositions,km_reposition,seed,exp,autonomy,rtt_s,n_operators,mechanism
10.802108095208785,18.667450478163413,18.064739916412194,36.21957685290859,21.146336468424057,44.21747333682288,,,,,29.985927502491805,36.8176380464738,6.683200001036534,14.936167446036052,19.037875669679096,18.667450478163413,0.9583333333333334,0.9767441860465116,13968.57625752051,515078.73700219905,515078.73700219905,554,1.0,0.0,0.0,0.0,28.316695276653824,26.817055818592053,36.81763804647367,29.565399572649955,10.802108095208785,533.9516762651684,1663.740945811582,824.5996971008514,0.49562986303652407,857.8454167509512,0.0482952066704754,2104.6363045423604,4,1,0,28,0.0,509,207.0,2.1046363045423604,405.96635287557916,269668.9875940235,775.4122495514446,500000.0,0.32867260599717785,262,8,24.343326510706614,0,E5,teleop,2.6,1,marketplace
9.240543357256353,16.497786516264203,12.956187555665801,18.82200072431874,21.632465203343553,47.732005977110575,27.913959277108308,46.6068684987571,,,28.990457335416576,34.62225362417378,6.752982067070142,12.263041158640231,19.260094941574106,16.497786516264203,0.9333333333333333,0.9310344827586207,22776.714596747763,525519.2910413912,524519.2910413912,535,0.9980971202826477,0.0,0.0,1000.0,27.891137503520085,26.941383298157234,34.15847115669668,28.67828890828806,9.240543357256353,520.9826293251022,1611.8871567625613,804.0001481063001,0.49879431369198085,891.9662896351355,0.04686868010380721,2044.8319537644725,4,0,0,27,0.0,500,207.0,2.0448319537644726,398.5455549951703,257496.9652384833,811.8341579682526,500000.0,0.32830826227767423,229,6,15.110202401887213,1,E5,teleop,2.6,1,marketplace
28.261718003454327,50.1360730972948,21.319482238997523,44.74429118539581,32.47979308497376,63.85403782411822,101.68399519241814,102.95469287424596,,,29.39070327952587,36.91296200886308,7.864274370814531,12.288916717709071,35.55016292541619,50.1360730972948,0.45454545454545453,0.6842105263157895,29310.196036041838,532277.3226155266,516873.34282247716,548,0.9710602365748803,14403.979793049497,0.02706104352195697,1000.0,29.093117440593105,26.941383298157234,40.99899392043225,29.90167528117682,28.261718003454327,529.0153811819841,1629.985536566095,794.6283263991567,0.4875063665124337,853.3474791390781,0.050175059765304626,2189.202165085212,7,0,0,30,0.0,505,207.0,2.189202165085212,404.7204311655367,266241.2174026166,785.7130620340581,500000.0,0.3402539660717833,248,8,21.76041508120164,2,E5,teleop,2.6,1,marketplace
28.613127348788325,100.22502535926833,28.04800393894271,55.95777684086116,56.515181528108954,129.96305353749113,110.70105918945683,110.70105918945683,114.317555840169,114.317555840169,29.61834791023251,36.87980178625833,7.636150577663069,15.152392291059464,43.3532052365334,100.22502535926833,0.782608695652174,0.7446808510638298,28096.063942230638,531327.860284328,530327.860284328,561,0.998117922897051,0.0,0.0,1000.0,29.767126784014987,26.864508221403412,39.57364210340802,32.08052132041907,28.613127348788325,603.6032678264012,1724.9340227013154,854.2615917887796,0.4952430530942696,914.7801251827217,0.04911240202312464,2139.0969913245917,4,0,0,35,0.0,510,207.0,2.139096991324592,394.35811816335183,251639.57761302736,831.1057385135964,500000.0,0.31408996490092367,242,6,20.94122017952736,3,E5,teleop,2.6,1,marketplace
13.934906734127216,37.41623154194968,22.018157442637403,39.347103536020036,53.46688078091951,140.42464573665512,,,45.32221796983936,45.32221796983936,36.38898858816336,63.32615306725375,8.020679383748606,13.020672720980746,38.6674815629044,37.41623154194968,0.7777777777777778,0.8571428571428571,32491.15341102122,534209.4492904893,519325.49254426855,546,0.9721383499187652,0.0,0.0,14883.956746220842,35.112568123193846,26.941383298158144,62.44991935579674,36.63465343610134,13.934906734127216,4312.9035326569265,1647.0474801781136,811.6081442050951,0.49276548124607,841.4256964699421,0.047182914810336464,2051.6443384354684,6,0,0,27,416.11922992464497,510,207.0,2.0516443384354686,402.54454545309153,264106.39997768146,791.5432733023569,500000.0,0.3955848751710446,334,5,21.793963041924883,4,E5,teleop,2.6,1,marketplace
19.9544032778578,56.3526466463085,22.21160486563907,53.437944098205165,48.90920864124589,96.36553525062793,101.88451911998557,132.87137466658987,,,29.38857527798165,36.310503748801594,6.3306826444442805,10.009483932893772,47.045388975043984,56.3526466463085,0.7037037037037037,0.7192982456140351,43452.69323580841,547328.4080016714,546328.4080016714,572,0.998172943363837,0.0,0.0,1000.0,29.224336614995515,26.817055818590234,38.36807001814968,32.60803615060926,19.9544032778578,629.1088006072963,1737.4697008718629,857.4667109181709,0.4935146267517032,917.2776937796305,0.050061108748792243,2181.7351034378435,5,0,0,34,0.0,522,207.0,2.1817351034378434,382.8864324821964,236045.59417268267,886.1920758851692,500000.0,0.3230624577906028,243,7,23.20622977295555,5,E5,teleop,2.6,1,marketplace
28.790348694712538,75.1188709668551,29.710187710548116,57.03916104452697,52.83498967808139,99.93167356874466,144.30470830726773,166.51603585622098,,,29.628139134257196,37.04753752561153,7.410445778205931,8.773835499366488,55.55400838386526,75.1188709668551,0.5357142857142857,0.6730769230769231,31608.77227884693,533346.8920584851,533346.8920584851,565,1.0,0.0,0.0,0.0,30.17669261399998,26.941383298157234,40.394460188916995,34.07420826407765,28.790348694712538,632.719211074759,1694.2890883513803,839.8305574763205,0.4956831530406145,900.6844441140988,0.05071428184247317,2210.8537850807306,5,0,0,35,0.0,510,207.0,2.2108537850807304,392.26037856453723,250199.05484377427,836.177634306865,500000.0,0.3372200768297011,272,7,20.59503834707912,6,E5,teleop,2.6,1,marketplace
17.576030975608226,33.72600472159954,34.91869684327243,102.85565697003294,32.34992729469825,56.04507481360811,500.3426954470726,506.6224367922989,,,31.422875874636382,46.430483604675814,13.292541917912425,41.9677589352284,72.74074147954046,33.72600472159954,0.7567567567567568,0.8360655737704918,40773.60461111535,544565.4292464787,532094.6781879223,580,0.9770996277236836,0.0,0.0,12470.75105855638,31.62406351966944,26.94138329815749,48.23330154538136,40.489068172455234,17.576030975608226,4903.401269854179,1806.5594682534634,891.4033938936709,0.493425989876468,902.569196899347,0.04975609094547234,2169.711476332507,6,0,0,31,508.39389216588273,530,207.0,2.169711476332507,393.10618965157,249428.93648082024,838.5944086018927,500000.0,0.361138394446402,475,8,20.096185458018727,7,E5,teleop,2.6,1,marketplace
16.143545604664467,40.18550833258687,22.942059621651737,42.65409005998319,13.25175161432426,24.99802326240943,24.1145915081961,24.847517593411613,,,30.035635118011324,35.76728870974337,6.80900908139184,8.159069528050397,17.566888303296587,40.18550833258687,0.76,0.9375,38363.5914215517,540361.5398106,526845.8481339898,560,0.9749876875372228,13515.69167661024,0.02501231246277737,0.0,28.405629891204992,26.891933725141143,36.81763804647339,29.340284923633686,16.143545604664467,534.2925632238057,1682.2495088545734,827.233968769808,0.491742731631447,898.2828022804729,0.048825854384314554,2130.1298964734415,5,0,0,25,0.0,521,207.0,2.1301298964734414,396.9474764528969,256331.19073559812,815.8590817462714,500000.0,0.3370155965253323,306,7,22.944869800032123,8,E5,teleop,2.6,1,marketplace
17.695049079754153,44.375526501934935,21.852221493869678,61.659477736944055,25.04377942028998,65.59154821877,164.3310396393881,164.3310396393881,117.67216301326744,133.6403991203334,29.896230224359662,38.14550116183927,9.55400855212642,16.547614683439633,26.501683373429767,44.375526501934935,0.7368421052631579,0.8395061728395061,47374.080402398526,549736.351411949,548736.351411949,603,0.9981809461982428,0.0,0.0,1000.0,28.467962914866995,26.86450822140614,42.87046661100203,33.05726120678813,17.695049079754153,640.082380263755,1949.488151622732,961.6819643576126,0.49329972257442006,1060.4314338235822,0.05626461824338167,2451.691989046794,6,0,0,41,103.5663538295998,543,207.0,2.451691989046794,381.6982262066443,236483.44613286958,885.6928271899639,500000.0,0.36057909247099457,304,11,29.6672205705119,9,E5,teleop,2.6,1,marketplace
16.62007063136431,56.6383299639786,18.364051086085226,32.73465004220675,41.00610794747274,108.97739864218292,,,,,29.037262673474093,35.20001700940156,5.317406926271383,9.328456801041147,29.685079516778984,56.6383299639786,0.7857142857142857,0.8333333333333334,13819.243346008723,516514.44304295897,516514.44304295897,540,1.0,0.0,0.0,0.0,28.295273457606154,26.817055818590234,35.39287909210664,29.063715038768645,16.62007063136431,526.176595541929,1621.219545893346,808.4839870962502,0.4986887736113177,844.4216119579088,0.04568934356968124,1985.2968572903383,3,0,0,23,0.0,509,207.0,1.9852968572903382,404.6068791921639,266109.1141455896,785.3368627688319,500000.0,0.32316576797838154,229,10,30.91248306734666,10,E5,teleop,2.6,1,marketplace
13.153230722888523,32.30166113773976,23.474936357443084,45.38149699775932,15.765395211242298,30.12178185738594,,,20.343734627062076,20.343734627062076,29.398018574215726,36.38696594827921,5.247343391028672,7.776356501214288,17.96812125301395,32.30166113773976,0.8095238095238095,0.9714285714285714,26006.043708159235,531772.2574830158,531772.2574830158,543,1.0,0.0,0.0,0.0,28.147064398149137,26.941383298157234,35.998716145066744,28.604376149720537,13.153230722888523,518.5696705563035,1609.9482033174213,794.8224397924822,0.493694417096581,888.9663592010888,0.048263238167972254,2108.1115240177533,6,0,0,27,0.0,507,207.0,2.1081115240177533,393.22869627266414,250482.4649135484,834.8213580387329,500000.0,0.32395048680116495,268,4,14.789548371768241,11,E5,teleop,2.6,1,marketplace
36.74423561021448,92.96383058434223,41.337085619254935,79.83935670283984,91.78311128373662,91.78311128373662,,,,,29.957108212839234,37.122672400919875,7.07137807096998,13.451708013855757,48.54366071418089,92.96383058434223,0.5714285714285714,0.7142857142857143,3605.0987133016765,503977.3460501888,503977.3460501888,521,1.0,0.0,0.0,0.0,29.99053556081991,26.941383298157234,38.290893601280004,30.217126916929047,36.74423561021448,529.7189095276943,1459.6045154735327,722.1466165955625,0.4947549894097716,783.6766265066846,0.04640046725796004,2031.671376097995,9,0,0,28,0.0,485,207.0,2.031671376097995,414.7640226576404,282361.06286054367,740.2992086034801,500000.0,0.3274824082439462,182,1,2.2465359146781956,12,E5,teleop,2.6,1,marketplace
7.239579095238537,15.564369779116122,11.135851403949768,16.610251378969426,18.169483262948233,27.663189416487786,,,,,27.76487316386545,32.188693744648305,4.139241903353826,5.615077570837508,14.261910007949085,15.564369779116122,1.0,1.0,6216.486291594783,506496.9548278934,506496.9548278934,522,1.0,0.0,0.0,0.0,26.991200410503723,26.817055818590234,32.17845674539603,27.587199103705487,7.239579095238537,496.2712494546363,1538.568483753692,770.7892479272342,0.500978185934705,844.971497300172,0.04303272096958319,1878.1640485711414,3,0,0,18,0.0,500,207.0,1.8781640485711415,412.3976700305089,277480.1604346121,752.7679230162225,500000.0,0.3557328755221216,220,6,15.214047713570446,13,E5,teleop,2.6,1,marketplace
20.310140289700065,48.081880741265955,26.930280129245237,44.354743946892135,37.65636696801971,83.85276225981079,35.944868508679406,76.01763692109787,,,29.056425681052406,35.26450789950286,9.690791033668622,21.039662191030963,34.31616184002902,48.081880741265955,0.6896551724137931,0.8387096774193549,58929.484502104126,566652.9292862886,566652.9292862886,576,1.0,0.0,0.0,0.0,28.446721048819136,26.941383298157234,36.817638046473576,29.73409053969715,20.310140289700065,581.395439107263,1761.1527890605628,872.7379510971302,0.49554925416929196,982.4981817672395,0.049792498629030534,2172.7711303906785,3,0,0,36,0.0,526,207.0,2.1727711303906787,369.137368430881,218913.422412747,955.5045498124324,500000.0,0.3394509075861098,264,7,18.80634993865802,14,E5,teleop,2.6,1,marketplace
32.77577158900015,75.61772595707299,34.24144453980148,97.17407935165238,28.765541696106084,47.76128867016814,94.16629630353009,130.15345583240708,33.08945848790813,51.66155724279638,31.20912074182631,40.29070439191791,11.344865053180271,21.53605203121788,43.452701746607914,75.61772595707299,0.6571428571428571,0.7432432432432432,64862.71277757866,573615.9384122626,573615.9384122626,603,1.0,0.0,0.0,0.0,31.208719764606222,26.817055818592962,48.7125221514911,34.91735599965775,32.77577158900015,681.583136741077,1868.918961534664,902.1634214906207,0.482719390224287,1024.7528998452542,0.05610610783231017,2449.6135859832775,7,0,0,35,0.0,533,207.0,2.4496135859832773,365.1391106142,212314.75599629624,986.5052129944141,500000.0,0.3355275325989136,296,7,17.164047713570447,15,E5,teleop,2.6,1,marketplace
26.6392749977593,86.44715286006102,24.66424507421935,56.88052877377868,69.9919595965733,103.7872169120892,,,,,29.454244793343573,36.77434129424551,2.929619002965486,3.2960470291120147,39.77348324833733,86.44715286006102,0.631578947368421,0.75,8440.199489225186,509188.49886297405,509188.49886297405,531,1.0,0.0,0.0,0.0,29.37856653083455,26.817055818592053,37.11415019591823,29.593833739732858,26.6392749977593,533.3978533933232,1522.092184120493,756.944858805622,0.4973055289965934,801.6565034718564,0.04381700743516184,1909.243949402545,4,0,0,27,0.0,494,207.0,1.909243949402545,410.2787954085769,277295.72571577283,753.3806855845077,500000.0,0.3574254799124003,220,7,20.292010996707234,16,E5,teleop,2.6,1,marketplace
8.25449376422075,18.53092983134029,21.044161587584103,36.87825643285319,21.223593001278253,39.99049224890871,,,,,28.756153023663998,32.699939280373655,5.77926182694647,11.90674804475475,21.118924676623333,18.53092983134029,1.0,0.9629629629629629,10188.61735102234,511539.3687118152,511539.3687118152,538,1.0,0.0,0.0,0.0,27.54441058459331,26.941383298157234,32.6782628059414,28.52855537595136,8.25449376422075,518.1365828571179,1584.5103833212681,777.7734231949283,0.49086041428434773,843.6631162806456,0.04617374162101539,2014.363376954731,7,0,0,20,0.0,515,207.0,2.014363376954731,408.59878273554085,273080.29892346775,765.3952489466554,500000.0,0.32988019565565213,217,6,17.95294508161534,17,E5,teleop,2.6,1,marketplace
53.248406406981815,87.22311922012781,22.00855986554543,47.091555769561815,120.24697171704975,384.873735926227,246.78558906031867,435.15833959917745,37.9604849415291,37.9604849415291,29.66160156011734,37.68933115711115,12.138235612622339,26.449209935555697,113.04850673461654,87.22311922012781,0.6956521739130435,0.6666666666666666,68261.72443658626,572191.6285267603,560368.4124093493,573,0.9793369641778008,0.0,0.0,11823.216117411037,34.55312948728377,26.941383298157234,43.795405133939056,46.758892353992884,53.248406406981815,2249.732802930222,1771.0442124493297,870.2085416535549,0.49135336968808274,936.0000593605381,0.04913273036794963,2145.51473799777,2,0,0,30,0.0,537,207.0,2.1455147379977704,373.2285940935887,226268.4375868697,924.3247399792646,500000.0,0.32773451781462093,355,5,13.129989173125864,18,E5,teleop,2.6,1,marketplace
37.6581684695423,69.96344943754121,42.567636634454466,100.20121436747887,27.406019172125465,52.702561273779224,,,,,31.937316386766607,40.94594759436521,10.110810063455135,23.719512665492335,37.51376414701147,69.96344943754121,0.5142857142857142,0.75,37728.11627304937,538786.9281851918,523604.77921157476,580,0.9718216085442989,0.0,0.0,15182.148973617028,32.07297416341983,26.941383298157234,46.73087120813915,32.31710009294536,37.6581684695423,786.3850029125115,1740.0867454184447,852.7203586516986,0.49004474110090523,887.1264087384293,0.050879795585270296,2217.0701971022436,5,0,0,36,0.0,514,207.0,2.2170701971022435,399.5705893138213,259609.7229349466,805.890734106011,500000.0,0.31575464723602575,343,10,26.827612826477317,19,E5,teleop,2.6,1,marketplace
7.486818513829828,16.414355054289757,8.712968940053695,16.05485481521755,7.415914559561732,12.214147841178942,,,,,25.01816754221504,32.59016204144694,7.021594814662711,14.936167446036052,8.303372819898339,16.414355054289757,0.9166666666666666,1.0,13968.57625752051,515078.73700219905,515078.73700219905,554,1.0,0.0,0.0,0.0,23.32810296386064,26.81705581858887,32.178456745395486,24.499342236999635,7.486818513829828,431.72135121819474,1739.120478595584,869.1953563096715,0.49979019108071504,938.055834541554,0.04892587775439678,2134.654107099655,5,0,0,25,0.0,522,207.0,2.134654107099655,406.02463096085205,269707.6996501906,775.4122495514446,500000.0,0.3381011316540981,46,7,19.26536322756983,0,E5,teleop,2.6,2,marketplace
4.779205178928832,7.446002635079912,7.899024181064543,10.355278361667501,13.816999048953857,27.325999594601676,23.807689689174065,38.50052319938368,,,25.733589489408317,33.90869755811554,5.657961459226304,8.931097930346187,13.421586385619909,7.446002635079912,1.0,1.0,22776.714596747763,525519.2910413912,524519.2910413912,535,0.9980971202826477,0.0,0.0,1000.0,24.56122835983541,26.81705581858978,33.73255023999754,25.259958872754822,4.779205178928832,445.28501974809404,1645.7929870507965,822.7829871520003,0.4999310324115542,935.1439452536698,0.049157019252022406,2138.3578373227388,5,0,3,24,0.0,501,207.0,2.1383578373227388,398.72386280034664,257612.16842701667,811.8341579682526,500000.0,0.3731049155382015,27,8,29.206328581759742,1,E5,teleop,2.6,2,marketplace
15.193468931273555,33.31980368586292,18.71256593732278,33.40226885648174,10.6393015339166,21.329422422857533,34.92043779422954,43.406012476941555,,,25.177707975970463,32.27372394534631,6.205230891062249,9.47969035836104,17.711075768158807,33.31980368586292,0.8181818181818182,1.0,29310.196036041838,532277.3226155266,516873.34282247716,548,0.9710602365748803,14403.979793049497,0.02706104352195697,1000.0,24.178042606915156,26.81705581858887,32.32135754532147,24.9386290520975,15.193468931273555,433.3833294977539,1635.9037026638152,798.5695092098966,0.4881519052188403,896.3790634261849,0.05036511490509922,2200.300120276418,7,0,1,28,0.0,507,207.0,2.200300120276418,404.7419024898859,266255.3420948579,785.7130620340581,500000.0,0.35848224032442194,27,6,14.987459172712168,2,E5,teleop,2.6,2,marketplace
12.81448207132495,44.96416005345712,29.523013960855984,81.53216847342684,25.611542144349823,45.930149320055975,97.14712625813081,97.14712625813081,109.61987094606684,109.61987094606684,26.353487938466106,33.73255023999809,7.267232525449572,14.10749980431893,30.710905383031534,44.96416005345712,0.8695652173913043,0.8085106382978723,28096.063942230638,531327.860284328,530327.860284328,561,0.998117922897051,0.0,0.0,1000.0,25.656945498093013,26.817055818590234,35.26354455187084,27.762604541904278,12.81448207132495,509.39797420830234,1800.0818796091992,888.9826261778754,0.4938567718768854,945.1492759702079,0.05199299264217928,2271.053219814584,6,0,3,30,0.0,524,207.0,2.2710532198145836,394.6069382581876,251798.34950254165,831.1057385135965,500000.0,0.3139138972464,37,4,11.569055088217755,3,E5,teleop,2.6,2,marketplace
6.151214194659171,10.290595249310082,11.315156136239466,16.58871061375348,6.743284285021951,12.211282562330235,,,8.350806341523821,8.350806341523821,32.94380528496431,60.39465562525528,4.828117512571036,8.124462885839149,8.894753391477252,10.290595249310082,1.0,1.0,32491.15341102122,534209.4492904893,520325.49254426855,547,0.9740102748750312,0.0,0.0,13883.956746220842,30.652979372666447,26.941383298157234,58.80263254244511,31.877352370466202,6.151214194659171,4206.581753249547,1649.4164865894006,815.9715805840518,0.49470317971132094,894.7612797861755,0.05016490940696497,2187.6200186533283,7,0,0,28,0.0,507,207.0,2.1876200186533286,402.03223370005446,264000.55610364355,792.3756794532231,500000.0,0.446502738690302,129,5,16.914869779971667,4,E5,teleop,2.6,2,marketplace
13.025163897189577,25.534119023976118,27.107112012807676,65.39878847142295,25.427761852647233,47.41377614662617,71.70444052245193,97.80696777289904,,,25.97361863147943,35.022995838767926,5.173293921153416,10.213118495754543,35.46679432801638,25.534119023976118,0.8888888888888888,0.8070175438596491,43452.69323580841,547328.4080016714,546328.4080016714,572,0.998172943363837,0.0,0.0,1000.0,25.278481914180595,26.81705581858887,36.046067273806834,27.517665048103414,13.025163897189577,510.96298790300654,1750.6744355849796,864.9472895501793,0.4940651853759213,958.0573790665363,0.052147245064343796,2271.2124606371653,6,0,0,29,0.0,526,207.0,2.271212460637165,383.0502119157548,236146.56252890493,886.1920758851692,500000.0,0.35146608361320136,37,9,28.18089751781753,5,E5,teleop,2.6,2,marketplace
5.198515664628583,9.366219783832253,10.606644376363857,16.395569529884416,11.783980966596962,26.35264812704933,73.00339002535577,114.55272972269375,,,26.101469003239522,33.72414416580941,7.862002530779582,15.4751450091947,21.349491823347165,9.366219783832253,1.0,0.9423076923076923,31608.77227884693,533346.8920584851,533346.8920584851,565,1.0,0.0,0.0,0.0,24.44404739272536,26.81705581858887,33.5301036052395,27.392736663932933,5.198515664628583,483.3963800765941,1761.3359382422198,882.0227731742807,0.5007691911711759,963.0105873916901,0.05203620746820496,2266.9000093181694,6,0,0,29,0.0,520,207.0,2.266900009318169,392.36546256347293,250266.0815399426,836.177634306865,500000.0,0.3829912561197378,39,10,28.976948316201284,6,E5,teleop,2.6,2,marketplace
7.232312182247314,9.5106153523624,25.23949896858138,80.44689884712935,4.431210954583609,5.5999734569913935,22.076361328594984,32.77544100437901,15.248463531851257,15.248463531851257,26.720673696563974,36.81123693937771,7.598995068095013,17.307181831677976,17.17279616000002,9.5106153523624,0.972972972972973,0.9344262295081968,40773.60461111535,544565.4292464787,543565.4292464787,581,0.9981636733690867,0.0,0.0,1000.0,24.40720688134651,26.81705581858887,35.456510015739696,25.569274132245443,7.232312182247314,464.6862849749554,1833.2624332123696,908.317171349818,0.4954648908384609,982.5023187289985,0.05192733563742389,2263.4814207788345,5,0,1,28,0.0,534,207.0,2.263481420778834,384.98305845327906,240857.5513692102,868.8267410806611,500000.0,0.339754927087388,46,9,24.536566887110006,7,E5,teleop,2.6,2,marketplace
12.37394246126959,42.839674046908,17.413680887973186,35.606140058543716,10.001688498405473,11.716918050420695,8.772007265481648,9.174810282016846,,,26.599361127323707,35.296022730764065,4.861146958955355,9.329796133695119,12.472844004957388,42.839674046908,0.88,0.8958333333333334,38363.5914215517,540361.5398106,526845.8481339898,560,0.9749876875372228,13515.69167661024,0.02501231246277737,0.0,24.918282680026923,26.81705581858955,34.927446975173915,25.857079468195238,12.37394246126959,452.47860976137287,1722.3226813050137,854.4163683290459,0.49608379289393656,939.4220411603233,0.052058167479514555,2262.9632496905792,7,0,0,22,0.0,523,207.0,2.2629632496905794,397.19960590155375,256494.00482468423,815.8590817462714,500000.0,0.40066552223005464,36,14,41.75142630110521,8,E5,teleop,2.6,2,marketplace
14.809504508207175,27.594751746240696,18.101223199827654,39.60839218070975,13.156343884060808,30.038110806913235,91.59545051092391,91.59545051092391,48.75871909045736,61.66923903300003,26.184726153678024,35.26354455187177,7.805329593107423,14.936167446033323,17.74044179581121,27.594751746240696,0.7631578947368421,0.9382716049382716,47374.080402398526,549736.351411949,548736.351411949,603,0.9981809461982428,0.0,0.0,1000.0,24.30051057852945,26.81705581858887,35.14245980120272,26.713765538207188,14.809504508207175,494.5935716658638,1998.29412525014,986.3714916908131,0.49360676150080873,1107.410294310987,0.058271885749445855,2537.833476767125,6,0,2,34,0.0,552,207.0,2.537833476767125,381.85520776527204,236580.70500758992,885.6928271899637,500000.0,0.38702251081443934,34,10,28.539862425384808,9,E5,teleop,2.6,2,marketplace
7.876595750852322,9.377225663712107,9.452948755751862,13.338264657982904,12.98922740436771,31.864115453434348,,,,,24.982881789257267,32.1784567453944,4.5858199999050155,6.63071124296905,11.221088080059786,9.377225663712107,0.9285714285714286,0.9666666666666667,13819.243346008723,516514.44304295897,516514.44304295897,540,1.0,0.0,0.0,0.0,23.7539052674455,26.81705581858887,31.882238896609447,24.571928869153073,7.876595750852322,432.33537939413293,1634.153781762363,811.2910920370194,0.4964594526483779,888.5766959671791,0.04647179393454533,2021.118989022443,3,0,2,22,0.0,509,207.0,2.021118989022443,404.67623278375197,266154.72786045563,785.3368627688319,500000.0,0.3580109774608129,13,10,29.56326303759194,10,E5,teleop,2.6,2,marketplace
9.086907052657974,16.00654396914615,22.695447350001132,44.97703833167962,6.392256145125271,10.225768699931836,,,20.343734627062076,20.343734627062076,25.893884591929876,33.77056248535629,5.08577184924239,6.825639396889347,11.050310775089802,16.00654396914615,0.9047619047619048,0.9714285714285714,26006.043708159235,531772.2574830158,531772.2574830158,543,1.0,0.0,0.0,0.0,24.582717923561272,26.81705581858955,33.585841107507264,25.103948861046675,9.086907052657974,440.5035492995926,1605.0985533110481,787.7443059444088,0.49077628555544134,894.3492953258828,0.04806278533223433,2099.452705419946,5,0,0,25,0.0,508,207.0,2.099452705419946,393.21241332733183,250472.09285189182,834.8213580387329,500000.0,0.3534091700070081,36,3,10.738232857768857,11,E5,teleop,2.6,2,marketplace
19.602005520854487,47.95850116402984,24.40664219638207,56.54486030628493,8.658641864752099,8.658641864752099,,,,,27.000342281315024,36.8176380464738,5.840188035992014,11.33455502983234,22.156927863292076,47.95850116402984,0.8571428571428571,0.8571428571428571,3605.0987133016765,503977.3460501888,503977.3460501888,521,1.0,0.0,0.0,0.0,26.551564281379044,26.817055818590234,36.8176380464738,26.87758518959766,19.602005520854487,456.098870176929,1483.0068115443041,735.3886803086788,0.495876805544065,810.1681663106998,0.047663138981671536,2086.359449178419,9,0,0,27,0.0,485,207.0,2.0863594491784188,414.8725356166237,282434.9357925216,740.2992086034801,500000.0,0.3719519631498674,11,1,3.662249598907491,12,E5,teleop,2.6,2,marketplace
3.9267759749823385,5.785325068394523,6.311445597669227,10.920959564689486,8.550371602737641,10.162898508572335,,,,,24.73415214420098,32.17845674539444,3.0126703205592547,3.461876143343943,7.3065238221440785,5.785325068394523,1.0,1.0,6216.486291594783,506496.9548278934,506496.9548278934,522,1.0,0.0,0.0,0.0,23.906728631997016,26.81705581858978,32.178456745394215,24.520960479947874,3.9267759749823385,430.50246744388016,1539.146037722488,767.4252733559999,0.49860458627537246,860.9134943164382,0.04344291062261954,1896.4242134702833,3,0,0,17,0.0,502,207.0,1.8964242134702833,412.4337219055006,277504.41779779247,752.7679230162225,500000.0,0.3440840960175772,23,6,17.31536322756983,13,E5,teleop,2.6,2,marketplace
13.708260856786806,33.77369970296574,19.387689325265498,37.43687590834684,12.084958957759017,21.8212164906231,10.800871606249899,13.176475271494928,,,25.356232532988173,32.22951956598355,6.819410442191952,11.862752195342916,13.765318790955545,33.77369970296574,0.8620689655172413,0.9354838709677419,58929.484502104126,566652.9292862886,566652.9292862886,576,1.0,0.0,0.0,0.0,23.655178988946393,26.81705581858887,32.43377084833355,23.855065639110787,13.708260856786806,449.24287754481924,1827.2785427362412,911.7303744142088,0.49895533334997005,1024.2591376019723,0.050483442309206594,2198.2287831129142,2,0,2,27,0.0,534,207.0,2.1982287831129144,369.18229478951525,218940.06556450095,955.5045498124324,500000.0,0.3583866416307397,58,10,27.9022805713393,14,E5,teleop,2.6,2,marketplace
22.086166312924718,71.50399585253118,21.184419968390916,51.56029174691025,17.416671764968214,45.06741949923162,24.964734201059724,38.49465341035812,14.759922480720661,18.668392429858933,27.008943673605607,32.82221067013216,8.58550625156079,13.218743729513164,20.800239696366095,71.50399585253118,0.7428571428571429,0.8513513513513513,64862.71277757866,573615.9384122626,573615.9384122626,603,1.0,0.0,0.0,0.0,25.456095389165885,26.81705581858978,36.692044491767064,26.42467013863501,22.086166312924718,493.9707607365958,1968.6525099176606,968.514203798615,0.49196808421976074,1094.4743747195187,0.057355803511323286,2501.5239641894714,7,0,0,30,0.0,548,207.0,2.501523964189471,365.22960736425523,212367.3764766773,986.5052129944141,500000.0,0.36180055896713254,66,9,25.174148741155516,15,E5,teleop,2.6,2,marketplace
18.38823315278922,82.69378678180546,23.861635139448126,53.1820532348238,61.427357707340285,90.94031407823968,,,,,26.134386197297705,35.26354455187176,2.8567923669851325,3.2960470291120147,36.38354266207884,82.69378678180546,0.7894736842105263,0.7857142857142857,8440.199489225186,509188.49886297405,509188.49886297405,531,1.0,0.0,0.0,0.0,25.899419566123377,26.81705581858978,36.8176380464738,26.150279605925405,18.38823315278922,459.45192803928245,1536.6062711074183,766.1446676551276,0.4985953019070878,825.1237437017239,0.04466271817910354,1944.063482023061,4,0,1,25,0.0,496,207.0,1.9440634820230611,410.347177810572,277341.9434291902,753.3806855845077,500000.0,0.34685911291099786,27,8,22.538546911385428,16,E5,teleop,2.6,2,marketplace
7.665977258609534,17.734525094418494,8.805283551331636,15.024544477803467,7.875218539987122,10.829967350715515,,,,,25.598690203380524,32.18342299539891,5.292486733654042,7.84346330268545,8.417756463271422,17.734525094418494,1.0,1.0,10188.61735102234,511539.3687118152,511539.3687118152,538,1.0,0.0,0.0,0.0,24.300307048696762,26.81705581858978,32.178456745394996,25.195460261695423,7.665977258609534,444.34987567028264,1601.8706563110877,792.7374666590563,0.49488231995249465,879.7085413041693,0.04822685238414026,2106.9054515609682,8,0,0,18,0.0,515,207.0,2.106905451560968,408.7796917334921,273201.20648689155,765.3952489466554,500000.0,0.3541532656421616,18,6,13.31673811383556,17,E5,teleop,2.6,2,marketplace
10.539238050539177,19.22209072936512,12.202210724217366,25.733578551261598,12.064106637223691,27.59159950630364,41.42961812683416,71.90464088033696,24.43075511807001,24.601855947568037,25.42244106062032,31.867638046474895,10.2125753287512,23.770722463301627,17.792303727791417,19.22209072936512,0.9130434782608695,0.9444444444444444,68261.72443658626,577118.2182746406,576118.2182746406,575,0.9982672527597732,0.0,0.0,1000.0,23.883260863973284,26.81705581858887,31.867638046474895,25.224706000587005,10.539238050539177,486.54860725322516,1780.4926768246348,877.7114412566262,0.4929598715463148,1000.7568964377341,0.05058859832873277,2210.5677928988666,2,0,2,34,0.0,535,207.0,2.2105677928988667,363.1382607886327,216611.09514320877,965.8349571363499,500000.0,0.3480533494463643,67,4,9.467739574218374,18,E5,teleop,2.6,2,marketplace
17.821987960908835,54.523169810423866,18.95674291768357,17.76860990846017,27.39663878489434,87.79447233524782,,,143.63896513019426,143.63896513019426,27.02134220433021,36.69486647201702,7.636493796599893,17.33822192808093,21.935529694346194,54.523169810423866,0.8,0.855072463768116,37728.11627304937,538786.9281851918,536786.9281851918,582,0.9962879574552103,0.0,0.0,2000.0,25.9050788389667,26.81705581858887,37.068290460329656,29.884890992865053,17.821987960908835,542.7520637818949,1880.036200840614,935.5722779416151,0.4976352463443502,991.5632246990701,0.055623158029619646,2421.0100391885417,5,1,2,31,0.0,529,207.0,2.4210100391885416,390.1380585909837,245712.6121310429,852.3006133991225,500000.0,0.3331035443039075,83,14,36.98095423046578,19,E5,teleop,2.6,2,marketplace
3.817797696193235,5.13426365804425,6.000699962305676,10.015356798789982,6.506809641571901,12.177610616162497,,,,,24.914404305834932,32.34893720203213,9.524787897870908,16.811544283395506,6.160524071547642,5.13426365804425,1.0,1.0,13968.57625752051,515078.73700219905,515078.73700219905,554,1.0,0.0,0.0,0.0,23.051718270509184,26.627100992805936,32.178456745394215,24.349938136935744,3.817797696193235,427.4398243251191,1774.3988751146649,883.9456166848965,0.4981662404558132,964.4776474286241,0.049660752739113787,2166.1363651914507,5,0,1,22,0.0,528,207.0,2.1661363651914507,406.0857522144201,269748.3003217818,775.4122495514446,500000.0,0.34995001732670766,3,7,20.97761282647732,0,E5,teleop,2.6,4,marketplace
4.763401023463541,8.742501601435924,7.541589077437616,10.02388444335429,7.503889166941827,9.658066507693183,15.195208255603575,23.316798291322993,,,25.383150048616507,33.732550239996996,5.675774582271515,9.229629634009145,9.168186076153253,8.742501601435924,1.0,1.0,22776.714596747763,525519.2910413912,524519.2910413912,535,0.9980971202826477,0.0,0.0,1000.0,24.122855919165676,26.81705581858955,32.29630642562793,24.664257358474334,4.763401023463541,432.3338107729344,1651.8502939728369,822.4430376388739,0.49789199459524275,942.489491015098,0.04966843597716807,2162.366703923512,5,0,4,23,0.0,503,207.0,2.162366703923512,398.76963588631475,257641.74203680523,811.8341579682526,500000.0,0.38297021218137184,0,7,25.155013067760358,1,E5,teleop,2.6,4,marketplace
15.110013382128397,34.59571419291389,12.853531044410005,19.120335674661234,9.307332064061029,16.99326377092666,26.31258108848499,40.14591378500629,,,24.639193021579104,32.18105298882356,6.529604656285301,10.64602769000885,13.206087682288512,34.59571419291389,0.8181818181818182,1.0,29310.196036041838,532277.3226155266,516873.34282247716,548,0.9710602365748803,14403.979793049497,0.02706104352195697,1000.0,23.559307785238236,26.81705581858887,32.17845674539603,24.307382494566202,15.110013382128397,418.1415248210613,1658.1302981196682,811.4111558112202,0.4893530723920589,924.7723532610269,0.05154658478736032,2252.0485011194537,7,0,1,27,0.0,509,207.0,2.2520485011194538,404.84202059727454,266321.20377305,785.7130620340581,500000.0,0.38440716738654873,0,6,14.987459172712168,2,E5,teleop,2.6,4,marketplace
6.150585146800401,8.436469364261757,10.426172453661357,19.18469525986402,12.861004324285977,23.80896637031769,29.373917955518664,29.373917955518664,105.92598582224036,105.92598582224036,25.908484305652177,32.49940516403428,7.315733572005034,10.855398474629057,12.230175128999003,8.436469364261757,0.9565217391304348,1.0,28096.063942230638,531327.860284328,530327.860284328,561,0.998117922897051,0.0,0.0,1000.0,24.191920830344262,26.81705581858887,32.178456745394215,26.35552223067426,6.150585146800401,481.98460703688914,1815.7924691494727,893.9781485910787,0.4923349797842388,986.131475207041,0.050866396502995646,2221.7083089183416,4,0,3,26,0.0,528,207.0,2.2217083089183416,394.51389221140863,251738.97689974328,831.1057385135965,500000.0,0.3396679243969271,1,4,11.569055088217755,3,E5,teleop,2.6,4,marketplace
5.065573681180404,8.810767317638875,9.67042361089716,14.329190083084995,6.220151560677676,11.051789648970226,,,66.02405528266559,112.162654435579,26.565639437348075,35.275290096195526,4.5131947741419935,7.952507071887795,7.84380899607508,8.810767317638875,1.0,1.0,32491.15341102122,538255.453584505,538255.4535845051,550,1.0000000000000002,0.0,0.0,0.0,24.90557170999589,26.585152726328033,33.66121353088393,27.940849073713636,5.065573681180404,513.728479206743,1711.890223881827,851.081758990155,0.4971590742893954,922.5454717617648,0.05257954278989127,2292.4425247012655,7,1,1,23,0.0,520,207.0,2.2924425247012654,388.83478305871495,251782.85025464298,831.2418511150834,500000.0,0.3328746863222595,0,8,23.479156115802827,4,E5,teleop,2.6,4,marketplace
12.56651986068316,24.696801211434025,20.262256913406933,54.92658064253669,13.148218780907019,30.358102169317313,37.62002020746028,66.39408685209128,,,25.870277193002956,33.761086545697935,6.212518409405632,13.47171264896042,21.362463528050966,24.696801211434025,0.8888888888888888,0.8771929824561403,43452.69323580841,547328.4080016714,546328.4080016714,572,0.998172943363837,0.0,0.0,1000.0,24.45601146143171,26.81705581858887,33.86096361564739,26.09668940444417,12.56651986068316,478.3364676140946,1794.5309998166838,885.4020899386253,0.49338913065813383,987.347563253308,0.05294750755247917,2306.2639576174943,6,0,1,28,0.0,530,207.0,2.306263957617494,383.11437020675146,236186.11546323387,886.1920758851692,500000.0,0.36115916354048316,7,9,28.18089751781753,5,E5,teleop,2.6,4,marketplace
4.38735016293962,6.181771493223073,9.290296753508493,16.395569529884416,11.730168250079487,26.310079499287227,72.89696845595051,114.4463081532885,,,25.875738475476048,33.288720414830834,9.737264382258978,25.44315458717411,20.60303789041537,6.181771493223073,1.0,0.9423076923076923,31608.77227884693,533346.8920584851,533346.8920584851,565,1.0,0.0,0.0,0.0,24.21552635157464,26.81705581858887,33.061549708050926,27.16759959444869,4.38735016293962,478.9024926164876,1769.8474335414514,885.801824340078,0.5004961487372928,973.749004432941,0.05255347120691058,2287.947347034082,6,0,0,26,0.0,522,207.0,2.2879473470340823,392.40492531844404,250291.2524328873,836.177634306865,500000.0,0.3985183672800268,1,11,33.02826383020067,6,E5,teleop,2.6,4,marketplace
6.779223216507009,8.509483052560608,30.028635132680428,108.33293433419678,3.8221530896838343,4.359313785500677,11.548353435985007,13.825026797681051,23.883535409931085,23.883535409931085,26.021358191238264,35.49532465816864,8.0803620016106,14.861548167412495,18.661180891832085,8.509483052560608,0.972972972972973,0.9344262295081968,40773.60461111535,544565.4292464787,543565.4292464787,581,0.9981636733690867,0.0,0.0,1000.0,23.87065079739202,26.81705581858887,32.410098475133964,24.855317001647567,6.779223216507009,457.83567218338015,1867.1849455897843,922.3819713612572,0.4939960412276707,994.1109706835186,0.05247758286657118,2285.6846698899,6,0,1,23,0.0,544,207.0,2.2856846698899,385.02390588013225,240883.1068085875,868.8267410806611,500000.0,0.34826949354077347,0,11,28.392056862420887,7,E5,teleop,2.6,4,marketplace
9.410136248234119,33.112862175847205,16.11118096266668,31.29142867613281,8.143728468770291,11.902002575862756,7.080541653155024,8.030911126481124,,,26.20119475565612,33.735817311654685,4.173049557301472,5.858409959236724,10.822565265289446,33.112862175847205,0.84,0.9583333333333334,38363.5914215517,540361.5398106,526845.8481339898,560,0.9749876875372228,13515.69167661024,0.02501231246277737,0.0,24.34793996396998,26.81705581858887,33.73255023999809,25.34290689179006,9.410136248234119,441.31163647420664,1723.705072474463,856.8025565391229,0.49707027624461353,960.6645734368484,0.05548789021411292,2416.984886357065,7,1,1,23,0.0,524,207.0,2.4169848863570653,397.4919525855259,256682.78943236038,815.8590817462714,500000.0,0.39774166391186244,0,13,35.489967519377586,8,E5,teleop,2.6,4,marketplace
10.45834685820249,24.873639023632247,16.33072368222228,35.735013438677285,12.528468053638404,28.537958745626863,90.88825062817523,90.88825062817523,48.05151920770868,60.96203915025135,25.801191011330076,35.263544551871746,7.777364644789778,14.936167446033323,16.472977766674447,24.873639023632247,0.868421052631579,0.9753086419753086,47374.080402398526,549736.351411949,548736.351411949,603,0.9981809461982428,0.0,0.0,1000.0,23.61521929550316,26.81705581858887,34.287979324427624,26.233880822992536,10.45834685820249,484.15045112276704,2013.6161977069244,996.2625447140373,0.49476287777609557,1121.5828339700652,0.05883210237646452,2561.922804134236,6,0,3,31,0.0,555,207.0,2.5619228041342357,381.899107403605,236607.90329420532,885.6928271899637,500000.0,0.38824226407832363,2,10,28.064757945572914,9,E5,teleop,2.6,4,marketplace
7.62507119499209,9.377225663712107,8.7609592497613,12.960521589698487,12.735618862866431,31.864115453434348,,,,,24.79454357959182,31.882238896609447,4.619164797709073,6.332887766238173,10.748289056313865,9.377225663712107,0.9285714285714286,0.9666666666666667,13819.243346008723,516514.44304295897,516514.44304295897,540,1.0,0.0,0.0,0.0,23.5596056655628,26.81705581858887,31.867638046474895,24.383723103701143,7.62507119499209,428.88453119179064,1640.1619722824385,814.3700341025639,0.4965180560608243,892.1347077068214,0.04671789399369589,2031.8981716132378,3,0,2,22,0.0,511,207.0,2.031898171613238,404.69710186638065,266168.45341327484,785.3368627688319,500000.0,0.3605260295265986,0,10,29.56326303759194,10,E5,teleop,2.6,4,marketplace
8.500596373051465,16.00654396914615,21.83948865868092,44.832302591542714,7.360153945028401,11.782949214939093,,,20.343734627062076,20.343734627062076,25.564274505220588,33.73255023999686,5.440022273312674,7.381035081223128,11.497106720357692,16.00654396914615,0.9047619047619048,0.9714285714285714,26006.043708159235,531772.2574830158,531772.2574830158,543,1.0,0.0,0.0,0.0,24.272620922780167,26.81705581858887,32.765371242003866,24.812806720730592,8.500596373051465,438.96422837366634,1623.5623544436787,798.0828555813556,0.4915627991724546,917.9910109613918,0.04829591874940313,2108.731968762389,5,0,0,23,0.0,514,207.0,2.108731968762389,393.22986302165475,250483.20812015026,834.8213580387329,500000.0,0.3656293244317119,2,4,12.433225483121547,11,E5,teleop,2.6,4,marketplace
21.565331092104184,58.05646266885163,23.901634976855764,56.508514368096144,8.658641864752099,8.658641864752099,,,,,26.96235837313164,36.774341294245055,6.037066674518753,11.33455502983234,21.724064532269526,58.05646266885163,0.7142857142857143,0.8571428571428571,3605.0987133016765,503977.3460501888,503977.3460501888,521,1.0,0.0,0.0,0.0,26.53831942928612,26.81705581858978,36.76953054399746,26.845530588529453,21.565331092104184,454.7886571859296,1485.1472006133588,736.458874843206,0.4958827478778211,808.8261604946505,0.04769792351958335,2087.2139221383013,9,0,0,27,0.0,486,207.0,2.0872139221383015,414.87423107568856,282436.0900190153,740.2992086034801,500000.0,0.37185872173094187,0,2,5.908785513585686,12,E5,teleop,2.6,4,marketplace
4.491792590062592,6.8315116369909825,5.332352316233265,7.310724132563894,8.550371602737641,10.162898508572335,,,,,24.66083021200888,32.17845674539444,3.4088748964949276,5.1773103691548386,6.76258311023521,6.8315116369909825,1.0,1.0,6216.486291594783,506496.9548278934,506496.9548278934,522,1.0,0.0,0.0,0.0,23.839572929501017,26.81705581858978,32.178456745394215,24.45013433860447,4.491792590062592,428.28230098098965,1557.7976475094576,784.3818905176163,0.50351975545197,881.8322952108346,0.044031704331148294,1921.22151228259,3,0,0,16,0.0,503,207.0,1.9212215122825902,412.48268034162925,277537.3592901889,752.7679230162225,500000.0,0.3559462817830825,0,7,19.950965057339918,13,E5,teleop,2.6,4,marketplace
11.540829466118533,30.241596241602863,13.448556858671818,21.952072292326104,10.30138643172166,18.949962026326034,10.360115224648098,13.176475271494928,,,25.01960284151236,32.17845674539603,4.965905046773661,9.366274239317685,11.173942922205384,30.241596241602863,0.8620689655172413,0.9354838709677419,58929.484502104126,566652.9292862886,566652.9292862886,576,1.0,0.0,0.0,0.0,23.060326844377126,26.580437989213806,32.17845674539603,23.290439057409543,11.540829466118533,434.2217818806835,1843.5109919021472,918.2478354538746,0.4980972934185872,1053.2967885375488,0.0511263362462984,2228.580602228224,2,0,3,28,0.0,537,207.0,2.228580602228224,369.2358581217538,218971.83079170084,955.5045498124324,500000.0,0.37631795448934585,2,9,23.55442914266172,14,E5,teleop,2.6,4,marketplace
21.282067366015248,71.50399585253118,20.164228293807408,51.56029174691025,13.442470783367877,9.874335044298277,11.67211467667825,15.846470186465378,13.022748333215077,15.54147896434888,26.926712631648364,34.77601616339827,8.585317301694818,13.218743729513164,16.744122449326923,71.50399585253118,0.7714285714285715,0.8648648648648649,64862.71277757866,573615.9384122626,573615.9384122626,603,1.0,0.0,0.0,0.0,25.073131862306226,26.81705581858887,36.692044491767064,25.26836109275282,21.282067366015248,476.90936464162417,2039.2106937012013,1004.5789055020003,0.4926312462978864,1142.1707759674791,0.05845691889301783,2548.7609522864395,7,0,2,24,0.0,557,207.0,2.5487609522864396,365.31195686839857,212415.25963783526,986.5052129944141,500000.0,0.365814093096042,5,10,27.809750570925605,15,E5,teleop,2.6,4,marketplace
19.71890742947714,82.69378678180546,22.296693295170623,48.988609291212924,58.5138147097426,86.56999958184315,,,,,26.11990438126047,35.263544551871746,2.8567923669851325,3.2960470291120147,34.36906710002794,82.69378678180546,0.7368421052631579,0.7857142857142857,8440.199489225186,509188.49886297405,509188.49886297405,531,1.0,0.0,0.0,0.0,25.899253131434097,26.81705581858978,36.27860009075812,26.08967731992518,19.71890742947714,454.4768408980179,1530.0623283907426,762.0098486184033,0.4980253643783612,852.2345381491363,0.0456278231556629,1987.8228784282396,4,0,1,24,0.0,493,207.0,1.9878228784282397,410.4331172936964,277400.0274725463,753.3806855845077,500000.0,0.36539664642555847,0,7,19.90294508161534,16,E5,teleop,2.6,4,marketplace
7.364266502883553,17.734525094418494,6.356679452928956,11.006674530827697,7.683435419471766,10.254617989169446,,,,,25.383624928128025,32.178456745394705,4.283074615068244,7.84346330268545,6.90949443898846,17.734525094418494,1.0,1.0,10188.61735102234,511539.3687118152,511539.3687118152,538,1.0,0.0,0.0,0.0,24.03774017777115,26.81705581858978,31.960883656150695,24.97593661514148,7.364266502883553,439.01795324054973,1617.205522681552,801.3869996061684,0.49553812942547776,898.8238602691291,0.04891083329761216,2136.8638155710373,8,0,0,17,0.0,518,207.0,2.1368638155710373,408.83825685250827,273240.34752422,765.3952489466554,500000.0,0.37022765113869777,0,6,13.31673811383556,17,E5,teleop,2.6,4,marketplace
6.930580450681151,12.848556359037866,9.017180183121308,13.799787197666951,8.133576801560837,14.888376082185095,19.49993879083513,33.15361437334468,26.38675915276781,30.26087649140045,25.165376806241472,31.86763804647426,10.685655450317835,30.674422880175374,10.618551180633434,12.848556359037866,1.0,1.0,68261.72443658626,577118.2182746406,576118.2182746406,575,0.9982672527597732,0.0,0.0,1000.0,23.152327114072502,26.81705581858887,31.86763804647353,24.37185887016411,6.930580450681151,465.41914354438927,1833.792802219506,903.1692028862672,0.4925143133908742,1031.1773224078306,0.051654127288785476,2257.3065210727823,2,0,5,29,0.0,541,207.0,2.257306521072782,363.2193877634295,216659.4871876555,965.8349571363499,500000.0,0.3544392762168214,1,4,9.764275488896569,18,E5,teleop,2.6,4,marketplace
17.845917039541728,72.5590050214858,10.43139140719257,11.991926635078698,16.153468078105746,36.832042892312074,,,137.66876409800898,137.66876409800898,26.214356905782967,35.650583227884525,6.5945963300526955,17.504193312259908,12.450947879279575,72.5590050214858,0.8285714285714286,0.8985507246376812,37728.11627304937,538786.9281851918,536786.9281851918,582,0.9962879574552103,0.0,0.0,2000.0,24.62660167711019,26.195418420748865,36.56163914841113,28.187175629564752,17.845917039541728,510.77443150086276,1912.4585544539511,948.9750933436626,0.4962068804751776,1054.720184180077,0.05431185806170712,2364.2637033835463,4,0,2,27,0.0,534,207.0,2.3642637033835463,390.03234376667376,245646.03194218365,852.3006133991225,500000.0,0.38637818754381614,2,14,35.01369725691098,19,E5,teleop,2.6,4,marketplace
17.44856820777051,28.348750293735808,23.846480866950934,44.916022089206265,30.38260078646938,68.16496546376834,,,,,30.473814040651106,41.057102723762,8.667400109879416,18.352778437472807,25.910518736272547,28.348750293735808,0.75,0.8837209302325582,13968.57625752051,515078.73700219905,515078.73700219905,554,1.0,0.0,0.0,0.0,29.32006121752689,27.824418285510035,41.057102723762,30.218719413412433,17.44856820777051,530.8251766245596,1660.0905278144915,821.1650524120239,0.49465076672239516,876.8268598216505,0.06037301464369343,2633.8169669515146,5,0,0,27,0.0,515,207.0,2.633816966951515,406.99373106922974,270351.438332602,775.4122495514446,500000.0,0.3365856633761002,289,6,19.757724680936526,0,E5,teleop,5.0,1,marketplace
13.408349387804726,27.197455397282507,16.07701690434836,24.200988561041186,37.72367053856628,70.94700536090005,69.74820463467283,76.32092699135137,,,31.048717946051656,41.31418375080283,10.67229864275321,17.923087091111988,35.308933430210004,27.197455397282507,0.8666666666666667,0.8620689655172413,22776.714596747763,525519.2910413912,524519.2910413912,535,0.9980971202826477,0.0,0.0,1000.0,30.399003092372077,27.82441828551009,41.60197688070731,31.921618138571965,13.408349387804726,559.3487121883174,1582.7274160491463,785.188100806184,0.4960981233055248,881.6549745604892,0.06131181633804473,2680.098360718567,5,0,0,28,0.0,495,207.0,2.6800983607185676,399.75669521022854,258279.47284883555,811.8341579682526,500000.0,0.33415312888078397,269,4,9.375209573804677,1,E5,teleop,5.0,1,marketplace
43.47242018433556,85.89957481699366,31.875104908679162,68.7651691417722,30.57229551146232,60.62871141216419,169.72012372059157,182.12521993039587,,,31.17324190564521,41.06219168137086,12.249684986542185,18.352778437474626,48.6171787362119,85.89957481699366,0.4090909090909091,0.5789473684210527,29310.196036041838,532277.3226155266,516873.34282247716,548,0.9710602365748803,14403.979793049497,0.02706104352195697,1000.0,31.79646414161259,27.82441828551009,48.28172352611462,32.43576682281358,43.47242018433556,565.8710686459905,1636.812889525247,800.3612804356798,0.48897542630411606,854.9519566297429,0.06447704297425115,2818.1330457984004,9,0,0,25,0.0,511,207.0,2.8181330457984006,405.93722999922926,267041.67613380397,785.7130620340581,500000.0,0.32244575934265773,306,4,9.942844054030267,2,E5,teleop,5.0,1,marketplace
47.04550110332477,114.42168406907132,35.06190652364231,73.06995471683496,77.37044142520509,148.17851430815745,138.72618399463045,138.72618399463045,128.76517075883203,128.76517075883203,31.950424438175293,43.294157010837985,12.646209507058497,20.975275175262418,57.0098076272513,114.42168406907132,0.43478260869565216,0.5957446808510638,28096.063942230638,531327.860284328,530327.860284328,561,0.998117922897051,0.0,0.0,1000.0,33.332185039104495,27.82441828551009,51.907788894723126,35.38610681136985,47.04550110332477,644.9143238735273,1675.118732152192,823.515360861884,0.49161611356577195,906.1110246602428,0.06385831434850907,2783.900041651458,7,0,0,30,0.0,512,207.0,2.783900041651458,395.573975557646,252415.41517550178,831.1057385135964,500000.0,0.31467565999207725,302,5,17.27897058061987,3,E5,teleop,5.0,1,marketplace
14.067571243172033,25.488393762633322,21.79772231600964,38.97014070948744,52.92741705654966,145.59276199002835,,,12.625429763824059,12.625429763824059,39.33482465022415,69.13910462391046,8.723904830225365,12.538363853123611,38.27814894335435,25.488393762633322,0.8888888888888888,0.8571428571428571,32491.15341102122,534209.4492904893,519325.49254426855,546,0.9721383499187652,0.0,0.0,14883.956746220842,37.74725234057194,28.271051579991763,68.49166074835762,39.073114278430054,14.067571243172033,4346.279061934748,1636.0353412619845,804.5618117540494,0.4917753250571204,838.763277061139,0.06004728212136429,2613.3420507148385,6,0,0,23,416.11922992464497,514,207.0,2.6133420507148384,403.62613632498864,264816.0234830849,791.5432733023569,500000.0,0.39660151126739773,351,6,22.394743012170164,4,E5,teleop,5.0,1,marketplace
26.681717868628933,65.7973304626943,36.700560420494924,91.33983257460109,52.9350083417253,96.20462579349693,98.07634169513115,127.53469573668099,,,31.475986982236524,41.738901259544036,10.90161204825096,18.418730402853726,54.38719931583229,65.7973304626943,0.6666666666666666,0.6491228070175439,43452.69323580841,547328.4080016714,546328.4080016714,572,0.998172943363837,0.0,0.0,1000.0,31.875814088874115,27.82441828551009,48.67479553193105,34.48026745552802,26.681717868628933,643.8285358629627,1752.2632051969513,868.429225563953,0.4956043264438364,925.1995987414326,0.06503882984110165,2833.128753828201,6,0,0,28,0.0,530,207.0,2.833128753828201,384.07874399455767,236780.64210203785,886.1920758851692,500000.0,0.31784904369744105,308,8,25.841831602725637,5,E5,teleop,5.0,1,marketplace
33.652462829813935,87.38039420551429,38.4048238930854,57.07238963926148,70.24724616430156,152.63196260965975,237.911673067498,300.91810155046494,,,32.20247322625003,41.06233573892678,12.959164206576064,31.597464319928807,80.94333858459221,87.38039420551429,0.6071428571428571,0.6346153846153846,31608.77227884693,533346.8920584851,533346.8920584851,565,1.0,0.0,0.0,0.0,33.90197315588585,27.82441828551009,48.59414868361371,40.32032737360253,33.652462829813935,738.7012294968833,1685.093076560459,833.4390569452511,0.49459526511522545,904.9910017888099,0.06502267502369881,2830.8688210051237,6,0,0,35,0.0,514,207.0,2.8308688210051236,393.4228772031463,250940.5420714712,836.177634306865,500000.0,0.34750485768907885,325,6,24.80578675281705,6,E5,teleop,5.0,1,marketplace
30.22493943761839,60.30182445896251,36.266008968384455,102.15533733792017,36.60403841135696,80.38716936152868,506.6953450963299,514.6930130927167,,,33.50769220122041,52.60226349139848,14.072835906485855,36.84383866342754,75.59521468682793,60.30182445896251,0.5135135135135135,0.7704918032786885,40773.60461111535,544565.4292464787,532094.6781879223,580,0.9770996277236836,0.0,0.0,12470.75105855638,34.36966041071457,27.824418285510546,53.60833034578832,42.827804918258686,30.22493943761839,4922.27088726852,1790.5083619938764,880.2546440504766,0.49162274956942487,915.1960901172603,0.06543982782788844,2855.479217383392,6,0,0,32,0.0,528,207.0,2.855479217383392,394.3949973941813,250246.69502299104,838.5944086018927,500000.0,0.36199282273678507,517,8,19.410583628248638,7,E5,teleop,5.0,1,marketplace
23.616573034199856,58.234931285879625,28.361191024159126,60.76821062047121,21.746277729706094,38.3530579114705,81.71900377055874,118.1456886126238,,,32.66555636684952,42.41250531473491,32.953095062232826,124.54290339294731,29.26213679219868,58.234931285879625,0.68,0.8541666666666666,38363.5914215517,540361.5398106,526845.8481339898,560,0.9749876875372228,13515.69167661024,0.02501231246277737,0.0,32.12796213615558,27.82441828551009,47.373442920628285,32.773583762921945,23.616573034199856,587.6254919724107,1690.3508020780337,835.0822797516039,0.494028978319172,889.3631762058702,0.06423617118576039,2801.745432744546,6,1,0,23,142.05126937125965,521,207.0,2.8017454327445463,398.222262120564,257154.39115255445,815.8590817462714,500000.0,0.33430033445477153,351,8,25.191405714710317,8,E5,teleop,5.0,1,marketplace
24.229203183503028,49.84590391076526,28.55995180815015,62.61805502159642,30.076899890716025,63.232830981265586,188.45865000750382,188.45865000750382,121.46666800709363,136.1682503573332,32.6202021196041,47.25023804417669,10.934475195671068,22.44634172269008,32.91352770781386,49.84590391076526,0.631578947368421,0.8395061728395061,47374.080402398526,549779.8663554897,548779.8663554897,604,0.9981810901759116,0.0,0.0,1000.0,31.61749016624256,27.82441828551009,50.68129490342538,36.13802062787147,24.229203183503028,670.0767391522544,1895.4695105635485,931.9486560440128,0.49167166807496254,1019.5858104993499,0.07108683533346569,3101.282942232446,6,0,0,38,0.0,537,207.0,3.101282942232446,382.85166024318505,237192.5864648428,885.7835148796865,500000.0,0.35049912242590775,356,10,24.93030322674243,9,E5,teleop,5.0,1,marketplace
25.93850139135363,89.93679401795772,19.86808656104145,34.11745382478578,49.64138373274636,129.45378490515176,,,,,31.044392280639666,40.87492608931607,6.812262173078966,10.392065057431473,34.75473514689391,89.93679401795772,0.7142857142857143,0.8,13819.243346008723,516514.44304295897,516514.44304295897,540,1.0,0.0,0.0,0.0,30.573210266444214,27.824418285510063,41.05710272376291,31.19568301202387,25.93850139135363,547.8716474114723,1623.8029459370723,810.7666633714182,0.4993011408188676,849.2573898870638,0.059949408310841286,2608.365060563104,6,0,0,19,0.0,515,207.0,2.6083650605631044,405.8131730560916,266902.49114444334,785.3368627688319,500000.0,0.35460455636230853,276,8,27.01248306734666,10,E5,teleop,5.0,1,marketplace
19.895255722097378,49.981871491160746,35.3466225749637,69.14835264249987,26.376789992358294,47.04703588214358,,,35.000116959116895,35.000116959116895,31.22224773320776,41.0571027237625,7.278697556193882,10.69315106809172,28.939599301674125,49.981871491160746,0.8095238095238095,0.8571428571428571,26006.043708159235,531772.2574830158,531772.2574830158,543,1.0,0.0,0.0,0.0,30.42362730542143,27.82441828551009,41.43604421377586,31.27806574517212,19.895255722097378,548.2821279384656,1605.4137588908775,794.4829625668656,0.4948773848280366,870.5299715335126,0.060897185276212865,2654.959826279163,6,0,0,26,0.0,508,207.0,2.6549598262791627,394.2570468392201,251137.51320261727,834.8213580387329,500000.0,0.3302560468597339,302,5,19.405251209062946,11,E5,teleop,5.0,1,marketplace
48.675930236628965,122.70045604051884,36.73063157948214,78.91807024720958,135.1585401453267,135.1585401453267,,,,,32.420815805936186,49.82838572072767,6.409598372224211,10.133931615219627,50.79176137460279,122.70045604051884,0.42857142857142855,0.7142857142857143,3605.0987133016765,503977.3460501888,503977.3460501888,521,1.0,0.0,0.0,0.0,32.53656225115602,27.82441828551009,50.914958709478924,32.875974704661026,48.675930236628965,558.6933407176438,1488.9234284778054,739.4416749274685,0.4966284100206776,790.825456346794,0.061019049981901205,2671.1105925788497,11,0,0,25,0.0,491,207.0,2.6711105925788496,416.03280829154306,283224.8206615106,740.2992086034801,500000.0,0.3231339541272044,216,2,4.196535914678195,12,E5,teleop,5.0,1,marketplace
9.594840307841913,16.11999381957247,15.969094709324839,25.705649331902883,26.488812266722903,40.834447224656785,,,,,29.371703335146183,35.79414125695155,4.5140660268942385,5.669650284848899,20.644524734835088,16.11999381957247,0.875,1.0,6216.486291594783,506496.9548278934,506496.9548278934,522,1.0,0.0,0.0,0.0,28.68004107812991,27.82441828551,35.689528956885574,29.266481148660272,9.594840307841913,502.66399271709594,1534.4012950806434,767.3047717940384,0.5000678598578159,840.892148643281,0.057014381779915496,2489.520937686055,5,0,0,19,0.0,499,207.0,2.4895209376860548,413.6046997733089,278292.30567941116,752.7679230162225,500000.0,0.3633985354672866,253,5,16.48454099712093,13,E5,teleop,5.0,1,marketplace
26.971087775300862,58.30570812545015,34.92000412961161,57.432424841323474,63.48528765810114,107.3248918409472,50.33061953914989,97.34266947703671,,,31.1092725858431,41.40429655151875,11.976077974217105,20.32822773159833,52.50574533361581,58.30570812545015,0.4827586206896552,0.6451612903225806,58929.484502104126,566652.9292862886,566652.9292862886,576,1.0,0.0,0.0,0.0,31.661723135509785,27.82441828551009,45.70318668880671,33.15480440028641,26.971087775300862,629.799147167261,1769.9466923513403,872.7012648072596,0.49306641187475125,978.8712300706892,0.06360402071635099,2780.4638927394726,3,0,0,29,1086.629831700864,533,207.0,2.7804638927394723,370.2097934214554,219549.41390275938,955.5045498124324,500000.0,0.3257942605121273,326,4,10.720975884214056,14,E5,teleop,5.0,1,marketplace
41.788114654701566,83.25844612841857,45.26251402905618,96.42885751715994,36.006972113086164,59.51291129534775,106.0869949807847,147.07704181883912,37.032824099090476,56.4561938083602,33.00932780688094,47.22862377585163,14.536933981051156,25.928591946803877,53.56919109537488,83.25844612841857,0.45714285714285713,0.6486486486486487,64862.71277757866,573615.9384122626,573615.9384122626,603,1.0,0.0,0.0,0.0,34.03484118534197,27.82441828551009,56.86789123065629,37.699324941837496,41.788114654701566,740.530439693023,1909.5389575997838,931.2989799923407,0.48770881384004194,1016.622741917873,0.06971099111627098,3041.904387019426,9,0,0,29,0.0,549,207.0,3.041904387019426,366.17166700145026,212915.14897266816,986.5052129944141,500000.0,0.3139628756397636,386,7,20.627427291294364,15,E5,teleop,5.0,1,marketplace
37.1510971976622,99.30241445519205,50.528460323226625,106.5355839588683,91.17356454613976,127.9785788845511,,,,,31.672232913003928,43.34063349945364,3.9328950648469267,4.180537510874456,64.076828397531,99.30241445519205,0.5789473684210527,0.6071428571428571,8440.199489225186,509188.49886297405,509188.49886297405,531,1.0,0.0,0.0,0.0,32.260786146948895,27.82441828551009,45.885677066562494,32.032098959978974,37.1510971976622,554.6052426734644,1523.7005865775204,764.2564949241215,0.5015791827190709,816.9627588759028,0.057715418985963884,2521.0432799444834,5,0,0,25,0.0,493,207.0,2.5210432799444833,411.4803137694749,278107.7976765337,753.3806855845077,500000.0,0.34601608201873696,259,5,12.026902594474851,16,E5,teleop,5.0,1,marketplace
17.861505880206757,35.61531434957542,22.083938770160962,39.00204393188338,35.3230105317224,46.260805129953745,,,,,33.322622696912624,44.83407353101204,7.411340498580826,12.856577394513806,27.60021867081156,35.61531434957542,0.6666666666666666,0.9629629629629629,10188.61735102234,511539.3687118152,511539.3687118152,538,1.0,0.0,0.0,0.0,32.234128821921075,27.82441828551009,44.07063492695545,33.20234706994304,17.861505880206757,581.9374134036974,1594.8908427819194,790.3702382466377,0.4955638449011463,845.791139455014,0.06557327998260798,2865.37182200429,9,2,0,19,0.0,513,207.0,2.86537182200429,410.2624053169125,274192.15380657656,765.3952489466554,500000.0,0.36908658342913353,242,5,12.874981798478553,17,E5,teleop,5.0,1,marketplace
57.479785750212734,103.38598264172235,29.346955608983443,57.60329636190836,138.3872158896446,408.9536215944413,295.2533175835227,444.48757560594095,110.28390616774323,110.28390616774323,31.350405754192025,41.43604421377586,14.160461571574734,28.06383544862674,133.57411935276258,103.38598264172235,0.6956521739130435,0.6296296296296297,68261.72443658626,572191.6285267603,560368.4124093493,573,0.9793369641778008,0.0,0.0,11823.216117411037,37.49741347218153,27.82441828551009,46.87782329229051,51.93948832217172,57.479785750212734,2330.937134638918,1710.189318779655,833.2888832971396,0.48724949579953647,909.2494557069084,0.06261461919438488,2737.374258281424,2,0,0,29,0.0,529,207.0,2.7373742582814238,374.2847912438508,226908.75315420688,924.3247399792646,500000.0,0.33999668847642645,372,3,6.832137744448285,18,E5,teleop,5.0,1,marketplace
39.91616079608609,89.27466171354008,47.046005901232085,111.34549499607273,41.14877302171167,81.71968551665714,,,,,32.7385937966999,44.864694170097714,10.527671429912377,15.106003522240554,45.08026160805861,89.27466171354008,0.45714285714285713,0.6029411764705882,37728.11627304937,538786.9281851918,523604.77921157476,580,0.9718216085442989,0.0,0.0,15182.148973617028,33.33779546845564,27.82441828551009,51.8318070109417,33.45873607333504,39.91616079608609,777.7892768473955,1749.8082818728421,858.9447587254438,0.49087935382618275,888.4226350678623,0.06541740969073669,2850.0956647155017,5,0,0,30,120.01570736963711,517,207.0,2.8500956647155014,400.7795650389216,260395.22082048253,805.890734106011,500000.0,0.33393553459751546,427,11,29.463214656247406,19,E5,teleop,5.0,1,marketplace
6.952467454194008,10.61734986900119,10.777616988333818,18.823568758503647,7.335592487925273,12.310204530524402,,,,,26.809882914276276,36.8817991571809,8.095271556587177,18.28117938276182,9.690661882941646,10.61734986900119,0.9583333333333334,1.0,13968.57625752051,515078.73700219905,515078.73700219905,554,1.0,0.0,0.0,0.0,24.990922813965962,27.67284168950482,34.68604421377586,26.234795592069364,6.952467454194008,446.85245718030177,1732.3862616107551,860.4923212860848,0.49670927341920146,933.1168810859042,0.06273167945583445,2739.4906592675625,5,0,0,18,0.0,531,207.0,2.7394906592675623,407.1988913383783,270487.7189915381,775.4122495514446,500000.0,0.33882199133863783,44,6,15.214047713570446,0,E5,teleop,5.0,2,marketplace
6.8634429614233605,11.429181520873499,10.322901453793103,13.402180885748862,19.087230571983856,35.70834836002541,32.021510567099234,53.036338569165856,,,27.525633508200997,39.383790784613026,12.55714891387772,24.261303344943556,18.1027209488554,11.429181520873499,1.0,0.9655172413793104,22776.714596747763,525519.2910413912,524519.2910413912,535,0.9980971202826477,0.0,0.0,1000.0,26.503889534008913,27.67284168950482,38.82350547296649,27.312572587284933,6.8634429614233605,459.4722280994076,1629.518034146261,813.0186516548996,0.49893197535604894,926.686783964876,0.06317674727678975,2751.6143074833053,5,0,2,24,0.0,502,207.0,2.751614307483305,399.89304090425003,258367.5646666813,811.8341579682526,500000.0,0.3813545067368391,30,6,23.935124922219565,1,E5,teleop,5.0,2,marketplace
23.863359654533227,54.67095320497903,19.340839472752464,30.11628228635609,24.18916136449646,58.79822574360469,15.10948145402108,15.408275953274279,,,26.74026048314049,34.68604421377586,11.941913068069487,16.857358832020964,20.63004042981504,54.67095320497903,0.6818181818181818,0.868421052631579,29310.196036041838,532277.3226155266,516873.34282247716,548,0.9710602365748803,14403.979793049497,0.02706104352195697,1000.0,26.149316759329633,27.672841689504594,35.52676090274008,26.573361782207773,23.863359654533227,442.9558394484096,1667.9492178258588,822.6611586885919,0.49321714947707795,893.5908610931849,0.06460556322731709,2822.7842482836063,7,0,1,21,0.0,514,207.0,2.8227842482836065,405.9462287269636,267047.59585527726,785.7130620340582,500000.0,0.36103252995923113,44,6,14.987459172712168,2,E5,teleop,5.0,2,marketplace
31.906550278385797,80.99507492677567,42.97486040056468,91.29625078616192,25.0956880225202,45.97434409605661,99.92157614942789,99.92157614942789,109.77913050836378,109.77913050836378,28.448393398817412,39.82515131169802,9.28146905941331,19.562009997688804,37.89798506591544,80.99507492677567,0.4782608695652174,0.7021276595744681,28096.063942230638,531327.860284328,530327.860284328,561,0.998117922897051,0.0,0.0,1000.0,28.661087881167347,27.67284168950482,41.07224388431132,29.88450827188916,31.906550278385797,531.4803680840777,1763.7751547458545,868.634600356466,0.4924860167233896,945.2865495665062,0.06655486609982429,2907.895547259347,8,0,3,22,0.0,529,207.0,2.907895547259347,395.80778470646464,252564.60859321256,831.1057385135965,500000.0,0.33412522575873566,51,5,11.84833402934115,3,E5,teleop,5.0,2,marketplace
9.768004993343677,21.776518589570067,13.66991308395609,19.085925077550748,12.132236775543358,21.574924270028806,,,10.63473756597159,10.63473756597159,34.53252622608375,62.92107378783985,7.249916815928127,12.538363853123611,12.855849155972878,21.776518589570067,0.8888888888888888,1.0,32491.15341102122,534209.4492904893,520325.49254426855,547,0.9740102748750312,0.0,0.0,13883.956746220842,32.40171453693716,27.82441828551009,59.894224567999814,33.58220045463851,9.768004993343677,4210.737182386998,1631.4210753625237,806.8990281651062,0.49459887477903425,883.648781817019,0.06466564969969191,2817.489292204558,8,0,0,24,90.28787980854999,506,207.0,2.817489292204558,403.2427630371264,264795.4685295094,792.3756794532231,500000.0,0.4509614068543577,146,5,20.31068447172558,4,E5,teleop,5.0,2,marketplace
15.241536734715307,23.654984230537757,33.772551035844366,87.92636666604173,24.233919948981384,61.43605892241439,73.28490981448083,98.1223310832811,,,27.765162221952167,40.350568212042255,7.318738967536994,16.051609445997656,38.49547909595067,23.654984230537757,0.8888888888888888,0.7719298245614035,43452.69323580841,547328.4080016714,546328.4080016714,572,0.998172943363837,0.0,0.0,1000.0,27.16486300166181,27.67284168950482,41.43604421377579,29.26386186574874,15.241536734715307,519.5050934165122,1760.2407984917193,868.7774129225918,0.4935560030576571,959.981105990252,0.06738212435323489,2936.3804013358354,7,0,0,25,0.0,533,207.0,2.9363804013358354,384.26773590124856,236897.15369170028,886.1920758851692,500000.0,0.3515824715511144,42,8,25.841831602725637,5,E5,teleop,5.0,2,marketplace
7.810745403614375,12.723607591245672,14.707295725450212,22.56807541035796,20.94448416626366,47.5985899267757,112.42970428414338,144.99444011515158,,,27.91967463617446,36.664015299736654,9.35134463789067,22.032430114038483,32.813543780469665,12.723607591245672,1.0,0.9038461538461539,31608.77227884693,533346.8920584851,533346.8920584851,565,1.0,0.0,0.0,0.0,26.70377118657041,27.67284168950482,36.58075166383969,30.489945794162146,7.810745403614375,520.2964350666203,1760.9467473799175,880.9050886511687,0.5002451607136061,971.8039198359191,0.06686597954492692,2914.689510002886,6,0,1,28,0.0,523,207.0,2.914689510002886,393.580036999605,251040.78475383765,836.177634306865,500000.0,0.3836378747114684,55,9,24.9256328022019,6,E5,teleop,5.0,2,marketplace
9.247812127265242,11.800961273603713,31.32736492527776,103.01272797355178,6.318868011904174,8.205460123337799,55.8526674962569,91.47483536468583,37.84133976754188,37.84133976754188,28.213416925949485,42.00015340517747,10.694475828342002,17.60717110625301,23.992953797010927,11.800961273603713,0.972972972972973,0.9180327868852459,40773.60461111535,544565.4292464787,543565.4292464787,581,0.9981636733690867,0.0,0.0,1000.0,26.244794909157058,27.67284168950482,41.057102723762,28.245972676114942,9.247812127265242,501.3724778553087,1841.0912819603163,910.9137948089065,0.494768403790932,978.9947169116698,0.06651319372117895,2899.945164886266,5,0,1,25,0.0,540,207.0,2.899945164886266,386.1539639411239,241590.10679598703,868.826741080661,500000.0,0.33822994542670476,66,9,24.536566887110006,7,E5,teleop,5.0,2,marketplace
12.10470293306972,36.95467668518045,31.91703674329787,100.08020344256552,11.51403369313397,16.263214032939555,15.311342125126771,18.923754290243846,,,28.13868030002823,39.43194680642126,5.7125402575238935,9.017325101340475,18.940931139451223,36.95467668518045,0.88,0.875,38363.5914215517,540361.5398106,526845.8481339898,560,0.9749876875372228,13515.69167661024,0.02501231246277737,0.0,26.56455289756879,27.67284168950482,39.43194680642126,27.438306442611836,12.10470293306972,468.9956771728258,1713.1783072835967,849.2162073030878,0.4956963345220025,925.1269680275575,0.0656271621563105,2857.9526594187355,7,0,0,17,0.0,532,207.0,2.8579526594187357,398.32894840626454,257223.28445524815,815.8590817462714,500000.0,0.38949130599297704,48,13,35.78650343405579,8,E5,teleop,5.0,2,marketplace
17.931296483285003,40.62026873808491,21.06801628546748,50.148204920164495,17.78210671566669,40.38701834811884,169.9325364958877,169.9325364958877,84.61801194888312,93.65839556136807,28.82537551863528,42.59214583103958,10.473014980087969,18.29768110396542,23.154484842537386,40.62026873808491,0.631578947368421,0.8888888888888888,47374.080402398526,549779.8663554897,548779.8663554897,604,0.9981810901759116,0.0,0.0,1000.0,27.25254445670968,27.67284168950482,44.13364296782287,31.1063760740162,17.931296483285003,556.7091960364236,1973.9318075411234,972.3336141285714,0.49258723650630193,1099.2349798905336,0.07673385802934853,3349.1077232872913,10,0,2,28,0.0,554,207.0,3.3491077232872914,383.3032525778322,237472.3667688243,885.7835148796867,500000.0,0.3804564489516868,62,8,22.404488370940843,9,E5,teleop,5.0,2,marketplace
9.874392328733832,11.82760754383567,13.07266740162325,19.226116865901552,18.36920000552354,41.249520470204715,,,,,26.87338194486355,34.698137112710086,5.401701986075659,6.977447779952012,15.720933703573394,11.82760754383567,0.9285714285714286,0.9333333333333333,13819.243346008723,516514.44304295897,516514.44304295897,540,1.0,0.0,0.0,0.0,25.704600785466628,27.67284168950482,34.68604421377504,26.4030495938275,9.874392328733832,449.5354390282502,1655.513742690641,823.6113266019081,0.4974959164418202,889.0227958885824,0.060773112292808414,2646.532785999105,5,0,2,19,0.0,519,207.0,2.646532785999105,405.88706784441774,266951.091595085,785.3368627688319,500000.0,0.34888846453086514,25,9,25.215411608914362,10,E5,teleop,5.0,2,marketplace
24.918532250267265,77.38117939473068,33.786744702088754,69.7724088429619,12.314567682783945,16.29373692968464,,,165.42656124777477,165.42656124777477,27.769656526829564,36.74893808239105,8.264377153517541,14.951851543029996,18.449475402585318,77.38117939473068,0.8095238095238095,0.8285714285714286,26006.043708159235,531772.2574830158,531772.2574830158,543,1.0,0.0,0.0,0.0,27.42115524425228,27.67284168950482,39.505144234894935,30.90919397598081,24.918532250267265,552.8455895537771,1644.1531701875065,815.2816298665496,0.4958672006048994,895.7945080266304,0.06158780548912548,2682.1113259645163,6,0,0,21,0.0,516,207.0,2.682111325964516,394.30810535027115,251170.0369269133,834.8213580387331,500000.0,0.34176931101003055,56,7,25.15155934841502,11,E5,teleop,5.0,2,marketplace
20.985026058062108,42.65802386455181,24.258393560699574,52.4477961581739,11.868790648457434,11.868790648457434,,,,,29.14157805301589,41.681937017867185,7.263156450275541,12.088771431064565,22.488450287522124,42.65802386455181,0.5714285714285714,0.8571428571428571,3605.0987133016765,503977.3460501888,503977.3460501888,521,1.0,0.0,0.0,0.0,28.64864770840492,27.67284168950482,41.43604421377586,29.033988012198485,20.985026058062108,479.33752953993735,1495.8616838720723,740.7518972786505,0.49520079648085996,823.6921858185574,0.062299378917069076,2727.1448946346454,11,0,0,21,0.0,494,207.0,2.7271448946346455,416.14399245982946,283300.51208655135,740.2992086034801,500000.0,0.3720558231190796,18,1,3.662249598907491,12,E5,teleop,5.0,2,marketplace
5.018356826797837,7.915352917816455,7.76367763835164,13.063684119919404,11.665539776085893,14.912120846896187,,,,,26.18485491590621,34.68604421377586,4.622900836125149,7.139590844686973,9.497838588455753,7.915352917816455,1.0,1.0,6216.486291594783,506496.9548278934,506496.9548278934,522,1.0,0.0,0.0,0.0,25.36622483533375,27.67284168950482,34.686044213775155,25.992081745406836,5.018356826797837,434.14697580494817,1549.4393464240652,774.4996726944438,0.4998580128237375,863.8539243778417,0.05689739218819695,2481.064613494491,3,0,1,18,0.0,501,207.0,2.4810646134944907,413.5880040674197,278281.0720389584,752.7679230162225,500000.0,0.3500842463693495,25,8,23.316678741569213,13,E5,teleop,5.0,2,marketplace
17.644145176356297,53.80467711817926,25.682885400851887,45.392919117916655,16.59149253946183,24.516601750937298,15.470264190773179,19.218587782208488,,,27.323610237328673,36.22069148663032,7.340110223426564,12.134198397215464,18.799150386825506,53.80467711817926,0.7931034482758621,0.9032258064516129,58929.484502104126,566652.9292862886,566652.9292862886,576,1.0,0.0,0.0,0.0,25.862185476860912,27.67284168950482,36.612171563323955,25.892562697988453,17.644145176356297,468.6958730834214,1826.3479123682785,908.1789161990552,0.49726501180237515,1021.0470046804219,0.06562280988179924,2860.8157510386104,4,0,1,20,0.0,543,207.0,2.8608157510386105,370.35159425605156,219633.5075455525,955.5045498124324,500000.0,0.3563362950736167,74,9,22.824317288202515,14,E5,teleop,5.0,2,marketplace
26.05824555600182,71.22970710780801,28.460759043257788,82.68785954828854,11.996756477765137,13.317346803958117,32.65963618054353,48.95646101853709,20.112472759936054,25.999561397882236,29.138051522769093,39.47496627963374,14.264931067209048,22.84195461300279,24.57071062634961,71.22970710780801,0.7142857142857143,0.8378378378378378,64862.71277757866,573615.9384122626,573615.9384122626,603,1.0,0.0,0.0,0.0,27.967993622896785,27.67284168950482,41.00760670321581,28.909967258315753,26.05824555600182,520.5573745658165,1931.740162381146,944.5031215118227,0.4889390094512439,1063.8183029108043,0.0725925073560289,3166.555167536569,9,0,0,31,0.0,548,207.0,3.1665551675365693,366.38897403943486,213041.50489950486,986.5052129944141,500000.0,0.3413716765124361,82,9,25.174148741155516,15,E5,teleop,5.0,2,marketplace
21.59725646816995,87.4270557777174,42.9004079198995,94.66022528139365,71.72270147938525,105.302445647887,,,,,27.73561852749259,37.72552152756712,3.6577233302072423,4.180537510874456,52.507839106394755,87.4270557777174,0.7368421052631579,0.75,8440.199489225186,509188.49886297405,509188.49886297405,531,1.0,0.0,0.0,0.0,27.799813293012615,27.67284168950482,38.57212227818127,27.825758146990793,21.59725646816995,466.01519249756336,1540.4384329892835,768.8434522436814,0.49910690085270687,830.0072613169674,0.05815682319298703,2536.3591201962854,5,0,1,21,0.0,497,207.0,2.5363591201962854,411.5103926897294,278128.1271600801,753.3806855845077,500000.0,0.3532900110540275,36,7,18.876297312477938,16,E5,teleop,5.0,2,marketplace
9.361075203809314,20.7431097306975,10.569468994069869,18.15357290697448,11.263021717269055,14.400761437991788,,,,,27.059275757135676,34.68604421377586,7.414050066902033,10.277629769459054,10.858449295402863,20.7431097306975,0.8666666666666667,1.0,10188.61735102234,511539.3687118152,511539.3687118152,538,1.0,0.0,0.0,0.0,25.802806596479062,27.67284168950482,34.68604421377495,26.682182486687697,9.361075203809314,448.6715938505494,1613.439179103592,801.6791856688513,0.4968759876738923,885.8199804288186,0.06234079701675621,2725.129575668922,9,0,0,13,0.0,519,207.0,2.7251295756689218,409.98824802831797,274008.92527657404,765.3952489466554,500000.0,0.3590993315502007,26,5,11.070202199157364,17,E5,teleop,5.0,2,marketplace
15.726028760591282,34.296616053634175,19.730236686190075,43.46871993007289,19.39417998600317,46.499016375947754,89.13841900268744,139.3528465312379,29.904639748260706,38.900866389394835,27.604146996218436,35.745578284631385,14.752835887552237,32.39245233958964,33.001470344131384,34.296616053634175,0.8260869565217391,0.8333333333333334,68261.72443658626,577118.2182746406,576118.2182746406,575,0.9982672527597732,0.0,0.0,1000.0,26.981007983516935,27.67284168950482,39.896962919980275,29.468609579387138,15.726028760591282,551.9894601808281,1792.6884314180923,879.6718460000063,0.49069979511395,988.1992509959732,0.06586421435525183,2878.4972714218343,2,0,5,31,0.0,537,207.0,2.878497271421834,364.29762263024094,217302.6516804699,965.8349571363499,500000.0,0.3490290016765905,96,4,9.467739574218374,18,E5,teleop,5.0,2,marketplace
20.86218185930759,52.20624162539971,30.240379634385878,103.78061448943797,22.25813417692454,44.55840686798219,,,144.72954011932597,144.72954011932597,28.558040951240518,41.05710272376291,7.945238942229017,15.900605319212364,27.423116531752466,52.20624162539971,0.7428571428571429,0.8695652173913043,37728.11627304937,538786.9281851918,536786.9281851918,582,0.9962879574552103,0.0,0.0,2000.0,27.732696917841338,27.672841689504594,44.43802223281016,31.215695749818543,20.86218185930759,537.3719036919995,1835.1380697597845,910.4738343866949,0.4961336966356291,960.1478446147044,0.06825387273144996,2972.0947095367005,5,0,2,31,0.0,522,207.0,2.9720947095367003,391.16469437775913,246359.19698817487,852.3006133991225,500000.0,0.3615901260538153,94,13,34.34535240069569,19,E5,teleop,5.0,2,marketplace
5.2615359083869455,6.577629475842696,8.38803394627314,12.829081848846,8.23402249041907,15.27317613037087,,,,,26.679230263854784,36.8817991571809,8.603141311389344,18.352778437472807,8.339398749687644,6.577629475842696,1.0,1.0,13968.57625752051,515078.73700219905,515078.73700219905,554,1.0,0.0,0.0,0.0,24.76349300432857,27.672841689504367,34.80655060597774,26.10492128856377,5.2615359083869455,442.04495060767965,1777.5266376742723,883.9483281064992,0.497291185049729,965.0417704398691,0.0648699501321451,2833.0392402659018,6,0,1,13,102.4925070669722,537,207.0,2.8330392402659017,407.3805113010713,270608.3626634074,775.4122495514446,500000.0,0.3561796609056927,1,6,15.510583628248641,0,E5,teleop,5.0,4,marketplace
5.79209548509261,9.2676073395819,9.259826852438437,12.363859988020977,13.057832245609097,22.055093525235225,17.41605687246253,24.743696190720403,,,27.127438373793424,38.42100728075146,11.21843815468232,18.183988368307478,12.364020925718835,9.2676073395819,1.0,1.0,22776.714596747763,525519.2910413912,524519.2910413912,535,0.9980971202826477,0.0,0.0,1000.0,25.93476362774233,27.67284168950482,36.58785902374461,26.504513568475826,5.79209548509261,443.07099113342355,1649.633878373575,823.0765737685567,0.4989449989836856,937.368787147292,0.0642729834241063,2799.62945073577,5,0,4,22,0.0,504,207.0,2.79962945073577,399.9845821384288,258426.70869601442,811.8341579682526,500000.0,0.38641053207888304,0,6,23.935124922219565,1,E5,teleop,5.0,4,marketplace
26.75516642140699,66.82838282010381,28.791873335969484,71.50623419344966,23.14779059090203,50.57026412368259,8.907342069879746,9.770255513466896,,,26.503130112068863,36.14899281237611,10.870762631192706,13.749091000061526,24.18977589830797,66.82838282010381,0.5909090909090909,0.7894736842105263,29310.196036041838,532277.3226155266,516873.34282247716,548,0.9710602365748803,14403.979793049497,0.02706104352195697,1000.0,26.131916771002487,27.672841689504367,39.38707904246958,26.23681542503713,26.75516642140699,434.46456922204084,1638.4786591163286,805.6075410961364,0.49168021604298473,898.1699761442293,0.06535299723040991,2853.7079752607287,7,0,1,21,0.0,511,207.0,2.853707975260729,406.00605716928237,267086.9533872714,785.7130620340581,500000.0,0.3852346124480632,0,7,17.623061002482256,2,E5,teleop,5.0,4,marketplace
7.076105725389252,12.454658698489586,13.152546853264854,21.85535448029623,25.24651900942631,45.2418927899594,49.979860553359686,49.979860553359686,111.34289236466793,111.34289236466793,27.923960153223778,38.032411639859845,9.713859496884977,16.510691360878635,19.726173322502746,12.454658698489586,1.0,0.9574468085106383,28096.063942230638,531327.860284328,530327.860284328,561,0.998117922897051,0.0,0.0,1000.0,26.412783659899716,27.672841689504367,37.84369821611199,28.81324622152695,7.076105725389252,510.31239420158204,1837.3565117787737,903.7218580898683,0.4918598281260946,994.0874614268138,0.06691290303605753,2922.3683101608012,7,0,3,19,0.0,537,207.0,2.922368310160801,395.83507492443226,252582.0224579361,831.1057385135965,500000.0,0.34164775949327336,1,6,14.483935859111238,3,E5,teleop,5.0,4,marketplace
6.543542736213201,11.239151607865917,10.756446836050827,17.55359453289302,7.017386505751221,12.308641294651716,,,68.8808865127071,115.47780567009549,27.850458579862398,36.58119787384148,10.741578019966902,12.432096417905269,8.776944308245152,11.239151607865917,1.0,1.0,32491.15341102122,538255.453584505,538255.4535845051,550,1.0000000000000002,0.0,0.0,0.0,26.308406181287616,27.672841689504367,35.81485618190764,29.78008669838804,6.543542736213201,524.4415082699952,1695.796954122257,844.1793668660873,0.49780686585973605,919.8933825553934,0.06433806627103703,2802.04607935054,7,0,1,22,4046.004294015581,517,207.0,2.8020460793505397,389.78155201619705,252395.9131724516,831.2418511150834,500000.0,0.3587362819543425,0,6,22.61194123840397,4,E5,teleop,5.0,4,marketplace
13.537811376365877,14.938707620021525,29.809514912206843,87.92636666604173,23.2449588318731,61.43605892241439,41.245219148108845,72.63921814588502,,,27.572727407160418,39.65589845982495,8.02203885709394,16.18156872516238,29.908470399275995,14.938707620021525,0.9259259259259259,0.8070175438596491,43452.69323580841,547328.4080016714,546328.4080016714,572,0.998172943363837,0.0,0.0,1000.0,26.485871708088652,27.672841689504367,40.41145517776081,28.0077909099147,13.537811376365877,490.69114448102107,1796.6561653915508,888.2992350285505,0.4944180484499997,996.2139120303075,0.06750963728139533,2940.6582780467797,6,0,0,23,0.0,537,207.0,2.94065827804678,384.2755661305544,236901.98094848508,886.1920758851692,500000.0,0.3686761210159606,1,9,27.791831602725637,5,E5,teleop,5.0,4,marketplace
6.176695006945948,9.651508776647711,11.950229874784153,21.51452180576216,12.908278012925068,28.01207592614829,114.08983058339106,132.2979051190049,,,27.777421109689183,37.423742486154794,9.337801322093442,24.682044582407812,29.252927366509738,9.651508776647711,1.0,0.9230769230769231,31608.77227884693,533346.8920584851,533346.8920584851,565,1.0,0.0,0.0,0.0,26.345344582340754,27.67284168950482,37.08033347922139,30.23255179036024,6.176695006945948,529.3106888744184,1810.3384081427462,906.868407557749,0.5009386109683875,1000.061968076316,0.06840057564913186,2978.994742159245,6,0,2,22,0.0,530,207.0,2.978994742159245,393.7006062447133,251117.68854738347,836.177634306865,500000.0,0.39655780235390353,2,11,31.21216891960994,6,E5,teleop,5.0,4,marketplace
8.322625670680964,10.887262378953709,30.302896414088146,103.01272797355178,5.066173851613598,5.553119813433966,15.617465051308386,19.051470963778502,32.510824896592,32.510824896592,27.833182827203874,40.866931047381875,9.094529273152181,18.979486072594813,19.61533950626188,10.887262378953709,0.9459459459459459,0.9344262295081968,40773.60461111535,544565.4292464787,543565.4292464787,581,0.9981636733690867,0.0,0.0,1000.0,25.614225368502325,27.672841689504367,36.52995545536942,26.846716939409852,8.322625670680964,463.1680000089382,1871.2380733755156,926.9692902783861,0.49537752756720665,1013.5011012906242,0.07062278252889484,3077.6316786238776,6,1,1,19,0.0,549,207.0,3.0776316786238773,386.48085469645383,241794.61996913888,868.8267410806611,500000.0,0.3675583312852185,0,11,28.392056862420887,7,E5,teleop,5.0,4,marketplace
13.503151812649985,44.555217436390805,22.073359935400333,44.72490125990592,11.155154237673337,9.05375722254803,9.150671652166466,10.466795865417634,,,27.81627565722511,39.63426203425731,5.439734368213318,8.955646985638237,14.778488168577782,44.555217436390805,0.88,0.8958333333333334,38363.5914215517,540361.5398106,526845.8481339898,560,0.9749876875372228,13515.69167661024,0.02501231246277737,0.0,26.162319043258307,27.672841689504367,39.188952733275244,27.063115819008505,13.503151812649985,456.7830720282097,1750.5461707790353,869.2092416854915,0.4965360275522881,959.9597841691847,0.06742843683148876,2937.664225817788,7,0,2,18,0.0,532,207.0,2.937664225817788,398.4802480068619,257320.9870710338,815.8590817462714,500000.0,0.4024573390412975,0,12,33.53996751937759,8,E5,teleop,5.0,4,marketplace
14.500833230220577,33.71976591459877,19.59578518998263,41.42060706528109,13.38510787415646,31.849213019187513,108.44479894914912,108.44479894914912,47.13027440214455,57.2898907896596,27.985789293589413,42.57655702472962,10.577048565234897,26.97584432736143,19.062222912640664,33.71976591459877,0.8157894736842105,0.9629629629629629,47374.080402398526,549779.8663554897,548779.8663554897,604,0.9981810901759116,0.0,0.0,1000.0,25.931410136974343,27.672841689504594,41.40105954880362,28.507756578909483,14.500833230220577,500.0934777137727,1969.5302429315593,966.7774003401778,0.49086699928058586,1114.2697489157838,0.07709863920552486,3367.9602302792778,10,0,2,28,0.0,555,207.0,3.3679602302792775,383.33760607392014,237493.6501938094,885.7835148796867,500000.0,0.4014892824178011,2,6,16.792238772033354,9,E5,teleop,5.0,4,marketplace
9.380610122832113,9.78713714720018,11.740347327769342,18.887506484102506,10.085589519982477,16.75786847426793,,,,,26.505377971585652,34.698137112710086,5.642812927469095,6.977447779952012,10.91296842387591,9.78713714720018,0.9285714285714286,0.9666666666666667,13819.243346008723,516514.44304295897,516514.44304295897,540,1.0,0.0,0.0,0.0,25.213061391794778,27.672841689504367,34.499006525017286,25.9642221656428,9.380610122832113,440.1033265352788,1662.435109616546,825.5066027696174,0.4965647067932938,892.4220948846379,0.061418374256185654,2674.5964760736747,6,0,2,16,0.0,522,207.0,2.674596476073675,405.94140067180047,266986.8261841575,785.3368627688319,500000.0,0.35378077281764986,0,9,25.511947523592557,10,E5,teleop,5.0,4,marketplace
18.918226728432625,69.72659158921215,29.660972039327362,68.20521819578272,12.18445830590565,16.389512283278858,,,165.42656124777477,165.42656124777477,27.242461470006717,35.61225529993637,8.317195587219626,14.951851543029996,17.17774794402614,69.72659158921215,0.8095238095238095,0.8285714285714286,26006.043708159235,531772.2574830158,531772.2574830158,543,1.0,0.0,0.0,0.0,26.67154493163006,27.67284168950482,36.570150432073206,29.516603305894535,18.918226728432625,527.6199625085569,1679.20106673718,835.2795691931096,0.4974267738026892,931.190339270612,0.06195515823770992,2699.3376207804367,5,0,1,19,0.0,522,207.0,2.6993376207804367,394.3404994712008,251190.67163474637,834.8213580387331,500000.0,0.36164075685016295,4,6,23.45656672306233,11,E5,teleop,5.0,4,marketplace
13.662585992901572,31.707205776322212,19.24471832017188,38.81206115786074,11.868790648457434,11.868790648457434,,,,,29.145431472717608,41.17247863520043,5.131685073522736,7.234082168780334,18.191014367069815,31.707205776322212,0.8571428571428571,0.8571428571428571,3605.0987133016765,503977.3460501888,503977.3460501888,521,1.0,0.0,0.0,0.0,28.46758682225194,27.67284168950482,41.14319357091426,29.003801782995918,13.662585992901572,474.6931366547188,1496.4869542504075,741.139379273325,0.4952528167173784,838.2806342236175,0.06292745787545692,2753.839017385789,11,0,0,22,0.0,494,207.0,2.7538390173857885,416.19695936987085,283336.5706456325,740.2992086034801,500000.0,0.3811903366466763,0,2,5.908785513585686,12,E5,teleop,5.0,4,marketplace
5.661755690958027,8.643431616689114,6.701282693168418,9.113258441356962,11.665539776085893,14.912120846896187,,,,,26.03691279989083,34.68604421377586,4.4706483487541675,6.836437652676796,8.907619174465074,8.643431616689114,1.0,1.0,6216.486291594783,506496.9548278934,506496.9548278934,522,1.0,0.0,0.0,0.0,25.22274379269547,27.67284168950482,34.686044213775155,25.847537573028802,5.661755690958027,429.81005235277775,1568.0909562110348,791.45628985606,0.5047260088588543,884.9180857516352,0.05775675998361436,2517.495668028211,3,0,1,17,0.0,502,207.0,2.5174956680282112,413.6599315571834,278329.46816931915,752.7679230162225,500000.0,0.36447506343576325,0,9,25.9522805713393,13,E5,teleop,5.0,4,marketplace
15.27792121273178,52.56575130952373,17.985128756753106,32.79025914811232,13.120757969740435,20.40765734661727,14.389495307336006,19.218587782208488,,,26.62461002671383,35.24599472684195,6.633290478102497,12.465808922465296,14.754977235918574,52.56575130952373,0.8275862068965517,0.9193548387096774,58929.484502104126,566652.9292862886,566652.9292862886,576,1.0,0.0,0.0,0.0,24.887404590286263,27.672841689504367,34.68604421377586,25.108041789585318,15.27792121273178,450.4511665673514,1868.4290356526083,930.8899071881629,0.49822063852857007,1055.2172403595591,0.0658409120483833,2870.3686259349925,2,0,3,20,0.0,547,207.0,2.8703686259349923,370.36845267926384,219643.50527387127,955.5045498124324,500000.0,0.36963679952209505,3,9,22.824317288202515,14,E5,teleop,5.0,4,marketplace
23.10306313215991,71.22970710780801,25.488749431458388,82.68785954828854,9.880740379182829,8.762380434995976,15.417484912993197,20.81222114532975,17.27139141687576,20.885614980373703,28.63288616804174,38.90032008892158,14.765496647000157,23.65166351226981,19.278827605707427,71.22970710780801,0.7714285714285715,0.8648648648648649,64862.71277757866,573615.9384122626,573615.9384122626,603,1.0,0.0,0.0,0.0,27.048318014215276,27.67284168950482,39.738186326279006,27.106686998836018,23.10306313215991,489.9094900709368,2034.3533233452576,999.0418299357099,0.4910857020121272,1117.2179293185263,0.07396391245909491,3225.300282608757,8,0,2,23,0.0,561,207.0,3.2253002826087567,366.49138596898274,213101.0536117655,986.5052129944141,500000.0,0.36109909362242965,6,10,28.1062864856038,15,E5,teleop,5.0,4,marketplace
18.64689701597597,86.08448167610804,39.38184425945029,92.28826493607994,60.508548052289974,89.6130727886648,,,,,27.739763092116327,39.04069092500242,5.743145975606315,8.117150908666554,46.42407885706351,86.08448167610804,0.8421052631578947,0.75,8440.199489225186,509188.49886297405,509188.49886297405,531,1.0,0.0,0.0,0.0,27.606814947273246,27.67284168950482,41.27994041884267,27.698689149631463,18.64689701597597,459.38098731826705,1527.881959709139,760.9945110831084,0.49807153376428237,861.6030946336546,0.05930772108632119,2588.3112809000772,4,0,1,21,0.0,495,207.0,2.5883112809000774,411.6124220183961,278197.0858707265,753.3806855845077,500000.0,0.3759358643516621,0,6,14.824981798478554,16,E5,teleop,5.0,4,marketplace
8.698527170306106,13.56882020542107,10.475933163354844,21.37212409432269,14.203867405120889,23.27277076175633,,,,,26.970437853182727,34.68604421377586,8.542506835980982,14.32598827598406,12.02923909742403,13.56882020542107,1.0,1.0,10188.61735102234,511539.3687118152,511539.3687118152,538,1.0,0.0,0.0,0.0,25.750957766748762,27.67284168950482,34.68604421377586,26.647068110757406,8.698527170306106,443.0642642674523,1625.0179605052351,808.375829326046,0.49745655061850114,916.5316668030846,0.06580923252159487,2875.036770367933,9,1,0,13,0.0,521,207.0,2.875036770367933,410.2812991674249,274204.78120186925,765.3952489466554,500000.0,0.3591279146057631,0,6,14.569974423831242,17,E5,teleop,5.0,4,marketplace
9.16742342070353,18.731324409304037,12.054830070489334,25.74414770678668,12.45048729557475,22.48917460371158,33.251315077333096,44.75315308776908,17.530065688258674,19.252538635499786,26.824573784362272,35.20530459036108,13.093824756184768,33.639284705205775,16.34882260008107,18.731324409304037,0.9565217391304348,1.0,68261.72443658626,577118.2182746406,576118.2182746406,575,0.9982672527597732,0.0,0.0,1000.0,25.043588146392487,27.672841689504367,34.68604421377586,26.06789809157373,9.16742342070353,467.30254601685846,1822.5726063111597,900.8173316606972,0.4942559372073129,1029.3519625941,0.06673814466369465,2916.7754189316297,2,0,5,29,56.10770373854109,538,207.0,2.9167754189316297,364.364064110992,217342.28386320153,965.8349571363499,500000.0,0.3694705423308589,8,4,9.467739574218374,18,E5,teleop,5.0,4,marketplace
17.082513824811052,52.20624162539971,24.631738211142647,99.7750706945403,20.50399203173231,44.55840686798219,,,131.74561613888,131.74561613888,28.13619626154779,40.99845139830359,8.422057695242652,14.56738872877614,23.174886618409587,52.20624162539971,0.8,0.8695652173913043,37728.11627304937,538786.9281851918,536786.9281851918,582,0.9962879574552103,0.0,0.0,2000.0,26.885419744016133,27.672841689504367,41.983947440126826,30.425932971480073,17.082513824811052,521.758396437489,1901.9585125178583,941.085976561728,0.4947983725028238,1022.6771335852585,0.0699889018082696,3048.8554979419405,5,0,2,23,0.0,537,207.0,3.0488554979419407,391.30769485779086,246449.26003306592,852.3006133991225,500000.0,0.38030029542642313,6,13,33.31870463155829,19,E5,teleop,5.0,4,marketplace
19.08391717192653,38.27252062754292,37.36705836130463,70.69165161153565,46.90753012889036,91.4776776321371,,,,,32.96706890850909,46.638380804564896,17.354100775535095,45.27997837957082,40.3798389194896,38.27252062754292,0.7916666666666666,0.8604651162790697,13968.57625752051,515078.73700219905,515078.73700219905,554,1.0,0.0,0.0,0.0,32.30985652415519,29.053005358094197,46.63838080456571,33.01806476774672,19.08391717192653,549.148549553936,1657.38153801628,827.2639765290585,0.4991391285311472,859.1384279846692,0.0783490164527329,3414.217403432717,5,0,0,24,0.0,509,207.0,3.4142174034327173,408.5088400815396,271357.8712809241,775.4122495514446,500000.0,0.35132607435185365,341,7,26.019183462664145,0,E5,teleop,8.0,1,marketplace
28.64422617208413,62.82655247237785,32.05246252973881,60.84056179798927,66.7233981678744,98.90141962609087,75.93633447516822,82.67663973253438,,,33.545633554979275,48.175789129954865,16.27161824928151,32.19945333881869,53.838626388807825,62.82655247237785,0.4666666666666667,0.6206896551724138,22776.714596747763,525519.2910413912,524519.2910413912,535,0.9980971202826477,0.0,0.0,1000.0,33.71322735271813,29.053005358094197,52.230953779697494,34.95835213466512,28.64422617208413,582.9307367330823,1572.9128519557257,782.8541292106039,0.49770979252742453,884.257321819089,0.07946709305575689,3462.1025958803075,5,0,0,29,0.0,494,207.0,3.462102595880307,401.24759220585497,259242.7289861713,811.8341579682526,500000.0,0.33396816781394617,303,5,18.85716163908278,1,E5,teleop,8.0,1,marketplace
60.77266675216572,107.97367107956062,60.45007339520055,97.37211026783302,46.62101682650374,88.27532082469634,132.74401119807033,138.80276384477708,,,33.78956027810625,50.67155202666945,13.07065077523126,17.604180912761876,64.30091940729797,107.97367107956062,0.36363636363636365,0.34210526315789475,29310.196036041838,532277.3226155266,516873.34282247716,548,0.9710602365748803,14403.979793049497,0.02706104352195697,1000.0,35.34777575979375,29.053005358094197,57.28386379063986,34.94183795745381,60.77266675216572,576.206202540094,1613.294381905342,797.2782359043598,0.4941926562483617,836.2136959851033,0.08153539785025007,3558.0033775919824,9,0,0,27,79.10502845002092,502,207.0,3.5580033775919824,407.368664492936,267983.3307499029,785.7130620340581,500000.0,0.31732980720896925,354,7,18.487231397386044,2,E5,teleop,8.0,1,marketplace
83.79721314265741,184.7318017161617,61.84355400451143,90.77416288488548,139.46978947545205,351.03694136724835,347.74817863824865,347.74817863824865,255.60073939415543,255.60073939415543,38.466414002836366,62.35600453938596,18.32032663856356,49.517796700850376,106.10051147714239,184.7318017161617,0.2608695652173913,0.3617021276595745,28096.063942230638,531327.860284328,530327.860284328,561,0.998117922897051,0.0,0.0,1000.0,43.102627589094354,29.053005358094197,77.16978872697655,46.97618343166444,83.79721314265741,851.5497630807199,1676.6337117153896,830.7275531081717,0.4954734879201741,874.9439411786263,0.08535264345964784,3718.4267768224363,9,1,0,27,0.0,509,207.0,3.718426776822436,397.3361434638728,253539.85300797585,831.1057385135964,500000.0,0.32791133365040315,355,6,20.94122017952736,3,E5,teleop,8.0,1,marketplace
26.496113565225794,49.3790426204718,27.473739785419298,53.18097493807754,82.42194236507561,188.32527821407584,,,16.16441865645902,16.16441865645902,44.023073595288395,76.9355744315356,10.911188904244398,18.112547133373734,56.56396468053146,49.3790426204718,0.7777777777777778,0.7428571428571429,32491.15341102122,534209.4492904894,519325.49254426855,546,0.972138349918765,0.0,0.0,14883.956746220842,43.056972124000204,30.24163112694214,76.53674144473842,44.14322683937584,26.496113565225794,4416.273525909187,1625.6156670428393,801.0218229675675,0.4927498173198022,826.3610993447838,0.0783316769737675,3413.2318700351325,8,0,0,24,710.4594442139129,510,207.0,3.4132318700351325,405.16638387840936,265826.5681321261,791.543273302357,500000.0,0.3966901195056982,387,6,18.99892832041625,4,E5,teleop,8.0,1,marketplace
33.96019485908073,74.0789885044442,59.514513854479894,118.12786132561916,74.1519471796972,123.40019565775594,141.76309552882836,185.6385927074325,,,35.018724507304746,50.93292864061814,11.518241728254054,22.455239105668852,80.8433746310887,74.0789885044442,0.5555555555555556,0.5614035087719298,43452.69323580841,547328.4080016714,546328.4080016714,572,0.998172943363837,0.0,0.0,1000.0,36.71479352609261,29.053005358094197,57.486172379996184,40.12182063701463,33.96019485908073,722.4087881451228,1747.1715358308784,862.1856282511767,0.49347508848989974,912.6644261480351,0.08486580658388747,3696.8168031346922,9,0,0,36,0.0,527,207.0,3.696816803134692,385.6596393619899,237755.2480286862,886.1920758851691,500000.0,0.32305055763570795,391,8,25.841831602725637,5,E5,teleop,8.0,1,marketplace
53.273537674145544,176.9959663156224,56.002390537313445,83.69381267312028,131.420803515044,267.4780844894973,412.6975374723046,554.5540528957598,,,36.07396271350466,53.4708656811981,21.930009705178175,36.86605743907821,137.44861881165005,176.9959663156224,0.39285714285714285,0.5,31608.77227884693,533346.8920584851,533346.8920584851,565,1.0,0.0,0.0,0.0,40.90707502526606,29.053005358094197,62.828698223844924,51.24167479989795,53.273537674145544,950.2405731324047,1693.3176290124636,840.8400218442048,0.49656367325165063,888.0369559322285,0.0847714689766757,3687.4881924556207,9,0,0,36,335.37710921563877,517,207.0,3.6874881924556204,395.02899769284176,251964.98871570692,836.1776343068645,500000.0,0.3322012198292028,456,8,29.687924497265332,6,E5,teleop,8.0,1,marketplace
49.53707665548597,136.1288252689943,70.2048516527798,163.0649159234963,68.05050966028585,127.56572218206476,482.04815297935187,512.4800210098169,,,37.904343697146146,63.99536323501015,24.250022109324497,67.36310187030189,103.71724851614225,136.1288252689943,0.4594594594594595,0.5409836065573771,40773.60461111535,544565.4292464787,532094.6781879223,580,0.9770996277236836,0.0,0.0,12470.75105855638,40.8988857719014,29.904730038758544,69.66381249407186,47.56210725128255,49.53707665548597,4981.121967698356,1773.2491641197237,869.6622552391892,0.4904343240849105,890.4015619041123,0.08541640736411754,3725.598091866214,7,1,0,33,87.1563008517491,522,207.0,3.725598091866214,396.03026816487585,251284.2870526511,838.5944086018927,500000.0,0.3255934211113871,560,9,22.046185458018726,7,E5,teleop,8.0,1,marketplace
42.43130313197451,108.60905860824302,52.59686934205112,100.53587785978087,45.97550530764288,64.4285525818716,87.22905239633417,120.49847191788419,,,36.433576903160436,54.56262248769446,20.09768552474631,43.27971023629754,51.86585341427976,108.60905860824302,0.48,0.6458333333333334,38363.5914215517,540361.5398106,526845.8481339898,560,0.9749876875372228,13515.69167661024,0.02501231246277737,0.0,36.98510336554459,29.053005358094197,60.0476561574863,37.46982405676489,42.43130313197451,633.3516084014265,1665.0248934812328,816.9310517943932,0.4906419447497595,869.6088412581802,0.08189949248773089,3576.4166157097234,7,0,0,27,0.0,514,207.0,3.5764166157097232,399.69265651715824,258103.90706810576,815.8590817462714,500000.0,0.32940595120264266,399,5,18.06273205558384,8,E5,teleop,8.0,1,marketplace
37.73459231752141,78.91041420657098,42.58726856589466,102.98933089897311,56.386607351777634,133.16114677826582,532.6473235402955,532.6473235402955,275.50840399311573,389.2023611119698,40.04778841358526,68.76183909977117,26.16674156626613,30.94788322439672,59.76048142915732,78.91041420657098,0.5263157894736842,0.6419753086419753,47374.080402398526,549736.351411949,548736.3514119489,603,0.9981809461982426,0.0,0.0,1000.0,41.60527364639543,29.053005358094197,74.69737575147008,51.20174672015156,37.73459231752141,960.2907136341113,1878.4500904939173,909.5960427043204,0.4842268885968391,987.0054745883406,0.09614473510377024,4192.394473004676,10,2,0,31,380.5111749001703,539,207.0,4.192394473004676,384.87042808370046,238448.80300437167,885.6928271899637,500000.0,0.3161600908420323,485,10,27.42068465583371,9,E5,teleop,8.0,1,marketplace
31.236255423100488,85.6967791344987,24.428516195972747,41.63454550894496,50.80304830264595,114.15204465192673,,,,,33.41248184611414,47.13251189523523,9.7879798566232,20.860343474622525,37.61578224930935,85.6967791344987,0.6428571428571429,0.8,13819.243346008723,516514.44304295897,516514.44304295897,540,1.0,0.0,0.0,0.0,33.04311261765863,29.053005358094197,47.13775303703962,33.56219472408063,31.236255423100488,561.5859070575285,1619.0249151389767,809.3182571767877,0.49988005101658123,843.1619852236989,0.07802969047737651,3393.912700611496,7,0,0,22,0.0,511,207.0,3.3939127006114957,407.33403592958746,267902.75953535887,785.3368627688319,500000.0,0.370358385915542,349,8,28.817262666667848,10,E5,teleop,8.0,1,marketplace
43.359093452754415,65.42449242331986,62.9372520274369,100.12488884557733,47.71277099602685,88.2982297563776,,,48.23818729203322,48.23818729203322,35.104057100861496,50.720006477092966,10.957869527474259,13.464804792810355,52.062622719286864,65.42449242331986,0.3333333333333333,0.5142857142857142,26006.043708159235,531772.2574830158,531772.2574830159,543,1.0000000000000002,0.0,0.0,0.0,35.57346133516198,29.053005358094197,53.959997751801716,36.39852607900652,43.359093452754415,630.1094872968566,1603.6209463788093,791.5615885300818,0.49360891070769175,882.056356232429,0.07991636691226557,3493.3072477717724,9,0,0,23,0.0,511,207.0,3.4933072477717726,395.8335627437177,252141.73693673706,834.8213580387329,500000.0,0.3539922271585117,370,1,6.031416521524,11,E5,teleop,8.0,1,marketplace
45.55067526679717,102.86793237370458,48.73072107860188,87.62045560408762,112.11754669086622,112.11754669086622,,,,,35.72115147587756,55.143840782114694,8.188687992364196,10.933936593194632,57.78598188035393,102.86793237370458,0.42857142857142855,0.5714285714285714,3605.0987133016765,503977.3460501888,503977.3460501888,521,1.0,0.0,0.0,0.0,35.77975653342684,29.053005358094197,56.344991329890036,36.04754853912062,45.55067526679717,589.1743494389809,1477.1631504976194,730.9259341076057,0.4948173354184844,770.7986431761517,0.07846921764863288,3435.888032292943,12,1,0,23,0.0,491,207.0,3.435888032292943,417.5502920548667,284257.88598270254,740.2992086034801,500000.0,0.37329381656089594,244,1,2.2465359146781956,12,E5,teleop,8.0,1,marketplace
24.72786290605388,41.91121450937971,21.445856267202153,34.77870071499356,38.31944536792912,59.96495524688326,,,,,32.90873498788105,45.4736782678648,5.994389641309851,6.525902161592842,28.945229200858584,41.91121450937971,0.5,0.8823529411764706,6216.486291594783,506400.09144940105,506400.09144940105,521,1.0,0.0,0.0,0.0,32.508013471328056,29.053005358094197,45.49572506886034,32.90413436401485,24.72786290605388,545.8823907510185,1549.7586261647682,775.3692575333457,0.5003161424254654,834.2813874945616,0.07626573783688106,3325.9150026635853,7,1,0,16,0.0,504,207.0,3.3259150026635855,415.33546015103576,279464.3498817894,752.6037403040112,500000.0,0.39236161702635686,301,5,18.464642004645548,13,E5,teleop,8.0,1,marketplace
50.359195941923176,142.4757414289474,67.5645535091379,147.9713061013285,108.96040795106565,156.26979051414094,94.81659193840295,208.60356043971782,,,36.38513801808396,53.62822199531373,26.231304231144886,44.631407561821085,94.24182558504592,142.4757414289474,0.4827586206896552,0.45161290322580644,58929.484502104126,566652.9292862886,566652.9292862886,576,1.0,0.0,0.0,0.0,40.15660450503523,29.053005358094197,69.4212000888349,42.649924291645625,50.359195941923176,794.1275396984813,1774.026046428075,875.9036647258706,0.49373777036107497,954.4853871087167,0.08627163868891413,3769.702694068341,6,1,0,28,0.0,534,207.0,3.769702694068341,371.9555512746352,220584.7190737531,955.5045498124324,500000.0,0.32759200053886434,434,5,12.96751179889225,14,E5,teleop,8.0,1,marketplace
68.21738959673156,172.6448769327448,85.2899789615196,196.925554465176,122.01121540088008,185.1594324093503,389.4862547735461,489.7106731499913,220.93722028339107,383.8969768938303,38.970363100561855,67.27452444565598,21.45215556753938,33.555662772458724,150.24658233375422,172.6448769327448,0.2571428571428571,0.43243243243243246,64862.71277757866,573615.9384122626,573615.9384122626,603,1.0,0.0,0.0,0.0,47.68406225219451,29.053005358094197,86.8796875650741,60.04924065234811,68.21738959673156,1219.119967318478,1901.3119549004177,922.6464366788625,0.48526830870696686,1017.3481257469726,0.09522267748452655,4158.510663291277,13,0,0,33,300.2855336065004,543,207.0,4.158510663291277,368.11827657328774,214047.0297387946,986.5052129944141,500000.0,0.3178522392535566,466,6,14.365968509566743,15,E5,teleop,8.0,1,marketplace
37.689317008711335,116.77309573928613,61.90541964847506,129.12336102989684,108.54862892718604,150.32202421721013,,,,,34.477419010452344,51.867090740485764,4.984053392214264,5.496240674689943,77.45315607471206,116.77309573928613,0.6842105263157895,0.6428571428571429,8440.199489225186,509188.49886297405,508188.49886297405,530,0.9980360907557162,0.0,0.0,1000.0,35.15539561175526,29.053005358094197,53.496626365330854,34.92476396219588,37.689317008711335,579.1865729450935,1509.748880888418,751.3817256086802,0.4976865590829427,808.7489666613037,0.07519896685898843,3284.727643642167,7,0,0,24,0.0,495,207.0,3.2847276436421673,413.7927720012068,279430.2151642681,752.5482794336414,500000.0,0.3571847343531152,302,5,12.026902594474851,16,E5,teleop,8.0,1,marketplace
23.92182028466154,45.54704337016119,40.877851959724914,57.37732915275008,44.622939244910434,69.38890633470115,,,,,33.19171647245091,44.11022567721448,12.222935829024117,24.960488820350292,42.43830499521888,45.54704337016119,0.6,0.8518518518518519,10188.61735102234,511539.3687118152,511539.3687118152,538,1.0,0.0,0.0,0.0,32.710776012188234,29.053005358094197,45.20172795523936,33.282019600868004,23.92182028466154,551.2823227211808,1584.4487688771696,781.4935716371309,0.49322741573458484,844.109693043591,0.07892614662153204,3444.2145526356867,9,0,0,17,0.0,513,207.0,3.4442145526356867,411.3939755655311,274948.4202341877,765.3952489466554,500000.0,0.33270050349062236,327,6,19.368658765844636,17,E5,teleop,8.0,1,marketplace
68.19972370371832,132.60301053714448,36.93365807541886,65.46115950324264,196.8256847840941,449.18412672345795,348.77655521846145,454.9102029159844,117.97961091848538,117.97961091848538,36.84019371836637,55.31093707359996,18.162689700787602,31.324972145038736,174.6574575427861,132.60301053714448,0.5652173913043478,0.5,68261.72443658626,572191.6285267603,560368.4124093493,573,0.9793369641778008,0.0,0.0,11823.216117411037,45.07731624731267,29.053005358094197,65.85989070480102,60.49460734968414,68.19972370371832,2489.0027516902405,1737.3729205481748,849.1692903259276,0.4887662748064464,921.6671465022793,0.08191778566031022,3570.701659606643,3,0,0,29,0.0,531,207.0,3.570701659606643,375.7718975526134,227810.30578531345,924.3247399792647,500000.0,0.33338611728099615,436,4,14.898376125497094,18,E5,teleop,8.0,1,marketplace
54.03582730517914,110.04024156179788,70.97739711210262,152.5648295977817,63.753674285545046,125.73612123748353,,,,,38.49452077593266,57.40977455327775,23.746769972773514,58.92285287157285,68.56948950325008,110.04024156179788,0.22857142857142856,0.4264705882352941,37728.11627304937,538786.9281851918,518604.77921157476,575,0.9625415021823246,0.0,0.0,20182.148973617026,40.807479359029834,29.053005358094197,70.77268831787644,39.74429220889527,54.03582730517914,905.7841114335807,1720.7881155246232,844.375313318135,0.49069104191291274,866.7031959453279,0.08191868167366306,3566.7636996295105,5,0,0,32,340.13495704813533,516,207.0,3.5667636996295102,406.0254979133634,263670.57396841643,798.5978887611936,500000.0,0.30881999423939394,476,11,30.8789283404767,19,E5,teleop,8.0,1,marketplace
10.603120601857505,17.59308640598483,16.60111215325463,33.43331924888682,16.67497592585126,32.91271254997889,,,,,29.405225214868192,41.45489673714094,10.883150245664115,23.971236655683242,16.624437555127248,17.59308640598483,0.9166666666666666,1.0,13968.57625752051,515078.73700219905,515078.73700219905,554,1.0,0.0,0.0,0.0,27.784596512867147,28.855352921826125,40.07442328123852,28.951335284776697,10.603120601857505,460.48695321305127,1708.2906751264031,850.843881602866,0.4980673921549731,916.0666662312235,0.08241598358397151,3596.39935557856,6,0,0,21,0.0,523,207.0,3.59639935557856,408.86253736907696,271592.8197902509,775.4122495514446,500000.0,0.3533714958816918,64,7,20.29201099670723,0,E5,teleop,8.0,2,marketplace
9.617891602177197,18.05520662375893,13.815662506936812,18.18385741224006,23.8143015447401,42.39729363362203,47.311719590046174,75.66061663599103,,,29.69539308464354,42.52343915331721,11.525918539380427,18.234503771711758,24.564331538247135,18.05520662375893,1.0,0.9655172413793104,22776.714596747763,525519.2910413912,524519.2910413912,535,0.9980971202826477,0.0,0.0,1000.0,28.760470270244685,28.855352921826125,41.93110794698055,30.059949581355713,9.617891602177197,475.411111355071,1625.937210314893,809.6945966880102,0.4979863868981741,918.3094438103934,0.08269364464659275,3601.7344893071277,6,0,3,24,0.0,501,207.0,3.6017344893071277,401.51380146795776,259414.7245742558,811.8341579682526,500000.0,0.3763946997632009,34,6,23.935124922219565,1,E5,teleop,8.0,2,marketplace
31.45395847148511,73.84806536351326,36.24977829930825,53.53853105992393,26.110723545890323,56.99838786636883,34.10449500159268,41.25322054789497,,,29.423383463288953,44.47191588508812,10.940813013005068,22.02124347698191,32.17947235456208,73.84806536351326,0.5,0.7894736842105263,29310.196036041838,532277.3226155266,516873.34282247716,548,0.9710602365748803,14403.979793049497,0.02706104352195697,1000.0,29.2143721448356,28.855352921826125,46.65259069433434,29.388411142324657,31.45395847148511,455.1652305676311,1631.894179034097,802.546927235642,0.4917885838104172,869.1550525886531,0.08439014957952437,3687.2397042182447,10,0,2,25,0.0,507,207.0,3.6872397042182445,407.6186993001492,268147.8136035947,785.7130620340581,500000.0,0.3641364045759426,51,6,14.987459172712168,2,E5,teleop,8.0,2,marketplace
20.811160440626182,63.620856105449676,62.43474302108609,163.9869258350207,43.37321100541931,69.0602548510107,213.20819659913468,213.20819659913468,118.25733672669048,118.25733672669048,31.31809610705941,46.7530020060901,12.36575983101862,27.16854392243513,60.77466524697695,63.620856105449676,0.8695652173913043,0.723404255319149,28096.063942230638,531327.860284328,530327.860284328,561,0.998117922897051,0.0,0.0,1000.0,31.82951263430561,28.855352921826125,51.867090740485764,34.00609186165302,20.811160440626182,573.1927919624693,1755.3540867872102,864.4312933659039,0.492454086541625,943.4237519607565,0.08630686380111946,3769.86129589006,9,0,3,25,0.0,522,207.0,3.7698612958900597,397.43312973014224,253601.73986145802,831.1057385135965,500000.0,0.33471907856691246,55,5,13.264047713570445,3,E5,teleop,8.0,2,marketplace
9.943317188919561,14.900323003575888,17.747496629248076,25.55532041916731,15.020807206750634,27.568397910897335,,,13.703022366048344,13.703022366048344,38.6891957077149,69.7182616023361,8.580837608545133,15.246649086372692,16.30395517027884,14.900323003575888,0.9444444444444444,0.9714285714285714,32491.15341102122,534209.4492904894,519325.49254426855,546,0.972138349918765,0.0,0.0,14883.956746220842,36.33706865092657,29.053005358094197,68.50790190229895,37.65580214210414,9.943317188919561,4242.444943703387,1583.7645344608538,782.3880451744191,0.49400528181467335,845.8619332093067,0.08257398041818549,3593.7978206175076,8,0,0,26,416.11922992464497,495,207.0,3.5937978206175076,405.5140770942724,266054.6869939403,791.5432733023569,500000.0,0.43199496527259457,155,5,22.345506331250387,4,E5,teleop,8.0,2,marketplace
29.408755376116343,59.13668924727925,39.60919237120924,87.28364751799256,32.212644447306744,83.88412156771292,95.53901943458307,122.62977812919917,,,30.56781003745934,45.93283952533234,10.598067464289826,16.65831914673481,48.32964180924984,59.13668924727925,0.6666666666666666,0.7368421052631579,43452.69323580841,547328.4080016714,546328.4080016714,572,0.998172943363837,0.0,0.0,1000.0,30.8860698208977,28.855352921826125,48.97291307070981,33.157109208536845,29.408755376116343,560.63570881067,1763.263677481674,869.7684287711204,0.4932719024833199,952.0035313010126,0.08850029078806786,3854.9242178613185,10,0,0,30,0.0,530,207.0,3.8549242178613183,385.9490393133945,237933.66015742105,886.1920758851692,500000.0,0.34808282695830056,71,9,29.596611202046827,5,E5,teleop,8.0,2,marketplace
12.291589917261584,18.402157731398415,19.65623664528649,26.794135496723175,26.674237346106697,52.317897576595776,102.11485826031287,137.76473641796494,,,30.455690437622724,44.49332674032476,12.646328816571117,36.388548357068494,35.44625711886345,18.402157731398415,0.9285714285714286,0.9038461538461539,31608.77227884693,533346.8920584851,533346.8920584851,565,1.0,0.0,0.0,0.0,29.357738375155456,28.855352921826125,44.42610579425364,32.655652809624485,12.291589917261584,537.9192727061126,1761.0175172597121,882.6436781622012,0.5012123215762596,964.2912618217659,0.08574323020246231,3735.66828719328,7,0,1,27,0.0,524,207.0,3.73566828719328,395.1193330739137,252022.60816492533,836.177634306865,500000.0,0.3714025801794443,72,10,27.56123463197199,6,E5,teleop,8.0,2,marketplace
13.914775102690129,18.98263278269053,35.90805528142442,109.85167620584653,10.122668463829594,17.3524313932513,66.40300573059902,104.11061557525227,47.12389201241689,47.12389201241689,30.930489143754116,47.08977251420574,15.574831550605964,35.291153368976495,28.779781095590916,18.98263278269053,0.9459459459459459,0.9180327868852459,40773.60461111535,544565.4292464787,543565.4292464787,581,0.9981636733690867,0.0,0.0,1000.0,29.257308142601648,28.855352921826125,46.638380804564804,31.30001517889797,13.914775102690129,523.5442796740288,1831.311649810291,909.5652495996192,0.49667420053481487,952.9559712528769,0.08798041320101326,3826.957349070123,9,0,1,25,10.0,538,207.0,3.826957349070123,387.8593928266012,242657.0769297916,868.8267410806611,500000.0,0.3296017020959776,91,10,32.899341182837006,7,E5,teleop,8.0,2,marketplace
17.932505735773194,56.38365353065534,24.395622768634894,45.641922509937274,17.2440898731133,22.52204473634575,23.287226369180416,30.496474383394478,,,30.587618637674655,44.080552028323225,8.453135577264257,15.319910898324999,20.257069705996212,56.38365353065534,0.84,0.8958333333333334,38363.5914215517,540361.5398106,526845.8481339898,560,0.9749876875372228,13515.69167661024,0.02501231246277737,0.0,29.124057486422753,28.855352921826125,43.88140071384969,30.08189516410277,17.932505735773194,488.51757612915617,1735.0621801141363,862.9650794693036,0.49736838792286736,933.0411476635045,0.08482201287193492,3698.738279443838,8,0,1,18,0.0,530,207.0,3.6987382794438384,399.92483384980187,258253.83695976337,815.8590817462714,500000.0,0.3857823291525591,74,10,27.631182005791906,8,E5,teleop,8.0,2,marketplace
26.159834698175274,61.68056011264566,29.34685883186015,64.242104162322,30.07045667381455,78.51279788340054,181.5185558529065,181.5185558529065,87.07598205379736,94.62356590746795,31.65095687949543,48.132990286972884,13.545027352993841,31.773782597405898,33.18863692898167,61.68056011264566,0.5526315789473685,0.7777777777777778,47374.080402398526,549736.351411949,548736.351411949,603,0.9981809461982428,0.0,0.0,1000.0,30.967844324818504,28.855352921826125,52.86805191272838,34.24650254873039,26.159834698175274,595.8472813155358,1978.4661413398915,971.2728069283781,0.49092212731555557,1081.584565372962,0.09581958891936124,4175.371648762691,10,0,2,25,0.0,558,207.0,4.175371648762691,384.83940622010743,238429.58322103435,885.6928271899639,500000.0,0.3554869920427797,109,11,30.39733242497111,9,E5,teleop,8.0,2,marketplace
13.013475285076668,17.17483035161841,13.125340320772011,17.188058384743705,40.267630403241384,96.15204465192673,,,,,29.22906656941257,41.03519316500094,8.139603406945298,14.970199992990182,26.696485362006698,17.17483035161841,0.9285714285714286,0.8666666666666667,13819.243346008723,516514.44304295897,516514.44304295897,540,1.0,0.0,0.0,0.0,28.343077293627626,28.855352921826125,41.03519316500094,29.223376401754322,13.013475285076668,464.0131337001154,1642.5357006921397,816.7046578822653,0.49722186101533034,878.4724580660231,0.0815435582410587,3549.188055350704,8,0,1,19,0.0,516,207.0,3.549188055350704,407.6346574452694,268100.4776893135,785.3368627688319,500000.0,0.3522034505722094,36,10,30.68244080714304,10,E5,teleop,8.0,2,marketplace
23.814153412728615,33.17324252702929,42.4317515477328,76.87218536881602,13.951181252576452,17.363842710619423,,,48.87900712951068,48.87900712951068,30.731467128552495,45.682456460916164,8.494189255916679,11.74339206240302,22.08848705119255,33.17324252702929,0.7619047619047619,0.9142857142857143,26006.043708159235,531772.2574830158,531772.2574830158,543,1.0,0.0,0.0,0.0,29.987859920038993,28.855352921826125,45.65001859190274,31.611849313993346,23.814153412728615,511.80355305642973,1624.3670843001407,807.7848164485587,0.4972920371607955,886.554796797147,0.08180091312084417,3565.3113351466136,10,0,0,24,0.0,513,207.0,3.5653113351466135,395.9689667373666,252227.98782943582,834.8213580387329,500000.0,0.34544857486390024,63,6,21.100243834415636,11,E5,teleop,8.0,2,marketplace
30.421120343911234,60.27709305753873,35.18215845665369,73.3475398880895,17.331032480193244,17.331032480193244,,,,,30.708716470734604,46.21271856832633,8.846539816225752,13.258346578615967,32.631997602873625,60.27709305753873,0.5714285714285714,0.8571428571428571,3605.0987133016765,503977.3460501888,503977.3460501888,521,1.0,0.0,0.0,0.0,30.43695938523681,28.855352921826125,46.16542276429982,30.632954505939786,30.421120343911234,479.698766084977,1490.1158318530508,737.2525811743076,0.49476192750565473,810.0962010985678,0.07864446037022872,3442.5828557295476,12,0,0,21,0.0,493,207.0,3.442582855729548,417.56357603179356,284266.929384828,740.2992086034801,500000.0,0.3586382151393206,30,1,3.662249598907491,12,E5,teleop,8.0,2,marketplace
8.246818885176328,12.899009015837537,10.32790548565168,17.520667886025972,14.763330530292933,17.92571113396757,,,,,28.434688250658088,38.13251189523544,6.114463777399328,9.208869403671043,12.299205505492237,12.899009015837537,1.0,1.0,6216.486291594783,506496.9548278934,506496.9548278934,522,1.0,0.0,0.0,0.0,27.633302384764143,28.855352921826125,38.13251189523544,28.253488440501467,8.246818885176328,443.72983474065046,1546.5116818899517,773.8185440750085,0.5003638531390497,868.3780213997111,0.07582869929050719,3308.476442463065,5,0,1,19,0.0,500,207.0,3.308476442463065,415.221600915499,279380.23129331827,752.7679230162225,500000.0,0.3467667280317426,32,7,20.681076911799124,13,E5,teleop,8.0,2,marketplace
21.286170632470746,56.728979611955104,31.81909142623058,54.87225722507383,24.46130899867537,54.23198101647483,26.983780139726292,44.68671105255853,,,29.237046167264573,39.19584735144199,9.223752312018926,19.35655491055023,27.07948508886944,56.728979611955104,0.6896551724137931,0.8387096774193549,58929.484502104126,566652.9292862886,566652.9292862886,576,1.0,0.0,0.0,0.0,28.226697174088358,28.855352921826125,39.559537237463815,28.759040213707816,21.286170632470746,490.388243800829,1819.6479860778918,904.245645520499,0.4969343809565769,1007.6348997798763,0.08405407663218975,3664.012690867905,3,0,1,25,0.0,541,207.0,3.664012690867905,371.7690349826722,220474.10735220643,955.5045498124324,500000.0,0.3522618184342646,78,9,22.824317288202515,14,E5,teleop,8.0,2,marketplace
35.19866291488847,81.66420787974087,40.00308584946029,104.49240962148451,22.65301774490825,39.737002408433455,77.17591683317427,128.9693140916013,51.064182894016994,78.45267036652804,30.938707407568334,44.54537277873865,18.67253954517326,26.238778219447887,41.781523483714786,81.66420787974087,0.5714285714285714,0.7702702702702703,64862.71277757866,573615.9384122626,573615.9384122626,603,1.0,0.0,0.0,0.0,31.40476493395995,28.855352921826125,49.553537701490875,34.79863093989188,35.19866291488847,610.9415568855354,1941.9601998183668,945.8328974289568,0.48705060871866546,1042.0070290974052,0.09390191948425737,4098.341674132732,12,0,1,24,0.0,559,207.0,4.098341674132731,368.01338236598053,213986.03767472238,986.5052129944141,500000.0,0.3239659905518854,116,8,20.27475402315243,15,E5,teleop,8.0,2,marketplace
23.122911229130032,91.55137491905734,47.93988414852373,102.74151328752214,78.63027183235742,114.23294221918513,,,,,30.426220562808147,46.32104810641366,7.537369326144926,10.624210986016625,58.17001337646829,91.55137491905734,0.7894736842105263,0.75,8440.199489225186,509188.49886297405,509188.49886297405,531,1.0,0.0,0.0,0.0,30.50581510946176,28.855352921826125,49.603167348585885,30.519901709593935,23.122911229130032,479.8263280235062,1526.0238841757891,758.2927191650496,0.4969075038917927,826.1783204201844,0.0788039942432622,3439.754161877966,6,1,1,22,0.0,498,207.0,3.439754161877966,413.28457856332824,279327.2487449145,753.3806855845077,500000.0,0.3480327936790955,55,6,16.24069548270785,16,E5,teleop,8.0,2,marketplace
22.59455114359158,50.20074000028908,27.843932751309428,58.58125179510553,32.323936695275314,59.02415032637182,,,,,29.10740616665035,39.249031451902745,7.923283085208647,13.115695656111711,29.71060106129521,50.20074000028908,0.6,0.7777777777777778,10188.61735102234,511539.3687118152,511539.3687118152,538,1.0,0.0,0.0,0.0,28.506142522587155,28.855352921826125,40.62997883990993,29.05123132345884,22.59455114359158,464.0927539823878,1604.8191351629953,798.3846197084771,0.49749196168912097,882.4835761914602,0.08048367524359581,3517.0072521770235,9,0,0,15,0.0,516,207.0,3.5170072521770233,411.5362768310713,275043.5249524904,765.3952489466554,500000.0,0.3694137764244518,37,5,12.874981798478553,17,E5,teleop,8.0,2,marketplace
28.486162309452478,69.21302080375044,30.88424017328334,73.08533981449864,38.441786617256184,75.05071216613977,99.95266094860987,152.05660708667938,32.83305428728045,44.147819341253765,30.499901729028707,46.98996202243029,23.996693841358685,62.96796421711097,47.90919892526888,69.21302080375044,0.6086956521739131,0.6481481481481481,68261.72443658626,577118.2182746406,576118.2182746406,575,0.9982672527597732,0.0,0.0,1000.0,31.139857126935308,28.855352921826125,53.4716208812458,33.66510826783732,28.486162309452478,590.0223876109405,1768.1301343470934,864.4175437420598,0.48888796528614,974.2042337659738,0.08701370878320862,3802.1691568901106,4,0,5,28,5219.882207417546,530,207.0,3.8021691568901104,365.9008905988091,218258.9971498935,965.8349571363499,500000.0,0.35891304679779656,93,5,11.71427548889657,18,E5,teleop,8.0,2,marketplace
32.32112193643063,87.28612290638412,36.857063483868075,97.26155889326525,47.062702886426166,133.05492693657044,,,185.7275796541362,185.7275796541362,30.92780231981987,49.71853085670692,15.606239278864987,33.44047985448781,40.45905386124152,87.28612290638412,0.6571428571428571,0.7971014492753623,37728.11627304937,538786.9281851918,536786.9281851918,582,0.9962879574552103,0.0,0.0,2000.0,31.46582059086911,28.855352921826125,55.30969177616105,35.52003139498116,32.32112193643063,602.0246553565061,1842.5782498130948,916.382957112531,0.49733733544585473,959.2325431859588,0.08807918075863533,3828.1972142896057,6,0,2,28,112.94958005536104,528,207.0,3.8281972142896055,392.75955904342317,247363.6577280758,852.3006133991225,500000.0,0.34310940279145985,108,14,41.91369711292376,19,E5,teleop,8.0,2,marketplace
8.789777386171734,17.776640919119767,13.683437425946495,26.16052251302759,13.31076568026422,25.1587245047931,,,,,28.869575762970946,40.21811461970386,9.581894578810209,15.070803940266842,13.565751611520515,17.776640919119767,1.0,1.0,13968.57625752051,515078.73700219905,515078.73700219905,554,1.0,0.0,0.0,0.0,27.091864006749816,28.855352921826125,39.35784107326826,28.37323908607123,8.789777386171734,446.04827656699246,1769.2190000571745,882.8816633092766,0.4990233901403643,960.4710803823302,0.08514097239213234,3711.192433367539,6,0,1,18,0.0,531,207.0,3.711192433367539,409.0854024759867,271740.86114226124,775.4122495514446,500000.0,0.36201679767775524,1,8,25.526822009297447,0,E5,teleop,8.0,4,marketplace
9.045924711161453,16.41895310942391,12.127444674059944,16.161823109378474,18.015563392072455,30.827981089784682,37.82769041943811,64.4440039682564,,,29.43985199595118,44.261383490758085,10.114964908576862,13.888528732925625,19.73753973307402,16.41895310942391,1.0,0.9655172413793104,22776.714596747763,525519.2910413912,524519.2910413912,535,0.9980971202826477,0.0,0.0,1000.0,28.361318368729226,28.855352921826125,43.34315429722085,29.46573295082877,9.045924711161453,462.461951080782,1644.990184525364,820.2031835551257,0.4986067341136035,938.3760316575497,0.08463918640383666,3687.930026043705,6,0,4,22,0.0,503,207.0,3.6879300260437047,401.6781339114137,259520.8983979248,811.8341579682526,500000.0,0.391495640836885,0,6,22.51941123799027,1,E5,teleop,8.0,4,marketplace
27.881498398506746,55.46995861463848,27.010243388661536,70.60142064205384,19.227529861426927,37.45918819555027,22.9230656496685,30.6857986277377,,,29.137387815112408,45.11480341431415,17.69443080087988,47.380843410122,23.580828598574428,55.46995861463848,0.5909090909090909,0.7631578947368421,29310.196036041838,532277.3226155266,516873.34282247716,548,0.9710602365748803,14403.979793049497,0.02706104352195697,1000.0,28.695039198713705,28.855352921826125,47.13251189523502,28.92744033336247,27.881498398506746,439.99075074453765,1634.1031828423957,796.5284534797843,0.48744073314531144,895.2842616403032,0.08643255437029543,3776.6970340540165,11,0,1,24,70.60854831819339,507,207.0,3.776697034054017,407.79177328641293,268261.668564341,785.7130620340582,500000.0,0.37944467627780104,1,6,14.987459172712168,2,E5,teleop,8.0,4,marketplace
8.759393806098462,13.826651783447051,18.71443701556837,32.76335433907589,26.198124576647796,48.36927767877014,112.68598048014701,112.68598048014701,118.91512025929933,118.91512025929933,30.11415318710772,43.87034933479134,13.511388037303991,14.50694050757302,25.74812114370891,13.826651783447051,1.0,0.9574468085106383,28096.063942230638,531327.860284328,530327.860284328,561,0.998117922897051,0.0,0.0,1000.0,28.795825237321903,28.855352921826125,43.69476731094892,31.46061926134262,8.759393806098462,523.1394796786441,1794.5742613429109,882.3955644285709,0.49170189467013703,946.879867742678,0.08659360811120526,3782.4206966718175,9,0,2,20,0.0,531,207.0,3.7824206966718172,397.4568120627563,253616.85153762597,831.1057385135965,500000.0,0.3322208638539599,1,5,13.264047713570445,3,E5,teleop,8.0,4,marketplace
8.759821188515591,16.920748960446055,14.80571171218105,20.284923020517816,10.697469224260683,19.10952206521088,,,77.60660360556165,127.55249927402035,31.50599091880918,46.68779391363265,12.092134983366874,16.04214797225941,12.630759806811444,16.920748960446055,1.0,1.0,32491.15341102122,538255.453584505,538255.4535845051,550,1.0000000000000002,0.0,0.0,0.0,29.886920217288278,28.855352921826125,44.283444059108874,33.58785757023984,8.759821188515591,538.8737329820207,1666.7413080268796,827.376204182106,0.4964034911701864,905.1424430154931,0.0863745199606018,3758.918659706839,10,0,1,20,4046.004294015581,512,207.0,3.7589186597068394,391.55928148272454,253547.0493659345,831.2418511150834,500000.0,0.3790899991117535,0,7,26.60853590040316,4,E5,teleop,8.0,4,marketplace
19.826963486998572,45.55758475485858,32.73875468987831,86.55840558290095,29.4198981974596,67.78175695234958,56.88039758851286,91.1565591411254,,,30.398054505890865,45.48974265887554,14.392030558642517,29.759750597909942,36.46079777213232,45.55758475485858,0.8888888888888888,0.7719298245614035,43452.69323580841,547328.4080016714,546328.4080016714,572,0.998172943363837,0.0,0.0,1000.0,29.769324536172647,28.855352921826125,49.2742155557133,31.57013655416018,19.826963486998572,528.6834748451904,1818.6676553596747,899.6191991221974,0.4946583816295349,986.7015169708889,0.08865117233321579,3863.4369327626364,8,0,1,25,0.0,534,207.0,3.8634369327626366,385.96462099426014,237943.26610531087,886.1920758851691,500000.0,0.35819829538041076,1,8,26.23089751781753,5,E5,teleop,8.0,4,marketplace
8.040197068581787,13.60141379308434,15.143096947300645,23.233167940810475,21.402234219017437,41.161959764237245,76.31383601203896,108.18249495799628,,,30.281403979503516,43.91822071574544,13.093085165609663,42.321015143020695,27.163801829007763,13.60141379308434,1.0,0.9038461538461539,31608.77227884693,533346.8920584851,533346.8920584851,565,1.0,0.0,0.0,0.0,28.65127231632064,28.855352921826125,44.17118591008094,31.552556467649598,8.040197068581787,506.07746018495124,1791.0023878806307,897.8764900247686,0.5013262383682604,990.7430120995081,0.08885252739494796,3867.592338602064,8,0,0,23,0.0,528,207.0,3.8675923386020643,395.36668438198944,252180.37853092916,836.177634306865,500000.0,0.3927731046298237,2,12,36.21540894929627,6,E5,teleop,8.0,4,marketplace
10.633734162418282,15.504640815142738,34.370669029284784,105.98458646536092,7.196103499406424,8.628266358257338,21.30751142118693,26.381007907520953,44.71788531958515,44.71788531958515,30.414834084510705,50.492059849427825,13.278711349444649,24.762677893837633,23.09161048823891,15.504640815142738,0.972972972972973,0.9344262295081968,40773.60461111535,544565.4292464787,543565.4292464787,581,0.9981636733690867,0.0,0.0,1000.0,28.287334141491446,28.855352921826125,47.91743245664346,29.686215592695138,10.633734162418282,484.0278718731591,1875.1078704648128,930.966160511012,0.4964867222706706,997.4370860656595,0.09485344250895854,4119.280574480101,8,2,1,18,41.40920151246225,552,207.0,4.119280574480101,388.3971813055618,242993.53437474364,868.8267410806611,500000.0,0.37675547454885877,0,12,41.2698236194529,7,E5,teleop,8.0,4,marketplace
16.899326666788582,55.95448217779891,23.406229447722865,45.42733683350906,11.660793736366564,12.090485438299176,11.912381500978427,13.803009381325955,,,30.313588550739283,43.650230021033806,6.680690394096264,10.533354661211161,15.768039876369787,55.95448217779891,0.84,0.8958333333333334,38363.5914215517,540361.5398106,526845.8481339898,560,0.9749876875372228,13515.69167661024,0.02501231246277737,0.0,28.610911864151813,28.855352921826125,43.54373485457245,29.494294356594096,16.899326666788582,473.70693609216545,1762.2341755214431,878.4820966921393,0.4985047440883942,944.5544007199117,0.08550704671891832,3721.764357877605,7,0,3,17,0.0,531,207.0,3.721764357877605,399.96853938248347,258282.06006709766,815.8590817462714,500000.0,0.391587779646859,0,13,39.24988301177971,8,E5,teleop,8.0,4,marketplace
25.706859728174607,66.31723484624713,24.58704968395553,39.476838203140254,27.316669987425826,52.791540959279615,119.59596954527478,119.59596954527478,52.459307927804275,64.11172407413369,30.42684595306085,47.21035827806147,12.744614856418453,25.202773127547744,27.93919120311331,66.31723484624713,0.6842105263157895,0.8271604938271605,47374.080402398526,549736.351411949,548736.351411949,603,0.9981809461982428,0.0,0.0,1000.0,29.409282835526145,28.855352921826125,49.913380412705735,31.492818554737315,25.706859728174607,532.132078935965,1999.063324747184,983.1063389691409,0.491783490197076,1091.1184247072858,0.09724474847571432,4244.2539204108325,11,0,3,26,0.0,561,207.0,4.2442539204108325,384.964935122049,238507.35541194925,885.6928271899639,500000.0,0.3707735376661807,8,9,21.657119542926836,9,E5,teleop,8.0,4,marketplace
15.500600862169156,46.79952777663594,12.601624080653693,17.077944992806806,24.329192883793155,59.58278400789788,,,,,28.4528388210146,41.03519316500094,8.139603406945298,14.970199992990182,18.465408482223424,46.79952777663594,0.8571428571428571,0.8666666666666667,13819.243346008723,516514.44304295897,516514.44304295897,540,1.0,0.0,0.0,0.0,27.444945171042026,28.855352921826125,41.03519316500094,28.106427929961885,15.500600862169156,444.32631829566986,1652.3922400363858,819.2366980286965,0.4957882748291392,894.3890798937614,0.081854399094004,3564.4791891017703,8,0,2,19,0.0,517,207.0,3.5644791891017706,407.6642619102695,268119.9484851924,785.3368627688319,500000.0,0.35691294374290433,0,9,27.02019120823555,10,E5,teleop,8.0,4,marketplace
17.40181273250785,33.17324252702929,31.697016654725076,68.85296895450048,15.965957497817431,33.78616952642482,,,48.87900712951068,48.87900712951068,29.793828591506422,43.622064740560276,8.285288749132244,12.322093271171072,20.460545828362473,33.17324252702929,0.7142857142857143,0.8857142857142857,26006.043708159235,531772.2574830158,531772.2574830158,543,1.0,0.0,0.0,0.0,28.83181589890679,28.855352921826125,43.96514778995134,29.81933544049837,17.40181273250785,471.1788759127043,1645.3080347683363,814.1320440836748,0.4948204390178565,938.3067277273573,0.08556501679639297,3733.2375539597115,10,0,1,22,0.0,516,207.0,3.7332375539597114,396.2847527086167,252429.14010853853,834.8213580387329,500000.0,0.3788959765423832,4,4,16.769649379292858,11,E5,teleop,8.0,4,marketplace
22.91596644334491,53.69826248026551,32.79992350599442,70.9189425960443,53.331032480193244,53.331032480193244,,,,,30.969207231207587,44.81267674817944,8.404626796601146,12.971334595970987,35.73293907373711,53.69826248026551,0.8571428571428571,0.7857142857142857,3605.0987133016765,503977.3460501888,503977.3460501888,521,1.0,0.0,0.0,0.0,30.62183942763834,28.855352921826125,45.079507537141126,31.00351642990466,22.91596644334491,476.40185528757013,1492.405914533119,738.4724693198484,0.4948201170529873,820.1695268214619,0.0803038794480266,3514.2017106199173,13,0,0,21,0.0,494,207.0,3.514201710619917,417.7056833218368,284363.67250444513,740.2992086034801,500000.0,0.36525876624469794,1,2,5.908785513585686,12,E5,teleop,8.0,4,marketplace
7.1845934698032545,10.000263992760573,8.793803284557688,11.938964842565204,14.763330530292933,17.92571113396757,,,,,28.143121065718436,38.13251189523544,6.743270152965221,10.497058499047865,11.446926504884464,10.000263992760573,1.0,1.0,6216.486291594783,506496.9548278934,506496.9548278934,522,1.0,0.0,0.0,0.0,27.329072739322665,28.855352921826125,38.13251189523544,27.964330789042773,7.1845934698032545,435.8728533304573,1559.1139561871971,782.4792898322228,0.5018743413379293,889.3098257067159,0.07702834395461146,3361.020878750832,5,0,1,17,0.0,502,207.0,3.361020878750832,415.3253417885426,279450.0329342772,752.7679230162225,500000.0,0.36162856709662483,0,7,20.681076911799124,13,E5,teleop,8.0,4,marketplace
17.368382061599227,50.759477862340724,22.405548722685417,41.19574239573381,19.26498501884359,51.211347746757724,21.36869123226259,30.88207476913585,,,28.786617478913048,39.443984701506544,10.299313071549964,23.473246529904205,20.631491777689906,50.759477862340724,0.7586206896551724,0.9032258064516129,58929.484502104126,566652.9292862886,566652.9292862886,576,1.0,0.0,0.0,0.0,27.295176095327026,28.855352921826125,39.34963927724266,27.851943162076385,17.368382061599227,468.3346593879885,1856.3943772146072,923.6209255795839,0.4975348648520547,1043.0981965165113,0.08639528397138224,3769.115221007617,4,0,2,21,0.0,547,207.0,3.7691152210076173,371.9545145323361,220584.1042435455,955.5045498124324,500000.0,0.365021357116374,4,8,18.77300177420313,14,E5,teleop,8.0,4,marketplace
29.030704314427638,67.94441203559923,37.665545172572465,99.15988424677062,25.774579928211303,47.80544352484776,26.75139407472222,47.852098341776234,40.64458587205854,50.39177601711426,31.060701857618646,46.08591528701056,21.636655357044994,52.306623028125934,32.35273298352312,67.94441203559923,0.6,0.8108108108108109,64862.71277757866,573615.9384122625,573615.9384122626,603,1.0000000000000002,0.0,0.0,0.0,30.636253785333373,28.855352921826125,50.131048241093275,31.54924939393946,29.030704314427638,527.2956020819114,1966.871743047274,965.4622981198706,0.49086184777055164,1090.7392218946504,0.09829270293373098,4293.68233399098,13,0,4,27,0.0,552,207.0,4.29368233399098,368.35392496038423,214184.0504751467,986.5052129944141,500000.0,0.362758090529047,10,6,15.214047713570446,15,E5,teleop,8.0,4,marketplace
21.687130048732815,88.59784399373784,42.59053377720907,95.81073952709448,73.70059491049626,110.4607382391554,,,,,30.492222636348536,44.22088715928377,7.537369326144926,10.624210986016625,52.96055415497147,88.59784399373784,0.7894736842105263,0.75,8440.199489225186,509188.49886297405,509188.49886297405,531,1.0,0.0,0.0,0.0,30.428293567746454,28.855352921826125,49.60316734858577,30.526549914728722,21.687130048732815,472.25561865048803,1514.9599091186785,755.1664958244859,0.4984729241210091,857.8072801497901,0.07980346679025155,3481.165798065418,7,0,1,24,0.0,494,207.0,3.481165798065418,413.36590725845764,279382.21648828755,753.3806855845077,500000.0,0.39621972924641424,0,7,18.876297312477938,16,E5,teleop,8.0,4,marketplace
12.267587108350074,24.797143538017913,10.399287021466828,19.206317462269364,23.027120081109512,33.240011267465526,,,,,29.83145944393349,40.76797403765733,11.611505332752843,21.798269837870976,15.66088412965128,24.797143538017913,0.8666666666666667,1.0,10188.61735102234,511539.3687118152,511539.3687118152,538,1.0,0.0,0.0,0.0,28.653161146483445,28.855352921826125,39.28377585576618,29.574074453679124,12.267587108350074,460.2977775591853,1611.8781280189214,799.4282079176838,0.49596070200432646,910.4800003954836,0.08710127984510538,3807.9857457275,9,2,0,15,0.0,517,207.0,3.8079857457275006,412.10510596006526,275423.6925769314,765.3952489466554,500000.0,0.3673543532367005,0,4,11.179989173125865,17,E5,teleop,8.0,4,marketplace
13.440202538652319,27.934844366099426,15.178751679939523,30.66198812642742,19.557374382221195,33.034447672578786,58.043032563365614,97.76221042474572,25.37271414637098,31.778489383308532,30.10369493577935,45.01131339134789,18.12209444803211,40.88389791743886,25.593752513319576,27.934844366099426,0.8695652173913043,0.9444444444444444,68261.72443658626,577118.2182746406,576118.2182746406,575,0.9982672527597732,0.0,0.0,1000.0,28.76080361132033,28.855352921826125,44.586622913597616,30.39423283417273,13.440202538652319,517.8646949958425,1830.694225389211,902.9089056546046,0.4932057430085811,1020.3573636312681,0.08926233781011929,3900.3395059960703,4,0,7,23,4982.697451618761,539,207.0,3.90033950599607,366.071290259837,218360.64013597576,965.8349571363499,500000.0,0.3690254381399778,13,5,11.71427548889657,18,E5,teleop,8.0,4,marketplace
27.22013500466903,84.81985736171046,33.997654077421565,95.90419682524215,34.98112230254925,89.09574534690255,,,203.4334283693497,203.4334283693497,30.44371385872824,45.75928700641295,11.5403793902854,27.570133102606448,34.34476050981957,84.81985736171046,0.7428571428571429,0.7971014492753623,37728.11627304937,538786.9281851918,536786.9281851918,582,0.9962879574552103,0.0,0.0,2000.0,30.320266020579545,28.855352921825897,48.48071204838435,34.94523380998642,27.22013500466903,574.6385189426028,1907.7906059191025,947.9845139781148,0.49690176219387094,1041.6211809429417,0.09186997240360399,4001.054231145675,6,0,3,21,227.18537699277428,535,207.0,4.001054231145675,393.08158070188733,247566.46999189278,852.3006133991225,500000.0,0.3776408097962225,6,13,35.030954230465774,19,E5,teleop,8.0,4,marketplace
88.34783037431485,202.6316032600127,91.74984415509286,191.6115357588464,69.1838871123435,129.3094864742908,,,,,43.23260896484715,70.80954248597727,32.15565874357106,93.60946485967634,84.62375245738254,202.6316032600127,0.2916666666666667,0.3953488372093023,13968.57625752051,515078.73700219905,515078.73700219905,554,1.0,0.0,0.0,0.0,46.38667139761134,33.72841420166924,78.26384811748085,44.427578751826175,88.34783037431485,695.9330523888221,1620.5898783708678,794.8276222663928,0.49045574878291237,837.5166191832014,0.12213748526531144,5337.003656991147,10,0,0,25,102.4925070669722,506,207.0,5.337003656991148,412.24183489462234,273837.5667650627,775.4122495514446,500000.0,0.3636003692670551,536,4,11.747623653351457,0,E5,teleop,16.0,1,marketplace
64.69312539820892,120.28371343425188,64.68964345232276,139.74016334524595,139.57246746702876,208.8386154972959,172.57298602258865,206.84680901340306,,,44.826054729899475,76.85518934331839,31.79931023040529,46.94979037005997,114.55136829406045,120.28371343425188,0.2,0.41379310344827586,22776.714596747763,525519.2910413912,524519.2910413911,535,0.9980971202826475,0.0,0.0,1000.0,47.03721966153767,34.5609300351598,85.0789915624416,48.919235793361565,64.69312539820892,784.443228864011,1577.8214897918494,780.4175055536903,0.49461711011214904,845.7820345937288,0.12224625297559241,5335.161567461698,11,0,0,24,818.5948957851573,498,207.0,5.3351615674616975,404.8185933178687,261549.9230764878,811.8341579682526,500000.0,0.3370998360467306,522,6,15.510583628248641,1,E5,teleop,16.0,1,marketplace
142.570394685691,260.53774153000137,108.4856626159604,175.63701129857316,134.5770192019621,251.677525421891,308.27416630052096,312.6274846340981,,,45.51084386902313,82.45461285012189,25.36136498303788,34.64860012396821,143.2434842962811,260.53774153000137,0.22727272727272727,0.34210526315789475,29310.196036041838,532277.3226155266,516873.34282247716,548,0.9710602365748803,14403.979793049497,0.02706104352195697,1000.0,51.856442586280394,33.50190833094712,96.32545917362714,49.75147418639395,142.570394685691,794.61001775243,1630.1703094180614,801.215180843016,0.4914917025626813,813.4860154345481,0.12588572114919527,5493.163179462634,14,0,0,28,1059.3105672601328,505,207.0,5.493163179462634,411.1126374192691,270446.26524263097,785.7130620340581,500000.0,0.32349993123321336,555,7,18.487231397386044,2,E5,teleop,16.0,1,marketplace
114.7501282151844,321.7894393446136,108.18558510782182,259.52687898731693,247.69132228203313,548.9742412885449,626.1264975788908,626.1264975788908,432.7968869044835,432.7968869044835,49.72421436979749,92.45640090487632,26.163829662768453,59.83204092720162,187.89384695003773,321.7894393446136,0.21739130434782608,0.3191489361702128,28096.063942230638,531327.860284328,530327.860284328,561,0.998117922897051,0.0,0.0,1000.0,58.39604054984373,35.77366501984403,108.30162131417819,65.36653158254843,114.7501282151844,1152.6618041725555,1681.1630632643469,826.1694469188596,0.4914273130142834,852.9409378490216,0.1281239846841769,5576.965195376739,14,1,0,28,0.0,509,207.0,5.576965195376739,400.8406518213215,255776.07679085847,831.1057385135963,500000.0,0.3816484385885997,604,6,24.337034871281272,3,E5,teleop,16.0,1,marketplace
84.24898644016282,250.69856592775676,79.15845779674362,153.23403143602732,245.08667202541784,470.58552021760215,,,26.63695942302752,26.63695942302752,61.778519598922024,117.53766461015614,15.69121853056212,29.649749320267986,162.12256491108073,250.69856592775676,0.4117647058823529,0.45454545454545453,32491.15341102122,534209.4492904894,512131.10942225024,538,0.9586710046077198,0.0,0.0,22078.339868239174,64.37947403814029,46.385187492675755,126.1015042280692,64.05449468585229,84.24898644016282,4781.226217029575,1582.3560845831819,779.2464867199843,0.4924596266997958,791.9606886205061,0.12094687222931971,5269.257107233777,13,0,0,23,0.0,502,207.0,5.269257107233777,414.48225503563106,274135.4376617958,774.3225717833421,500000.0,0.3860351512835005,538,7,23.12019120823555,4,E5,teleop,16.0,1,marketplace
111.5810582976767,276.43276778626444,170.68624850318702,361.29273159153075,180.6317873310964,350.6838141911439,604.248398423784,667.346016393663,,,51.789998707348595,102.91389246952637,19.98657125140871,25.303926915806937,236.17567664466853,276.43276778626444,0.25925925925925924,0.3090909090909091,43452.69323580841,545906.2162496289,523428.38650612696,556,0.9588247411837065,0.0,0.0,22477.829743502,63.178325338285035,34.17905703214649,124.96250756031259,70.96634124969154,111.5810582976767,1649.6861236792643,1623.9479119712112,802.035006332168,0.4938797608099552,813.7588077609521,0.12509298502322622,5432.498608446577,12,0,0,31,159.90091448792333,497,207.0,5.432498608446577,405.8482575361051,257111.52179159084,826.2270672593189,500000.0,0.33294292387646846,549,10,37.273783668003745,5,E5,teleop,16.0,1,marketplace
125.10128248136854,241.42953989309026,114.57455059640944,148.04596490914614,316.53064037799817,661.8224018148444,1113.3312681935859,1141.5825793121758,,,52.05521226969059,96.34286427146984,44.22605037024413,128.01915550576769,339.9378630489022,241.42953989309026,0.21428571428571427,0.28846153846153844,31608.77227884693,533346.8920584851,533346.8920584851,565,1.0,0.0,0.0,0.0,67.72369807488573,35.474251495218596,128.27650078186525,94.44787306567251,125.10128248136854,1815.6567895124745,1686.309839975707,831.9881916833652,0.4933780091654751,837.8848518648527,0.12719968862585276,5561.7733705225755,14,0,0,30,402.0096045647915,519,207.0,5.561773370522576,398.5431930617002,254206.48035715797,836.1776343068638,500000.0,0.3282940264166707,630,3,8.636917343769472,6,E5,teleop,16.0,1,marketplace
124.57727226535428,364.80966991213836,138.76437353471408,246.0373086819078,177.00055920899058,360.79989203068646,837.4682033511413,1137.7278447190238,,,51.402289685035704,96.04863823341184,37.16272394096751,63.268474813402186,211.32826231393673,364.80966991213836,0.2702702702702703,0.36065573770491804,40773.60461111535,544565.4292464787,532094.6781879223,580,0.9770996277236836,0.0,0.0,12470.75105855638,62.1969558638013,37.992942117866306,115.23157175493266,71.63759051596706,124.57727226535428,5447.1559433153325,1768.6481476407603,859.3341803849082,0.48587062470915626,870.5081778599581,0.12461052607834963,5421.712987633297,10,0,0,28,374.93897921848236,538,207.0,5.421712987633297,399.217886769789,253306.8558634721,838.5944086018928,500000.0,0.3361408532601778,695,8,27.035065693940442,7,E5,teleop,16.0,1,marketplace
81.46325569667249,168.69669155518966,72.31997386517386,140.92447468620017,213.37541110253198,559.4511141585809,633.121052313805,646.9471201084936,,,52.17117955345719,95.3774297210429,63.8964444512813,112.81970145549194,200.81227129921376,168.69669155518966,0.28,0.3958333333333333,38363.5914215517,540361.5398106,526845.8481339898,560,0.9749876875372228,13515.69167661024,0.02501231246277737,0.0,59.8350191829334,36.16844344956439,114.28539002002685,63.54646913308654,81.46325569667249,1083.6774479899132,1666.5608318268664,826.8141222162362,0.4961199773967394,853.1391674823934,0.12859295671068838,5601.938048524818,11,0,0,31,0.0,513,207.0,5.6019380485248185,403.5372752799125,260586.59247068735,815.8590817462714,500000.0,0.3329160113624427,613,9,29.631787143801596,8,E5,teleop,16.0,1,marketplace
91.41282025945118,195.34131244305658,98.65829767923583,230.98040723913337,128.36960045526794,298.60624402953613,,,196.64789240109258,196.64789240109258,52.94977149888374,101.32689504200799,47.66276281725517,135.131252399567,110.97761834246866,195.34131244305658,0.2702702702702703,0.3717948717948718,47374.080402398526,549640.1491883178,532671.821827506,596,0.9691282971488347,0.0,0.0,16968.327360811803,59.393114572705244,38.04781061864065,121.75698514412397,57.601821324902886,91.41282025945118,1269.3639403106024,1833.4827939048866,894.9375343718683,0.48810795353353825,926.9932632935432,0.14183074814424518,6172.217305928296,18,0,0,38,103.17647697542219,527,207.0,6.172217305928296,400.1942820526358,257040.39405132766,829.3335298239565,500000.0,0.30983996195936686,752,10,33.40286449643793,9,E5,teleop,16.0,1,marketplace
127.88784377049919,341.35992821278677,57.53657464609117,102.27516885856762,114.7307398245162,282.3232669890422,,,,,42.5563309327423,67.44550453549925,22.86725748195179,66.2758440714921,86.13365723530369,341.35992821278677,0.42857142857142855,0.5666666666666667,13819.243346008723,516514.44304295897,516514.44304295897,540,1.0,0.0,0.0,0.0,45.695196981004656,33.3380756433678,71.85921770972192,44.53352108402739,127.88784377049919,718.9540873191946,1621.3870106757206,800.8287053255126,0.4939158264205925,835.8147404054223,0.11848247647639742,5168.448590671967,9,0,0,18,0.0,517,207.0,5.168448590671968,410.7696337409596,270162.3451656628,785.336862768832,500000.0,0.3779467820135178,513,7,19.427840601803442,10,E5,teleop,16.0,1,marketplace
95.78817792664442,274.85844112926907,51.290918921788034,92.44734896729025,79.78743348112104,123.3054509865824,,,364.4033377748501,364.4033377748501,46.40362703800894,85.24097480809334,55.53368933874295,142.5595651508528,71.64557217845447,274.85844112926907,0.38095238095238093,0.37142857142857144,26006.043708159235,531772.2574830158,531772.2574830158,543,1.0,0.0,0.0,0.0,49.66766561530095,33.39294155696098,95.35693661900987,57.35734394978494,95.78817792664442,1008.3929612285339,1607.8118722936842,796.6785314470641,0.4955048194230165,850.6300108829821,0.12230976807332827,5345.128642560387,13,1,0,23,161.68521184486275,512,207.0,5.345128642560387,399.31592078088516,254359.96168261455,834.8213580387331,500000.0,0.37628300449145363,530,4,9.601798114662955,11,E5,teleop,16.0,1,marketplace
94.29846337342919,243.7922478500704,93.06636030690406,141.1804591205863,558.4678944091202,558.4678944091202,,,,,49.76952778017696,95.51344297092241,24.851640181942848,44.03978455452908,159.55229375007778,243.7922478500704,0.2857142857142857,0.2857142857142857,3605.0987133016765,503977.3460501888,503977.3460501888,521,1.0,0.0,0.0,0.0,51.50802432097241,33.39294155696075,97.93011192118684,51.9529328044656,94.29846337342919,804.8942315317711,1446.0441754032654,712.7308447306588,0.4928831752542387,763.0930232086935,0.12053470653971225,5279.420146439396,18,1,0,23,25.020581341143842,486,207.0,5.279420146439397,421.20825828806096,286748.13869771507,740.2992086034801,500000.0,0.38796797556763857,446,0,0.0,12,E5,teleop,16.0,1,marketplace
43.4200144620128,133.32755349214506,66.5445591388947,135.81526127519854,95.42687052252563,170.1056547079369,,,,,41.09035976027715,67.79897416439027,13.89159468519891,23.70587129027065,79.381141976064,133.32755349214506,0.75,0.6470588235294118,6216.486291594783,506496.9548278934,506400.09144940105,521,0.9998087582214087,0.0,0.0,96.86337849233769,41.57876516767764,31.965451739469245,70.2267196551129,41.564314698900574,43.4200144620128,634.5588544517359,1511.4797533740575,756.2512001101874,0.5003382932665933,798.9875516161533,0.1170035778143687,5106.913603208231,11,1,0,22,0.0,495,207.0,5.1069136032082305,418.8524393748094,281830.7991899276,752.6037403040112,500000.0,0.40567423749753645,442,6,17.018827312891634,13,E5,teleop,16.0,1,marketplace
121.17400148613078,346.01208794191086,114.79372678888815,233.94668073909367,235.13028935762063,411.2049836756006,265.60299424899074,451.78478164957585,,,50.384669545749084,96.10629191740745,33.607442305154336,77.41158297251181,209.6985492367833,346.01208794191086,0.3448275862068966,0.3064516129032258,58929.484502104126,566652.9292862887,566652.9292862887,576,1.0,0.0,0.0,0.0,62.66829363378185,34.86674420373288,129.55465072588743,71.43666645168062,121.17400148613078,1359.241188232136,1748.289336529918,860.3445006198026,0.49210647382169154,916.0973502242407,0.13094990523706326,5698.90367930399,7,1,0,33,136.10365858404614,527,207.0,5.69890367930399,375.3601061362248,222603.758109846,955.5045498124323,500000.0,0.34708955949681625,634,7,26.366720837725154,14,E5,teleop,16.0,1,marketplace
217.99512895919085,421.15936472950386,126.26671164585107,270.14491368572453,276.2801436150844,529.6606132384618,870.4752727115392,1416.2455735610454,183.30020855630391,263.26575058841047,68.32707459612281,149.29888436504194,62.78739643903629,126.522215453238,302.1540880335789,421.15936472950386,0.14285714285714285,0.25675675675675674,64862.71277757866,570860.0820777802,570860.08207778,602,0.9999999999999998,0.0,0.0,0.0,92.31968267353857,45.37816557320821,191.30991259241816,124.79519264111572,217.99512895919085,2578.0693508423446,1853.0670099432145,893.7175502968734,0.48229100485916077,932.519021820169,0.1447011100615846,6312.135408515806,17,2,0,30,0.0,544,207.0,6.312135408515807,373.6679829357063,218345.46090555878,976.947881232942,500000.0,0.3148062243759764,774,5,16.296832836171586,15,E5,teleop,16.0,1,marketplace
62.92239384587726,164.25402529376697,95.84490983851657,183.40114868466253,227.46888074720633,234.93853711988413,,,,,44.044736882435984,75.40666480210183,8.252795950140694,9.312236915488393,139.71956680807983,164.25402529376697,0.35294117647058826,0.5,8440.199489225186,509188.49886297405,506302.60934564844,528,0.9943323748989424,0.0,0.0,2885.8895173256283,46.07999789552766,33.21066782472644,81.84410745567524,45.195284651595315,62.92239384587726,725.3911614393965,1512.0443357872134,753.0065962182671,0.49800563276885024,780.3142086702358,0.11320773114352453,4946.850899502958,9,0,0,22,0.0,496,207.0,4.946850899502958,418.6169436760865,283193.30925301777,748.4175789977439,500000.0,0.3855193014604379,453,4,10.07690259447485,16,E5,teleop,16.0,1,marketplace
71.84223580873916,153.13354656505342,64.39084071996261,110.8714552526737,148.89226110135306,214.14014704782315,,,,,42.06438811375229,66.90542679891988,18.736076851526004,28.384810122140152,99.5997658788753,153.13354656505342,0.2,0.4074074074074074,10188.61735102234,511539.3687118152,511539.3687118152,538,1.0,0.0,0.0,0.0,43.70096957234298,33.392941556960665,70.93712956493378,43.75528222907268,71.84223580873916,676.7460397699116,1557.6769304679908,767.936258240615,0.4930009832076636,817.062714281412,0.12033322653960343,5259.6205033163105,12,0,0,22,116.08437469380922,503,207.0,5.25962050331631,414.9428831603703,277320.2744535325,765.3952489466554,500000.0,0.35676446018185937,500,3,9.797623653351458,17,E5,teleop,16.0,1,marketplace
277.99348936541844,471.90566434166146,188.98174515856618,221.58026523418502,653.8096704554531,1348.382932473241,1435.3261536950085,1868.5390931847064,768.2242405548905,768.2242405548905,61.23458145582874,127.72562601129466,52.40165405982024,135.19748453873288,655.1264332447583,471.90566434166146,0.17391304347826086,0.07407407407407407,68261.72443658626,572191.6285267603,560368.4124093493,573,0.9793369641778008,0.0,0.0,11823.216117411037,103.00642495661806,37.53826973261994,194.43811501170447,160.0507668501515,277.99348936541844,4669.915557464219,1682.2204031769056,814.9640743833166,0.4844573712482867,849.9643303420359,0.1244270935394103,5448.370240434692,7,0,0,30,459.3647924151487,524,207.0,5.448370240434692,379.12267275558185,229841.70070488477,924.324739979265,500000.0,0.3193988446407164,617,1,2.2465359146781956,18,E5,teleop,16.0,1,marketplace
135.26419119021023,282.37786359682025,167.79678581832187,309.04002660667356,120.48288497934297,292.2295592569035,,,,,49.30090181579652,96.14334880820934,30.533300903808886,58.242713257613616,153.01119180614097,282.37786359682025,0.16666666666666666,0.2903225806451613,37728.11627304937,538786.9281851917,509144.9875403935,567,0.9449839276081886,0.0,0.0,29641.940644798135,59.23896451095632,35.463204853148454,114.2249957403008,51.9088894216687,135.26419119021023,1194.5424510552716,1700.4314617685006,833.6343530728034,0.49024872323039603,825.8619258912154,0.12471805036999312,5436.259193207856,10,0,0,32,90.03610445643714,513,207.0,5.436259193207856,417.24118746500284,274837.2851025714,772.9528368537224,500000.0,0.33892868928476005,663,9,26.293326510706613,19,E5,teleop,16.0,1,marketplace
20.78857520722387,33.28441790104644,33.93661326198189,56.85425556630835,35.94377389375046,64.9570890964136,,,,,35.94894520808751,60.69988293992719,18.586077249266292,35.02511961376513,34.57045346148775,33.28441790104644,0.5833333333333334,0.9069767441860465,13968.57625752051,515078.73700219905,515078.73700219905,554,1.0,0.0,0.0,0.0,34.900151398063755,31.679953775971626,58.22379785030944,35.76043749809727,20.78857520722387,512.9277627996706,1677.4234015119114,834.8831931238069,0.4977176259561551,877.4151215123467,0.13152045190081627,5746.557782713877,9,2,0,22,0.0,517,207.0,5.746557782713877,413.036964058964,274365.74274623865,775.4122495514446,500000.0,0.323421091635661,111,5,12.57844588380036,0,E5,teleop,16.0,2,marketplace
17.08378601167233,30.87577349354269,22.34925060938311,31.61258664369109,62.06711270350447,125.26848312349576,99.2695687099925,108.7981208734378,,,38.65643715137422,68.24371259183987,15.3731159012399,20.431613871346237,53.01712666455704,30.87577349354269,0.6666666666666666,0.8275862068965517,22776.714596747763,525519.2910413912,524519.2910413911,535,0.9980971202826475,0.0,0.0,1000.0,38.12274862303421,31.96545173946916,69.8962016325253,40.314688506570626,17.08378601167233,567.2828614251359,1585.2111805863155,791.9601512242114,0.49959283717093916,879.7733339787824,0.1275924552371469,5562.349548916327,10,0,0,27,0.0,492,207.0,5.562349548916327,405.25172892476616,261829.7683863023,811.8341579682526,500000.0,0.3717058259191665,79,5,21.299523092449476,1,E5,teleop,16.0,2,marketplace
63.58172306407914,156.5358184828294,74.85191502960737,123.37047928054234,45.07767694396504,104.3434213912169,40.80131448053601,46.01854619840681,,,37.39861162604762,64.65900997859862,16.597142559606503,25.354749651156453,59.430250678857576,156.5358184828294,0.36363636363636365,0.5526315789473685,29310.196036041838,532277.3226155266,516873.34282247716,548,0.9710602365748803,14403.979793049497,0.02706104352195697,1000.0,38.67547023325711,31.679953775971626,73.1756691702572,37.78532436587565,63.58172306407914,515.5067463975462,1598.5805168868733,781.7159611592624,0.4890063108498288,832.537796020106,0.12958009826625738,5656.99617461051,14,0,2,24,435.7716687406828,502,207.0,5.65699617461051,411.4296067453582,270654.7802884719,785.7130620340581,500000.0,0.3542777910219573,103,7,19.038774686711548,2,E5,teleop,16.0,2,marketplace
55.83292155132391,170.1133518285149,119.87593199233987,264.73486771584305,60.63110071352503,117.52444066824887,339.5322979827306,339.5322979827306,194.88940365314284,194.88940365314284,38.33436302677756,66.76368353062152,29.668116354907447,94.28331113964215,104.34293420909997,170.1133518285149,0.5652173913043478,0.574468085106383,28096.063942230638,531327.860284328,530327.860284328,561,0.998117922897051,0.0,0.0,1000.0,41.93846310103868,31.965451739469245,75.39548626738406,43.11438984281901,55.83292155132391,664.9765599417966,1722.3182148279236,847.4302814862572,0.492028867946986,932.0123356699114,0.1359089776504312,5946.468169781726,14,1,3,21,200.48860842849183,519,207.0,5.946468169781726,401.5373962356294,256220.66880518597,831.1057385135965,500000.0,0.35152346917872634,109,2,4.330594455122777,3,E5,teleop,16.0,2,marketplace
17.158252060791636,28.686017731990255,37.013636971575465,56.61614779932797,28.376949014211885,46.356028121897914,,,21.26311675124157,21.26311675124157,47.104886364094774,84.85235463054705,14.0480773550712,24.075203374955983,32.44127275885357,28.686017731990255,0.8333333333333334,0.8571428571428571,32491.15341102122,534209.4492904893,519325.49254426855,546,0.9721383499187652,0.0,0.0,14883.956746220842,44.88722276250193,33.39294155696058,81.7091743941387,46.11916724229565,17.158252060791636,4330.014647851066,1596.7279368439652,788.9792234151802,0.49412251468127255,828.7297935940582,0.1263465629565545,5495.791747822903,12,0,0,26,448.46707890506303,501,207.0,5.495791747822903,409.1765083719807,268457.580166502,791.543273302357,500000.0,0.40309876643648207,198,7,27.86522592974418,4,E5,teleop,16.0,2,marketplace
52.99015673824307,173.24314405246,71.76998048590767,140.7496854331282,62.765166285163204,119.005855339983,182.13923312393354,251.49639062969754,,,37.60869573136211,62.80903387335018,15.309703760139172,23.261010330065346,90.84222627993134,173.24314405246,0.5185185185185185,0.543859649122807,43452.69323580841,547328.4080016714,546328.4080016714,572,0.998172943363837,0.0,0.0,1000.0,40.50296407420005,31.96545173946913,76.1293578256779,44.5615185039707,52.99015673824307,703.8200747792989,1761.1073351306447,872.0663502780102,0.4951806927845868,907.9362854763647,0.1329508560762487,5790.4817667403195,12,0,0,32,0.0,525,207.0,5.790481766740319,389.49188555849236,240117.7888599325,886.1920758851691,500000.0,0.3208240795497355,131,10,29.741831602725636,5,E5,teleop,16.0,2,marketplace
34.829989228907316,75.5269508920831,51.07663319977038,93.94540038347614,72.73991998399644,125.13024128206692,272.75824058661215,313.62240030020604,,,37.27929798808562,59.63856447935938,21.95376681549504,35.1667901633654,94.34202640964327,75.5269508920831,0.39285714285714285,0.5769230769230769,31608.77227884693,533346.8920584851,533346.8920584851,565,1.0,0.0,0.0,0.0,39.2291969820975,31.965451739469245,66.2750611100287,45.932850441497074,34.829989228907316,718.1588313246991,1700.2075961720254,847.0585213495796,0.4982088794666666,896.766723124657,0.13392639446799132,5843.6674943147755,13,0,0,29,66.63249534915276,514,207.0,5.843667494314776,399.07173110699415,254543.6026529792,836.177634306865,500000.0,0.3531427010160515,131,7,18.790258747757935,6,E5,teleop,16.0,2,marketplace
36.293796295610065,84.0454916605936,63.166884791008066,145.49855556750862,37.300636704628566,81.96882348335431,204.9459028511236,248.23896750957914,112.77700075083823,112.77700075083823,37.68212765221361,65.46537061510716,26.06152654488458,50.67121918270189,65.28195993029205,84.0454916605936,0.6216216216216216,0.7377049180327869,40773.60461111535,544565.4292464787,543565.4292464787,581,0.9981636733690867,0.0,0.0,1000.0,38.46304084572754,31.679953775971626,69.61703312775535,42.72284465816711,36.293796295610065,668.0971448504596,1800.2633888757741,882.7738560312155,0.4903581673026683,944.0541110005823,0.13793986397863636,6026.13479858085,12,1,1,22,0.0,537,207.0,6.026134798580849,391.9052304225635,245188.2806157824,868.8267410806611,500000.0,0.31632817796373747,158,5,13.994159568029652,7,E5,teleop,16.0,2,marketplace
28.479605261774303,72.87746231158405,42.522527502681925,88.067924553113,34.08521079509655,55.155283541634894,151.28133934309153,212.5894119803328,,,36.20833904791261,58.31168430439193,15.873424011290226,25.253852372452048,47.2108973497345,72.87746231158405,0.64,0.7916666666666666,38363.5914215517,540361.5398106,526845.8481339897,560,0.9749876875372225,13515.69167661024,0.02501231246277737,0.0,35.87944889764293,31.72747334021369,58.62712247648127,37.26760451840435,28.479605261774303,562.1932642531793,1725.9256513858277,863.4907095028983,0.5003058554750378,914.5272273683311,0.1299209571524865,5652.321767700482,10,0,1,19,0.0,528,207.0,5.6523217677004824,403.6329080335047,260648.34788936554,815.8590817462714,500000.0,0.3565108250959474,131,14,38.352157890005955,8,E5,teleop,16.0,2,marketplace
40.868253902656626,126.07146809611943,49.51820285807503,100.3596513780974,49.765163631396405,115.59980568538089,295.3428928744306,295.3428928744306,183.4928791001671,187.51026528282628,39.65132175387463,66.21246822437334,21.03012846686422,44.7877058706822,55.33843504263643,126.07146809611943,0.5263157894736842,0.654320987654321,47374.080402398526,549736.351411949,548736.351411949,603,0.9981809461982428,0.0,0.0,1000.0,40.67524770534368,31.965451739469245,72.18683068228079,46.226946645566066,40.868253902656626,725.3122661504616,1915.7182370896896,940.2393852240849,0.49080254445584476,1020.5823545717393,0.15029243039838827,6549.921302908224,19,0,2,33,163.31286600667576,541,207.0,6.549921302908224,389.1667113968751,241110.59133270584,885.6928271899637,500000.0,0.3570377619496492,164,10,29.7770075444804,9,E5,teleop,16.0,2,marketplace
35.98339803624948,121.6884273670224,25.193256889936293,39.758719968234914,56.62629688444841,149.421470010133,,,,,35.5198685028891,59.24720291543872,12.793220606120894,23.889819404280683,40.90977688719235,121.6884273670224,0.7142857142857143,0.8333333333333334,13819.243346008723,516514.44304295897,516514.44304295897,540,1.0,0.0,0.0,0.0,35.27072307445987,31.679953775971626,59.38603625642245,35.7481615243623,35.98339803624948,509.23486082750856,1630.1065179530904,811.3844107169513,0.497749319925301,872.3151398440612,0.12822674679942694,5586.1555242419345,11,1,1,20,0.0,515,207.0,5.586155524241935,411.5783370389915,270694.22766522784,785.3368627688319,500000.0,0.3482744937667877,79,9,27.316727122913743,10,E5,teleop,16.0,2,marketplace
47.57427643763751,113.69203467172883,48.95744214408228,91.1551891877609,34.61006618553622,56.80112070582959,,,182.3838731160722,182.3838731160722,36.44909650715829,60.69988293992719,16.615133322248635,22.245923552511343,38.70931645940652,113.69203467172883,0.5238095238095238,0.7714285714285715,26006.043708159235,531772.2574830158,531772.2574830159,543,1.0000000000000002,0.0,0.0,0.0,36.950696676930086,31.680126114632003,62.05934191267115,40.143371356719044,47.57427643763751,619.0370822292649,1621.5517204250357,806.0561188397085,0.497089367355133,877.9970867720858,0.12699503155638323,5548.576051692818,13,1,0,25,0.0,514,207.0,5.548576051692818,399.69850450214835,254603.66341253958,834.8213580387331,500000.0,0.342743504751205,111,5,13.65311362866234,11,E5,teleop,16.0,2,marketplace
39.53467320648666,73.53345179411284,49.07604783826556,84.74316575390287,78.5343959105303,78.5343959105303,,,,,37.84241616656914,60.966605935750124,13.602167003565487,21.445415598186447,53.28438327716052,73.53345179411284,0.2857142857142857,0.6428571428571429,3605.0987133016765,503977.3460501888,503977.3460501888,521,1.0,0.0,0.0,0.0,37.74694174221701,31.679953775971626,61.41362784867397,37.99164001890952,39.53467320648666,500.82996788355473,1466.387968212021,729.0090044620667,0.4971460624782359,793.5384812431301,0.12684055246376963,5549.826483742402,17,1,1,25,0.0,485,207.0,5.549826483742402,421.7448029153587,287113.40497675526,740.2992086034801,500000.0,0.3800987558923228,59,2,5.908785513585686,12,E5,teleop,16.0,2,marketplace
14.677230547244534,26.120521018712115,15.76400343751396,26.56538459897736,25.673945471021625,35.925347853401085,,,,,34.12617428802882,55.702482021040026,7.438684142297944,8.056019003251503,20.168422119072925,26.120521018712115,0.75,1.0,6216.486291594783,506496.9548278934,506496.9548278934,522,1.0,0.0,0.0,0.0,33.33182798501057,31.679953775971626,54.77692881123892,34.01351071008678,14.677230547244534,484.6327589946544,1529.8070503963888,761.8982292398218,0.49803550653162837,833.4364526470313,0.11528086934852523,5034.597568266249,7,0,0,21,0.0,501,207.0,5.034597568266249,418.6295604488188,281673.2635453926,752.7679230162225,500000.0,0.33602806453603273,62,5,15.798939167350841,13,E5,teleop,16.0,2,marketplace
34.460294807963685,70.2517142161218,53.52725269577565,80.9114764884063,50.78028764675266,99.46801186782079,67.35302503462202,116.90646878153731,,,37.93527385819815,61.41362784867397,15.82048854630747,32.43745837705298,55.54709323899999,70.2517142161218,0.4827586206896552,0.6451612903225806,58929.484502104126,566652.9292862886,566652.9292862886,576,1.0,0.0,0.0,0.0,38.23181665809953,31.679953775971626,68.98965826759047,40.02959493884573,34.460294807963685,594.7157094299561,1723.640334156419,851.9346538508383,0.4942647470986403,947.2471423208768,0.13154311447318343,5747.988157048171,6,0,2,30,0.0,520,207.0,5.747988157048171,375.4467279027549,222655.12832859988,955.5045498124324,500000.0,0.3705248663253206,125,5,11.417739574218373,14,E5,teleop,16.0,2,marketplace
101.81220227092462,283.91214257476696,88.11726318943762,178.10496783621147,60.766273593415505,108.02489035144117,235.77708452836805,401.4971179808465,82.73095499024726,127.86936732076352,40.624478607515556,72.48776430943263,39.10396835211258,108.59669360788612,106.90592636421377,283.91214257476696,0.2857142857142857,0.47297297297297297,64862.71277757866,573615.9384122626,573615.9384122626,603,1.0,0.0,0.0,0.0,48.534438751131034,31.965451739469245,101.37246339756466,51.79761338617108,101.81220227092462,902.2615107748516,1924.1550521699987,935.4384895509098,0.48615546262550574,1043.1920800984287,0.14786562305351464,6449.41782161529,17,1,1,28,33.90644577637496,548,207.0,6.449417821615291,372.11207626557865,216369.27510369266,986.5052129944141,500000.0,0.3366923035249805,189,7,20.008319115998848,15,E5,teleop,16.0,2,marketplace
37.78812651695555,111.41196576858275,59.50699224765699,110.50992962654527,116.019667370411,147.048796617068,,,,,37.4586525255356,61.90097446094563,7.924089128351095,9.312236915488393,78.34455062190833,111.41196576858275,0.6842105263157895,0.6428571428571429,8440.199489225186,509188.49886297405,509188.49886297405,531,1.0,0.0,0.0,0.0,37.99656099731108,31.679953775971626,67.10763629723238,37.773719979919434,37.78812651695555,527.604199774376,1531.937009732769,761.1744351380323,0.4968705829953227,816.2125181423024,0.12363000471697634,5395.5843010947665,12,1,1,21,0.0,496,207.0,5.395584301094766,417.12565145398503,281923.3202617989,753.3806855845077,500000.0,0.3587896169454578,74,7,18.876297312477938,16,E5,teleop,16.0,2,marketplace
19.28834166112369,35.48922007230776,23.70681100721313,42.20882553254833,41.51461355305152,66.58554355806646,,,,,34.820093312938084,55.708503572320566,16.41371037065682,35.6415124716259,31.12672873464579,35.48922007230776,0.6666666666666666,0.9259259259259259,10188.61735102234,511539.3687118152,511539.3687118152,538,1.0,0.0,0.0,0.0,33.92833334624327,31.679953775971626,55.3041325737946,34.763294072072846,19.28834166112369,494.1775884539044,1588.9171357956207,788.2619309156186,0.49610008801428845,865.9248768157845,0.12361393801850343,5402.570245358361,11,0,0,17,0.0,513,207.0,5.402570245358361,415.22233328832823,277507.0403659663,765.3952489466554,500000.0,0.36512320453841296,75,5,13.42652508780406,17,E5,teleop,16.0,2,marketplace
45.28259921786641,92.26465864334624,58.30507557795299,109.84905254749182,136.55032169842102,265.1525746105772,295.64202391683466,391.47715583170884,113.83702823374097,136.0969745118453,38.007879566857454,61.54493414676526,26.64917075685876,57.005629792916444,142.10186208893074,92.26465864334624,0.43478260869565216,0.42592592592592593,68261.72443658626,577118.2182746406,576118.2182746406,575,0.9982672527597732,0.0,0.0,1000.0,43.7795597951901,31.965451739469245,82.54855933478213,53.19291945979817,45.28259921786641,919.5044939447931,1790.0711545565637,882.1279196244338,0.4927893047038985,979.3303594884803,0.1366653525643629,5975.711441107805,9,0,4,29,56.10770373854109,534,207.0,5.975711441107805,369.673627192224,220509.42541215284,965.83495713635,500000.0,0.35200532896681774,179,4,10.79092325803397,18,E5,teleop,16.0,2,marketplace
71.54137380796062,197.9765611287749,69.32100037302382,147.33678313680377,72.5102286545204,173.6073501751847,,,216.10789076617402,216.10789076617402,37.37791167636323,60.45654278162447,27.163047121417883,61.17382456463196,70.44661035472849,197.9765611287749,0.3142857142857143,0.5362318840579711,37728.11627304937,538786.9281851918,536786.9281851918,582,0.9962879574552103,0.0,0.0,2000.0,41.42564158184589,31.965451739469216,70.90416398444249,45.75099095547386,71.54137380796062,734.1427521802057,1811.9418342422118,902.2977917956252,0.4979728238202432,935.2239748487098,0.1350631137279769,5873.860777808465,8,0,3,31,90.03610445643714,525,207.0,5.873860777808465,396.57050051033815,249763.82444315113,852.3006133991225,500000.0,0.3349470115721827,178,14,41.228095283153664,19,E5,teleop,16.0,2,marketplace
12.169038099757763,19.498488249028764,21.645485571304953,33.594254880693555,13.964325113093347,22.05370913104298,,,,,35.531174364267265,60.431935409526986,16.977689356704445,35.02511961376513,19.21985595292234,19.498488249028764,0.9583333333333334,1.0,13968.57625752051,515078.73700219905,515078.73700219905,554,1.0,0.0,0.0,0.0,33.59129231508499,31.679953775971626,55.965451739469245,34.89488286537095,12.169038099757763,487.72788241721946,1718.895582285138,854.7798405063214,0.49728433147169887,933.0155832063767,0.1320663764428464,5760.656095647293,9,0,0,16,0.0,522,207.0,5.760656095647293,413.0643352391752,274383.92444628483,775.4122495514446,500000.0,0.3774249603235167,2,9,23.758435056926217,0,E5,teleop,16.0,4,marketplace
14.93762112509526,25.615115261801567,18.05075341808678,23.744855602436473,38.10712683377433,66.50336128390263,63.23517812301392,100.72627932596333,,,36.22788258052541,58.867329017315754,17.01873891806635,22.36154037769611,34.89612064617386,25.615115261801567,0.8,0.8620689655172413,22776.714596747763,525519.2910413912,524519.2910413912,535,0.9980971202826477,0.0,0.0,1000.0,35.344774927161694,31.679953775971626,58.80436190412766,37.002053446126176,14.93762112509526,511.50923905706446,1617.4265159194001,806.0524433343718,0.4983549084925099,906.2669492757974,0.13156044220599764,5753.14116580545,11,0,3,26,0.0,500,207.0,5.7531411658054505,405.6154745870282,262064.7814305509,811.8341579682526,500000.0,0.3903848922456647,1,3,8.544387343355774,1,E5,teleop,16.0,4,marketplace
57.990442714290566,156.5358184828294,29.08158709954094,44.127543273655576,72.89928785777404,146.07583776193042,60.71399533170347,92.40915225910462,,,34.817880419997195,60.50911269257358,17.018565541847405,34.88784874243902,49.46727591289867,156.5358184828294,0.5,0.631578947368421,29310.196036041838,532277.3226155266,516873.34282247716,548,0.9710602365748803,14403.979793049497,0.02706104352195697,1000.0,35.818599826386304,31.679953775971626,62.9402508348946,35.50733417081128,57.990442714290566,470.267871349966,1622.8364714549373,800.2726549561901,0.4931320370429646,861.903591620137,0.13273152428590845,5795.028634271226,14,0,0,29,435.7716687406828,504,207.0,5.795028634271226,411.6966595186875,270830.45823800657,785.7130620340581,500000.0,0.37272883406339546,2,7,19.038774686711548,2,E5,teleop,16.0,4,marketplace
16.33524673205281,27.93211715502657,36.044101938815146,55.6420095243795,59.09760049763431,123.4855752341535,188.77040614863563,188.77040614863563,166.24707982209839,166.24707982209839,36.47678286193321,58.303043757143406,22.31622445816473,61.62769082780709,52.01332234706566,27.93211715502657,0.7391304347826086,0.8297872340425532,28096.063942230638,531327.860284328,530327.860284328,561,0.998117922897051,0.0,0.0,1000.0,36.19361725758978,31.679953775971626,59.200363661867414,39.69545514418621,16.33524673205281,597.7051569645462,1773.7786398652067,877.528272663765,0.4947225391836099,942.3027743548728,0.13873514921217475,6066.440368496924,16,1,1,21,0.0,527,207.0,6.066440368496924,401.7636189323795,256365.02131432612,831.1057385135965,500000.0,0.3515472392428576,7,4,9.212732199571061,3,E5,teleop,16.0,4,marketplace
19.880526828248712,46.53956366882676,22.44751906992849,34.80687228736924,19.392905202353177,34.22424274468413,,,86.75725068829217,137.4524910378242,36.87754757842488,60.69988293992719,15.413052579762121,23.873380468951293,20.83037055180038,46.53956366882676,0.7222222222222222,0.8857142857142857,32491.15341102122,538255.453584505,538255.4535845051,550,1.0000000000000002,0.0,0.0,0.0,35.49931592075457,31.67995377597086,60.18118032233652,39.09340248528793,19.880526828248712,557.1964814974125,1658.3610207016666,825.1538009879821,0.4975718740897881,907.4889378483374,0.1324026458630263,5773.435687584353,12,0,1,24,416.11922992464497,508,207.0,5.773435687584354,395.3019598233933,255970.55225522615,831.2418511150834,500000.0,0.3730221227988446,0,7,22.43458937846546,4,E5,teleop,16.0,4,marketplace
34.91780410641649,73.96214593324389,45.3895937886038,100.01729571498839,58.99921438035959,107.29786855043339,141.9172119334371,186.2673043743448,,,35.34185658570527,58.6910847416022,15.036469291797076,34.70796319175611,69.23165761482238,73.96214593324389,0.5925925925925926,0.631578947368421,43452.69323580841,547328.4080016714,546328.4080016714,572,0.998172943363837,0.0,0.0,1000.0,36.53129437806574,31.679953775971626,68.03537803778097,40.57724157623639,34.91780410641649,626.6626043064297,1837.8820146009768,914.3270697023102,0.49748953547533353,963.3203926618966,0.13541186622470514,5896.877048739905,12,0,2,26,0.0,533,207.0,5.896877048739905,389.6866315765308,240237.847800759,886.1920758851691,500000.0,0.3390620900073135,1,10,29.400785663358324,5,E5,teleop,16.0,4,marketplace
15.0523833127657,27.331051451489728,32.17512489605591,45.8539510980243,29.859771274078575,59.30852590561504,167.96625720146955,179.99236300911326,,,37.2992665755077,59.30789569504537,21.940831746018286,39.614932096054325,54.131668807214794,27.331051451489728,0.7857142857142857,0.8846153846153846,31608.77227884693,533346.8920584851,533346.8920584851,565,1.0,0.0,0.0,0.0,36.55839094616404,31.679953775971626,59.1954534579465,41.36640480847284,15.0523833127657,596.8615269405443,1744.1527470409003,872.4271057573234,0.5002010903216294,956.7487988780251,0.13961356744598236,6091.904733986514,11,0,3,29,66.63249534915276,509,207.0,6.091904733986514,399.5371640988574,254840.47407059072,836.177634306865,500000.0,0.388204953892665,5,8,20.010146893298728,6,E5,teleop,16.0,4,marketplace
17.64442275282827,26.58824082432675,42.502795619735075,116.98142107458462,15.410837437880483,28.395692936877097,36.009458756673155,44.892825122149574,122.4102145881123,122.4102145881123,36.51805583329093,62.57646856253899,19.387924911921175,47.20563121240479,31.802199896284446,26.58824082432675,0.8378378378378378,0.9180327868852459,40773.60461111535,544565.4292464787,543565.4292464787,581,0.9981636733690867,0.0,0.0,1000.0,34.67947506541167,31.679953775970716,61.83488203103116,37.531657073244595,17.64442275282827,557.2946491970372,1845.7652909874507,909.6297915294483,0.49281985958399566,976.5260914526134,0.14357062625849637,6258.461109194846,14,2,1,17,26.896991754244304,547,207.0,6.2584611091948465,392.3326422815848,245455.68296383283,868.8267410806611,500000.0,0.3296710988269213,2,11,29.122168716880093,7,E5,teleop,16.0,4,marketplace
25.355276397538383,76.47299944817914,48.26477720773161,122.35598870304143,18.783271694617444,48.91368438751192,27.04987872320396,35.74130599308744,,,36.0932279198937,57.75313053655673,12.177274067813391,21.731525527879832,29.7565437886212,76.47299944817914,0.76,0.8333333333333334,38363.5914215517,540361.5398106,526845.8481339898,560,0.9749876875372228,13515.69167661024,0.02501231246277737,0.0,34.841113688995286,31.679953775971626,58.03747617276208,35.41774070494716,25.355276397538383,497.25352616351984,1715.3856787186874,854.3535253397255,0.49805331590379576,918.6094648486021,0.13551399233474537,5899.510687871509,11,0,3,23,0.0,524,207.0,5.8995106878715085,404.10209445880633,260951.32781041015,815.8590817462714,500000.0,0.39246062886086924,3,14,38.25962788959226,8,E5,teleop,16.0,4,marketplace
38.32306564970778,96.1931530965761,40.11192973964993,89.94208336046228,33.69940971762755,58.92893535113208,193.98698638275346,193.98698638275346,65.18475502345564,80.36736884079646,38.24534301529989,65.48380550769798,17.58774517537001,36.25046251290951,41.00610872213134,96.1931530965761,0.5263157894736842,0.7037037037037037,47374.080402398526,549736.351411949,548736.351411949,603,0.9981809461982428,0.0,0.0,1000.0,37.81704393549729,31.679953775971626,68.7082348848997,40.07217277396976,38.32306564970778,573.9702821142502,1935.3475365341633,951.3484515930153,0.4915646588708807,1072.3168809841748,0.15626046109072425,6815.412326710218,18,1,3,29,103.5663538295998,543,207.0,6.815412326710217,389.6505339523134,241410.34652508367,885.6928271899639,500000.0,0.38544855448140297,5,10,29.091405714710316,9,E5,teleop,16.0,4,marketplace
37.17326547078512,116.28932228561524,29.21491060338539,46.60335159243488,40.886053012322606,93.21365386719118,,,,,34.36078087149268,58.48837991391158,11.902440447173854,15.62712289754988,35.050481807854,116.28932228561524,0.7142857142857143,0.7666666666666667,13819.243346008723,516514.44304295897,516514.44304295897,540,1.0,0.0,0.0,0.0,34.03823752913839,31.679953775970944,59.815454300267106,34.21387743039827,37.17326547078512,478.4023096401582,1634.8774833763632,813.8050951756633,0.49777741968467626,885.9389953259176,0.12724226468807665,5545.289638823652,11,0,1,22,0.0,512,207.0,5.545289638823653,411.4992184664739,270642.19154244324,785.3368627688319,500000.0,0.36257173522260294,0,8,26.78244080714304,10,E5,teleop,16.0,4,marketplace
37.47949552118494,106.85682904437272,40.41319758103168,77.82801001458667,30.276750924478232,37.591160215219205,,,180.95867155586348,180.95867155586348,35.31572608370873,58.45862478738573,18.545282381475253,33.76951912156166,33.17287854063636,106.85682904437272,0.6190476190476191,0.7714285714285715,26006.043708159235,531772.2574830158,531772.2574830158,543,1.0,0.0,0.0,0.0,35.39618489059733,31.679953775971626,59.34893420726085,38.11142442833329,37.47949552118494,570.6479693761104,1662.094475174265,830.1741731113847,0.49947472030694506,927.751068741076,0.13182283055517116,5754.06160731092,14,0,1,23,0.0,517,207.0,5.75406160731092,400.0849209665776,254849.80655878215,834.821358038733,500000.0,0.3727059124031074,5,7,20.340030972431812,11,E5,teleop,16.0,4,marketplace
30.152271300675434,59.87016392929421,38.9785890723341,72.10709253322068,56.4846194665779,56.4846194665779,,,,,37.096282407866745,65.69720850036376,13.602167003565487,18.105268555787006,41.47945055722607,59.87016392929421,0.8571428571428571,0.7857142857142857,3605.0987133016765,503977.3460501888,503977.3460501888,521,1.0,0.0,0.0,0.0,36.74621578879778,31.679953775971626,65.6518065072105,37.12741087973103,30.152271300675434,494.16271359900315,1473.0245969512662,728.7818105289217,0.4947519627556042,800.0201367581882,0.12426456496331273,5439.834766468196,18,0,1,23,0.0,487,207.0,5.439834766468196,421.5265555712345,286964.82759615575,740.2992086034801,500000.0,0.37384628990199004,2,1,3.662249598907491,12,E5,teleop,16.0,4,marketplace
12.73962199339757,21.32923712308086,12.978815833231815,16.955138039206282,21.564019293777392,28.63434497953599,,,,,34.263537727379415,55.70850357232138,7.438684142297944,8.056019003251503,16.79446181569652,21.32923712308086,1.0,1.0,6216.486291594783,506496.9548278934,506496.9548278934,522,1.0,0.0,0.0,0.0,33.375535281014656,31.679953775971626,54.781041938585325,34.09507836035796,12.73962199339757,469.9165483353509,1544.3509037497092,774.1653663548439,0.5012885118758682,847.6992261791397,0.11957481605436199,5218.978052550783,10,0,0,18,0.0,501,207.0,5.218978052550783,418.99359123425006,281918.2002365653,752.7679230162225,500000.0,0.3533389737081188,0,6,19.850254681350226,13,E5,teleop,16.0,4,marketplace
27.689353311904345,51.40106244265801,37.24267405997267,62.70005557284194,36.69657531144347,89.1453101101007,48.91073295853289,70.75875220361915,,,36.725964146789444,58.06275485848115,16.425832202516794,38.62381823020645,39.80651924821553,51.40106244265801,0.5862068965517241,0.7580645161290323,58929.484502104126,566652.9292862886,566652.9292862886,576,1.0,0.0,0.0,0.0,35.95408004421232,31.679953775971626,60.36958076893495,37.48554547461841,27.689353311904345,532.4168832361709,1794.8986164628566,889.836414540254,0.49575859403904565,1002.7995194769941,0.1367367526565856,5974.660473509753,7,0,4,27,0.0,528,207.0,5.974660473509752,375.8467475704323,222892.35620627564,955.5045498124324,500000.0,0.38440978161190315,4,5,12.10334140398846,14,E5,teleop,16.0,4,marketplace
42.36470778442801,103.2356819975575,46.85370480004708,120.60251289826533,34.09152129743891,46.25561413529658,77.19286164891842,130.49464394643178,55.07710654351331,78.09244011664241,37.50704080542203,61.459183815884366,24.595318703462866,44.51008090637882,48.69960427218579,103.2356819975575,0.6,0.7162162162162162,64862.71277757866,573615.9384122625,573615.9384122625,603,1.0,0.0,0.0,0.0,37.99303077920691,31.679953775971626,72.63040465958696,41.122378155936886,42.36470778442801,634.2393364207917,1955.36599313093,959.5301870447603,0.4907164134057387,1046.0848448499526,0.1515674327653651,6613.309666460799,19,1,2,30,196.94393627887374,551,207.0,6.613309666460799,372.3977933000445,216535.4088885796,986.5052129944141,500000.0,0.3516934294938639,16,9,22.22475402315243,15,E5,teleop,16.0,4,marketplace
32.746542423360594,103.73201299261237,52.72970993655006,106.66995323856008,87.62882381653253,124.50620986388094,,,,,36.6223592792843,61.02522993270138,11.376200137765522,15.746082535357619,64.36274789654422,103.73201299261237,0.7368421052631579,0.7142857142857143,8440.199489225186,509188.49886297405,509188.49886297405,531,1.0,0.0,0.0,0.0,36.81121897771788,31.679953775971626,64.96651077081424,36.77356413661472,32.746542423360594,509.19765154416797,1531.8867211282445,761.8571476778847,0.4973325619774104,845.1652825745458,0.12625361465217572,5509.0816939230735,12,1,1,22,0.0,497,207.0,5.509081693923074,417.34855003296263,282073.9710483136,753.3806855845077,500000.0,0.368580172608102,0,7,20.292010996707234,16,E5,teleop,16.0,4,marketplace
15.076289665699592,24.03977308506928,18.849713146133947,38.2089672293696,28.673029107250716,37.62924966347182,,,,,34.03538556623766,53.835125032713975,17.542918154729435,28.415594082222697,22.942761463265935,24.03977308506928,0.8666666666666667,1.0,10188.61735102234,511539.3687118152,511539.3687118152,538,1.0,0.0,0.0,0.0,32.92216053041922,31.679953775971626,52.395182923313534,33.75725525901088,15.076289665699592,470.1688005481569,1608.6209317436892,803.2131744493478,0.4993178682430127,881.1101960060697,0.12556763584697242,5467.502743754326,11,0,0,16,20.49258331954041,513,207.0,5.467502743754325,415.3492687743681,277591.8756174071,765.3952489466554,500000.0,0.377669321586366,0,8,27.293345928887423,17,E5,teleop,16.0,4,marketplace
28.42002945735017,58.80869849597003,31.069860764069837,71.5034723695131,56.35012840147992,136.71221972959026,187.29115010390584,242.05246912132498,44.78043967138365,49.888386239042305,36.31645960494022,58.342739665019685,30.007304655170266,68.86568379491564,73.53862691246233,58.80869849597003,0.5217391304347826,0.6666666666666666,68261.72443658626,577118.2182746406,576118.2182746406,575,0.9982672527597732,0.0,0.0,1000.0,37.817353786289964,31.679953775971626,65.01889030358946,42.975951868633395,28.42002945735017,691.0796300706952,1840.9992696455918,905.1769035789879,0.4916769487655703,1004.4015248653905,0.14351834273482955,6279.151655057033,9,0,9,27,4982.697451618761,535,207.0,6.279151655057033,370.20032501972537,220823.59939364647,965.8349571363499,500000.0,0.3578201172680049,15,3,7.858785513585686,18,E5,teleop,16.0,4,marketplace
59.10318868290078,202.6706894140367,39.91840422510533,125.2962723481146,44.648929962749854,94.48075958581913,,,153.89775772286885,153.89775772286885,35.92184825948868,59.16530893061455,17.965144413617356,34.08043897829121,41.58800154427398,202.6706894140367,0.6571428571428571,0.7681159420289855,37728.11627304937,538786.9281851918,536786.9281851917,582,0.99628795745521,0.0,0.0,2000.0,37.417687060387834,31.6799537759709,70.31028000917354,40.975019722498764,59.10318868290078,607.8739842133837,1887.78458974608,944.1182741593296,0.5001197060763802,997.3543991013898,0.1407936650816614,6113.463713899448,10,0,3,27,227.18537699277428,533,207.0,6.113463713899447,397.01686558279084,250044.94935650233,852.3006133991225,500000.0,0.3656375702013195,20,14,47.47514504771679,19,E5,teleop,16.0,4,marketplace
3067.2487805977603,6537.595352240287,691.5681964851125,691.5681964851125,,,,,,,4695.082886789589,7131.344561136895,,,691.5681964851125,6537.595352240287,0.0,0.0,13968.57625752051,514114.60614480433,16912.41929361751,20,0.032896204642849605,0.0,0.0,497202.1868511868,4250.732036345591,4423.27556919788,7303.592402021347,4616.923271153238,3067.2487805977603,91143.91391982234,45.29819340259646,22.14216469833948,0.4888090017530436,30.607587033431955,0.186797073769238,8099.045794970093,11,0,0,0,0.0,20,207.0,8.099045794970094,12718.407819757946,12871499.735332564,16.71126521523504,500000.0,0.5689059573886417,68,1,2.0840585404445817,0,E5,teleop,602.6,1,marketplace
3330.0631281323313,3330.0631281323313,,,,,,,,,4084.3207184014664,7134.43885659917,,,,3330.0631281323313,0.0,0.0,22776.714596747763,522776.7145967477,19267.156348030898,20,0.03685542184657733,0.0,0.0,503509.55824871676,4046.6078388880096,3794.220842910854,7056.422771533429,4073.8622625893568,3330.0631281323313,92337.98195987033,42.69747264650354,23.621355859448734,0.5532260903358893,26.81067934313391,0.18513314123233834,8026.16554985389,12,0,0,0,0.0,20,207.0,8.026165549853891,11160.243975070538,12057123.576489361,17.833952201430655,500000.0,0.5737036532279935,59,1,2.0840585404445817,1,E5,teleop,602.6,1,marketplace
,,,,,,,,,,4207.517720797194,7559.443080712522,,,,,,,29310.196036041838,529310.1960360417,20000.0,20,0.03778502690818781,14403.979793049497,0.027212738203268434,494906.2162429923,4207.517720797194,4066.035011079691,7559.443080712522,4207.517720797195,,90758.15107722652,44.82563828054142,22.01529108873357,0.49113168118099715,32.20057673222592,0.18691819692812853,8136.591982605728,11,0,0,2,0.0,18,207.0,8.136591982605728,10756.829599130286,7793117.219040279,27.605974084026386,500000.0,0.35248143371498664,52,1,1.6949926253526888,2,E5,teleop,602.6,1,marketplace
5866.000964857037,7244.552480952544,6316.906928598324,8355.16098605481,4080.445929665301,4220.636171160685,,,,,3020.8082643415264,5138.905802713359,,,5422.322529025115,7244.552480952544,0.0,0.0,28096.063942230638,528294.6273453579,16211.693226547675,22,0.030686840992516343,0.0,0.0,512082.93411881017,3954.587783658093,4080.445929665301,7086.929184850222,3228.8405315486066,5866.000964857037,92140.15320031947,47.69451488341698,20.900778807773136,0.43822185546623893,39.759511960402406,0.2101502901204117,9154.15766442773,11,0,0,3,0.0,17,207.0,9.154157664427728,13333.225261779664,10263600.486131258,21.060266127516083,500000.0,0.5852805299065412,60,1,1.6949926253526888,3,E5,teleop,602.6,1,marketplace
1252.2660126020292,1797.4954554260235,,,,,,,,,3893.982438345096,7070.946627528441,,,,1797.4954554260235,0.0,0.0,32491.15341102122,532546.1425096528,21534.903386881317,25,0.04043762909519335,0.0,0.0,511011.2391227714,3471.307810226205,2633.098312339391,6991.145002668385,3822.935545527025,1252.2660126020292,94572.84994277416,54.684978732534006,28.51036860997286,0.5213564907726854,26.900755094224955,0.19361393756419407,8263.958160606046,15,3,0,1,0.0,24,207.0,8.263958160606045,9996.049403766589,10666745.26871821,20.180847366056366,500000.0,0.45258670070466406,90,3,6.577130369800972,4,E5,teleop,602.6,1,marketplace
5155.975120461755,5155.975120461755,,,,,,,,,4222.665885804607,8944.771190111083,,,,5155.975120461755,0.0,0.0,43452.69323580841,543452.6932358083,19271.352909785197,20,0.03546095759511345,0.0,0.0,524181.3403260231,4269.331347537464,4036.5311087501486,8939.670733955334,4235.807473618352,5155.975120461755,91521.70007193036,42.950800916360436,22.30047878700103,0.5192098473420208,31.656003459319145,0.19263982864940662,8329.188088361345,10,0,0,2,0.0,17,207.0,8.329188088361345,11173.537690704947,8306383.2642280925,25.923338863460422,500000.0,0.5936432339311852,63,2,3.644992625352689,5,E5,teleop,602.6,1,marketplace
3057.3769161614828,3058.2604109638914,6432.367429482393,6857.831016044625,4165.720128790248,5047.814869565245,,,,,2837.2231144503276,5447.902636815073,,,5676.818329251677,3058.2604109638914,0.0,0.0,31608.77227884693,532515.0787145814,12368.70105030027,18,0.023226949892492476,0.0,0.0,520146.37766428106,3808.216386240906,3069.860331473121,6196.916471029369,3185.8244921287105,3057.3769161614828,97180.80399975152,37.9029791963593,18.26119633927184,0.48178788914370846,38.07728052416064,0.19930703830100777,8646.98224146161,7,0,0,3,0.0,10,207.0,8.646982241461611,17434.89323288531,9430989.333402418,22.865785827759247,500000.0,0.4472546560086912,31,1,2.0840585404445817,6,E5,teleop,602.6,1,marketplace
2727.063893472287,3709.339705070673,4772.50782846706,4772.50782846706,9197.129557415703,9197.129557415703,,,,,2321.6576494703636,3878.5018094444426,,,6984.818692941381,3709.339705070673,0.0,0.0,40773.60461111535,540849.3427565468,10970.894240420552,18,0.0202845660947006,0.0,0.0,529878.448516126,2997.4446380790027,3173.131214680912,4473.812569098566,2783.196154199383,2727.063893472287,101642.69091679757,43.77886821363954,21.74900267604939,0.4967922553391495,34.92771895104937,0.19478839428953748,8449.065633759212,10,0,0,2,0.0,15,207.0,8.449065633759211,19638.241050576413,16891116.2015091,12.75517041404939,500000.0,0.622349411058698,56,1,2.0840585404445817,7,E5,teleop,602.6,1,marketplace
3286.4985632634857,4737.842752519028,7683.256281015314,7846.184817471769,6168.333497455224,6175.179536997463,,,,,2139.141601481066,3493.315560319368,,,6925.794889235268,4737.842752519028,0.0,0.0,38363.5914215517,538555.4778557566,10662.364009067047,19,0.01979807920907043,13515.69167661024,0.02509619200313881,514377.4221700793,3690.3429597473073,4081.267128696363,6437.4319595953675,3467.2726590492553,3286.4985632634857,96110.2266911783,34.47248457214546,14.090367537878901,0.4087424423496365,30.077986136049017,0.1985035510772564,8544.956366769738,7,0,0,2,0.0,9,207.0,8.544956366769739,20215.494067120097,10807626.037995411,19.94378373280103,500000.0,0.6332355442733121,30,2,4.330594455122777,8,E5,teleop,602.6,1,marketplace
4796.650986167966,6319.034017900625,6154.942715993733,7531.709875104677,,,,,,,2826.834798016863,5102.330996974896,,,6154.942715993733,6319.034017900625,0.0,0.0,47374.080402398526,547529.2051508314,10837.147329277486,18,0.01979282059719921,0.0,0.0,536692.0578215539,4079.611917702289,4460.750429583335,6346.309476129974,3013.769053634159,4796.650986167966,94107.13614221071,41.937644137138605,20.46364036702357,0.4879539799638301,35.716146346735314,0.19739354588866528,8473.616401334937,7,0,0,3,0.0,11,207.0,8.473616401334938,19882.87229603444,12974978.584612014,16.606857190260108,500000.0,0.6289344055242413,31,3,6.252175621333745,9,E5,teleop,602.6,1,marketplace
,,,,,,,,,,6996.63719179699,12972.226723901324,,,,,,,13819.243346008723,513819.2433460087,29000.0,29,0.056440081556990734,0.0,0.0,484819.2433460087,6996.63719179699,5824.860575316003,12972.226723901324,6996.637191796991,,89714.46912063334,43.29656362404389,21.952218720989496,0.5070198852640297,33.396886657555264,0.28180544317601214,12260.4123749868,11,0,0,1,0.0,20,207.0,12.2604123749868,7560.7038749995445,5108028.3954603635,42.9246659180378,500000.0,0.3981347022338022,59,1,2.0840585404445817,10,E5,teleop,602.6,1,marketplace
1352.9648944070443,1352.9648944070443,,,6883.589765435381,6883.589765435381,,,,,4499.113295773309,9640.194304196257,,,6883.589765435381,1352.9648944070443,0.0,0.0,26006.043708159235,526006.0437081592,19393.56033010307,21,0.03686946293123408,0.0,0.0,506612.4833780562,4462.843203787396,4413.338085000969,9628.597791589571,4525.465502756138,1352.9648944070443,92362.03062729629,40.50798995138548,19.466200111193228,0.4805521116835231,29.192150133386196,0.20301960821666698,8892.258839890013,11,0,0,1,0.0,19,207.0,8.892258839890012,11132.162179874613,9967617.165676553,21.659365046975733,500000.0,0.6121169281378047,62,0,0.0,11,E5,teleop,602.6,1,marketplace
,,,,,,,,,,4211.023596604761,7680.432881852018,,,,,,,3605.0987133016765,503605.0987133017,19000.0,19,0.037727973859963924,0.0,0.0,484605.0987133017,4211.023596604761,4306.428911918272,7680.432881852018,4211.023596604761,,88507.22071887938,33.28606360089478,17.470346734435648,0.5248546942620761,24.296389474487256,0.18014245170688273,7890.239384761464,16,0,0,0,0.0,19,207.0,7.890239384761464,11310.012599197971,13587132.420186765,15.815716866459127,500000.0,0.3599514521193157,63,0,0.0,12,E5,teleop,602.6,1,marketplace
,,,,,,,,,,4101.20656352879,7210.379568207965,,,,,,,6216.486291594783,506216.48629159486,20000.0,20,0.03950878831804668,0.0,0.0,486216.48629159486,4101.20656352879,4031.1664741961367,7210.379568207965,4101.20656352879,,88518.33270895516,48.51081690544882,31.862693888123424,0.6568162715178798,27.707598841779223,0.186824641215649,8009.583200461261,12,0,0,0,0.0,20,207.0,8.009583200461261,10750.479160023064,12914944.404045112,16.648123017325396,500000.0,0.3616933815080434,62,5,8.474963126763445,13,E5,teleop,602.6,1,marketplace
3378.6231179152655,5726.614276792006,6979.309035961758,6979.309035961758,8180.9365894820685,8180.9365894820685,8115.6394609479985,8115.6394609479985,,,3569.4234314769205,7025.321594903033,,,7758.628362130609,5726.614276792006,0.0,0.0,58929.484502104126,558929.4845021041,23671.051787221495,21,0.04235069439628459,0.0,0.0,535258.4327148828,4149.709820278718,3730.058462440323,7096.307058067269,4939.330364805964,3378.6231179152655,96923.94920318488,46.25581602258741,23.448290942323222,0.5069263275103193,38.271650440832126,0.20637106934243277,8956.386801076025,7,1,0,2,0.0,16,207.0,8.956386801076025,9123.22733870479,4319186.86018777,49.999315563691,500000.0,0.5966514632179507,48,1,2.0840585404445817,14,E5,teleop,602.6,1,marketplace
3096.205308810884,3457.3101054467857,8415.248797043962,9167.94273797142,6481.530711040908,6481.530711040908,,,,,3614.0578995934334,6658.776759192238,,,8092.962449376785,3457.3101054467857,0.0,0.0,64862.71277757866,564875.161971171,17587.22979292671,24,0.03113471962823583,0.0,0.0,547287.9321782443,4690.629654474059,3975.2690200115826,8369.673376275436,3851.7711878429723,3096.205308810884,98099.9759623074,48.31908779084561,20.23096549960748,0.4186951042449187,40.39836140667197,0.22896863606025225,9978.401216592745,11,1,0,4,0.0,16,207.0,9.978401216592745,12337.269926606508,8040491.043411915,26.98571518145983,500000.0,0.576222565231148,55,1,1.6949926253526888,15,E5,teleop,602.6,1,marketplace
185.03606509043857,185.03606509043857,,,,,,,,,4221.282438046535,7600.742544295715,,,,185.03606509043857,0.0,0.0,8440.199489225186,508440.1994892252,19020.0,20,0.03740852910353535,0.0,0.0,489420.1994892252,4019.4701193987303,4034.0577973517175,7582.268434842789,4217.038225246371,185.03606509043857,88460.22206540867,37.22759214092566,19.716882649113845,0.5296308870709463,24.700964705395197,0.1808610344322299,7871.288265285368,10,0,0,0,0.0,20,207.0,7.871288265285368,11297.123462948757,13556875.984777803,15.849616718966182,500000.0,0.5786079946769104,68,1,1.6949926253526888,16,E5,teleop,602.6,1,marketplace
1254.7107716624278,1254.7107716624278,,,,,,,,,4455.049408423652,7798.36476730152,,,,1254.7107716624278,0.0,0.0,10188.61735102234,510188.6173510223,21252.26976826295,22,0.0416557113300724,0.0,0.0,488936.34758275934,4309.579470389051,4019.5134765695475,7777.928647955103,4417.060586756031,1254.7107716624278,89700.4026622636,41.009355027226704,20.54928879998011,0.501087831943154,27.769407224455353,0.19936466786347265,8681.747409573798,13,0,0,1,0.0,21,207.0,8.681747409573797,10148.645286427798,10184198.919662174,21.178076853267935,500000.0,0.5981012515893487,58,1,1.6949926253526888,17,E5,teleop,602.6,1,marketplace
2627.036815727142,2762.6994165611236,3402.0163689372275,3402.0163689372275,,,,,,,3184.4145633608746,5555.435320391203,,,3402.0163689372275,2762.6994165611236,0.0,0.0,68261.72443658626,568261.724436586,15720.739480988344,19,0.02766461087375711,0.0,0.0,552540.9849555977,3107.8602771858828,2819.0044661685815,5348.434012591002,3167.0481287814614,2627.036815727142,96106.65459319232,45.11487887334107,23.309907565151942,0.5166789349162156,32.61631819601934,0.18175561785226857,7960.896061929363,9,0,0,1,0.0,18,207.0,7.960896061929363,13673.714033738,12590154.650556898,17.073729594927656,500000.0,0.5974320333461156,47,0,0.0,18,E5,teleop,602.6,1,marketplace
3642.078635335347,6034.562452390419,4923.901122522022,5363.468250560243,2431.217584970517,2431.217584970517,,,,,2682.336980845616,4940.297009366009,,,4508.453866263438,6034.562452390419,0.0,0.0,37728.11627304937,537808.3428352735,15399.819235243058,21,0.028634400043064976,0.0,0.0,522408.5236000304,3295.4886294878243,3683.4743413749857,5632.4725344854205,2740.763314433685,3642.078635335347,91543.64017139078,42.722158401794545,18.33901953547988,0.42926247693303693,34.735453257932605,0.20467897164779966,8914.513915327321,9,0,0,1,0.0,16,207.0,8.914513915327321,14020.587554768106,10659708.524875863,20.2551986680932,500000.0,0.603495362655107,46,1,1.6949926253526888,19,E5,teleop,602.6,1,marketplace
1450.2194579505153,3094.010719576804,5185.658021921388,5330.713043573864,,,,,,,5185.043898750875,11537.188330286515,3661.920990485057,3661.920990485057,5185.658021921388,3094.010719576804,0.0,0.0,13968.57625752051,514114.60614480433,46777.12450019754,55,0.09098579176920409,0.0,0.0,467337.48164460674,4682.031794250378,3661.920990485057,11483.500169215731,5049.057878832529,1450.2194579505153,85841.68555732188,118.20146473762497,56.03902068220524,0.47409751483703344,59.396461827977745,0.40019422389769205,17445.840970596382,22,1,0,2,0.0,45,207.0,17.44584097059638,4798.196626422569,3527473.107281106,63.62793822788177,500000.0,0.48196357324382505,54,1,2.0840585404445817,0,E5,teleop,602.6,2,marketplace
2437.782066489091,3868.409546252877,2061.4322059586484,2061.4322059586484,,,,,,,3436.833836479979,7125.464334511347,,,2061.4322059586484,3868.409546252877,0.0,0.0,22776.714596747763,522969.41228149686,43576.78027631943,52,0.08332567689993982,0.0,0.0,479392.63200517744,3237.4709987792226,2742.5170558958475,6623.872525087907,3386.2715193464046,2437.782066489091,86980.43049419342,110.29550453019122,56.361896509008304,0.5110081027244437,52.43961598752892,0.3296638135605419,14356.608997829206,21,0,0,4,0.0,47,207.0,14.356608997829206,5079.691698060566,4781932.934254198,46.29019520792433,500000.0,0.46844913236949104,56,1,2.0840585404445817,1,E5,teleop,602.6,2,marketplace
1233.2838655447133,1915.313847226905,2331.1335851956246,2331.1335851956246,,,,,,,3646.8568489107856,7641.526311528556,,,2331.1335851956246,1915.313847226905,0.0,0.0,29310.196036041838,529320.6075490455,43162.89944836638,47,0.0815439618877242,14403.979793049497,0.027212202940190385,471753.72830762964,3413.452270247393,2631.747265125464,7589.989712508215,3581.562346877224,1233.2838655447133,85709.59578508916,110.40902982365797,52.82616844982439,0.47845876858257674,56.31046108948424,0.3308044046100363,14438.807879073289,22,2,0,3,0.0,43,207.0,14.438807879073288,5130.304282361047,4035527.0274768267,54.87233919420079,500000.0,0.47272087076772884,49,1,1.6949926253526888,2,E5,teleop,602.6,2,marketplace
3546.7191722765156,5662.36999129489,2739.0257308822993,3739.2766414660573,3085.074665646265,3085.074665646265,,,,,3194.8613125798365,6550.737233472338,,,2854.3753758036214,5662.36999129489,0.0,0.0,28096.063942230638,528157.4291684569,42548.43016249567,50,0.08056012812218677,0.0,0.0,485608.99900596123,3223.6922567307984,2712.931894555711,6074.177070917032,3174.7564845750567,3546.7191722765156,86401.73905590981,122.85094282132398,58.21471879779113,0.47386464817335083,66.7941760483142,0.3528195728987153,15403.072250117424,23,1,0,4,0.0,45,207.0,15.403072250117425,5227.057059467136,4024846.611653554,55.25752748096557,500000.0,0.43338521254391454,77,1,1.6949926253526888,3,E5,teleop,602.6,2,marketplace
1383.5144397794506,3435.842185092231,,,,,,,,,4408.142208851621,7426.623825328207,,,,3435.842185092231,0.0,0.0,32491.15341102122,532613.6175530939,44135.74117921364,51,0.0828663401097024,0.0,0.0,488477.8763738803,3933.690794095203,3917.0051575576513,7311.448881312194,4322.225629714461,1383.5144397794506,90171.5866484176,97.22836694272965,48.85971959688748,0.5025253548243517,46.9729634192787,0.34337292607044206,14823.401857179708,19,1,0,3,0.0,42,207.0,14.823401857179707,5025.935804645569,4115596.8550082203,53.898233882467245,500000.0,0.4243421717568732,81,3,6.577130369800972,4,E5,teleop,602.6,2,marketplace
5275.836723118074,7704.639474371449,4866.297236160307,6130.5662058117705,,,,,,,3873.778885742443,10011.153270828532,,,4866.297236160307,7704.639474371449,0.0,0.0,43452.69323580841,543494.4352183917,45169.34266776673,52,0.08310911711472517,0.0,0.0,498325.0925506248,4057.977054034251,3202.74650813465,9988.235794689243,3900.2708826142366,5275.836723118074,85701.4807250072,127.87481333092484,63.12223089353338,0.49362520459897397,74.25128462338016,0.37630355516475295,16373.659309733514,19,1,0,4,0.0,43,207.0,16.373659309733515,4945.24928008605,3608028.9988912405,61.910161858005296,500000.0,0.4465402910311356,72,2,3.644992625352689,5,E5,teleop,602.6,2,marketplace
4090.906153108151,7039.377012531983,9129.989694448246,10105.424621482784,,,8557.0170365789,8965.01945080807,,,3449.747636628587,6112.6861788639035,,,8900.800631300508,7039.377012531983,0.0,0.0,31608.77227884693,531851.6835711403,42312.039598030584,49,0.07955608848302337,0.0,0.0,489539.64397310966,4176.080813926423,4679.033773942145,7203.58955023667,4576.5333723482245,4090.906153108151,91755.95991629276,91.82745867630486,43.87811085738216,0.47783213746613745,57.92734545835679,0.37345704093517823,16274.752356838273,15,1,0,7,0.0,30,207.0,16.274752356838274,5276.861018234408,2751771.470148252,81.1385519397108,500000.0,0.5694140915132079,33,1,2.0840585404445817,6,E5,teleop,602.6,2,marketplace
4043.2944093896976,7717.584118588179,6419.277462668974,9511.421449261303,4431.479708274927,7666.768644530206,8999.538915339974,8999.538915339974,,,2792.3476658926984,5148.4286111873325,,,5935.97291831024,7717.584118588179,0.0,0.0,40773.60461111535,541654.9054116261,37845.01026091828,47,0.06986922832750546,0.0,0.0,503809.89515070774,3633.1696058050557,2622.924805177814,7712.069133948693,3880.1160280480703,4043.2944093896976,96111.46714986411,105.66613418621685,49.11913419330219,0.46485219291489244,64.99745937004599,0.3526628682227707,15363.967592034824,16,1,0,5,0.0,33,207.0,15.363967592034824,5875.6482310077545,3080031.4666602886,72.19535579392846,500000.0,0.4708582305827867,63,1,2.0840585404445817,7,E5,teleop,602.6,2,marketplace
1673.3836108952426,3838.151937021549,3691.358587052904,3691.358587052904,3839.0019790726747,3839.0019790726747,,,,,4596.400227851116,8098.149042158626,,,3765.1802830627894,3838.151937021549,0.0,0.0,38363.5914215517,538482.8037055123,41293.33774386042,48,0.07668459876472321,13515.69167661024,0.02509957900902952,483673.7742850417,4074.5966273256236,4092.786956995048,7810.876506513589,4426.669609727824,1673.3836108952426,91023.35905851147,119.17427859555735,59.23587624644837,0.4970525263045863,61.17409420815596,0.3273384522325995,14254.75817166533,17,0,0,5,0.0,40,207.0,14.25475817166533,5358.122405703616,3409292.9400331224,64.89754974517261,500000.0,0.4803685843592735,52,1,2.0840585404445817,8,E5,teleop,602.6,2,marketplace
4922.579036759872,7627.60372196838,5924.323303386473,8618.275923835894,5328.7378185818625,7949.852616241744,,,,,3019.8395510632467,5918.462509670972,,,5707.746763457523,7627.60372196838,0.0,0.0,47374.080402398526,548193.3472835162,31322.199666852077,42,0.05713713933608314,0.0,0.0,516871.14761666406,3950.331854987536,3854.4992708590057,7110.659085319429,3431.5560091567368,4922.579036759872,89835.28448125519,105.97168231780064,52.87278599253697,0.49893315682179784,65.31299089472252,0.33234240762894723,14384.376545559282,18,2,0,6,0.0,28,207.0,14.384376545559281,7067.9702862582735,4140501.8732539704,53.46800540669143,500000.0,0.5285970096871141,28,3,6.252175621333745,9,E5,teleop,602.6,2,marketplace
2869.7114542077875,5218.959496724239,5449.864735290808,7066.340428790312,1901.810283372075,2165.3146312661765,,,,,3290.8531434182973,6409.471557367352,,,3675.8375093314417,5218.959496724239,0.0,0.0,13819.243346008723,513847.14461796783,42428.35812250333,47,0.08256999881559665,0.0,0.0,471418.7864954645,3287.775924414266,3198.014943783932,6476.011670393804,3189.2730306048693,2869.7114542077875,84899.76530107034,101.91573630338326,49.30907898084581,0.483822035431921,59.889854371960354,0.3219705051480435,14019.642089361776,16,0,0,2,0.0,42,207.0,14.019642089361776,5209.24334265333,4289978.701518494,51.519985871055496,500000.0,0.50156422029499,37,1,2.0840585404445817,10,E5,teleop,602.6,2,marketplace
1141.5939576401406,1760.9816088624511,1158.9021636943598,1158.9021636943598,6215.978935104879,6215.978935104879,,,,,4423.860503065643,10616.937725470725,,,3687.4405493996196,1760.9816088624511,0.0,0.0,26006.043708159235,526006.0437081592,46934.187447549295,51,0.08922746802808507,0.0,0.0,479071.85626061005,4201.906786524298,3281.756965544626,10592.293704674965,4392.685901404095,1141.5939576401406,87189.69267615718,119.56353041794291,57.353716243722076,0.4796923948568434,67.83482098443355,0.38446796306723535,16839.69678234491,20,1,0,2,0.0,45,207.0,16.83969678234491,4769.2249286832575,3567360.5684821014,62.74658602216592,500000.0,0.48920294541793813,68,0,0.0,11,E5,teleop,602.6,2,marketplace
442.20694212270473,499.30776561851934,3172.565498065937,3172.565498065937,,,,,,,3670.8425434135656,6790.275469800434,,,3172.565498065937,499.30776561851934,0.0,0.0,3605.0987133016765,503858.4120357647,49563.497140963846,52,0.09836790645354104,0.0,0.0,454294.91489480087,3537.082000184155,3299.3550862474885,6710.070222282974,3636.8389926086306,442.20694212270473,82488.51813169879,99.25633732273953,48.89007630011501,0.4925637759647045,50.9687127421346,0.324995207203749,14234.790075524206,23,0,0,1,0.0,51,207.0,14.234790075524206,4463.663842087433,4721746.169450313,46.85444370282181,500000.0,0.4204493796649487,57,0,0.0,12,E5,teleop,602.6,2,marketplace
4699.50732083744,4699.854729021419,3975.9394642834877,3976.2722649589805,,,,,,,3738.8251236130855,6829.014543025678,,,3975.9394642834877,4699.854729021419,0.0,0.0,6216.486291594783,506300.7669244322,47450.3570825687,51,0.09371970216598723,0.0,0.0,458850.4098418635,3785.79753686386,3975.523463439122,6753.0501254423525,3744.2692694081297,4699.50732083744,83191.05615162935,113.934743980177,62.22654648262301,0.546159532279719,53.934389388217156,0.33176812365648545,14358.1077313699,24,1,0,2,0.0,49,207.0,14.358107731369902,4665.0461944086765,4849105.184511724,45.649269155554386,500000.0,0.4365561431208385,58,5,8.474963126763445,13,E5,teleop,602.6,2,marketplace
5114.168261121241,8214.174172503474,6835.379604967169,7434.392778313315,8150.84785304823,9740.428512938739,9699.871393059479,9699.871393059479,,,3500.825171547726,7661.838934811676,,,7996.288859312392,8214.174172503474,0.0,0.0,58929.484502104126,559077.5582656865,50269.26450741027,54,0.08991465274218924,0.0,0.0,508808.29375827627,4412.214427097009,4013.851883867298,8095.55078012356,4870.880458300288,5114.168261121241,91638.47812312808,110.38817865177573,53.89010027818628,0.4881872401227393,61.1286484385081,0.3976712270803169,17335.333709995342,13,2,0,7,0.0,36,207.0,17.33533370999534,4462.673880516508,2290055.7561926474,97.96064270634442,500000.0,0.5404218271978397,38,1,2.0840585404445817,14,E5,teleop,602.6,2,marketplace
2265.853622763488,4991.420153344439,8056.729347112652,9917.307166692779,5123.90903508116,6652.20763798786,3432.564128154369,3445.0694373292895,,,2800.1691124405443,5527.180330413405,,,6411.8846570345,4991.420153344439,0.0,0.0,64862.71277757866,566299.230199797,43414.51272440471,49,0.07666355595978395,0.0,0.0,522884.7174753921,3619.2444919724853,3213.535781447786,7290.218573814121,3076.831266217965,2265.853622763488,92407.42135794277,123.86761937410618,58.00459855096962,0.46827894847791957,81.50832594064087,0.38759341579953094,16926.166569173158,20,0,0,2,0.0,38,207.0,16.92616656917316,5157.864329623052,2663920.1265400327,84.05888913043881,500000.0,0.47369722998962455,36,1,1.6949926253526888,15,E5,teleop,602.6,2,marketplace
1320.7644571008395,2341.1539716937127,,,,,,,,,3667.660009050906,6347.9395335564695,,,,2341.1539716937127,0.0,0.0,8440.199489225186,508440.1994892252,50574.582736455726,53,0.09947007098821559,0.0,0.0,457865.6167527695,3534.8168646009026,3319.2273205180145,6293.423849956209,3646.767289937116,1320.7644571008395,82242.70835300216,106.65467400060423,51.80654099142586,0.48574093425228004,52.41139319416251,0.332508652135984,14513.453920709797,23,2,0,0,0.0,53,207.0,14.513453920709797,4379.936362006523,4486121.66533837,49.37749585175415,500000.0,0.42240087661513587,73,1,1.6949926253526888,16,E5,teleop,602.6,2,marketplace
2578.416195345538,6394.553834221069,1373.2694252479832,1726.805025350061,,,,,,,3989.6147916193863,7036.077040510611,,,1373.2694252479832,6394.553834221069,0.0,0.0,10188.61735102234,510394.8077643655,42520.16682851512,50,0.08330838437554296,0.0,0.0,467874.64093585045,3663.2902380842406,3465.083056669773,7056.200364664,3963.73160487107,2578.416195345538,85598.51256342797,102.66265306988888,50.593234173689694,0.49281050762683604,50.34527157663593,0.33231168904108005,14297.826428157434,18,0,0,3,0.0,45,207.0,14.297826428157434,5204.538056509916,5028220.735063098,44.01115982935869,500000.0,0.5396501341566515,48,2,7.3373432317847955,17,E5,teleop,602.6,2,marketplace
2128.9063229354556,3370.0284799643823,2505.860769371164,2818.8292228589653,3556.0658684807645,4579.071854241796,4819.893442485436,4825.714350891831,,,2899.200324313106,4710.862503802877,,,3467.071561435128,3370.0284799643823,0.0,0.0,68261.72443658626,568315.7572451758,51151.18113376501,53,0.09000486170172825,0.0,0.0,517164.57611141074,2886.999091324206,2817.9329390750963,4824.259123790232,3203.408696279584,2128.9063229354556,89588.91302310994,109.59245136785927,52.14421351454551,0.4758011419921401,58.99409401408877,0.35860694170382346,15706.984046627467,15,0,0,4,0.0,45,207.0,15.706984046627467,4353.897194753497,2978435.620477447,74.77314013956335,500000.0,0.4535370485286074,57,0,0.0,18,E5,teleop,602.6,2,marketplace
2306.9330072396633,3453.1999120451183,6176.117035776802,6857.205696123305,3579.261316526144,3579.261316526144,,,,,3341.4016382479867,6910.25686022208,,,5805.137647312424,3453.1999120451183,0.0,0.0,37728.11627304937,537931.2924153288,37968.909114679205,46,0.07058319463847805,0.0,0.0,499962.3833006496,3626.3641934527195,3300.5634170511244,6843.015893881127,3365.4715969002264,2306.9330072396633,86959.74061923625,122.87618089992355,56.99239270413792,0.4638196946449316,78.33699983734824,0.3632749185153991,15861.016388128175,19,0,0,3,0.0,39,207.0,15.861016388128174,5869.56595763684,3901502.888058579,57.12183811788122,500000.0,0.5269114615937189,37,1,1.6949926253526888,19,E5,teleop,602.6,2,marketplace
2134.168007256618,5440.391101273609,5062.418499194115,5174.609648119318,5358.074255686239,7731.121487735943,,,,,3881.1817766444674,7647.331637323759,2565.465043460088,3166.9737063390785,5239.811953089389,5440.391101273609,0.0,0.0,13968.57625752051,514114.60614480433,83796.15348819515,93,0.16299119396073591,0.0,0.0,430318.4526566091,3775.650671921381,3373.6272864754756,7615.91211773185,3873.50130359941,2134.168007256618,78546.39163437628,250.10220375092766,115.77009570023083,0.46289114595537195,125.43701582826499,0.588832882248872,25708.214206378063,32,0,1,3,0.0,87,207.0,25.708214206378063,2777.0751343516145,1937807.4308001986,120.08841049303,500000.0,0.3853832355950379,17,1,2.0840585404445817,0,E5,teleop,602.6,4,marketplace
1569.4702387543032,2364.5322080644237,1433.6742137985352,1497.306793764804,1171.1307013677774,1587.4565922021777,2662.254970268647,3034.1001218520296,,,3250.9096739310417,6749.297988204946,1299.7737852064283,1299.7737852064283,1726.5151270971246,2364.5322080644237,0.0,0.0,22776.714596747763,525331.8512702484,85660.1003159488,85,0.16305902661112845,0.0,0.0,439671.7509542997,2829.168967668092,2341.4853293412402,6253.451880416202,2914.811297062581,1569.4702387543032,80086.37149520703,253.32675958563877,120.18126049938505,0.47441202301708274,132.87667565230643,0.5747347973687555,25090.718088628964,36,1,6,5,0.0,78,207.0,25.09071808862896,2709.4378506747635,1697136.4839173725,136.75430366856023,500000.0,0.3435144841952315,15,1,2.0840585404445817,1,E5,teleop,602.6,4,marketplace
1230.2838655447133,1915.313847226905,2331.1335851956246,2331.1335851956246,,,1145.8095649262693,1456.3708587947356,,,4127.4885783243735,7500.9215528596205,,,1540.9175716827212,1915.313847226905,0.0,0.0,29310.196036041838,530703.8209054169,90724.0712129767,92,0.17095047678042954,14403.979793049497,0.02714127772525799,425575.7698993908,3917.1784492912916,3317.0476300413284,7457.711886715659,3938.9498836903863,1230.2838655447133,77868.15243224223,243.0032381279116,118.39085755885394,0.48719868291028934,121.6985828270544,0.6123028026414773,26768.437712850406,39,1,2,3,0.0,83,207.0,26.768437712850407,2576.6969513975405,1722825.1952779654,135.68900568297852,500000.0,0.4053802380607383,11,1,1.6949926253526888,2,E5,teleop,602.6,4,marketplace
2199.8593883740723,3696.5974518834482,4804.618782428316,7254.210267486461,2339.651002999842,3231.4565893810345,,,,,3051.3583326231396,6476.654002974992,,,3880.2558651426375,3696.5974518834482,0.0,0.0,28096.063942230638,528181.3468573247,75338.90714968034,86,0.14263833359119232,0.0,0.0,452842.43970764434,3039.3547252035396,2556.519448834746,6402.667827549782,2993.9363854506687,2199.8593883740723,79752.98085757896,254.11452689537066,119.5608919718446,0.4705000278125489,131.25713346391527,0.5898257038056752,25783.94078384227,42,3,2,6,0.0,77,207.0,25.78394078384227,3089.823699212366,2033710.109902578,114.46269537156083,500000.0,0.3900585091369136,10,1,1.6949926253526888,3,E5,teleop,602.6,4,marketplace
826.4561341996246,1316.364126079455,1479.323533275362,1479.323533275362,,,,,,,4264.972533644404,10531.482674079898,,,1479.323533275362,1316.364126079455,0.0,0.0,32491.15341102122,532716.9472726409,94521.47719672773,103,0.17743283310330335,0.0,0.0,438195.4700759131,3937.474508446617,2748.3182663807465,7509.8508454087905,4210.01612290346,826.4561341996246,81573.42323706794,245.7153109630733,121.61263111732322,0.49493306152012423,114.92283002168439,0.6725476075591823,29241.25290638653,41,1,0,3,0.0,91,207.0,29.241252906386528,2499.3394084891115,1847731.5102859053,127.85475140261703,500000.0,0.4026517615442688,15,3,6.577130369800972,4,E5,teleop,602.6,4,marketplace
4657.808857271088,6731.0841907079675,6642.729890126243,10268.803966009946,8076.123004311168,8076.123004311168,1078.4957521189745,1078.4957521189745,,,3393.7658722940137,6238.959314200808,,,6052.609743865907,6731.0841907079675,0.0,0.0,43452.69323580841,543452.6932358083,82656.0851129743,87,0.15209435180241013,0.0,0.0,460796.60812283406,3651.2835281093535,3508.5702677898516,6547.788114286261,3328.1699513260637,4657.808857271088,79315.59433017866,255.21151520251956,124.89611853245376,0.4893827711235685,140.5503246447525,0.5975656816193855,26064.94044844642,35,2,1,4,0.0,80,207.0,26.06494044844642,2819.694885499275,1827186.910361521,127.55396786546208,500000.0,0.4137579707625161,2,2,3.644992625352689,5,E5,teleop,602.6,4,marketplace
3227.8815379586263,7128.220324787801,2191.1826152141966,2721.6361532137626,2787.933270837874,5461.617338035833,4360.523543725772,4892.6128223756195,,,4308.618620129983,9173.245273749908,,,2872.1752623135503,7128.220324787801,0.0,0.0,31608.77227884693,532422.612897659,79606.06305184287,85,0.1495166830322899,0.0,0.0,452816.5498458162,4029.3790784586713,3440.375125937236,9101.689598468363,4180.099801810423,3227.8815379586263,85035.4563950427,236.1383511856514,115.8159645408521,0.4904580893333919,130.99939386707604,0.5892143603022035,25724.922945113984,26,2,3,6,0.0,67,207.0,25.724922945113985,2923.4572597008546,1700093.8674256688,136.88945499080754,500000.0,0.42270145515593943,6,1,2.0840585404445817,6,E5,teleop,602.6,4,marketplace
2919.934163815753,6644.441224720183,5571.954460600261,8385.207723242147,5179.804419947274,8240.13270199722,8283.831967758675,8283.831967758675,,,3811.733346661299,7089.983018407173,,,5698.98527666098,6644.441224720183,0.0,0.0,40773.60461111535,541654.905411626,84772.99724460876,95,0.15650739317164727,0.0,0.0,456881.9081670173,3859.102597294556,3580.4283841850215,7172.594709573378,4102.966577917823,2919.934163815753,88508.64752657822,262.50023452655216,127.11998128803681,0.48426616272290796,139.61671595162133,0.6098534023010218,26628.912984662224,36,3,0,4,0.0,82,207.0,26.628912984662225,2755.9355051530883,1589604.540884474,146.9729778543967,500000.0,0.3756501514751041,17,1,2.0840585404445817,7,E5,teleop,602.6,4,marketplace
1071.6645554126044,2323.945128937813,5556.262658384058,7042.456306101477,1213.6709118629517,1809.1161127909827,1957.3601015624008,2516.5223481456924,,,4447.816545910719,7462.450090600733,,,3028.0651142332295,2323.945128937813,0.0,0.0,38363.5914215517,538602.1742273511,80809.70806665046,88,0.15003598561883938,13515.69167661024,0.02509401618365003,444276.7744840904,3858.363871599386,4147.192630931724,7435.261538024678,3997.8541735806775,1071.6645554126044,83618.26228476557,266.03776525555014,129.77562107203929,0.487809018194765,122.79658107538937,0.5778748058404936,25161.417325399525,30,0,5,5,0.0,78,207.0,25.161417325399526,2872.939686082231,1779771.8806103368,130.44447991041665,500000.0,0.35332660929019566,19,2,4.330594455122777,8,E5,teleop,602.6,4,marketplace
4740.253648986227,7225.691112934443,4767.45065803581,6987.160886514549,3218.387458672466,6054.067782718023,,,,,2979.4230752544468,5691.7745033904475,,,3640.859240317014,7225.691112934443,0.0,0.0,47374.080402398526,548695.7566284531,70113.57126113282,78,0.12778223708518655,0.0,0.0,478582.1853673204,3275.875292937451,3454.768110282892,5951.284265311169,3052.057344997343,4740.253648986227,82356.65481356475,256.06832894360235,129.92406562336393,0.5073804564561321,140.7561564567135,0.5468480540636532,23779.723859399404,41,0,2,6,0.0,70,207.0,23.779723859399404,3291.512894128262,1940350.9761664565,118.93710297471542,500000.0,0.39087618130113116,5,3,6.252175621333745,9,E5,teleop,602.6,4,marketplace
2501.439673717771,5315.45936471426,2569.0281717261214,4874.9035955219115,1111.718414903096,1861.595887582275,,,,,3356.5345736582635,6113.168569599239,,,1921.3349464714436,5315.45936471426,0.0,0.0,13819.243346008723,514310.4642433381,81931.45717247925,90,0.1593035002564417,0.0,0.0,432379.0070708588,3146.5072298330992,2940.0492413840175,6183.889292530086,3154.359061684035,2501.439673717771,77735.70141399512,243.06598165691952,118.46477558364263,0.48737702732442495,116.21498337691617,0.5816102879554558,25391.864576326436,39,0,3,6,0.0,82,207.0,25.391864576326437,2836.4180571950915,2103170.097588582,110.49599119100185,500000.0,0.34691619613161767,12,1,2.0840585404445817,10,E5,teleop,602.6,4,marketplace
1726.1481235708764,3636.9750404012934,1662.24003612657,1662.24003612657,4270.001460772105,4270.001460772105,,,,,4153.852740998634,10247.914120215139,,,2966.1207484493375,3636.9750404012934,0.0,0.0,26006.043708159235,526121.1856633744,89380.80889502623,97,0.16988635191021242,0.0,0.0,436740.3767683482,3829.0288297178945,2839.401994997743,8415.902381785438,3928.831070514351,1726.1481235708764,79090.1591292026,229.0825629561629,113.67863980807518,0.49623436345885763,110.71605659145405,0.6244714625781809,27252.775933356534,32,1,1,6,0.0,83,207.0,27.252775933356535,2620.839739864918,1922131.35635043,121.87136699030529,500000.0,0.3989022849171479,14,1,2.6356018297700885,11,E5,teleop,602.6,4,marketplace
585.9949499193683,736.0980422272314,752.0836682700274,963.0569989589117,539.3030097883375,539.3030097883375,,,,,3664.5896111458956,6984.147594202576,,,698.8885036496049,736.0980422272314,0.0,0.0,3605.0987133016765,503935.6602636989,86964.39650404989,93,0.17257043579440925,0.0,0.0,416971.263759649,3371.5167322629086,2900.469760193862,6908.668628649159,3558.4545519136464,585.9949499193683,76208.68366319762,220.5739914200933,109.47405654328516,0.4963144377923814,111.17619679270133,0.5604901716512262,24482.636384032143,41,1,1,2,0.0,90,207.0,24.48263638403214,2661.8092655107666,2363359.669198165,97.94642745281719,500000.0,0.3816315290057095,10,1,2.2465359146781956,12,E5,teleop,602.6,4,marketplace
2340.8002168962043,3999.7371234244706,2145.7607561168547,4163.902354666541,1102.4030543158815,1102.4030543158815,,,,,3726.326823581425,7050.066218710594,4481.667706134369,5512.883231508605,1937.0892157566602,3999.7371234244706,0.0,0.0,6216.486291594783,506345.2201529524,84494.9568142915,92,0.16687223153556774,0.0,0.0,421850.263338661,3600.325887776277,3040.9831154154053,7021.710028368264,3661.7300829742876,2340.8002168962043,76812.20757234478,244.43941943326064,129.58081442534615,0.5301142292261319,117.74991979782604,0.5679025050115798,24601.71950715524,44,0,1,3,60.14228167915376,87,207.0,24.601719507155238,2741.012342502104,2285476.29090934,101.33630369668198,500000.0,0.3821765637046868,13,6,11.110564956533533,13,E5,teleop,602.6,4,marketplace
3001.7419985343527,5258.053679252977,4614.118776289501,7299.982660325416,1655.5443364012287,2526.694545918117,4016.7928027963576,7026.9286041770765,,,2988.3872814881715,5698.162354001626,,,3218.1598791602833,5258.053679252977,0.0,0.0,58929.484502104126,560883.0013445255,79718.40719824762,78,0.14213018937487845,0.0,0.0,481164.5941462778,3030.9982315366206,2512.0556838928424,5843.793216652753,3114.928802127008,3001.7419985343527,85705.3310777014,273.5555347818342,132.2536340019007,0.4834617369645821,152.71406389442868,0.6040330316949408,26373.980752115876,26,0,6,5,0.0,68,207.0,26.373980752115877,2927.4792228569004,1513795.9350169136,154.1647558655311,500000.0,0.40874321477766146,9,1,2.0840585404445817,14,E5,teleop,602.6,4,marketplace
2859.411467867566,4444.159258630132,7468.334554387678,9355.066057385455,2027.1710116827317,2027.1710116827317,1293.9041085447889,1903.747844472262,,,2474.6524126260774,5756.397102876881,,,4675.00257193234,4444.159258630132,0.0,0.0,64862.71277757866,565868.5563607912,66323.3241466682,71,0.11720623703357218,0.0,0.0,499545.23221412284,2931.7248439415184,2161.7385303258484,6589.987409285001,2267.0798462125185,2859.411467867566,87431.4647442966,256.9227051978429,123.92585109237842,0.4823468248824078,144.14868307739485,0.5949608742183904,26008.8612479192,35,2,6,3,0.0,63,207.0,26.008861247919203,3513.226519416316,1846969.2820489905,126.15741014892455,500000.0,0.4183323257916613,6,1,1.6949926253526888,15,E5,teleop,602.6,4,marketplace
771.9470863502556,1357.9050978256987,1200.8500955491495,1814.1514358608765,658.6314991724475,658.6314991724475,,,,,3624.588254158341,6580.048653363581,6405.233355653478,6405.233355653478,1020.1105634235822,1357.9050978256987,0.0,0.0,8440.199489225186,509188.49886297405,86155.42342525352,94,0.16920143251004283,0.0,0.0,423033.0754377205,3358.617231335301,2660.2027558157592,6434.322613285332,3527.0331290988247,771.9470863502556,74426.74457760024,214.75750338427824,104.2544287501246,0.4854518566626099,112.79772017871154,0.5691067390657366,24793.784092110436,33,0,1,4,0.0,82,207.0,24.793784092110435,2690.414310286681,2317049.696644915,100.0383308255095,500000.0,0.40731352948032534,8,2,3.7790511657972705,16,E5,teleop,602.6,4,marketplace
1340.623339184961,1973.3845261003175,1689.3519199286777,2377.8352928024874,1057.3624183465045,1347.253579142743,,,,,3650.7054966702535,6954.392851109829,,,1478.6887527346198,1973.3845261003175,0.0,0.0,10188.61735102234,510310.3010904341,84951.62358826917,94,0.16647052471161966,0.0,0.0,425358.677502165,3315.4633932288043,2626.3989811179417,6689.792922069652,3506.4670231165264,1340.623339184961,77068.99903763118,229.210365857134,110.53746596384723,0.48225334639858664,108.62506310237704,0.5879430725208599,25494.48102457179,37,2,2,6,0.0,85,207.0,25.494481024571787,2736.7867876356468,2142672.6706212144,108.50676550476832,500000.0,0.3835152494878596,16,2,7.3373432317847955,17,E5,teleop,602.6,4,marketplace
1275.5605689079298,2158.0773810476257,2262.6820417409904,2802.4211314137046,2227.6971088500295,3642.5486203335427,3468.2638485305347,3997.6665420924974,,,2626.7434001137917,5343.79062626934,,,2790.7217485605747,2158.0773810476257,0.0,0.0,68261.72443658626,570417.2465475929,86690.05806089178,84,0.1519765725625878,0.0,0.0,483727.1884867011,2483.457409922868,2232.374098778152,4000.301005839431,2630.569962509288,1275.5605689079298,82836.7101759473,217.8996686444616,103.17647655628815,0.4735045133301106,106.92810418639854,0.5677453202358045,24867.245026328237,29,1,5,3,0.0,77,207.0,24.867245026328234,2674.6693936167726,1799892.7289071644,128.82281332794227,500000.0,0.400839370806011,10,0,0.0,18,E5,teleop,602.6,4,marketplace
1412.2150810105836,2071.2107038396853,1965.2977664074078,2446.2766625591244,2196.9125768153817,4248.364453579352,,,,,4212.307170399321,9687.195888271799,,,2093.972661078504,2071.2107038396853,0.0,0.0,37728.11627304937,537931.2924153288,83041.38704302105,88,0.1543717352269331,0.0,0.0,454889.90537230787,3836.563181412604,3099.4090102964,7789.032147133078,3978.849539449319,1412.2150810105836,78915.74230745032,234.29026011244247,113.0199682440172,0.4823929436493679,122.75586585974797,0.6003564021240748,26245.18537018817,34,2,1,5,0.0,73,207.0,26.245185370188167,2808.7823876225884,1762631.683334053,132.32780709410613,500000.0,0.4093251254639128,15,1,1.6949926253526888,19,E5,teleop,602.6,4,marketplace
5941.790508165854,7062.120147796425,,,5971.040928296677,9345.999495397002,,,,,3655.4943504208586,6370.981942334711,,,5971.040928296677,7062.120147796425,0.0,0.0,13968.57625752051,514114.60614480433,9821.946231910058,11,0.019104585076004692,0.0,0.0,504292.65991289425,4702.697263976989,4081.111508060605,7342.202557704068,4162.026518614114,5941.790508165854,92452.9724032436,24.527083990188967,12.123110564324103,0.49427443430182916,15.586707539330908,0.24316528320560787,10470.814461968663,9,0,0,1,0.0,9,207.0,10.470814461968661,22141.315919184934,13376453.384108443,16.257733512556428,500000.0,0.6098834420679937,35,1,2.0840585404445817,0,E5,teleop,1322.6,1,marketplace
,,,,,,,,,,5108.001149157557,8617.18728201971,,,,,,,22776.714596747763,522776.7145967477,10000.0,10,0.0191286255121628,0.0,0.0,512776.71459674765,5108.001149157557,5112.164932159334,8617.18728201971,5108.001149157557,,94329.34941165219,21.9522187209895,12.062749917083801,0.5495002610168996,14.818616714849512,0.21586030869184303,9274.856578265764,8,0,0,0,0.0,10,207.0,9.274856578265764,21627.485657826575,21869208.636651058,9.8894688039057,500000.0,0.38337606022614157,31,1,2.0840585404445817,1,E5,teleop,1322.6,1,marketplace
,,,,,,,,,,4988.602158571097,9476.16656193569,,,,,,,29310.196036041838,529310.1960360417,9000.0,9,0.017003262108684514,14403.979793049497,0.027212738203268434,505906.2162429923,4988.602158571097,4556.890033269405,9476.16656193569,4988.602158571098,,92975.2001221093,22.929750088161526,11.574278995502368,0.5047712666296389,18.66932864319293,0.21099432396948448,9131.860870606186,7,0,0,1,0.0,8,207.0,9.131860870606186,24014.65120784513,15714926.87883852,13.753284538768426,500000.0,0.4189171962230518,26,1,1.6949926253526888,2,E5,teleop,1322.6,1,marketplace
,,3352.4116761283085,3352.4116761283085,4795.660226205255,4795.660226205255,,,,,3533.363189385902,5880.251343108543,,,4074.0359511667816,,,0.0,28096.063942230638,528096.0639422307,6572.598286330819,8,0.012445838428081538,0.0,0.0,521523.46565589984,3668.5313798311217,3751.474664802473,5647.1009351101375,3611.0235860546677,,94249.29613849096,24.170910119221,12.285587938557716,0.508279906629915,19.065854986710463,0.20468523291220078,8855.522682297158,8,0,0,0,0.0,8,207.0,8.85552268229716,32841.733706929386,26322683.71336912,8.200361522129507,500000.0,0.4537151381830209,25,1,1.6949926253526888,3,E5,teleop,1322.6,1,marketplace
2238.589776401297,2238.589776401297,,,,,,,,,4895.661620310722,8322.49114423971,,,,2238.589776401297,0.0,0.0,32491.15341102122,532491.1534110211,8104.366721497085,9,0.015219720871571848,0.0,0.0,524386.7866895241,4600.431415431896,4557.541954491432,8207.3038077646,4861.444279627523,2238.589776401297,97392.15956890519,19.141245362726007,9.846394326025756,0.5144071944869254,12.679707105923878,0.2066713604157205,8872.380643771594,8,0,0,0,0.0,9,207.0,8.872380643771594,26636.551387928117,31131016.835301295,6.934318329074983,500000.0,0.6201179896060683,30,1,2.0840585404445817,4,E5,teleop,1322.6,1,marketplace
2647.509503524082,2647.509503524082,,,,,,,,,5292.7425688390595,9794.291594501787,,,,2647.509503524082,0.0,0.0,43452.69323580841,543452.6932358083,9226.327788271918,10,0.016977241815358056,0.0,0.0,534226.3654475363,5028.219262307562,4939.280426760197,9786.739142454937,5227.853290799587,2647.509503524082,93717.8110072141,22.50779212894571,11.022735706176864,0.489729763053982,17.73624042485607,0.21458514514468482,9289.138838079962,6,0,0,1,0.0,9,207.0,9.28913883807996,23442.6029295227,17204718.49921833,12.571501175558712,500000.0,0.6061616160932936,30,1,1.6949926253526888,5,E5,teleop,1322.6,1,marketplace
5324.681343829186,8234.155731114664,9937.241009960473,10762.773975779834,4434.05009156432,5316.964213382872,,,,,1686.4406813520952,2651.780216530764,,,7185.645550762398,8234.155731114664,0.0,0.0,31608.77227884693,532230.3327699369,8023.600822866592,11,0.01507542943129266,0.0,0.0,524206.7319470702,5347.505276026277,5316.3661105242145,9351.48505390642,3591.1916022665773,5324.681343829186,98405.60506303143,36.53971085615515,16.999841754646912,0.4652429194519275,34.098100254563334,0.2882806973155933,12446.869599986025,7,0,0,2,0.0,7,207.0,12.446869599986025,27350.17287681869,11466685.388587333,19.137777148608183,500000.0,0.6329434449090142,15,1,2.0840585404445817,6,E5,teleop,1322.6,1,marketplace
7753.076885448356,9082.767705638149,,,6993.036200992534,6993.036200992534,6979.723742239752,6979.723742239752,,,2517.1902109465454,3931.5516678228837,,,6986.379971616143,9082.767705638149,0.0,0.0,40773.60461111535,541281.9985032813,11675.370523957792,11,0.02156984816831483,0.0,0.0,529606.6279793235,5233.728958159858,4394.240362255924,9082.097608886259,5148.6709377840325,7753.076885448356,101878.16873405546,23.306147032390594,13.246646075743097,0.5683756331466147,20.905957110963858,0.25673467265475697,11065.153719841393,5,0,0,2,0.0,7,207.0,11.065153719841392,18677.36473736512,7905588.451303759,27.583671356416097,500000.0,0.44280538270800407,19,1,2.0840585404445817,7,E5,teleop,1322.6,1,marketplace
3531.8176396211434,4917.571412024352,10194.193690041004,13122.441368666827,7029.963373422908,7736.295391937265,,,,,1662.4649534071384,2603.558098731219,,,8436.287958586507,4917.571412024352,0.0,0.0,38363.5914215517,538363.5914215518,9699.828103071333,14,0.018017243843438387,13515.69167661024,0.025105136922283302,515148.0716418702,6284.11584048159,6295.543743514076,12013.92771381064,5214.573292365346,3531.8176396211434,96348.79151842851,23.56478894302726,9.880899486372602,0.41930778630191495,22.717621551242186,0.3280020542818754,14186.665035109178,5,0,0,1,0.0,5,207.0,14.186665035109177,22803.153074957387,9994456.732506845,22.13093427236543,500000.0,0.6384494532763978,17,1,2.0840585404445817,8,E5,teleop,1322.6,1,marketplace
5584.918236910645,8962.43689015212,10785.786225679707,10785.786225679707,5229.157931392243,6311.872572389898,,,,,3315.2713458721487,4808.6899540958075,,,7081.367362821397,8962.43689015212,0.0,0.0,47374.080402398526,547613.546324529,5219.379820710714,9,0.009531137160032165,0.0,0.0,542394.1665038182,5075.002660641564,3875.764630145176,10002.610487905931,3822.560720103918,5584.918236910645,95679.73813146619,43.902218585995186,25.465776715001923,0.5800567154737257,33.44496122973095,0.26213397895617035,10863.320038653203,7,0,0,2,0.0,7,207.0,10.863320038653203,41741.22741061353,24389673.16752806,8.932605145718485,500000.0,0.4872147326814946,12,5,10.420292702222909,9,E5,teleop,1322.6,1,marketplace
1366.0178773599425,1366.0178773599425,,,,,,,,,5139.982044487381,8703.091086364486,,,,1366.0178773599425,0.0,0.0,13819.243346008723,513819.2433460087,9250.524452975587,10,0.018003460502444113,0.0,0.0,504568.7188930331,4762.585627774637,5036.351501909289,8587.49897128415,5037.774833066525,1366.0178773599425,92125.73526496912,20.02792583427476,10.289734561800133,0.5137693561951788,13.498896819325925,0.21135984185257523,9257.561073142795,8,0,0,0,0.0,10,207.0,9.257561073142796,23377.87032210697,26849392.592173316,8.054467538911199,500000.0,0.5975800000797057,28,0,0.0,10,E5,teleop,1322.6,1,marketplace
,,,,,,,,,,4984.822292594845,8779.34691503652,,,,,,,26006.043708159235,526006.0437081592,10000.0,10,0.01901118840670249,0.0,0.0,516006.04370815936,4984.822292594845,4957.102618762263,8779.34691503652,4984.822292594846,,94140.92366967458,22.447431481705415,10.992555382556716,0.4897021466137724,19.5242056125895,0.21798367631310006,9547.685022513782,9,0,0,0,0.0,10,207.0,9.547685022513782,21654.768502251376,18904410.938029014,11.454876099148699,500000.0,0.0,38,0,0.0,11,E5,teleop,1322.6,1,marketplace
,,,,,,,,,,4796.50856249574,7931.828460415118,,,,,,,3605.0987133016765,503605.0987133017,10000.0,10,0.019856828347349434,0.0,0.0,493605.0987133017,4796.50856249574,5076.687201462444,7931.828460415118,4796.50856249574,,90271.24713935553,18.854296174627432,10.530234665964729,0.5585058476028109,13.132080103331798,0.19729005036558284,8641.304206012528,9,1,0,0,0.0,10,207.0,8.641304206012528,21564.130420601254,25905779.766475596,8.324061508662702,500000.0,0.3711431643490133,30,0,0.0,12,E5,teleop,1322.6,1,marketplace
,,,,,,,,,,5009.68287988828,8578.682531080498,,,,,,,6216.486291594783,506216.48629159486,10000.0,10,0.01975439415902334,0.0,0.0,496216.48629159486,5009.68287988828,5087.539504093069,8578.682531080498,5009.682879888279,,90607.20371801915,29.61615797344523,21.29209646478253,0.7189351327702158,15.708800419473201,0.22142705576618135,9321.443882611995,7,0,0,0,0.0,10,207.0,9.321443882611996,21632.1443882612,25987487.43717116,8.324061508662702,500000.0,0.3902920583163034,22,5,8.474963126763445,13,E5,teleop,1322.6,1,marketplace
5112.55526261456,6736.842983490839,8509.351534381116,8509.351534381116,,,,,,,3708.3787354820292,6438.741063027213,,,8509.351534381116,6736.842983490839,0.0,0.0,58929.484502104126,558929.4845021041,6505.156236777084,9,0.011638599174226593,0.0,0.0,552424.328265327,4553.859385833601,4514.967679747151,7466.090869911298,3817.8889898984926,5112.55526261456,99596.77415860888,26.124255529469483,13.538824248553397,0.5182472753445899,20.670685593151376,0.2159042111727093,9276.779506927705,7,0,0,0,0.0,9,207.0,9.276779506927706,33246.97695717143,28439062.407409433,7.604919473385295,500000.0,0.625622661545263,28,1,2.0840585404445817,14,E5,teleop,1322.6,1,marketplace
7953.331574999867,7953.331574999867,,,5338.7110177466275,6353.838683576803,,,,,3080.5272464663067,5093.694399711087,,,5338.7110177466275,7953.331574999867,0.0,0.0,64862.71277757866,564862.7127775789,7511.930599695697,9,0.013298683785937213,0.0,0.0,557350.7821778832,4123.768565476774,4069.801435458907,6876.762795027452,3725.163054477416,7953.331574999867,100198.42086070769,26.46257671970625,14.058603293841387,0.5312635818783351,23.644907118303102,0.2160156284446313,9461.48452587485,8,0,0,0,0.0,9,207.0,9.46148452587485,28815.692804010137,23653817.85343528,9.15122818088488,500000.0,0.4308867378536607,18,0,0.0,15,E5,teleop,1322.6,1,marketplace
3022.6917187831395,3022.6917187831395,,,,,,,,,4766.963077766917,8186.1096541549,,,,3022.6917187831395,0.0,0.0,8440.199489225186,508440.1994892252,8020.0,9,0.015773733092027,0.0,0.0,500420.1994892252,4573.155148990942,4324.4627797962485,8072.223983353117,4762.613273879177,3022.6917187831395,90521.05307099652,17.811570243216714,9.457328410933863,0.530965450086331,12.40315238397102,0.2018108872365724,8729.626341704636,8,0,0,0,0.0,9,207.0,8.729626341704636,26898.95590295569,32231409.225457165,6.693149059437216,500000.0,0.6260047220524253,30,1,1.6949926253526888,16,E5,teleop,1322.6,1,marketplace
1158.210952768396,1158.210952768396,,,,,,,,,4725.384858231874,8482.064466189446,,,,1158.210952768396,0.0,0.0,10188.61735102234,510188.6173510223,9252.269768262955,10,0.018134998417452277,0.0,0.0,500936.34758275934,4368.667467685526,3832.084459962145,8442.070943544066,4628.123304361956,1158.210952768396,91847.49832519067,20.02792583427476,10.289734561800133,0.5137693561951788,12.452378886539325,0.19536496387464547,8447.294898452237,9,0,0,0,0.0,10,207.0,8.447294898452236,23285.885549671006,26735779.265473593,8.058388452386703,500000.0,0.5677254894142156,36,1,1.6949926253526888,17,E5,teleop,1322.6,1,marketplace
,,2377.2982767200474,2377.2982767200474,3515.1936318038543,3515.1936318038543,,,,,3505.9534758834743,5866.201076235595,,,2946.245954261951,,,0.0,68261.72443658626,568261.724436586,7159.119439951622,8,0.012598278455318574,0.0,0.0,561102.6049966344,3366.0265954780934,3203.743204746478,5622.777003224567,3487.0194818948085,,98173.69186844087,23.254049324052094,10.97966122829692,0.47216125997206226,21.239728813304502,0.20504310419476982,8980.887963730918,8,0,0,0,0.0,8,207.0,8.980887963730918,30168.63872370181,20722211.010221068,10.422675835952063,500000.0,0.4543701894817378,21,0,0.0,18,E5,teleop,1322.6,1,marketplace
1707.1007327611997,2707.2037159210786,,,,,,,,,3276.984808962276,5255.3439803757665,,,,2707.2037159210786,0.0,0.0,37728.11627304937,537728.1162730493,6930.11961996564,9,0.012887776201842943,0.0,0.0,530797.9966530837,2753.6901168952504,2779.145335712784,4917.222277698175,3076.468474705704,1707.1007327611997,93554.42483597652,21.813459430487896,11.73404464923221,0.537926810124943,15.231342576086838,0.18993846114742724,8209.614079000079,8,0,0,0,0.0,9,207.0,8.20961407900008,31054.242333564096,32751510.781944033,6.5709828017352265,500000.0,0.5961083603324826,25,1,1.6949926253526888,19,E5,teleop,1322.6,1,marketplace
1124.0315363808193,1492.4192926648416,,,9828.548561191486,9828.548561191486,,,,,4533.796010005882,7318.068188171401,,,9828.548561191486,1492.4192926648416,0.0,0.0,13968.57625752051,514114.60614480433,21276.967803952804,23,0.0413856512723935,0.0,0.0,492837.63834085147,4319.250754801987,4292.146034521392,8258.861252612705,4753.582494014431,1124.0315363808193,90312.21625058034,56.895638128797685,27.709726703144106,0.4870272592850813,32.486854715033125,0.358454155940196,15520.467087743618,17,1,0,0,0.0,23,207.0,15.520467087743617,10458.27907143818,8544721.568206653,26.04186284029448,500000.0,0.4441866857414836,26,1,2.0840585404445817,0,E5,teleop,1322.6,2,marketplace
4684.710772400426,4684.710772400426,,,,,,,,,4365.739688517985,7588.5316755381355,,,,4684.710772400426,0.0,0.0,22776.714596747763,522776.7145967477,22267.156348030898,23,0.04259400950022617,0.0,0.0,500509.55824871676,4379.607996512874,4372.084397848496,7521.196685172611,4369.566632047084,4684.710772400426,91821.78472099837,49.257316846944164,26.11857431204754,0.5302476055121929,25.86007187698999,0.3298290187483438,14266.686078740495,16,1,0,0,0.0,23,207.0,14.266686078740495,9936.908091019322,10105080.647366283,21.896577949272462,500000.0,0.4362885680172764,39,1,2.0840585404445817,1,E5,teleop,1322.6,2,marketplace
3507.242524997494,3507.242524997494,,,,,,,,,4654.9144358397125,8117.046695027265,,,,3507.242524997494,0.0,0.0,29310.196036041838,529310.1960360417,22299.428193429296,23,0.04212922471629639,14403.979793049497,0.027212738203268434,492606.788049563,4605.015657107442,4207.911188561986,8104.508920014933,4639.5039363447395,3507.242524997494,90501.16407477029,55.41954102142662,26.462509541332377,0.4774942024709532,33.41631139319925,0.3699031833303988,16092.068910614233,16,0,0,1,0.0,22,207.0,16.092068910614234,10004.385178645527,7462567.983343216,29.89481226952514,500000.0,0.44748845403028775,32,1,1.6949926253526888,2,E5,teleop,1322.6,2,marketplace
5462.215819842928,6145.227749801552,5411.075295961391,5411.075295961391,1593.705990740119,1593.705990740119,,,,,3021.0695981150766,5266.8387271535,,,3502.390643350755,6145.227749801552,0.0,0.0,28096.063942230638,528096.0639422307,17185.657082863756,20,0.0325426721694781,0.0,0.0,510910.40685936686,3435.3736358978217,3401.5863491842747,5742.389717334148,2960.607760987075,5462.215819842928,91731.3511431632,48.51823056581599,24.8106585722335,0.5113677535823844,31.992130371947624,0.32015664723454085,13913.170629615655,16,0,0,1,0.0,19,207.0,13.913170629615655,12854.50824280054,10558941.183269266,20.92190559595639,500000.0,0.4539008661160177,26,1,1.6949926253526888,3,E5,teleop,1322.6,2,marketplace
713.2493806956511,713.2493806956511,,,,,,,,,4876.113735051648,8189.797187829071,,,,713.2493806956511,0.0,0.0,32491.15341102122,532491.1534110211,24104.366721497085,25,0.04526716841601934,0.0,0.0,508386.786689524,4709.599160877408,4680.212994149239,8174.181993231729,4858.0894280984285,713.2493806956511,94698.17081381664,54.708365245312635,25.833386613780082,0.47220176471994774,30.115619856049914,0.37157259227706213,16095.05459929836,17,2,0,0,0.0,25,207.0,16.09505459929836,9255.379208960287,8414094.536976168,26.51444592390729,500000.0,0.4473659682226871,35,1,2.0840585404445817,4,E5,teleop,1322.6,2,marketplace
4833.6948858140195,8301.906316831439,10235.547669242784,10479.467725931621,,,,,,,4405.8422298355845,7550.806442883935,,,10235.547669242784,8301.906316831439,0.0,0.0,43452.69323580841,543452.6932358083,19447.020354088727,23,0.03578420089943416,0.0,0.0,524005.6728817196,4949.9777163908575,4944.018021431178,8969.18230611886,4424.121040339413,4833.6948858140195,91578.93255517795,62.018098008931545,26.899012753599223,0.43372843762034363,44.274947213303776,0.39744163305594327,17298.25300859308,14,0,0,1,0.0,21,207.0,17.298253008593083,11533.810780500082,8293746.267166614,27.04426272317346,500000.0,0.4815356242477799,25,1,1.6949926253526888,5,E5,teleop,1322.6,2,marketplace
3268.5044134242253,5608.911699900798,10480.50130401827,11311.013304475136,8060.449670112591,8060.449670112591,7169.9696804021205,7890.4198493729955,,,3811.3121550398064,6319.630622778513,,,8973.648823828606,5608.911699900798,0.0,0.0,31608.77227884693,531711.6529138116,25608.92123759686,25,0.04816317471557834,0.0,0.0,506102.7316762149,4963.423716890626,4697.408243727738,9158.656863703052,5049.513749569468,3268.5044134242253,95606.57840986204,71.4202724951318,32.42594647873724,0.45401600058229236,51.671936095180925,0.4417219382606255,19167.595953378433,15,0,0,1,0.0,20,207.0,19.167595953378434,8831.594031432227,4024300.16388479,56.200478777172364,500000.0,0.4958824933745725,25,1,2.0840585404445817,6,E5,teleop,1322.6,2,marketplace
3690.8440687868147,6715.00838614322,,,11416.207758398534,11492.223391084182,11497.914840502814,11497.914840502814,,,2532.151329565852,4185.258161571987,,,11443.443452433292,6715.00838614322,0.0,0.0,40773.60461111535,540773.6046111155,19157.492482728227,19,0.035426086479396275,0.0,0.0,521616.11212838715,4244.1165961293855,2843.2268592322093,11356.533542133739,5917.919027669372,3690.8440687868147,100637.57409626365,45.22792498489662,22.582992747333023,0.4993152516918336,29.866600142365716,0.3445037589570425,14909.439699881501,13,0,0,1,0.0,16,207.0,14.909439699881501,11583.428253981978,5735198.919650226,38.692544549686716,500000.0,0.5139921277871661,23,1,2.0840585404445817,7,E5,teleop,1322.6,2,marketplace
3330.847606919973,7115.187136822318,9294.498096351172,9294.498096351172,9751.349299552094,9754.631741730851,,,,,4342.889898731501,7965.623595820624,,,9599.065565151786,7115.187136822318,0.0,0.0,38363.5914215517,538504.9797178297,16907.77578525763,25,0.03139762197578396,13515.69167661024,0.02509854539078228,508081.51225596195,4609.295753649785,5011.978464442494,9112.393853213249,4837.1081597651055,3330.847606919973,95411.46349506486,65.52031111306644,32.12669884355527,0.4903319031577122,35.734909040748725,0.42851718206501194,18589.22763201056,14,0,0,1,0.0,19,207.0,18.58922763201056,13342.336123756042,7527382.256220403,29.969147301585537,500000.0,0.5703617088553531,14,1,2.0840585404445817,8,E5,teleop,1322.6,2,marketplace
6221.017889074299,8347.042662423222,10913.548196799311,12175.28702814649,,,,,,,2671.16960375033,4081.2298356670817,,,10913.548196799311,8347.042662423222,0.0,0.0,47374.080402398526,547893.3300119789,12154.372476591541,19,0.022183829973483716,0.0,0.0,535738.9575353874,4846.627244980106,4022.5502398275107,9070.288312381153,3348.1003481051284,6221.017889074299,93894.13402753332,62.45287630014642,36.594003754226144,0.5859458510502638,38.63655917626384,0.3898643297360528,16457.909402812053,12,1,0,2,0.0,14,207.0,16.457909402812053,18384.981193654887,13144579.2921317,17.000004673909434,500000.0,0.5282542248232462,14,5,10.420292702222909,9,E5,teleop,1322.6,2,marketplace
1337.3228345353862,1337.3228345353862,,,,,,,,,4772.642546014101,8078.106696610006,,,,1337.3228345353862,0.0,0.0,13819.243346008723,513819.2433460087,23250.524452975587,24,0.045250396426508604,0.0,0.0,490568.7188930331,4629.504224702488,4731.307841549973,8026.1905977266015,4735.626968440566,1337.3228345353862,89603.22754135607,49.13460652291032,23.04650725257892,0.4690483731020187,27.761195363191064,0.34867920705371,15272.1492689525,14,0,0,0,0.0,24,207.0,15.2721492689525,9559.876798413734,9107881.041007347,24.40437553676797,500000.0,0.41644520244903777,29,0,0.0,10,E5,teleop,1322.6,2,marketplace
1329.0570202115766,1329.0570202115766,,,,,,,,,4814.144439580964,8256.966645942784,,,,1329.0570202115766,0.0,0.0,26006.043708159235,526006.0437081592,21077.27376933647,22,0.04007040227285039,0.0,0.0,504928.76993882284,4655.731375064173,4640.32940756037,8189.067397284287,4801.367367730546,1329.0570202115766,92191.64717137511,47.37038921468824,21.38169495084638,0.4513725832807072,27.304858623609892,0.33288263455635125,14580.259393568185,15,0,0,0,0.0,22,207.0,14.580259393568186,10512.757096504884,9265032.365979278,23.915756647240595,500000.0,0.5150917000840388,30,0,0.0,11,E5,teleop,1322.6,2,marketplace
,,,,,,,,,,4610.160850279303,7981.4071157060525,,,,,,,3605.0987133016765,503605.0987133017,24000.0,24,0.04765638803363865,0.0,0.0,479605.0987133017,4610.160850279303,4693.396131364443,7981.4071157060525,4610.160850279302,,87781.76827418624,45.29248298936897,23.749328073335498,0.5243547384873982,24.6963483103247,0.3317556276524449,14530.896491177085,18,1,0,0,0.0,24,207.0,14.530896491177085,9230.454020465711,10283122.288941205,21.543154916033473,500000.0,0.11713873212751946,31,0,0.0,12,E5,teleop,1322.6,2,marketplace
,,,,,,,,,,4524.767588041569,7653.405047292549,,,,,,,6216.486291594783,506216.48629159486,22000.0,22,0.04345966714985135,0.0,0.0,484216.48629159486,4524.767588041569,4688.353148982267,7653.405047292549,4524.767588041569,,88301.35769580523,54.08697742359209,35.77404210453416,0.6614169215699222,25.672029560479945,0.33773852292214435,14415.886144043177,16,0,0,0,0.0,22,207.0,14.415886144043178,10064.358461092872,12090682.475879207,18.312935319057935,500000.0,0.17379428177782819,27,5,8.474963126763445,13,E5,teleop,1322.6,2,marketplace
3226.749818517692,4598.2114288453095,,,,,,,,,4391.875133485657,9409.304391857873,,,,4598.2114288453095,0.0,0.0,58929.484502104126,558929.4845021041,17861.584245230053,20,0.03195677583754809,0.0,0.0,541067.900256874,4217.106336240462,4057.9896240452244,9395.724755506277,4334.364413553238,3226.749818517692,97215.00475563345,47.60811160978155,22.283259796014537,0.4680559476640998,25.96211191270617,0.3181714328886226,13756.08381808471,10,0,0,1,0.0,18,207.0,13.75608381808471,12359.266725012803,8680681.110651948,25.43073302706603,500000.0,0.47134079877769536,34,1,2.0840585404445817,14,E5,teleop,1322.6,2,marketplace
4725.33891727097,4725.33891727097,9217.347221812128,9217.347221812128,6749.650387128275,6749.650387128275,6968.678733834856,6981.184043009777,,,3307.11019303215,5751.203315234686,,,7374.606762088995,4725.33891727097,0.0,0.0,64862.71277757866,564862.7127775789,25957.94922946021,22,0.04595443926864659,0.0,0.0,538904.7635481185,4296.006173465015,4298.482840486737,6973.030400534106,4674.252539295002,4725.33891727097,96692.05868394853,44.87616957647604,19.72568069617543,0.4395580300711667,35.601486078141725,0.38084505768054655,16681.01352640794,13,0,0,1,0.0,17,207.0,16.68101352640794,8617.052585669895,4016092.5598234762,55.69617985503792,500000.0,0.29692840758625527,22,0,0.0,15,E5,teleop,1322.6,2,marketplace
842.0360548480411,842.0360548480411,,,,,,,,,4560.143725345903,7655.428061197741,,,,842.0360548480411,0.0,0.0,8440.199489225186,508440.1994892252,21020.0,22,0.04134212837835505,0.0,0.0,487420.1994892252,4391.138831232363,4279.379055783231,7647.010105517551,4556.606039646094,842.0360548480411,88174.3146984428,40.557216744390736,21.38169495084638,0.5271982810261154,21.879107853958548,0.32511301721137015,14130.25963460078,17,0,0,0,0.0,22,207.0,14.13025963460078,10519.993322293092,12625604.8297816,17.51442902069872,500000.0,0.4529205725007774,27,1,1.6949926253526888,16,E5,teleop,1322.6,2,marketplace
723.792386986287,723.792386986287,,,,,,,,,4747.1715384292165,7804.561703187716,,,,723.792386986287,0.0,0.0,10188.61735102234,510188.6173510223,20220.04007383474,21,0.03963247980486177,0.0,0.0,489968.57727718755,4555.582055027172,4403.99212172916,7755.014030014845,4703.388012663891,723.792386986287,89799.33701568795,40.358406731411655,21.28228994435684,0.5273322627920408,23.795107674740485,0.3171976855687906,13783.568108655792,14,0,0,1,0.0,20,207.0,13.78356810865579,10919.047009919406,10955965.703887172,20.151903910243337,500000.0,0.5007884971362923,32,1,1.6949926253526888,17,E5,teleop,1322.6,2,marketplace
2620.921665278861,4253.833105581258,,,,,,,,,3485.4974474549426,6129.951086671492,,,,4253.833105581258,0.0,0.0,68261.72443658626,568261.724436586,18118.822442651897,22,0.031884643401974944,0.0,0.0,550142.9019939341,3289.0029515058327,3085.2537060329482,5650.5761349031045,3407.7423130008497,2620.921665278861,95620.58600730113,53.489118595488044,26.20739177564518,0.4899574430051619,28.733688291195172,0.3395645834518923,14872.928755192883,14,0,0,1,0.0,21,207.0,14.872928755192884,12245.438656813683,10466564.783907454,21.198256862301832,500000.0,0.4838452092821279,24,0,0.0,18,E5,teleop,1322.6,2,marketplace
2246.7496366860914,2816.043341142821,,,,,,,,,3006.4214694168436,5264.91092285176,,,,2816.043341142821,0.0,0.0,37728.11627304937,537841.0658531047,16226.93684348182,19,0.030170505514939102,0.0,0.0,521614.12900962285,2846.490557263001,2731.7208708849157,5115.845036703134,2949.609013393144,2246.7496366860914,91253.20333214512,44.972199855248654,23.589186506275336,0.5245281881295889,24.31860320942677,0.28911424964319016,12553.513615114494,12,0,0,0,0.0,19,207.0,12.553513615114495,13530.18845964799,13473792.803942356,16.294856007498822,500000.0,0.4836141062001662,29,1,1.6949926253526888,19,E5,teleop,1322.6,2,marketplace
1124.0315363808193,1492.4192926648416,,,9827.264327967048,9827.264327967048,,,,,3920.052823919711,6752.611519712328,,,9827.264327967048,1492.4192926648416,0.0,0.0,13968.57625752051,514114.60614480433,40276.9678039528,42,0.07834239160403951,0.0,0.0,473837.63834085147,3860.9849106204415,3574.804486900417,7307.221800714599,4070.809659092377,1124.0315363808193,85970.83925914681,96.25470333144143,45.82385200922296,0.4760687054577901,52.99616748377688,0.5582944067460602,24273.470073040473,23,0,0,1,0.0,41,207.0,24.273470073040475,5742.077487033252,4654830.566092182,49.6846161829686,500000.0,0.42968023758764823,2,1,2.0840585404445817,0,E5,teleop,1322.6,4,marketplace
1509.8300656340623,2141.5162405671745,3127.2946915593293,3127.2946915593293,,,,,,,4142.903791916663,7964.63281565475,,,3127.2946915593293,2141.5162405671745,0.0,0.0,22776.714596747763,522877.19942874264,42858.68094442706,46,0.08196701059302514,0.0,0.0,480018.51848431554,3949.1031336730725,3480.7007845267235,7731.241609908943,4093.6777446842875,1509.8300656340623,87758.3857115681,118.6373897605164,59.75013547654939,0.5036366325756332,61.6411528181708,0.6029300147827409,26228.509705047087,32,0,0,0,0.0,46,207.0,26.228509705047085,5441.803260521809,4459223.117597611,52.302498339822485,500000.0,0.37284732205699367,5,1,2.0840585404445817,1,E5,teleop,1322.6,4,marketplace
672.3625249974912,672.3625249974912,,,,,,,,,4516.119436992632,8311.144074052036,,,,672.3625249974912,0.0,0.0,29310.196036041838,529310.1960360417,45299.428193429296,46,0.08558200566071236,14403.979793049497,0.027212738203268434,469606.788049563,4432.559504123172,4039.5833269487234,8295.286202683565,4490.712290941569,672.3625249974912,86137.98845592639,121.78815026915946,60.42951781282029,0.496185529374305,65.67444698743029,0.641683357495855,27996.04053906122,32,2,0,1,0.0,44,207.0,27.996040539061223,5187.616045298062,3632411.3070905423,64.69422669187932,500000.0,0.4251174522017638,1,1,1.6949926253526888,2,E5,teleop,1322.6,4,marketplace
3120.8354304570553,3847.4449064211954,,,2769.728329428526,2769.728329428526,,,,,3003.08227472666,5350.257332882312,,,2769.728329428526,3847.4449064211954,0.0,0.0,28096.063942230638,528157.4291684569,31677.94684876228,35,0.05997822826924305,0.0,0.0,496479.48231969465,3006.5081467807486,2841.2369428183965,5304.113922739252,3002.192839129482,3120.8354304570553,88018.5946177537,80.37955408410544,39.727456325460736,0.49424827965444756,43.88456126284936,0.46651639687300084,20323.727663780202,25,0,0,1,0.0,34,207.0,20.3237276637802,7176.087792213156,6412928.515736436,35.447725186076745,500000.0,0.42616227148141156,2,1,1.6949926253526888,3,E5,teleop,1322.6,4,marketplace
713.2493806956511,713.2493806956511,,,,,,,,,4522.842541658844,8001.150707422714,,,,713.2493806956511,0.0,0.0,32491.15341102122,532491.1534110211,46104.366721497085,47,0.08658240878963465,0.0,0.0,486386.78668952396,4441.78736802133,4101.538078101598,7993.176852110846,4514.218743595438,713.2493806956511,90521.45711859765,121.07697449304551,58.234987590025,0.48097491561758454,65.49749518854841,0.6270438971563278,27284.6977530102,29,0,0,0,0.0,47,207.0,27.284697753010203,5081.616220178343,3873661.783926611,60.4814541953952,500000.0,0.39446611908303025,1,1,2.0840585404445817,4,E5,teleop,1322.6,4,marketplace
498.4305970422445,498.4305970422445,,,,,,,,,4845.090273315058,10880.690603469453,,,,498.4305970422445,0.0,0.0,43452.69323580841,543452.6932358083,45226.32778827192,46,0.0832203581860765,0.0,0.0,498226.36544753634,4750.597671656954,4089.7028808194,10876.124597398944,4823.338123206672,498.4305970422445,86337.23254923688,104.96279867092244,52.019078618869216,0.49559538500834505,55.91746162288806,0.6252178308558605,27274.850472229453,24,1,0,2,0.0,40,207.0,27.274850472229456,5180.054670124722,3634770.3401115076,64.4538247401464,500000.0,0.42621656979015254,1,1,1.6949926253526888,5,E5,teleop,1322.6,4,marketplace
4572.314960168829,6745.102292251982,9884.121822996407,9884.121822996407,7817.338496190965,7817.338496190965,,,,,3653.3756961918366,6470.410249463919,,,8850.730159593686,6745.102292251982,0.0,0.0,31608.77227884693,531816.8456742836,36403.56692415828,43,0.06845132345893007,0.0,0.0,495413.2787501253,4044.707876997479,3692.7471257928682,6992.786432117791,3813.3579598576716,4572.314960168829,91878.88800687635,104.52672898568085,48.18293102084581,0.46096277467408747,60.64561564025662,0.613106059118674,26674.220446960957,19,0,0,2,0.0,35,207.0,26.674220446960955,6418.992428236177,4134311.004830459,56.52071655323945,500000.0,0.44534205162525636,3,1,2.0840585404445817,6,E5,teleop,1322.6,4,marketplace
2995.743419781519,4922.016579678823,3779.6951779890032,3779.6951779890032,,,,,,,2427.5581620102666,4478.963899254771,,,3779.6951779890032,4922.016579678823,0.0,0.0,40773.60461111535,540807.9335550342,24042.97499047656,29,0.04445751162049082,0.0,0.0,516764.9585645576,2572.1465518321634,2301.608012257153,4568.389909358563,2441.682025310692,2995.743419781519,97688.02022646727,74.76874122181349,35.8635746020305,0.4796600025087415,40.90095666998753,0.42203443425643533,18305.283277994906,19,1,0,1,0.0,28,207.0,18.305283277994906,9370.940300326332,7315923.38727788,30.79656132946833,500000.0,0.44943015925971014,7,1,2.0840585404445817,7,E5,teleop,1322.6,4,marketplace
1506.9362078951006,2551.157964120357,4573.8102010341645,5361.128344289145,968.3421446381847,968.3421446381847,,,,,4781.652803471562,8590.826245328602,,,3371.9875155688374,2551.157964120357,0.0,0.0,38363.5914215517,538602.1742273511,30248.011940611632,36,0.05616021135451924,13515.69167661024,0.02509401618365003,494838.47061012924,4118.3945968835915,3006.3111080156586,8431.509655907212,4416.668001665727,1506.9362078951006,93092.20205951584,123.7544508011527,62.30866599686752,0.5034862632697098,63.963570352664206,0.5519564945919515,23995.86952069051,24,1,1,0,0.0,36,207.0,23.995869520690512,7636.728984841166,4940515.804873709,46.755415556573716,500000.0,0.38952042809023624,6,1,2.0840585404445817,8,E5,teleop,1322.6,4,marketplace
6701.312861194388,9112.433648054171,13316.142873495335,13316.142873495335,6870.964180346218,9440.171589131198,,,,,2610.5128526109647,3995.903725985223,,,8482.258853633497,9112.433648054171,0.0,0.0,47374.080402398526,547717.1126783586,22421.585411389166,28,0.04093643395903173,0.0,0.0,525295.5272669694,4179.833711432652,3328.018758137331,8615.071759728819,3439.322810083758,6701.312861194388,91445.14187225579,93.89694379908346,51.23602497247043,0.5456623282873084,57.75784324028959,0.5083542971517407,21647.769975619187,19,0,0,2,0.0,23,207.0,21.647769975619187,10197.662911895442,6307133.187939162,36.252250136853256,500000.0,0.5221487344123078,0,5,10.420292702222909,9,E5,teleop,1322.6,4,marketplace
1337.3228345353862,1337.3228345353862,,,,,,,,,5818.952853553913,15204.98729419662,,,,1337.3228345353862,0.0,0.0,13819.243346008723,513819.2433460087,52250.52445297559,53,0.10169047798349934,0.0,0.0,461568.7188930331,5734.393796591299,4687.877302939733,15201.2215240892,5797.464879591774,1337.3228345353862,85206.6969349829,114.03721348188972,54.715107084447105,0.479800456481133,63.02152873343164,0.7532608718602144,32992.82618747739,30,0,0,1,0.0,47,207.0,32.99282618747739,4593.1180346996525,3332064.5431422247,72.02526334053476,500000.0,0.45941919927059205,2,0,0.0,10,E5,teleop,1322.6,4,marketplace
620.3370202115773,620.3370202115773,,,7629.461463999138,7629.461463999138,,,,,4351.401583757168,7933.037785931896,,,7629.461463999138,620.3370202115773,0.0,0.0,26006.043708159235,526006.0437081592,44393.56033010307,46,0.0843974339479903,0.0,0.0,481612.4833780562,4341.553655859263,4082.0597840225405,7921.40623336476,4368.26197651414,620.3370202115773,87619.6717264257,125.2758170190916,61.408766267351055,0.4901885114666031,67.77360445292466,0.6063655020147954,26558.80898824804,27,1,0,0,0.0,46,207.0,26.558808988248042,5261.0965926486615,3912928.8921196274,59.68899906630545,500000.0,0.39019040157359414,1,0,0.0,11,E5,teleop,1322.6,4,marketplace
,,,,,,,,,,4213.51133786486,7086.792671878298,,,,,,,3605.0987133016765,503605.0987133017,46000.0,46,0.09134141039780741,0.0,0.0,457605.0987133017,4213.51133786486,4071.2623768333688,7086.792671878298,4213.51133786486,,83542.51576491333,88.17998280845684,43.627670687636424,0.4947570786263789,46.91236558618197,0.5660182662275729,24791.60006076769,31,0,0,0,0.0,46,207.0,24.791600060767692,5038.947827407993,5202683.969177118,44.552312120820396,500000.0,0.09897176690443743,0,0,0.0,12,E5,teleop,1322.6,4,marketplace
,,,,,,,,,,4393.092281109141,8252.543957495058,,,,,,,6216.486291594783,506216.48629159486,46000.0,46,0.09087021313150737,0.0,0.0,460216.48629159486,4393.092281109141,4187.702120474094,8252.543957495058,4393.092281109142,,84086.3980220004,105.00032373187405,58.882604315810624,0.5607849787794144,49.95429192194321,0.5927419501940862,25585.036258554228,29,0,0,0,0.0,46,207.0,25.58503625855423,5056.196440403352,5043290.067321539,46.117719416063395,500000.0,0.12202198724723368,0,5,8.474963126763445,13,E5,teleop,1322.6,4,marketplace
2264.685372923007,4879.565410839099,7873.89638440558,7873.89638440558,,,,,,,3577.5813476032613,6094.903019191473,,,7873.89638440558,4879.565410839099,0.0,0.0,58929.484502104126,558929.4845021041,34070.11296832347,38,0.06095601308038565,0.0,0.0,524859.3715337808,3552.4426933422424,3536.572445997223,6335.943558682986,3532.482949608851,2264.685372923007,93366.47757170949,112.06971414016003,55.296764708825265,0.49341398907887235,59.308218690791314,0.5304068901739343,23051.99684718136,19,0,0,0,0.0,38,207.0,23.051996847181357,6752.310949513761,4736644.246826307,48.568561382105706,500000.0,0.42098536635209927,4,1,2.0840585404445817,14,E5,teleop,1322.6,4,marketplace
,,,,6103.971982274503,6103.971982274503,6323.000328981085,6335.505638156005,,,3325.327019493771,5623.278797532548,,,6268.243242304439,,,0.0,64862.71277757866,564862.7127775789,43545.257849796915,38,0.07708998463657374,0.0,0.0,521317.45492778183,3635.1076745264736,3935.6633814781444,6310.445047904089,3975.8858631144785,,92362.83780183623,99.53528802896241,48.79765706895527,0.4902548436365232,57.779688806200696,0.5316696129495827,23287.129047191724,25,0,0,1,0.0,35,207.0,23.287129047191723,5288.454826505654,2810579.9007502566,81.93580584053804,500000.0,0.13597644420728994,0,0,0.0,15,E5,teleop,1322.6,4,marketplace
842.0360548480411,842.0360548480411,,,,,,,,,4325.3775905336715,7118.802242100052,,,,842.0360548480411,0.0,0.0,8440.199489225186,508440.1994892252,45020.0,46,0.08854531967619145,0.0,0.0,463420.1994892252,4249.6527745405065,4082.9223226511413,7113.576288797476,4323.830126501827,842.0360548480411,83806.53695158922,91.47056305267267,44.490257162122845,0.4863887974156609,47.46019642490156,0.5664754273841875,24701.933200170177,30,0,0,0,0.0,46,207.0,24.701933200170178,5146.644451358733,5112664.524831625,45.31921311770418,500000.0,0.39207617443901466,1,1,1.6949926253526888,16,E5,teleop,1322.6,4,marketplace
616.7356248357814,702.3810345561859,,,,,,,,,4818.656476217262,8011.009719918987,,,,702.3810345561859,0.0,0.0,10188.61735102234,510188.6173510223,47472.3098420977,49,0.09304854759124424,0.0,0.0,462716.3075089246,4647.149502691487,4112.887511392891,7985.245175024514,4776.7781899664715,616.7356248357814,85175.80781087905,107.83594494815804,53.17988011282426,0.4931554143508493,56.74946851353599,0.6530774754743784,28495.102906520544,29,0,0,2,0.0,46,207.0,28.495102906520547,4960.683474004612,4001774.0510917488,58.84767603065287,500000.0,0.43387952233792176,2,1,1.6949926253526888,17,E5,teleop,1322.6,4,marketplace
1869.369747746872,3420.6605456013845,4258.479652863267,4258.479652863267,,,,,,,3227.729703176268,5851.081338848815,,,4258.479652863267,3420.6605456013845,0.0,0.0,68261.72443658626,568261.724436586,35301.04109947634,39,0.06212109593423036,0.0,0.0,532960.6833371096,3114.840219278048,2856.090950313365,5510.048084915714,3191.146851517444,1869.369747746872,91477.31922452438,90.07010248399219,44.2221120752345,0.4909743728013846,48.07595778588402,0.5263866425972517,23055.73494575962,22,0,0,2,0.0,37,207.0,23.05573494575962,6516.967425903264,5664013.440729241,40.61708845735719,500000.0,0.41843241184235724,2,0,0.0,18,E5,teleop,1322.6,4,marketplace
2788.696933442077,5282.944839639283,13635.83879189333,15480.48798927969,7614.930075100611,8658.710473266112,,,,,3912.7630252466174,7005.320296304782,,,11227.475305176242,5282.944839639283,0.0,0.0,37728.11627304937,537841.0658531047,43267.91190262998,51,0.08044739356969689,0.0,0.0,494573.15395047475,5280.89880022471,4813.883337441533,10680.29864556473,4366.090915794922,2788.696933442077,86648.53769432358,125.03620832720154,57.37473692271203,0.45886497751571853,72.83964598540419,0.7734619157330346,33767.94138984968,28,1,0,1,0.0,42,207.0,33.767941389849675,5564.584256611998,3444611.911704394,69.89697172321445,500000.0,0.46383970815675796,3,1,1.6949926253526888,19,E5,teleop,1322.6,4,marketplace
3.173115479800894,2.656517120889805,3.709242524235221,6.268754272076103,2.8214438451182864,4.169552715478176,,,,,23.251682811643448,28.972819365853866,3.887811458957644,7.886180835927007,3.428885046619347,2.656517120889805,0.9583333333333334,1.0,13968.57625752051,515078.73700219905,515078.73700219905,554,1.0,0.0,0.0,0.0,21.317528735146652,25.425165379100463,28.81176923259868,22.663862010663372,3.173115479800894,429.7051533638227,1787.5729869507609,894.7608934455645,0.50054509660713,964.9721959547619,0.030343298775011473,330.9675014797995,3,0,0,14,0.0,535,207.0,0.33096750147979953,402.52286224852384,267381.5994284528,775.4122495514446,500000.0,0.36135010922496197,1,6,22.908477153082163,0,E5,supervised,2.6,1,marketplace
2.2127483710975335,2.4224557449181474,4.103704859013457,5.340890494908763,4.446788411955867,5.739475942319951,11.812385565633727,20.39504574601324,,,23.496142703457366,29.778070032131108,3.712457030986343,5.37320375176496,5.878094850768662,2.4224557449181474,1.0,1.0,22776.714596747763,525519.2910413912,524519.2910413912,535,0.9980971202826477,0.0,0.0,1000.0,22.179527031251133,25.70470829303963,29.150004486482448,22.704889432714445,2.2127483710975335,429.8624463522208,1678.8190902623937,844.8305569353865,0.5032290625211692,945.5582946912032,0.031050881324671115,337.78781486274784,4,0,4,21,0.0,507,207.0,0.33778781486274784,395.29106241871506,255394.26467809553,811.8341579682526,500000.0,0.3911739292288396,0,9,33.257644095759126,1,E5,supervised,2.6,1,marketplace
10.44602285763947,21.48931472049217,6.117500069782409,8.801570957394505,7.404523931840989,13.33280851601512,5.038185534366903,5.3284994445765275,,,22.647073494315674,28.811769232597726,7.080406797181488,6.10432563082486,6.465219701127438,21.48931472049217,0.9090909090909091,0.9473684210526315,29310.196036041838,532277.3226155266,516873.34282247716,548,0.9710602365748803,14403.979793049497,0.02706104352195697,1000.0,21.372317822114283,25.704708293036674,28.811769232597726,22.086402269515588,10.44602285763947,421.1750081319241,1711.6243082047313,840.4291883859419,0.491012650590036,936.4742922935192,0.031708998344917964,346.35296476262306,4,0,1,18,0.0,527,207.0,0.34635296476262306,401.1550524786433,263895.7693130152,785.7130620340581,500000.0,0.3969023214228349,0,7,18.649708771619657,2,E5,supervised,2.6,1,marketplace
2.7968315969025217,4.887507324559192,4.725345643854474,6.890155613801472,5.796702559793585,12.513367648259235,25.443828654480058,25.443828654480058,53.04494901963517,53.04494901963517,23.973233454966643,28.972819365853866,4.222121317320249,4.7511081782655324,6.035014484271836,4.887507324559192,1.0,1.0,28096.063942230638,531327.860284328,530327.860284328,561,0.998117922897051,0.0,0.0,1000.0,21.896551899896178,25.70470829303963,28.811769232597726,23.600157957076636,2.7968315969025217,464.56231450876146,1864.8372957400425,912.5986884029575,0.48937174867086813,996.8135012761056,0.030889883479505487,337.6944225941688,2,0,3,14,0.0,545,207.0,0.3376944225941688,390.9613466496611,249472.10061791944,831.1057385135965,500000.0,0.35456704755423285,1,2,6.686917343769473,3,E5,supervised,2.6,1,marketplace
2.582729817102126,4.2632833351477535,4.714872425240401,6.530224900881786,3.176458417013186,5.7407836909238545,,,66.38753634606803,114.98806205078465,24.029174402586232,28.972819365853912,7.1079966687070915,5.3018852650322525,3.9004179502965814,4.2632833351477535,1.0,1.0,32491.15341102122,538255.453584505,538255.4535845051,550,1.0000000000000002,0.0,0.0,0.0,22.459204495529683,25.673315795483518,28.82787424592498,25.953784983007136,2.582729817102126,516.0467970828281,1721.8331491310917,853.2004038861809,0.4955186304298655,920.0992306287108,0.03039545868387501,331.6313540350267,4,0,1,19,4046.004294015581,525,207.0,0.3316313540350267,385.1918823549539,249423.9565487548,831.2418511150834,500000.0,0.3486910272354658,0,7,19.816906516895337,4,E5,supervised,2.6,1,marketplace
7.2717786940286535,11.258103236943889,8.99981367589007,24.687377975673574,14.200835968689592,51.03152982657666,29.222653919509412,54.04262756152548,,,23.618040939905008,29.065357195645078,3.342047575242198,6.691131740756816,14.77805582221378,11.258103236943889,0.9259259259259259,0.8947368421052632,43452.69323580841,547328.4080016714,546328.4080016714,572,0.998172943363837,0.0,0.0,1000.0,21.81565540143647,25.487066098326068,29.489149603836175,23.527155486289036,7.2717786940286535,463.1334943132505,1855.0977324629555,922.0938242022332,0.4970594314607878,1027.1394721543052,0.03342920466835502,364.4120818879278,5,0,0,21,0.0,544,207.0,0.3644120818879278,379.5600028202332,233994.88409413147,886.1920758851692,500000.0,0.3795574989486834,3,9,27.06171974826643,5,E5,supervised,2.6,1,marketplace
2.50762406994757,3.031895636105475,4.022007592783019,5.210964119650089,4.524345427485222,8.723736898039627,32.35122322221804,39.152079217506504,,,24.204784593483062,29.77807003213102,6.2494088205415625,9.93058768592064,8.890058732810331,3.031895636105475,1.0,1.0,31608.77227884693,533346.8920584851,533346.8920584851,565,1.0,0.0,0.0,0.0,22.065857513193894,25.7047082930396,29.583382780671183,23.86815254142566,2.50762406994757,458.0895655023109,1837.1226013556532,926.1694081524176,0.5041413172256315,998.8634925967821,0.03334453764906593,363.37663077415596,5,0,0,22,0.0,535,207.0,0.36337663077415594,388.7964469623934,247989.6234041998,836.177634306865,500000.0,0.4164872451027657,0,10,30.944205289756084,6,E5,supervised,2.6,1,marketplace
3.55937473343252,3.8336318229792585,16.279264680313744,56.2203190180493,2.234954290374633,2.503825920709443,6.063349301183067,6.718543137484451,11.838310601135902,11.838310601135902,23.89933526191238,29.72163906982086,3.939475138975962,5.39598394761562,10.161322002492353,3.8336318229792585,0.972972972972973,0.9508196721311475,40773.60461111535,544565.4292464787,543565.4292464787,581,0.9981636733690867,0.0,0.0,1000.0,21.328682792206113,25.704708293036674,28.972819365853866,22.44534833662973,3.55937473343252,447.36436856039046,1896.7116905339328,936.4671809804191,0.4937319602415691,1019.7706225606273,0.03109081447145497,338.6535267886587,1,0,1,16,99.38937189467718,556,207.0,0.3386535267886587,381.44194308717033,238642.1178391648,868.8267410806611,500000.0,0.3683962350964404,0,12,31.027658692190975,7,E5,supervised,2.6,1,marketplace
3.990878335532129,10.675146294068513,9.311185738893755,18.5124667473708,4.42535428042215,5.970915850418534,5.016140661867894,5.018809284742156,,,23.747932369130716,29.778070032130927,5.5528183648113965,4.99718314029783,6.176146646972773,10.675146294068513,1.0,1.0,38363.5914215517,540361.5398106,526845.8481339898,560,0.9749876875372228,13515.69167661024,0.02501231246277737,0.0,21.754327386092445,25.704708293039516,28.972819365853912,22.80701157885499,3.990878335532129,438.58289660809595,1760.4668396644895,877.3454695133534,0.498359554264912,968.6956046739699,0.032802674062087284,356.43886966535615,5,0,0,17,0.0,538,207.0,0.35643886966535615,393.58085406593074,254157.17433191766,815.8590817462714,500000.0,0.41916432023398925,0,15,45.18363363980908,8,E5,supervised,2.6,1,marketplace
5.105041681630001,11.917650345837734,5.748915110623391,12.568922453051934,5.804346150159783,10.559304557503857,36.08419072951983,36.08419072951983,41.101748138852145,51.03419246237836,23.422939092016687,28.972819365853866,3.5706325500131118,5.5934091747244565,6.477590327612961,11.917650345837734,1.0,1.0,47374.080402398526,549779.8663554897,548779.8663554897,604,0.9981810901759116,0.0,0.0,1000.0,20.399556270337115,25.382608026528942,28.168468878954222,23.038586998940467,5.105041681630001,460.318261271794,2050.1254501169724,1011.0777114554733,0.49317845959025824,1134.5934404988586,0.03558904833247684,387.48456070599866,4,0,2,23,0.0,571,207.0,0.3874845607059987,377.9065109257564,234128.86001708312,885.7835148796865,500000.0,0.38441676334848,0,13,36.44666791469508,9,E5,supervised,2.6,1,marketplace
2.2985999923516665,2.7950995544200623,4.407723315258522,7.053902860730363,5.620095667489039,10.274981424893209,,,,,22.849610848896546,28.81176923259911,3.0222719182369473,6.062837536367556,5.013909491373781,2.7950995544200623,1.0,1.0,13819.243346008723,516514.44304295897,516514.44304295897,540,1.0,0.0,0.0,0.0,21.42116869515842,25.70470829303956,28.811769232597726,22.274535577053097,2.2985999923516665,424.7142270199004,1684.0032527009737,840.7363321342692,0.49924863909010375,910.185999683791,0.027905944558111274,304.16348185595876,1,0,2,17,0.0,520,207.0,0.30416348185595876,401.35211371933366,263968.4615732562,785.3368627688319,500000.0,0.3555301211225461,0,10,26.16744834583803,10,E5,supervised,2.6,1,marketplace
5.263808027103837,11.414764079273482,8.520980058975056,15.981611072909075,3.2417442918217376,5.731484531760042,,,7.552558473439603,7.552558473439603,23.61143897057483,28.972819365853912,2.7018388861143063,3.918979080091777,4.750097368151257,11.414764079273482,0.9523809523809523,1.0,26006.043708159235,531772.2574830158,531772.2574830158,543,1.0,0.0,0.0,0.0,22.11643876185443,25.704708293039516,28.811769232597726,22.562737677776777,5.263808027103837,431.7652599049113,1626.078915273565,799.2914334930539,0.4915452909360087,913.1094540946993,0.029573209435736835,322.96790700894854,3,0,0,20,0.0,514,207.0,0.32296790700894856,389.87172608121745,248344.11088149215,834.8213580387329,500000.0,0.37609790791227643,1,4,12.433225483121547,11,E5,supervised,2.6,1,marketplace
14.84961253331429,41.05624288876735,13.900557244922197,32.80969193667545,4.995980005050114,4.995980005050114,,,,,24.37082642104124,31.51672494755478,3.196996675690246,5.566280269568235,12.628474782083329,41.05624288876735,0.7142857142857143,0.8571428571428571,3605.0987133016765,503977.3460501888,503977.3460501888,521,1.0,0.0,0.0,0.0,23.80065028494863,25.704708293039857,31.507061939559435,24.24611487922998,14.84961253331429,445.4686299752517,1511.680601883942,752.2817113928597,0.49764593820634045,831.247236651876,0.029919487127439123,327.45179446507933,5,0,0,20,0.0,495,207.0,0.3274517944650793,411.3824826043238,280058.99423501076,740.2992086034801,500000.0,0.3913937786201502,0,1,3.662249598907491,12,E5,supervised,2.6,1,marketplace
2.62151995821396,3.719356630929178,2.9687951445968337,3.9938848375770846,5.042998100825685,6.00105370870092,,,,,23.054776778578205,28.972819365853866,2.094570514343445,3.2217360023872974,3.8906631251429897,3.719356630929178,1.0,1.0,6216.486291594783,506496.9548278934,506496.9548278934,522,1.0,0.0,0.0,0.0,22.210439405465166,25.70470829303963,28.972819365853866,22.821595477627977,2.62151995821396,427.1196751817149,1558.9378998088446,783.8573305152707,0.5028149810273947,879.1614865721906,0.02744536641082308,299.86751795955536,3,0,0,15,0.0,505,207.0,0.29986751795955535,409.2815673263023,275383.50290929194,752.7679230162225,500000.0,0.3583793948526039,0,5,13.65311362866234,13,E5,supervised,2.6,1,marketplace
7.879130014787401,20.242950349273084,7.755920742393426,13.845093647914428,6.898283699999553,10.039048874471177,5.694903272366986,6.260903690555369,,,22.873201943069436,28.972819365853866,3.1447494891500747,5.7594259748797425,6.840456123044532,20.242950349273084,0.896551724137931,0.9516129032258065,58929.484502104126,566652.9292862886,566652.9292862886,576,1.0,0.0,0.0,0.0,20.720238345264104,25.382608026528942,28.811769232598408,20.930649345521662,7.879130014787401,429.803144981053,1896.088265700833,949.3177315617987,0.5006716980081681,1075.881034167297,0.03058984232296217,333.54871070265625,0,0,1,23,0.0,552,207.0,0.33354871070265624,365.89160312264454,216988.55201830564,955.5045498124322,500000.0,0.3808839924786807,0,10,26.09750097201811,14,E5,supervised,2.6,1,marketplace
9.201121382717481,22.458385663928766,12.847470373183699,38.132680545839776,6.593765447008578,6.865951412579307,5.817547877295575,6.572374103499351,7.143042659128923,8.176248719180558,24.57611627086812,29.67924491481804,4.268650790642318,6.996300917625564,9.821823920385155,22.458385663928766,0.9142857142857143,0.972972972972973,64862.71277757866,573615.9384122626,573615.9384122626,603,1.0,0.0,0.0,0.0,21.76233527925339,25.382608026528942,28.97281936585432,22.287916226616513,9.201121382717481,459.5405528064841,2080.9253309183036,1026.75321295655,0.49341184794143866,1193.387583097419,0.0367675542456222,400.77413276419804,5,0,2,21,0.0,567,207.0,0.40077413276419804,361.5673140234529,210237.8896744244,986.5052129944141,500000.0,0.39233089837722607,0,11,30.445352400695693,15,E5,supervised,2.6,1,marketplace
4.579431333571521,14.479178295617384,7.6055310576078625,14.741807666480781,33.84632644764497,65.23908835396979,,,,,23.88012891889051,28.972819365853912,2.995194295443639,3.8054034896699704,16.352462854286898,14.479178295617384,1.0,0.9642857142857143,8440.199489225186,509188.49886297405,509188.49886297405,531,1.0,0.0,0.0,0.0,22.943938612726978,25.70470829303963,28.972819365853866,23.61431814815741,4.579431333571521,445.8375635814315,1552.9341563813302,770.7280159212876,0.4963043750143594,850.013899776641,0.027194459916576173,296.6048287264338,1,0,1,17,0.0,504,207.0,0.2966048287264338,407.1117185317874,275155.1888643072,753.3806855845077,500000.0,0.3727376868676089,0,6,15.851629567615955,16,E5,supervised,2.6,1,marketplace
5.711095791423983,7.775537946342591,3.6055627635272947,6.4152587981338005,3.838097498426066,4.89265749178004,,,,,23.52860211674639,28.81176923259909,2.7434520925651937,4.7992426520195295,3.7024522364017827,7.775537946342591,0.9333333333333333,1.0,10188.61735102234,511539.3687118152,511539.3687118152,538,1.0,0.0,0.0,0.0,22.164637351486235,25.70470829303963,28.811769232597726,23.08954959966362,5.711095791423983,436.8391620550337,1633.2835411949768,811.8007628288022,0.49703602733598584,910.5361300492136,0.030251752827085504,330.4733012191567,5,0,0,13,0.0,523,207.0,0.3304733012191567,405.30697338765816,270880.2721032687,765.3952489466554,500000.0,0.3769864138068595,0,6,14.732451798064856,17,E5,supervised,2.6,1,marketplace
3.4694426777211804,5.423807447870786,5.466010587140863,7.405460643817327,4.734664100802911,8.08629505008448,9.652508886433074,17.446105273505964,6.202531654856557,6.931503624413653,23.25431193017529,28.972819365853866,5.8990088596223815,9.461526403689376,5.922423248453249,5.423807447870786,1.0,1.0,68261.72443658626,577118.2182746406,576118.2182746406,575,0.9982672527597732,0.0,0.0,1000.0,20.86552903643351,25.382608026528942,28.811769232598476,21.113763083000023,3.4694426777211804,437.34790632680046,1861.4529565418318,916.4621125253309,0.49233697220472067,1044.4874462880975,0.03177933299527196,347.3173248545007,2,0,4,22,0.0,549,207.0,0.34731732485450073,359.90411472461057,214681.93483038596,965.83495713635,500000.0,0.3505895104458072,1,4,9.764275488896569,18,E5,supervised,2.6,1,marketplace
9.789262811736226,35.80854814767081,6.397579503208629,7.770236570426598,9.642598639392693,29.218179789552053,,,114.13478743119595,114.13478743119595,24.29971437996863,29.892355311750094,3.0390296648777246,4.277065627633817,7.542880374803004,35.80854814767081,0.8285714285714286,0.9855072463768116,37728.11627304937,538786.9281851918,536786.9281851918,582,0.9962879574552103,0.0,0.0,2000.0,22.091101538003322,25.382608026528942,30.120925870986586,25.554738084887752,9.789262811736226,495.95406000535564,1935.5164214202714,959.4649255894676,0.49571520808147806,1037.402600039612,0.03513493204010575,382.8275428398219,2,1,2,19,0.0,544,207.0,0.3828275428398219,386.34105387769915,243321.2229142499,852.3006133991225,500000.0,0.3535024780884825,0,14,35.56524054623648,19,E5,supervised,2.6,1,marketplace
3.1627317602617118,2.656517120889805,3.7634677639896554,6.811506724347375,3.160226422452259,5.185900447480094,,,,,23.243932448283214,28.895018437183445,3.887811458957644,7.886180835927007,3.572970498241004,2.656517120889805,0.9583333333333334,1.0,13968.57625752051,515078.73700219905,515078.73700219905,554,1.0,0.0,0.0,0.0,21.315025544951265,25.67268945002388,28.811769232597726,22.66268650005727,3.1627317602617118,429.682623853238,1792.6944969992874,897.3964952753346,0.5005852903422459,979.4112481008099,0.03041276006105437,331.7281025619692,3,0,0,13,0.0,536,207.0,0.3317281025619692,402.52433891806487,267382.5803274296,775.4122495514446,500000.0,0.36336925430628675,0,6,22.908477153082163,0,E5,supervised,2.6,2,marketplace
2.2127483710975335,2.4224557449181474,4.103704859013457,5.340890494908763,4.446788411955867,5.739475942319951,11.812385565633727,20.39504574601324,,,23.496142703457366,29.778070032131108,3.712457030986343,5.37320375176496,5.878094850768662,2.4224557449181474,1.0,1.0,22776.714596747763,525519.2910413912,524519.2910413912,535,0.9980971202826477,0.0,0.0,1000.0,22.179527031251133,25.70470829303963,29.150004486482448,22.704889432714445,2.2127483710975335,429.8624463522208,1678.8190902623937,844.8305569353865,0.5032290625211692,945.5582946912032,0.031050881324671115,337.78781486274784,4,0,4,21,0.0,507,207.0,0.33778781486274784,395.29106241871506,255394.26467809553,811.8341579682526,500000.0,0.3911739292288396,0,9,33.257644095759126,1,E5,supervised,2.6,2,marketplace
10.44602285763947,21.48931472049217,6.117500069782409,8.801570957394505,7.404523931840989,13.33280851601512,5.038185534366903,5.3284994445765275,,,22.647073494315674,28.811769232597726,7.080406797181488,6.10432563082486,6.465219701127438,21.48931472049217,0.9090909090909091,0.9473684210526315,29310.196036041838,532277.3226155266,516873.34282247716,548,0.9710602365748803,14403.979793049497,0.02706104352195697,1000.0,21.372317822114283,25.704708293036674,28.811769232597726,22.086402269515588,10.44602285763947,421.1750081319241,1711.6243082047313,840.4291883859419,0.491012650590036,936.4742922935192,0.031708998344917964,346.35296476262306,4,0,1,18,0.0,527,207.0,0.34635296476262306,401.1550524786433,263895.7693130152,785.7130620340581,500000.0,0.3969023214228349,0,7,18.649708771619657,2,E5,supervised,2.6,2,marketplace
2.799352800652415,5.0965100446916045,4.282086323233015,6.063125780852897,5.995018734539599,13.078595942571473,25.443828654480058,25.443828654480058,53.04494901963517,53.04494901963517,24.018609086438616,28.972819365853866,4.302764124941242,4.7511081782655324,5.877547425079385,5.0965100446916045,1.0,1.0,28096.063942230638,531327.860284328,530327.860284328,561,0.998117922897051,0.0,0.0,1000.0,21.93229203835756,25.70470829303963,28.811769232598976,23.648060232415823,2.799352800652415,464.5706233996174,1857.7462791345072,909.0531801001899,0.48933118064093367,997.987687407889,0.03135891895103743,342.83036100744357,3,0,3,14,0.0,545,207.0,0.3428303610074436,390.9710311086493,249478.2802629095,831.1057385135965,500000.0,0.34921441414298277,0,2,6.686917343769473,3,E5,supervised,2.6,2,marketplace
2.582729817102126,4.2632833351477535,4.714872425240401,6.530224900881786,3.176458417013186,5.7407836909238545,,,66.38753634606803,114.98806205078465,24.029174402586232,28.972819365853912,7.1079966687070915,5.3018852650322525,3.9004179502965814,4.2632833351477535,1.0,1.0,32491.15341102122,538255.453584505,538255.4535845051,550,1.0000000000000002,0.0,0.0,0.0,22.459204495529683,25.673315795483518,28.82787424592498,25.953784983007136,2.582729817102126,516.0467970828281,1721.8331491310917,853.2004038861809,0.4955186304298655,920.0992306287108,0.03039545868387501,331.6313540350267,4,0,1,19,4046.004294015581,525,207.0,0.3316313540350267,385.1918823549539,249423.9565487548,831.2418511150834,500000.0,0.3486910272354658,0,7,19.816906516895337,4,E5,supervised,2.6,2,marketplace
7.202340548153274,11.258103236943889,8.838071890040892,24.687377975673574,14.860532580875827,51.03152982657666,29.155470469114942,54.04262756152548,,,23.605846114265276,29.065357195645078,3.39721049542414,6.907897255475461,14.90903850280068,11.258103236943889,0.9259259259259259,0.8947368421052632,43452.69323580841,547328.4080016714,546328.4080016714,572,0.998172943363837,0.0,0.0,1000.0,21.810151973477833,25.382608026528942,29.489149603836175,23.53273016920249,7.202340548153274,462.92025601556173,1849.8265288034154,918.4761226105833,0.49652013759620567,1024.8523156001,0.033385472980324654,363.9332199039952,5,0,0,22,0.0,543,207.0,0.36393321990399524,379.5591263108354,233994.34373499607,886.1920758851692,500000.0,0.37928530804022725,0,9,27.06171974826643,5,E5,supervised,2.6,2,marketplace
2.50762406994757,3.031895636105475,4.022007592783019,5.210964119650089,4.524345427485222,8.723736898039627,32.35122322221804,39.152079217506504,,,24.204784593483062,29.77807003213102,6.2494088205415625,9.93058768592064,8.890058732810331,3.031895636105475,1.0,1.0,31608.77227884693,533346.8920584851,533346.8920584851,565,1.0,0.0,0.0,0.0,22.065857513193894,25.7047082930396,29.583382780671183,23.86815254142566,2.50762406994757,458.0895655023109,1837.1226013556532,926.1694081524176,0.5041413172256315,998.8634925967821,0.03334453764906593,363.37663077415596,5,0,0,22,0.0,535,207.0,0.36337663077415594,388.7964469623934,247989.6234041998,836.177634306865,500000.0,0.4164872451027657,0,10,30.944205289756084,6,E5,supervised,2.6,2,marketplace
3.55937473343252,3.8336318229792585,16.279264680313744,56.2203190180493,2.234954290374633,2.503825920709443,6.063349301183067,6.718543137484451,11.838310601135902,11.838310601135902,23.89933526191238,29.72163906982086,3.939475138975962,5.39598394761562,10.161322002492353,3.8336318229792585,0.972972972972973,0.9508196721311475,40773.60461111535,544565.4292464787,543565.4292464787,581,0.9981636733690867,0.0,0.0,1000.0,21.328682792206113,25.704708293036674,28.972819365853866,22.44534833662973,3.55937473343252,447.36436856039046,1896.7116905339328,936.4671809804191,0.4937319602415691,1019.7706225606273,0.03109081447145497,338.6535267886587,1,0,1,16,99.38937189467718,556,207.0,0.3386535267886587,381.44194308717033,238642.1178391648,868.8267410806611,500000.0,0.3683962350964404,0,12,31.027658692190975,7,E5,supervised,2.6,2,marketplace
3.990878335532129,10.675146294068513,9.311185738893755,18.5124667473708,4.42535428042215,5.970915850418534,5.016140661867894,5.018809284742156,,,23.747932369130716,29.778070032130927,5.5528183648113965,4.99718314029783,6.176146646972773,10.675146294068513,1.0,1.0,38363.5914215517,540361.5398106,526845.8481339898,560,0.9749876875372228,13515.69167661024,0.02501231246277737,0.0,21.754327386092445,25.704708293039516,28.972819365853912,22.80701157885499,3.990878335532129,438.58289660809595,1760.4668396644895,877.3454695133534,0.498359554264912,968.6956046739699,0.032802674062087284,356.43886966535615,5,0,0,17,0.0,538,207.0,0.35643886966535615,393.58085406593074,254157.17433191766,815.8590817462714,500000.0,0.41916432023398925,0,15,45.18363363980908,8,E5,supervised,2.6,2,marketplace
5.105041681630001,11.917650345837734,5.748915110623391,12.568922453051934,5.804346150159783,10.559304557503857,36.08419072951983,36.08419072951983,41.101748138852145,51.03419246237836,23.422939092016687,28.972819365853866,3.5706325500131118,5.5934091747244565,6.477590327612961,11.917650345837734,1.0,1.0,47374.080402398526,549779.8663554897,548779.8663554897,604,0.9981810901759116,0.0,0.0,1000.0,20.399556270337115,25.382608026528942,28.168468878954222,23.038586998940467,5.105041681630001,460.318261271794,2050.1254501169724,1011.0777114554733,0.49317845959025824,1134.5934404988586,0.03558904833247684,387.48456070599866,4,0,2,23,0.0,571,207.0,0.3874845607059987,377.9065109257564,234128.86001708312,885.7835148796865,500000.0,0.38441676334848,0,13,36.44666791469508,9,E5,supervised,2.6,2,marketplace
2.2985999923516665,2.7950995544200623,4.407723315258522,7.053902860730363,5.620095667489039,10.274981424893209,,,,,22.849610848896546,28.81176923259911,3.0222719182369473,6.062837536367556,5.013909491373781,2.7950995544200623,1.0,1.0,13819.243346008723,516514.44304295897,516514.44304295897,540,1.0,0.0,0.0,0.0,21.42116869515842,25.70470829303956,28.811769232597726,22.274535577053097,2.2985999923516665,424.7142270199004,1684.0032527009737,840.7363321342692,0.49924863909010375,910.185999683791,0.027905944558111274,304.16348185595876,1,0,2,17,0.0,520,207.0,0.30416348185595876,401.35211371933366,263968.4615732562,785.3368627688319,500000.0,0.3555301211225461,0,10,26.16744834583803,10,E5,supervised,2.6,2,marketplace
5.263808027103837,11.414764079273482,8.658409434587838,16.146526323644416,3.2704887852332605,5.731484531760042,,,7.552558473439603,7.552558473439603,23.60626267572747,28.972819365853912,2.7018388861143063,3.918979080091777,4.809894685048854,11.414764079273482,0.9523809523809523,1.0,26006.043708159235,531772.2574830158,531772.2574830158,543,1.0,0.0,0.0,0.0,22.113214111786075,25.704708293039516,28.811769232597726,22.558144582385133,5.263808027103837,431.7633024338662,1629.385919409345,800.9449355609439,0.49156245062636095,922.6090209348494,0.0296203905575191,323.4845402924644,3,0,0,19,0.0,515,207.0,0.3234845402924644,389.87269761231227,248344.72973638674,834.8213580387329,500000.0,0.3758897749873065,0,4,12.433225483121547,11,E5,supervised,2.6,2,marketplace
14.84961253331429,41.05624288876735,13.900557244922197,32.80969193667545,4.995980005050114,4.995980005050114,,,,,24.37082642104124,31.51672494755478,3.196996675690246,5.566280269568235,12.628474782083329,41.05624288876735,0.7142857142857143,0.8571428571428571,3605.0987133016765,503977.3460501888,503977.3460501888,521,1.0,0.0,0.0,0.0,23.80065028494863,25.704708293039857,31.507061939559435,24.24611487922998,14.84961253331429,445.4686299752517,1511.680601883942,752.2817113928597,0.49764593820634045,831.247236651876,0.029919487127439123,327.45179446507933,5,0,0,20,0.0,495,207.0,0.3274517944650793,411.3824826043238,280058.99423501076,740.2992086034801,500000.0,0.3913937786201502,0,1,3.662249598907491,12,E5,supervised,2.6,2,marketplace
2.62151995821396,3.719356630929178,2.9687951445968337,3.9938848375770846,5.042998100825685,6.00105370870092,,,,,23.054776778578205,28.972819365853866,2.094570514343445,3.2217360023872974,3.8906631251429897,3.719356630929178,1.0,1.0,6216.486291594783,506496.9548278934,506496.9548278934,522,1.0,0.0,0.0,0.0,22.210439405465166,25.70470829303963,28.972819365853866,22.821595477627977,2.62151995821396,427.1196751817149,1558.9378998088446,783.8573305152707,0.5028149810273947,879.1614865721906,0.02744536641082308,299.86751795955536,3,0,0,15,0.0,505,207.0,0.29986751795955535,409.2815673263023,275383.50290929194,752.7679230162225,500000.0,0.3583793948526039,0,5,13.65311362866234,13,E5,supervised,2.6,2,marketplace
7.879130014787401,20.242950349273084,7.755920742393426,13.845093647914428,6.898283699999553,10.039048874471177,5.694903272366986,6.260903690555369,,,22.873201943069436,28.972819365853866,3.1447494891500747,5.7594259748797425,6.840456123044532,20.242950349273084,0.896551724137931,0.9516129032258065,58929.484502104126,566652.9292862886,566652.9292862886,576,1.0,0.0,0.0,0.0,20.720238345264104,25.382608026528942,28.811769232598408,20.930649345521662,7.879130014787401,429.803144981053,1896.088265700833,949.3177315617987,0.5006716980081681,1075.881034167297,0.03058984232296217,333.54871070265625,0,0,1,23,0.0,552,207.0,0.33354871070265624,365.89160312264454,216988.55201830564,955.5045498124322,500000.0,0.3808839924786807,0,10,26.09750097201811,14,E5,supervised,2.6,2,marketplace
9.201121382717481,22.458385663928766,12.847470373183699,38.132680545839776,6.593765447008578,6.865951412579307,5.817547877295575,6.572374103499351,7.143042659128923,8.176248719180558,24.57611627086812,29.67924491481804,4.268650790642318,6.996300917625564,9.821823920385155,22.458385663928766,0.9142857142857143,0.972972972972973,64862.71277757866,573615.9384122626,573615.9384122626,603,1.0,0.0,0.0,0.0,21.76233527925339,25.382608026528942,28.97281936585432,22.287916226616513,9.201121382717481,459.5405528064841,2080.9253309183036,1026.75321295655,0.49341184794143866,1193.387583097419,0.0367675542456222,400.77413276419804,5,0,2,21,0.0,567,207.0,0.40077413276419804,361.5673140234529,210237.8896744244,986.5052129944141,500000.0,0.39233089837722607,0,11,30.445352400695693,15,E5,supervised,2.6,2,marketplace
4.579431333571521,14.479178295617384,7.6055310576078625,14.741807666480781,33.84632644764497,65.23908835396979,,,,,23.88012891889051,28.972819365853912,2.995194295443639,3.8054034896699704,16.352462854286898,14.479178295617384,1.0,0.9642857142857143,8440.199489225186,509188.49886297405,509188.49886297405,531,1.0,0.0,0.0,0.0,22.943938612726978,25.70470829303963,28.972819365853866,23.61431814815741,4.579431333571521,445.8375635814315,1552.9341563813302,770.7280159212876,0.4963043750143594,850.013899776641,0.027194459916576173,296.6048287264338,1,0,1,17,0.0,504,207.0,0.2966048287264338,407.1117185317874,275155.1888643072,753.3806855845077,500000.0,0.3727376868676089,0,6,15.851629567615955,16,E5,supervised,2.6,2,marketplace
5.711095791423983,7.775537946342591,3.6055627635272947,6.4152587981338005,3.838097498426066,4.89265749178004,,,,,23.52860211674639,28.81176923259909,2.7434520925651937,4.7992426520195295,3.7024522364017827,7.775537946342591,0.9333333333333333,1.0,10188.61735102234,511539.3687118152,511539.3687118152,538,1.0,0.0,0.0,0.0,22.164637351486235,25.70470829303963,28.811769232597726,23.08954959966362,5.711095791423983,436.8391620550337,1633.2835411949768,811.8007628288022,0.49703602733598584,910.5361300492136,0.030251752827085504,330.4733012191567,5,0,0,13,0.0,523,207.0,0.3304733012191567,405.30697338765816,270880.2721032687,765.3952489466554,500000.0,0.3769864138068595,0,6,14.732451798064856,17,E5,supervised,2.6,2,marketplace
3.4694426777211804,5.423807447870786,5.466010587140863,7.405460643817327,4.734664100802911,8.08629505008448,9.652508886433074,17.446105273505964,6.202531654856557,6.931503624413653,23.25431193017529,28.972819365853866,5.8341848157892855,9.461526403689376,5.922423248453249,5.423807447870786,1.0,1.0,68261.72443658626,577118.2182746406,576118.2182746406,575,0.9982672527597732,0.0,0.0,1000.0,20.863274287082795,25.382608026528942,28.811769232598476,21.113229328832258,3.4694426777211804,437.33509359762843,1861.4529565418318,916.4621125253309,0.49233697220472067,1044.4874462880975,0.03177933299527196,347.3173248545007,2,0,4,22,0.0,549,207.0,0.34731732485450073,359.90411472461057,214681.93483038596,965.83495713635,500000.0,0.3505895104458072,0,4,9.764275488896569,18,E5,supervised,2.6,2,marketplace
9.789262811736226,35.80854814767081,6.397579503208629,7.770236570426598,9.642598639392693,29.218179789552053,,,114.13478743119595,114.13478743119595,24.29971437996863,29.892355311750094,3.0390296648777246,4.277065627633817,7.542880374803004,35.80854814767081,0.8285714285714286,0.9855072463768116,37728.11627304937,538786.9281851918,536786.9281851918,582,0.9962879574552103,0.0,0.0,2000.0,22.091101538003322,25.382608026528942,30.120925870986586,25.554738084887752,9.789262811736226,495.95406000535564,1935.5164214202714,959.4649255894676,0.49571520808147806,1037.402600039612,0.03513493204010575,382.8275428398219,2,1,2,19,0.0,544,207.0,0.3828275428398219,386.34105387769915,243321.2229142499,852.3006133991225,500000.0,0.3535024780884825,0,14,35.56524054623648,19,E5,supervised,2.6,2,marketplace
3.1627317602617118,2.656517120889805,3.7634677639896554,6.811506724347375,3.160226422452259,5.185900447480094,,,,,23.243932448283214,28.895018437183445,3.887811458957644,7.886180835927007,3.572970498241004,2.656517120889805,0.9583333333333334,1.0,13968.57625752051,515078.73700219905,515078.73700219905,554,1.0,0.0,0.0,0.0,21.315025544951265,25.67268945002388,28.811769232597726,22.66268650005727,3.1627317602617118,429.682623853238,1792.6944969992874,897.3964952753346,0.5005852903422459,979.4112481008099,0.03041276006105437,331.7281025619692,3,0,0,13,0.0,536,207.0,0.3317281025619692,402.52433891806487,267382.5803274296,775.4122495514446,500000.0,0.36336925430628675,0,6,22.908477153082163,0,E5,supervised,2.6,4,marketplace
2.2127483710975335,2.4224557449181474,4.103704859013457,5.340890494908763,4.446788411955867,5.739475942319951,11.812385565633727,20.39504574601324,,,23.496142703457366,29.778070032131108,3.712457030986343,5.37320375176496,5.878094850768662,2.4224557449181474,1.0,1.0,22776.714596747763,525519.2910413912,524519.2910413912,535,0.9980971202826477,0.0,0.0,1000.0,22.179527031251133,25.70470829303963,29.150004486482448,22.704889432714445,2.2127483710975335,429.8624463522208,1678.8190902623937,844.8305569353865,0.5032290625211692,945.5582946912032,0.031050881324671115,337.78781486274784,4,0,4,21,0.0,507,207.0,0.33778781486274784,395.29106241871506,255394.26467809553,811.8341579682526,500000.0,0.3911739292288396,0,9,33.257644095759126,1,E5,supervised,2.6,4,marketplace
10.44602285763947,21.48931472049217,6.117500069782409,8.801570957394505,7.404523931840989,13.33280851601512,5.038185534366903,5.3284994445765275,,,22.647073494315674,28.811769232597726,7.080406797181488,6.10432563082486,6.465219701127438,21.48931472049217,0.9090909090909091,0.9473684210526315,29310.196036041838,532277.3226155266,516873.34282247716,548,0.9710602365748803,14403.979793049497,0.02706104352195697,1000.0,21.372317822114283,25.704708293036674,28.811769232597726,22.086402269515588,10.44602285763947,421.1750081319241,1711.6243082047313,840.4291883859419,0.491012650590036,936.4742922935192,0.031708998344917964,346.35296476262306,4,0,1,18,0.0,527,207.0,0.34635296476262306,401.1550524786433,263895.7693130152,785.7130620340581,500000.0,0.3969023214228349,0,7,18.649708771619657,2,E5,supervised,2.6,4,marketplace
2.799352800652415,5.0965100446916045,4.282086323233015,6.063125780852897,5.995018734539599,13.078595942571473,25.443828654480058,25.443828654480058,53.04494901963517,53.04494901963517,24.018609086438616,28.972819365853866,4.302764124941242,4.7511081782655324,5.877547425079385,5.0965100446916045,1.0,1.0,28096.063942230638,531327.860284328,530327.860284328,561,0.998117922897051,0.0,0.0,1000.0,21.93229203835756,25.70470829303963,28.811769232598976,23.648060232415823,2.799352800652415,464.5706233996174,1857.7462791345072,909.0531801001899,0.48933118064093367,997.987687407889,0.03135891895103743,342.83036100744357,3,0,3,14,0.0,545,207.0,0.3428303610074436,390.9710311086493,249478.2802629095,831.1057385135965,500000.0,0.34921441414298277,0,2,6.686917343769473,3,E5,supervised,2.6,4,marketplace
2.582729817102126,4.2632833351477535,4.714872425240401,6.530224900881786,3.176458417013186,5.7407836909238545,,,66.38753634606803,114.98806205078465,24.029174402586232,28.972819365853912,7.1079966687070915,5.3018852650322525,3.9004179502965814,4.2632833351477535,1.0,1.0,32491.15341102122,538255.453584505,538255.4535845051,550,1.0000000000000002,0.0,0.0,0.0,22.459204495529683,25.673315795483518,28.82787424592498,25.953784983007136,2.582729817102126,516.0467970828281,1721.8331491310917,853.2004038861809,0.4955186304298655,920.0992306287108,0.03039545868387501,331.6313540350267,4,0,1,19,4046.004294015581,525,207.0,0.3316313540350267,385.1918823549539,249423.9565487548,831.2418511150834,500000.0,0.3486910272354658,0,7,19.816906516895337,4,E5,supervised,2.6,4,marketplace
7.202340548153274,11.258103236943889,8.838071890040892,24.687377975673574,14.860532580875827,51.03152982657666,29.155470469114942,54.04262756152548,,,23.605846114265276,29.065357195645078,3.39721049542414,6.907897255475461,14.90903850280068,11.258103236943889,0.9259259259259259,0.8947368421052632,43452.69323580841,547328.4080016714,546328.4080016714,572,0.998172943363837,0.0,0.0,1000.0,21.810151973477833,25.382608026528942,29.489149603836175,23.53273016920249,7.202340548153274,462.92025601556173,1849.8265288034154,918.4761226105833,0.49652013759620567,1024.8523156001,0.033385472980324654,363.9332199039952,5,0,0,22,0.0,543,207.0,0.36393321990399524,379.5591263108354,233994.34373499607,886.1920758851692,500000.0,0.37928530804022725,0,9,27.06171974826643,5,E5,supervised,2.6,4,marketplace
2.50762406994757,3.031895636105475,4.022007592783019,5.210964119650089,4.524345427485222,8.723736898039627,32.35122322221804,39.152079217506504,,,24.204784593483062,29.77807003213102,6.2494088205415625,9.93058768592064,8.890058732810331,3.031895636105475,1.0,1.0,31608.77227884693,533346.8920584851,533346.8920584851,565,1.0,0.0,0.0,0.0,22.065857513193894,25.7047082930396,29.583382780671183,23.86815254142566,2.50762406994757,458.0895655023109,1837.1226013556532,926.1694081524176,0.5041413172256315,998.8634925967821,0.03334453764906593,363.37663077415596,5,0,0,22,0.0,535,207.0,0.36337663077415594,388.7964469623934,247989.6234041998,836.177634306865,500000.0,0.4164872451027657,0,10,30.944205289756084,6,E5,supervised,2.6,4,marketplace
3.55937473343252,3.8336318229792585,16.279264680313744,56.2203190180493,2.234954290374633,2.503825920709443,6.063349301183067,6.718543137484451,11.838310601135902,11.838310601135902,23.89933526191238,29.72163906982086,3.939475138975962,5.39598394761562,10.161322002492353,3.8336318229792585,0.972972972972973,0.9508196721311475,40773.60461111535,544565.4292464787,543565.4292464787,581,0.9981636733690867,0.0,0.0,1000.0,21.328682792206113,25.704708293036674,28.972819365853866,22.44534833662973,3.55937473343252,447.36436856039046,1896.7116905339328,936.4671809804191,0.4937319602415691,1019.7706225606273,0.03109081447145497,338.6535267886587,1,0,1,16,99.38937189467718,556,207.0,0.3386535267886587,381.44194308717033,238642.1178391648,868.8267410806611,500000.0,0.3683962350964404,0,12,31.027658692190975,7,E5,supervised,2.6,4,marketplace
3.990878335532129,10.675146294068513,9.311185738893755,18.5124667473708,4.42535428042215,5.970915850418534,5.016140661867894,5.018809284742156,,,23.747932369130716,29.778070032130927,5.5528183648113965,4.99718314029783,6.176146646972773,10.675146294068513,1.0,1.0,38363.5914215517,540361.5398106,526845.8481339898,560,0.9749876875372228,13515.69167661024,0.02501231246277737,0.0,21.754327386092445,25.704708293039516,28.972819365853912,22.80701157885499,3.990878335532129,438.58289660809595,1760.4668396644895,877.3454695133534,0.498359554264912,968.6956046739699,0.032802674062087284,356.43886966535615,5,0,0,17,0.0,538,207.0,0.35643886966535615,393.58085406593074,254157.17433191766,815.8590817462714,500000.0,0.41916432023398925,0,15,45.18363363980908,8,E5,supervised,2.6,4,marketplace
5.105041681630001,11.917650345837734,5.748915110623391,12.568922453051934,5.804346150159783,10.559304557503857,36.08419072951983,36.08419072951983,41.101748138852145,51.03419246237836,23.422939092016687,28.972819365853866,3.5706325500131118,5.5934091747244565,6.477590327612961,11.917650345837734,1.0,1.0,47374.080402398526,549779.8663554897,548779.8663554897,604,0.9981810901759116,0.0,0.0,1000.0,20.399556270337115,25.382608026528942,28.168468878954222,23.038586998940467,5.105041681630001,460.318261271794,2050.1254501169724,1011.0777114554733,0.49317845959025824,1134.5934404988586,0.03558904833247684,387.48456070599866,4,0,2,23,0.0,571,207.0,0.3874845607059987,377.9065109257564,234128.86001708312,885.7835148796865,500000.0,0.38441676334848,0,13,36.44666791469508,9,E5,supervised,2.6,4,marketplace
2.2985999923516665,2.7950995544200623,4.407723315258522,7.053902860730363,5.620095667489039,10.274981424893209,,,,,22.849610848896546,28.81176923259911,3.0222719182369473,6.062837536367556,5.013909491373781,2.7950995544200623,1.0,1.0,13819.243346008723,516514.44304295897,516514.44304295897,540,1.0,0.0,0.0,0.0,21.42116869515842,25.70470829303956,28.811769232597726,22.274535577053097,2.2985999923516665,424.7142270199004,1684.0032527009737,840.7363321342692,0.49924863909010375,910.185999683791,0.027905944558111274,304.16348185595876,1,0,2,17,0.0,520,207.0,0.30416348185595876,401.35211371933366,263968.4615732562,785.3368627688319,500000.0,0.3555301211225461,0,10,26.16744834583803,10,E5,supervised,2.6,4,marketplace
5.263808027103837,11.414764079273482,8.658409434587838,16.146526323644416,3.2704887852332605,5.731484531760042,,,7.552558473439603,7.552558473439603,23.60626267572747,28.972819365853912,2.7018388861143063,3.918979080091777,4.809894685048854,11.414764079273482,0.9523809523809523,1.0,26006.043708159235,531772.2574830158,531772.2574830158,543,1.0,0.0,0.0,0.0,22.113214111786075,25.704708293039516,28.811769232597726,22.558144582385133,5.263808027103837,431.7633024338662,1629.385919409345,800.9449355609439,0.49156245062636095,922.6090209348494,0.0296203905575191,323.4845402924644,3,0,0,19,0.0,515,207.0,0.3234845402924644,389.87269761231227,248344.72973638674,834.8213580387329,500000.0,0.3758897749873065,0,4,12.433225483121547,11,E5,supervised,2.6,4,marketplace
14.84961253331429,41.05624288876735,13.900557244922197,32.80969193667545,4.995980005050114,4.995980005050114,,,,,24.37082642104124,31.51672494755478,3.196996675690246,5.566280269568235,12.628474782083329,41.05624288876735,0.7142857142857143,0.8571428571428571,3605.0987133016765,503977.3460501888,503977.3460501888,521,1.0,0.0,0.0,0.0,23.80065028494863,25.704708293039857,31.507061939559435,24.24611487922998,14.84961253331429,445.4686299752517,1511.680601883942,752.2817113928597,0.49764593820634045,831.247236651876,0.029919487127439123,327.45179446507933,5,0,0,20,0.0,495,207.0,0.3274517944650793,411.3824826043238,280058.99423501076,740.2992086034801,500000.0,0.3913937786201502,0,1,3.662249598907491,12,E5,supervised,2.6,4,marketplace
2.62151995821396,3.719356630929178,2.9687951445968337,3.9938848375770846,5.042998100825685,6.00105370870092,,,,,23.054776778578205,28.972819365853866,2.094570514343445,3.2217360023872974,3.8906631251429897,3.719356630929178,1.0,1.0,6216.486291594783,506496.9548278934,506496.9548278934,522,1.0,0.0,0.0,0.0,22.210439405465166,25.70470829303963,28.972819365853866,22.821595477627977,2.62151995821396,427.1196751817149,1558.9378998088446,783.8573305152707,0.5028149810273947,879.1614865721906,0.02744536641082308,299.86751795955536,3,0,0,15,0.0,505,207.0,0.29986751795955535,409.2815673263023,275383.50290929194,752.7679230162225,500000.0,0.3583793948526039,0,5,13.65311362866234,13,E5,supervised,2.6,4,marketplace
7.879130014787401,20.242950349273084,7.755920742393426,13.845093647914428,6.898283699999553,10.039048874471177,5.694903272366986,6.260903690555369,,,22.873201943069436,28.972819365853866,3.1447494891500747,5.7594259748797425,6.840456123044532,20.242950349273084,0.896551724137931,0.9516129032258065,58929.484502104126,566652.9292862886,566652.9292862886,576,1.0,0.0,0.0,0.0,20.720238345264104,25.382608026528942,28.811769232598408,20.930649345521662,7.879130014787401,429.803144981053,1896.088265700833,949.3177315617987,0.5006716980081681,1075.881034167297,0.03058984232296217,333.54871070265625,0,0,1,23,0.0,552,207.0,0.33354871070265624,365.89160312264454,216988.55201830564,955.5045498124322,500000.0,0.3808839924786807,0,10,26.09750097201811,14,E5,supervised,2.6,4,marketplace
9.201121382717481,22.458385663928766,12.847470373183699,38.132680545839776,6.593765447008578,6.865951412579307,5.817547877295575,6.572374103499351,7.143042659128923,8.176248719180558,24.57611627086812,29.67924491481804,4.268650790642318,6.996300917625564,9.821823920385155,22.458385663928766,0.9142857142857143,0.972972972972973,64862.71277757866,573615.9384122626,573615.9384122626,603,1.0,0.0,0.0,0.0,21.76233527925339,25.382608026528942,28.97281936585432,22.287916226616513,9.201121382717481,459.5405528064841,2080.9253309183036,1026.75321295655,0.49341184794143866,1193.387583097419,0.0367675542456222,400.77413276419804,5,0,2,21,0.0,567,207.0,0.40077413276419804,361.5673140234529,210237.8896744244,986.5052129944141,500000.0,0.39233089837722607,0,11,30.445352400695693,15,E5,supervised,2.6,4,marketplace
4.579431333571521,14.479178295617384,7.6055310576078625,14.741807666480781,33.84632644764497,65.23908835396979,,,,,23.88012891889051,28.972819365853912,2.995194295443639,3.8054034896699704,16.352462854286898,14.479178295617384,1.0,0.9642857142857143,8440.199489225186,509188.49886297405,509188.49886297405,531,1.0,0.0,0.0,0.0,22.943938612726978,25.70470829303963,28.972819365853866,23.61431814815741,4.579431333571521,445.8375635814315,1552.9341563813302,770.7280159212876,0.4963043750143594,850.013899776641,0.027194459916576173,296.6048287264338,1,0,1,17,0.0,504,207.0,0.2966048287264338,407.1117185317874,275155.1888643072,753.3806855845077,500000.0,0.3727376868676089,0,6,15.851629567615955,16,E5,supervised,2.6,4,marketplace
5.711095791423983,7.775537946342591,3.6055627635272947,6.4152587981338005,3.838097498426066,4.89265749178004,,,,,23.52860211674639,28.81176923259909,2.7434520925651937,4.7992426520195295,3.7024522364017827,7.775537946342591,0.9333333333333333,1.0,10188.61735102234,511539.3687118152,511539.3687118152,538,1.0,0.0,0.0,0.0,22.164637351486235,25.70470829303963,28.811769232597726,23.08954959966362,5.711095791423983,436.8391620550337,1633.2835411949768,811.8007628288022,0.49703602733598584,910.5361300492136,0.030251752827085504,330.4733012191567,5,0,0,13,0.0,523,207.0,0.3304733012191567,405.30697338765816,270880.2721032687,765.3952489466554,500000.0,0.3769864138068595,0,6,14.732451798064856,17,E5,supervised,2.6,4,marketplace
3.4694426777211804,5.423807447870786,5.466010587140863,7.405460643817327,4.734664100802911,8.08629505008448,9.652508886433074,17.446105273505964,6.202531654856557,6.931503624413653,23.25431193017529,28.972819365853866,5.8341848157892855,9.461526403689376,5.922423248453249,5.423807447870786,1.0,1.0,68261.72443658626,577118.2182746406,576118.2182746406,575,0.9982672527597732,0.0,0.0,1000.0,20.863274287082795,25.382608026528942,28.811769232598476,21.113229328832258,3.4694426777211804,437.33509359762843,1861.4529565418318,916.4621125253309,0.49233697220472067,1044.4874462880975,0.03177933299527196,347.3173248545007,2,0,4,22,0.0,549,207.0,0.34731732485450073,359.90411472461057,214681.93483038596,965.83495713635,500000.0,0.3505895104458072,0,4,9.764275488896569,18,E5,supervised,2.6,4,marketplace
9.789262811736226,35.80854814767081,6.397579503208629,7.770236570426598,9.642598639392693,29.218179789552053,,,114.13478743119595,114.13478743119595,24.29971437996863,29.892355311750094,3.0390296648777246,4.277065627633817,7.542880374803004,35.80854814767081,0.8285714285714286,0.9855072463768116,37728.11627304937,538786.9281851918,536786.9281851918,582,0.9962879574552103,0.0,0.0,2000.0,22.091101538003322,25.382608026528942,30.120925870986586,25.554738084887752,9.789262811736226,495.95406000535564,1935.5164214202714,959.4649255894676,0.49571520808147806,1037.402600039612,0.03513493204010575,382.8275428398219,2,1,2,19,0.0,544,207.0,0.3828275428398219,386.34105387769915,243321.2229142499,852.3006133991225,500000.0,0.3535024780884825,0,14,35.56524054623648,19,E5,supervised,2.6,4,marketplace
3.173115479800894,2.656517120889805,3.709242524235221,6.268754272076103,2.8214438451182864,4.169552715478176,,,,,23.251682811643448,28.972819365853866,3.887811458957644,7.886180835927007,3.428885046619347,2.656517120889805,0.9583333333333334,1.0,13968.57625752051,515078.73700219905,515078.73700219905,554,1.0,0.0,0.0,0.0,21.317528735146652,25.425165379100463,28.81176923259868,22.663862010663372,3.173115479800894,429.7051533638227,1787.5729869507609,894.7608934455645,0.50054509660713,964.9721959547619,0.030343298775011473,330.9675014797995,3,0,0,14,0.0,535,207.0,0.33096750147979953,402.52286224852384,267381.5994284528,775.4122495514446,500000.0,0.36135010922496197,1,6,22.908477153082163,0,E5,supervised,5.0,1,marketplace
2.2127483710975335,2.4224557449181474,4.103704859013457,5.340890494908763,4.446788411955867,5.739475942319951,11.812385565633727,20.39504574601324,,,23.496142703457366,29.778070032131108,3.712457030986343,5.37320375176496,5.878094850768662,2.4224557449181474,1.0,1.0,22776.714596747763,525519.2910413912,524519.2910413912,535,0.9980971202826477,0.0,0.0,1000.0,22.179527031251133,25.70470829303963,29.150004486482448,22.704889432714445,2.2127483710975335,429.8624463522208,1678.8190902623937,844.8305569353865,0.5032290625211692,945.5582946912032,0.031050881324671115,337.78781486274784,4,0,4,21,0.0,507,207.0,0.33778781486274784,395.29106241871506,255394.26467809553,811.8341579682526,500000.0,0.3911739292288396,0,9,33.257644095759126,1,E5,supervised,5.0,1,marketplace
10.44602285763947,21.48931472049217,6.117500069782409,8.801570957394505,7.404523931840989,13.33280851601512,5.038185534366903,5.3284994445765275,,,22.647073494315674,28.811769232597726,7.080406797181488,6.10432563082486,6.465219701127438,21.48931472049217,0.9090909090909091,0.9473684210526315,29310.196036041838,532277.3226155266,516873.34282247716,548,0.9710602365748803,14403.979793049497,0.02706104352195697,1000.0,21.372317822114283,25.704708293036674,28.811769232597726,22.086402269515588,10.44602285763947,421.1750081319241,1711.6243082047313,840.4291883859419,0.491012650590036,936.4742922935192,0.031708998344917964,346.35296476262306,4,0,1,18,0.0,527,207.0,0.34635296476262306,401.1550524786433,263895.7693130152,785.7130620340581,500000.0,0.3969023214228349,0,7,18.649708771619657,2,E5,supervised,5.0,1,marketplace
2.7968315969025217,4.887507324559192,4.725345643854474,6.890155613801472,5.796702559793585,12.513367648259235,25.443828654480058,25.443828654480058,53.04494901963517,53.04494901963517,23.973233454966643,28.972819365853866,4.222121317320249,4.7511081782655324,6.035014484271836,4.887507324559192,1.0,1.0,28096.063942230638,531327.860284328,530327.860284328,561,0.998117922897051,0.0,0.0,1000.0,21.896551899896178,25.70470829303963,28.811769232597726,23.600157957076636,2.7968315969025217,464.56231450876146,1864.8372957400425,912.5986884029575,0.48937174867086813,996.8135012761056,0.030889883479505487,337.6944225941688,2,0,3,14,0.0,545,207.0,0.3376944225941688,390.9613466496611,249472.10061791944,831.1057385135965,500000.0,0.35456704755423285,1,2,6.686917343769473,3,E5,supervised,5.0,1,marketplace
2.582729817102126,4.2632833351477535,4.714872425240401,6.530224900881786,3.176458417013186,5.7407836909238545,,,66.38753634606803,114.98806205078465,24.029174402586232,28.972819365853912,7.1079966687070915,5.3018852650322525,3.9004179502965814,4.2632833351477535,1.0,1.0,32491.15341102122,538255.453584505,538255.4535845051,550,1.0000000000000002,0.0,0.0,0.0,22.459204495529683,25.673315795483518,28.82787424592498,25.953784983007136,2.582729817102126,516.0467970828281,1721.8331491310917,853.2004038861809,0.4955186304298655,920.0992306287108,0.03039545868387501,331.6313540350267,4,0,1,19,4046.004294015581,525,207.0,0.3316313540350267,385.1918823549539,249423.9565487548,831.2418511150834,500000.0,0.3486910272354658,0,7,19.816906516895337,4,E5,supervised,5.0,1,marketplace
7.2717786940286535,11.258103236943889,8.99981367589007,24.687377975673574,14.200835968689592,51.03152982657666,29.222653919509412,54.04262756152548,,,23.618040939905008,29.065357195645078,3.342047575242198,6.691131740756816,14.77805582221378,11.258103236943889,0.9259259259259259,0.8947368421052632,43452.69323580841,547328.4080016714,546328.4080016714,572,0.998172943363837,0.0,0.0,1000.0,21.81565540143647,25.487066098326068,29.489149603836175,23.527155486289036,7.2717786940286535,463.1334943132505,1855.0977324629555,922.0938242022332,0.4970594314607878,1027.1394721543052,0.03342920466835502,364.4120818879278,5,0,0,21,0.0,544,207.0,0.3644120818879278,379.5600028202332,233994.88409413147,886.1920758851692,500000.0,0.3795574989486834,3,9,27.06171974826643,5,E5,supervised,5.0,1,marketplace
2.50762406994757,3.031895636105475,4.022007592783019,5.210964119650089,4.524345427485222,8.723736898039627,32.35122322221804,39.152079217506504,,,24.204784593483062,29.77807003213102,6.2494088205415625,9.93058768592064,8.890058732810331,3.031895636105475,1.0,1.0,31608.77227884693,533346.8920584851,533346.8920584851,565,1.0,0.0,0.0,0.0,22.065857513193894,25.7047082930396,29.583382780671183,23.86815254142566,2.50762406994757,458.0895655023109,1837.1226013556532,926.1694081524176,0.5041413172256315,998.8634925967821,0.03334453764906593,363.37663077415596,5,0,0,22,0.0,535,207.0,0.36337663077415594,388.7964469623934,247989.6234041998,836.177634306865,500000.0,0.4164872451027657,0,10,30.944205289756084,6,E5,supervised,5.0,1,marketplace
3.55937473343252,3.8336318229792585,16.279264680313744,56.2203190180493,2.234954290374633,2.503825920709443,6.063349301183067,6.718543137484451,11.838310601135902,11.838310601135902,23.89933526191238,29.72163906982086,3.939475138975962,5.39598394761562,10.161322002492353,3.8336318229792585,0.972972972972973,0.9508196721311475,40773.60461111535,544565.4292464787,543565.4292464787,581,0.9981636733690867,0.0,0.0,1000.0,21.328682792206113,25.704708293036674,28.972819365853866,22.44534833662973,3.55937473343252,447.36436856039046,1896.7116905339328,936.4671809804191,0.4937319602415691,1019.7706225606273,0.03109081447145497,338.6535267886587,1,0,1,16,99.38937189467718,556,207.0,0.3386535267886587,381.44194308717033,238642.1178391648,868.8267410806611,500000.0,0.3683962350964404,0,12,31.027658692190975,7,E5,supervised,5.0,1,marketplace
3.990878335532129,10.675146294068513,9.311185738893755,18.5124667473708,4.42535428042215,5.970915850418534,5.016140661867894,5.018809284742156,,,23.747932369130716,29.778070032130927,5.5528183648113965,4.99718314029783,6.176146646972773,10.675146294068513,1.0,1.0,38363.5914215517,540361.5398106,526845.8481339898,560,0.9749876875372228,13515.69167661024,0.02501231246277737,0.0,21.754327386092445,25.704708293039516,28.972819365853912,22.80701157885499,3.990878335532129,438.58289660809595,1760.4668396644895,877.3454695133534,0.498359554264912,968.6956046739699,0.032802674062087284,356.43886966535615,5,0,0,17,0.0,538,207.0,0.35643886966535615,393.58085406593074,254157.17433191766,815.8590817462714,500000.0,0.41916432023398925,0,15,45.18363363980908,8,E5,supervised,5.0,1,marketplace
5.105041681630001,11.917650345837734,5.748915110623391,12.568922453051934,5.804346150159783,10.559304557503857,36.08419072951983,36.08419072951983,41.101748138852145,51.03419246237836,23.422939092016687,28.972819365853866,3.5706325500131118,5.5934091747244565,6.477590327612961,11.917650345837734,1.0,1.0,47374.080402398526,549779.8663554897,548779.8663554897,604,0.9981810901759116,0.0,0.0,1000.0,20.399556270337115,25.382608026528942,28.168468878954222,23.038586998940467,5.105041681630001,460.318261271794,2050.1254501169724,1011.0777114554733,0.49317845959025824,1134.5934404988586,0.03558904833247684,387.48456070599866,4,0,2,23,0.0,571,207.0,0.3874845607059987,377.9065109257564,234128.86001708312,885.7835148796865,500000.0,0.38441676334848,0,13,36.44666791469508,9,E5,supervised,5.0,1,marketplace
2.2985999923516665,2.7950995544200623,4.407723315258522,7.053902860730363,5.620095667489039,10.274981424893209,,,,,22.849610848896546,28.81176923259911,3.0222719182369473,6.062837536367556,5.013909491373781,2.7950995544200623,1.0,1.0,13819.243346008723,516514.44304295897,516514.44304295897,540,1.0,0.0,0.0,0.0,21.42116869515842,25.70470829303956,28.811769232597726,22.274535577053097,2.2985999923516665,424.7142270199004,1684.0032527009737,840.7363321342692,0.49924863909010375,910.185999683791,0.027905944558111274,304.16348185595876,1,0,2,17,0.0,520,207.0,0.30416348185595876,401.35211371933366,263968.4615732562,785.3368627688319,500000.0,0.3555301211225461,0,10,26.16744834583803,10,E5,supervised,5.0,1,marketplace
5.263808027103837,11.414764079273482,8.520980058975056,15.981611072909075,3.2417442918217376,5.731484531760042,,,7.552558473439603,7.552558473439603,23.61143897057483,28.972819365853912,2.7018388861143063,3.918979080091777,4.750097368151257,11.414764079273482,0.9523809523809523,1.0,26006.043708159235,531772.2574830158,531772.2574830158,543,1.0,0.0,0.0,0.0,22.11643876185443,25.704708293039516,28.811769232597726,22.562737677776777,5.263808027103837,431.7652599049113,1626.078915273565,799.2914334930539,0.4915452909360087,913.1094540946993,0.029573209435736835,322.96790700894854,3,0,0,20,0.0,514,207.0,0.32296790700894856,389.87172608121745,248344.11088149215,834.8213580387329,500000.0,0.37609790791227643,1,4,12.433225483121547,11,E5,supervised,5.0,1,marketplace
14.84961253331429,41.05624288876735,13.900557244922197,32.80969193667545,4.995980005050114,4.995980005050114,,,,,24.37082642104124,31.51672494755478,3.196996675690246,5.566280269568235,12.628474782083329,41.05624288876735,0.7142857142857143,0.8571428571428571,3605.0987133016765,503977.3460501888,503977.3460501888,521,1.0,0.0,0.0,0.0,23.80065028494863,25.704708293039857,31.507061939559435,24.24611487922998,14.84961253331429,445.4686299752517,1511.680601883942,752.2817113928597,0.49764593820634045,831.247236651876,0.029919487127439123,327.45179446507933,5,0,0,20,0.0,495,207.0,0.3274517944650793,411.3824826043238,280058.99423501076,740.2992086034801,500000.0,0.3913937786201502,0,1,3.662249598907491,12,E5,supervised,5.0,1,marketplace
2.62151995821396,3.719356630929178,2.9687951445968337,3.9938848375770846,5.042998100825685,6.00105370870092,,,,,23.054776778578205,28.972819365853866,2.094570514343445,3.2217360023872974,3.8906631251429897,3.719356630929178,1.0,1.0,6216.486291594783,506496.9548278934,506496.9548278934,522,1.0,0.0,0.0,0.0,22.210439405465166,25.70470829303963,28.972819365853866,22.821595477627977,2.62151995821396,427.1196751817149,1558.9378998088446,783.8573305152707,0.5028149810273947,879.1614865721906,0.02744536641082308,299.86751795955536,3,0,0,15,0.0,505,207.0,0.29986751795955535,409.2815673263023,275383.50290929194,752.7679230162225,500000.0,0.3583793948526039,0,5,13.65311362866234,13,E5,supervised,5.0,1,marketplace
7.879130014787401,20.242950349273084,7.755920742393426,13.845093647914428,6.898283699999553,10.039048874471177,5.694903272366986,6.260903690555369,,,22.873201943069436,28.972819365853866,3.1447494891500747,5.7594259748797425,6.840456123044532,20.242950349273084,0.896551724137931,0.9516129032258065,58929.484502104126,566652.9292862886,566652.9292862886,576,1.0,0.0,0.0,0.0,20.720238345264104,25.382608026528942,28.811769232598408,20.930649345521662,7.879130014787401,429.803144981053,1896.088265700833,949.3177315617987,0.5006716980081681,1075.881034167297,0.03058984232296217,333.54871070265625,0,0,1,23,0.0,552,207.0,0.33354871070265624,365.89160312264454,216988.55201830564,955.5045498124322,500000.0,0.3808839924786807,0,10,26.09750097201811,14,E5,supervised,5.0,1,marketplace
9.201121382717481,22.458385663928766,12.847470373183699,38.132680545839776,6.593765447008578,6.865951412579307,5.817547877295575,6.572374103499351,7.143042659128923,8.176248719180558,24.57611627086812,29.67924491481804,4.268650790642318,6.996300917625564,9.821823920385155,22.458385663928766,0.9142857142857143,0.972972972972973,64862.71277757866,573615.9384122626,573615.9384122626,603,1.0,0.0,0.0,0.0,21.76233527925339,25.382608026528942,28.97281936585432,22.287916226616513,9.201121382717481,459.5405528064841,2080.9253309183036,1026.75321295655,0.49341184794143866,1193.387583097419,0.0367675542456222,400.77413276419804,5,0,2,21,0.0,567,207.0,0.40077413276419804,361.5673140234529,210237.8896744244,986.5052129944141,500000.0,0.39233089837722607,0,11,30.445352400695693,15,E5,supervised,5.0,1,marketplace
4.579431333571521,14.479178295617384,7.6055310576078625,14.741807666480781,33.84632644764497,65.23908835396979,,,,,23.88012891889051,28.972819365853912,2.995194295443639,3.8054034896699704,16.352462854286898,14.479178295617384,1.0,0.9642857142857143,8440.199489225186,509188.49886297405,509188.49886297405,531,1.0,0.0,0.0,0.0,22.943938612726978,25.70470829303963,28.972819365853866,23.61431814815741,4.579431333571521,445.8375635814315,1552.9341563813302,770.7280159212876,0.4963043750143594,850.013899776641,0.027194459916576173,296.6048287264338,1,0,1,17,0.0,504,207.0,0.2966048287264338,407.1117185317874,275155.1888643072,753.3806855845077,500000.0,0.3727376868676089,0,6,15.851629567615955,16,E5,supervised,5.0,1,marketplace
5.711095791423983,7.775537946342591,3.6055627635272947,6.4152587981338005,3.838097498426066,4.89265749178004,,,,,23.52860211674639,28.81176923259909,2.7434520925651937,4.7992426520195295,3.7024522364017827,7.775537946342591,0.9333333333333333,1.0,10188.61735102234,511539.3687118152,511539.3687118152,538,1.0,0.0,0.0,0.0,22.164637351486235,25.70470829303963,28.811769232597726,23.08954959966362,5.711095791423983,436.8391620550337,1633.2835411949768,811.8007628288022,0.49703602733598584,910.5361300492136,0.030251752827085504,330.4733012191567,5,0,0,13,0.0,523,207.0,0.3304733012191567,405.30697338765816,270880.2721032687,765.3952489466554,500000.0,0.3769864138068595,0,6,14.732451798064856,17,E5,supervised,5.0,1,marketplace
3.4694426777211804,5.423807447870786,5.466010587140863,7.405460643817327,4.734664100802911,8.08629505008448,9.652508886433074,17.446105273505964,6.202531654856557,6.931503624413653,23.25431193017529,28.972819365853866,5.8990088596223815,9.461526403689376,5.922423248453249,5.423807447870786,1.0,1.0,68261.72443658626,577118.2182746406,576118.2182746406,575,0.9982672527597732,0.0,0.0,1000.0,20.86552903643351,25.382608026528942,28.811769232598476,21.113763083000023,3.4694426777211804,437.34790632680046,1861.4529565418318,916.4621125253309,0.49233697220472067,1044.4874462880975,0.03177933299527196,347.3173248545007,2,0,4,22,0.0,549,207.0,0.34731732485450073,359.90411472461057,214681.93483038596,965.83495713635,500000.0,0.3505895104458072,1,4,9.764275488896569,18,E5,supervised,5.0,1,marketplace
9.789262811736226,35.80854814767081,6.397579503208629,7.770236570426598,9.642598639392693,29.218179789552053,,,114.13478743119595,114.13478743119595,24.29971437996863,29.892355311750094,3.0390296648777246,4.277065627633817,7.542880374803004,35.80854814767081,0.8285714285714286,0.9855072463768116,37728.11627304937,538786.9281851918,536786.9281851918,582,0.9962879574552103,0.0,0.0,2000.0,22.091101538003322,25.382608026528942,30.120925870986586,25.554738084887752,9.789262811736226,495.95406000535564,1935.5164214202714,959.4649255894676,0.49571520808147806,1037.402600039612,0.03513493204010575,382.8275428398219,2,1,2,19,0.0,544,207.0,0.3828275428398219,386.34105387769915,243321.2229142499,852.3006133991225,500000.0,0.3535024780884825,0,14,35.56524054623648,19,E5,supervised,5.0,1,marketplace
3.1627317602617118,2.656517120889805,3.7634677639896554,6.811506724347375,3.160226422452259,5.185900447480094,,,,,23.243932448283214,28.895018437183445,3.887811458957644,7.886180835927007,3.572970498241004,2.656517120889805,0.9583333333333334,1.0,13968.57625752051,515078.73700219905,515078.73700219905,554,1.0,0.0,0.0,0.0,21.315025544951265,25.67268945002388,28.811769232597726,22.66268650005727,3.1627317602617118,429.682623853238,1792.6944969992874,897.3964952753346,0.5005852903422459,979.4112481008099,0.03041276006105437,331.7281025619692,3,0,0,13,0.0,536,207.0,0.3317281025619692,402.52433891806487,267382.5803274296,775.4122495514446,500000.0,0.36336925430628675,0,6,22.908477153082163,0,E5,supervised,5.0,2,marketplace
2.2127483710975335,2.4224557449181474,4.103704859013457,5.340890494908763,4.446788411955867,5.739475942319951,11.812385565633727,20.39504574601324,,,23.496142703457366,29.778070032131108,3.712457030986343,5.37320375176496,5.878094850768662,2.4224557449181474,1.0,1.0,22776.714596747763,525519.2910413912,524519.2910413912,535,0.9980971202826477,0.0,0.0,1000.0,22.179527031251133,25.70470829303963,29.150004486482448,22.704889432714445,2.2127483710975335,429.8624463522208,1678.8190902623937,844.8305569353865,0.5032290625211692,945.5582946912032,0.031050881324671115,337.78781486274784,4,0,4,21,0.0,507,207.0,0.33778781486274784,395.29106241871506,255394.26467809553,811.8341579682526,500000.0,0.3911739292288396,0,9,33.257644095759126,1,E5,supervised,5.0,2,marketplace
10.44602285763947,21.48931472049217,6.117500069782409,8.801570957394505,7.404523931840989,13.33280851601512,5.038185534366903,5.3284994445765275,,,22.647073494315674,28.811769232597726,7.080406797181488,6.10432563082486,6.465219701127438,21.48931472049217,0.9090909090909091,0.9473684210526315,29310.196036041838,532277.3226155266,516873.34282247716,548,0.9710602365748803,14403.979793049497,0.02706104352195697,1000.0,21.372317822114283,25.704708293036674,28.811769232597726,22.086402269515588,10.44602285763947,421.1750081319241,1711.6243082047313,840.4291883859419,0.491012650590036,936.4742922935192,0.031708998344917964,346.35296476262306,4,0,1,18,0.0,527,207.0,0.34635296476262306,401.1550524786433,263895.7693130152,785.7130620340581,500000.0,0.3969023214228349,0,7,18.649708771619657,2,E5,supervised,5.0,2,marketplace
2.799352800652415,5.0965100446916045,4.282086323233015,6.063125780852897,5.995018734539599,13.078595942571473,25.443828654480058,25.443828654480058,53.04494901963517,53.04494901963517,24.018609086438616,28.972819365853866,4.302764124941242,4.7511081782655324,5.877547425079385,5.0965100446916045,1.0,1.0,28096.063942230638,531327.860284328,530327.860284328,561,0.998117922897051,0.0,0.0,1000.0,21.93229203835756,25.70470829303963,28.811769232598976,23.648060232415823,2.799352800652415,464.5706233996174,1857.7462791345072,909.0531801001899,0.48933118064093367,997.987687407889,0.03135891895103743,342.83036100744357,3,0,3,14,0.0,545,207.0,0.3428303610074436,390.9710311086493,249478.2802629095,831.1057385135965,500000.0,0.34921441414298277,0,2,6.686917343769473,3,E5,supervised,5.0,2,marketplace
2.582729817102126,4.2632833351477535,4.714872425240401,6.530224900881786,3.176458417013186,5.7407836909238545,,,66.38753634606803,114.98806205078465,24.029174402586232,28.972819365853912,7.1079966687070915,5.3018852650322525,3.9004179502965814,4.2632833351477535,1.0,1.0,32491.15341102122,538255.453584505,538255.4535845051,550,1.0000000000000002,0.0,0.0,0.0,22.459204495529683,25.673315795483518,28.82787424592498,25.953784983007136,2.582729817102126,516.0467970828281,1721.8331491310917,853.2004038861809,0.4955186304298655,920.0992306287108,0.03039545868387501,331.6313540350267,4,0,1,19,4046.004294015581,525,207.0,0.3316313540350267,385.1918823549539,249423.9565487548,831.2418511150834,500000.0,0.3486910272354658,0,7,19.816906516895337,4,E5,supervised,5.0,2,marketplace
7.202340548153274,11.258103236943889,8.838071890040892,24.687377975673574,14.860532580875827,51.03152982657666,29.155470469114942,54.04262756152548,,,23.605846114265276,29.065357195645078,3.39721049542414,6.907897255475461,14.90903850280068,11.258103236943889,0.9259259259259259,0.8947368421052632,43452.69323580841,547328.4080016714,546328.4080016714,572,0.998172943363837,0.0,0.0,1000.0,21.810151973477833,25.382608026528942,29.489149603836175,23.53273016920249,7.202340548153274,462.92025601556173,1849.8265288034154,918.4761226105833,0.49652013759620567,1024.8523156001,0.033385472980324654,363.9332199039952,5,0,0,22,0.0,543,207.0,0.36393321990399524,379.5591263108354,233994.34373499607,886.1920758851692,500000.0,0.37928530804022725,0,9,27.06171974826643,5,E5,supervised,5.0,2,marketplace
2.50762406994757,3.031895636105475,4.022007592783019,5.210964119650089,4.524345427485222,8.723736898039627,32.35122322221804,39.152079217506504,,,24.204784593483062,29.77807003213102,6.2494088205415625,9.93058768592064,8.890058732810331,3.031895636105475,1.0,1.0,31608.77227884693,533346.8920584851,533346.8920584851,565,1.0,0.0,0.0,0.0,22.065857513193894,25.7047082930396,29.583382780671183,23.86815254142566,2.50762406994757,458.0895655023109,1837.1226013556532,926.1694081524176,0.5041413172256315,998.8634925967821,0.03334453764906593,363.37663077415596,5,0,0,22,0.0,535,207.0,0.36337663077415594,388.7964469623934,247989.6234041998,836.177634306865,500000.0,0.4164872451027657,0,10,30.944205289756084,6,E5,supervised,5.0,2,marketplace
3.55937473343252,3.8336318229792585,16.279264680313744,56.2203190180493,2.234954290374633,2.503825920709443,6.063349301183067,6.718543137484451,11.838310601135902,11.838310601135902,23.89933526191238,29.72163906982086,3.939475138975962,5.39598394761562,10.161322002492353,3.8336318229792585,0.972972972972973,0.9508196721311475,40773.60461111535,544565.4292464787,543565.4292464787,581,0.9981636733690867,0.0,0.0,1000.0,21.328682792206113,25.704708293036674,28.972819365853866,22.44534833662973,3.55937473343252,447.36436856039046,1896.7116905339328,936.4671809804191,0.4937319602415691,1019.7706225606273,0.03109081447145497,338.6535267886587,1,0,1,16,99.38937189467718,556,207.0,0.3386535267886587,381.44194308717033,238642.1178391648,868.8267410806611,500000.0,0.3683962350964404,0,12,31.027658692190975,7,E5,supervised,5.0,2,marketplace
3.990878335532129,10.675146294068513,9.311185738893755,18.5124667473708,4.42535428042215,5.970915850418534,5.016140661867894,5.018809284742156,,,23.747932369130716,29.778070032130927,5.5528183648113965,4.99718314029783,6.176146646972773,10.675146294068513,1.0,1.0,38363.5914215517,540361.5398106,526845.8481339898,560,0.9749876875372228,13515.69167661024,0.02501231246277737,0.0,21.754327386092445,25.704708293039516,28.972819365853912,22.80701157885499,3.990878335532129,438.58289660809595,1760.4668396644895,877.3454695133534,0.498359554264912,968.6956046739699,0.032802674062087284,356.43886966535615,5,0,0,17,0.0,538,207.0,0.35643886966535615,393.58085406593074,254157.17433191766,815.8590817462714,500000.0,0.41916432023398925,0,15,45.18363363980908,8,E5,supervised,5.0,2,marketplace
5.105041681630001,11.917650345837734,5.748915110623391,12.568922453051934,5.804346150159783,10.559304557503857,36.08419072951983,36.08419072951983,41.101748138852145,51.03419246237836,23.422939092016687,28.972819365853866,3.5706325500131118,5.5934091747244565,6.477590327612961,11.917650345837734,1.0,1.0,47374.080402398526,549779.8663554897,548779.8663554897,604,0.9981810901759116,0.0,0.0,1000.0,20.399556270337115,25.382608026528942,28.168468878954222,23.038586998940467,5.105041681630001,460.318261271794,2050.1254501169724,1011.0777114554733,0.49317845959025824,1134.5934404988586,0.03558904833247684,387.48456070599866,4,0,2,23,0.0,571,207.0,0.3874845607059987,377.9065109257564,234128.86001708312,885.7835148796865,500000.0,0.38441676334848,0,13,36.44666791469508,9,E5,supervised,5.0,2,marketplace
2.2985999923516665,2.7950995544200623,4.407723315258522,7.053902860730363,5.620095667489039,10.274981424893209,,,,,22.849610848896546,28.81176923259911,3.0222719182369473,6.062837536367556,5.013909491373781,2.7950995544200623,1.0,1.0,13819.243346008723,516514.44304295897,516514.44304295897,540,1.0,0.0,0.0,0.0,21.42116869515842,25.70470829303956,28.811769232597726,22.274535577053097,2.2985999923516665,424.7142270199004,1684.0032527009737,840.7363321342692,0.49924863909010375,910.185999683791,0.027905944558111274,304.16348185595876,1,0,2,17,0.0,520,207.0,0.30416348185595876,401.35211371933366,263968.4615732562,785.3368627688319,500000.0,0.3555301211225461,0,10,26.16744834583803,10,E5,supervised,5.0,2,marketplace
5.263808027103837,11.414764079273482,8.658409434587838,16.146526323644416,3.2704887852332605,5.731484531760042,,,7.552558473439603,7.552558473439603,23.60626267572747,28.972819365853912,2.7018388861143063,3.918979080091777,4.809894685048854,11.414764079273482,0.9523809523809523,1.0,26006.043708159235,531772.2574830158,531772.2574830158,543,1.0,0.0,0.0,0.0,22.113214111786075,25.704708293039516,28.811769232597726,22.558144582385133,5.263808027103837,431.7633024338662,1629.385919409345,800.9449355609439,0.49156245062636095,922.6090209348494,0.0296203905575191,323.4845402924644,3,0,0,19,0.0,515,207.0,0.3234845402924644,389.87269761231227,248344.72973638674,834.8213580387329,500000.0,0.3758897749873065,0,4,12.433225483121547,11,E5,supervised,5.0,2,marketplace
14.84961253331429,41.05624288876735,13.900557244922197,32.80969193667545,4.995980005050114,4.995980005050114,,,,,24.37082642104124,31.51672494755478,3.196996675690246,5.566280269568235,12.628474782083329,41.05624288876735,0.7142857142857143,0.8571428571428571,3605.0987133016765,503977.3460501888,503977.3460501888,521,1.0,0.0,0.0,0.0,23.80065028494863,25.704708293039857,31.507061939559435,24.24611487922998,14.84961253331429,445.4686299752517,1511.680601883942,752.2817113928597,0.49764593820634045,831.247236651876,0.029919487127439123,327.45179446507933,5,0,0,20,0.0,495,207.0,0.3274517944650793,411.3824826043238,280058.99423501076,740.2992086034801,500000.0,0.3913937786201502,0,1,3.662249598907491,12,E5,supervised,5.0,2,marketplace
2.62151995821396,3.719356630929178,2.9687951445968337,3.9938848375770846,5.042998100825685,6.00105370870092,,,,,23.054776778578205,28.972819365853866,2.094570514343445,3.2217360023872974,3.8906631251429897,3.719356630929178,1.0,1.0,6216.486291594783,506496.9548278934,506496.9548278934,522,1.0,0.0,0.0,0.0,22.210439405465166,25.70470829303963,28.972819365853866,22.821595477627977,2.62151995821396,427.1196751817149,1558.9378998088446,783.8573305152707,0.5028149810273947,879.1614865721906,0.02744536641082308,299.86751795955536,3,0,0,15,0.0,505,207.0,0.29986751795955535,409.2815673263023,275383.50290929194,752.7679230162225,500000.0,0.3583793948526039,0,5,13.65311362866234,13,E5,supervised,5.0,2,marketplace
7.879130014787401,20.242950349273084,7.755920742393426,13.845093647914428,6.898283699999553,10.039048874471177,5.694903272366986,6.260903690555369,,,22.873201943069436,28.972819365853866,3.1447494891500747,5.7594259748797425,6.840456123044532,20.242950349273084,0.896551724137931,0.9516129032258065,58929.484502104126,566652.9292862886,566652.9292862886,576,1.0,0.0,0.0,0.0,20.720238345264104,25.382608026528942,28.811769232598408,20.930649345521662,7.879130014787401,429.803144981053,1896.088265700833,949.3177315617987,0.5006716980081681,1075.881034167297,0.03058984232296217,333.54871070265625,0,0,1,23,0.0,552,207.0,0.33354871070265624,365.89160312264454,216988.55201830564,955.5045498124322,500000.0,0.3808839924786807,0,10,26.09750097201811,14,E5,supervised,5.0,2,marketplace
9.201121382717481,22.458385663928766,12.847470373183699,38.132680545839776,6.593765447008578,6.865951412579307,5.817547877295575,6.572374103499351,7.143042659128923,8.176248719180558,24.57611627086812,29.67924491481804,4.268650790642318,6.996300917625564,9.821823920385155,22.458385663928766,0.9142857142857143,0.972972972972973,64862.71277757866,573615.9384122626,573615.9384122626,603,1.0,0.0,0.0,0.0,21.76233527925339,25.382608026528942,28.97281936585432,22.287916226616513,9.201121382717481,459.5405528064841,2080.9253309183036,1026.75321295655,0.49341184794143866,1193.387583097419,0.0367675542456222,400.77413276419804,5,0,2,21,0.0,567,207.0,0.40077413276419804,361.5673140234529,210237.8896744244,986.5052129944141,500000.0,0.39233089837722607,0,11,30.445352400695693,15,E5,supervised,5.0,2,marketplace
4.579431333571521,14.479178295617384,7.6055310576078625,14.741807666480781,33.84632644764497,65.23908835396979,,,,,23.88012891889051,28.972819365853912,2.995194295443639,3.8054034896699704,16.352462854286898,14.479178295617384,1.0,0.9642857142857143,8440.199489225186,509188.49886297405,509188.49886297405,531,1.0,0.0,0.0,0.0,22.943938612726978,25.70470829303963,28.972819365853866,23.61431814815741,4.579431333571521,445.8375635814315,1552.9341563813302,770.7280159212876,0.4963043750143594,850.013899776641,0.027194459916576173,296.6048287264338,1,0,1,17,0.0,504,207.0,0.2966048287264338,407.1117185317874,275155.1888643072,753.3806855845077,500000.0,0.3727376868676089,0,6,15.851629567615955,16,E5,supervised,5.0,2,marketplace
5.711095791423983,7.775537946342591,3.6055627635272947,6.4152587981338005,3.838097498426066,4.89265749178004,,,,,23.52860211674639,28.81176923259909,2.7434520925651937,4.7992426520195295,3.7024522364017827,7.775537946342591,0.9333333333333333,1.0,10188.61735102234,511539.3687118152,511539.3687118152,538,1.0,0.0,0.0,0.0,22.164637351486235,25.70470829303963,28.811769232597726,23.08954959966362,5.711095791423983,436.8391620550337,1633.2835411949768,811.8007628288022,0.49703602733598584,910.5361300492136,0.030251752827085504,330.4733012191567,5,0,0,13,0.0,523,207.0,0.3304733012191567,405.30697338765816,270880.2721032687,765.3952489466554,500000.0,0.3769864138068595,0,6,14.732451798064856,17,E5,supervised,5.0,2,marketplace
3.4694426777211804,5.423807447870786,5.466010587140863,7.405460643817327,4.734664100802911,8.08629505008448,9.652508886433074,17.446105273505964,6.202531654856557,6.931503624413653,23.25431193017529,28.972819365853866,5.8341848157892855,9.461526403689376,5.922423248453249,5.423807447870786,1.0,1.0,68261.72443658626,577118.2182746406,576118.2182746406,575,0.9982672527597732,0.0,0.0,1000.0,20.863274287082795,25.382608026528942,28.811769232598476,21.113229328832258,3.4694426777211804,437.33509359762843,1861.4529565418318,916.4621125253309,0.49233697220472067,1044.4874462880975,0.03177933299527196,347.3173248545007,2,0,4,22,0.0,549,207.0,0.34731732485450073,359.90411472461057,214681.93483038596,965.83495713635,500000.0,0.3505895104458072,0,4,9.764275488896569,18,E5,supervised,5.0,2,marketplace
9.789262811736226,35.80854814767081,6.397579503208629,7.770236570426598,9.642598639392693,29.218179789552053,,,114.13478743119595,114.13478743119595,24.29971437996863,29.892355311750094,3.0390296648777246,4.277065627633817,7.542880374803004,35.80854814767081,0.8285714285714286,0.9855072463768116,37728.11627304937,538786.9281851918,536786.9281851918,582,0.9962879574552103,0.0,0.0,2000.0,22.091101538003322,25.382608026528942,30.120925870986586,25.554738084887752,9.789262811736226,495.95406000535564,1935.5164214202714,959.4649255894676,0.49571520808147806,1037.402600039612,0.03513493204010575,382.8275428398219,2,1,2,19,0.0,544,207.0,0.3828275428398219,386.34105387769915,243321.2229142499,852.3006133991225,500000.0,0.3535024780884825,0,14,35.56524054623648,19,E5,supervised,5.0,2,marketplace
3.1627317602617118,2.656517120889805,3.7634677639896554,6.811506724347375,3.160226422452259,5.185900447480094,,,,,23.243932448283214,28.895018437183445,3.887811458957644,7.886180835927007,3.572970498241004,2.656517120889805,0.9583333333333334,1.0,13968.57625752051,515078.73700219905,515078.73700219905,554,1.0,0.0,0.0,0.0,21.315025544951265,25.67268945002388,28.811769232597726,22.66268650005727,3.1627317602617118,429.682623853238,1792.6944969992874,897.3964952753346,0.5005852903422459,979.4112481008099,0.03041276006105437,331.7281025619692,3,0,0,13,0.0,536,207.0,0.3317281025619692,402.52433891806487,267382.5803274296,775.4122495514446,500000.0,0.36336925430628675,0,6,22.908477153082163,0,E5,supervised,5.0,4,marketplace
2.2127483710975335,2.4224557449181474,4.103704859013457,5.340890494908763,4.446788411955867,5.739475942319951,11.812385565633727,20.39504574601324,,,23.496142703457366,29.778070032131108,3.712457030986343,5.37320375176496,5.878094850768662,2.4224557449181474,1.0,1.0,22776.714596747763,525519.2910413912,524519.2910413912,535,0.9980971202826477,0.0,0.0,1000.0,22.179527031251133,25.70470829303963,29.150004486482448,22.704889432714445,2.2127483710975335,429.8624463522208,1678.8190902623937,844.8305569353865,0.5032290625211692,945.5582946912032,0.031050881324671115,337.78781486274784,4,0,4,21,0.0,507,207.0,0.33778781486274784,395.29106241871506,255394.26467809553,811.8341579682526,500000.0,0.3911739292288396,0,9,33.257644095759126,1,E5,supervised,5.0,4,marketplace
10.44602285763947,21.48931472049217,6.117500069782409,8.801570957394505,7.404523931840989,13.33280851601512,5.038185534366903,5.3284994445765275,,,22.647073494315674,28.811769232597726,7.080406797181488,6.10432563082486,6.465219701127438,21.48931472049217,0.9090909090909091,0.9473684210526315,29310.196036041838,532277.3226155266,516873.34282247716,548,0.9710602365748803,14403.979793049497,0.02706104352195697,1000.0,21.372317822114283,25.704708293036674,28.811769232597726,22.086402269515588,10.44602285763947,421.1750081319241,1711.6243082047313,840.4291883859419,0.491012650590036,936.4742922935192,0.031708998344917964,346.35296476262306,4,0,1,18,0.0,527,207.0,0.34635296476262306,401.1550524786433,263895.7693130152,785.7130620340581,500000.0,0.3969023214228349,0,7,18.649708771619657,2,E5,supervised,5.0,4,marketplace
2.799352800652415,5.0965100446916045,4.282086323233015,6.063125780852897,5.995018734539599,13.078595942571473,25.443828654480058,25.443828654480058,53.04494901963517,53.04494901963517,24.018609086438616,28.972819365853866,4.302764124941242,4.7511081782655324,5.877547425079385,5.0965100446916045,1.0,1.0,28096.063942230638,531327.860284328,530327.860284328,561,0.998117922897051,0.0,0.0,1000.0,21.93229203835756,25.70470829303963,28.811769232598976,23.648060232415823,2.799352800652415,464.5706233996174,1857.7462791345072,909.0531801001899,0.48933118064093367,997.987687407889,0.03135891895103743,342.83036100744357,3,0,3,14,0.0,545,207.0,0.3428303610074436,390.9710311086493,249478.2802629095,831.1057385135965,500000.0,0.34921441414298277,0,2,6.686917343769473,3,E5,supervised,5.0,4,marketplace
2.582729817102126,4.2632833351477535,4.714872425240401,6.530224900881786,3.176458417013186,5.7407836909238545,,,66.38753634606803,114.98806205078465,24.029174402586232,28.972819365853912,7.1079966687070915,5.3018852650322525,3.9004179502965814,4.2632833351477535,1.0,1.0,32491.15341102122,538255.453584505,538255.4535845051,550,1.0000000000000002,0.0,0.0,0.0,22.459204495529683,25.673315795483518,28.82787424592498,25.953784983007136,2.582729817102126,516.0467970828281,1721.8331491310917,853.2004038861809,0.4955186304298655,920.0992306287108,0.03039545868387501,331.6313540350267,4,0,1,19,4046.004294015581,525,207.0,0.3316313540350267,385.1918823549539,249423.9565487548,831.2418511150834,500000.0,0.3486910272354658,0,7,19.816906516895337,4,E5,supervised,5.0,4,marketplace
7.202340548153274,11.258103236943889,8.838071890040892,24.687377975673574,14.860532580875827,51.03152982657666,29.155470469114942,54.04262756152548,,,23.605846114265276,29.065357195645078,3.39721049542414,6.907897255475461,14.90903850280068,11.258103236943889,0.9259259259259259,0.8947368421052632,43452.69323580841,547328.4080016714,546328.4080016714,572,0.998172943363837,0.0,0.0,1000.0,21.810151973477833,25.382608026528942,29.489149603836175,23.53273016920249,7.202340548153274,462.92025601556173,1849.8265288034154,918.4761226105833,0.49652013759620567,1024.8523156001,0.033385472980324654,363.9332199039952,5,0,0,22,0.0,543,207.0,0.36393321990399524,379.5591263108354,233994.34373499607,886.1920758851692,500000.0,0.37928530804022725,0,9,27.06171974826643,5,E5,supervised,5.0,4,marketplace
2.50762406994757,3.031895636105475,4.022007592783019,5.210964119650089,4.524345427485222,8.723736898039627,32.35122322221804,39.152079217506504,,,24.204784593483062,29.77807003213102,6.2494088205415625,9.93058768592064,8.890058732810331,3.031895636105475,1.0,1.0,31608.77227884693,533346.8920584851,533346.8920584851,565,1.0,0.0,0.0,0.0,22.065857513193894,25.7047082930396,29.583382780671183,23.86815254142566,2.50762406994757,458.0895655023109,1837.1226013556532,926.1694081524176,0.5041413172256315,998.8634925967821,0.03334453764906593,363.37663077415596,5,0,0,22,0.0,535,207.0,0.36337663077415594,388.7964469623934,247989.6234041998,836.177634306865,500000.0,0.4164872451027657,0,10,30.944205289756084,6,E5,supervised,5.0,4,marketplace
3.55937473343252,3.8336318229792585,16.279264680313744,56.2203190180493,2.234954290374633,2.503825920709443,6.063349301183067,6.718543137484451,11.838310601135902,11.838310601135902,23.89933526191238,29.72163906982086,3.939475138975962,5.39598394761562,10.161322002492353,3.8336318229792585,0.972972972972973,0.9508196721311475,40773.60461111535,544565.4292464787,543565.4292464787,581,0.9981636733690867,0.0,0.0,1000.0,21.328682792206113,25.704708293036674,28.972819365853866,22.44534833662973,3.55937473343252,447.36436856039046,1896.7116905339328,936.4671809804191,0.4937319602415691,1019.7706225606273,0.03109081447145497,338.6535267886587,1,0,1,16,99.38937189467718,556,207.0,0.3386535267886587,381.44194308717033,238642.1178391648,868.8267410806611,500000.0,0.3683962350964404,0,12,31.027658692190975,7,E5,supervised,5.0,4,marketplace
3.990878335532129,10.675146294068513,9.311185738893755,18.5124667473708,4.42535428042215,5.970915850418534,5.016140661867894,5.018809284742156,,,23.747932369130716,29.778070032130927,5.5528183648113965,4.99718314029783,6.176146646972773,10.675146294068513,1.0,1.0,38363.5914215517,540361.5398106,526845.8481339898,560,0.9749876875372228,13515.69167661024,0.02501231246277737,0.0,21.754327386092445,25.704708293039516,28.972819365853912,22.80701157885499,3.990878335532129,438.58289660809595,1760.4668396644895,877.3454695133534,0.498359554264912,968.6956046739699,0.032802674062087284,356.43886966535615,5,0,0,17,0.0,538,207.0,0.35643886966535615,393.58085406593074,254157.17433191766,815.8590817462714,500000.0,0.41916432023398925,0,15,45.18363363980908,8,E5,supervised,5.0,4,marketplace
5.105041681630001,11.917650345837734,5.748915110623391,12.568922453051934,5.804346150159783,10.559304557503857,36.08419072951983,36.08419072951983,41.101748138852145,51.03419246237836,23.422939092016687,28.972819365853866,3.5706325500131118,5.5934091747244565,6.477590327612961,11.917650345837734,1.0,1.0,47374.080402398526,549779.8663554897,548779.8663554897,604,0.9981810901759116,0.0,0.0,1000.0,20.399556270337115,25.382608026528942,28.168468878954222,23.038586998940467,5.105041681630001,460.318261271794,2050.1254501169724,1011.0777114554733,0.49317845959025824,1134.5934404988586,0.03558904833247684,387.48456070599866,4,0,2,23,0.0,571,207.0,0.3874845607059987,377.9065109257564,234128.86001708312,885.7835148796865,500000.0,0.38441676334848,0,13,36.44666791469508,9,E5,supervised,5.0,4,marketplace
2.2985999923516665,2.7950995544200623,4.407723315258522,7.053902860730363,5.620095667489039,10.274981424893209,,,,,22.849610848896546,28.81176923259911,3.0222719182369473,6.062837536367556,5.013909491373781,2.7950995544200623,1.0,1.0,13819.243346008723,516514.44304295897,516514.44304295897,540,1.0,0.0,0.0,0.0,21.42116869515842,25.70470829303956,28.811769232597726,22.274535577053097,2.2985999923516665,424.7142270199004,1684.0032527009737,840.7363321342692,0.49924863909010375,910.185999683791,0.027905944558111274,304.16348185595876,1,0,2,17,0.0,520,207.0,0.30416348185595876,401.35211371933366,263968.4615732562,785.3368627688319,500000.0,0.3555301211225461,0,10,26.16744834583803,10,E5,supervised,5.0,4,marketplace
5.263808027103837,11.414764079273482,8.658409434587838,16.146526323644416,3.2704887852332605,5.731484531760042,,,7.552558473439603,7.552558473439603,23.60626267572747,28.972819365853912,2.7018388861143063,3.918979080091777,4.809894685048854,11.414764079273482,0.9523809523809523,1.0,26006.043708159235,531772.2574830158,531772.2574830158,543,1.0,0.0,0.0,0.0,22.113214111786075,25.704708293039516,28.811769232597726,22.558144582385133,5.263808027103837,431.7633024338662,1629.385919409345,800.9449355609439,0.49156245062636095,922.6090209348494,0.0296203905575191,323.4845402924644,3,0,0,19,0.0,515,207.0,0.3234845402924644,389.87269761231227,248344.72973638674,834.8213580387329,500000.0,0.3758897749873065,0,4,12.433225483121547,11,E5,supervised,5.0,4,marketplace
14.84961253331429,41.05624288876735,13.900557244922197,32.80969193667545,4.995980005050114,4.995980005050114,,,,,24.37082642104124,31.51672494755478,3.196996675690246,5.566280269568235,12.628474782083329,41.05624288876735,0.7142857142857143,0.8571428571428571,3605.0987133016765,503977.3460501888,503977.3460501888,521,1.0,0.0,0.0,0.0,23.80065028494863,25.704708293039857,31.507061939559435,24.24611487922998,14.84961253331429,445.4686299752517,1511.680601883942,752.2817113928597,0.49764593820634045,831.247236651876,0.029919487127439123,327.45179446507933,5,0,0,20,0.0,495,207.0,0.3274517944650793,411.3824826043238,280058.99423501076,740.2992086034801,500000.0,0.3913937786201502,0,1,3.662249598907491,12,E5,supervised,5.0,4,marketplace
2.62151995821396,3.719356630929178,2.9687951445968337,3.9938848375770846,5.042998100825685,6.00105370870092,,,,,23.054776778578205,28.972819365853866,2.094570514343445,3.2217360023872974,3.8906631251429897,3.719356630929178,1.0,1.0,6216.486291594783,506496.9548278934,506496.9548278934,522,1.0,0.0,0.0,0.0,22.210439405465166,25.70470829303963,28.972819365853866,22.821595477627977,2.62151995821396,427.1196751817149,1558.9378998088446,783.8573305152707,0.5028149810273947,879.1614865721906,0.02744536641082308,299.86751795955536,3,0,0,15,0.0,505,207.0,0.29986751795955535,409.2815673263023,275383.50290929194,752.7679230162225,500000.0,0.3583793948526039,0,5,13.65311362866234,13,E5,supervised,5.0,4,marketplace
7.879130014787401,20.242950349273084,7.755920742393426,13.845093647914428,6.898283699999553,10.039048874471177,5.694903272366986,6.260903690555369,,,22.873201943069436,28.972819365853866,3.1447494891500747,5.7594259748797425,6.840456123044532,20.242950349273084,0.896551724137931,0.9516129032258065,58929.484502104126,566652.9292862886,566652.9292862886,576,1.0,0.0,0.0,0.0,20.720238345264104,25.382608026528942,28.811769232598408,20.930649345521662,7.879130014787401,429.803144981053,1896.088265700833,949.3177315617987,0.5006716980081681,1075.881034167297,0.03058984232296217,333.54871070265625,0,0,1,23,0.0,552,207.0,0.33354871070265624,365.89160312264454,216988.55201830564,955.5045498124322,500000.0,0.3808839924786807,0,10,26.09750097201811,14,E5,supervised,5.0,4,marketplace
9.201121382717481,22.458385663928766,12.847470373183699,38.132680545839776,6.593765447008578,6.865951412579307,5.817547877295575,6.572374103499351,7.143042659128923,8.176248719180558,24.57611627086812,29.67924491481804,4.268650790642318,6.996300917625564,9.821823920385155,22.458385663928766,0.9142857142857143,0.972972972972973,64862.71277757866,573615.9384122626,573615.9384122626,603,1.0,0.0,0.0,0.0,21.76233527925339,25.382608026528942,28.97281936585432,22.287916226616513,9.201121382717481,459.5405528064841,2080.9253309183036,1026.75321295655,0.49341184794143866,1193.387583097419,0.0367675542456222,400.77413276419804,5,0,2,21,0.0,567,207.0,0.40077413276419804,361.5673140234529,210237.8896744244,986.5052129944141,500000.0,0.39233089837722607,0,11,30.445352400695693,15,E5,supervised,5.0,4,marketplace
4.579431333571521,14.479178295617384,7.6055310576078625,14.741807666480781,33.84632644764497,65.23908835396979,,,,,23.88012891889051,28.972819365853912,2.995194295443639,3.8054034896699704,16.352462854286898,14.479178295617384,1.0,0.9642857142857143,8440.199489225186,509188.49886297405,509188.49886297405,531,1.0,0.0,0.0,0.0,22.943938612726978,25.70470829303963,28.972819365853866,23.61431814815741,4.579431333571521,445.8375635814315,1552.9341563813302,770.7280159212876,0.4963043750143594,850.013899776641,0.027194459916576173,296.6048287264338,1,0,1,17,0.0,504,207.0,0.2966048287264338,407.1117185317874,275155.1888643072,753.3806855845077,500000.0,0.3727376868676089,0,6,15.851629567615955,16,E5,supervised,5.0,4,marketplace
5.711095791423983,7.775537946342591,3.6055627635272947,6.4152587981338005,3.838097498426066,4.89265749178004,,,,,23.52860211674639,28.81176923259909,2.7434520925651937,4.7992426520195295,3.7024522364017827,7.775537946342591,0.9333333333333333,1.0,10188.61735102234,511539.3687118152,511539.3687118152,538,1.0,0.0,0.0,0.0,22.164637351486235,25.70470829303963,28.811769232597726,23.08954959966362,5.711095791423983,436.8391620550337,1633.2835411949768,811.8007628288022,0.49703602733598584,910.5361300492136,0.030251752827085504,330.4733012191567,5,0,0,13,0.0,523,207.0,0.3304733012191567,405.30697338765816,270880.2721032687,765.3952489466554,500000.0,0.3769864138068595,0,6,14.732451798064856,17,E5,supervised,5.0,4,marketplace
3.4694426777211804,5.423807447870786,5.466010587140863,7.405460643817327,4.734664100802911,8.08629505008448,9.652508886433074,17.446105273505964,6.202531654856557,6.931503624413653,23.25431193017529,28.972819365853866,5.8341848157892855,9.461526403689376,5.922423248453249,5.423807447870786,1.0,1.0,68261.72443658626,577118.2182746406,576118.2182746406,575,0.9982672527597732,0.0,0.0,1000.0,20.863274287082795,25.382608026528942,28.811769232598476,21.113229328832258,3.4694426777211804,437.33509359762843,1861.4529565418318,916.4621125253309,0.49233697220472067,1044.4874462880975,0.03177933299527196,347.3173248545007,2,0,4,22,0.0,549,207.0,0.34731732485450073,359.90411472461057,214681.93483038596,965.83495713635,500000.0,0.3505895104458072,0,4,9.764275488896569,18,E5,supervised,5.0,4,marketplace
9.789262811736226,35.80854814767081,6.397579503208629,7.770236570426598,9.642598639392693,29.218179789552053,,,114.13478743119595,114.13478743119595,24.29971437996863,29.892355311750094,3.0390296648777246,4.277065627633817,7.542880374803004,35.80854814767081,0.8285714285714286,0.9855072463768116,37728.11627304937,538786.9281851918,536786.9281851918,582,0.9962879574552103,0.0,0.0,2000.0,22.091101538003322,25.382608026528942,30.120925870986586,25.554738084887752,9.789262811736226,495.95406000535564,1935.5164214202714,959.4649255894676,0.49571520808147806,1037.402600039612,0.03513493204010575,382.8275428398219,2,1,2,19,0.0,544,207.0,0.3828275428398219,386.34105387769915,243321.2229142499,852.3006133991225,500000.0,0.3535024780884825,0,14,35.56524054623648,19,E5,supervised,5.0,4,marketplace
3.173115479800894,2.656517120889805,3.709242524235221,6.268754272076103,2.8214438451182864,4.169552715478176,,,,,23.251682811643448,28.972819365853866,3.887811458957644,7.886180835927007,3.428885046619347,2.656517120889805,0.9583333333333334,1.0,13968.57625752051,515078.73700219905,515078.73700219905,554,1.0,0.0,0.0,0.0,21.317528735146652,25.425165379100463,28.81176923259868,22.663862010663372,3.173115479800894,429.7051533638227,1787.5729869507609,894.7608934455645,0.50054509660713,964.9721959547619,0.030343298775011473,330.9675014797995,3,0,0,14,0.0,535,207.0,0.33096750147979953,402.52286224852384,267381.5994284528,775.4122495514446,500000.0,0.36135010922496197,1,6,22.908477153082163,0,E5,supervised,8.0,1,marketplace
2.2127483710975335,2.4224557449181474,4.103704859013457,5.340890494908763,4.446788411955867,5.739475942319951,11.812385565633727,20.39504574601324,,,23.496142703457366,29.778070032131108,3.712457030986343,5.37320375176496,5.878094850768662,2.4224557449181474,1.0,1.0,22776.714596747763,525519.2910413912,524519.2910413912,535,0.9980971202826477,0.0,0.0,1000.0,22.179527031251133,25.70470829303963,29.150004486482448,22.704889432714445,2.2127483710975335,429.8624463522208,1678.8190902623937,844.8305569353865,0.5032290625211692,945.5582946912032,0.031050881324671115,337.78781486274784,4,0,4,21,0.0,507,207.0,0.33778781486274784,395.29106241871506,255394.26467809553,811.8341579682526,500000.0,0.3911739292288396,0,9,33.257644095759126,1,E5,supervised,8.0,1,marketplace
10.44602285763947,21.48931472049217,6.117500069782409,8.801570957394505,7.404523931840989,13.33280851601512,5.038185534366903,5.3284994445765275,,,22.647073494315674,28.811769232597726,7.080406797181488,6.10432563082486,6.465219701127438,21.48931472049217,0.9090909090909091,0.9473684210526315,29310.196036041838,532277.3226155266,516873.34282247716,548,0.9710602365748803,14403.979793049497,0.02706104352195697,1000.0,21.372317822114283,25.704708293036674,28.811769232597726,22.086402269515588,10.44602285763947,421.1750081319241,1711.6243082047313,840.4291883859419,0.491012650590036,936.4742922935192,0.031708998344917964,346.35296476262306,4,0,1,18,0.0,527,207.0,0.34635296476262306,401.1550524786433,263895.7693130152,785.7130620340581,500000.0,0.3969023214228349,0,7,18.649708771619657,2,E5,supervised,8.0,1,marketplace
2.7968315969025217,4.887507324559192,4.725345643854474,6.890155613801472,5.796702559793585,12.513367648259235,25.443828654480058,25.443828654480058,53.04494901963517,53.04494901963517,23.973233454966643,28.972819365853866,4.222121317320249,4.7511081782655324,6.035014484271836,4.887507324559192,1.0,1.0,28096.063942230638,531327.860284328,530327.860284328,561,0.998117922897051,0.0,0.0,1000.0,21.896551899896178,25.70470829303963,28.811769232597726,23.600157957076636,2.7968315969025217,464.56231450876146,1864.8372957400425,912.5986884029575,0.48937174867086813,996.8135012761056,0.030889883479505487,337.6944225941688,2,0,3,14,0.0,545,207.0,0.3376944225941688,390.9613466496611,249472.10061791944,831.1057385135965,500000.0,0.35456704755423285,1,2,6.686917343769473,3,E5,supervised,8.0,1,marketplace
2.582729817102126,4.2632833351477535,4.714872425240401,6.530224900881786,3.176458417013186,5.7407836909238545,,,66.38753634606803,114.98806205078465,24.029174402586232,28.972819365853912,7.1079966687070915,5.3018852650322525,3.9004179502965814,4.2632833351477535,1.0,1.0,32491.15341102122,538255.453584505,538255.4535845051,550,1.0000000000000002,0.0,0.0,0.0,22.459204495529683,25.673315795483518,28.82787424592498,25.953784983007136,2.582729817102126,516.0467970828281,1721.8331491310917,853.2004038861809,0.4955186304298655,920.0992306287108,0.03039545868387501,331.6313540350267,4,0,1,19,4046.004294015581,525,207.0,0.3316313540350267,385.1918823549539,249423.9565487548,831.2418511150834,500000.0,0.3486910272354658,0,7,19.816906516895337,4,E5,supervised,8.0,1,marketplace
7.2717786940286535,11.258103236943889,8.99981367589007,24.687377975673574,14.200835968689592,51.03152982657666,29.222653919509412,54.04262756152548,,,23.618040939905008,29.065357195645078,3.342047575242198,6.691131740756816,14.77805582221378,11.258103236943889,0.9259259259259259,0.8947368421052632,43452.69323580841,547328.4080016714,546328.4080016714,572,0.998172943363837,0.0,0.0,1000.0,21.81565540143647,25.487066098326068,29.489149603836175,23.527155486289036,7.2717786940286535,463.1334943132505,1855.0977324629555,922.0938242022332,0.4970594314607878,1027.1394721543052,0.03342920466835502,364.4120818879278,5,0,0,21,0.0,544,207.0,0.3644120818879278,379.5600028202332,233994.88409413147,886.1920758851692,500000.0,0.3795574989486834,3,9,27.06171974826643,5,E5,supervised,8.0,1,marketplace
2.50762406994757,3.031895636105475,4.022007592783019,5.210964119650089,4.524345427485222,8.723736898039627,32.35122322221804,39.152079217506504,,,24.204784593483062,29.77807003213102,6.2494088205415625,9.93058768592064,8.890058732810331,3.031895636105475,1.0,1.0,31608.77227884693,533346.8920584851,533346.8920584851,565,1.0,0.0,0.0,0.0,22.065857513193894,25.7047082930396,29.583382780671183,23.86815254142566,2.50762406994757,458.0895655023109,1837.1226013556532,926.1694081524176,0.5041413172256315,998.8634925967821,0.03334453764906593,363.37663077415596,5,0,0,22,0.0,535,207.0,0.36337663077415594,388.7964469623934,247989.6234041998,836.177634306865,500000.0,0.4164872451027657,0,10,30.944205289756084,6,E5,supervised,8.0,1,marketplace
3.55937473343252,3.8336318229792585,16.279264680313744,56.2203190180493,2.234954290374633,2.503825920709443,6.063349301183067,6.718543137484451,11.838310601135902,11.838310601135902,23.89933526191238,29.72163906982086,3.939475138975962,5.39598394761562,10.161322002492353,3.8336318229792585,0.972972972972973,0.9508196721311475,40773.60461111535,544565.4292464787,543565.4292464787,581,0.9981636733690867,0.0,0.0,1000.0,21.328682792206113,25.704708293036674,28.972819365853866,22.44534833662973,3.55937473343252,447.36436856039046,1896.7116905339328,936.4671809804191,0.4937319602415691,1019.7706225606273,0.03109081447145497,338.6535267886587,1,0,1,16,99.38937189467718,556,207.0,0.3386535267886587,381.44194308717033,238642.1178391648,868.8267410806611,500000.0,0.3683962350964404,0,12,31.027658692190975,7,E5,supervised,8.0,1,marketplace
3.990878335532129,10.675146294068513,9.311185738893755,18.5124667473708,4.42535428042215,5.970915850418534,5.016140661867894,5.018809284742156,,,23.747932369130716,29.778070032130927,5.5528183648113965,4.99718314029783,6.176146646972773,10.675146294068513,1.0,1.0,38363.5914215517,540361.5398106,526845.8481339898,560,0.9749876875372228,13515.69167661024,0.02501231246277737,0.0,21.754327386092445,25.704708293039516,28.972819365853912,22.80701157885499,3.990878335532129,438.58289660809595,1760.4668396644895,877.3454695133534,0.498359554264912,968.6956046739699,0.032802674062087284,356.43886966535615,5,0,0,17,0.0,538,207.0,0.35643886966535615,393.58085406593074,254157.17433191766,815.8590817462714,500000.0,0.41916432023398925,0,15,45.18363363980908,8,E5,supervised,8.0,1,marketplace
5.105041681630001,11.917650345837734,5.748915110623391,12.568922453051934,5.804346150159783,10.559304557503857,36.08419072951983,36.08419072951983,41.101748138852145,51.03419246237836,23.422939092016687,28.972819365853866,3.5706325500131118,5.5934091747244565,6.477590327612961,11.917650345837734,1.0,1.0,47374.080402398526,549779.8663554897,548779.8663554897,604,0.9981810901759116,0.0,0.0,1000.0,20.399556270337115,25.382608026528942,28.168468878954222,23.038586998940467,5.105041681630001,460.318261271794,2050.1254501169724,1011.0777114554733,0.49317845959025824,1134.5934404988586,0.03558904833247684,387.48456070599866,4,0,2,23,0.0,571,207.0,0.3874845607059987,377.9065109257564,234128.86001708312,885.7835148796865,500000.0,0.38441676334848,0,13,36.44666791469508,9,E5,supervised,8.0,1,marketplace
2.2985999923516665,2.7950995544200623,4.407723315258522,7.053902860730363,5.620095667489039,10.274981424893209,,,,,22.849610848896546,28.81176923259911,3.0222719182369473,6.062837536367556,5.013909491373781,2.7950995544200623,1.0,1.0,13819.243346008723,516514.44304295897,516514.44304295897,540,1.0,0.0,0.0,0.0,21.42116869515842,25.70470829303956,28.811769232597726,22.274535577053097,2.2985999923516665,424.7142270199004,1684.0032527009737,840.7363321342692,0.49924863909010375,910.185999683791,0.027905944558111274,304.16348185595876,1,0,2,17,0.0,520,207.0,0.30416348185595876,401.35211371933366,263968.4615732562,785.3368627688319,500000.0,0.3555301211225461,0,10,26.16744834583803,10,E5,supervised,8.0,1,marketplace
5.263808027103837,11.414764079273482,8.520980058975056,15.981611072909075,3.2417442918217376,5.731484531760042,,,7.552558473439603,7.552558473439603,23.61143897057483,28.972819365853912,2.7018388861143063,3.918979080091777,4.750097368151257,11.414764079273482,0.9523809523809523,1.0,26006.043708159235,531772.2574830158,531772.2574830158,543,1.0,0.0,0.0,0.0,22.11643876185443,25.704708293039516,28.811769232597726,22.562737677776777,5.263808027103837,431.7652599049113,1626.078915273565,799.2914334930539,0.4915452909360087,913.1094540946993,0.029573209435736835,322.96790700894854,3,0,0,20,0.0,514,207.0,0.32296790700894856,389.87172608121745,248344.11088149215,834.8213580387329,500000.0,0.37609790791227643,1,4,12.433225483121547,11,E5,supervised,8.0,1,marketplace
14.84961253331429,41.05624288876735,13.900557244922197,32.80969193667545,4.995980005050114,4.995980005050114,,,,,24.37082642104124,31.51672494755478,3.196996675690246,5.566280269568235,12.628474782083329,41.05624288876735,0.7142857142857143,0.8571428571428571,3605.0987133016765,503977.3460501888,503977.3460501888,521,1.0,0.0,0.0,0.0,23.80065028494863,25.704708293039857,31.507061939559435,24.24611487922998,14.84961253331429,445.4686299752517,1511.680601883942,752.2817113928597,0.49764593820634045,831.247236651876,0.029919487127439123,327.45179446507933,5,0,0,20,0.0,495,207.0,0.3274517944650793,411.3824826043238,280058.99423501076,740.2992086034801,500000.0,0.3913937786201502,0,1,3.662249598907491,12,E5,supervised,8.0,1,marketplace
2.62151995821396,3.719356630929178,2.9687951445968337,3.9938848375770846,5.042998100825685,6.00105370870092,,,,,23.054776778578205,28.972819365853866,2.094570514343445,3.2217360023872974,3.8906631251429897,3.719356630929178,1.0,1.0,6216.486291594783,506496.9548278934,506496.9548278934,522,1.0,0.0,0.0,0.0,22.210439405465166,25.70470829303963,28.972819365853866,22.821595477627977,2.62151995821396,427.1196751817149,1558.9378998088446,783.8573305152707,0.5028149810273947,879.1614865721906,0.02744536641082308,299.86751795955536,3,0,0,15,0.0,505,207.0,0.29986751795955535,409.2815673263023,275383.50290929194,752.7679230162225,500000.0,0.3583793948526039,0,5,13.65311362866234,13,E5,supervised,8.0,1,marketplace
7.879130014787401,20.242950349273084,7.755920742393426,13.845093647914428,6.898283699999553,10.039048874471177,5.694903272366986,6.260903690555369,,,22.873201943069436,28.972819365853866,3.1447494891500747,5.7594259748797425,6.840456123044532,20.242950349273084,0.896551724137931,0.9516129032258065,58929.484502104126,566652.9292862886,566652.9292862886,576,1.0,0.0,0.0,0.0,20.720238345264104,25.382608026528942,28.811769232598408,20.930649345521662,7.879130014787401,429.803144981053,1896.088265700833,949.3177315617987,0.5006716980081681,1075.881034167297,0.03058984232296217,333.54871070265625,0,0,1,23,0.0,552,207.0,0.33354871070265624,365.89160312264454,216988.55201830564,955.5045498124322,500000.0,0.3808839924786807,0,10,26.09750097201811,14,E5,supervised,8.0,1,marketplace
9.201121382717481,22.458385663928766,12.847470373183699,38.132680545839776,6.593765447008578,6.865951412579307,5.817547877295575,6.572374103499351,7.143042659128923,8.176248719180558,24.57611627086812,29.67924491481804,4.268650790642318,6.996300917625564,9.821823920385155,22.458385663928766,0.9142857142857143,0.972972972972973,64862.71277757866,573615.9384122626,573615.9384122626,603,1.0,0.0,0.0,0.0,21.76233527925339,25.382608026528942,28.97281936585432,22.287916226616513,9.201121382717481,459.5405528064841,2080.9253309183036,1026.75321295655,0.49341184794143866,1193.387583097419,0.0367675542456222,400.77413276419804,5,0,2,21,0.0,567,207.0,0.40077413276419804,361.5673140234529,210237.8896744244,986.5052129944141,500000.0,0.39233089837722607,0,11,30.445352400695693,15,E5,supervised,8.0,1,marketplace
4.579431333571521,14.479178295617384,7.6055310576078625,14.741807666480781,33.84632644764497,65.23908835396979,,,,,23.88012891889051,28.972819365853912,2.995194295443639,3.8054034896699704,16.352462854286898,14.479178295617384,1.0,0.9642857142857143,8440.199489225186,509188.49886297405,509188.49886297405,531,1.0,0.0,0.0,0.0,22.943938612726978,25.70470829303963,28.972819365853866,23.61431814815741,4.579431333571521,445.8375635814315,1552.9341563813302,770.7280159212876,0.4963043750143594,850.013899776641,0.027194459916576173,296.6048287264338,1,0,1,17,0.0,504,207.0,0.2966048287264338,407.1117185317874,275155.1888643072,753.3806855845077,500000.0,0.3727376868676089,0,6,15.851629567615955,16,E5,supervised,8.0,1,marketplace
5.711095791423983,7.775537946342591,3.6055627635272947,6.4152587981338005,3.838097498426066,4.89265749178004,,,,,23.52860211674639,28.81176923259909,2.7434520925651937,4.7992426520195295,3.7024522364017827,7.775537946342591,0.9333333333333333,1.0,10188.61735102234,511539.3687118152,511539.3687118152,538,1.0,0.0,0.0,0.0,22.164637351486235,25.70470829303963,28.811769232597726,23.08954959966362,5.711095791423983,436.8391620550337,1633.2835411949768,811.8007628288022,0.49703602733598584,910.5361300492136,0.030251752827085504,330.4733012191567,5,0,0,13,0.0,523,207.0,0.3304733012191567,405.30697338765816,270880.2721032687,765.3952489466554,500000.0,0.3769864138068595,0,6,14.732451798064856,17,E5,supervised,8.0,1,marketplace
3.4694426777211804,5.423807447870786,5.466010587140863,7.405460643817327,4.734664100802911,8.08629505008448,9.652508886433074,17.446105273505964,6.202531654856557,6.931503624413653,23.25431193017529,28.972819365853866,5.8990088596223815,9.461526403689376,5.922423248453249,5.423807447870786,1.0,1.0,68261.72443658626,577118.2182746406,576118.2182746406,575,0.9982672527597732,0.0,0.0,1000.0,20.86552903643351,25.382608026528942,28.811769232598476,21.113763083000023,3.4694426777211804,437.34790632680046,1861.4529565418318,916.4621125253309,0.49233697220472067,1044.4874462880975,0.03177933299527196,347.3173248545007,2,0,4,22,0.0,549,207.0,0.34731732485450073,359.90411472461057,214681.93483038596,965.83495713635,500000.0,0.3505895104458072,1,4,9.764275488896569,18,E5,supervised,8.0,1,marketplace
9.789262811736226,35.80854814767081,6.397579503208629,7.770236570426598,9.642598639392693,29.218179789552053,,,114.13478743119595,114.13478743119595,24.29971437996863,29.892355311750094,3.0390296648777246,4.277065627633817,7.542880374803004,35.80854814767081,0.8285714285714286,0.9855072463768116,37728.11627304937,538786.9281851918,536786.9281851918,582,0.9962879574552103,0.0,0.0,2000.0,22.091101538003322,25.382608026528942,30.120925870986586,25.554738084887752,9.789262811736226,495.95406000535564,1935.5164214202714,959.4649255894676,0.49571520808147806,1037.402600039612,0.03513493204010575,382.8275428398219,2,1,2,19,0.0,544,207.0,0.3828275428398219,386.34105387769915,243321.2229142499,852.3006133991225,500000.0,0.3535024780884825,0,14,35.56524054623648,19,E5,supervised,8.0,1,marketplace
3.1627317602617118,2.656517120889805,3.7634677639896554,6.811506724347375,3.160226422452259,5.185900447480094,,,,,23.243932448283214,28.895018437183445,3.887811458957644,7.886180835927007,3.572970498241004,2.656517120889805,0.9583333333333334,1.0,13968.57625752051,515078.73700219905,515078.73700219905,554,1.0,0.0,0.0,0.0,21.315025544951265,25.67268945002388,28.811769232597726,22.66268650005727,3.1627317602617118,429.682623853238,1792.6944969992874,897.3964952753346,0.5005852903422459,979.4112481008099,0.03041276006105437,331.7281025619692,3,0,0,13,0.0,536,207.0,0.3317281025619692,402.52433891806487,267382.5803274296,775.4122495514446,500000.0,0.36336925430628675,0,6,22.908477153082163,0,E5,supervised,8.0,2,marketplace
2.2127483710975335,2.4224557449181474,4.103704859013457,5.340890494908763,4.446788411955867,5.739475942319951,11.812385565633727,20.39504574601324,,,23.496142703457366,29.778070032131108,3.712457030986343,5.37320375176496,5.878094850768662,2.4224557449181474,1.0,1.0,22776.714596747763,525519.2910413912,524519.2910413912,535,0.9980971202826477,0.0,0.0,1000.0,22.179527031251133,25.70470829303963,29.150004486482448,22.704889432714445,2.2127483710975335,429.8624463522208,1678.8190902623937,844.8305569353865,0.5032290625211692,945.5582946912032,0.031050881324671115,337.78781486274784,4,0,4,21,0.0,507,207.0,0.33778781486274784,395.29106241871506,255394.26467809553,811.8341579682526,500000.0,0.3911739292288396,0,9,33.257644095759126,1,E5,supervised,8.0,2,marketplace
10.44602285763947,21.48931472049217,6.117500069782409,8.801570957394505,7.404523931840989,13.33280851601512,5.038185534366903,5.3284994445765275,,,22.647073494315674,28.811769232597726,7.080406797181488,6.10432563082486,6.465219701127438,21.48931472049217,0.9090909090909091,0.9473684210526315,29310.196036041838,532277.3226155266,516873.34282247716,548,0.9710602365748803,14403.979793049497,0.02706104352195697,1000.0,21.372317822114283,25.704708293036674,28.811769232597726,22.086402269515588,10.44602285763947,421.1750081319241,1711.6243082047313,840.4291883859419,0.491012650590036,936.4742922935192,0.031708998344917964,346.35296476262306,4,0,1,18,0.0,527,207.0,0.34635296476262306,401.1550524786433,263895.7693130152,785.7130620340581,500000.0,0.3969023214228349,0,7,18.649708771619657,2,E5,supervised,8.0,2,marketplace
2.799352800652415,5.0965100446916045,4.282086323233015,6.063125780852897,5.995018734539599,13.078595942571473,25.443828654480058,25.443828654480058,53.04494901963517,53.04494901963517,24.018609086438616,28.972819365853866,4.302764124941242,4.7511081782655324,5.877547425079385,5.0965100446916045,1.0,1.0,28096.063942230638,531327.860284328,530327.860284328,561,0.998117922897051,0.0,0.0,1000.0,21.93229203835756,25.70470829303963,28.811769232598976,23.648060232415823,2.799352800652415,464.5706233996174,1857.7462791345072,909.0531801001899,0.48933118064093367,997.987687407889,0.03135891895103743,342.83036100744357,3,0,3,14,0.0,545,207.0,0.3428303610074436,390.9710311086493,249478.2802629095,831.1057385135965,500000.0,0.34921441414298277,0,2,6.686917343769473,3,E5,supervised,8.0,2,marketplace
2.582729817102126,4.2632833351477535,4.714872425240401,6.530224900881786,3.176458417013186,5.7407836909238545,,,66.38753634606803,114.98806205078465,24.029174402586232,28.972819365853912,7.1079966687070915,5.3018852650322525,3.9004179502965814,4.2632833351477535,1.0,1.0,32491.15341102122,538255.453584505,538255.4535845051,550,1.0000000000000002,0.0,0.0,0.0,22.459204495529683,25.673315795483518,28.82787424592498,25.953784983007136,2.582729817102126,516.0467970828281,1721.8331491310917,853.2004038861809,0.4955186304298655,920.0992306287108,0.03039545868387501,331.6313540350267,4,0,1,19,4046.004294015581,525,207.0,0.3316313540350267,385.1918823549539,249423.9565487548,831.2418511150834,500000.0,0.3486910272354658,0,7,19.816906516895337,4,E5,supervised,8.0,2,marketplace
7.202340548153274,11.258103236943889,8.838071890040892,24.687377975673574,14.860532580875827,51.03152982657666,29.155470469114942,54.04262756152548,,,23.605846114265276,29.065357195645078,3.39721049542414,6.907897255475461,14.90903850280068,11.258103236943889,0.9259259259259259,0.8947368421052632,43452.69323580841,547328.4080016714,546328.4080016714,572,0.998172943363837,0.0,0.0,1000.0,21.810151973477833,25.382608026528942,29.489149603836175,23.53273016920249,7.202340548153274,462.92025601556173,1849.8265288034154,918.4761226105833,0.49652013759620567,1024.8523156001,0.033385472980324654,363.9332199039952,5,0,0,22,0.0,543,207.0,0.36393321990399524,379.5591263108354,233994.34373499607,886.1920758851692,500000.0,0.37928530804022725,0,9,27.06171974826643,5,E5,supervised,8.0,2,marketplace
2.50762406994757,3.031895636105475,4.022007592783019,5.210964119650089,4.524345427485222,8.723736898039627,32.35122322221804,39.152079217506504,,,24.204784593483062,29.77807003213102,6.2494088205415625,9.93058768592064,8.890058732810331,3.031895636105475,1.0,1.0,31608.77227884693,533346.8920584851,533346.8920584851,565,1.0,0.0,0.0,0.0,22.065857513193894,25.7047082930396,29.583382780671183,23.86815254142566,2.50762406994757,458.0895655023109,1837.1226013556532,926.1694081524176,0.5041413172256315,998.8634925967821,0.03334453764906593,363.37663077415596,5,0,0,22,0.0,535,207.0,0.36337663077415594,388.7964469623934,247989.6234041998,836.177634306865,500000.0,0.4164872451027657,0,10,30.944205289756084,6,E5,supervised,8.0,2,marketplace
3.55937473343252,3.8336318229792585,16.279264680313744,56.2203190180493,2.234954290374633,2.503825920709443,6.063349301183067,6.718543137484451,11.838310601135902,11.838310601135902,23.89933526191238,29.72163906982086,3.939475138975962,5.39598394761562,10.161322002492353,3.8336318229792585,0.972972972972973,0.9508196721311475,40773.60461111535,544565.4292464787,543565.4292464787,581,0.9981636733690867,0.0,0.0,1000.0,21.328682792206113,25.704708293036674,28.972819365853866,22.44534833662973,3.55937473343252,447.36436856039046,1896.7116905339328,936.4671809804191,0.4937319602415691,1019.7706225606273,0.03109081447145497,338.6535267886587,1,0,1,16,99.38937189467718,556,207.0,0.3386535267886587,381.44194308717033,238642.1178391648,868.8267410806611,500000.0,0.3683962350964404,0,12,31.027658692190975,7,E5,supervised,8.0,2,marketplace
3.990878335532129,10.675146294068513,9.311185738893755,18.5124667473708,4.42535428042215,5.970915850418534,5.016140661867894,5.018809284742156,,,23.747932369130716,29.778070032130927,5.5528183648113965,4.99718314029783,6.176146646972773,10.675146294068513,1.0,1.0,38363.5914215517,540361.5398106,526845.8481339898,560,0.9749876875372228,13515.69167661024,0.02501231246277737,0.0,21.754327386092445,25.704708293039516,28.972819365853912,22.80701157885499,3.990878335532129,438.58289660809595,1760.4668396644895,877.3454695133534,0.498359554264912,968.6956046739699,0.032802674062087284,356.43886966535615,5,0,0,17,0.0,538,207.0,0.35643886966535615,393.58085406593074,254157.17433191766,815.8590817462714,500000.0,0.41916432023398925,0,15,45.18363363980908,8,E5,supervised,8.0,2,marketplace
5.105041681630001,11.917650345837734,5.748915110623391,12.568922453051934,5.804346150159783,10.559304557503857,36.08419072951983,36.08419072951983,41.101748138852145,51.03419246237836,23.422939092016687,28.972819365853866,3.5706325500131118,5.5934091747244565,6.477590327612961,11.917650345837734,1.0,1.0,47374.080402398526,549779.8663554897,548779.8663554897,604,0.9981810901759116,0.0,0.0,1000.0,20.399556270337115,25.382608026528942,28.168468878954222,23.038586998940467,5.105041681630001,460.318261271794,2050.1254501169724,1011.0777114554733,0.49317845959025824,1134.5934404988586,0.03558904833247684,387.48456070599866,4,0,2,23,0.0,571,207.0,0.3874845607059987,377.9065109257564,234128.86001708312,885.7835148796865,500000.0,0.38441676334848,0,13,36.44666791469508,9,E5,supervised,8.0,2,marketplace
2.2985999923516665,2.7950995544200623,4.407723315258522,7.053902860730363,5.620095667489039,10.274981424893209,,,,,22.849610848896546,28.81176923259911,3.0222719182369473,6.062837536367556,5.013909491373781,2.7950995544200623,1.0,1.0,13819.243346008723,516514.44304295897,516514.44304295897,540,1.0,0.0,0.0,0.0,21.42116869515842,25.70470829303956,28.811769232597726,22.274535577053097,2.2985999923516665,424.7142270199004,1684.0032527009737,840.7363321342692,0.49924863909010375,910.185999683791,0.027905944558111274,304.16348185595876,1,0,2,17,0.0,520,207.0,0.30416348185595876,401.35211371933366,263968.4615732562,785.3368627688319,500000.0,0.3555301211225461,0,10,26.16744834583803,10,E5,supervised,8.0,2,marketplace
5.263808027103837,11.414764079273482,8.658409434587838,16.146526323644416,3.2704887852332605,5.731484531760042,,,7.552558473439603,7.552558473439603,23.60626267572747,28.972819365853912,2.7018388861143063,3.918979080091777,4.809894685048854,11.414764079273482,0.9523809523809523,1.0,26006.043708159235,531772.2574830158,531772.2574830158,543,1.0,0.0,0.0,0.0,22.113214111786075,25.704708293039516,28.811769232597726,22.558144582385133,5.263808027103837,431.7633024338662,1629.385919409345,800.9449355609439,0.49156245062636095,922.6090209348494,0.0296203905575191,323.4845402924644,3,0,0,19,0.0,515,207.0,0.3234845402924644,389.87269761231227,248344.72973638674,834.8213580387329,500000.0,0.3758897749873065,0,4,12.433225483121547,11,E5,supervised,8.0,2,marketplace
14.84961253331429,41.05624288876735,13.900557244922197,32.80969193667545,4.995980005050114,4.995980005050114,,,,,24.37082642104124,31.51672494755478,3.196996675690246,5.566280269568235,12.628474782083329,41.05624288876735,0.7142857142857143,0.8571428571428571,3605.0987133016765,503977.3460501888,503977.3460501888,521,1.0,0.0,0.0,0.0,23.80065028494863,25.704708293039857,31.507061939559435,24.24611487922998,14.84961253331429,445.4686299752517,1511.680601883942,752.2817113928597,0.49764593820634045,831.247236651876,0.029919487127439123,327.45179446507933,5,0,0,20,0.0,495,207.0,0.3274517944650793,411.3824826043238,280058.99423501076,740.2992086034801,500000.0,0.3913937786201502,0,1,3.662249598907491,12,E5,supervised,8.0,2,marketplace
2.62151995821396,3.719356630929178,2.9687951445968337,3.9938848375770846,5.042998100825685,6.00105370870092,,,,,23.054776778578205,28.972819365853866,2.094570514343445,3.2217360023872974,3.8906631251429897,3.719356630929178,1.0,1.0,6216.486291594783,506496.9548278934,506496.9548278934,522,1.0,0.0,0.0,0.0,22.210439405465166,25.70470829303963,28.972819365853866,22.821595477627977,2.62151995821396,427.1196751817149,1558.9378998088446,783.8573305152707,0.5028149810273947,879.1614865721906,0.02744536641082308,299.86751795955536,3,0,0,15,0.0,505,207.0,0.29986751795955535,409.2815673263023,275383.50290929194,752.7679230162225,500000.0,0.3583793948526039,0,5,13.65311362866234,13,E5,supervised,8.0,2,marketplace
7.879130014787401,20.242950349273084,7.755920742393426,13.845093647914428,6.898283699999553,10.039048874471177,5.694903272366986,6.260903690555369,,,22.873201943069436,28.972819365853866,3.1447494891500747,5.7594259748797425,6.840456123044532,20.242950349273084,0.896551724137931,0.9516129032258065,58929.484502104126,566652.9292862886,566652.9292862886,576,1.0,0.0,0.0,0.0,20.720238345264104,25.382608026528942,28.811769232598408,20.930649345521662,7.879130014787401,429.803144981053,1896.088265700833,949.3177315617987,0.5006716980081681,1075.881034167297,0.03058984232296217,333.54871070265625,0,0,1,23,0.0,552,207.0,0.33354871070265624,365.89160312264454,216988.55201830564,955.5045498124322,500000.0,0.3808839924786807,0,10,26.09750097201811,14,E5,supervised,8.0,2,marketplace
9.201121382717481,22.458385663928766,12.847470373183699,38.132680545839776,6.593765447008578,6.865951412579307,5.817547877295575,6.572374103499351,7.143042659128923,8.176248719180558,24.57611627086812,29.67924491481804,4.268650790642318,6.996300917625564,9.821823920385155,22.458385663928766,0.9142857142857143,0.972972972972973,64862.71277757866,573615.9384122626,573615.9384122626,603,1.0,0.0,0.0,0.0,21.76233527925339,25.382608026528942,28.97281936585432,22.287916226616513,9.201121382717481,459.5405528064841,2080.9253309183036,1026.75321295655,0.49341184794143866,1193.387583097419,0.0367675542456222,400.77413276419804,5,0,2,21,0.0,567,207.0,0.40077413276419804,361.5673140234529,210237.8896744244,986.5052129944141,500000.0,0.39233089837722607,0,11,30.445352400695693,15,E5,supervised,8.0,2,marketplace
4.579431333571521,14.479178295617384,7.6055310576078625,14.741807666480781,33.84632644764497,65.23908835396979,,,,,23.88012891889051,28.972819365853912,2.995194295443639,3.8054034896699704,16.352462854286898,14.479178295617384,1.0,0.9642857142857143,8440.199489225186,509188.49886297405,509188.49886297405,531,1.0,0.0,0.0,0.0,22.943938612726978,25.70470829303963,28.972819365853866,23.61431814815741,4.579431333571521,445.8375635814315,1552.9341563813302,770.7280159212876,0.4963043750143594,850.013899776641,0.027194459916576173,296.6048287264338,1,0,1,17,0.0,504,207.0,0.2966048287264338,407.1117185317874,275155.1888643072,753.3806855845077,500000.0,0.3727376868676089,0,6,15.851629567615955,16,E5,supervised,8.0,2,marketplace
5.711095791423983,7.775537946342591,3.6055627635272947,6.4152587981338005,3.838097498426066,4.89265749178004,,,,,23.52860211674639,28.81176923259909,2.7434520925651937,4.7992426520195295,3.7024522364017827,7.775537946342591,0.9333333333333333,1.0,10188.61735102234,511539.3687118152,511539.3687118152,538,1.0,0.0,0.0,0.0,22.164637351486235,25.70470829303963,28.811769232597726,23.08954959966362,5.711095791423983,436.8391620550337,1633.2835411949768,811.8007628288022,0.49703602733598584,910.5361300492136,0.030251752827085504,330.4733012191567,5,0,0,13,0.0,523,207.0,0.3304733012191567,405.30697338765816,270880.2721032687,765.3952489466554,500000.0,0.3769864138068595,0,6,14.732451798064856,17,E5,supervised,8.0,2,marketplace
3.4694426777211804,5.423807447870786,5.466010587140863,7.405460643817327,4.734664100802911,8.08629505008448,9.652508886433074,17.446105273505964,6.202531654856557,6.931503624413653,23.25431193017529,28.972819365853866,5.8341848157892855,9.461526403689376,5.922423248453249,5.423807447870786,1.0,1.0,68261.72443658626,577118.2182746406,576118.2182746406,575,0.9982672527597732,0.0,0.0,1000.0,20.863274287082795,25.382608026528942,28.811769232598476,21.113229328832258,3.4694426777211804,437.33509359762843,1861.4529565418318,916.4621125253309,0.49233697220472067,1044.4874462880975,0.03177933299527196,347.3173248545007,2,0,4,22,0.0,549,207.0,0.34731732485450073,359.90411472461057,214681.93483038596,965.83495713635,500000.0,0.3505895104458072,0,4,9.764275488896569,18,E5,supervised,8.0,2,marketplace
9.789262811736226,35.80854814767081,6.397579503208629,7.770236570426598,9.642598639392693,29.218179789552053,,,114.13478743119595,114.13478743119595,24.29971437996863,29.892355311750094,3.0390296648777246,4.277065627633817,7.542880374803004,35.80854814767081,0.8285714285714286,0.9855072463768116,37728.11627304937,538786.9281851918,536786.9281851918,582,0.9962879574552103,0.0,0.0,2000.0,22.091101538003322,25.382608026528942,30.120925870986586,25.554738084887752,9.789262811736226,495.95406000535564,1935.5164214202714,959.4649255894676,0.49571520808147806,1037.402600039612,0.03513493204010575,382.8275428398219,2,1,2,19,0.0,544,207.0,0.3828275428398219,386.34105387769915,243321.2229142499,852.3006133991225,500000.0,0.3535024780884825,0,14,35.56524054623648,19,E5,supervised,8.0,2,marketplace
3.1627317602617118,2.656517120889805,3.7634677639896554,6.811506724347375,3.160226422452259,5.185900447480094,,,,,23.243932448283214,28.895018437183445,3.887811458957644,7.886180835927007,3.572970498241004,2.656517120889805,0.9583333333333334,1.0,13968.57625752051,515078.73700219905,515078.73700219905,554,1.0,0.0,0.0,0.0,21.315025544951265,25.67268945002388,28.811769232597726,22.66268650005727,3.1627317602617118,429.682623853238,1792.6944969992874,897.3964952753346,0.5005852903422459,979.4112481008099,0.03041276006105437,331.7281025619692,3,0,0,13,0.0,536,207.0,0.3317281025619692,402.52433891806487,267382.5803274296,775.4122495514446,500000.0,0.36336925430628675,0,6,22.908477153082163,0,E5,supervised,8.0,4,marketplace
2.2127483710975335,2.4224557449181474,4.103704859013457,5.340890494908763,4.446788411955867,5.739475942319951,11.812385565633727,20.39504574601324,,,23.496142703457366,29.778070032131108,3.712457030986343,5.37320375176496,5.878094850768662,2.4224557449181474,1.0,1.0,22776.714596747763,525519.2910413912,524519.2910413912,535,0.9980971202826477,0.0,0.0,1000.0,22.179527031251133,25.70470829303963,29.150004486482448,22.704889432714445,2.2127483710975335,429.8624463522208,1678.8190902623937,844.8305569353865,0.5032290625211692,945.5582946912032,0.031050881324671115,337.78781486274784,4,0,4,21,0.0,507,207.0,0.33778781486274784,395.29106241871506,255394.26467809553,811.8341579682526,500000.0,0.3911739292288396,0,9,33.257644095759126,1,E5,supervised,8.0,4,marketplace
10.44602285763947,21.48931472049217,6.117500069782409,8.801570957394505,7.404523931840989,13.33280851601512,5.038185534366903,5.3284994445765275,,,22.647073494315674,28.811769232597726,7.080406797181488,6.10432563082486,6.465219701127438,21.48931472049217,0.9090909090909091,0.9473684210526315,29310.196036041838,532277.3226155266,516873.34282247716,548,0.9710602365748803,14403.979793049497,0.02706104352195697,1000.0,21.372317822114283,25.704708293036674,28.811769232597726,22.086402269515588,10.44602285763947,421.1750081319241,1711.6243082047313,840.4291883859419,0.491012650590036,936.4742922935192,0.031708998344917964,346.35296476262306,4,0,1,18,0.0,527,207.0,0.34635296476262306,401.1550524786433,263895.7693130152,785.7130620340581,500000.0,0.3969023214228349,0,7,18.649708771619657,2,E5,supervised,8.0,4,marketplace
2.799352800652415,5.0965100446916045,4.282086323233015,6.063125780852897,5.995018734539599,13.078595942571473,25.443828654480058,25.443828654480058,53.04494901963517,53.04494901963517,24.018609086438616,28.972819365853866,4.302764124941242,4.7511081782655324,5.877547425079385,5.0965100446916045,1.0,1.0,28096.063942230638,531327.860284328,530327.860284328,561,0.998117922897051,0.0,0.0,1000.0,21.93229203835756,25.70470829303963,28.811769232598976,23.648060232415823,2.799352800652415,464.5706233996174,1857.7462791345072,909.0531801001899,0.48933118064093367,997.987687407889,0.03135891895103743,342.83036100744357,3,0,3,14,0.0,545,207.0,0.3428303610074436,390.9710311086493,249478.2802629095,831.1057385135965,500000.0,0.34921441414298277,0,2,6.686917343769473,3,E5,supervised,8.0,4,marketplace
2.582729817102126,4.2632833351477535,4.714872425240401,6.530224900881786,3.176458417013186,5.7407836909238545,,,66.38753634606803,114.98806205078465,24.029174402586232,28.972819365853912,7.1079966687070915,5.3018852650322525,3.9004179502965814,4.2632833351477535,1.0,1.0,32491.15341102122,538255.453584505,538255.4535845051,550,1.0000000000000002,0.0,0.0,0.0,22.459204495529683,25.673315795483518,28.82787424592498,25.953784983007136,2.582729817102126,516.0467970828281,1721.8331491310917,853.2004038861809,0.4955186304298655,920.0992306287108,0.03039545868387501,331.6313540350267,4,0,1,19,4046.004294015581,525,207.0,0.3316313540350267,385.1918823549539,249423.9565487548,831.2418511150834,500000.0,0.3486910272354658,0,7,19.816906516895337,4,E5,supervised,8.0,4,marketplace
7.202340548153274,11.258103236943889,8.838071890040892,24.687377975673574,14.860532580875827,51.03152982657666,29.155470469114942,54.04262756152548,,,23.605846114265276,29.065357195645078,3.39721049542414,6.907897255475461,14.90903850280068,11.258103236943889,0.9259259259259259,0.8947368421052632,43452.69323580841,547328.4080016714,546328.4080016714,572,0.998172943363837,0.0,0.0,1000.0,21.810151973477833,25.382608026528942,29.489149603836175,23.53273016920249,7.202340548153274,462.92025601556173,1849.8265288034154,918.4761226105833,0.49652013759620567,1024.8523156001,0.033385472980324654,363.9332199039952,5,0,0,22,0.0,543,207.0,0.36393321990399524,379.5591263108354,233994.34373499607,886.1920758851692,500000.0,0.37928530804022725,0,9,27.06171974826643,5,E5,supervised,8.0,4,marketplace
2.50762406994757,3.031895636105475,4.022007592783019,5.210964119650089,4.524345427485222,8.723736898039627,32.35122322221804,39.152079217506504,,,24.204784593483062,29.77807003213102,6.2494088205415625,9.93058768592064,8.890058732810331,3.031895636105475,1.0,1.0,31608.77227884693,533346.8920584851,533346.8920584851,565,1.0,0.0,0.0,0.0,22.065857513193894,25.7047082930396,29.583382780671183,23.86815254142566,2.50762406994757,458.0895655023109,1837.1226013556532,926.1694081524176,0.5041413172256315,998.8634925967821,0.03334453764906593,363.37663077415596,5,0,0,22,0.0,535,207.0,0.36337663077415594,388.7964469623934,247989.6234041998,836.177634306865,500000.0,0.4164872451027657,0,10,30.944205289756084,6,E5,supervised,8.0,4,marketplace
3.55937473343252,3.8336318229792585,16.279264680313744,56.2203190180493,2.234954290374633,2.503825920709443,6.063349301183067,6.718543137484451,11.838310601135902,11.838310601135902,23.89933526191238,29.72163906982086,3.939475138975962,5.39598394761562,10.161322002492353,3.8336318229792585,0.972972972972973,0.9508196721311475,40773.60461111535,544565.4292464787,543565.4292464787,581,0.9981636733690867,0.0,0.0,1000.0,21.328682792206113,25.704708293036674,28.972819365853866,22.44534833662973,3.55937473343252,447.36436856039046,1896.7116905339328,936.4671809804191,0.4937319602415691,1019.7706225606273,0.03109081447145497,338.6535267886587,1,0,1,16,99.38937189467718,556,207.0,0.3386535267886587,381.44194308717033,238642.1178391648,868.8267410806611,500000.0,0.3683962350964404,0,12,31.027658692190975,7,E5,supervised,8.0,4,marketplace
3.990878335532129,10.675146294068513,9.311185738893755,18.5124667473708,4.42535428042215,5.970915850418534,5.016140661867894,5.018809284742156,,,23.747932369130716,29.778070032130927,5.5528183648113965,4.99718314029783,6.176146646972773,10.675146294068513,1.0,1.0,38363.5914215517,540361.5398106,526845.8481339898,560,0.9749876875372228,13515.69167661024,0.02501231246277737,0.0,21.754327386092445,25.704708293039516,28.972819365853912,22.80701157885499,3.990878335532129,438.58289660809595,1760.4668396644895,877.3454695133534,0.498359554264912,968.6956046739699,0.032802674062087284,356.43886966535615,5,0,0,17,0.0,538,207.0,0.35643886966535615,393.58085406593074,254157.17433191766,815.8590817462714,500000.0,0.41916432023398925,0,15,45.18363363980908,8,E5,supervised,8.0,4,marketplace
5.105041681630001,11.917650345837734,5.748915110623391,12.568922453051934,5.804346150159783,10.559304557503857,36.08419072951983,36.08419072951983,41.101748138852145,51.03419246237836,23.422939092016687,28.972819365853866,3.5706325500131118,5.5934091747244565,6.477590327612961,11.917650345837734,1.0,1.0,47374.080402398526,549779.8663554897,548779.8663554897,604,0.9981810901759116,0.0,0.0,1000.0,20.399556270337115,25.382608026528942,28.168468878954222,23.038586998940467,5.105041681630001,460.318261271794,2050.1254501169724,1011.0777114554733,0.49317845959025824,1134.5934404988586,0.03558904833247684,387.48456070599866,4,0,2,23,0.0,571,207.0,0.3874845607059987,377.9065109257564,234128.86001708312,885.7835148796865,500000.0,0.38441676334848,0,13,36.44666791469508,9,E5,supervised,8.0,4,marketplace
2.2985999923516665,2.7950995544200623,4.407723315258522,7.053902860730363,5.620095667489039,10.274981424893209,,,,,22.849610848896546,28.81176923259911,3.0222719182369473,6.062837536367556,5.013909491373781,2.7950995544200623,1.0,1.0,13819.243346008723,516514.44304295897,516514.44304295897,540,1.0,0.0,0.0,0.0,21.42116869515842,25.70470829303956,28.811769232597726,22.274535577053097,2.2985999923516665,424.7142270199004,1684.0032527009737,840.7363321342692,0.49924863909010375,910.185999683791,0.027905944558111274,304.16348185595876,1,0,2,17,0.0,520,207.0,0.30416348185595876,401.35211371933366,263968.4615732562,785.3368627688319,500000.0,0.3555301211225461,0,10,26.16744834583803,10,E5,supervised,8.0,4,marketplace
5.263808027103837,11.414764079273482,8.658409434587838,16.146526323644416,3.2704887852332605,5.731484531760042,,,7.552558473439603,7.552558473439603,23.60626267572747,28.972819365853912,2.7018388861143063,3.918979080091777,4.809894685048854,11.414764079273482,0.9523809523809523,1.0,26006.043708159235,531772.2574830158,531772.2574830158,543,1.0,0.0,0.0,0.0,22.113214111786075,25.704708293039516,28.811769232597726,22.558144582385133,5.263808027103837,431.7633024338662,1629.385919409345,800.9449355609439,0.49156245062636095,922.6090209348494,0.0296203905575191,323.4845402924644,3,0,0,19,0.0,515,207.0,0.3234845402924644,389.87269761231227,248344.72973638674,834.8213580387329,500000.0,0.3758897749873065,0,4,12.433225483121547,11,E5,supervised,8.0,4,marketplace
14.84961253331429,41.05624288876735,13.900557244922197,32.80969193667545,4.995980005050114,4.995980005050114,,,,,24.37082642104124,31.51672494755478,3.196996675690246,5.566280269568235,12.628474782083329,41.05624288876735,0.7142857142857143,0.8571428571428571,3605.0987133016765,503977.3460501888,503977.3460501888,521,1.0,0.0,0.0,0.0,23.80065028494863,25.704708293039857,31.507061939559435,24.24611487922998,14.84961253331429,445.4686299752517,1511.680601883942,752.2817113928597,0.49764593820634045,831.247236651876,0.029919487127439123,327.45179446507933,5,0,0,20,0.0,495,207.0,0.3274517944650793,411.3824826043238,280058.99423501076,740.2992086034801,500000.0,0.3913937786201502,0,1,3.662249598907491,12,E5,supervised,8.0,4,marketplace
2.62151995821396,3.719356630929178,2.9687951445968337,3.9938848375770846,5.042998100825685,6.00105370870092,,,,,23.054776778578205,28.972819365853866,2.094570514343445,3.2217360023872974,3.8906631251429897,3.719356630929178,1.0,1.0,6216.486291594783,506496.9548278934,506496.9548278934,522,1.0,0.0,0.0,0.0,22.210439405465166,25.70470829303963,28.972819365853866,22.821595477627977,2.62151995821396,427.1196751817149,1558.9378998088446,783.8573305152707,0.5028149810273947,879.1614865721906,0.02744536641082308,299.86751795955536,3,0,0,15,0.0,505,207.0,0.29986751795955535,409.2815673263023,275383.50290929194,752.7679230162225,500000.0,0.3583793948526039,0,5,13.65311362866234,13,E5,supervised,8.0,4,marketplace
7.879130014787401,20.242950349273084,7.755920742393426,13.845093647914428,6.898283699999553,10.039048874471177,5.694903272366986,6.260903690555369,,,22.873201943069436,28.972819365853866,3.1447494891500747,5.7594259748797425,6.840456123044532,20.242950349273084,0.896551724137931,0.9516129032258065,58929.484502104126,566652.9292862886,566652.9292862886,576,1.0,0.0,0.0,0.0,20.720238345264104,25.382608026528942,28.811769232598408,20.930649345521662,7.879130014787401,429.803144981053,1896.088265700833,949.3177315617987,0.5006716980081681,1075.881034167297,0.03058984232296217,333.54871070265625,0,0,1,23,0.0,552,207.0,0.33354871070265624,365.89160312264454,216988.55201830564,955.5045498124322,500000.0,0.3808839924786807,0,10,26.09750097201811,14,E5,supervised,8.0,4,marketplace
9.201121382717481,22.458385663928766,12.847470373183699,38.132680545839776,6.593765447008578,6.865951412579307,5.817547877295575,6.572374103499351,7.143042659128923,8.176248719180558,24.57611627086812,29.67924491481804,4.268650790642318,6.996300917625564,9.821823920385155,22.458385663928766,0.9142857142857143,0.972972972972973,64862.71277757866,573615.9384122626,573615.9384122626,603,1.0,0.0,0.0,0.0,21.76233527925339,25.382608026528942,28.97281936585432,22.287916226616513,9.201121382717481,459.5405528064841,2080.9253309183036,1026.75321295655,0.49341184794143866,1193.387583097419,0.0367675542456222,400.77413276419804,5,0,2,21,0.0,567,207.0,0.40077413276419804,361.5673140234529,210237.8896744244,986.5052129944141,500000.0,0.39233089837722607,0,11,30.445352400695693,15,E5,supervised,8.0,4,marketplace
4.579431333571521,14.479178295617384,7.6055310576078625,14.741807666480781,33.84632644764497,65.23908835396979,,,,,23.88012891889051,28.972819365853912,2.995194295443639,3.8054034896699704,16.352462854286898,14.479178295617384,1.0,0.9642857142857143,8440.199489225186,509188.49886297405,509188.49886297405,531,1.0,0.0,0.0,0.0,22.943938612726978,25.70470829303963,28.972819365853866,23.61431814815741,4.579431333571521,445.8375635814315,1552.9341563813302,770.7280159212876,0.4963043750143594,850.013899776641,0.027194459916576173,296.6048287264338,1,0,1,17,0.0,504,207.0,0.2966048287264338,407.1117185317874,275155.1888643072,753.3806855845077,500000.0,0.3727376868676089,0,6,15.851629567615955,16,E5,supervised,8.0,4,marketplace
5.711095791423983,7.775537946342591,3.6055627635272947,6.4152587981338005,3.838097498426066,4.89265749178004,,,,,23.52860211674639,28.81176923259909,2.7434520925651937,4.7992426520195295,3.7024522364017827,7.775537946342591,0.9333333333333333,1.0,10188.61735102234,511539.3687118152,511539.3687118152,538,1.0,0.0,0.0,0.0,22.164637351486235,25.70470829303963,28.811769232597726,23.08954959966362,5.711095791423983,436.8391620550337,1633.2835411949768,811.8007628288022,0.49703602733598584,910.5361300492136,0.030251752827085504,330.4733012191567,5,0,0,13,0.0,523,207.0,0.3304733012191567,405.30697338765816,270880.2721032687,765.3952489466554,500000.0,0.3769864138068595,0,6,14.732451798064856,17,E5,supervised,8.0,4,marketplace
3.4694426777211804,5.423807447870786,5.466010587140863,7.405460643817327,4.734664100802911,8.08629505008448,9.652508886433074,17.446105273505964,6.202531654856557,6.931503624413653,23.25431193017529,28.972819365853866,5.8341848157892855,9.461526403689376,5.922423248453249,5.423807447870786,1.0,1.0,68261.72443658626,577118.2182746406,576118.2182746406,575,0.9982672527597732,0.0,0.0,1000.0,20.863274287082795,25.382608026528942,28.811769232598476,21.113229328832258,3.4694426777211804,437.33509359762843,1861.4529565418318,916.4621125253309,0.49233697220472067,1044.4874462880975,0.03177933299527196,347.3173248545007,2,0,4,22,0.0,549,207.0,0.34731732485450073,359.90411472461057,214681.93483038596,965.83495713635,500000.0,0.3505895104458072,0,4,9.764275488896569,18,E5,supervised,8.0,4,marketplace
9.789262811736226,35.80854814767081,6.397579503208629,7.770236570426598,9.642598639392693,29.218179789552053,,,114.13478743119595,114.13478743119595,24.29971437996863,29.892355311750094,3.0390296648777246,4.277065627633817,7.542880374803004,35.80854814767081,0.8285714285714286,0.9855072463768116,37728.11627304937,538786.9281851918,536786.9281851918,582,0.9962879574552103,0.0,0.0,2000.0,22.091101538003322,25.382608026528942,30.120925870986586,25.554738084887752,9.789262811736226,495.95406000535564,1935.5164214202714,959.4649255894676,0.49571520808147806,1037.402600039612,0.03513493204010575,382.8275428398219,2,1,2,19,0.0,544,207.0,0.3828275428398219,386.34105387769915,243321.2229142499,852.3006133991225,500000.0,0.3535024780884825,0,14,35.56524054623648,19,E5,supervised,8.0,4,marketplace
3.173115479800894,2.656517120889805,3.709242524235221,6.268754272076103,2.8214438451182864,4.169552715478176,,,,,23.251682811643448,28.972819365853866,3.887811458957644,7.886180835927007,3.428885046619347,2.656517120889805,0.9583333333333334,1.0,13968.57625752051,515078.73700219905,515078.73700219905,554,1.0,0.0,0.0,0.0,21.317528735146652,25.425165379100463,28.81176923259868,22.663862010663372,3.173115479800894,429.7051533638227,1787.5729869507609,894.7608934455645,0.50054509660713,964.9721959547619,0.030343298775011473,330.9675014797995,3,0,0,14,0.0,535,207.0,0.33096750147979953,402.52286224852384,267381.5994284528,775.4122495514446,500000.0,0.36135010922496197,1,6,22.908477153082163,0,E5,supervised,16.0,1,marketplace
2.2127483710975335,2.4224557449181474,4.103704859013457,5.340890494908763,4.446788411955867,5.739475942319951,11.812385565633727,20.39504574601324,,,23.496142703457366,29.778070032131108,3.712457030986343,5.37320375176496,5.878094850768662,2.4224557449181474,1.0,1.0,22776.714596747763,525519.2910413912,524519.2910413912,535,0.9980971202826477,0.0,0.0,1000.0,22.179527031251133,25.70470829303963,29.150004486482448,22.704889432714445,2.2127483710975335,429.8624463522208,1678.8190902623937,844.8305569353865,0.5032290625211692,945.5582946912032,0.031050881324671115,337.78781486274784,4,0,4,21,0.0,507,207.0,0.33778781486274784,395.29106241871506,255394.26467809553,811.8341579682526,500000.0,0.3911739292288396,0,9,33.257644095759126,1,E5,supervised,16.0,1,marketplace
10.44602285763947,21.48931472049217,6.117500069782409,8.801570957394505,7.404523931840989,13.33280851601512,5.038185534366903,5.3284994445765275,,,22.647073494315674,28.811769232597726,7.080406797181488,6.10432563082486,6.465219701127438,21.48931472049217,0.9090909090909091,0.9473684210526315,29310.196036041838,532277.3226155266,516873.34282247716,548,0.9710602365748803,14403.979793049497,0.02706104352195697,1000.0,21.372317822114283,25.704708293036674,28.811769232597726,22.086402269515588,10.44602285763947,421.1750081319241,1711.6243082047313,840.4291883859419,0.491012650590036,936.4742922935192,0.031708998344917964,346.35296476262306,4,0,1,18,0.0,527,207.0,0.34635296476262306,401.1550524786433,263895.7693130152,785.7130620340581,500000.0,0.3969023214228349,0,7,18.649708771619657,2,E5,supervised,16.0,1,marketplace
2.7968315969025217,4.887507324559192,4.725345643854474,6.890155613801472,5.796702559793585,12.513367648259235,25.443828654480058,25.443828654480058,53.04494901963517,53.04494901963517,23.973233454966643,28.972819365853866,4.222121317320249,4.7511081782655324,6.035014484271836,4.887507324559192,1.0,1.0,28096.063942230638,531327.860284328,530327.860284328,561,0.998117922897051,0.0,0.0,1000.0,21.896551899896178,25.70470829303963,28.811769232597726,23.600157957076636,2.7968315969025217,464.56231450876146,1864.8372957400425,912.5986884029575,0.48937174867086813,996.8135012761056,0.030889883479505487,337.6944225941688,2,0,3,14,0.0,545,207.0,0.3376944225941688,390.9613466496611,249472.10061791944,831.1057385135965,500000.0,0.35456704755423285,1,2,6.686917343769473,3,E5,supervised,16.0,1,marketplace
2.582729817102126,4.2632833351477535,4.714872425240401,6.530224900881786,3.176458417013186,5.7407836909238545,,,66.38753634606803,114.98806205078465,24.029174402586232,28.972819365853912,7.1079966687070915,5.3018852650322525,3.9004179502965814,4.2632833351477535,1.0,1.0,32491.15341102122,538255.453584505,538255.4535845051,550,1.0000000000000002,0.0,0.0,0.0,22.459204495529683,25.673315795483518,28.82787424592498,25.953784983007136,2.582729817102126,516.0467970828281,1721.8331491310917,853.2004038861809,0.4955186304298655,920.0992306287108,0.03039545868387501,331.6313540350267,4,0,1,19,4046.004294015581,525,207.0,0.3316313540350267,385.1918823549539,249423.9565487548,831.2418511150834,500000.0,0.3486910272354658,0,7,19.816906516895337,4,E5,supervised,16.0,1,marketplace
7.2717786940286535,11.258103236943889,8.99981367589007,24.687377975673574,14.200835968689592,51.03152982657666,29.222653919509412,54.04262756152548,,,23.618040939905008,29.065357195645078,3.342047575242198,6.691131740756816,14.77805582221378,11.258103236943889,0.9259259259259259,0.8947368421052632,43452.69323580841,547328.4080016714,546328.4080016714,572,0.998172943363837,0.0,0.0,1000.0,21.81565540143647,25.487066098326068,29.489149603836175,23.527155486289036,7.2717786940286535,463.1334943132505,1855.0977324629555,922.0938242022332,0.4970594314607878,1027.1394721543052,0.03342920466835502,364.4120818879278,5,0,0,21,0.0,544,207.0,0.3644120818879278,379.5600028202332,233994.88409413147,886.1920758851692,500000.0,0.3795574989486834,3,9,27.06171974826643,5,E5,supervised,16.0,1,marketplace
2.50762406994757,3.031895636105475,4.022007592783019,5.210964119650089,4.524345427485222,8.723736898039627,32.35122322221804,39.152079217506504,,,24.204784593483062,29.77807003213102,6.2494088205415625,9.93058768592064,8.890058732810331,3.031895636105475,1.0,1.0,31608.77227884693,533346.8920584851,533346.8920584851,565,1.0,0.0,0.0,0.0,22.065857513193894,25.7047082930396,29.583382780671183,23.86815254142566,2.50762406994757,458.0895655023109,1837.1226013556532,926.1694081524176,0.5041413172256315,998.8634925967821,0.03334453764906593,363.37663077415596,5,0,0,22,0.0,535,207.0,0.36337663077415594,388.7964469623934,247989.6234041998,836.177634306865,500000.0,0.4164872451027657,0,10,30.944205289756084,6,E5,supervised,16.0,1,marketplace
3.55937473343252,3.8336318229792585,16.279264680313744,56.2203190180493,2.234954290374633,2.503825920709443,6.063349301183067,6.718543137484451,11.838310601135902,11.838310601135902,23.89933526191238,29.72163906982086,3.939475138975962,5.39598394761562,10.161322002492353,3.8336318229792585,0.972972972972973,0.9508196721311475,40773.60461111535,544565.4292464787,543565.4292464787,581,0.9981636733690867,0.0,0.0,1000.0,21.328682792206113,25.704708293036674,28.972819365853866,22.44534833662973,3.55937473343252,447.36436856039046,1896.7116905339328,936.4671809804191,0.4937319602415691,1019.7706225606273,0.03109081447145497,338.6535267886587,1,0,1,16,99.38937189467718,556,207.0,0.3386535267886587,381.44194308717033,238642.1178391648,868.8267410806611,500000.0,0.3683962350964404,0,12,31.027658692190975,7,E5,supervised,16.0,1,marketplace
3.990878335532129,10.675146294068513,9.311185738893755,18.5124667473708,4.42535428042215,5.970915850418534,5.016140661867894,5.018809284742156,,,23.747932369130716,29.778070032130927,5.5528183648113965,4.99718314029783,6.176146646972773,10.675146294068513,1.0,1.0,38363.5914215517,540361.5398106,526845.8481339898,560,0.9749876875372228,13515.69167661024,0.02501231246277737,0.0,21.754327386092445,25.704708293039516,28.972819365853912,22.80701157885499,3.990878335532129,438.58289660809595,1760.4668396644895,877.3454695133534,0.498359554264912,968.6956046739699,0.032802674062087284,356.43886966535615,5,0,0,17,0.0,538,207.0,0.35643886966535615,393.58085406593074,254157.17433191766,815.8590817462714,500000.0,0.41916432023398925,0,15,45.18363363980908,8,E5,supervised,16.0,1,marketplace
5.105041681630001,11.917650345837734,5.748915110623391,12.568922453051934,5.804346150159783,10.559304557503857,36.08419072951983,36.08419072951983,41.101748138852145,51.03419246237836,23.422939092016687,28.972819365853866,3.5706325500131118,5.5934091747244565,6.477590327612961,11.917650345837734,1.0,1.0,47374.080402398526,549779.8663554897,548779.8663554897,604,0.9981810901759116,0.0,0.0,1000.0,20.399556270337115,25.382608026528942,28.168468878954222,23.038586998940467,5.105041681630001,460.318261271794,2050.1254501169724,1011.0777114554733,0.49317845959025824,1134.5934404988586,0.03558904833247684,387.48456070599866,4,0,2,23,0.0,571,207.0,0.3874845607059987,377.9065109257564,234128.86001708312,885.7835148796865,500000.0,0.38441676334848,0,13,36.44666791469508,9,E5,supervised,16.0,1,marketplace
2.2985999923516665,2.7950995544200623,4.407723315258522,7.053902860730363,5.620095667489039,10.274981424893209,,,,,22.849610848896546,28.81176923259911,3.0222719182369473,6.062837536367556,5.013909491373781,2.7950995544200623,1.0,1.0,13819.243346008723,516514.44304295897,516514.44304295897,540,1.0,0.0,0.0,0.0,21.42116869515842,25.70470829303956,28.811769232597726,22.274535577053097,2.2985999923516665,424.7142270199004,1684.0032527009737,840.7363321342692,0.49924863909010375,910.185999683791,0.027905944558111274,304.16348185595876,1,0,2,17,0.0,520,207.0,0.30416348185595876,401.35211371933366,263968.4615732562,785.3368627688319,500000.0,0.3555301211225461,0,10,26.16744834583803,10,E5,supervised,16.0,1,marketplace
5.263808027103837,11.414764079273482,8.520980058975056,15.981611072909075,3.2417442918217376,5.731484531760042,,,7.552558473439603,7.552558473439603,23.61143897057483,28.972819365853912,2.7018388861143063,3.918979080091777,4.750097368151257,11.414764079273482,0.9523809523809523,1.0,26006.043708159235,531772.2574830158,531772.2574830158,543,1.0,0.0,0.0,0.0,22.11643876185443,25.704708293039516,28.811769232597726,22.562737677776777,5.263808027103837,431.7652599049113,1626.078915273565,799.2914334930539,0.4915452909360087,913.1094540946993,0.029573209435736835,322.96790700894854,3,0,0,20,0.0,514,207.0,0.32296790700894856,389.87172608121745,248344.11088149215,834.8213580387329,500000.0,0.37609790791227643,1,4,12.433225483121547,11,E5,supervised,16.0,1,marketplace
14.84961253331429,41.05624288876735,13.900557244922197,32.80969193667545,4.995980005050114,4.995980005050114,,,,,24.37082642104124,31.51672494755478,3.196996675690246,5.566280269568235,12.628474782083329,41.05624288876735,0.7142857142857143,0.8571428571428571,3605.0987133016765,503977.3460501888,503977.3460501888,521,1.0,0.0,0.0,0.0,23.80065028494863,25.704708293039857,31.507061939559435,24.24611487922998,14.84961253331429,445.4686299752517,1511.680601883942,752.2817113928597,0.49764593820634045,831.247236651876,0.029919487127439123,327.45179446507933,5,0,0,20,0.0,495,207.0,0.3274517944650793,411.3824826043238,280058.99423501076,740.2992086034801,500000.0,0.3913937786201502,0,1,3.662249598907491,12,E5,supervised,16.0,1,marketplace
2.62151995821396,3.719356630929178,2.9687951445968337,3.9938848375770846,5.042998100825685,6.00105370870092,,,,,23.054776778578205,28.972819365853866,2.094570514343445,3.2217360023872974,3.8906631251429897,3.719356630929178,1.0,1.0,6216.486291594783,506496.9548278934,506496.9548278934,522,1.0,0.0,0.0,0.0,22.210439405465166,25.70470829303963,28.972819365853866,22.821595477627977,2.62151995821396,427.1196751817149,1558.9378998088446,783.8573305152707,0.5028149810273947,879.1614865721906,0.02744536641082308,299.86751795955536,3,0,0,15,0.0,505,207.0,0.29986751795955535,409.2815673263023,275383.50290929194,752.7679230162225,500000.0,0.3583793948526039,0,5,13.65311362866234,13,E5,supervised,16.0,1,marketplace
7.879130014787401,20.242950349273084,7.755920742393426,13.845093647914428,6.898283699999553,10.039048874471177,5.694903272366986,6.260903690555369,,,22.873201943069436,28.972819365853866,3.1447494891500747,5.7594259748797425,6.840456123044532,20.242950349273084,0.896551724137931,0.9516129032258065,58929.484502104126,566652.9292862886,566652.9292862886,576,1.0,0.0,0.0,0.0,20.720238345264104,25.382608026528942,28.811769232598408,20.930649345521662,7.879130014787401,429.803144981053,1896.088265700833,949.3177315617987,0.5006716980081681,1075.881034167297,0.03058984232296217,333.54871070265625,0,0,1,23,0.0,552,207.0,0.33354871070265624,365.89160312264454,216988.55201830564,955.5045498124322,500000.0,0.3808839924786807,0,10,26.09750097201811,14,E5,supervised,16.0,1,marketplace
9.201121382717481,22.458385663928766,12.847470373183699,38.132680545839776,6.593765447008578,6.865951412579307,5.817547877295575,6.572374103499351,7.143042659128923,8.176248719180558,24.57611627086812,29.67924491481804,4.268650790642318,6.996300917625564,9.821823920385155,22.458385663928766,0.9142857142857143,0.972972972972973,64862.71277757866,573615.9384122626,573615.9384122626,603,1.0,0.0,0.0,0.0,21.76233527925339,25.382608026528942,28.97281936585432,22.287916226616513,9.201121382717481,459.5405528064841,2080.9253309183036,1026.75321295655,0.49341184794143866,1193.387583097419,0.0367675542456222,400.77413276419804,5,0,2,21,0.0,567,207.0,0.40077413276419804,361.5673140234529,210237.8896744244,986.5052129944141,500000.0,0.39233089837722607,0,11,30.445352400695693,15,E5,supervised,16.0,1,marketplace
4.579431333571521,14.479178295617384,7.6055310576078625,14.741807666480781,33.84632644764497,65.23908835396979,,,,,23.88012891889051,28.972819365853912,2.995194295443639,3.8054034896699704,16.352462854286898,14.479178295617384,1.0,0.9642857142857143,8440.199489225186,509188.49886297405,509188.49886297405,531,1.0,0.0,0.0,0.0,22.943938612726978,25.70470829303963,28.972819365853866,23.61431814815741,4.579431333571521,445.8375635814315,1552.9341563813302,770.7280159212876,0.4963043750143594,850.013899776641,0.027194459916576173,296.6048287264338,1,0,1,17,0.0,504,207.0,0.2966048287264338,407.1117185317874,275155.1888643072,753.3806855845077,500000.0,0.3727376868676089,0,6,15.851629567615955,16,E5,supervised,16.0,1,marketplace
5.711095791423983,7.775537946342591,3.6055627635272947,6.4152587981338005,3.838097498426066,4.89265749178004,,,,,23.52860211674639,28.81176923259909,2.7434520925651937,4.7992426520195295,3.7024522364017827,7.775537946342591,0.9333333333333333,1.0,10188.61735102234,511539.3687118152,511539.3687118152,538,1.0,0.0,0.0,0.0,22.164637351486235,25.70470829303963,28.811769232597726,23.08954959966362,5.711095791423983,436.8391620550337,1633.2835411949768,811.8007628288022,0.49703602733598584,910.5361300492136,0.030251752827085504,330.4733012191567,5,0,0,13,0.0,523,207.0,0.3304733012191567,405.30697338765816,270880.2721032687,765.3952489466554,500000.0,0.3769864138068595,0,6,14.732451798064856,17,E5,supervised,16.0,1,marketplace
3.4694426777211804,5.423807447870786,5.466010587140863,7.405460643817327,4.734664100802911,8.08629505008448,9.652508886433074,17.446105273505964,6.202531654856557,6.931503624413653,23.25431193017529,28.972819365853866,5.8990088596223815,9.461526403689376,5.922423248453249,5.423807447870786,1.0,1.0,68261.72443658626,577118.2182746406,576118.2182746406,575,0.9982672527597732,0.0,0.0,1000.0,20.86552903643351,25.382608026528942,28.811769232598476,21.113763083000023,3.4694426777211804,437.34790632680046,1861.4529565418318,916.4621125253309,0.49233697220472067,1044.4874462880975,0.03177933299527196,347.3173248545007,2,0,4,22,0.0,549,207.0,0.34731732485450073,359.90411472461057,214681.93483038596,965.83495713635,500000.0,0.3505895104458072,1,4,9.764275488896569,18,E5,supervised,16.0,1,marketplace
9.789262811736226,35.80854814767081,6.397579503208629,7.770236570426598,9.642598639392693,29.218179789552053,,,114.13478743119595,114.13478743119595,24.29971437996863,29.892355311750094,3.0390296648777246,4.277065627633817,7.542880374803004,35.80854814767081,0.8285714285714286,0.9855072463768116,37728.11627304937,538786.9281851918,536786.9281851918,582,0.9962879574552103,0.0,0.0,2000.0,22.091101538003322,25.382608026528942,30.120925870986586,25.554738084887752,9.789262811736226,495.95406000535564,1935.5164214202714,959.4649255894676,0.49571520808147806,1037.402600039612,0.03513493204010575,382.8275428398219,2,1,2,19,0.0,544,207.0,0.3828275428398219,386.34105387769915,243321.2229142499,852.3006133991225,500000.0,0.3535024780884825,0,14,35.56524054623648,19,E5,supervised,16.0,1,marketplace
3.1627317602617118,2.656517120889805,3.7634677639896554,6.811506724347375,3.160226422452259,5.185900447480094,,,,,23.243932448283214,28.895018437183445,3.887811458957644,7.886180835927007,3.572970498241004,2.656517120889805,0.9583333333333334,1.0,13968.57625752051,515078.73700219905,515078.73700219905,554,1.0,0.0,0.0,0.0,21.315025544951265,25.67268945002388,28.811769232597726,22.66268650005727,3.1627317602617118,429.682623853238,1792.6944969992874,897.3964952753346,0.5005852903422459,979.4112481008099,0.03041276006105437,331.7281025619692,3,0,0,13,0.0,536,207.0,0.3317281025619692,402.52433891806487,267382.5803274296,775.4122495514446,500000.0,0.36336925430628675,0,6,22.908477153082163,0,E5,supervised,16.0,2,marketplace
2.2127483710975335,2.4224557449181474,4.103704859013457,5.340890494908763,4.446788411955867,5.739475942319951,11.812385565633727,20.39504574601324,,,23.496142703457366,29.778070032131108,3.712457030986343,5.37320375176496,5.878094850768662,2.4224557449181474,1.0,1.0,22776.714596747763,525519.2910413912,524519.2910413912,535,0.9980971202826477,0.0,0.0,1000.0,22.179527031251133,25.70470829303963,29.150004486482448,22.704889432714445,2.2127483710975335,429.8624463522208,1678.8190902623937,844.8305569353865,0.5032290625211692,945.5582946912032,0.031050881324671115,337.78781486274784,4,0,4,21,0.0,507,207.0,0.33778781486274784,395.29106241871506,255394.26467809553,811.8341579682526,500000.0,0.3911739292288396,0,9,33.257644095759126,1,E5,supervised,16.0,2,marketplace
10.44602285763947,21.48931472049217,6.117500069782409,8.801570957394505,7.404523931840989,13.33280851601512,5.038185534366903,5.3284994445765275,,,22.647073494315674,28.811769232597726,7.080406797181488,6.10432563082486,6.465219701127438,21.48931472049217,0.9090909090909091,0.9473684210526315,29310.196036041838,532277.3226155266,516873.34282247716,548,0.9710602365748803,14403.979793049497,0.02706104352195697,1000.0,21.372317822114283,25.704708293036674,28.811769232597726,22.086402269515588,10.44602285763947,421.1750081319241,1711.6243082047313,840.4291883859419,0.491012650590036,936.4742922935192,0.031708998344917964,346.35296476262306,4,0,1,18,0.0,527,207.0,0.34635296476262306,401.1550524786433,263895.7693130152,785.7130620340581,500000.0,0.3969023214228349,0,7,18.649708771619657,2,E5,supervised,16.0,2,marketplace
2.799352800652415,5.0965100446916045,4.282086323233015,6.063125780852897,5.995018734539599,13.078595942571473,25.443828654480058,25.443828654480058,53.04494901963517,53.04494901963517,24.018609086438616,28.972819365853866,4.302764124941242,4.7511081782655324,5.877547425079385,5.0965100446916045,1.0,1.0,28096.063942230638,531327.860284328,530327.860284328,561,0.998117922897051,0.0,0.0,1000.0,21.93229203835756,25.70470829303963,28.811769232598976,23.648060232415823,2.799352800652415,464.5706233996174,1857.7462791345072,909.0531801001899,0.48933118064093367,997.987687407889,0.03135891895103743,342.83036100744357,3,0,3,14,0.0,545,207.0,0.3428303610074436,390.9710311086493,249478.2802629095,831.1057385135965,500000.0,0.34921441414298277,0,2,6.686917343769473,3,E5,supervised,16.0,2,marketplace
2.582729817102126,4.2632833351477535,4.714872425240401,6.530224900881786,3.176458417013186,5.7407836909238545,,,66.38753634606803,114.98806205078465,24.029174402586232,28.972819365853912,7.1079966687070915,5.3018852650322525,3.9004179502965814,4.2632833351477535,1.0,1.0,32491.15341102122,538255.453584505,538255.4535845051,550,1.0000000000000002,0.0,0.0,0.0,22.459204495529683,25.673315795483518,28.82787424592498,25.953784983007136,2.582729817102126,516.0467970828281,1721.8331491310917,853.2004038861809,0.4955186304298655,920.0992306287108,0.03039545868387501,331.6313540350267,4,0,1,19,4046.004294015581,525,207.0,0.3316313540350267,385.1918823549539,249423.9565487548,831.2418511150834,500000.0,0.3486910272354658,0,7,19.816906516895337,4,E5,supervised,16.0,2,marketplace
7.202340548153274,11.258103236943889,8.838071890040892,24.687377975673574,14.860532580875827,51.03152982657666,29.155470469114942,54.04262756152548,,,23.605846114265276,29.065357195645078,3.39721049542414,6.907897255475461,14.90903850280068,11.258103236943889,0.9259259259259259,0.8947368421052632,43452.69323580841,547328.4080016714,546328.4080016714,572,0.998172943363837,0.0,0.0,1000.0,21.810151973477833,25.382608026528942,29.489149603836175,23.53273016920249,7.202340548153274,462.92025601556173,1849.8265288034154,918.4761226105833,0.49652013759620567,1024.8523156001,0.033385472980324654,363.9332199039952,5,0,0,22,0.0,543,207.0,0.36393321990399524,379.5591263108354,233994.34373499607,886.1920758851692,500000.0,0.37928530804022725,0,9,27.06171974826643,5,E5,supervised,16.0,2,marketplace
2.50762406994757,3.031895636105475,4.022007592783019,5.210964119650089,4.524345427485222,8.723736898039627,32.35122322221804,39.152079217506504,,,24.204784593483062,29.77807003213102,6.2494088205415625,9.93058768592064,8.890058732810331,3.031895636105475,1.0,1.0,31608.77227884693,533346.8920584851,533346.8920584851,565,1.0,0.0,0.0,0.0,22.065857513193894,25.7047082930396,29.583382780671183,23.86815254142566,2.50762406994757,458.0895655023109,1837.1226013556532,926.1694081524176,0.5041413172256315,998.8634925967821,0.03334453764906593,363.37663077415596,5,0,0,22,0.0,535,207.0,0.36337663077415594,388.7964469623934,247989.6234041998,836.177634306865,500000.0,0.4164872451027657,0,10,30.944205289756084,6,E5,supervised,16.0,2,marketplace
3.55937473343252,3.8336318229792585,16.279264680313744,56.2203190180493,2.234954290374633,2.503825920709443,6.063349301183067,6.718543137484451,11.838310601135902,11.838310601135902,23.89933526191238,29.72163906982086,3.939475138975962,5.39598394761562,10.161322002492353,3.8336318229792585,0.972972972972973,0.9508196721311475,40773.60461111535,544565.4292464787,543565.4292464787,581,0.9981636733690867,0.0,0.0,1000.0,21.328682792206113,25.704708293036674,28.972819365853866,22.44534833662973,3.55937473343252,447.36436856039046,1896.7116905339328,936.4671809804191,0.4937319602415691,1019.7706225606273,0.03109081447145497,338.6535267886587,1,0,1,16,99.38937189467718,556,207.0,0.3386535267886587,381.44194308717033,238642.1178391648,868.8267410806611,500000.0,0.3683962350964404,0,12,31.027658692190975,7,E5,supervised,16.0,2,marketplace
3.990878335532129,10.675146294068513,9.311185738893755,18.5124667473708,4.42535428042215,5.970915850418534,5.016140661867894,5.018809284742156,,,23.747932369130716,29.778070032130927,5.5528183648113965,4.99718314029783,6.176146646972773,10.675146294068513,1.0,1.0,38363.5914215517,540361.5398106,526845.8481339898,560,0.9749876875372228,13515.69167661024,0.02501231246277737,0.0,21.754327386092445,25.704708293039516,28.972819365853912,22.80701157885499,3.990878335532129,438.58289660809595,1760.4668396644895,877.3454695133534,0.498359554264912,968.6956046739699,0.032802674062087284,356.43886966535615,5,0,0,17,0.0,538,207.0,0.35643886966535615,393.58085406593074,254157.17433191766,815.8590817462714,500000.0,0.41916432023398925,0,15,45.18363363980908,8,E5,supervised,16.0,2,marketplace
5.105041681630001,11.917650345837734,5.748915110623391,12.568922453051934,5.804346150159783,10.559304557503857,36.08419072951983,36.08419072951983,41.101748138852145,51.03419246237836,23.422939092016687,28.972819365853866,3.5706325500131118,5.5934091747244565,6.477590327612961,11.917650345837734,1.0,1.0,47374.080402398526,549779.8663554897,548779.8663554897,604,0.9981810901759116,0.0,0.0,1000.0,20.399556270337115,25.382608026528942,28.168468878954222,23.038586998940467,5.105041681630001,460.318261271794,2050.1254501169724,1011.0777114554733,0.49317845959025824,1134.5934404988586,0.03558904833247684,387.48456070599866,4,0,2,23,0.0,571,207.0,0.3874845607059987,377.9065109257564,234128.86001708312,885.7835148796865,500000.0,0.38441676334848,0,13,36.44666791469508,9,E5,supervised,16.0,2,marketplace
2.2985999923516665,2.7950995544200623,4.407723315258522,7.053902860730363,5.620095667489039,10.274981424893209,,,,,22.849610848896546,28.81176923259911,3.0222719182369473,6.062837536367556,5.013909491373781,2.7950995544200623,1.0,1.0,13819.243346008723,516514.44304295897,516514.44304295897,540,1.0,0.0,0.0,0.0,21.42116869515842,25.70470829303956,28.811769232597726,22.274535577053097,2.2985999923516665,424.7142270199004,1684.0032527009737,840.7363321342692,0.49924863909010375,910.185999683791,0.027905944558111274,304.16348185595876,1,0,2,17,0.0,520,207.0,0.30416348185595876,401.35211371933366,263968.4615732562,785.3368627688319,500000.0,0.3555301211225461,0,10,26.16744834583803,10,E5,supervised,16.0,2,marketplace
5.263808027103837,11.414764079273482,8.658409434587838,16.146526323644416,3.2704887852332605,5.731484531760042,,,7.552558473439603,7.552558473439603,23.60626267572747,28.972819365853912,2.7018388861143063,3.918979080091777,4.809894685048854,11.414764079273482,0.9523809523809523,1.0,26006.043708159235,531772.2574830158,531772.2574830158,543,1.0,0.0,0.0,0.0,22.113214111786075,25.704708293039516,28.811769232597726,22.558144582385133,5.263808027103837,431.7633024338662,1629.385919409345,800.9449355609439,0.49156245062636095,922.6090209348494,0.0296203905575191,323.4845402924644,3,0,0,19,0.0,515,207.0,0.3234845402924644,389.87269761231227,248344.72973638674,834.8213580387329,500000.0,0.3758897749873065,0,4,12.433225483121547,11,E5,supervised,16.0,2,marketplace
14.84961253331429,41.05624288876735,13.900557244922197,32.80969193667545,4.995980005050114,4.995980005050114,,,,,24.37082642104124,31.51672494755478,3.196996675690246,5.566280269568235,12.628474782083329,41.05624288876735,0.7142857142857143,0.8571428571428571,3605.0987133016765,503977.3460501888,503977.3460501888,521,1.0,0.0,0.0,0.0,23.80065028494863,25.704708293039857,31.507061939559435,24.24611487922998,14.84961253331429,445.4686299752517,1511.680601883942,752.2817113928597,0.49764593820634045,831.247236651876,0.029919487127439123,327.45179446507933,5,0,0,20,0.0,495,207.0,0.3274517944650793,411.3824826043238,280058.99423501076,740.2992086034801,500000.0,0.3913937786201502,0,1,3.662249598907491,12,E5,supervised,16.0,2,marketplace
2.62151995821396,3.719356630929178,2.9687951445968337,3.9938848375770846,5.042998100825685,6.00105370870092,,,,,23.054776778578205,28.972819365853866,2.094570514343445,3.2217360023872974,3.8906631251429897,3.719356630929178,1.0,1.0,6216.486291594783,506496.9548278934,506496.9548278934,522,1.0,0.0,0.0,0.0,22.210439405465166,25.70470829303963,28.972819365853866,22.821595477627977,2.62151995821396,427.1196751817149,1558.9378998088446,783.8573305152707,0.5028149810273947,879.1614865721906,0.02744536641082308,299.86751795955536,3,0,0,15,0.0,505,207.0,0.29986751795955535,409.2815673263023,275383.50290929194,752.7679230162225,500000.0,0.3583793948526039,0,5,13.65311362866234,13,E5,supervised,16.0,2,marketplace
7.879130014787401,20.242950349273084,7.755920742393426,13.845093647914428,6.898283699999553,10.039048874471177,5.694903272366986,6.260903690555369,,,22.873201943069436,28.972819365853866,3.1447494891500747,5.7594259748797425,6.840456123044532,20.242950349273084,0.896551724137931,0.9516129032258065,58929.484502104126,566652.9292862886,566652.9292862886,576,1.0,0.0,0.0,0.0,20.720238345264104,25.382608026528942,28.811769232598408,20.930649345521662,7.879130014787401,429.803144981053,1896.088265700833,949.3177315617987,0.5006716980081681,1075.881034167297,0.03058984232296217,333.54871070265625,0,0,1,23,0.0,552,207.0,0.33354871070265624,365.89160312264454,216988.55201830564,955.5045498124322,500000.0,0.3808839924786807,0,10,26.09750097201811,14,E5,supervised,16.0,2,marketplace
9.201121382717481,22.458385663928766,12.847470373183699,38.132680545839776,6.593765447008578,6.865951412579307,5.817547877295575,6.572374103499351,7.143042659128923,8.176248719180558,24.57611627086812,29.67924491481804,4.268650790642318,6.996300917625564,9.821823920385155,22.458385663928766,0.9142857142857143,0.972972972972973,64862.71277757866,573615.9384122626,573615.9384122626,603,1.0,0.0,0.0,0.0,21.76233527925339,25.382608026528942,28.97281936585432,22.287916226616513,9.201121382717481,459.5405528064841,2080.9253309183036,1026.75321295655,0.49341184794143866,1193.387583097419,0.0367675542456222,400.77413276419804,5,0,2,21,0.0,567,207.0,0.40077413276419804,361.5673140234529,210237.8896744244,986.5052129944141,500000.0,0.39233089837722607,0,11,30.445352400695693,15,E5,supervised,16.0,2,marketplace
4.579431333571521,14.479178295617384,7.6055310576078625,14.741807666480781,33.84632644764497,65.23908835396979,,,,,23.88012891889051,28.972819365853912,2.995194295443639,3.8054034896699704,16.352462854286898,14.479178295617384,1.0,0.9642857142857143,8440.199489225186,509188.49886297405,509188.49886297405,531,1.0,0.0,0.0,0.0,22.943938612726978,25.70470829303963,28.972819365853866,23.61431814815741,4.579431333571521,445.8375635814315,1552.9341563813302,770.7280159212876,0.4963043750143594,850.013899776641,0.027194459916576173,296.6048287264338,1,0,1,17,0.0,504,207.0,0.2966048287264338,407.1117185317874,275155.1888643072,753.3806855845077,500000.0,0.3727376868676089,0,6,15.851629567615955,16,E5,supervised,16.0,2,marketplace
5.711095791423983,7.775537946342591,3.6055627635272947,6.4152587981338005,3.838097498426066,4.89265749178004,,,,,23.52860211674639,28.81176923259909,2.7434520925651937,4.7992426520195295,3.7024522364017827,7.775537946342591,0.9333333333333333,1.0,10188.61735102234,511539.3687118152,511539.3687118152,538,1.0,0.0,0.0,0.0,22.164637351486235,25.70470829303963,28.811769232597726,23.08954959966362,5.711095791423983,436.8391620550337,1633.2835411949768,811.8007628288022,0.49703602733598584,910.5361300492136,0.030251752827085504,330.4733012191567,5,0,0,13,0.0,523,207.0,0.3304733012191567,405.30697338765816,270880.2721032687,765.3952489466554,500000.0,0.3769864138068595,0,6,14.732451798064856,17,E5,supervised,16.0,2,marketplace
3.4694426777211804,5.423807447870786,5.466010587140863,7.405460643817327,4.734664100802911,8.08629505008448,9.652508886433074,17.446105273505964,6.202531654856557,6.931503624413653,23.25431193017529,28.972819365853866,5.8341848157892855,9.461526403689376,5.922423248453249,5.423807447870786,1.0,1.0,68261.72443658626,577118.2182746406,576118.2182746406,575,0.9982672527597732,0.0,0.0,1000.0,20.863274287082795,25.382608026528942,28.811769232598476,21.113229328832258,3.4694426777211804,437.33509359762843,1861.4529565418318,916.4621125253309,0.49233697220472067,1044.4874462880975,0.03177933299527196,347.3173248545007,2,0,4,22,0.0,549,207.0,0.34731732485450073,359.90411472461057,214681.93483038596,965.83495713635,500000.0,0.3505895104458072,0,4,9.764275488896569,18,E5,supervised,16.0,2,marketplace
9.789262811736226,35.80854814767081,6.397579503208629,7.770236570426598,9.642598639392693,29.218179789552053,,,114.13478743119595,114.13478743119595,24.29971437996863,29.892355311750094,3.0390296648777246,4.277065627633817,7.542880374803004,35.80854814767081,0.8285714285714286,0.9855072463768116,37728.11627304937,538786.9281851918,536786.9281851918,582,0.9962879574552103,0.0,0.0,2000.0,22.091101538003322,25.382608026528942,30.120925870986586,25.554738084887752,9.789262811736226,495.95406000535564,1935.5164214202714,959.4649255894676,0.49571520808147806,1037.402600039612,0.03513493204010575,382.8275428398219,2,1,2,19,0.0,544,207.0,0.3828275428398219,386.34105387769915,243321.2229142499,852.3006133991225,500000.0,0.3535024780884825,0,14,35.56524054623648,19,E5,supervised,16.0,2,marketplace
3.1627317602617118,2.656517120889805,3.7634677639896554,6.811506724347375,3.160226422452259,5.185900447480094,,,,,23.243932448283214,28.895018437183445,3.887811458957644,7.886180835927007,3.572970498241004,2.656517120889805,0.9583333333333334,1.0,13968.57625752051,515078.73700219905,515078.73700219905,554,1.0,0.0,0.0,0.0,21.315025544951265,25.67268945002388,28.811769232597726,22.66268650005727,3.1627317602617118,429.682623853238,1792.6944969992874,897.3964952753346,0.5005852903422459,979.4112481008099,0.03041276006105437,331.7281025619692,3,0,0,13,0.0,536,207.0,0.3317281025619692,402.52433891806487,267382.5803274296,775.4122495514446,500000.0,0.36336925430628675,0,6,22.908477153082163,0,E5,supervised,16.0,4,marketplace
2.2127483710975335,2.4224557449181474,4.103704859013457,5.340890494908763,4.446788411955867,5.739475942319951,11.812385565633727,20.39504574601324,,,23.496142703457366,29.778070032131108,3.712457030986343,5.37320375176496,5.878094850768662,2.4224557449181474,1.0,1.0,22776.714596747763,525519.2910413912,524519.2910413912,535,0.9980971202826477,0.0,0.0,1000.0,22.179527031251133,25.70470829303963,29.150004486482448,22.704889432714445,2.2127483710975335,429.8624463522208,1678.8190902623937,844.8305569353865,0.5032290625211692,945.5582946912032,0.031050881324671115,337.78781486274784,4,0,4,21,0.0,507,207.0,0.33778781486274784,395.29106241871506,255394.26467809553,811.8341579682526,500000.0,0.3911739292288396,0,9,33.257644095759126,1,E5,supervised,16.0,4,marketplace
10.44602285763947,21.48931472049217,6.117500069782409,8.801570957394505,7.404523931840989,13.33280851601512,5.038185534366903,5.3284994445765275,,,22.647073494315674,28.811769232597726,7.080406797181488,6.10432563082486,6.465219701127438,21.48931472049217,0.9090909090909091,0.9473684210526315,29310.196036041838,532277.3226155266,516873.34282247716,548,0.9710602365748803,14403.979793049497,0.02706104352195697,1000.0,21.372317822114283,25.704708293036674,28.811769232597726,22.086402269515588,10.44602285763947,421.1750081319241,1711.6243082047313,840.4291883859419,0.491012650590036,936.4742922935192,0.031708998344917964,346.35296476262306,4,0,1,18,0.0,527,207.0,0.34635296476262306,401.1550524786433,263895.7693130152,785.7130620340581,500000.0,0.3969023214228349,0,7,18.649708771619657,2,E5,supervised,16.0,4,marketplace
2.799352800652415,5.0965100446916045,4.282086323233015,6.063125780852897,5.995018734539599,13.078595942571473,25.443828654480058,25.443828654480058,53.04494901963517,53.04494901963517,24.018609086438616,28.972819365853866,4.302764124941242,4.7511081782655324,5.877547425079385,5.0965100446916045,1.0,1.0,28096.063942230638,531327.860284328,530327.860284328,561,0.998117922897051,0.0,0.0,1000.0,21.93229203835756,25.70470829303963,28.811769232598976,23.648060232415823,2.799352800652415,464.5706233996174,1857.7462791345072,909.0531801001899,0.48933118064093367,997.987687407889,0.03135891895103743,342.83036100744357,3,0,3,14,0.0,545,207.0,0.3428303610074436,390.9710311086493,249478.2802629095,831.1057385135965,500000.0,0.34921441414298277,0,2,6.686917343769473,3,E5,supervised,16.0,4,marketplace
2.582729817102126,4.2632833351477535,4.714872425240401,6.530224900881786,3.176458417013186,5.7407836909238545,,,66.38753634606803,114.98806205078465,24.029174402586232,28.972819365853912,7.1079966687070915,5.3018852650322525,3.9004179502965814,4.2632833351477535,1.0,1.0,32491.15341102122,538255.453584505,538255.4535845051,550,1.0000000000000002,0.0,0.0,0.0,22.459204495529683,25.673315795483518,28.82787424592498,25.953784983007136,2.582729817102126,516.0467970828281,1721.8331491310917,853.2004038861809,0.4955186304298655,920.0992306287108,0.03039545868387501,331.6313540350267,4,0,1,19,4046.004294015581,525,207.0,0.3316313540350267,385.1918823549539,249423.9565487548,831.2418511150834,500000.0,0.3486910272354658,0,7,19.816906516895337,4,E5,supervised,16.0,4,marketplace
7.202340548153274,11.258103236943889,8.838071890040892,24.687377975673574,14.860532580875827,51.03152982657666,29.155470469114942,54.04262756152548,,,23.605846114265276,29.065357195645078,3.39721049542414,6.907897255475461,14.90903850280068,11.258103236943889,0.9259259259259259,0.8947368421052632,43452.69323580841,547328.4080016714,546328.4080016714,572,0.998172943363837,0.0,0.0,1000.0,21.810151973477833,25.382608026528942,29.489149603836175,23.53273016920249,7.202340548153274,462.92025601556173,1849.8265288034154,918.4761226105833,0.49652013759620567,1024.8523156001,0.033385472980324654,363.9332199039952,5,0,0,22,0.0,543,207.0,0.36393321990399524,379.5591263108354,233994.34373499607,886.1920758851692,500000.0,0.37928530804022725,0,9,27.06171974826643,5,E5,supervised,16.0,4,marketplace
2.50762406994757,3.031895636105475,4.022007592783019,5.210964119650089,4.524345427485222,8.723736898039627,32.35122322221804,39.152079217506504,,,24.204784593483062,29.77807003213102,6.2494088205415625,9.93058768592064,8.890058732810331,3.031895636105475,1.0,1.0,31608.77227884693,533346.8920584851,533346.8920584851,565,1.0,0.0,0.0,0.0,22.065857513193894,25.7047082930396,29.583382780671183,23.86815254142566,2.50762406994757,458.0895655023109,1837.1226013556532,926.1694081524176,0.5041413172256315,998.8634925967821,0.03334453764906593,363.37663077415596,5,0,0,22,0.0,535,207.0,0.36337663077415594,388.7964469623934,247989.6234041998,836.177634306865,500000.0,0.4164872451027657,0,10,30.944205289756084,6,E5,supervised,16.0,4,marketplace
3.55937473343252,3.8336318229792585,16.279264680313744,56.2203190180493,2.234954290374633,2.503825920709443,6.063349301183067,6.718543137484451,11.838310601135902,11.838310601135902,23.89933526191238,29.72163906982086,3.939475138975962,5.39598394761562,10.161322002492353,3.8336318229792585,0.972972972972973,0.9508196721311475,40773.60461111535,544565.4292464787,543565.4292464787,581,0.9981636733690867,0.0,0.0,1000.0,21.328682792206113,25.704708293036674,28.972819365853866,22.44534833662973,3.55937473343252,447.36436856039046,1896.7116905339328,936.4671809804191,0.4937319602415691,1019.7706225606273,0.03109081447145497,338.6535267886587,1,0,1,16,99.38937189467718,556,207.0,0.3386535267886587,381.44194308717033,238642.1178391648,868.8267410806611,500000.0,0.3683962350964404,0,12,31.027658692190975,7,E5,supervised,16.0,4,marketplace
3.990878335532129,10.675146294068513,9.311185738893755,18.5124667473708,4.42535428042215,5.970915850418534,5.016140661867894,5.018809284742156,,,23.747932369130716,29.778070032130927,5.5528183648113965,4.99718314029783,6.176146646972773,10.675146294068513,1.0,1.0,38363.5914215517,540361.5398106,526845.8481339898,560,0.9749876875372228,13515.69167661024,0.02501231246277737,0.0,21.754327386092445,25.704708293039516,28.972819365853912,22.80701157885499,3.990878335532129,438.58289660809595,1760.4668396644895,877.3454695133534,0.498359554264912,968.6956046739699,0.032802674062087284,356.43886966535615,5,0,0,17,0.0,538,207.0,0.35643886966535615,393.58085406593074,254157.17433191766,815.8590817462714,500000.0,0.41916432023398925,0,15,45.18363363980908,8,E5,supervised,16.0,4,marketplace
5.105041681630001,11.917650345837734,5.748915110623391,12.568922453051934,5.804346150159783,10.559304557503857,36.08419072951983,36.08419072951983,41.101748138852145,51.03419246237836,23.422939092016687,28.972819365853866,3.5706325500131118,5.5934091747244565,6.477590327612961,11.917650345837734,1.0,1.0,47374.080402398526,549779.8663554897,548779.8663554897,604,0.9981810901759116,0.0,0.0,1000.0,20.399556270337115,25.382608026528942,28.168468878954222,23.038586998940467,5.105041681630001,460.318261271794,2050.1254501169724,1011.0777114554733,0.49317845959025824,1134.5934404988586,0.03558904833247684,387.48456070599866,4,0,2,23,0.0,571,207.0,0.3874845607059987,377.9065109257564,234128.86001708312,885.7835148796865,500000.0,0.38441676334848,0,13,36.44666791469508,9,E5,supervised,16.0,4,marketplace
2.2985999923516665,2.7950995544200623,4.407723315258522,7.053902860730363,5.620095667489039,10.274981424893209,,,,,22.849610848896546,28.81176923259911,3.0222719182369473,6.062837536367556,5.013909491373781,2.7950995544200623,1.0,1.0,13819.243346008723,516514.44304295897,516514.44304295897,540,1.0,0.0,0.0,0.0,21.42116869515842,25.70470829303956,28.811769232597726,22.274535577053097,2.2985999923516665,424.7142270199004,1684.0032527009737,840.7363321342692,0.49924863909010375,910.185999683791,0.027905944558111274,304.16348185595876,1,0,2,17,0.0,520,207.0,0.30416348185595876,401.35211371933366,263968.4615732562,785.3368627688319,500000.0,0.3555301211225461,0,10,26.16744834583803,10,E5,supervised,16.0,4,marketplace
5.263808027103837,11.414764079273482,8.658409434587838,16.146526323644416,3.2704887852332605,5.731484531760042,,,7.552558473439603,7.552558473439603,23.60626267572747,28.972819365853912,2.7018388861143063,3.918979080091777,4.809894685048854,11.414764079273482,0.9523809523809523,1.0,26006.043708159235,531772.2574830158,531772.2574830158,543,1.0,0.0,0.0,0.0,22.113214111786075,25.704708293039516,28.811769232597726,22.558144582385133,5.263808027103837,431.7633024338662,1629.385919409345,800.9449355609439,0.49156245062636095,922.6090209348494,0.0296203905575191,323.4845402924644,3,0,0,19,0.0,515,207.0,0.3234845402924644,389.87269761231227,248344.72973638674,834.8213580387329,500000.0,0.3758897749873065,0,4,12.433225483121547,11,E5,supervised,16.0,4,marketplace
14.84961253331429,41.05624288876735,13.900557244922197,32.80969193667545,4.995980005050114,4.995980005050114,,,,,24.37082642104124,31.51672494755478,3.196996675690246,5.566280269568235,12.628474782083329,41.05624288876735,0.7142857142857143,0.8571428571428571,3605.0987133016765,503977.3460501888,503977.3460501888,521,1.0,0.0,0.0,0.0,23.80065028494863,25.704708293039857,31.507061939559435,24.24611487922998,14.84961253331429,445.4686299752517,1511.680601883942,752.2817113928597,0.49764593820634045,831.247236651876,0.029919487127439123,327.45179446507933,5,0,0,20,0.0,495,207.0,0.3274517944650793,411.3824826043238,280058.99423501076,740.2992086034801,500000.0,0.3913937786201502,0,1,3.662249598907491,12,E5,supervised,16.0,4,marketplace
2.62151995821396,3.719356630929178,2.9687951445968337,3.9938848375770846,5.042998100825685,6.00105370870092,,,,,23.054776778578205,28.972819365853866,2.094570514343445,3.2217360023872974,3.8906631251429897,3.719356630929178,1.0,1.0,6216.486291594783,506496.9548278934,506496.9548278934,522,1.0,0.0,0.0,0.0,22.210439405465166,25.70470829303963,28.972819365853866,22.821595477627977,2.62151995821396,427.1196751817149,1558.9378998088446,783.8573305152707,0.5028149810273947,879.1614865721906,0.02744536641082308,299.86751795955536,3,0,0,15,0.0,505,207.0,0.29986751795955535,409.2815673263023,275383.50290929194,752.7679230162225,500000.0,0.3583793948526039,0,5,13.65311362866234,13,E5,supervised,16.0,4,marketplace
7.879130014787401,20.242950349273084,7.755920742393426,13.845093647914428,6.898283699999553,10.039048874471177,5.694903272366986,6.260903690555369,,,22.873201943069436,28.972819365853866,3.1447494891500747,5.7594259748797425,6.840456123044532,20.242950349273084,0.896551724137931,0.9516129032258065,58929.484502104126,566652.9292862886,566652.9292862886,576,1.0,0.0,0.0,0.0,20.720238345264104,25.382608026528942,28.811769232598408,20.930649345521662,7.879130014787401,429.803144981053,1896.088265700833,949.3177315617987,0.5006716980081681,1075.881034167297,0.03058984232296217,333.54871070265625,0,0,1,23,0.0,552,207.0,0.33354871070265624,365.89160312264454,216988.55201830564,955.5045498124322,500000.0,0.3808839924786807,0,10,26.09750097201811,14,E5,supervised,16.0,4,marketplace
9.201121382717481,22.458385663928766,12.847470373183699,38.132680545839776,6.593765447008578,6.865951412579307,5.817547877295575,6.572374103499351,7.143042659128923,8.176248719180558,24.57611627086812,29.67924491481804,4.268650790642318,6.996300917625564,9.821823920385155,22.458385663928766,0.9142857142857143,0.972972972972973,64862.71277757866,573615.9384122626,573615.9384122626,603,1.0,0.0,0.0,0.0,21.76233527925339,25.382608026528942,28.97281936585432,22.287916226616513,9.201121382717481,459.5405528064841,2080.9253309183036,1026.75321295655,0.49341184794143866,1193.387583097419,0.0367675542456222,400.77413276419804,5,0,2,21,0.0,567,207.0,0.40077413276419804,361.5673140234529,210237.8896744244,986.5052129944141,500000.0,0.39233089837722607,0,11,30.445352400695693,15,E5,supervised,16.0,4,marketplace
4.579431333571521,14.479178295617384,7.6055310576078625,14.741807666480781,33.84632644764497,65.23908835396979,,,,,23.88012891889051,28.972819365853912,2.995194295443639,3.8054034896699704,16.352462854286898,14.479178295617384,1.0,0.9642857142857143,8440.199489225186,509188.49886297405,509188.49886297405,531,1.0,0.0,0.0,0.0,22.943938612726978,25.70470829303963,28.972819365853866,23.61431814815741,4.579431333571521,445.8375635814315,1552.9341563813302,770.7280159212876,0.4963043750143594,850.013899776641,0.027194459916576173,296.6048287264338,1,0,1,17,0.0,504,207.0,0.2966048287264338,407.1117185317874,275155.1888643072,753.3806855845077,500000.0,0.3727376868676089,0,6,15.851629567615955,16,E5,supervised,16.0,4,marketplace
5.711095791423983,7.775537946342591,3.6055627635272947,6.4152587981338005,3.838097498426066,4.89265749178004,,,,,23.52860211674639,28.81176923259909,2.7434520925651937,4.7992426520195295,3.7024522364017827,7.775537946342591,0.9333333333333333,1.0,10188.61735102234,511539.3687118152,511539.3687118152,538,1.0,0.0,0.0,0.0,22.164637351486235,25.70470829303963,28.811769232597726,23.08954959966362,5.711095791423983,436.8391620550337,1633.2835411949768,811.8007628288022,0.49703602733598584,910.5361300492136,0.030251752827085504,330.4733012191567,5,0,0,13,0.0,523,207.0,0.3304733012191567,405.30697338765816,270880.2721032687,765.3952489466554,500000.0,0.3769864138068595,0,6,14.732451798064856,17,E5,supervised,16.0,4,marketplace
3.4694426777211804,5.423807447870786,5.466010587140863,7.405460643817327,4.734664100802911,8.08629505008448,9.652508886433074,17.446105273505964,6.202531654856557,6.931503624413653,23.25431193017529,28.972819365853866,5.8341848157892855,9.461526403689376,5.922423248453249,5.423807447870786,1.0,1.0,68261.72443658626,577118.2182746406,576118.2182746406,575,0.9982672527597732,0.0,0.0,1000.0,20.863274287082795,25.382608026528942,28.811769232598476,21.113229328832258,3.4694426777211804,437.33509359762843,1861.4529565418318,916.4621125253309,0.49233697220472067,1044.4874462880975,0.03177933299527196,347.3173248545007,2,0,4,22,0.0,549,207.0,0.34731732485450073,359.90411472461057,214681.93483038596,965.83495713635,500000.0,0.3505895104458072,0,4,9.764275488896569,18,E5,supervised,16.0,4,marketplace
9.789262811736226,35.80854814767081,6.397579503208629,7.770236570426598,9.642598639392693,29.218179789552053,,,114.13478743119595,114.13478743119595,24.29971437996863,29.892355311750094,3.0390296648777246,4.277065627633817,7.542880374803004,35.80854814767081,0.8285714285714286,0.9855072463768116,37728.11627304937,538786.9281851918,536786.9281851918,582,0.9962879574552103,0.0,0.0,2000.0,22.091101538003322,25.382608026528942,30.120925870986586,25.554738084887752,9.789262811736226,495.95406000535564,1935.5164214202714,959.4649255894676,0.49571520808147806,1037.402600039612,0.03513493204010575,382.8275428398219,2,1,2,19,0.0,544,207.0,0.3828275428398219,386.34105387769915,243321.2229142499,852.3006133991225,500000.0,0.3535024780884825,0,14,35.56524054623648,19,E5,supervised,16.0,4,marketplace
3.173115479800894,2.656517120889805,3.709242524235221,6.268754272076103,2.8214438451182864,4.169552715478176,,,,,23.251682811643448,28.972819365853866,3.887811458957644,7.886180835927007,3.428885046619347,2.656517120889805,0.9583333333333334,1.0,13968.57625752051,515078.73700219905,515078.73700219905,554,1.0,0.0,0.0,0.0,21.317528735146652,25.425165379100463,28.81176923259868,22.663862010663372,3.173115479800894,429.7051533638227,1787.5729869507609,894.7608934455645,0.50054509660713,964.9721959547619,0.030343298775011473,330.9675014797995,3,0,0,14,0.0,535,207.0,0.33096750147979953,402.52286224852384,267381.5994284528,775.4122495514446,500000.0,0.36135010922496197,1,6,22.908477153082163,0,E5,supervised,602.6,1,marketplace
2.2127483710975335,2.4224557449181474,4.103704859013457,5.340890494908763,4.446788411955867,5.739475942319951,11.812385565633727,20.39504574601324,,,23.496142703457366,29.778070032131108,3.712457030986343,5.37320375176496,5.878094850768662,2.4224557449181474,1.0,1.0,22776.714596747763,525519.2910413912,524519.2910413912,535,0.9980971202826477,0.0,0.0,1000.0,22.179527031251133,25.70470829303963,29.150004486482448,22.704889432714445,2.2127483710975335,429.8624463522208,1678.8190902623937,844.8305569353865,0.5032290625211692,945.5582946912032,0.031050881324671115,337.78781486274784,4,0,4,21,0.0,507,207.0,0.33778781486274784,395.29106241871506,255394.26467809553,811.8341579682526,500000.0,0.3911739292288396,0,9,33.257644095759126,1,E5,supervised,602.6,1,marketplace
10.44602285763947,21.48931472049217,6.117500069782409,8.801570957394505,7.404523931840989,13.33280851601512,5.038185534366903,5.3284994445765275,,,22.647073494315674,28.811769232597726,7.080406797181488,6.10432563082486,6.465219701127438,21.48931472049217,0.9090909090909091,0.9473684210526315,29310.196036041838,532277.3226155266,516873.34282247716,548,0.9710602365748803,14403.979793049497,0.02706104352195697,1000.0,21.372317822114283,25.704708293036674,28.811769232597726,22.086402269515588,10.44602285763947,421.1750081319241,1711.6243082047313,840.4291883859419,0.491012650590036,936.4742922935192,0.031708998344917964,346.35296476262306,4,0,1,18,0.0,527,207.0,0.34635296476262306,401.1550524786433,263895.7693130152,785.7130620340581,500000.0,0.3969023214228349,0,7,18.649708771619657,2,E5,supervised,602.6,1,marketplace
2.7968315969025217,4.887507324559192,4.725345643854474,6.890155613801472,5.796702559793585,12.513367648259235,25.443828654480058,25.443828654480058,53.04494901963517,53.04494901963517,23.973233454966643,28.972819365853866,4.222121317320249,4.7511081782655324,6.035014484271836,4.887507324559192,1.0,1.0,28096.063942230638,531327.860284328,530327.860284328,561,0.998117922897051,0.0,0.0,1000.0,21.896551899896178,25.70470829303963,28.811769232597726,23.600157957076636,2.7968315969025217,464.56231450876146,1864.8372957400425,912.5986884029575,0.48937174867086813,996.8135012761056,0.030889883479505487,337.6944225941688,2,0,3,14,0.0,545,207.0,0.3376944225941688,390.9613466496611,249472.10061791944,831.1057385135965,500000.0,0.35456704755423285,1,2,6.686917343769473,3,E5,supervised,602.6,1,marketplace
2.582729817102126,4.2632833351477535,4.714872425240401,6.530224900881786,3.176458417013186,5.7407836909238545,,,66.38753634606803,114.98806205078465,24.029174402586232,28.972819365853912,7.1079966687070915,5.3018852650322525,3.9004179502965814,4.2632833351477535,1.0,1.0,32491.15341102122,538255.453584505,538255.4535845051,550,1.0000000000000002,0.0,0.0,0.0,22.459204495529683,25.673315795483518,28.82787424592498,25.953784983007136,2.582729817102126,516.0467970828281,1721.8331491310917,853.2004038861809,0.4955186304298655,920.0992306287108,0.03039545868387501,331.6313540350267,4,0,1,19,4046.004294015581,525,207.0,0.3316313540350267,385.1918823549539,249423.9565487548,831.2418511150834,500000.0,0.3486910272354658,0,7,19.816906516895337,4,E5,supervised,602.6,1,marketplace
7.2717786940286535,11.258103236943889,8.99981367589007,24.687377975673574,14.200835968689592,51.03152982657666,29.222653919509412,54.04262756152548,,,23.618040939905008,29.065357195645078,3.342047575242198,6.691131740756816,14.77805582221378,11.258103236943889,0.9259259259259259,0.8947368421052632,43452.69323580841,547328.4080016714,546328.4080016714,572,0.998172943363837,0.0,0.0,1000.0,21.81565540143647,25.487066098326068,29.489149603836175,23.527155486289036,7.2717786940286535,463.1334943132505,1855.0977324629555,922.0938242022332,0.4970594314607878,1027.1394721543052,0.03342920466835502,364.4120818879278,5,0,0,21,0.0,544,207.0,0.3644120818879278,379.5600028202332,233994.88409413147,886.1920758851692,500000.0,0.3795574989486834,3,9,27.06171974826643,5,E5,supervised,602.6,1,marketplace
2.50762406994757,3.031895636105475,4.022007592783019,5.210964119650089,4.524345427485222,8.723736898039627,32.35122322221804,39.152079217506504,,,24.204784593483062,29.77807003213102,6.2494088205415625,9.93058768592064,8.890058732810331,3.031895636105475,1.0,1.0,31608.77227884693,533346.8920584851,533346.8920584851,565,1.0,0.0,0.0,0.0,22.065857513193894,25.7047082930396,29.583382780671183,23.86815254142566,2.50762406994757,458.0895655023109,1837.1226013556532,926.1694081524176,0.5041413172256315,998.8634925967821,0.03334453764906593,363.37663077415596,5,0,0,22,0.0,535,207.0,0.36337663077415594,388.7964469623934,247989.6234041998,836.177634306865,500000.0,0.4164872451027657,0,10,30.944205289756084,6,E5,supervised,602.6,1,marketplace
3.55937473343252,3.8336318229792585,16.279264680313744,56.2203190180493,2.234954290374633,2.503825920709443,6.063349301183067,6.718543137484451,11.838310601135902,11.838310601135902,23.89933526191238,29.72163906982086,3.939475138975962,5.39598394761562,10.161322002492353,3.8336318229792585,0.972972972972973,0.9508196721311475,40773.60461111535,544565.4292464787,543565.4292464787,581,0.9981636733690867,0.0,0.0,1000.0,21.328682792206113,25.704708293036674,28.972819365853866,22.44534833662973,3.55937473343252,447.36436856039046,1896.7116905339328,936.4671809804191,0.4937319602415691,1019.7706225606273,0.03109081447145497,338.6535267886587,1,0,1,16,99.38937189467718,556,207.0,0.3386535267886587,381.44194308717033,238642.1178391648,868.8267410806611,500000.0,0.3683962350964404,0,12,31.027658692190975,7,E5,supervised,602.6,1,marketplace
3.990878335532129,10.675146294068513,9.311185738893755,18.5124667473708,4.42535428042215,5.970915850418534,5.016140661867894,5.018809284742156,,,23.747932369130716,29.778070032130927,5.5528183648113965,4.99718314029783,6.176146646972773,10.675146294068513,1.0,1.0,38363.5914215517,540361.5398106,526845.8481339898,560,0.9749876875372228,13515.69167661024,0.02501231246277737,0.0,21.754327386092445,25.704708293039516,28.972819365853912,22.80701157885499,3.990878335532129,438.58289660809595,1760.4668396644895,877.3454695133534,0.498359554264912,968.6956046739699,0.032802674062087284,356.43886966535615,5,0,0,17,0.0,538,207.0,0.35643886966535615,393.58085406593074,254157.17433191766,815.8590817462714,500000.0,0.41916432023398925,0,15,45.18363363980908,8,E5,supervised,602.6,1,marketplace
5.105041681630001,11.917650345837734,5.748915110623391,12.568922453051934,5.804346150159783,10.559304557503857,36.08419072951983,36.08419072951983,41.101748138852145,51.03419246237836,23.422939092016687,28.972819365853866,3.5706325500131118,5.5934091747244565,6.477590327612961,11.917650345837734,1.0,1.0,47374.080402398526,549779.8663554897,548779.8663554897,604,0.9981810901759116,0.0,0.0,1000.0,20.399556270337115,25.382608026528942,28.168468878954222,23.038586998940467,5.105041681630001,460.318261271794,2050.1254501169724,1011.0777114554733,0.49317845959025824,1134.5934404988586,0.03558904833247684,387.48456070599866,4,0,2,23,0.0,571,207.0,0.3874845607059987,377.9065109257564,234128.86001708312,885.7835148796865,500000.0,0.38441676334848,0,13,36.44666791469508,9,E5,supervised,602.6,1,marketplace
2.2985999923516665,2.7950995544200623,4.407723315258522,7.053902860730363,5.620095667489039,10.274981424893209,,,,,22.849610848896546,28.81176923259911,3.0222719182369473,6.062837536367556,5.013909491373781,2.7950995544200623,1.0,1.0,13819.243346008723,516514.44304295897,516514.44304295897,540,1.0,0.0,0.0,0.0,21.42116869515842,25.70470829303956,28.811769232597726,22.274535577053097,2.2985999923516665,424.7142270199004,1684.0032527009737,840.7363321342692,0.49924863909010375,910.185999683791,0.027905944558111274,304.16348185595876,1,0,2,17,0.0,520,207.0,0.30416348185595876,401.35211371933366,263968.4615732562,785.3368627688319,500000.0,0.3555301211225461,0,10,26.16744834583803,10,E5,supervised,602.6,1,marketplace
5.263808027103837,11.414764079273482,8.520980058975056,15.981611072909075,3.2417442918217376,5.731484531760042,,,7.552558473439603,7.552558473439603,23.61143897057483,28.972819365853912,2.7018388861143063,3.918979080091777,4.750097368151257,11.414764079273482,0.9523809523809523,1.0,26006.043708159235,531772.2574830158,531772.2574830158,543,1.0,0.0,0.0,0.0,22.11643876185443,25.704708293039516,28.811769232597726,22.562737677776777,5.263808027103837,431.7652599049113,1626.078915273565,799.2914334930539,0.4915452909360087,913.1094540946993,0.029573209435736835,322.96790700894854,3,0,0,20,0.0,514,207.0,0.32296790700894856,389.87172608121745,248344.11088149215,834.8213580387329,500000.0,0.37609790791227643,1,4,12.433225483121547,11,E5,supervised,602.6,1,marketplace
14.84961253331429,41.05624288876735,13.900557244922197,32.80969193667545,4.995980005050114,4.995980005050114,,,,,24.37082642104124,31.51672494755478,3.196996675690246,5.566280269568235,12.628474782083329,41.05624288876735,0.7142857142857143,0.8571428571428571,3605.0987133016765,503977.3460501888,503977.3460501888,521,1.0,0.0,0.0,0.0,23.80065028494863,25.704708293039857,31.507061939559435,24.24611487922998,14.84961253331429,445.4686299752517,1511.680601883942,752.2817113928597,0.49764593820634045,831.247236651876,0.029919487127439123,327.45179446507933,5,0,0,20,0.0,495,207.0,0.3274517944650793,411.3824826043238,280058.99423501076,740.2992086034801,500000.0,0.3913937786201502,0,1,3.662249598907491,12,E5,supervised,602.6,1,marketplace
2.62151995821396,3.719356630929178,2.9687951445968337,3.9938848375770846,5.042998100825685,6.00105370870092,,,,,23.054776778578205,28.972819365853866,2.094570514343445,3.2217360023872974,3.8906631251429897,3.719356630929178,1.0,1.0,6216.486291594783,506496.9548278934,506496.9548278934,522,1.0,0.0,0.0,0.0,22.210439405465166,25.70470829303963,28.972819365853866,22.821595477627977,2.62151995821396,427.1196751817149,1558.9378998088446,783.8573305152707,0.5028149810273947,879.1614865721906,0.02744536641082308,299.86751795955536,3,0,0,15,0.0,505,207.0,0.29986751795955535,409.2815673263023,275383.50290929194,752.7679230162225,500000.0,0.3583793948526039,0,5,13.65311362866234,13,E5,supervised,602.6,1,marketplace
7.879130014787401,20.242950349273084,7.755920742393426,13.845093647914428,6.898283699999553,10.039048874471177,5.694903272366986,6.260903690555369,,,22.873201943069436,28.972819365853866,3.1447494891500747,5.7594259748797425,6.840456123044532,20.242950349273084,0.896551724137931,0.9516129032258065,58929.484502104126,566652.9292862886,566652.9292862886,576,1.0,0.0,0.0,0.0,20.720238345264104,25.382608026528942,28.811769232598408,20.930649345521662,7.879130014787401,429.803144981053,1896.088265700833,949.3177315617987,0.5006716980081681,1075.881034167297,0.03058984232296217,333.54871070265625,0,0,1,23,0.0,552,207.0,0.33354871070265624,365.89160312264454,216988.55201830564,955.5045498124322,500000.0,0.3808839924786807,0,10,26.09750097201811,14,E5,supervised,602.6,1,marketplace
9.201121382717481,22.458385663928766,12.847470373183699,38.132680545839776,6.593765447008578,6.865951412579307,5.817547877295575,6.572374103499351,7.143042659128923,8.176248719180558,24.57611627086812,29.67924491481804,4.268650790642318,6.996300917625564,9.821823920385155,22.458385663928766,0.9142857142857143,0.972972972972973,64862.71277757866,573615.9384122626,573615.9384122626,603,1.0,0.0,0.0,0.0,21.76233527925339,25.382608026528942,28.97281936585432,22.287916226616513,9.201121382717481,459.5405528064841,2080.9253309183036,1026.75321295655,0.49341184794143866,1193.387583097419,0.0367675542456222,400.77413276419804,5,0,2,21,0.0,567,207.0,0.40077413276419804,361.5673140234529,210237.8896744244,986.5052129944141,500000.0,0.39233089837722607,0,11,30.445352400695693,15,E5,supervised,602.6,1,marketplace
4.579431333571521,14.479178295617384,7.6055310576078625,14.741807666480781,33.84632644764497,65.23908835396979,,,,,23.88012891889051,28.972819365853912,2.995194295443639,3.8054034896699704,16.352462854286898,14.479178295617384,1.0,0.9642857142857143,8440.199489225186,509188.49886297405,509188.49886297405,531,1.0,0.0,0.0,0.0,22.943938612726978,25.70470829303963,28.972819365853866,23.61431814815741,4.579431333571521,445.8375635814315,1552.9341563813302,770.7280159212876,0.4963043750143594,850.013899776641,0.027194459916576173,296.6048287264338,1,0,1,17,0.0,504,207.0,0.2966048287264338,407.1117185317874,275155.1888643072,753.3806855845077,500000.0,0.3727376868676089,0,6,15.851629567615955,16,E5,supervised,602.6,1,marketplace
5.711095791423983,7.775537946342591,3.6055627635272947,6.4152587981338005,3.838097498426066,4.89265749178004,,,,,23.52860211674639,28.81176923259909,2.7434520925651937,4.7992426520195295,3.7024522364017827,7.775537946342591,0.9333333333333333,1.0,10188.61735102234,511539.3687118152,511539.3687118152,538,1.0,0.0,0.0,0.0,22.164637351486235,25.70470829303963,28.811769232597726,23.08954959966362,5.711095791423983,436.8391620550337,1633.2835411949768,811.8007628288022,0.49703602733598584,910.5361300492136,0.030251752827085504,330.4733012191567,5,0,0,13,0.0,523,207.0,0.3304733012191567,405.30697338765816,270880.2721032687,765.3952489466554,500000.0,0.3769864138068595,0,6,14.732451798064856,17,E5,supervised,602.6,1,marketplace
3.4694426777211804,5.423807447870786,5.466010587140863,7.405460643817327,4.734664100802911,8.08629505008448,9.652508886433074,17.446105273505964,6.202531654856557,6.931503624413653,23.25431193017529,28.972819365853866,5.8990088596223815,9.461526403689376,5.922423248453249,5.423807447870786,1.0,1.0,68261.72443658626,577118.2182746406,576118.2182746406,575,0.9982672527597732,0.0,0.0,1000.0,20.86552903643351,25.382608026528942,28.811769232598476,21.113763083000023,3.4694426777211804,437.34790632680046,1861.4529565418318,916.4621125253309,0.49233697220472067,1044.4874462880975,0.03177933299527196,347.3173248545007,2,0,4,22,0.0,549,207.0,0.34731732485450073,359.90411472461057,214681.93483038596,965.83495713635,500000.0,0.3505895104458072,1,4,9.764275488896569,18,E5,supervised,602.6,1,marketplace
9.789262811736226,35.80854814767081,6.397579503208629,7.770236570426598,9.642598639392693,29.218179789552053,,,114.13478743119595,114.13478743119595,24.29971437996863,29.892355311750094,3.0390296648777246,4.277065627633817,7.542880374803004,35.80854814767081,0.8285714285714286,0.9855072463768116,37728.11627304937,538786.9281851918,536786.9281851918,582,0.9962879574552103,0.0,0.0,2000.0,22.091101538003322,25.382608026528942,30.120925870986586,25.554738084887752,9.789262811736226,495.95406000535564,1935.5164214202714,959.4649255894676,0.49571520808147806,1037.402600039612,0.03513493204010575,382.8275428398219,2,1,2,19,0.0,544,207.0,0.3828275428398219,386.34105387769915,243321.2229142499,852.3006133991225,500000.0,0.3535024780884825,0,14,35.56524054623648,19,E5,supervised,602.6,1,marketplace
3.1627317602617118,2.656517120889805,3.7634677639896554,6.811506724347375,3.160226422452259,5.185900447480094,,,,,23.243932448283214,28.895018437183445,3.887811458957644,7.886180835927007,3.572970498241004,2.656517120889805,0.9583333333333334,1.0,13968.57625752051,515078.73700219905,515078.73700219905,554,1.0,0.0,0.0,0.0,21.315025544951265,25.67268945002388,28.811769232597726,22.66268650005727,3.1627317602617118,429.682623853238,1792.6944969992874,897.3964952753346,0.5005852903422459,979.4112481008099,0.03041276006105437,331.7281025619692,3,0,0,13,0.0,536,207.0,0.3317281025619692,402.52433891806487,267382.5803274296,775.4122495514446,500000.0,0.36336925430628675,0,6,22.908477153082163,0,E5,supervised,602.6,2,marketplace
2.2127483710975335,2.4224557449181474,4.103704859013457,5.340890494908763,4.446788411955867,5.739475942319951,11.812385565633727,20.39504574601324,,,23.496142703457366,29.778070032131108,3.712457030986343,5.37320375176496,5.878094850768662,2.4224557449181474,1.0,1.0,22776.714596747763,525519.2910413912,524519.2910413912,535,0.9980971202826477,0.0,0.0,1000.0,22.179527031251133,25.70470829303963,29.150004486482448,22.704889432714445,2.2127483710975335,429.8624463522208,1678.8190902623937,844.8305569353865,0.5032290625211692,945.5582946912032,0.031050881324671115,337.78781486274784,4,0,4,21,0.0,507,207.0,0.33778781486274784,395.29106241871506,255394.26467809553,811.8341579682526,500000.0,0.3911739292288396,0,9,33.257644095759126,1,E5,supervised,602.6,2,marketplace
10.44602285763947,21.48931472049217,6.117500069782409,8.801570957394505,7.404523931840989,13.33280851601512,5.038185534366903,5.3284994445765275,,,22.647073494315674,28.811769232597726,7.080406797181488,6.10432563082486,6.465219701127438,21.48931472049217,0.9090909090909091,0.9473684210526315,29310.196036041838,532277.3226155266,516873.34282247716,548,0.9710602365748803,14403.979793049497,0.02706104352195697,1000.0,21.372317822114283,25.704708293036674,28.811769232597726,22.086402269515588,10.44602285763947,421.1750081319241,1711.6243082047313,840.4291883859419,0.491012650590036,936.4742922935192,0.031708998344917964,346.35296476262306,4,0,1,18,0.0,527,207.0,0.34635296476262306,401.1550524786433,263895.7693130152,785.7130620340581,500000.0,0.3969023214228349,0,7,18.649708771619657,2,E5,supervised,602.6,2,marketplace
2.799352800652415,5.0965100446916045,4.282086323233015,6.063125780852897,5.995018734539599,13.078595942571473,25.443828654480058,25.443828654480058,53.04494901963517,53.04494901963517,24.018609086438616,28.972819365853866,4.302764124941242,4.7511081782655324,5.877547425079385,5.0965100446916045,1.0,1.0,28096.063942230638,531327.860284328,530327.860284328,561,0.998117922897051,0.0,0.0,1000.0,21.93229203835756,25.70470829303963,28.811769232598976,23.648060232415823,2.799352800652415,464.5706233996174,1857.7462791345072,909.0531801001899,0.48933118064093367,997.987687407889,0.03135891895103743,342.83036100744357,3,0,3,14,0.0,545,207.0,0.3428303610074436,390.9710311086493,249478.2802629095,831.1057385135965,500000.0,0.34921441414298277,0,2,6.686917343769473,3,E5,supervised,602.6,2,marketplace
2.582729817102126,4.2632833351477535,4.714872425240401,6.530224900881786,3.176458417013186,5.7407836909238545,,,66.38753634606803,114.98806205078465,24.029174402586232,28.972819365853912,7.1079966687070915,5.3018852650322525,3.9004179502965814,4.2632833351477535,1.0,1.0,32491.15341102122,538255.453584505,538255.4535845051,550,1.0000000000000002,0.0,0.0,0.0,22.459204495529683,25.673315795483518,28.82787424592498,25.953784983007136,2.582729817102126,516.0467970828281,1721.8331491310917,853.2004038861809,0.4955186304298655,920.0992306287108,0.03039545868387501,331.6313540350267,4,0,1,19,4046.004294015581,525,207.0,0.3316313540350267,385.1918823549539,249423.9565487548,831.2418511150834,500000.0,0.3486910272354658,0,7,19.816906516895337,4,E5,supervised,602.6,2,marketplace
7.202340548153274,11.258103236943889,8.838071890040892,24.687377975673574,14.860532580875827,51.03152982657666,29.155470469114942,54.04262756152548,,,23.605846114265276,29.065357195645078,3.39721049542414,6.907897255475461,14.90903850280068,11.258103236943889,0.9259259259259259,0.8947368421052632,43452.69323580841,547328.4080016714,546328.4080016714,572,0.998172943363837,0.0,0.0,1000.0,21.810151973477833,25.382608026528942,29.489149603836175,23.53273016920249,7.202340548153274,462.92025601556173,1849.8265288034154,918.4761226105833,0.49652013759620567,1024.8523156001,0.033385472980324654,363.9332199039952,5,0,0,22,0.0,543,207.0,0.36393321990399524,379.5591263108354,233994.34373499607,886.1920758851692,500000.0,0.37928530804022725,0,9,27.06171974826643,5,E5,supervised,602.6,2,marketplace
2.50762406994757,3.031895636105475,4.022007592783019,5.210964119650089,4.524345427485222,8.723736898039627,32.35122322221804,39.152079217506504,,,24.204784593483062,29.77807003213102,6.2494088205415625,9.93058768592064,8.890058732810331,3.031895636105475,1.0,1.0,31608.77227884693,533346.8920584851,533346.8920584851,565,1.0,0.0,0.0,0.0,22.065857513193894,25.7047082930396,29.583382780671183,23.86815254142566,2.50762406994757,458.0895655023109,1837.1226013556532,926.1694081524176,0.5041413172256315,998.8634925967821,0.03334453764906593,363.37663077415596,5,0,0,22,0.0,535,207.0,0.36337663077415594,388.7964469623934,247989.6234041998,836.177634306865,500000.0,0.4164872451027657,0,10,30.944205289756084,6,E5,supervised,602.6,2,marketplace
3.55937473343252,3.8336318229792585,16.279264680313744,56.2203190180493,2.234954290374633,2.503825920709443,6.063349301183067,6.718543137484451,11.838310601135902,11.838310601135902,23.89933526191238,29.72163906982086,3.939475138975962,5.39598394761562,10.161322002492353,3.8336318229792585,0.972972972972973,0.9508196721311475,40773.60461111535,544565.4292464787,543565.4292464787,581,0.9981636733690867,0.0,0.0,1000.0,21.328682792206113,25.704708293036674,28.972819365853866,22.44534833662973,3.55937473343252,447.36436856039046,1896.7116905339328,936.4671809804191,0.4937319602415691,1019.7706225606273,0.03109081447145497,338.6535267886587,1,0,1,16,99.38937189467718,556,207.0,0.3386535267886587,381.44194308717033,238642.1178391648,868.8267410806611,500000.0,0.3683962350964404,0,12,31.027658692190975,7,E5,supervised,602.6,2,marketplace
3.990878335532129,10.675146294068513,9.311185738893755,18.5124667473708,4.42535428042215,5.970915850418534,5.016140661867894,5.018809284742156,,,23.747932369130716,29.778070032130927,5.5528183648113965,4.99718314029783,6.176146646972773,10.675146294068513,1.0,1.0,38363.5914215517,540361.5398106,526845.8481339898,560,0.9749876875372228,13515.69167661024,0.02501231246277737,0.0,21.754327386092445,25.704708293039516,28.972819365853912,22.80701157885499,3.990878335532129,438.58289660809595,1760.4668396644895,877.3454695133534,0.498359554264912,968.6956046739699,0.032802674062087284,356.43886966535615,5,0,0,17,0.0,538,207.0,0.35643886966535615,393.58085406593074,254157.17433191766,815.8590817462714,500000.0,0.41916432023398925,0,15,45.18363363980908,8,E5,supervised,602.6,2,marketplace
5.105041681630001,11.917650345837734,5.748915110623391,12.568922453051934,5.804346150159783,10.559304557503857,36.08419072951983,36.08419072951983,41.101748138852145,51.03419246237836,23.422939092016687,28.972819365853866,3.5706325500131118,5.5934091747244565,6.477590327612961,11.917650345837734,1.0,1.0,47374.080402398526,549779.8663554897,548779.8663554897,604,0.9981810901759116,0.0,0.0,1000.0,20.399556270337115,25.382608026528942,28.168468878954222,23.038586998940467,5.105041681630001,460.318261271794,2050.1254501169724,1011.0777114554733,0.49317845959025824,1134.5934404988586,0.03558904833247684,387.48456070599866,4,0,2,23,0.0,571,207.0,0.3874845607059987,377.9065109257564,234128.86001708312,885.7835148796865,500000.0,0.38441676334848,0,13,36.44666791469508,9,E5,supervised,602.6,2,marketplace
2.2985999923516665,2.7950995544200623,4.407723315258522,7.053902860730363,5.620095667489039,10.274981424893209,,,,,22.849610848896546,28.81176923259911,3.0222719182369473,6.062837536367556,5.013909491373781,2.7950995544200623,1.0,1.0,13819.243346008723,516514.44304295897,516514.44304295897,540,1.0,0.0,0.0,0.0,21.42116869515842,25.70470829303956,28.811769232597726,22.274535577053097,2.2985999923516665,424.7142270199004,1684.0032527009737,840.7363321342692,0.49924863909010375,910.185999683791,0.027905944558111274,304.16348185595876,1,0,2,17,0.0,520,207.0,0.30416348185595876,401.35211371933366,263968.4615732562,785.3368627688319,500000.0,0.3555301211225461,0,10,26.16744834583803,10,E5,supervised,602.6,2,marketplace
5.263808027103837,11.414764079273482,8.658409434587838,16.146526323644416,3.2704887852332605,5.731484531760042,,,7.552558473439603,7.552558473439603,23.60626267572747,28.972819365853912,2.7018388861143063,3.918979080091777,4.809894685048854,11.414764079273482,0.9523809523809523,1.0,26006.043708159235,531772.2574830158,531772.2574830158,543,1.0,0.0,0.0,0.0,22.113214111786075,25.704708293039516,28.811769232597726,22.558144582385133,5.263808027103837,431.7633024338662,1629.385919409345,800.9449355609439,0.49156245062636095,922.6090209348494,0.0296203905575191,323.4845402924644,3,0,0,19,0.0,515,207.0,0.3234845402924644,389.87269761231227,248344.72973638674,834.8213580387329,500000.0,0.3758897749873065,0,4,12.433225483121547,11,E5,supervised,602.6,2,marketplace
14.84961253331429,41.05624288876735,13.900557244922197,32.80969193667545,4.995980005050114,4.995980005050114,,,,,24.37082642104124,31.51672494755478,3.196996675690246,5.566280269568235,12.628474782083329,41.05624288876735,0.7142857142857143,0.8571428571428571,3605.0987133016765,503977.3460501888,503977.3460501888,521,1.0,0.0,0.0,0.0,23.80065028494863,25.704708293039857,31.507061939559435,24.24611487922998,14.84961253331429,445.4686299752517,1511.680601883942,752.2817113928597,0.49764593820634045,831.247236651876,0.029919487127439123,327.45179446507933,5,0,0,20,0.0,495,207.0,0.3274517944650793,411.3824826043238,280058.99423501076,740.2992086034801,500000.0,0.3913937786201502,0,1,3.662249598907491,12,E5,supervised,602.6,2,marketplace
2.62151995821396,3.719356630929178,2.9687951445968337,3.9938848375770846,5.042998100825685,6.00105370870092,,,,,23.054776778578205,28.972819365853866,2.094570514343445,3.2217360023872974,3.8906631251429897,3.719356630929178,1.0,1.0,6216.486291594783,506496.9548278934,506496.9548278934,522,1.0,0.0,0.0,0.0,22.210439405465166,25.70470829303963,28.972819365853866,22.821595477627977,2.62151995821396,427.1196751817149,1558.9378998088446,783.8573305152707,0.5028149810273947,879.1614865721906,0.02744536641082308,299.86751795955536,3,0,0,15,0.0,505,207.0,0.29986751795955535,409.2815673263023,275383.50290929194,752.7679230162225,500000.0,0.3583793948526039,0,5,13.65311362866234,13,E5,supervised,602.6,2,marketplace
7.879130014787401,20.242950349273084,7.755920742393426,13.845093647914428,6.898283699999553,10.039048874471177,5.694903272366986,6.260903690555369,,,22.873201943069436,28.972819365853866,3.1447494891500747,5.7594259748797425,6.840456123044532,20.242950349273084,0.896551724137931,0.9516129032258065,58929.484502104126,566652.9292862886,566652.9292862886,576,1.0,0.0,0.0,0.0,20.720238345264104,25.382608026528942,28.811769232598408,20.930649345521662,7.879130014787401,429.803144981053,1896.088265700833,949.3177315617987,0.5006716980081681,1075.881034167297,0.03058984232296217,333.54871070265625,0,0,1,23,0.0,552,207.0,0.33354871070265624,365.89160312264454,216988.55201830564,955.5045498124322,500000.0,0.3808839924786807,0,10,26.09750097201811,14,E5,supervised,602.6,2,marketplace
9.201121382717481,22.458385663928766,12.847470373183699,38.132680545839776,6.593765447008578,6.865951412579307,5.817547877295575,6.572374103499351,7.143042659128923,8.176248719180558,24.57611627086812,29.67924491481804,4.268650790642318,6.996300917625564,9.821823920385155,22.458385663928766,0.9142857142857143,0.972972972972973,64862.71277757866,573615.9384122626,573615.9384122626,603,1.0,0.0,0.0,0.0,21.76233527925339,25.382608026528942,28.97281936585432,22.287916226616513,9.201121382717481,459.5405528064841,2080.9253309183036,1026.75321295655,0.49341184794143866,1193.387583097419,0.0367675542456222,400.77413276419804,5,0,2,21,0.0,567,207.0,0.40077413276419804,361.5673140234529,210237.8896744244,986.5052129944141,500000.0,0.39233089837722607,0,11,30.445352400695693,15,E5,supervised,602.6,2,marketplace
4.579431333571521,14.479178295617384,7.6055310576078625,14.741807666480781,33.84632644764497,65.23908835396979,,,,,23.88012891889051,28.972819365853912,2.995194295443639,3.8054034896699704,16.352462854286898,14.479178295617384,1.0,0.9642857142857143,8440.199489225186,509188.49886297405,509188.49886297405,531,1.0,0.0,0.0,0.0,22.943938612726978,25.70470829303963,28.972819365853866,23.61431814815741,4.579431333571521,445.8375635814315,1552.9341563813302,770.7280159212876,0.4963043750143594,850.013899776641,0.027194459916576173,296.6048287264338,1,0,1,17,0.0,504,207.0,0.2966048287264338,407.1117185317874,275155.1888643072,753.3806855845077,500000.0,0.3727376868676089,0,6,15.851629567615955,16,E5,supervised,602.6,2,marketplace
5.711095791423983,7.775537946342591,3.6055627635272947,6.4152587981338005,3.838097498426066,4.89265749178004,,,,,23.52860211674639,28.81176923259909,2.7434520925651937,4.7992426520195295,3.7024522364017827,7.775537946342591,0.9333333333333333,1.0,10188.61735102234,511539.3687118152,511539.3687118152,538,1.0,0.0,0.0,0.0,22.164637351486235,25.70470829303963,28.811769232597726,23.08954959966362,5.711095791423983,436.8391620550337,1633.2835411949768,811.8007628288022,0.49703602733598584,910.5361300492136,0.030251752827085504,330.4733012191567,5,0,0,13,0.0,523,207.0,0.3304733012191567,405.30697338765816,270880.2721032687,765.3952489466554,500000.0,0.3769864138068595,0,6,14.732451798064856,17,E5,supervised,602.6,2,marketplace
3.4694426777211804,5.423807447870786,5.466010587140863,7.405460643817327,4.734664100802911,8.08629505008448,9.652508886433074,17.446105273505964,6.202531654856557,6.931503624413653,23.25431193017529,28.972819365853866,5.8341848157892855,9.461526403689376,5.922423248453249,5.423807447870786,1.0,1.0,68261.72443658626,577118.2182746406,576118.2182746406,575,0.9982672527597732,0.0,0.0,1000.0,20.863274287082795,25.382608026528942,28.811769232598476,21.113229328832258,3.4694426777211804,437.33509359762843,1861.4529565418318,916.4621125253309,0.49233697220472067,1044.4874462880975,0.03177933299527196,347.3173248545007,2,0,4,22,0.0,549,207.0,0.34731732485450073,359.90411472461057,214681.93483038596,965.83495713635,500000.0,0.3505895104458072,0,4,9.764275488896569,18,E5,supervised,602.6,2,marketplace
9.789262811736226,35.80854814767081,6.397579503208629,7.770236570426598,9.642598639392693,29.218179789552053,,,114.13478743119595,114.13478743119595,24.29971437996863,29.892355311750094,3.0390296648777246,4.277065627633817,7.542880374803004,35.80854814767081,0.8285714285714286,0.9855072463768116,37728.11627304937,538786.9281851918,536786.9281851918,582,0.9962879574552103,0.0,0.0,2000.0,22.091101538003322,25.382608026528942,30.120925870986586,25.554738084887752,9.789262811736226,495.95406000535564,1935.5164214202714,959.4649255894676,0.49571520808147806,1037.402600039612,0.03513493204010575,382.8275428398219,2,1,2,19,0.0,544,207.0,0.3828275428398219,386.34105387769915,243321.2229142499,852.3006133991225,500000.0,0.3535024780884825,0,14,35.56524054623648,19,E5,supervised,602.6,2,marketplace
3.1627317602617118,2.656517120889805,3.7634677639896554,6.811506724347375,3.160226422452259,5.185900447480094,,,,,23.243932448283214,28.895018437183445,3.887811458957644,7.886180835927007,3.572970498241004,2.656517120889805,0.9583333333333334,1.0,13968.57625752051,515078.73700219905,515078.73700219905,554,1.0,0.0,0.0,0.0,21.315025544951265,25.67268945002388,28.811769232597726,22.66268650005727,3.1627317602617118,429.682623853238,1792.6944969992874,897.3964952753346,0.5005852903422459,979.4112481008099,0.03041276006105437,331.7281025619692,3,0,0,13,0.0,536,207.0,0.3317281025619692,402.52433891806487,267382.5803274296,775.4122495514446,500000.0,0.36336925430628675,0,6,22.908477153082163,0,E5,supervised,602.6,4,marketplace
2.2127483710975335,2.4224557449181474,4.103704859013457,5.340890494908763,4.446788411955867,5.739475942319951,11.812385565633727,20.39504574601324,,,23.496142703457366,29.778070032131108,3.712457030986343,5.37320375176496,5.878094850768662,2.4224557449181474,1.0,1.0,22776.714596747763,525519.2910413912,524519.2910413912,535,0.9980971202826477,0.0,0.0,1000.0,22.179527031251133,25.70470829303963,29.150004486482448,22.704889432714445,2.2127483710975335,429.8624463522208,1678.8190902623937,844.8305569353865,0.5032290625211692,945.5582946912032,0.031050881324671115,337.78781486274784,4,0,4,21,0.0,507,207.0,0.33778781486274784,395.29106241871506,255394.26467809553,811.8341579682526,500000.0,0.3911739292288396,0,9,33.257644095759126,1,E5,supervised,602.6,4,marketplace
10.44602285763947,21.48931472049217,6.117500069782409,8.801570957394505,7.404523931840989,13.33280851601512,5.038185534366903,5.3284994445765275,,,22.647073494315674,28.811769232597726,7.080406797181488,6.10432563082486,6.465219701127438,21.48931472049217,0.9090909090909091,0.9473684210526315,29310.196036041838,532277.3226155266,516873.34282247716,548,0.9710602365748803,14403.979793049497,0.02706104352195697,1000.0,21.372317822114283,25.704708293036674,28.811769232597726,22.086402269515588,10.44602285763947,421.1750081319241,1711.6243082047313,840.4291883859419,0.491012650590036,936.4742922935192,0.031708998344917964,346.35296476262306,4,0,1,18,0.0,527,207.0,0.34635296476262306,401.1550524786433,263895.7693130152,785.7130620340581,500000.0,0.3969023214228349,0,7,18.649708771619657,2,E5,supervised,602.6,4,marketplace
2.799352800652415,5.0965100446916045,4.282086323233015,6.063125780852897,5.995018734539599,13.078595942571473,25.443828654480058,25.443828654480058,53.04494901963517,53.04494901963517,24.018609086438616,28.972819365853866,4.302764124941242,4.7511081782655324,5.877547425079385,5.0965100446916045,1.0,1.0,28096.063942230638,531327.860284328,530327.860284328,561,0.998117922897051,0.0,0.0,1000.0,21.93229203835756,25.70470829303963,28.811769232598976,23.648060232415823,2.799352800652415,464.5706233996174,1857.7462791345072,909.0531801001899,0.48933118064093367,997.987687407889,0.03135891895103743,342.83036100744357,3,0,3,14,0.0,545,207.0,0.3428303610074436,390.9710311086493,249478.2802629095,831.1057385135965,500000.0,0.34921441414298277,0,2,6.686917343769473,3,E5,supervised,602.6,4,marketplace
2.582729817102126,4.2632833351477535,4.714872425240401,6.530224900881786,3.176458417013186,5.7407836909238545,,,66.38753634606803,114.98806205078465,24.029174402586232,28.972819365853912,7.1079966687070915,5.3018852650322525,3.9004179502965814,4.2632833351477535,1.0,1.0,32491.15341102122,538255.453584505,538255.4535845051,550,1.0000000000000002,0.0,0.0,0.0,22.459204495529683,25.673315795483518,28.82787424592498,25.953784983007136,2.582729817102126,516.0467970828281,1721.8331491310917,853.2004038861809,0.4955186304298655,920.0992306287108,0.03039545868387501,331.6313540350267,4,0,1,19,4046.004294015581,525,207.0,0.3316313540350267,385.1918823549539,249423.9565487548,831.2418511150834,500000.0,0.3486910272354658,0,7,19.816906516895337,4,E5,supervised,602.6,4,marketplace
7.202340548153274,11.258103236943889,8.838071890040892,24.687377975673574,14.860532580875827,51.03152982657666,29.155470469114942,54.04262756152548,,,23.605846114265276,29.065357195645078,3.39721049542414,6.907897255475461,14.90903850280068,11.258103236943889,0.9259259259259259,0.8947368421052632,43452.69323580841,547328.4080016714,546328.4080016714,572,0.998172943363837,0.0,0.0,1000.0,21.810151973477833,25.382608026528942,29.489149603836175,23.53273016920249,7.202340548153274,462.92025601556173,1849.8265288034154,918.4761226105833,0.49652013759620567,1024.8523156001,0.033385472980324654,363.9332199039952,5,0,0,22,0.0,543,207.0,0.36393321990399524,379.5591263108354,233994.34373499607,886.1920758851692,500000.0,0.37928530804022725,0,9,27.06171974826643,5,E5,supervised,602.6,4,marketplace
2.50762406994757,3.031895636105475,4.022007592783019,5.210964119650089,4.524345427485222,8.723736898039627,32.35122322221804,39.152079217506504,,,24.204784593483062,29.77807003213102,6.2494088205415625,9.93058768592064,8.890058732810331,3.031895636105475,1.0,1.0,31608.77227884693,533346.8920584851,533346.8920584851,565,1.0,0.0,0.0,0.0,22.065857513193894,25.7047082930396,29.583382780671183,23.86815254142566,2.50762406994757,458.0895655023109,1837.1226013556532,926.1694081524176,0.5041413172256315,998.8634925967821,0.03334453764906593,363.37663077415596,5,0,0,22,0.0,535,207.0,0.36337663077415594,388.7964469623934,247989.6234041998,836.177634306865,500000.0,0.4164872451027657,0,10,30.944205289756084,6,E5,supervised,602.6,4,marketplace
3.55937473343252,3.8336318229792585,16.279264680313744,56.2203190180493,2.234954290374633,2.503825920709443,6.063349301183067,6.718543137484451,11.838310601135902,11.838310601135902,23.89933526191238,29.72163906982086,3.939475138975962,5.39598394761562,10.161322002492353,3.8336318229792585,0.972972972972973,0.9508196721311475,40773.60461111535,544565.4292464787,543565.4292464787,581,0.9981636733690867,0.0,0.0,1000.0,21.328682792206113,25.704708293036674,28.972819365853866,22.44534833662973,3.55937473343252,447.36436856039046,1896.7116905339328,936.4671809804191,0.4937319602415691,1019.7706225606273,0.03109081447145497,338.6535267886587,1,0,1,16,99.38937189467718,556,207.0,0.3386535267886587,381.44194308717033,238642.1178391648,868.8267410806611,500000.0,0.3683962350964404,0,12,31.027658692190975,7,E5,supervised,602.6,4,marketplace
3.990878335532129,10.675146294068513,9.311185738893755,18.5124667473708,4.42535428042215,5.970915850418534,5.016140661867894,5.018809284742156,,,23.747932369130716,29.778070032130927,5.5528183648113965,4.99718314029783,6.176146646972773,10.675146294068513,1.0,1.0,38363.5914215517,540361.5398106,526845.8481339898,560,0.9749876875372228,13515.69167661024,0.02501231246277737,0.0,21.754327386092445,25.704708293039516,28.972819365853912,22.80701157885499,3.990878335532129,438.58289660809595,1760.4668396644895,877.3454695133534,0.498359554264912,968.6956046739699,0.032802674062087284,356.43886966535615,5,0,0,17,0.0,538,207.0,0.35643886966535615,393.58085406593074,254157.17433191766,815.8590817462714,500000.0,0.41916432023398925,0,15,45.18363363980908,8,E5,supervised,602.6,4,marketplace
5.105041681630001,11.917650345837734,5.748915110623391,12.568922453051934,5.804346150159783,10.559304557503857,36.08419072951983,36.08419072951983,41.101748138852145,51.03419246237836,23.422939092016687,28.972819365853866,3.5706325500131118,5.5934091747244565,6.477590327612961,11.917650345837734,1.0,1.0,47374.080402398526,549779.8663554897,548779.8663554897,604,0.9981810901759116,0.0,0.0,1000.0,20.399556270337115,25.382608026528942,28.168468878954222,23.038586998940467,5.105041681630001,460.318261271794,2050.1254501169724,1011.0777114554733,0.49317845959025824,1134.5934404988586,0.03558904833247684,387.48456070599866,4,0,2,23,0.0,571,207.0,0.3874845607059987,377.9065109257564,234128.86001708312,885.7835148796865,500000.0,0.38441676334848,0,13,36.44666791469508,9,E5,supervised,602.6,4,marketplace
2.2985999923516665,2.7950995544200623,4.407723315258522,7.053902860730363,5.620095667489039,10.274981424893209,,,,,22.849610848896546,28.81176923259911,3.0222719182369473,6.062837536367556,5.013909491373781,2.7950995544200623,1.0,1.0,13819.243346008723,516514.44304295897,516514.44304295897,540,1.0,0.0,0.0,0.0,21.42116869515842,25.70470829303956,28.811769232597726,22.274535577053097,2.2985999923516665,424.7142270199004,1684.0032527009737,840.7363321342692,0.49924863909010375,910.185999683791,0.027905944558111274,304.16348185595876,1,0,2,17,0.0,520,207.0,0.30416348185595876,401.35211371933366,263968.4615732562,785.3368627688319,500000.0,0.3555301211225461,0,10,26.16744834583803,10,E5,supervised,602.6,4,marketplace
5.263808027103837,11.414764079273482,8.658409434587838,16.146526323644416,3.2704887852332605,5.731484531760042,,,7.552558473439603,7.552558473439603,23.60626267572747,28.972819365853912,2.7018388861143063,3.918979080091777,4.809894685048854,11.414764079273482,0.9523809523809523,1.0,26006.043708159235,531772.2574830158,531772.2574830158,543,1.0,0.0,0.0,0.0,22.113214111786075,25.704708293039516,28.811769232597726,22.558144582385133,5.263808027103837,431.7633024338662,1629.385919409345,800.9449355609439,0.49156245062636095,922.6090209348494,0.0296203905575191,323.4845402924644,3,0,0,19,0.0,515,207.0,0.3234845402924644,389.87269761231227,248344.72973638674,834.8213580387329,500000.0,0.3758897749873065,0,4,12.433225483121547,11,E5,supervised,602.6,4,marketplace
14.84961253331429,41.05624288876735,13.900557244922197,32.80969193667545,4.995980005050114,4.995980005050114,,,,,24.37082642104124,31.51672494755478,3.196996675690246,5.566280269568235,12.628474782083329,41.05624288876735,0.7142857142857143,0.8571428571428571,3605.0987133016765,503977.3460501888,503977.3460501888,521,1.0,0.0,0.0,0.0,23.80065028494863,25.704708293039857,31.507061939559435,24.24611487922998,14.84961253331429,445.4686299752517,1511.680601883942,752.2817113928597,0.49764593820634045,831.247236651876,0.029919487127439123,327.45179446507933,5,0,0,20,0.0,495,207.0,0.3274517944650793,411.3824826043238,280058.99423501076,740.2992086034801,500000.0,0.3913937786201502,0,1,3.662249598907491,12,E5,supervised,602.6,4,marketplace
2.62151995821396,3.719356630929178,2.9687951445968337,3.9938848375770846,5.042998100825685,6.00105370870092,,,,,23.054776778578205,28.972819365853866,2.094570514343445,3.2217360023872974,3.8906631251429897,3.719356630929178,1.0,1.0,6216.486291594783,506496.9548278934,506496.9548278934,522,1.0,0.0,0.0,0.0,22.210439405465166,25.70470829303963,28.972819365853866,22.821595477627977,2.62151995821396,427.1196751817149,1558.9378998088446,783.8573305152707,0.5028149810273947,879.1614865721906,0.02744536641082308,299.86751795955536,3,0,0,15,0.0,505,207.0,0.29986751795955535,409.2815673263023,275383.50290929194,752.7679230162225,500000.0,0.3583793948526039,0,5,13.65311362866234,13,E5,supervised,602.6,4,marketplace
7.879130014787401,20.242950349273084,7.755920742393426,13.845093647914428,6.898283699999553,10.039048874471177,5.694903272366986,6.260903690555369,,,22.873201943069436,28.972819365853866,3.1447494891500747,5.7594259748797425,6.840456123044532,20.242950349273084,0.896551724137931,0.9516129032258065,58929.484502104126,566652.9292862886,566652.9292862886,576,1.0,0.0,0.0,0.0,20.720238345264104,25.382608026528942,28.811769232598408,20.930649345521662,7.879130014787401,429.803144981053,1896.088265700833,949.3177315617987,0.5006716980081681,1075.881034167297,0.03058984232296217,333.54871070265625,0,0,1,23,0.0,552,207.0,0.33354871070265624,365.89160312264454,216988.55201830564,955.5045498124322,500000.0,0.3808839924786807,0,10,26.09750097201811,14,E5,supervised,602.6,4,marketplace
9.201121382717481,22.458385663928766,12.847470373183699,38.132680545839776,6.593765447008578,6.865951412579307,5.817547877295575,6.572374103499351,7.143042659128923,8.176248719180558,24.57611627086812,29.67924491481804,4.268650790642318,6.996300917625564,9.821823920385155,22.458385663928766,0.9142857142857143,0.972972972972973,64862.71277757866,573615.9384122626,573615.9384122626,603,1.0,0.0,0.0,0.0,21.76233527925339,25.382608026528942,28.97281936585432,22.287916226616513,9.201121382717481,459.5405528064841,2080.9253309183036,1026.75321295655,0.49341184794143866,1193.387583097419,0.0367675542456222,400.77413276419804,5,0,2,21,0.0,567,207.0,0.40077413276419804,361.5673140234529,210237.8896744244,986.5052129944141,500000.0,0.39233089837722607,0,11,30.445352400695693,15,E5,supervised,602.6,4,marketplace
4.579431333571521,14.479178295617384,7.6055310576078625,14.741807666480781,33.84632644764497,65.23908835396979,,,,,23.88012891889051,28.972819365853912,2.995194295443639,3.8054034896699704,16.352462854286898,14.479178295617384,1.0,0.9642857142857143,8440.199489225186,509188.49886297405,509188.49886297405,531,1.0,0.0,0.0,0.0,22.943938612726978,25.70470829303963,28.972819365853866,23.61431814815741,4.579431333571521,445.8375635814315,1552.9341563813302,770.7280159212876,0.4963043750143594,850.013899776641,0.027194459916576173,296.6048287264338,1,0,1,17,0.0,504,207.0,0.2966048287264338,407.1117185317874,275155.1888643072,753.3806855845077,500000.0,0.3727376868676089,0,6,15.851629567615955,16,E5,supervised,602.6,4,marketplace
5.711095791423983,7.775537946342591,3.6055627635272947,6.4152587981338005,3.838097498426066,4.89265749178004,,,,,23.52860211674639,28.81176923259909,2.7434520925651937,4.7992426520195295,3.7024522364017827,7.775537946342591,0.9333333333333333,1.0,10188.61735102234,511539.3687118152,511539.3687118152,538,1.0,0.0,0.0,0.0,22.164637351486235,25.70470829303963,28.811769232597726,23.08954959966362,5.711095791423983,436.8391620550337,1633.2835411949768,811.8007628288022,0.49703602733598584,910.5361300492136,0.030251752827085504,330.4733012191567,5,0,0,13,0.0,523,207.0,0.3304733012191567,405.30697338765816,270880.2721032687,765.3952489466554,500000.0,0.3769864138068595,0,6,14.732451798064856,17,E5,supervised,602.6,4,marketplace
3.4694426777211804,5.423807447870786,5.466010587140863,7.405460643817327,4.734664100802911,8.08629505008448,9.652508886433074,17.446105273505964,6.202531654856557,6.931503624413653,23.25431193017529,28.972819365853866,5.8341848157892855,9.461526403689376,5.922423248453249,5.423807447870786,1.0,1.0,68261.72443658626,577118.2182746406,576118.2182746406,575,0.9982672527597732,0.0,0.0,1000.0,20.863274287082795,25.382608026528942,28.811769232598476,21.113229328832258,3.4694426777211804,437.33509359762843,1861.4529565418318,916.4621125253309,0.49233697220472067,1044.4874462880975,0.03177933299527196,347.3173248545007,2,0,4,22,0.0,549,207.0,0.34731732485450073,359.90411472461057,214681.93483038596,965.83495713635,500000.0,0.3505895104458072,0,4,9.764275488896569,18,E5,supervised,602.6,4,marketplace
9.789262811736226,35.80854814767081,6.397579503208629,7.770236570426598,9.642598639392693,29.218179789552053,,,114.13478743119595,114.13478743119595,24.29971437996863,29.892355311750094,3.0390296648777246,4.277065627633817,7.542880374803004,35.80854814767081,0.8285714285714286,0.9855072463768116,37728.11627304937,538786.9281851918,536786.9281851918,582,0.9962879574552103,0.0,0.0,2000.0,22.091101538003322,25.382608026528942,30.120925870986586,25.554738084887752,9.789262811736226,495.95406000535564,1935.5164214202714,959.4649255894676,0.49571520808147806,1037.402600039612,0.03513493204010575,382.8275428398219,2,1,2,19,0.0,544,207.0,0.3828275428398219,386.34105387769915,243321.2229142499,852.3006133991225,500000.0,0.3535024780884825,0,14,35.56524054623648,19,E5,supervised,602.6,4,marketplace
3.173115479800894,2.656517120889805,3.709242524235221,6.268754272076103,2.8214438451182864,4.169552715478176,,,,,23.251682811643448,28.972819365853866,3.887811458957644,7.886180835927007,3.428885046619347,2.656517120889805,0.9583333333333334,1.0,13968.57625752051,515078.73700219905,515078.73700219905,554,1.0,0.0,0.0,0.0,21.317528735146652,25.425165379100463,28.81176923259868,22.663862010663372,3.173115479800894,429.7051533638227,1787.5729869507609,894.7608934455645,0.50054509660713,964.9721959547619,0.030343298775011473,330.9675014797995,3,0,0,14,0.0,535,207.0,0.33096750147979953,402.52286224852384,267381.5994284528,775.4122495514446,500000.0,0.36135010922496197,1,6,22.908477153082163,0,E5,supervised,1322.6,1,marketplace
2.2127483710975335,2.4224557449181474,4.103704859013457,5.340890494908763,4.446788411955867,5.739475942319951,11.812385565633727,20.39504574601324,,,23.496142703457366,29.778070032131108,3.712457030986343,5.37320375176496,5.878094850768662,2.4224557449181474,1.0,1.0,22776.714596747763,525519.2910413912,524519.2910413912,535,0.9980971202826477,0.0,0.0,1000.0,22.179527031251133,25.70470829303963,29.150004486482448,22.704889432714445,2.2127483710975335,429.8624463522208,1678.8190902623937,844.8305569353865,0.5032290625211692,945.5582946912032,0.031050881324671115,337.78781486274784,4,0,4,21,0.0,507,207.0,0.33778781486274784,395.29106241871506,255394.26467809553,811.8341579682526,500000.0,0.3911739292288396,0,9,33.257644095759126,1,E5,supervised,1322.6,1,marketplace
10.44602285763947,21.48931472049217,6.117500069782409,8.801570957394505,7.404523931840989,13.33280851601512,5.038185534366903,5.3284994445765275,,,22.647073494315674,28.811769232597726,7.080406797181488,6.10432563082486,6.465219701127438,21.48931472049217,0.9090909090909091,0.9473684210526315,29310.196036041838,532277.3226155266,516873.34282247716,548,0.9710602365748803,14403.979793049497,0.02706104352195697,1000.0,21.372317822114283,25.704708293036674,28.811769232597726,22.086402269515588,10.44602285763947,421.1750081319241,1711.6243082047313,840.4291883859419,0.491012650590036,936.4742922935192,0.031708998344917964,346.35296476262306,4,0,1,18,0.0,527,207.0,0.34635296476262306,401.1550524786433,263895.7693130152,785.7130620340581,500000.0,0.3969023214228349,0,7,18.649708771619657,2,E5,supervised,1322.6,1,marketplace
2.7968315969025217,4.887507324559192,4.725345643854474,6.890155613801472,5.796702559793585,12.513367648259235,25.443828654480058,25.443828654480058,53.04494901963517,53.04494901963517,23.973233454966643,28.972819365853866,4.222121317320249,4.7511081782655324,6.035014484271836,4.887507324559192,1.0,1.0,28096.063942230638,531327.860284328,530327.860284328,561,0.998117922897051,0.0,0.0,1000.0,21.896551899896178,25.70470829303963,28.811769232597726,23.600157957076636,2.7968315969025217,464.56231450876146,1864.8372957400425,912.5986884029575,0.48937174867086813,996.8135012761056,0.030889883479505487,337.6944225941688,2,0,3,14,0.0,545,207.0,0.3376944225941688,390.9613466496611,249472.10061791944,831.1057385135965,500000.0,0.35456704755423285,1,2,6.686917343769473,3,E5,supervised,1322.6,1,marketplace
2.582729817102126,4.2632833351477535,4.714872425240401,6.530224900881786,3.176458417013186,5.7407836909238545,,,66.38753634606803,114.98806205078465,24.029174402586232,28.972819365853912,7.1079966687070915,5.3018852650322525,3.9004179502965814,4.2632833351477535,1.0,1.0,32491.15341102122,538255.453584505,538255.4535845051,550,1.0000000000000002,0.0,0.0,0.0,22.459204495529683,25.673315795483518,28.82787424592498,25.953784983007136,2.582729817102126,516.0467970828281,1721.8331491310917,853.2004038861809,0.4955186304298655,920.0992306287108,0.03039545868387501,331.6313540350267,4,0,1,19,4046.004294015581,525,207.0,0.3316313540350267,385.1918823549539,249423.9565487548,831.2418511150834,500000.0,0.3486910272354658,0,7,19.816906516895337,4,E5,supervised,1322.6,1,marketplace
7.2717786940286535,11.258103236943889,8.99981367589007,24.687377975673574,14.200835968689592,51.03152982657666,29.222653919509412,54.04262756152548,,,23.618040939905008,29.065357195645078,3.342047575242198,6.691131740756816,14.77805582221378,11.258103236943889,0.9259259259259259,0.8947368421052632,43452.69323580841,547328.4080016714,546328.4080016714,572,0.998172943363837,0.0,0.0,1000.0,21.81565540143647,25.487066098326068,29.489149603836175,23.527155486289036,7.2717786940286535,463.1334943132505,1855.0977324629555,922.0938242022332,0.4970594314607878,1027.1394721543052,0.03342920466835502,364.4120818879278,5,0,0,21,0.0,544,207.0,0.3644120818879278,379.5600028202332,233994.88409413147,886.1920758851692,500000.0,0.3795574989486834,3,9,27.06171974826643,5,E5,supervised,1322.6,1,marketplace
2.50762406994757,3.031895636105475,4.022007592783019,5.210964119650089,4.524345427485222,8.723736898039627,32.35122322221804,39.152079217506504,,,24.204784593483062,29.77807003213102,6.2494088205415625,9.93058768592064,8.890058732810331,3.031895636105475,1.0,1.0,31608.77227884693,533346.8920584851,533346.8920584851,565,1.0,0.0,0.0,0.0,22.065857513193894,25.7047082930396,29.583382780671183,23.86815254142566,2.50762406994757,458.0895655023109,1837.1226013556532,926.1694081524176,0.5041413172256315,998.8634925967821,0.03334453764906593,363.37663077415596,5,0,0,22,0.0,535,207.0,0.36337663077415594,388.7964469623934,247989.6234041998,836.177634306865,500000.0,0.4164872451027657,0,10,30.944205289756084,6,E5,supervised,1322.6,1,marketplace
3.55937473343252,3.8336318229792585,16.279264680313744,56.2203190180493,2.234954290374633,2.503825920709443,6.063349301183067,6.718543137484451,11.838310601135902,11.838310601135902,23.89933526191238,29.72163906982086,3.939475138975962,5.39598394761562,10.161322002492353,3.8336318229792585,0.972972972972973,0.9508196721311475,40773.60461111535,544565.4292464787,543565.4292464787,581,0.9981636733690867,0.0,0.0,1000.0,21.328682792206113,25.704708293036674,28.972819365853866,22.44534833662973,3.55937473343252,447.36436856039046,1896.7116905339328,936.4671809804191,0.4937319602415691,1019.7706225606273,0.03109081447145497,338.6535267886587,1,0,1,16,99.38937189467718,556,207.0,0.3386535267886587,381.44194308717033,238642.1178391648,868.8267410806611,500000.0,0.3683962350964404,0,12,31.027658692190975,7,E5,supervised,1322.6,1,marketplace
3.990878335532129,10.675146294068513,9.311185738893755,18.5124667473708,4.42535428042215,5.970915850418534,5.016140661867894,5.018809284742156,,,23.747932369130716,29.778070032130927,5.5528183648113965,4.99718314029783,6.176146646972773,10.675146294068513,1.0,1.0,38363.5914215517,540361.5398106,526845.8481339898,560,0.9749876875372228,13515.69167661024,0.02501231246277737,0.0,21.754327386092445,25.704708293039516,28.972819365853912,22.80701157885499,3.990878335532129,438.58289660809595,1760.4668396644895,877.3454695133534,0.498359554264912,968.6956046739699,0.032802674062087284,356.43886966535615,5,0,0,17,0.0,538,207.0,0.35643886966535615,393.58085406593074,254157.17433191766,815.8590817462714,500000.0,0.41916432023398925,0,15,45.18363363980908,8,E5,supervised,1322.6,1,marketplace
5.105041681630001,11.917650345837734,5.748915110623391,12.568922453051934,5.804346150159783,10.559304557503857,36.08419072951983,36.08419072951983,41.101748138852145,51.03419246237836,23.422939092016687,28.972819365853866,3.5706325500131118,5.5934091747244565,6.477590327612961,11.917650345837734,1.0,1.0,47374.080402398526,549779.8663554897,548779.8663554897,604,0.9981810901759116,0.0,0.0,1000.0,20.399556270337115,25.382608026528942,28.168468878954222,23.038586998940467,5.105041681630001,460.318261271794,2050.1254501169724,1011.0777114554733,0.49317845959025824,1134.5934404988586,0.03558904833247684,387.48456070599866,4,0,2,23,0.0,571,207.0,0.3874845607059987,377.9065109257564,234128.86001708312,885.7835148796865,500000.0,0.38441676334848,0,13,36.44666791469508,9,E5,supervised,1322.6,1,marketplace
2.2985999923516665,2.7950995544200623,4.407723315258522,7.053902860730363,5.620095667489039,10.274981424893209,,,,,22.849610848896546,28.81176923259911,3.0222719182369473,6.062837536367556,5.013909491373781,2.7950995544200623,1.0,1.0,13819.243346008723,516514.44304295897,516514.44304295897,540,1.0,0.0,0.0,0.0,21.42116869515842,25.70470829303956,28.811769232597726,22.274535577053097,2.2985999923516665,424.7142270199004,1684.0032527009737,840.7363321342692,0.49924863909010375,910.185999683791,0.027905944558111274,304.16348185595876,1,0,2,17,0.0,520,207.0,0.30416348185595876,401.35211371933366,263968.4615732562,785.3368627688319,500000.0,0.3555301211225461,0,10,26.16744834583803,10,E5,supervised,1322.6,1,marketplace
5.263808027103837,11.414764079273482,8.520980058975056,15.981611072909075,3.2417442918217376,5.731484531760042,,,7.552558473439603,7.552558473439603,23.61143897057483,28.972819365853912,2.7018388861143063,3.918979080091777,4.750097368151257,11.414764079273482,0.9523809523809523,1.0,26006.043708159235,531772.2574830158,531772.2574830158,543,1.0,0.0,0.0,0.0,22.11643876185443,25.704708293039516,28.811769232597726,22.562737677776777,5.263808027103837,431.7652599049113,1626.078915273565,799.2914334930539,0.4915452909360087,913.1094540946993,0.029573209435736835,322.96790700894854,3,0,0,20,0.0,514,207.0,0.32296790700894856,389.87172608121745,248344.11088149215,834.8213580387329,500000.0,0.37609790791227643,1,4,12.433225483121547,11,E5,supervised,1322.6,1,marketplace
14.84961253331429,41.05624288876735,13.900557244922197,32.80969193667545,4.995980005050114,4.995980005050114,,,,,24.37082642104124,31.51672494755478,3.196996675690246,5.566280269568235,12.628474782083329,41.05624288876735,0.7142857142857143,0.8571428571428571,3605.0987133016765,503977.3460501888,503977.3460501888,521,1.0,0.0,0.0,0.0,23.80065028494863,25.704708293039857,31.507061939559435,24.24611487922998,14.84961253331429,445.4686299752517,1511.680601883942,752.2817113928597,0.49764593820634045,831.247236651876,0.029919487127439123,327.45179446507933,5,0,0,20,0.0,495,207.0,0.3274517944650793,411.3824826043238,280058.99423501076,740.2992086034801,500000.0,0.3913937786201502,0,1,3.662249598907491,12,E5,supervised,1322.6,1,marketplace
2.62151995821396,3.719356630929178,2.9687951445968337,3.9938848375770846,5.042998100825685,6.00105370870092,,,,,23.054776778578205,28.972819365853866,2.094570514343445,3.2217360023872974,3.8906631251429897,3.719356630929178,1.0,1.0,6216.486291594783,506496.9548278934,506496.9548278934,522,1.0,0.0,0.0,0.0,22.210439405465166,25.70470829303963,28.972819365853866,22.821595477627977,2.62151995821396,427.1196751817149,1558.9378998088446,783.8573305152707,0.5028149810273947,879.1614865721906,0.02744536641082308,299.86751795955536,3,0,0,15,0.0,505,207.0,0.29986751795955535,409.2815673263023,275383.50290929194,752.7679230162225,500000.0,0.3583793948526039,0,5,13.65311362866234,13,E5,supervised,1322.6,1,marketplace
7.879130014787401,20.242950349273084,7.755920742393426,13.845093647914428,6.898283699999553,10.039048874471177,5.694903272366986,6.260903690555369,,,22.873201943069436,28.972819365853866,3.1447494891500747,5.7594259748797425,6.840456123044532,20.242950349273084,0.896551724137931,0.9516129032258065,58929.484502104126,566652.9292862886,566652.9292862886,576,1.0,0.0,0.0,0.0,20.720238345264104,25.382608026528942,28.811769232598408,20.930649345521662,7.879130014787401,429.803144981053,1896.088265700833,949.3177315617987,0.5006716980081681,1075.881034167297,0.03058984232296217,333.54871070265625,0,0,1,23,0.0,552,207.0,0.33354871070265624,365.89160312264454,216988.55201830564,955.5045498124322,500000.0,0.3808839924786807,0,10,26.09750097201811,14,E5,supervised,1322.6,1,marketplace
9.201121382717481,22.458385663928766,12.847470373183699,38.132680545839776,6.593765447008578,6.865951412579307,5.817547877295575,6.572374103499351,7.143042659128923,8.176248719180558,24.57611627086812,29.67924491481804,4.268650790642318,6.996300917625564,9.821823920385155,22.458385663928766,0.9142857142857143,0.972972972972973,64862.71277757866,573615.9384122626,573615.9384122626,603,1.0,0.0,0.0,0.0,21.76233527925339,25.382608026528942,28.97281936585432,22.287916226616513,9.201121382717481,459.5405528064841,2080.9253309183036,1026.75321295655,0.49341184794143866,1193.387583097419,0.0367675542456222,400.77413276419804,5,0,2,21,0.0,567,207.0,0.40077413276419804,361.5673140234529,210237.8896744244,986.5052129944141,500000.0,0.39233089837722607,0,11,30.445352400695693,15,E5,supervised,1322.6,1,marketplace
4.579431333571521,14.479178295617384,7.6055310576078625,14.741807666480781,33.84632644764497,65.23908835396979,,,,,23.88012891889051,28.972819365853912,2.995194295443639,3.8054034896699704,16.352462854286898,14.479178295617384,1.0,0.9642857142857143,8440.199489225186,509188.49886297405,509188.49886297405,531,1.0,0.0,0.0,0.0,22.943938612726978,25.70470829303963,28.972819365853866,23.61431814815741,4.579431333571521,445.8375635814315,1552.9341563813302,770.7280159212876,0.4963043750143594,850.013899776641,0.027194459916576173,296.6048287264338,1,0,1,17,0.0,504,207.0,0.2966048287264338,407.1117185317874,275155.1888643072,753.3806855845077,500000.0,0.3727376868676089,0,6,15.851629567615955,16,E5,supervised,1322.6,1,marketplace
5.711095791423983,7.775537946342591,3.6055627635272947,6.4152587981338005,3.838097498426066,4.89265749178004,,,,,23.52860211674639,28.81176923259909,2.7434520925651937,4.7992426520195295,3.7024522364017827,7.775537946342591,0.9333333333333333,1.0,10188.61735102234,511539.3687118152,511539.3687118152,538,1.0,0.0,0.0,0.0,22.164637351486235,25.70470829303963,28.811769232597726,23.08954959966362,5.711095791423983,436.8391620550337,1633.2835411949768,811.8007628288022,0.49703602733598584,910.5361300492136,0.030251752827085504,330.4733012191567,5,0,0,13,0.0,523,207.0,0.3304733012191567,405.30697338765816,270880.2721032687,765.3952489466554,500000.0,0.3769864138068595,0,6,14.732451798064856,17,E5,supervised,1322.6,1,marketplace
3.4694426777211804,5.423807447870786,5.466010587140863,7.405460643817327,4.734664100802911,8.08629505008448,9.652508886433074,17.446105273505964,6.202531654856557,6.931503624413653,23.25431193017529,28.972819365853866,5.8990088596223815,9.461526403689376,5.922423248453249,5.423807447870786,1.0,1.0,68261.72443658626,577118.2182746406,576118.2182746406,575,0.9982672527597732,0.0,0.0,1000.0,20.86552903643351,25.382608026528942,28.811769232598476,21.113763083000023,3.4694426777211804,437.34790632680046,1861.4529565418318,916.4621125253309,0.49233697220472067,1044.4874462880975,0.03177933299527196,347.3173248545007,2,0,4,22,0.0,549,207.0,0.34731732485450073,359.90411472461057,214681.93483038596,965.83495713635,500000.0,0.3505895104458072,1,4,9.764275488896569,18,E5,supervised,1322.6,1,marketplace
9.789262811736226,35.80854814767081,6.397579503208629,7.770236570426598,9.642598639392693,29.218179789552053,,,114.13478743119595,114.13478743119595,24.29971437996863,29.892355311750094,3.0390296648777246,4.277065627633817,7.542880374803004,35.80854814767081,0.8285714285714286,0.9855072463768116,37728.11627304937,538786.9281851918,536786.9281851918,582,0.9962879574552103,0.0,0.0,2000.0,22.091101538003322,25.382608026528942,30.120925870986586,25.554738084887752,9.789262811736226,495.95406000535564,1935.5164214202714,959.4649255894676,0.49571520808147806,1037.402600039612,0.03513493204010575,382.8275428398219,2,1,2,19,0.0,544,207.0,0.3828275428398219,386.34105387769915,243321.2229142499,852.3006133991225,500000.0,0.3535024780884825,0,14,35.56524054623648,19,E5,supervised,1322.6,1,marketplace
3.1627317602617118,2.656517120889805,3.7634677639896554,6.811506724347375,3.160226422452259,5.185900447480094,,,,,23.243932448283214,28.895018437183445,3.887811458957644,7.886180835927007,3.572970498241004,2.656517120889805,0.9583333333333334,1.0,13968.57625752051,515078.73700219905,515078.73700219905,554,1.0,0.0,0.0,0.0,21.315025544951265,25.67268945002388,28.811769232597726,22.66268650005727,3.1627317602617118,429.682623853238,1792.6944969992874,897.3964952753346,0.5005852903422459,979.4112481008099,0.03041276006105437,331.7281025619692,3,0,0,13,0.0,536,207.0,0.3317281025619692,402.52433891806487,267382.5803274296,775.4122495514446,500000.0,0.36336925430628675,0,6,22.908477153082163,0,E5,supervised,1322.6,2,marketplace
2.2127483710975335,2.4224557449181474,4.103704859013457,5.340890494908763,4.446788411955867,5.739475942319951,11.812385565633727,20.39504574601324,,,23.496142703457366,29.778070032131108,3.712457030986343,5.37320375176496,5.878094850768662,2.4224557449181474,1.0,1.0,22776.714596747763,525519.2910413912,524519.2910413912,535,0.9980971202826477,0.0,0.0,1000.0,22.179527031251133,25.70470829303963,29.150004486482448,22.704889432714445,2.2127483710975335,429.8624463522208,1678.8190902623937,844.8305569353865,0.5032290625211692,945.5582946912032,0.031050881324671115,337.78781486274784,4,0,4,21,0.0,507,207.0,0.33778781486274784,395.29106241871506,255394.26467809553,811.8341579682526,500000.0,0.3911739292288396,0,9,33.257644095759126,1,E5,supervised,1322.6,2,marketplace
10.44602285763947,21.48931472049217,6.117500069782409,8.801570957394505,7.404523931840989,13.33280851601512,5.038185534366903,5.3284994445765275,,,22.647073494315674,28.811769232597726,7.080406797181488,6.10432563082486,6.465219701127438,21.48931472049217,0.9090909090909091,0.9473684210526315,29310.196036041838,532277.3226155266,516873.34282247716,548,0.9710602365748803,14403.979793049497,0.02706104352195697,1000.0,21.372317822114283,25.704708293036674,28.811769232597726,22.086402269515588,10.44602285763947,421.1750081319241,1711.6243082047313,840.4291883859419,0.491012650590036,936.4742922935192,0.031708998344917964,346.35296476262306,4,0,1,18,0.0,527,207.0,0.34635296476262306,401.1550524786433,263895.7693130152,785.7130620340581,500000.0,0.3969023214228349,0,7,18.649708771619657,2,E5,supervised,1322.6,2,marketplace
2.799352800652415,5.0965100446916045,4.282086323233015,6.063125780852897,5.995018734539599,13.078595942571473,25.443828654480058,25.443828654480058,53.04494901963517,53.04494901963517,24.018609086438616,28.972819365853866,4.302764124941242,4.7511081782655324,5.877547425079385,5.0965100446916045,1.0,1.0,28096.063942230638,531327.860284328,530327.860284328,561,0.998117922897051,0.0,0.0,1000.0,21.93229203835756,25.70470829303963,28.811769232598976,23.648060232415823,2.799352800652415,464.5706233996174,1857.7462791345072,909.0531801001899,0.48933118064093367,997.987687407889,0.03135891895103743,342.83036100744357,3,0,3,14,0.0,545,207.0,0.3428303610074436,390.9710311086493,249478.2802629095,831.1057385135965,500000.0,0.34921441414298277,0,2,6.686917343769473,3,E5,supervised,1322.6,2,marketplace
2.582729817102126,4.2632833351477535,4.714872425240401,6.530224900881786,3.176458417013186,5.7407836909238545,,,66.38753634606803,114.98806205078465,24.029174402586232,28.972819365853912,7.1079966687070915,5.3018852650322525,3.9004179502965814,4.2632833351477535,1.0,1.0,32491.15341102122,538255.453584505,538255.4535845051,550,1.0000000000000002,0.0,0.0,0.0,22.459204495529683,25.673315795483518,28.82787424592498,25.953784983007136,2.582729817102126,516.0467970828281,1721.8331491310917,853.2004038861809,0.4955186304298655,920.0992306287108,0.03039545868387501,331.6313540350267,4,0,1,19,4046.004294015581,525,207.0,0.3316313540350267,385.1918823549539,249423.9565487548,831.2418511150834,500000.0,0.3486910272354658,0,7,19.816906516895337,4,E5,supervised,1322.6,2,marketplace
7.202340548153274,11.258103236943889,8.838071890040892,24.687377975673574,14.860532580875827,51.03152982657666,29.155470469114942,54.04262756152548,,,23.605846114265276,29.065357195645078,3.39721049542414,6.907897255475461,14.90903850280068,11.258103236943889,0.9259259259259259,0.8947368421052632,43452.69323580841,547328.4080016714,546328.4080016714,572,0.998172943363837,0.0,0.0,1000.0,21.810151973477833,25.382608026528942,29.489149603836175,23.53273016920249,7.202340548153274,462.92025601556173,1849.8265288034154,918.4761226105833,0.49652013759620567,1024.8523156001,0.033385472980324654,363.9332199039952,5,0,0,22,0.0,543,207.0,0.36393321990399524,379.5591263108354,233994.34373499607,886.1920758851692,500000.0,0.37928530804022725,0,9,27.06171974826643,5,E5,supervised,1322.6,2,marketplace
2.50762406994757,3.031895636105475,4.022007592783019,5.210964119650089,4.524345427485222,8.723736898039627,32.35122322221804,39.152079217506504,,,24.204784593483062,29.77807003213102,6.2494088205415625,9.93058768592064,8.890058732810331,3.031895636105475,1.0,1.0,31608.77227884693,533346.8920584851,533346.8920584851,565,1.0,0.0,0.0,0.0,22.065857513193894,25.7047082930396,29.583382780671183,23.86815254142566,2.50762406994757,458.0895655023109,1837.1226013556532,926.1694081524176,0.5041413172256315,998.8634925967821,0.03334453764906593,363.37663077415596,5,0,0,22,0.0,535,207.0,0.36337663077415594,388.7964469623934,247989.6234041998,836.177634306865,500000.0,0.4164872451027657,0,10,30.944205289756084,6,E5,supervised,1322.6,2,marketplace
3.55937473343252,3.8336318229792585,16.279264680313744,56.2203190180493,2.234954290374633,2.503825920709443,6.063349301183067,6.718543137484451,11.838310601135902,11.838310601135902,23.89933526191238,29.72163906982086,3.939475138975962,5.39598394761562,10.161322002492353,3.8336318229792585,0.972972972972973,0.9508196721311475,40773.60461111535,544565.4292464787,543565.4292464787,581,0.9981636733690867,0.0,0.0,1000.0,21.328682792206113,25.704708293036674,28.972819365853866,22.44534833662973,3.55937473343252,447.36436856039046,1896.7116905339328,936.4671809804191,0.4937319602415691,1019.7706225606273,0.03109081447145497,338.6535267886587,1,0,1,16,99.38937189467718,556,207.0,0.3386535267886587,381.44194308717033,238642.1178391648,868.8267410806611,500000.0,0.3683962350964404,0,12,31.027658692190975,7,E5,supervised,1322.6,2,marketplace
3.990878335532129,10.675146294068513,9.311185738893755,18.5124667473708,4.42535428042215,5.970915850418534,5.016140661867894,5.018809284742156,,,23.747932369130716,29.778070032130927,5.5528183648113965,4.99718314029783,6.176146646972773,10.675146294068513,1.0,1.0,38363.5914215517,540361.5398106,526845.8481339898,560,0.9749876875372228,13515.69167661024,0.02501231246277737,0.0,21.754327386092445,25.704708293039516,28.972819365853912,22.80701157885499,3.990878335532129,438.58289660809595,1760.4668396644895,877.3454695133534,0.498359554264912,968.6956046739699,0.032802674062087284,356.43886966535615,5,0,0,17,0.0,538,207.0,0.35643886966535615,393.58085406593074,254157.17433191766,815.8590817462714,500000.0,0.41916432023398925,0,15,45.18363363980908,8,E5,supervised,1322.6,2,marketplace
5.105041681630001,11.917650345837734,5.748915110623391,12.568922453051934,5.804346150159783,10.559304557503857,36.08419072951983,36.08419072951983,41.101748138852145,51.03419246237836,23.422939092016687,28.972819365853866,3.5706325500131118,5.5934091747244565,6.477590327612961,11.917650345837734,1.0,1.0,47374.080402398526,549779.8663554897,548779.8663554897,604,0.9981810901759116,0.0,0.0,1000.0,20.399556270337115,25.382608026528942,28.168468878954222,23.038586998940467,5.105041681630001,460.318261271794,2050.1254501169724,1011.0777114554733,0.49317845959025824,1134.5934404988586,0.03558904833247684,387.48456070599866,4,0,2,23,0.0,571,207.0,0.3874845607059987,377.9065109257564,234128.86001708312,885.7835148796865,500000.0,0.38441676334848,0,13,36.44666791469508,9,E5,supervised,1322.6,2,marketplace
2.2985999923516665,2.7950995544200623,4.407723315258522,7.053902860730363,5.620095667489039,10.274981424893209,,,,,22.849610848896546,28.81176923259911,3.0222719182369473,6.062837536367556,5.013909491373781,2.7950995544200623,1.0,1.0,13819.243346008723,516514.44304295897,516514.44304295897,540,1.0,0.0,0.0,0.0,21.42116869515842,25.70470829303956,28.811769232597726,22.274535577053097,2.2985999923516665,424.7142270199004,1684.0032527009737,840.7363321342692,0.49924863909010375,910.185999683791,0.027905944558111274,304.16348185595876,1,0,2,17,0.0,520,207.0,0.30416348185595876,401.35211371933366,263968.4615732562,785.3368627688319,500000.0,0.3555301211225461,0,10,26.16744834583803,10,E5,supervised,1322.6,2,marketplace
5.263808027103837,11.414764079273482,8.658409434587838,16.146526323644416,3.2704887852332605,5.731484531760042,,,7.552558473439603,7.552558473439603,23.60626267572747,28.972819365853912,2.7018388861143063,3.918979080091777,4.809894685048854,11.414764079273482,0.9523809523809523,1.0,26006.043708159235,531772.2574830158,531772.2574830158,543,1.0,0.0,0.0,0.0,22.113214111786075,25.704708293039516,28.811769232597726,22.558144582385133,5.263808027103837,431.7633024338662,1629.385919409345,800.9449355609439,0.49156245062636095,922.6090209348494,0.0296203905575191,323.4845402924644,3,0,0,19,0.0,515,207.0,0.3234845402924644,389.87269761231227,248344.72973638674,834.8213580387329,500000.0,0.3758897749873065,0,4,12.433225483121547,11,E5,supervised,1322.6,2,marketplace
14.84961253331429,41.05624288876735,13.900557244922197,32.80969193667545,4.995980005050114,4.995980005050114,,,,,24.37082642104124,31.51672494755478,3.196996675690246,5.566280269568235,12.628474782083329,41.05624288876735,0.7142857142857143,0.8571428571428571,3605.0987133016765,503977.3460501888,503977.3460501888,521,1.0,0.0,0.0,0.0,23.80065028494863,25.704708293039857,31.507061939559435,24.24611487922998,14.84961253331429,445.4686299752517,1511.680601883942,752.2817113928597,0.49764593820634045,831.247236651876,0.029919487127439123,327.45179446507933,5,0,0,20,0.0,495,207.0,0.3274517944650793,411.3824826043238,280058.99423501076,740.2992086034801,500000.0,0.3913937786201502,0,1,3.662249598907491,12,E5,supervised,1322.6,2,marketplace
2.62151995821396,3.719356630929178,2.9687951445968337,3.9938848375770846,5.042998100825685,6.00105370870092,,,,,23.054776778578205,28.972819365853866,2.094570514343445,3.2217360023872974,3.8906631251429897,3.719356630929178,1.0,1.0,6216.486291594783,506496.9548278934,506496.9548278934,522,1.0,0.0,0.0,0.0,22.210439405465166,25.70470829303963,28.972819365853866,22.821595477627977,2.62151995821396,427.1196751817149,1558.9378998088446,783.8573305152707,0.5028149810273947,879.1614865721906,0.02744536641082308,299.86751795955536,3,0,0,15,0.0,505,207.0,0.29986751795955535,409.2815673263023,275383.50290929194,752.7679230162225,500000.0,0.3583793948526039,0,5,13.65311362866234,13,E5,supervised,1322.6,2,marketplace
7.879130014787401,20.242950349273084,7.755920742393426,13.845093647914428,6.898283699999553,10.039048874471177,5.694903272366986,6.260903690555369,,,22.873201943069436,28.972819365853866,3.1447494891500747,5.7594259748797425,6.840456123044532,20.242950349273084,0.896551724137931,0.9516129032258065,58929.484502104126,566652.9292862886,566652.9292862886,576,1.0,0.0,0.0,0.0,20.720238345264104,25.382608026528942,28.811769232598408,20.930649345521662,7.879130014787401,429.803144981053,1896.088265700833,949.3177315617987,0.5006716980081681,1075.881034167297,0.03058984232296217,333.54871070265625,0,0,1,23,0.0,552,207.0,0.33354871070265624,365.89160312264454,216988.55201830564,955.5045498124322,500000.0,0.3808839924786807,0,10,26.09750097201811,14,E5,supervised,1322.6,2,marketplace
9.201121382717481,22.458385663928766,12.847470373183699,38.132680545839776,6.593765447008578,6.865951412579307,5.817547877295575,6.572374103499351,7.143042659128923,8.176248719180558,24.57611627086812,29.67924491481804,4.268650790642318,6.996300917625564,9.821823920385155,22.458385663928766,0.9142857142857143,0.972972972972973,64862.71277757866,573615.9384122626,573615.9384122626,603,1.0,0.0,0.0,0.0,21.76233527925339,25.382608026528942,28.97281936585432,22.287916226616513,9.201121382717481,459.5405528064841,2080.9253309183036,1026.75321295655,0.49341184794143866,1193.387583097419,0.0367675542456222,400.77413276419804,5,0,2,21,0.0,567,207.0,0.40077413276419804,361.5673140234529,210237.8896744244,986.5052129944141,500000.0,0.39233089837722607,0,11,30.445352400695693,15,E5,supervised,1322.6,2,marketplace
4.579431333571521,14.479178295617384,7.6055310576078625,14.741807666480781,33.84632644764497,65.23908835396979,,,,,23.88012891889051,28.972819365853912,2.995194295443639,3.8054034896699704,16.352462854286898,14.479178295617384,1.0,0.9642857142857143,8440.199489225186,509188.49886297405,509188.49886297405,531,1.0,0.0,0.0,0.0,22.943938612726978,25.70470829303963,28.972819365853866,23.61431814815741,4.579431333571521,445.8375635814315,1552.9341563813302,770.7280159212876,0.4963043750143594,850.013899776641,0.027194459916576173,296.6048287264338,1,0,1,17,0.0,504,207.0,0.2966048287264338,407.1117185317874,275155.1888643072,753.3806855845077,500000.0,0.3727376868676089,0,6,15.851629567615955,16,E5,supervised,1322.6,2,marketplace
5.711095791423983,7.775537946342591,3.6055627635272947,6.4152587981338005,3.838097498426066,4.89265749178004,,,,,23.52860211674639,28.81176923259909,2.7434520925651937,4.7992426520195295,3.7024522364017827,7.775537946342591,0.9333333333333333,1.0,10188.61735102234,511539.3687118152,511539.3687118152,538,1.0,0.0,0.0,0.0,22.164637351486235,25.70470829303963,28.811769232597726,23.08954959966362,5.711095791423983,436.8391620550337,1633.2835411949768,811.8007628288022,0.49703602733598584,910.5361300492136,0.030251752827085504,330.4733012191567,5,0,0,13,0.0,523,207.0,0.3304733012191567,405.30697338765816,270880.2721032687,765.3952489466554,500000.0,0.3769864138068595,0,6,14.732451798064856,17,E5,supervised,1322.6,2,marketplace
3.4694426777211804,5.423807447870786,5.466010587140863,7.405460643817327,4.734664100802911,8.08629505008448,9.652508886433074,17.446105273505964,6.202531654856557,6.931503624413653,23.25431193017529,28.972819365853866,5.8341848157892855,9.461526403689376,5.922423248453249,5.423807447870786,1.0,1.0,68261.72443658626,577118.2182746406,576118.2182746406,575,0.9982672527597732,0.0,0.0,1000.0,20.863274287082795,25.382608026528942,28.811769232598476,21.113229328832258,3.4694426777211804,437.33509359762843,1861.4529565418318,916.4621125253309,0.49233697220472067,1044.4874462880975,0.03177933299527196,347.3173248545007,2,0,4,22,0.0,549,207.0,0.34731732485450073,359.90411472461057,214681.93483038596,965.83495713635,500000.0,0.3505895104458072,0,4,9.764275488896569,18,E5,supervised,1322.6,2,marketplace
9.789262811736226,35.80854814767081,6.397579503208629,7.770236570426598,9.642598639392693,29.218179789552053,,,114.13478743119595,114.13478743119595,24.29971437996863,29.892355311750094,3.0390296648777246,4.277065627633817,7.542880374803004,35.80854814767081,0.8285714285714286,0.9855072463768116,37728.11627304937,538786.9281851918,536786.9281851918,582,0.9962879574552103,0.0,0.0,2000.0,22.091101538003322,25.382608026528942,30.120925870986586,25.554738084887752,9.789262811736226,495.95406000535564,1935.5164214202714,959.4649255894676,0.49571520808147806,1037.402600039612,0.03513493204010575,382.8275428398219,2,1,2,19,0.0,544,207.0,0.3828275428398219,386.34105387769915,243321.2229142499,852.3006133991225,500000.0,0.3535024780884825,0,14,35.56524054623648,19,E5,supervised,1322.6,2,marketplace
3.1627317602617118,2.656517120889805,3.7634677639896554,6.811506724347375,3.160226422452259,5.185900447480094,,,,,23.243932448283214,28.895018437183445,3.887811458957644,7.886180835927007,3.572970498241004,2.656517120889805,0.9583333333333334,1.0,13968.57625752051,515078.73700219905,515078.73700219905,554,1.0,0.0,0.0,0.0,21.315025544951265,25.67268945002388,28.811769232597726,22.66268650005727,3.1627317602617118,429.682623853238,1792.6944969992874,897.3964952753346,0.5005852903422459,979.4112481008099,0.03041276006105437,331.7281025619692,3,0,0,13,0.0,536,207.0,0.3317281025619692,402.52433891806487,267382.5803274296,775.4122495514446,500000.0,0.36336925430628675,0,6,22.908477153082163,0,E5,supervised,1322.6,4,marketplace
2.2127483710975335,2.4224557449181474,4.103704859013457,5.340890494908763,4.446788411955867,5.739475942319951,11.812385565633727,20.39504574601324,,,23.496142703457366,29.778070032131108,3.712457030986343,5.37320375176496,5.878094850768662,2.4224557449181474,1.0,1.0,22776.714596747763,525519.2910413912,524519.2910413912,535,0.9980971202826477,0.0,0.0,1000.0,22.179527031251133,25.70470829303963,29.150004486482448,22.704889432714445,2.2127483710975335,429.8624463522208,1678.8190902623937,844.8305569353865,0.5032290625211692,945.5582946912032,0.031050881324671115,337.78781486274784,4,0,4,21,0.0,507,207.0,0.33778781486274784,395.29106241871506,255394.26467809553,811.8341579682526,500000.0,0.3911739292288396,0,9,33.257644095759126,1,E5,supervised,1322.6,4,marketplace
10.44602285763947,21.48931472049217,6.117500069782409,8.801570957394505,7.404523931840989,13.33280851601512,5.038185534366903,5.3284994445765275,,,22.647073494315674,28.811769232597726,7.080406797181488,6.10432563082486,6.465219701127438,21.48931472049217,0.9090909090909091,0.9473684210526315,29310.196036041838,532277.3226155266,516873.34282247716,548,0.9710602365748803,14403.979793049497,0.02706104352195697,1000.0,21.372317822114283,25.704708293036674,28.811769232597726,22.086402269515588,10.44602285763947,421.1750081319241,1711.6243082047313,840.4291883859419,0.491012650590036,936.4742922935192,0.031708998344917964,346.35296476262306,4,0,1,18,0.0,527,207.0,0.34635296476262306,401.1550524786433,263895.7693130152,785.7130620340581,500000.0,0.3969023214228349,0,7,18.649708771619657,2,E5,supervised,1322.6,4,marketplace
2.799352800652415,5.0965100446916045,4.282086323233015,6.063125780852897,5.995018734539599,13.078595942571473,25.443828654480058,25.443828654480058,53.04494901963517,53.04494901963517,24.018609086438616,28.972819365853866,4.302764124941242,4.7511081782655324,5.877547425079385,5.0965100446916045,1.0,1.0,28096.063942230638,531327.860284328,530327.860284328,561,0.998117922897051,0.0,0.0,1000.0,21.93229203835756,25.70470829303963,28.811769232598976,23.648060232415823,2.799352800652415,464.5706233996174,1857.7462791345072,909.0531801001899,0.48933118064093367,997.987687407889,0.03135891895103743,342.83036100744357,3,0,3,14,0.0,545,207.0,0.3428303610074436,390.9710311086493,249478.2802629095,831.1057385135965,500000.0,0.34921441414298277,0,2,6.686917343769473,3,E5,supervised,1322.6,4,marketplace
2.582729817102126,4.2632833351477535,4.714872425240401,6.530224900881786,3.176458417013186,5.7407836909238545,,,66.38753634606803,114.98806205078465,24.029174402586232,28.972819365853912,7.1079966687070915,5.3018852650322525,3.9004179502965814,4.2632833351477535,1.0,1.0,32491.15341102122,538255.453584505,538255.4535845051,550,1.0000000000000002,0.0,0.0,0.0,22.459204495529683,25.673315795483518,28.82787424592498,25.953784983007136,2.582729817102126,516.0467970828281,1721.8331491310917,853.2004038861809,0.4955186304298655,920.0992306287108,0.03039545868387501,331.6313540350267,4,0,1,19,4046.004294015581,525,207.0,0.3316313540350267,385.1918823549539,249423.9565487548,831.2418511150834,500000.0,0.3486910272354658,0,7,19.816906516895337,4,E5,supervised,1322.6,4,marketplace
7.202340548153274,11.258103236943889,8.838071890040892,24.687377975673574,14.860532580875827,51.03152982657666,29.155470469114942,54.04262756152548,,,23.605846114265276,29.065357195645078,3.39721049542414,6.907897255475461,14.90903850280068,11.258103236943889,0.9259259259259259,0.8947368421052632,43452.69323580841,547328.4080016714,546328.4080016714,572,0.998172943363837,0.0,0.0,1000.0,21.810151973477833,25.382608026528942,29.489149603836175,23.53273016920249,7.202340548153274,462.92025601556173,1849.8265288034154,918.4761226105833,0.49652013759620567,1024.8523156001,0.033385472980324654,363.9332199039952,5,0,0,22,0.0,543,207.0,0.36393321990399524,379.5591263108354,233994.34373499607,886.1920758851692,500000.0,0.37928530804022725,0,9,27.06171974826643,5,E5,supervised,1322.6,4,marketplace
2.50762406994757,3.031895636105475,4.022007592783019,5.210964119650089,4.524345427485222,8.723736898039627,32.35122322221804,39.152079217506504,,,24.204784593483062,29.77807003213102,6.2494088205415625,9.93058768592064,8.890058732810331,3.031895636105475,1.0,1.0,31608.77227884693,533346.8920584851,533346.8920584851,565,1.0,0.0,0.0,0.0,22.065857513193894,25.7047082930396,29.583382780671183,23.86815254142566,2.50762406994757,458.0895655023109,1837.1226013556532,926.1694081524176,0.5041413172256315,998.8634925967821,0.03334453764906593,363.37663077415596,5,0,0,22,0.0,535,207.0,0.36337663077415594,388.7964469623934,247989.6234041998,836.177634306865,500000.0,0.4164872451027657,0,10,30.944205289756084,6,E5,supervised,1322.6,4,marketplace
3.55937473343252,3.8336318229792585,16.279264680313744,56.2203190180493,2.234954290374633,2.503825920709443,6.063349301183067,6.718543137484451,11.838310601135902,11.838310601135902,23.89933526191238,29.72163906982086,3.939475138975962,5.39598394761562,10.161322002492353,3.8336318229792585,0.972972972972973,0.9508196721311475,40773.60461111535,544565.4292464787,543565.4292464787,581,0.9981636733690867,0.0,0.0,1000.0,21.328682792206113,25.704708293036674,28.972819365853866,22.44534833662973,3.55937473343252,447.36436856039046,1896.7116905339328,936.4671809804191,0.4937319602415691,1019.7706225606273,0.03109081447145497,338.6535267886587,1,0,1,16,99.38937189467718,556,207.0,0.3386535267886587,381.44194308717033,238642.1178391648,868.8267410806611,500000.0,0.3683962350964404,0,12,31.027658692190975,7,E5,supervised,1322.6,4,marketplace
3.990878335532129,10.675146294068513,9.311185738893755,18.5124667473708,4.42535428042215,5.970915850418534,5.016140661867894,5.018809284742156,,,23.747932369130716,29.778070032130927,5.5528183648113965,4.99718314029783,6.176146646972773,10.675146294068513,1.0,1.0,38363.5914215517,540361.5398106,526845.8481339898,560,0.9749876875372228,13515.69167661024,0.02501231246277737,0.0,21.754327386092445,25.704708293039516,28.972819365853912,22.80701157885499,3.990878335532129,438.58289660809595,1760.4668396644895,877.3454695133534,0.498359554264912,968.6956046739699,0.032802674062087284,356.43886966535615,5,0,0,17,0.0,538,207.0,0.35643886966535615,393.58085406593074,254157.17433191766,815.8590817462714,500000.0,0.41916432023398925,0,15,45.18363363980908,8,E5,supervised,1322.6,4,marketplace
5.105041681630001,11.917650345837734,5.748915110623391,12.568922453051934,5.804346150159783,10.559304557503857,36.08419072951983,36.08419072951983,41.101748138852145,51.03419246237836,23.422939092016687,28.972819365853866,3.5706325500131118,5.5934091747244565,6.477590327612961,11.917650345837734,1.0,1.0,47374.080402398526,549779.8663554897,548779.8663554897,604,0.9981810901759116,0.0,0.0,1000.0,20.399556270337115,25.382608026528942,28.168468878954222,23.038586998940467,5.105041681630001,460.318261271794,2050.1254501169724,1011.0777114554733,0.49317845959025824,1134.5934404988586,0.03558904833247684,387.48456070599866,4,0,2,23,0.0,571,207.0,0.3874845607059987,377.9065109257564,234128.86001708312,885.7835148796865,500000.0,0.38441676334848,0,13,36.44666791469508,9,E5,supervised,1322.6,4,marketplace
2.2985999923516665,2.7950995544200623,4.407723315258522,7.053902860730363,5.620095667489039,10.274981424893209,,,,,22.849610848896546,28.81176923259911,3.0222719182369473,6.062837536367556,5.013909491373781,2.7950995544200623,1.0,1.0,13819.243346008723,516514.44304295897,516514.44304295897,540,1.0,0.0,0.0,0.0,21.42116869515842,25.70470829303956,28.811769232597726,22.274535577053097,2.2985999923516665,424.7142270199004,1684.0032527009737,840.7363321342692,0.49924863909010375,910.185999683791,0.027905944558111274,304.16348185595876,1,0,2,17,0.0,520,207.0,0.30416348185595876,401.35211371933366,263968.4615732562,785.3368627688319,500000.0,0.3555301211225461,0,10,26.16744834583803,10,E5,supervised,1322.6,4,marketplace
5.263808027103837,11.414764079273482,8.658409434587838,16.146526323644416,3.2704887852332605,5.731484531760042,,,7.552558473439603,7.552558473439603,23.60626267572747,28.972819365853912,2.7018388861143063,3.918979080091777,4.809894685048854,11.414764079273482,0.9523809523809523,1.0,26006.043708159235,531772.2574830158,531772.2574830158,543,1.0,0.0,0.0,0.0,22.113214111786075,25.704708293039516,28.811769232597726,22.558144582385133,5.263808027103837,431.7633024338662,1629.385919409345,800.9449355609439,0.49156245062636095,922.6090209348494,0.0296203905575191,323.4845402924644,3,0,0,19,0.0,515,207.0,0.3234845402924644,389.87269761231227,248344.72973638674,834.8213580387329,500000.0,0.3758897749873065,0,4,12.433225483121547,11,E5,supervised,1322.6,4,marketplace
14.84961253331429,41.05624288876735,13.900557244922197,32.80969193667545,4.995980005050114,4.995980005050114,,,,,24.37082642104124,31.51672494755478,3.196996675690246,5.566280269568235,12.628474782083329,41.05624288876735,0.7142857142857143,0.8571428571428571,3605.0987133016765,503977.3460501888,503977.3460501888,521,1.0,0.0,0.0,0.0,23.80065028494863,25.704708293039857,31.507061939559435,24.24611487922998,14.84961253331429,445.4686299752517,1511.680601883942,752.2817113928597,0.49764593820634045,831.247236651876,0.029919487127439123,327.45179446507933,5,0,0,20,0.0,495,207.0,0.3274517944650793,411.3824826043238,280058.99423501076,740.2992086034801,500000.0,0.3913937786201502,0,1,3.662249598907491,12,E5,supervised,1322.6,4,marketplace
2.62151995821396,3.719356630929178,2.9687951445968337,3.9938848375770846,5.042998100825685,6.00105370870092,,,,,23.054776778578205,28.972819365853866,2.094570514343445,3.2217360023872974,3.8906631251429897,3.719356630929178,1.0,1.0,6216.486291594783,506496.9548278934,506496.9548278934,522,1.0,0.0,0.0,0.0,22.210439405465166,25.70470829303963,28.972819365853866,22.821595477627977,2.62151995821396,427.1196751817149,1558.9378998088446,783.8573305152707,0.5028149810273947,879.1614865721906,0.02744536641082308,299.86751795955536,3,0,0,15,0.0,505,207.0,0.29986751795955535,409.2815673263023,275383.50290929194,752.7679230162225,500000.0,0.3583793948526039,0,5,13.65311362866234,13,E5,supervised,1322.6,4,marketplace
7.879130014787401,20.242950349273084,7.755920742393426,13.845093647914428,6.898283699999553,10.039048874471177,5.694903272366986,6.260903690555369,,,22.873201943069436,28.972819365853866,3.1447494891500747,5.7594259748797425,6.840456123044532,20.242950349273084,0.896551724137931,0.9516129032258065,58929.484502104126,566652.9292862886,566652.9292862886,576,1.0,0.0,0.0,0.0,20.720238345264104,25.382608026528942,28.811769232598408,20.930649345521662,7.879130014787401,429.803144981053,1896.088265700833,949.3177315617987,0.5006716980081681,1075.881034167297,0.03058984232296217,333.54871070265625,0,0,1,23,0.0,552,207.0,0.33354871070265624,365.89160312264454,216988.55201830564,955.5045498124322,500000.0,0.3808839924786807,0,10,26.09750097201811,14,E5,supervised,1322.6,4,marketplace
9.201121382717481,22.458385663928766,12.847470373183699,38.132680545839776,6.593765447008578,6.865951412579307,5.817547877295575,6.572374103499351,7.143042659128923,8.176248719180558,24.57611627086812,29.67924491481804,4.268650790642318,6.996300917625564,9.821823920385155,22.458385663928766,0.9142857142857143,0.972972972972973,64862.71277757866,573615.9384122626,573615.9384122626,603,1.0,0.0,0.0,0.0,21.76233527925339,25.382608026528942,28.97281936585432,22.287916226616513,9.201121382717481,459.5405528064841,2080.9253309183036,1026.75321295655,0.49341184794143866,1193.387583097419,0.0367675542456222,400.77413276419804,5,0,2,21,0.0,567,207.0,0.40077413276419804,361.5673140234529,210237.8896744244,986.5052129944141,500000.0,0.39233089837722607,0,11,30.445352400695693,15,E5,supervised,1322.6,4,marketplace
4.579431333571521,14.479178295617384,7.6055310576078625,14.741807666480781,33.84632644764497,65.23908835396979,,,,,23.88012891889051,28.972819365853912,2.995194295443639,3.8054034896699704,16.352462854286898,14.479178295617384,1.0,0.9642857142857143,8440.199489225186,509188.49886297405,509188.49886297405,531,1.0,0.0,0.0,0.0,22.943938612726978,25.70470829303963,28.972819365853866,23.61431814815741,4.579431333571521,445.8375635814315,1552.9341563813302,770.7280159212876,0.4963043750143594,850.013899776641,0.027194459916576173,296.6048287264338,1,0,1,17,0.0,504,207.0,0.2966048287264338,407.1117185317874,275155.1888643072,753.3806855845077,500000.0,0.3727376868676089,0,6,15.851629567615955,16,E5,supervised,1322.6,4,marketplace
5.711095791423983,7.775537946342591,3.6055627635272947,6.4152587981338005,3.838097498426066,4.89265749178004,,,,,23.52860211674639,28.81176923259909,2.7434520925651937,4.7992426520195295,3.7024522364017827,7.775537946342591,0.9333333333333333,1.0,10188.61735102234,511539.3687118152,511539.3687118152,538,1.0,0.0,0.0,0.0,22.164637351486235,25.70470829303963,28.811769232597726,23.08954959966362,5.711095791423983,436.8391620550337,1633.2835411949768,811.8007628288022,0.49703602733598584,910.5361300492136,0.030251752827085504,330.4733012191567,5,0,0,13,0.0,523,207.0,0.3304733012191567,405.30697338765816,270880.2721032687,765.3952489466554,500000.0,0.3769864138068595,0,6,14.732451798064856,17,E5,supervised,1322.6,4,marketplace
3.4694426777211804,5.423807447870786,5.466010587140863,7.405460643817327,4.734664100802911,8.08629505008448,9.652508886433074,17.446105273505964,6.202531654856557,6.931503624413653,23.25431193017529,28.972819365853866,5.8341848157892855,9.461526403689376,5.922423248453249,5.423807447870786,1.0,1.0,68261.72443658626,577118.2182746406,576118.2182746406,575,0.9982672527597732,0.0,0.0,1000.0,20.863274287082795,25.382608026528942,28.811769232598476,21.113229328832258,3.4694426777211804,437.33509359762843,1861.4529565418318,916.4621125253309,0.49233697220472067,1044.4874462880975,0.03177933299527196,347.3173248545007,2,0,4,22,0.0,549,207.0,0.34731732485450073,359.90411472461057,214681.93483038596,965.83495713635,500000.0,0.3505895104458072,0,4,9.764275488896569,18,E5,supervised,1322.6,4,marketplace
9.789262811736226,35.80854814767081,6.397579503208629,7.770236570426598,9.642598639392693,29.218179789552053,,,114.13478743119595,114.13478743119595,24.29971437996863,29.892355311750094,3.0390296648777246,4.277065627633817,7.542880374803004,35.80854814767081,0.8285714285714286,0.9855072463768116,37728.11627304937,538786.9281851918,536786.9281851918,582,0.9962879574552103,0.0,0.0,2000.0,22.091101538003322,25.382608026528942,30.120925870986586,25.554738084887752,9.789262811736226,495.95406000535564,1935.5164214202714,959.4649255894676,0.49571520808147806,1037.402600039612,0.03513493204010575,382.8275428398219,2,1,2,19,0.0,544,207.0,0.3828275428398219,386.34105387769915,243321.2229142499,852.3006133991225,500000.0,0.3535024780884825,0,14,35.56524054623648,19,E5,supervised,1322.6,4,marketplace
2.9599656531043776,2.398065408800991,3.39153612338861,6.136356051912663,2.909540259713547,4.687310402732123,,,,,22.991545702942144,28.50112747915,3.5104848585164063,7.1035627523324365,3.2393269032806953,2.398065408800991,0.9583333333333334,1.0,13968.57625752051,515078.73700219905,515078.73700219905,554,1.0,0.0,0.0,0.0,21.05952088763825,25.51542060502254,28.36059240933964,22.41046769401564,2.9599656531043776,429.28242774367874,1794.509002912033,899.2110011880808,0.5010902702237154,983.8086291861954,0.027712338177286567,60.5341107968463,3,0,0,13,0.0,536,207.0,0.0605341107968463,401.9978291394949,267032.8386359332,775.4122495514446,500000.0,0.365214624565231,0,5,15.231304687125249,0,E5,autonomous,2.6,1,marketplace
2.002273533987905,2.1902101704262464,3.7013343731120756,4.812801445418245,4.044109570760338,5.195528348087646,11.339669531050882,19.999147835876467,,,23.072599220012115,29.126172519020244,3.3546794240575246,4.820394045863032,5.460540191830485,2.1902101704262464,1.0,1.0,22776.714596747763,525519.2910413912,524519.2910413912,535,0.9980971202826477,0.0,0.0,1000.0,21.762974640093258,25.544237563735805,28.50553752926953,22.27935577872252,2.002273533987905,428.84149595409065,1678.8190902623937,844.8305569353865,0.5032290625211692,942.571348807767,0.027773694044587474,60.424909542014824,3,0,4,21,0.0,507,207.0,0.06042490954201482,394.76226793954527,255052.61496725449,811.8341579682526,500000.0,0.38562007634836853,0,9,33.257644095759126,1,E5,autonomous,2.6,1,marketplace
5.289863194418672,9.919998996152573,5.668458224148509,8.766770463278588,4.300004762765259,7.68473987670086,4.604366980930195,4.897649500118973,,,22.66453169379033,28.360592409339368,3.469891752277528,5.523893067744211,5.022276770727501,9.919998996152573,1.0,1.0,29310.196036041838,532277.3226155266,516873.34282247716,548,0.9710602365748803,14403.979793049497,0.02706104352195697,1000.0,21.066612304900143,25.51542060502254,28.36059240933855,22.030243648422058,5.289863194418672,417.15365938720345,1723.1624642456711,850.8468612878302,0.4937705404697842,947.0014294262153,0.029022958005186773,63.40537595079827,4,0,1,18,0.0,524,207.0,0.06340537595079827,400.6076309628291,263535.6536391338,785.7130620340581,500000.0,0.4034931508629909,0,7,18.649708771619657,2,E5,autonomous,2.6,1,marketplace
2.508935106305829,4.408495172055882,3.8390327371676345,5.462813202767575,4.846372888884389,7.468877361869361,24.997154986599526,24.997154986599526,52.556082358230924,52.556082358230924,23.93495809870847,28.505537529268622,3.9279733789839577,4.2831973604385905,5.140346227442611,4.408495172055882,1.0,1.0,28096.063942230638,531327.860284328,530327.860284328,561,0.998117922897051,0.0,0.0,1000.0,21.804216787563618,25.544237563735805,28.36059240933912,23.527056930782283,2.508935106305829,463.74048179817237,1857.7462791345072,909.0531801001899,0.48933118064093367,995.000741524452,0.03040071385805064,66.47859907797626,2,1,3,14,0.0,545,207.0,0.06647859907797625,390.4499350421872,249145.76930898,831.1057385135965,500000.0,0.3756439251376791,0,2,6.686917343769473,3,E5,autonomous,2.6,1,marketplace
2.3353457242811952,3.850155001632448,4.253385182716784,5.890402410794377,2.873257019756819,5.196705321832087,,,107.50700938400041,189.3346390563278,23.75661562746779,28.50553752926902,4.707175565239053,4.777696738529631,3.5227290964438613,3.850155001632448,1.0,1.0,32491.15341102122,538255.453584505,538255.4535845051,550,1.0000000000000002,0.0,0.0,0.0,22.28443224095748,25.544237563735578,28.360592409339915,27.456428289786807,2.3353457242811952,552.5054584531979,1727.6884781993188,856.1280684202942,0.49553381829147386,928.0609124963559,0.029515800980217482,64.4237988070639,4,0,2,21,0.0,526,207.0,0.0644237988070639,384.695449753206,249102.5006994499,831.2418511150834,500000.0,0.36777135566344005,0,7,19.816906516895337,4,E5,autonomous,2.6,1,marketplace
9.092328153126983,38.83872035304817,20.01872768360327,67.33172191377164,16.54602217806473,48.04299412190794,28.19885176147818,52.69209817914816,,,23.227385017534495,28.97798627496668,5.367434310294577,8.351341580736516,20.497183997332073,38.83872035304817,0.8518518518518519,0.8596491228070176,43452.69323580841,547328.4080016714,546328.4080016714,572,0.998172943363837,0.0,0.0,1000.0,21.91739939295248,25.544237563735635,30.265973915951143,23.192376987004835,9.092328153126983,464.3085192194413,1826.6606983411953,905.657666125277,0.4957996123460212,1009.0269684580041,0.03038138985451942,66.23471492515637,5,0,0,21,0.0,540,207.0,0.06623471492515637,379.01421870468,233658.4137339503,886.1920758851692,500000.0,0.37740874527567386,0,10,29.01171974826643,5,E5,autonomous,2.6,1,marketplace
2.2192424499221852,2.745932042296954,3.6035774777669234,4.695867707685101,3.9103846683891073,7.412512091408283,30.701668468258106,37.423371168417795,,,23.766243763305365,28.50553752926953,5.91480313761105,8.799541456551745,8.209411406780257,2.745932042296954,1.0,1.0,31608.77227884693,533346.8920584851,533346.8920584851,565,1.0,0.0,0.0,0.0,21.626865459826853,25.544237563735805,28.50553752926953,23.38897937637223,2.2192424499221852,452.78063373491796,1848.8542442091446,934.6708314089334,0.5055405715926206,999.4342755686549,0.03208776294925824,69.94303914163041,4,1,0,21,0.0,537,207.0,0.0699430391416304,388.2462729649412,247638.7008494776,836.177634306865,500000.0,0.4250306203383179,0,11,31.612550145971372,6,E5,autonomous,2.6,1,marketplace
3.2696977876001214,3.3833892681694113,15.398493272659541,53.90047604108677,2.021458861337019,2.2634433286384934,5.289675528347701,5.721478906845315,10.175342153210863,10.175342153210863,23.556371310598106,28.689863009860062,3.558400087441572,4.883985552855555,9.539703889720942,3.3833892681694113,0.972972972972973,0.9508196721311475,40773.60461111535,544565.4292464787,543565.4292464787,581,0.9981636733690867,0.0,0.0,1000.0,20.97401779584338,25.544237563735606,28.50553752926953,22.067801521342695,3.2696977876001214,444.7341838555449,1891.7172536287349,933.9699625278203,0.49371541161146465,1021.1371093157908,0.02760786351881724,60.13886060493098,0,0,1,17,99.38937189467718,553,207.0,0.06013886060493098,380.9295582826955,238321.55373470674,868.8267410806611,500000.0,0.3616036583026325,0,12,31.027658692190975,7,E5,autonomous,2.6,1,marketplace
4.20428562736532,11.471520776954016,4.996387368860013,8.95214451441452,6.138751399285409,23.026471640435027,4.6735953308768785,4.774448558446738,,,23.94602774062699,28.61405639972633,2.33136071498537,4.249420105308127,5.614002513188877,11.471520776954016,1.0,1.0,38363.5914215517,540361.5398106,526845.8481339898,560,0.9749876875372228,13515.69167661024,0.02501231246277737,0.0,21.848606066751426,25.544237563735635,28.50553752926953,23.062020255164885,4.20428562736532,446.69483814293744,1783.2379217149687,890.8781414467816,0.4995845650197982,969.7734282473175,0.030715655179988997,66.73430346210323,5,0,1,14,0.0,542,207.0,0.06673430346210323,393.03096918550636,253802.08290413927,815.8590817462714,500000.0,0.4106725842152377,0,17,51.15998403936477,8,E5,autonomous,2.6,1,marketplace
4.56260566110238,10.986120117437304,5.467865521233236,11.22118401222717,4.979666167939229,8.479588851063818,35.107389822667756,35.107389822667756,40.10927852122995,49.62342555105979,23.14268186906422,28.360592409339915,3.132623333249533,5.06406825725162,5.952794264073757,10.986120117437304,1.0,1.0,47374.080402398526,549779.8663554897,548779.8663554897,604,0.9981810901759116,0.0,0.0,1000.0,20.077290879990162,25.25434732387589,27.76220913482949,22.70158078387939,4.56260566110238,458.6309458819777,2055.3966537765127,1013.8630068962572,0.4932687834406178,1139.6788028572364,0.03245945179904529,70.6874061036775,4,0,2,22,0.0,572,207.0,0.0706874061036775,377.3292354569856,233771.21376460645,885.7835148796865,500000.0,0.3795111859385827,0,13,36.44666791469508,9,E5,autonomous,2.6,1,marketplace
2.098147393996815,2.5215895989780392,3.864674657444425,6.353901706735724,5.274347822686337,9.863273415488308,,,,,22.664563521515117,28.360592409339915,2.8087799009234686,5.542488957240765,4.569511240065381,2.5215895989780392,1.0,1.0,13819.243346008723,516514.44304295897,516514.44304295897,540,1.0,0.0,0.0,0.0,21.227510746525546,25.544237563735635,28.360592409338597,22.08617192693477,2.098147393996815,421.52594823784335,1675.777423996242,836.4737241708896,0.49915562305174327,905.5862828392156,0.025589580224572736,55.76204202119911,1,0,2,18,0.0,519,207.0,0.05576204202119911,400.87119504768657,263652.16234981344,785.3368627688319,500000.0,0.3659736472605058,0,11,30.218763859837413,10,E5,autonomous,2.6,1,marketplace
4.513888797237368,10.204924596169803,7.7632899140987774,14.426693675594471,2.9358415646201137,4.866767879314603,,,6.827302626095843,6.827302626095843,23.44589847470701,28.50553752926953,2.4422264260745123,3.542681172082485,4.315112521614018,10.204924596169803,1.0,1.0,26006.043708159235,531772.2574830158,531772.2574830158,543,1.0,0.0,0.0,0.0,21.919107486200186,25.544237563735635,28.47654850528288,22.367269182496486,4.513888797237368,433.88571958071117,1634.8068166798992,803.7302310017276,0.49163621218194414,929.5132871241557,0.02715176085786475,59.30778374249757,3,0,0,18,0.0,516,207.0,0.05930778374249757,389.37591209401467,248028.2826857619,834.8213580387329,500000.0,0.37810985013657294,0,4,12.433225483121547,11,E5,autonomous,2.6,1,marketplace
10.49326393160553,26.807586071196987,13.188024330830293,31.549291174207042,4.526382004545667,4.526382004545667,,,,,23.962960285074974,30.03032834466709,3.016358706686723,5.3834249985942755,11.950646855646776,26.807586071196987,0.8571428571428571,0.8571428571428571,3605.0987133016765,503977.3460501888,503977.3460501888,521,1.0,0.0,0.0,0.0,23.33915936467382,25.544237563735805,29.975551950613863,23.819021363814954,10.49326393160553,446.60074059746444,1518.1410410778933,755.5119309898353,0.4976559559007872,828.5711474524244,0.026451631987254722,57.87596092755109,4,0,0,19,0.0,497,207.0,0.05787596092755109,410.84758587602784,279694.84980475256,740.2992086034801,500000.0,0.37911489256528635,0,2,6.297851428677579,12,E5,autonomous,2.6,1,marketplace
2.328499106683961,3.3606209678365073,2.6803156301368363,3.6028963538190966,4.563698290742877,5.430948337830387,,,,,22.86307965213845,28.505537529269123,1.8991134629092812,2.921562402148993,3.5173745904061877,3.3606209678365073,1.0,1.0,6216.486291594783,506496.9548278934,506496.9548278934,522,1.0,0.0,0.0,0.0,22.014022524043867,25.544237563735805,28.50553752926903,22.626211178127186,2.328499106683961,427.72243817998054,1552.7133031816666,777.6327338880933,0.500821840255149,877.6585869031412,0.02506054004100182,54.771444782998934,3,0,0,15,0.0,505,207.0,0.05477144478299894,408.7976629891877,275057.9097673917,752.7679230162225,500000.0,0.3630929251433404,0,5,13.264047713570447,13,E5,autonomous,2.6,1,marketplace
5.398533239441024,18.71009680015586,6.485609468956265,10.460752493486508,5.016736035751055,9.367023882395529,6.230628694503054,8.924693446052697,,,22.612225460497015,28.50553752926953,2.7736474162256366,5.289648923179903,5.71161488935296,18.71009680015586,1.0,1.0,58929.484502104126,566652.9292862886,566652.9292862886,576,1.0,0.0,0.0,0.0,20.295112064875184,25.25434732387589,28.360592409339915,20.650895755952593,5.398533239441024,428.0156751389623,1881.174552662476,943.5143771105106,0.5015559963721229,1072.9638414804851,0.027813076928139512,60.59215055597402,0,0,1,22,0.0,549,207.0,0.06059215055597403,365.40990339775215,216702.88455581132,955.5045498124322,500000.0,0.38600021823993186,0,12,32.39535240069569,14,E5,autonomous,2.6,1,marketplace
9.217427013512022,26.038677482758253,10.342379071923363,30.516214750124618,5.181944641026927,3.7697355163863904,5.153455016685841,5.598590089085156,6.32692557703399,7.151360778135176,24.32587965538878,28.53420545765594,4.218380241658577,7.856091335865313,7.955526581499685,26.038677482758253,0.8571428571428571,0.9864864864864865,64862.71277757866,573615.9384122626,573615.9384122626,603,1.0,0.0,0.0,0.0,21.43012508710555,25.254347323876573,28.476548505282892,21.96457859353705,9.217427013512022,457.586355708812,2083.177319469795,1029.8376076589077,0.49435907257334166,1187.8042010772103,0.03301205873152561,71.99539186648639,4,0,2,20,0.0,566,207.0,0.07199539186648639,360.99414525515175,209904.6134417528,986.5052129944141,500000.0,0.39254642073810303,0,11,27.954970971604414,15,E5,autonomous,2.6,1,marketplace
10.043195774546826,19.20469990689739,17.13468021695573,44.122733695157876,28.52081086933534,59.97252518741553,,,,,23.61438422840931,28.50553752926902,2.703008199232727,3.430863140702968,20.930057101082266,19.20469990689739,0.8947368421052632,0.8571428571428571,8440.199489225186,509188.49886297405,509188.49886297405,531,1.0,0.0,0.0,0.0,22.965145710788104,25.544237563735805,28.50553752926953,23.354509757766667,10.043195774546826,445.7387534155618,1547.2240704896838,768.1487446201272,0.49646897257552,842.13827316954,0.024620741978340036,53.708013607751354,1,0,1,19,0.0,504,207.0,0.053708013607751355,406.6346912311687,274832.77972936863,753.3806855845077,500000.0,0.3732550309588564,0,6,15.851629567615955,16,E5,autonomous,2.6,1,marketplace
2.9442790473932634,4.473919988709531,3.2054370642068926,5.645738534011071,3.469279749121699,4.433391742602305,,,,,23.339759912622263,28.360592409339098,2.4809250651271877,4.349318386817686,3.3153715162547286,4.473919988709531,1.0,1.0,10188.61735102234,511539.3687118152,511539.3687118152,538,1.0,0.0,0.0,0.0,21.897990289839193,25.544237563735805,28.236628375048465,22.890663694771696,2.9442790473932634,436.0219236662027,1637.9294744761817,814.0488826638979,0.49699873855938453,909.0172830661004,0.027040412208255343,59.07749213334224,4,0,0,12,0.0,524,207.0,0.05907749213334224,404.7764261303293,270525.68954026053,765.3952489466554,500000.0,0.3826441016958399,0,6,14.732451798064856,17,E5,autonomous,2.6,1,marketplace
3.072923384891273,4.949759006147178,4.822355363108545,6.681135364076085,4.1498143363443285,6.354643865380057,8.114529341731517,14.68775168160164,5.450239200986289,6.177211045817421,22.947067148997153,28.360592409339915,5.462066810644546,8.533868208390603,5.1341272492464345,4.949759006147178,1.0,1.0,68261.72443658626,577118.2182746406,576118.2182746406,575,0.9982672527597732,0.0,0.0,1000.0,20.52271913833666,25.254347323875834,28.34398925420437,20.723312705074168,3.072923384891273,435.576628368736,1883.4453487534402,930.308326943551,0.49393964500179227,1058.4786004586965,0.028971340501047577,63.327288837423524,2,0,4,20,0.0,553,207.0,0.06332728883742353,359.4111776380738,214387.8990493048,965.83495713635,500000.0,0.3507345892488704,0,4,9.764275488896569,18,E5,autonomous,2.6,1,marketplace
8.778971082690171,31.40737985186425,5.992224590046117,7.015703816636007,8.852078156049464,28.146127177656854,,,113.44952101666786,113.44952101666786,23.736567848207642,29.230263128918203,2.818519440497458,3.962877256208867,7.001584672164945,31.40737985186425,0.8285714285714286,1.0,37728.11627304937,538786.9281851918,536786.9281851918,582,0.9962879574552103,0.0,0.0,2000.0,21.51037362257526,25.25434732387589,29.229470776152038,24.974612326587856,8.778971082690171,494.0355258952742,1941.5246119403473,964.6407099586766,0.4968470160131634,1035.1301926701515,0.02980093884235131,64.92206272486925,2,0,2,18,0.0,545,207.0,0.06492206272486925,385.7488161322873,242948.22602193616,852.3006133991225,500000.0,0.3760395904613187,0,14,35.56524054623648,19,E5,autonomous,2.6,1,marketplace
2.9599656531043776,2.398065408800991,3.39153612338861,6.136356051912663,2.909540259713547,4.687310402732123,,,,,22.991545702942144,28.50112747915,3.5104848585164063,7.1035627523324365,3.2393269032806953,2.398065408800991,0.9583333333333334,1.0,13968.57625752051,515078.73700219905,515078.73700219905,554,1.0,0.0,0.0,0.0,21.05952088763825,25.51542060502254,28.36059240933964,22.41046769401564,2.9599656531043776,429.28242774367874,1794.509002912033,899.2110011880808,0.5010902702237154,983.8086291861954,0.027712338177286567,60.5341107968463,3,0,0,13,0.0,536,207.0,0.0605341107968463,401.9978291394949,267032.8386359332,775.4122495514446,500000.0,0.365214624565231,0,5,15.231304687125249,0,E5,autonomous,2.6,2,marketplace
2.002273533987905,2.1902101704262464,3.7013343731120756,4.812801445418245,4.044109570760338,5.195528348087646,11.339669531050882,19.999147835876467,,,23.072599220012115,29.126172519020244,3.3546794240575246,4.820394045863032,5.460540191830485,2.1902101704262464,1.0,1.0,22776.714596747763,525519.2910413912,524519.2910413912,535,0.9980971202826477,0.0,0.0,1000.0,21.762974640093258,25.544237563735805,28.50553752926953,22.27935577872252,2.002273533987905,428.84149595409065,1678.8190902623937,844.8305569353865,0.5032290625211692,942.571348807767,0.027773694044587474,60.424909542014824,3,0,4,21,0.0,507,207.0,0.06042490954201482,394.76226793954527,255052.61496725449,811.8341579682526,500000.0,0.38562007634836853,0,9,33.257644095759126,1,E5,autonomous,2.6,2,marketplace
5.289863194418672,9.919998996152573,5.668458224148509,8.766770463278588,4.300004762765259,7.68473987670086,4.604366980930195,4.897649500118973,,,22.66453169379033,28.360592409339368,3.469891752277528,5.523893067744211,5.022276770727501,9.919998996152573,1.0,1.0,29310.196036041838,532277.3226155266,516873.34282247716,548,0.9710602365748803,14403.979793049497,0.02706104352195697,1000.0,21.066612304900143,25.51542060502254,28.36059240933855,22.030243648422058,5.289863194418672,417.15365938720345,1723.1624642456711,850.8468612878302,0.4937705404697842,947.0014294262153,0.029022958005186773,63.40537595079827,4,0,1,18,0.0,524,207.0,0.06340537595079827,400.6076309628291,263535.6536391338,785.7130620340581,500000.0,0.4034931508629909,0,7,18.649708771619657,2,E5,autonomous,2.6,2,marketplace
2.508935106305829,4.408495172055882,3.8390327371676345,5.462813202767575,4.846372888884389,7.468877361869361,24.997154986599526,24.997154986599526,52.556082358230924,52.556082358230924,23.93495809870847,28.505537529268622,3.9279733789839577,4.2831973604385905,5.140346227442611,4.408495172055882,1.0,1.0,28096.063942230638,531327.860284328,530327.860284328,561,0.998117922897051,0.0,0.0,1000.0,21.804216787563618,25.544237563735805,28.36059240933912,23.527056930782283,2.508935106305829,463.74048179817237,1857.7462791345072,909.0531801001899,0.48933118064093367,995.000741524452,0.03040071385805064,66.47859907797626,2,1,3,14,0.0,545,207.0,0.06647859907797625,390.4499350421872,249145.76930898,831.1057385135965,500000.0,0.3756439251376791,0,2,6.686917343769473,3,E5,autonomous,2.6,2,marketplace
2.3353457242811952,3.850155001632448,4.253385182716784,5.890402410794377,2.873257019756819,5.196705321832087,,,107.50700938400041,189.3346390563278,23.75661562746779,28.50553752926902,4.707175565239053,4.777696738529631,3.5227290964438613,3.850155001632448,1.0,1.0,32491.15341102122,538255.453584505,538255.4535845051,550,1.0000000000000002,0.0,0.0,0.0,22.28443224095748,25.544237563735578,28.360592409339915,27.456428289786807,2.3353457242811952,552.5054584531979,1727.6884781993188,856.1280684202942,0.49553381829147386,928.0609124963559,0.029515800980217482,64.4237988070639,4,0,2,21,0.0,526,207.0,0.0644237988070639,384.695449753206,249102.5006994499,831.2418511150834,500000.0,0.36777135566344005,0,7,19.816906516895337,4,E5,autonomous,2.6,2,marketplace
9.092328153126983,38.83872035304817,20.01872768360327,67.33172191377164,16.54602217806473,48.04299412190794,28.19885176147818,52.69209817914816,,,23.227385017534495,28.97798627496668,5.367434310294577,8.351341580736516,20.497183997332073,38.83872035304817,0.8518518518518519,0.8596491228070176,43452.69323580841,547328.4080016714,546328.4080016714,572,0.998172943363837,0.0,0.0,1000.0,21.91739939295248,25.544237563735635,30.265973915951143,23.192376987004835,9.092328153126983,464.3085192194413,1826.6606983411953,905.657666125277,0.4957996123460212,1009.0269684580041,0.03038138985451942,66.23471492515637,5,0,0,21,0.0,540,207.0,0.06623471492515637,379.01421870468,233658.4137339503,886.1920758851692,500000.0,0.37740874527567386,0,10,29.01171974826643,5,E5,autonomous,2.6,2,marketplace
2.2192424499221852,2.745932042296954,3.6035774777669234,4.695867707685101,3.9103846683891073,7.412512091408283,30.701668468258106,37.423371168417795,,,23.766243763305365,28.50553752926953,5.91480313761105,8.799541456551745,8.209411406780257,2.745932042296954,1.0,1.0,31608.77227884693,533346.8920584851,533346.8920584851,565,1.0,0.0,0.0,0.0,21.626865459826853,25.544237563735805,28.50553752926953,23.38897937637223,2.2192424499221852,452.78063373491796,1848.8542442091446,934.6708314089334,0.5055405715926206,999.4342755686549,0.03208776294925824,69.94303914163041,4,1,0,21,0.0,537,207.0,0.0699430391416304,388.2462729649412,247638.7008494776,836.177634306865,500000.0,0.4250306203383179,0,11,31.612550145971372,6,E5,autonomous,2.6,2,marketplace
3.2696977876001214,3.3833892681694113,15.398493272659541,53.90047604108677,2.021458861337019,2.2634433286384934,5.289675528347701,5.721478906845315,10.175342153210863,10.175342153210863,23.556371310598106,28.689863009860062,3.558400087441572,4.883985552855555,9.539703889720942,3.3833892681694113,0.972972972972973,0.9508196721311475,40773.60461111535,544565.4292464787,543565.4292464787,581,0.9981636733690867,0.0,0.0,1000.0,20.97401779584338,25.544237563735606,28.50553752926953,22.067801521342695,3.2696977876001214,444.7341838555449,1891.7172536287349,933.9699625278203,0.49371541161146465,1021.1371093157908,0.02760786351881724,60.13886060493098,0,0,1,17,99.38937189467718,553,207.0,0.06013886060493098,380.9295582826955,238321.55373470674,868.8267410806611,500000.0,0.3616036583026325,0,12,31.027658692190975,7,E5,autonomous,2.6,2,marketplace
4.20428562736532,11.471520776954016,4.996387368860013,8.95214451441452,6.138751399285409,23.026471640435027,4.6735953308768785,4.774448558446738,,,23.94602774062699,28.61405639972633,2.33136071498537,4.249420105308127,5.614002513188877,11.471520776954016,1.0,1.0,38363.5914215517,540361.5398106,526845.8481339898,560,0.9749876875372228,13515.69167661024,0.02501231246277737,0.0,21.848606066751426,25.544237563735635,28.50553752926953,23.062020255164885,4.20428562736532,446.69483814293744,1783.2379217149687,890.8781414467816,0.4995845650197982,969.7734282473175,0.030715655179988997,66.73430346210323,5,0,1,14,0.0,542,207.0,0.06673430346210323,393.03096918550636,253802.08290413927,815.8590817462714,500000.0,0.4106725842152377,0,17,51.15998403936477,8,E5,autonomous,2.6,2,marketplace
4.56260566110238,10.986120117437304,5.467865521233236,11.22118401222717,4.979666167939229,8.479588851063818,35.107389822667756,35.107389822667756,40.10927852122995,49.62342555105979,23.14268186906422,28.360592409339915,3.132623333249533,5.06406825725162,5.952794264073757,10.986120117437304,1.0,1.0,47374.080402398526,549779.8663554897,548779.8663554897,604,0.9981810901759116,0.0,0.0,1000.0,20.077290879990162,25.25434732387589,27.76220913482949,22.70158078387939,4.56260566110238,458.6309458819777,2055.3966537765127,1013.8630068962572,0.4932687834406178,1139.6788028572364,0.03245945179904529,70.6874061036775,4,0,2,22,0.0,572,207.0,0.0706874061036775,377.3292354569856,233771.21376460645,885.7835148796865,500000.0,0.3795111859385827,0,13,36.44666791469508,9,E5,autonomous,2.6,2,marketplace
2.098147393996815,2.5215895989780392,3.864674657444425,6.353901706735724,5.274347822686337,9.863273415488308,,,,,22.664563521515117,28.360592409339915,2.8087799009234686,5.542488957240765,4.569511240065381,2.5215895989780392,1.0,1.0,13819.243346008723,516514.44304295897,516514.44304295897,540,1.0,0.0,0.0,0.0,21.227510746525546,25.544237563735635,28.360592409338597,22.08617192693477,2.098147393996815,421.52594823784335,1675.777423996242,836.4737241708896,0.49915562305174327,905.5862828392156,0.025589580224572736,55.76204202119911,1,0,2,18,0.0,519,207.0,0.05576204202119911,400.87119504768657,263652.16234981344,785.3368627688319,500000.0,0.3659736472605058,0,11,30.218763859837413,10,E5,autonomous,2.6,2,marketplace
4.513888797237368,10.204924596169803,7.7632899140987774,14.426693675594471,2.9358415646201137,4.866767879314603,,,6.827302626095843,6.827302626095843,23.44589847470701,28.50553752926953,2.4422264260745123,3.542681172082485,4.315112521614018,10.204924596169803,1.0,1.0,26006.043708159235,531772.2574830158,531772.2574830158,543,1.0,0.0,0.0,0.0,21.919107486200186,25.544237563735635,28.47654850528288,22.367269182496486,4.513888797237368,433.88571958071117,1634.8068166798992,803.7302310017276,0.49163621218194414,929.5132871241557,0.02715176085786475,59.30778374249757,3,0,0,18,0.0,516,207.0,0.05930778374249757,389.37591209401467,248028.2826857619,834.8213580387329,500000.0,0.37810985013657294,0,4,12.433225483121547,11,E5,autonomous,2.6,2,marketplace
10.49326393160553,26.807586071196987,13.188024330830293,31.549291174207042,4.526382004545667,4.526382004545667,,,,,23.962960285074974,30.03032834466709,3.016358706686723,5.3834249985942755,11.950646855646776,26.807586071196987,0.8571428571428571,0.8571428571428571,3605.0987133016765,503977.3460501888,503977.3460501888,521,1.0,0.0,0.0,0.0,23.33915936467382,25.544237563735805,29.975551950613863,23.819021363814954,10.49326393160553,446.60074059746444,1518.1410410778933,755.5119309898353,0.4976559559007872,828.5711474524244,0.026451631987254722,57.87596092755109,4,0,0,19,0.0,497,207.0,0.05787596092755109,410.84758587602784,279694.84980475256,740.2992086034801,500000.0,0.37911489256528635,0,2,6.297851428677579,12,E5,autonomous,2.6,2,marketplace
2.328499106683961,3.3606209678365073,2.6803156301368363,3.6028963538190966,4.563698290742877,5.430948337830387,,,,,22.86307965213845,28.505537529269123,1.8991134629092812,2.921562402148993,3.5173745904061877,3.3606209678365073,1.0,1.0,6216.486291594783,506496.9548278934,506496.9548278934,522,1.0,0.0,0.0,0.0,22.014022524043867,25.544237563735805,28.50553752926903,22.626211178127186,2.328499106683961,427.72243817998054,1552.7133031816666,777.6327338880933,0.500821840255149,877.6585869031412,0.02506054004100182,54.771444782998934,3,0,0,15,0.0,505,207.0,0.05477144478299894,408.7976629891877,275057.9097673917,752.7679230162225,500000.0,0.3630929251433404,0,5,13.264047713570447,13,E5,autonomous,2.6,2,marketplace
5.398533239441024,18.71009680015586,6.485609468956265,10.460752493486508,5.016736035751055,9.367023882395529,6.230628694503054,8.924693446052697,,,22.612225460497015,28.50553752926953,2.7736474162256366,5.289648923179903,5.71161488935296,18.71009680015586,1.0,1.0,58929.484502104126,566652.9292862886,566652.9292862886,576,1.0,0.0,0.0,0.0,20.295112064875184,25.25434732387589,28.360592409339915,20.650895755952593,5.398533239441024,428.0156751389623,1881.174552662476,943.5143771105106,0.5015559963721229,1072.9638414804851,0.027813076928139512,60.59215055597402,0,0,1,22,0.0,549,207.0,0.06059215055597403,365.40990339775215,216702.88455581132,955.5045498124322,500000.0,0.38600021823993186,0,12,32.39535240069569,14,E5,autonomous,2.6,2,marketplace
9.217427013512022,26.038677482758253,10.342379071923363,30.516214750124618,5.181944641026927,3.7697355163863904,5.153455016685841,5.598590089085156,6.32692557703399,7.151360778135176,24.32587965538878,28.53420545765594,4.218380241658577,7.856091335865313,7.955526581499685,26.038677482758253,0.8571428571428571,0.9864864864864865,64862.71277757866,573615.9384122626,573615.9384122626,603,1.0,0.0,0.0,0.0,21.43012508710555,25.254347323876573,28.476548505282892,21.96457859353705,9.217427013512022,457.586355708812,2083.177319469795,1029.8376076589077,0.49435907257334166,1187.8042010772103,0.03301205873152561,71.99539186648639,4,0,2,20,0.0,566,207.0,0.07199539186648639,360.99414525515175,209904.6134417528,986.5052129944141,500000.0,0.39254642073810303,0,11,27.954970971604414,15,E5,autonomous,2.6,2,marketplace
10.043195774546826,19.20469990689739,17.13468021695573,44.122733695157876,28.52081086933534,59.97252518741553,,,,,23.61438422840931,28.50553752926902,2.703008199232727,3.430863140702968,20.930057101082266,19.20469990689739,0.8947368421052632,0.8571428571428571,8440.199489225186,509188.49886297405,509188.49886297405,531,1.0,0.0,0.0,0.0,22.965145710788104,25.544237563735805,28.50553752926953,23.354509757766667,10.043195774546826,445.7387534155618,1547.2240704896838,768.1487446201272,0.49646897257552,842.13827316954,0.024620741978340036,53.708013607751354,1,0,1,19,0.0,504,207.0,0.053708013607751355,406.6346912311687,274832.77972936863,753.3806855845077,500000.0,0.3732550309588564,0,6,15.851629567615955,16,E5,autonomous,2.6,2,marketplace
2.9442790473932634,4.473919988709531,3.2054370642068926,5.645738534011071,3.469279749121699,4.433391742602305,,,,,23.339759912622263,28.360592409339098,2.4809250651271877,4.349318386817686,3.3153715162547286,4.473919988709531,1.0,1.0,10188.61735102234,511539.3687118152,511539.3687118152,538,1.0,0.0,0.0,0.0,21.897990289839193,25.544237563735805,28.236628375048465,22.890663694771696,2.9442790473932634,436.0219236662027,1637.9294744761817,814.0488826638979,0.49699873855938453,909.0172830661004,0.027040412208255343,59.07749213334224,4,0,0,12,0.0,524,207.0,0.05907749213334224,404.7764261303293,270525.68954026053,765.3952489466554,500000.0,0.3826441016958399,0,6,14.732451798064856,17,E5,autonomous,2.6,2,marketplace
3.072923384891273,4.949759006147178,4.822355363108545,6.681135364076085,4.1498143363443285,6.354643865380057,8.114529341731517,14.68775168160164,5.450239200986289,6.177211045817421,22.947067148997153,28.360592409339915,5.462066810644546,8.533868208390603,5.1341272492464345,4.949759006147178,1.0,1.0,68261.72443658626,577118.2182746406,576118.2182746406,575,0.9982672527597732,0.0,0.0,1000.0,20.52271913833666,25.254347323875834,28.34398925420437,20.723312705074168,3.072923384891273,435.576628368736,1883.4453487534402,930.308326943551,0.49393964500179227,1058.4786004586965,0.028971340501047577,63.327288837423524,2,0,4,20,0.0,553,207.0,0.06332728883742353,359.4111776380738,214387.8990493048,965.83495713635,500000.0,0.3507345892488704,0,4,9.764275488896569,18,E5,autonomous,2.6,2,marketplace
8.778971082690171,31.40737985186425,5.992224590046117,7.015703816636007,8.852078156049464,28.146127177656854,,,113.44952101666786,113.44952101666786,23.736567848207642,29.230263128918203,2.818519440497458,3.962877256208867,7.001584672164945,31.40737985186425,0.8285714285714286,1.0,37728.11627304937,538786.9281851918,536786.9281851918,582,0.9962879574552103,0.0,0.0,2000.0,21.51037362257526,25.25434732387589,29.229470776152038,24.974612326587856,8.778971082690171,494.0355258952742,1941.5246119403473,964.6407099586766,0.4968470160131634,1035.1301926701515,0.02980093884235131,64.92206272486925,2,0,2,18,0.0,545,207.0,0.06492206272486925,385.7488161322873,242948.22602193616,852.3006133991225,500000.0,0.3760395904613187,0,14,35.56524054623648,19,E5,autonomous,2.6,2,marketplace
2.9599656531043776,2.398065408800991,3.39153612338861,6.136356051912663,2.909540259713547,4.687310402732123,,,,,22.991545702942144,28.50112747915,3.5104848585164063,7.1035627523324365,3.2393269032806953,2.398065408800991,0.9583333333333334,1.0,13968.57625752051,515078.73700219905,515078.73700219905,554,1.0,0.0,0.0,0.0,21.05952088763825,25.51542060502254,28.36059240933964,22.41046769401564,2.9599656531043776,429.28242774367874,1794.509002912033,899.2110011880808,0.5010902702237154,983.8086291861954,0.027712338177286567,60.5341107968463,3,0,0,13,0.0,536,207.0,0.0605341107968463,401.9978291394949,267032.8386359332,775.4122495514446,500000.0,0.365214624565231,0,5,15.231304687125249,0,E5,autonomous,2.6,4,marketplace
2.002273533987905,2.1902101704262464,3.7013343731120756,4.812801445418245,4.044109570760338,5.195528348087646,11.339669531050882,19.999147835876467,,,23.072599220012115,29.126172519020244,3.3546794240575246,4.820394045863032,5.460540191830485,2.1902101704262464,1.0,1.0,22776.714596747763,525519.2910413912,524519.2910413912,535,0.9980971202826477,0.0,0.0,1000.0,21.762974640093258,25.544237563735805,28.50553752926953,22.27935577872252,2.002273533987905,428.84149595409065,1678.8190902623937,844.8305569353865,0.5032290625211692,942.571348807767,0.027773694044587474,60.424909542014824,3,0,4,21,0.0,507,207.0,0.06042490954201482,394.76226793954527,255052.61496725449,811.8341579682526,500000.0,0.38562007634836853,0,9,33.257644095759126,1,E5,autonomous,2.6,4,marketplace
5.289863194418672,9.919998996152573,5.668458224148509,8.766770463278588,4.300004762765259,7.68473987670086,4.604366980930195,4.897649500118973,,,22.66453169379033,28.360592409339368,3.469891752277528,5.523893067744211,5.022276770727501,9.919998996152573,1.0,1.0,29310.196036041838,532277.3226155266,516873.34282247716,548,0.9710602365748803,14403.979793049497,0.02706104352195697,1000.0,21.066612304900143,25.51542060502254,28.36059240933855,22.030243648422058,5.289863194418672,417.15365938720345,1723.1624642456711,850.8468612878302,0.4937705404697842,947.0014294262153,0.029022958005186773,63.40537595079827,4,0,1,18,0.0,524,207.0,0.06340537595079827,400.6076309628291,263535.6536391338,785.7130620340581,500000.0,0.4034931508629909,0,7,18.649708771619657,2,E5,autonomous,2.6,4,marketplace
2.508935106305829,4.408495172055882,3.8390327371676345,5.462813202767575,4.846372888884389,7.468877361869361,24.997154986599526,24.997154986599526,52.556082358230924,52.556082358230924,23.93495809870847,28.505537529268622,3.9279733789839577,4.2831973604385905,5.140346227442611,4.408495172055882,1.0,1.0,28096.063942230638,531327.860284328,530327.860284328,561,0.998117922897051,0.0,0.0,1000.0,21.804216787563618,25.544237563735805,28.36059240933912,23.527056930782283,2.508935106305829,463.74048179817237,1857.7462791345072,909.0531801001899,0.48933118064093367,995.000741524452,0.03040071385805064,66.47859907797626,2,1,3,14,0.0,545,207.0,0.06647859907797625,390.4499350421872,249145.76930898,831.1057385135965,500000.0,0.3756439251376791,0,2,6.686917343769473,3,E5,autonomous,2.6,4,marketplace
2.3353457242811952,3.850155001632448,4.253385182716784,5.890402410794377,2.873257019756819,5.196705321832087,,,107.50700938400041,189.3346390563278,23.75661562746779,28.50553752926902,4.707175565239053,4.777696738529631,3.5227290964438613,3.850155001632448,1.0,1.0,32491.15341102122,538255.453584505,538255.4535845051,550,1.0000000000000002,0.0,0.0,0.0,22.28443224095748,25.544237563735578,28.360592409339915,27.456428289786807,2.3353457242811952,552.5054584531979,1727.6884781993188,856.1280684202942,0.49553381829147386,928.0609124963559,0.029515800980217482,64.4237988070639,4,0,2,21,0.0,526,207.0,0.0644237988070639,384.695449753206,249102.5006994499,831.2418511150834,500000.0,0.36777135566344005,0,7,19.816906516895337,4,E5,autonomous,2.6,4,marketplace
9.092328153126983,38.83872035304817,20.01872768360327,67.33172191377164,16.54602217806473,48.04299412190794,28.19885176147818,52.69209817914816,,,23.227385017534495,28.97798627496668,5.367434310294577,8.351341580736516,20.497183997332073,38.83872035304817,0.8518518518518519,0.8596491228070176,43452.69323580841,547328.4080016714,546328.4080016714,572,0.998172943363837,0.0,0.0,1000.0,21.91739939295248,25.544237563735635,30.265973915951143,23.192376987004835,9.092328153126983,464.3085192194413,1826.6606983411953,905.657666125277,0.4957996123460212,1009.0269684580041,0.03038138985451942,66.23471492515637,5,0,0,21,0.0,540,207.0,0.06623471492515637,379.01421870468,233658.4137339503,886.1920758851692,500000.0,0.37740874527567386,0,10,29.01171974826643,5,E5,autonomous,2.6,4,marketplace
2.2192424499221852,2.745932042296954,3.6035774777669234,4.695867707685101,3.9103846683891073,7.412512091408283,30.701668468258106,37.423371168417795,,,23.766243763305365,28.50553752926953,5.91480313761105,8.799541456551745,8.209411406780257,2.745932042296954,1.0,1.0,31608.77227884693,533346.8920584851,533346.8920584851,565,1.0,0.0,0.0,0.0,21.626865459826853,25.544237563735805,28.50553752926953,23.38897937637223,2.2192424499221852,452.78063373491796,1848.8542442091446,934.6708314089334,0.5055405715926206,999.4342755686549,0.03208776294925824,69.94303914163041,4,1,0,21,0.0,537,207.0,0.0699430391416304,388.2462729649412,247638.7008494776,836.177634306865,500000.0,0.4250306203383179,0,11,31.612550145971372,6,E5,autonomous,2.6,4,marketplace
3.2696977876001214,3.3833892681694113,15.398493272659541,53.90047604108677,2.021458861337019,2.2634433286384934,5.289675528347701,5.721478906845315,10.175342153210863,10.175342153210863,23.556371310598106,28.689863009860062,3.558400087441572,4.883985552855555,9.539703889720942,3.3833892681694113,0.972972972972973,0.9508196721311475,40773.60461111535,544565.4292464787,543565.4292464787,581,0.9981636733690867,0.0,0.0,1000.0,20.97401779584338,25.544237563735606,28.50553752926953,22.067801521342695,3.2696977876001214,444.7341838555449,1891.7172536287349,933.9699625278203,0.49371541161146465,1021.1371093157908,0.02760786351881724,60.13886060493098,0,0,1,17,99.38937189467718,553,207.0,0.06013886060493098,380.9295582826955,238321.55373470674,868.8267410806611,500000.0,0.3616036583026325,0,12,31.027658692190975,7,E5,autonomous,2.6,4,marketplace
4.20428562736532,11.471520776954016,4.996387368860013,8.95214451441452,6.138751399285409,23.026471640435027,4.6735953308768785,4.774448558446738,,,23.94602774062699,28.61405639972633,2.33136071498537,4.249420105308127,5.614002513188877,11.471520776954016,1.0,1.0,38363.5914215517,540361.5398106,526845.8481339898,560,0.9749876875372228,13515.69167661024,0.02501231246277737,0.0,21.848606066751426,25.544237563735635,28.50553752926953,23.062020255164885,4.20428562736532,446.69483814293744,1783.2379217149687,890.8781414467816,0.4995845650197982,969.7734282473175,0.030715655179988997,66.73430346210323,5,0,1,14,0.0,542,207.0,0.06673430346210323,393.03096918550636,253802.08290413927,815.8590817462714,500000.0,0.4106725842152377,0,17,51.15998403936477,8,E5,autonomous,2.6,4,marketplace
4.56260566110238,10.986120117437304,5.467865521233236,11.22118401222717,4.979666167939229,8.479588851063818,35.107389822667756,35.107389822667756,40.10927852122995,49.62342555105979,23.14268186906422,28.360592409339915,3.132623333249533,5.06406825725162,5.952794264073757,10.986120117437304,1.0,1.0,47374.080402398526,549779.8663554897,548779.8663554897,604,0.9981810901759116,0.0,0.0,1000.0,20.077290879990162,25.25434732387589,27.76220913482949,22.70158078387939,4.56260566110238,458.6309458819777,2055.3966537765127,1013.8630068962572,0.4932687834406178,1139.6788028572364,0.03245945179904529,70.6874061036775,4,0,2,22,0.0,572,207.0,0.0706874061036775,377.3292354569856,233771.21376460645,885.7835148796865,500000.0,0.3795111859385827,0,13,36.44666791469508,9,E5,autonomous,2.6,4,marketplace
2.098147393996815,2.5215895989780392,3.864674657444425,6.353901706735724,5.274347822686337,9.863273415488308,,,,,22.664563521515117,28.360592409339915,2.8087799009234686,5.542488957240765,4.569511240065381,2.5215895989780392,1.0,1.0,13819.243346008723,516514.44304295897,516514.44304295897,540,1.0,0.0,0.0,0.0,21.227510746525546,25.544237563735635,28.360592409338597,22.08617192693477,2.098147393996815,421.52594823784335,1675.777423996242,836.4737241708896,0.49915562305174327,905.5862828392156,0.025589580224572736,55.76204202119911,1,0,2,18,0.0,519,207.0,0.05576204202119911,400.87119504768657,263652.16234981344,785.3368627688319,500000.0,0.3659736472605058,0,11,30.218763859837413,10,E5,autonomous,2.6,4,marketplace
4.513888797237368,10.204924596169803,7.7632899140987774,14.426693675594471,2.9358415646201137,4.866767879314603,,,6.827302626095843,6.827302626095843,23.44589847470701,28.50553752926953,2.4422264260745123,3.542681172082485,4.315112521614018,10.204924596169803,1.0,1.0,26006.043708159235,531772.2574830158,531772.2574830158,543,1.0,0.0,0.0,0.0,21.919107486200186,25.544237563735635,28.47654850528288,22.367269182496486,4.513888797237368,433.88571958071117,1634.8068166798992,803.7302310017276,0.49163621218194414,929.5132871241557,0.02715176085786475,59.30778374249757,3,0,0,18,0.0,516,207.0,0.05930778374249757,389.37591209401467,248028.2826857619,834.8213580387329,500000.0,0.37810985013657294,0,4,12.433225483121547,11,E5,autonomous,2.6,4,marketplace
10.49326393160553,26.807586071196987,13.188024330830293,31.549291174207042,4.526382004545667,4.526382004545667,,,,,23.962960285074974,30.03032834466709,3.016358706686723,5.3834249985942755,11.950646855646776,26.807586071196987,0.8571428571428571,0.8571428571428571,3605.0987133016765,503977.3460501888,503977.3460501888,521,1.0,0.0,0.0,0.0,23.33915936467382,25.544237563735805,29.975551950613863,23.819021363814954,10.49326393160553,446.60074059746444,1518.1410410778933,755.5119309898353,0.4976559559007872,828.5711474524244,0.026451631987254722,57.87596092755109,4,0,0,19,0.0,497,207.0,0.05787596092755109,410.84758587602784,279694.84980475256,740.2992086034801,500000.0,0.37911489256528635,0,2,6.297851428677579,12,E5,autonomous,2.6,4,marketplace
2.328499106683961,3.3606209678365073,2.6803156301368363,3.6028963538190966,4.563698290742877,5.430948337830387,,,,,22.86307965213845,28.505537529269123,1.8991134629092812,2.921562402148993,3.5173745904061877,3.3606209678365073,1.0,1.0,6216.486291594783,506496.9548278934,506496.9548278934,522,1.0,0.0,0.0,0.0,22.014022524043867,25.544237563735805,28.50553752926903,22.626211178127186,2.328499106683961,427.72243817998054,1552.7133031816666,777.6327338880933,0.500821840255149,877.6585869031412,0.02506054004100182,54.771444782998934,3,0,0,15,0.0,505,207.0,0.05477144478299894,408.7976629891877,275057.9097673917,752.7679230162225,500000.0,0.3630929251433404,0,5,13.264047713570447,13,E5,autonomous,2.6,4,marketplace
5.398533239441024,18.71009680015586,6.485609468956265,10.460752493486508,5.016736035751055,9.367023882395529,6.230628694503054,8.924693446052697,,,22.612225460497015,28.50553752926953,2.7736474162256366,5.289648923179903,5.71161488935296,18.71009680015586,1.0,1.0,58929.484502104126,566652.9292862886,566652.9292862886,576,1.0,0.0,0.0,0.0,20.295112064875184,25.25434732387589,28.360592409339915,20.650895755952593,5.398533239441024,428.0156751389623,1881.174552662476,943.5143771105106,0.5015559963721229,1072.9638414804851,0.027813076928139512,60.59215055597402,0,0,1,22,0.0,549,207.0,0.06059215055597403,365.40990339775215,216702.88455581132,955.5045498124322,500000.0,0.38600021823993186,0,12,32.39535240069569,14,E5,autonomous,2.6,4,marketplace
9.217427013512022,26.038677482758253,10.342379071923363,30.516214750124618,5.181944641026927,3.7697355163863904,5.153455016685841,5.598590089085156,6.32692557703399,7.151360778135176,24.32587965538878,28.53420545765594,4.218380241658577,7.856091335865313,7.955526581499685,26.038677482758253,0.8571428571428571,0.9864864864864865,64862.71277757866,573615.9384122626,573615.9384122626,603,1.0,0.0,0.0,0.0,21.43012508710555,25.254347323876573,28.476548505282892,21.96457859353705,9.217427013512022,457.586355708812,2083.177319469795,1029.8376076589077,0.49435907257334166,1187.8042010772103,0.03301205873152561,71.99539186648639,4,0,2,20,0.0,566,207.0,0.07199539186648639,360.99414525515175,209904.6134417528,986.5052129944141,500000.0,0.39254642073810303,0,11,27.954970971604414,15,E5,autonomous,2.6,4,marketplace
10.043195774546826,19.20469990689739,17.13468021695573,44.122733695157876,28.52081086933534,59.97252518741553,,,,,23.61438422840931,28.50553752926902,2.703008199232727,3.430863140702968,20.930057101082266,19.20469990689739,0.8947368421052632,0.8571428571428571,8440.199489225186,509188.49886297405,509188.49886297405,531,1.0,0.0,0.0,0.0,22.965145710788104,25.544237563735805,28.50553752926953,23.354509757766667,10.043195774546826,445.7387534155618,1547.2240704896838,768.1487446201272,0.49646897257552,842.13827316954,0.024620741978340036,53.708013607751354,1,0,1,19,0.0,504,207.0,0.053708013607751355,406.6346912311687,274832.77972936863,753.3806855845077,500000.0,0.3732550309588564,0,6,15.851629567615955,16,E5,autonomous,2.6,4,marketplace
2.9442790473932634,4.473919988709531,3.2054370642068926,5.645738534011071,3.469279749121699,4.433391742602305,,,,,23.339759912622263,28.360592409339098,2.4809250651271877,4.349318386817686,3.3153715162547286,4.473919988709531,1.0,1.0,10188.61735102234,511539.3687118152,511539.3687118152,538,1.0,0.0,0.0,0.0,21.897990289839193,25.544237563735805,28.236628375048465,22.890663694771696,2.9442790473932634,436.0219236662027,1637.9294744761817,814.0488826638979,0.49699873855938453,909.0172830661004,0.027040412208255343,59.07749213334224,4,0,0,12,0.0,524,207.0,0.05907749213334224,404.7764261303293,270525.68954026053,765.3952489466554,500000.0,0.3826441016958399,0,6,14.732451798064856,17,E5,autonomous,2.6,4,marketplace
3.072923384891273,4.949759006147178,4.822355363108545,6.681135364076085,4.1498143363443285,6.354643865380057,8.114529341731517,14.68775168160164,5.450239200986289,6.177211045817421,22.947067148997153,28.360592409339915,5.462066810644546,8.533868208390603,5.1341272492464345,4.949759006147178,1.0,1.0,68261.72443658626,577118.2182746406,576118.2182746406,575,0.9982672527597732,0.0,0.0,1000.0,20.52271913833666,25.254347323875834,28.34398925420437,20.723312705074168,3.072923384891273,435.576628368736,1883.4453487534402,930.308326943551,0.49393964500179227,1058.4786004586965,0.028971340501047577,63.327288837423524,2,0,4,20,0.0,553,207.0,0.06332728883742353,359.4111776380738,214387.8990493048,965.83495713635,500000.0,0.3507345892488704,0,4,9.764275488896569,18,E5,autonomous,2.6,4,marketplace
8.778971082690171,31.40737985186425,5.992224590046117,7.015703816636007,8.852078156049464,28.146127177656854,,,113.44952101666786,113.44952101666786,23.736567848207642,29.230263128918203,2.818519440497458,3.962877256208867,7.001584672164945,31.40737985186425,0.8285714285714286,1.0,37728.11627304937,538786.9281851918,536786.9281851918,582,0.9962879574552103,0.0,0.0,2000.0,21.51037362257526,25.25434732387589,29.229470776152038,24.974612326587856,8.778971082690171,494.0355258952742,1941.5246119403473,964.6407099586766,0.4968470160131634,1035.1301926701515,0.02980093884235131,64.92206272486925,2,0,2,18,0.0,545,207.0,0.06492206272486925,385.7488161322873,242948.22602193616,852.3006133991225,500000.0,0.3760395904613187,0,14,35.56524054623648,19,E5,autonomous,2.6,4,marketplace
2.9599656531043776,2.398065408800991,3.39153612338861,6.136356051912663,2.909540259713547,4.687310402732123,,,,,22.991545702942144,28.50112747915,3.5104848585164063,7.1035627523324365,3.2393269032806953,2.398065408800991,0.9583333333333334,1.0,13968.57625752051,515078.73700219905,515078.73700219905,554,1.0,0.0,0.0,0.0,21.05952088763825,25.51542060502254,28.36059240933964,22.41046769401564,2.9599656531043776,429.28242774367874,1794.509002912033,899.2110011880808,0.5010902702237154,983.8086291861954,0.027712338177286567,60.5341107968463,3,0,0,13,0.0,536,207.0,0.0605341107968463,401.9978291394949,267032.8386359332,775.4122495514446,500000.0,0.365214624565231,0,5,15.231304687125249,0,E5,autonomous,5.0,1,marketplace
2.002273533987905,2.1902101704262464,3.7013343731120756,4.812801445418245,4.044109570760338,5.195528348087646,11.339669531050882,19.999147835876467,,,23.072599220012115,29.126172519020244,3.3546794240575246,4.820394045863032,5.460540191830485,2.1902101704262464,1.0,1.0,22776.714596747763,525519.2910413912,524519.2910413912,535,0.9980971202826477,0.0,0.0,1000.0,21.762974640093258,25.544237563735805,28.50553752926953,22.27935577872252,2.002273533987905,428.84149595409065,1678.8190902623937,844.8305569353865,0.5032290625211692,942.571348807767,0.027773694044587474,60.424909542014824,3,0,4,21,0.0,507,207.0,0.06042490954201482,394.76226793954527,255052.61496725449,811.8341579682526,500000.0,0.38562007634836853,0,9,33.257644095759126,1,E5,autonomous,5.0,1,marketplace
5.289863194418672,9.919998996152573,5.668458224148509,8.766770463278588,4.300004762765259,7.68473987670086,4.604366980930195,4.897649500118973,,,22.66453169379033,28.360592409339368,3.469891752277528,5.523893067744211,5.022276770727501,9.919998996152573,1.0,1.0,29310.196036041838,532277.3226155266,516873.34282247716,548,0.9710602365748803,14403.979793049497,0.02706104352195697,1000.0,21.066612304900143,25.51542060502254,28.36059240933855,22.030243648422058,5.289863194418672,417.15365938720345,1723.1624642456711,850.8468612878302,0.4937705404697842,947.0014294262153,0.029022958005186773,63.40537595079827,4,0,1,18,0.0,524,207.0,0.06340537595079827,400.6076309628291,263535.6536391338,785.7130620340581,500000.0,0.4034931508629909,0,7,18.649708771619657,2,E5,autonomous,5.0,1,marketplace
2.508935106305829,4.408495172055882,3.8390327371676345,5.462813202767575,4.846372888884389,7.468877361869361,24.997154986599526,24.997154986599526,52.556082358230924,52.556082358230924,23.93495809870847,28.505537529268622,3.9279733789839577,4.2831973604385905,5.140346227442611,4.408495172055882,1.0,1.0,28096.063942230638,531327.860284328,530327.860284328,561,0.998117922897051,0.0,0.0,1000.0,21.804216787563618,25.544237563735805,28.36059240933912,23.527056930782283,2.508935106305829,463.74048179817237,1857.7462791345072,909.0531801001899,0.48933118064093367,995.000741524452,0.03040071385805064,66.47859907797626,2,1,3,14,0.0,545,207.0,0.06647859907797625,390.4499350421872,249145.76930898,831.1057385135965,500000.0,0.3756439251376791,0,2,6.686917343769473,3,E5,autonomous,5.0,1,marketplace
2.3353457242811952,3.850155001632448,4.253385182716784,5.890402410794377,2.873257019756819,5.196705321832087,,,107.50700938400041,189.3346390563278,23.75661562746779,28.50553752926902,4.707175565239053,4.777696738529631,3.5227290964438613,3.850155001632448,1.0,1.0,32491.15341102122,538255.453584505,538255.4535845051,550,1.0000000000000002,0.0,0.0,0.0,22.28443224095748,25.544237563735578,28.360592409339915,27.456428289786807,2.3353457242811952,552.5054584531979,1727.6884781993188,856.1280684202942,0.49553381829147386,928.0609124963559,0.029515800980217482,64.4237988070639,4,0,2,21,0.0,526,207.0,0.0644237988070639,384.695449753206,249102.5006994499,831.2418511150834,500000.0,0.36777135566344005,0,7,19.816906516895337,4,E5,autonomous,5.0,1,marketplace
9.092328153126983,38.83872035304817,20.01872768360327,67.33172191377164,16.54602217806473,48.04299412190794,28.19885176147818,52.69209817914816,,,23.227385017534495,28.97798627496668,5.367434310294577,8.351341580736516,20.497183997332073,38.83872035304817,0.8518518518518519,0.8596491228070176,43452.69323580841,547328.4080016714,546328.4080016714,572,0.998172943363837,0.0,0.0,1000.0,21.91739939295248,25.544237563735635,30.265973915951143,23.192376987004835,9.092328153126983,464.3085192194413,1826.6606983411953,905.657666125277,0.4957996123460212,1009.0269684580041,0.03038138985451942,66.23471492515637,5,0,0,21,0.0,540,207.0,0.06623471492515637,379.01421870468,233658.4137339503,886.1920758851692,500000.0,0.37740874527567386,0,10,29.01171974826643,5,E5,autonomous,5.0,1,marketplace
2.2192424499221852,2.745932042296954,3.6035774777669234,4.695867707685101,3.9103846683891073,7.412512091408283,30.701668468258106,37.423371168417795,,,23.766243763305365,28.50553752926953,5.91480313761105,8.799541456551745,8.209411406780257,2.745932042296954,1.0,1.0,31608.77227884693,533346.8920584851,533346.8920584851,565,1.0,0.0,0.0,0.0,21.626865459826853,25.544237563735805,28.50553752926953,23.38897937637223,2.2192424499221852,452.78063373491796,1848.8542442091446,934.6708314089334,0.5055405715926206,999.4342755686549,0.03208776294925824,69.94303914163041,4,1,0,21,0.0,537,207.0,0.0699430391416304,388.2462729649412,247638.7008494776,836.177634306865,500000.0,0.4250306203383179,0,11,31.612550145971372,6,E5,autonomous,5.0,1,marketplace
3.2696977876001214,3.3833892681694113,15.398493272659541,53.90047604108677,2.021458861337019,2.2634433286384934,5.289675528347701,5.721478906845315,10.175342153210863,10.175342153210863,23.556371310598106,28.689863009860062,3.558400087441572,4.883985552855555,9.539703889720942,3.3833892681694113,0.972972972972973,0.9508196721311475,40773.60461111535,544565.4292464787,543565.4292464787,581,0.9981636733690867,0.0,0.0,1000.0,20.97401779584338,25.544237563735606,28.50553752926953,22.067801521342695,3.2696977876001214,444.7341838555449,1891.7172536287349,933.9699625278203,0.49371541161146465,1021.1371093157908,0.02760786351881724,60.13886060493098,0,0,1,17,99.38937189467718,553,207.0,0.06013886060493098,380.9295582826955,238321.55373470674,868.8267410806611,500000.0,0.3616036583026325,0,12,31.027658692190975,7,E5,autonomous,5.0,1,marketplace
4.20428562736532,11.471520776954016,4.996387368860013,8.95214451441452,6.138751399285409,23.026471640435027,4.6735953308768785,4.774448558446738,,,23.94602774062699,28.61405639972633,2.33136071498537,4.249420105308127,5.614002513188877,11.471520776954016,1.0,1.0,38363.5914215517,540361.5398106,526845.8481339898,560,0.9749876875372228,13515.69167661024,0.02501231246277737,0.0,21.848606066751426,25.544237563735635,28.50553752926953,23.062020255164885,4.20428562736532,446.69483814293744,1783.2379217149687,890.8781414467816,0.4995845650197982,969.7734282473175,0.030715655179988997,66.73430346210323,5,0,1,14,0.0,542,207.0,0.06673430346210323,393.03096918550636,253802.08290413927,815.8590817462714,500000.0,0.4106725842152377,0,17,51.15998403936477,8,E5,autonomous,5.0,1,marketplace
4.56260566110238,10.986120117437304,5.467865521233236,11.22118401222717,4.979666167939229,8.479588851063818,35.107389822667756,35.107389822667756,40.10927852122995,49.62342555105979,23.14268186906422,28.360592409339915,3.132623333249533,5.06406825725162,5.952794264073757,10.986120117437304,1.0,1.0,47374.080402398526,549779.8663554897,548779.8663554897,604,0.9981810901759116,0.0,0.0,1000.0,20.077290879990162,25.25434732387589,27.76220913482949,22.70158078387939,4.56260566110238,458.6309458819777,2055.3966537765127,1013.8630068962572,0.4932687834406178,1139.6788028572364,0.03245945179904529,70.6874061036775,4,0,2,22,0.0,572,207.0,0.0706874061036775,377.3292354569856,233771.21376460645,885.7835148796865,500000.0,0.3795111859385827,0,13,36.44666791469508,9,E5,autonomous,5.0,1,marketplace
2.098147393996815,2.5215895989780392,3.864674657444425,6.353901706735724,5.274347822686337,9.863273415488308,,,,,22.664563521515117,28.360592409339915,2.8087799009234686,5.542488957240765,4.569511240065381,2.5215895989780392,1.0,1.0,13819.243346008723,516514.44304295897,516514.44304295897,540,1.0,0.0,0.0,0.0,21.227510746525546,25.544237563735635,28.360592409338597,22.08617192693477,2.098147393996815,421.52594823784335,1675.777423996242,836.4737241708896,0.49915562305174327,905.5862828392156,0.025589580224572736,55.76204202119911,1,0,2,18,0.0,519,207.0,0.05576204202119911,400.87119504768657,263652.16234981344,785.3368627688319,500000.0,0.3659736472605058,0,11,30.218763859837413,10,E5,autonomous,5.0,1,marketplace
4.513888797237368,10.204924596169803,7.7632899140987774,14.426693675594471,2.9358415646201137,4.866767879314603,,,6.827302626095843,6.827302626095843,23.44589847470701,28.50553752926953,2.4422264260745123,3.542681172082485,4.315112521614018,10.204924596169803,1.0,1.0,26006.043708159235,531772.2574830158,531772.2574830158,543,1.0,0.0,0.0,0.0,21.919107486200186,25.544237563735635,28.47654850528288,22.367269182496486,4.513888797237368,433.88571958071117,1634.8068166798992,803.7302310017276,0.49163621218194414,929.5132871241557,0.02715176085786475,59.30778374249757,3,0,0,18,0.0,516,207.0,0.05930778374249757,389.37591209401467,248028.2826857619,834.8213580387329,500000.0,0.37810985013657294,0,4,12.433225483121547,11,E5,autonomous,5.0,1,marketplace
10.49326393160553,26.807586071196987,13.188024330830293,31.549291174207042,4.526382004545667,4.526382004545667,,,,,23.962960285074974,30.03032834466709,3.016358706686723,5.3834249985942755,11.950646855646776,26.807586071196987,0.8571428571428571,0.8571428571428571,3605.0987133016765,503977.3460501888,503977.3460501888,521,1.0,0.0,0.0,0.0,23.33915936467382,25.544237563735805,29.975551950613863,23.819021363814954,10.49326393160553,446.60074059746444,1518.1410410778933,755.5119309898353,0.4976559559007872,828.5711474524244,0.026451631987254722,57.87596092755109,4,0,0,19,0.0,497,207.0,0.05787596092755109,410.84758587602784,279694.84980475256,740.2992086034801,500000.0,0.37911489256528635,0,2,6.297851428677579,12,E5,autonomous,5.0,1,marketplace
2.328499106683961,3.3606209678365073,2.6803156301368363,3.6028963538190966,4.563698290742877,5.430948337830387,,,,,22.86307965213845,28.505537529269123,1.8991134629092812,2.921562402148993,3.5173745904061877,3.3606209678365073,1.0,1.0,6216.486291594783,506496.9548278934,506496.9548278934,522,1.0,0.0,0.0,0.0,22.014022524043867,25.544237563735805,28.50553752926903,22.626211178127186,2.328499106683961,427.72243817998054,1552.7133031816666,777.6327338880933,0.500821840255149,877.6585869031412,0.02506054004100182,54.771444782998934,3,0,0,15,0.0,505,207.0,0.05477144478299894,408.7976629891877,275057.9097673917,752.7679230162225,500000.0,0.3630929251433404,0,5,13.264047713570447,13,E5,autonomous,5.0,1,marketplace
5.398533239441024,18.71009680015586,6.485609468956265,10.460752493486508,5.016736035751055,9.367023882395529,6.230628694503054,8.924693446052697,,,22.612225460497015,28.50553752926953,2.7736474162256366,5.289648923179903,5.71161488935296,18.71009680015586,1.0,1.0,58929.484502104126,566652.9292862886,566652.9292862886,576,1.0,0.0,0.0,0.0,20.295112064875184,25.25434732387589,28.360592409339915,20.650895755952593,5.398533239441024,428.0156751389623,1881.174552662476,943.5143771105106,0.5015559963721229,1072.9638414804851,0.027813076928139512,60.59215055597402,0,0,1,22,0.0,549,207.0,0.06059215055597403,365.40990339775215,216702.88455581132,955.5045498124322,500000.0,0.38600021823993186,0,12,32.39535240069569,14,E5,autonomous,5.0,1,marketplace
9.217427013512022,26.038677482758253,10.342379071923363,30.516214750124618,5.181944641026927,3.7697355163863904,5.153455016685841,5.598590089085156,6.32692557703399,7.151360778135176,24.32587965538878,28.53420545765594,4.218380241658577,7.856091335865313,7.955526581499685,26.038677482758253,0.8571428571428571,0.9864864864864865,64862.71277757866,573615.9384122626,573615.9384122626,603,1.0,0.0,0.0,0.0,21.43012508710555,25.254347323876573,28.476548505282892,21.96457859353705,9.217427013512022,457.586355708812,2083.177319469795,1029.8376076589077,0.49435907257334166,1187.8042010772103,0.03301205873152561,71.99539186648639,4,0,2,20,0.0,566,207.0,0.07199539186648639,360.99414525515175,209904.6134417528,986.5052129944141,500000.0,0.39254642073810303,0,11,27.954970971604414,15,E5,autonomous,5.0,1,marketplace
10.043195774546826,19.20469990689739,17.13468021695573,44.122733695157876,28.52081086933534,59.97252518741553,,,,,23.61438422840931,28.50553752926902,2.703008199232727,3.430863140702968,20.930057101082266,19.20469990689739,0.8947368421052632,0.8571428571428571,8440.199489225186,509188.49886297405,509188.49886297405,531,1.0,0.0,0.0,0.0,22.965145710788104,25.544237563735805,28.50553752926953,23.354509757766667,10.043195774546826,445.7387534155618,1547.2240704896838,768.1487446201272,0.49646897257552,842.13827316954,0.024620741978340036,53.708013607751354,1,0,1,19,0.0,504,207.0,0.053708013607751355,406.6346912311687,274832.77972936863,753.3806855845077,500000.0,0.3732550309588564,0,6,15.851629567615955,16,E5,autonomous,5.0,1,marketplace
2.9442790473932634,4.473919988709531,3.2054370642068926,5.645738534011071,3.469279749121699,4.433391742602305,,,,,23.339759912622263,28.360592409339098,2.4809250651271877,4.349318386817686,3.3153715162547286,4.473919988709531,1.0,1.0,10188.61735102234,511539.3687118152,511539.3687118152,538,1.0,0.0,0.0,0.0,21.897990289839193,25.544237563735805,28.236628375048465,22.890663694771696,2.9442790473932634,436.0219236662027,1637.9294744761817,814.0488826638979,0.49699873855938453,909.0172830661004,0.027040412208255343,59.07749213334224,4,0,0,12,0.0,524,207.0,0.05907749213334224,404.7764261303293,270525.68954026053,765.3952489466554,500000.0,0.3826441016958399,0,6,14.732451798064856,17,E5,autonomous,5.0,1,marketplace
3.072923384891273,4.949759006147178,4.822355363108545,6.681135364076085,4.1498143363443285,6.354643865380057,8.114529341731517,14.68775168160164,5.450239200986289,6.177211045817421,22.947067148997153,28.360592409339915,5.462066810644546,8.533868208390603,5.1341272492464345,4.949759006147178,1.0,1.0,68261.72443658626,577118.2182746406,576118.2182746406,575,0.9982672527597732,0.0,0.0,1000.0,20.52271913833666,25.254347323875834,28.34398925420437,20.723312705074168,3.072923384891273,435.576628368736,1883.4453487534402,930.308326943551,0.49393964500179227,1058.4786004586965,0.028971340501047577,63.327288837423524,2,0,4,20,0.0,553,207.0,0.06332728883742353,359.4111776380738,214387.8990493048,965.83495713635,500000.0,0.3507345892488704,0,4,9.764275488896569,18,E5,autonomous,5.0,1,marketplace
8.778971082690171,31.40737985186425,5.992224590046117,7.015703816636007,8.852078156049464,28.146127177656854,,,113.44952101666786,113.44952101666786,23.736567848207642,29.230263128918203,2.818519440497458,3.962877256208867,7.001584672164945,31.40737985186425,0.8285714285714286,1.0,37728.11627304937,538786.9281851918,536786.9281851918,582,0.9962879574552103,0.0,0.0,2000.0,21.51037362257526,25.25434732387589,29.229470776152038,24.974612326587856,8.778971082690171,494.0355258952742,1941.5246119403473,964.6407099586766,0.4968470160131634,1035.1301926701515,0.02980093884235131,64.92206272486925,2,0,2,18,0.0,545,207.0,0.06492206272486925,385.7488161322873,242948.22602193616,852.3006133991225,500000.0,0.3760395904613187,0,14,35.56524054623648,19,E5,autonomous,5.0,1,marketplace
2.9599656531043776,2.398065408800991,3.39153612338861,6.136356051912663,2.909540259713547,4.687310402732123,,,,,22.991545702942144,28.50112747915,3.5104848585164063,7.1035627523324365,3.2393269032806953,2.398065408800991,0.9583333333333334,1.0,13968.57625752051,515078.73700219905,515078.73700219905,554,1.0,0.0,0.0,0.0,21.05952088763825,25.51542060502254,28.36059240933964,22.41046769401564,2.9599656531043776,429.28242774367874,1794.509002912033,899.2110011880808,0.5010902702237154,983.8086291861954,0.027712338177286567,60.5341107968463,3,0,0,13,0.0,536,207.0,0.0605341107968463,401.9978291394949,267032.8386359332,775.4122495514446,500000.0,0.365214624565231,0,5,15.231304687125249,0,E5,autonomous,5.0,2,marketplace
2.002273533987905,2.1902101704262464,3.7013343731120756,4.812801445418245,4.044109570760338,5.195528348087646,11.339669531050882,19.999147835876467,,,23.072599220012115,29.126172519020244,3.3546794240575246,4.820394045863032,5.460540191830485,2.1902101704262464,1.0,1.0,22776.714596747763,525519.2910413912,524519.2910413912,535,0.9980971202826477,0.0,0.0,1000.0,21.762974640093258,25.544237563735805,28.50553752926953,22.27935577872252,2.002273533987905,428.84149595409065,1678.8190902623937,844.8305569353865,0.5032290625211692,942.571348807767,0.027773694044587474,60.424909542014824,3,0,4,21,0.0,507,207.0,0.06042490954201482,394.76226793954527,255052.61496725449,811.8341579682526,500000.0,0.38562007634836853,0,9,33.257644095759126,1,E5,autonomous,5.0,2,marketplace
5.289863194418672,9.919998996152573,5.668458224148509,8.766770463278588,4.300004762765259,7.68473987670086,4.604366980930195,4.897649500118973,,,22.66453169379033,28.360592409339368,3.469891752277528,5.523893067744211,5.022276770727501,9.919998996152573,1.0,1.0,29310.196036041838,532277.3226155266,516873.34282247716,548,0.9710602365748803,14403.979793049497,0.02706104352195697,1000.0,21.066612304900143,25.51542060502254,28.36059240933855,22.030243648422058,5.289863194418672,417.15365938720345,1723.1624642456711,850.8468612878302,0.4937705404697842,947.0014294262153,0.029022958005186773,63.40537595079827,4,0,1,18,0.0,524,207.0,0.06340537595079827,400.6076309628291,263535.6536391338,785.7130620340581,500000.0,0.4034931508629909,0,7,18.649708771619657,2,E5,autonomous,5.0,2,marketplace
2.508935106305829,4.408495172055882,3.8390327371676345,5.462813202767575,4.846372888884389,7.468877361869361,24.997154986599526,24.997154986599526,52.556082358230924,52.556082358230924,23.93495809870847,28.505537529268622,3.9279733789839577,4.2831973604385905,5.140346227442611,4.408495172055882,1.0,1.0,28096.063942230638,531327.860284328,530327.860284328,561,0.998117922897051,0.0,0.0,1000.0,21.804216787563618,25.544237563735805,28.36059240933912,23.527056930782283,2.508935106305829,463.74048179817237,1857.7462791345072,909.0531801001899,0.48933118064093367,995.000741524452,0.03040071385805064,66.47859907797626,2,1,3,14,0.0,545,207.0,0.06647859907797625,390.4499350421872,249145.76930898,831.1057385135965,500000.0,0.3756439251376791,0,2,6.686917343769473,3,E5,autonomous,5.0,2,marketplace
2.3353457242811952,3.850155001632448,4.253385182716784,5.890402410794377,2.873257019756819,5.196705321832087,,,107.50700938400041,189.3346390563278,23.75661562746779,28.50553752926902,4.707175565239053,4.777696738529631,3.5227290964438613,3.850155001632448,1.0,1.0,32491.15341102122,538255.453584505,538255.4535845051,550,1.0000000000000002,0.0,0.0,0.0,22.28443224095748,25.544237563735578,28.360592409339915,27.456428289786807,2.3353457242811952,552.5054584531979,1727.6884781993188,856.1280684202942,0.49553381829147386,928.0609124963559,0.029515800980217482,64.4237988070639,4,0,2,21,0.0,526,207.0,0.0644237988070639,384.695449753206,249102.5006994499,831.2418511150834,500000.0,0.36777135566344005,0,7,19.816906516895337,4,E5,autonomous,5.0,2,marketplace
9.092328153126983,38.83872035304817,20.01872768360327,67.33172191377164,16.54602217806473,48.04299412190794,28.19885176147818,52.69209817914816,,,23.227385017534495,28.97798627496668,5.367434310294577,8.351341580736516,20.497183997332073,38.83872035304817,0.8518518518518519,0.8596491228070176,43452.69323580841,547328.4080016714,546328.4080016714,572,0.998172943363837,0.0,0.0,1000.0,21.91739939295248,25.544237563735635,30.265973915951143,23.192376987004835,9.092328153126983,464.3085192194413,1826.6606983411953,905.657666125277,0.4957996123460212,1009.0269684580041,0.03038138985451942,66.23471492515637,5,0,0,21,0.0,540,207.0,0.06623471492515637,379.01421870468,233658.4137339503,886.1920758851692,500000.0,0.37740874527567386,0,10,29.01171974826643,5,E5,autonomous,5.0,2,marketplace
2.2192424499221852,2.745932042296954,3.6035774777669234,4.695867707685101,3.9103846683891073,7.412512091408283,30.701668468258106,37.423371168417795,,,23.766243763305365,28.50553752926953,5.91480313761105,8.799541456551745,8.209411406780257,2.745932042296954,1.0,1.0,31608.77227884693,533346.8920584851,533346.8920584851,565,1.0,0.0,0.0,0.0,21.626865459826853,25.544237563735805,28.50553752926953,23.38897937637223,2.2192424499221852,452.78063373491796,1848.8542442091446,934.6708314089334,0.5055405715926206,999.4342755686549,0.03208776294925824,69.94303914163041,4,1,0,21,0.0,537,207.0,0.0699430391416304,388.2462729649412,247638.7008494776,836.177634306865,500000.0,0.4250306203383179,0,11,31.612550145971372,6,E5,autonomous,5.0,2,marketplace
3.2696977876001214,3.3833892681694113,15.398493272659541,53.90047604108677,2.021458861337019,2.2634433286384934,5.289675528347701,5.721478906845315,10.175342153210863,10.175342153210863,23.556371310598106,28.689863009860062,3.558400087441572,4.883985552855555,9.539703889720942,3.3833892681694113,0.972972972972973,0.9508196721311475,40773.60461111535,544565.4292464787,543565.4292464787,581,0.9981636733690867,0.0,0.0,1000.0,20.97401779584338,25.544237563735606,28.50553752926953,22.067801521342695,3.2696977876001214,444.7341838555449,1891.7172536287349,933.9699625278203,0.49371541161146465,1021.1371093157908,0.02760786351881724,60.13886060493098,0,0,1,17,99.38937189467718,553,207.0,0.06013886060493098,380.9295582826955,238321.55373470674,868.8267410806611,500000.0,0.3616036583026325,0,12,31.027658692190975,7,E5,autonomous,5.0,2,marketplace
4.20428562736532,11.471520776954016,4.996387368860013,8.95214451441452,6.138751399285409,23.026471640435027,4.6735953308768785,4.774448558446738,,,23.94602774062699,28.61405639972633,2.33136071498537,4.249420105308127,5.614002513188877,11.471520776954016,1.0,1.0,38363.5914215517,540361.5398106,526845.8481339898,560,0.9749876875372228,13515.69167661024,0.02501231246277737,0.0,21.848606066751426,25.544237563735635,28.50553752926953,23.062020255164885,4.20428562736532,446.69483814293744,1783.2379217149687,890.8781414467816,0.4995845650197982,969.7734282473175,0.030715655179988997,66.73430346210323,5,0,1,14,0.0,542,207.0,0.06673430346210323,393.03096918550636,253802.08290413927,815.8590817462714,500000.0,0.4106725842152377,0,17,51.15998403936477,8,E5,autonomous,5.0,2,marketplace
4.56260566110238,10.986120117437304,5.467865521233236,11.22118401222717,4.979666167939229,8.479588851063818,35.107389822667756,35.107389822667756,40.10927852122995,49.62342555105979,23.14268186906422,28.360592409339915,3.132623333249533,5.06406825725162,5.952794264073757,10.986120117437304,1.0,1.0,47374.080402398526,549779.8663554897,548779.8663554897,604,0.9981810901759116,0.0,0.0,1000.0,20.077290879990162,25.25434732387589,27.76220913482949,22.70158078387939,4.56260566110238,458.6309458819777,2055.3966537765127,1013.8630068962572,0.4932687834406178,1139.6788028572364,0.03245945179904529,70.6874061036775,4,0,2,22,0.0,572,207.0,0.0706874061036775,377.3292354569856,233771.21376460645,885.7835148796865,500000.0,0.3795111859385827,0,13,36.44666791469508,9,E5,autonomous,5.0,2,marketplace
2.098147393996815,2.5215895989780392,3.864674657444425,6.353901706735724,5.274347822686337,9.863273415488308,,,,,22.664563521515117,28.360592409339915,2.8087799009234686,5.542488957240765,4.569511240065381,2.5215895989780392,1.0,1.0,13819.243346008723,516514.44304295897,516514.44304295897,540,1.0,0.0,0.0,0.0,21.227510746525546,25.544237563735635,28.360592409338597,22.08617192693477,2.098147393996815,421.52594823784335,1675.777423996242,836.4737241708896,0.49915562305174327,905.5862828392156,0.025589580224572736,55.76204202119911,1,0,2,18,0.0,519,207.0,0.05576204202119911,400.87119504768657,263652.16234981344,785.3368627688319,500000.0,0.3659736472605058,0,11,30.218763859837413,10,E5,autonomous,5.0,2,marketplace
4.513888797237368,10.204924596169803,7.7632899140987774,14.426693675594471,2.9358415646201137,4.866767879314603,,,6.827302626095843,6.827302626095843,23.44589847470701,28.50553752926953,2.4422264260745123,3.542681172082485,4.315112521614018,10.204924596169803,1.0,1.0,26006.043708159235,531772.2574830158,531772.2574830158,543,1.0,0.0,0.0,0.0,21.919107486200186,25.544237563735635,28.47654850528288,22.367269182496486,4.513888797237368,433.88571958071117,1634.8068166798992,803.7302310017276,0.49163621218194414,929.5132871241557,0.02715176085786475,59.30778374249757,3,0,0,18,0.0,516,207.0,0.05930778374249757,389.37591209401467,248028.2826857619,834.8213580387329,500000.0,0.37810985013657294,0,4,12.433225483121547,11,E5,autonomous,5.0,2,marketplace
10.49326393160553,26.807586071196987,13.188024330830293,31.549291174207042,4.526382004545667,4.526382004545667,,,,,23.962960285074974,30.03032834466709,3.016358706686723,5.3834249985942755,11.950646855646776,26.807586071196987,0.8571428571428571,0.8571428571428571,3605.0987133016765,503977.3460501888,503977.3460501888,521,1.0,0.0,0.0,0.0,23.33915936467382,25.544237563735805,29.975551950613863,23.819021363814954,10.49326393160553,446.60074059746444,1518.1410410778933,755.5119309898353,0.4976559559007872,828.5711474524244,0.026451631987254722,57.87596092755109,4,0,0,19,0.0,497,207.0,0.05787596092755109,410.84758587602784,279694.84980475256,740.2992086034801,500000.0,0.37911489256528635,0,2,6.297851428677579,12,E5,autonomous,5.0,2,marketplace
2.328499106683961,3.3606209678365073,2.6803156301368363,3.6028963538190966,4.563698290742877,5.430948337830387,,,,,22.86307965213845,28.505537529269123,1.8991134629092812,2.921562402148993,3.5173745904061877,3.3606209678365073,1.0,1.0,6216.486291594783,506496.9548278934,506496.9548278934,522,1.0,0.0,0.0,0.0,22.014022524043867,25.544237563735805,28.50553752926903,22.626211178127186,2.328499106683961,427.72243817998054,1552.7133031816666,777.6327338880933,0.500821840255149,877.6585869031412,0.02506054004100182,54.771444782998934,3,0,0,15,0.0,505,207.0,0.05477144478299894,408.7976629891877,275057.9097673917,752.7679230162225,500000.0,0.3630929251433404,0,5,13.264047713570447,13,E5,autonomous,5.0,2,marketplace
5.398533239441024,18.71009680015586,6.485609468956265,10.460752493486508,5.016736035751055,9.367023882395529,6.230628694503054,8.924693446052697,,,22.612225460497015,28.50553752926953,2.7736474162256366,5.289648923179903,5.71161488935296,18.71009680015586,1.0,1.0,58929.484502104126,566652.9292862886,566652.9292862886,576,1.0,0.0,0.0,0.0,20.295112064875184,25.25434732387589,28.360592409339915,20.650895755952593,5.398533239441024,428.0156751389623,1881.174552662476,943.5143771105106,0.5015559963721229,1072.9638414804851,0.027813076928139512,60.59215055597402,0,0,1,22,0.0,549,207.0,0.06059215055597403,365.40990339775215,216702.88455581132,955.5045498124322,500000.0,0.38600021823993186,0,12,32.39535240069569,14,E5,autonomous,5.0,2,marketplace
9.217427013512022,26.038677482758253,10.342379071923363,30.516214750124618,5.181944641026927,3.7697355163863904,5.153455016685841,5.598590089085156,6.32692557703399,7.151360778135176,24.32587965538878,28.53420545765594,4.218380241658577,7.856091335865313,7.955526581499685,26.038677482758253,0.8571428571428571,0.9864864864864865,64862.71277757866,573615.9384122626,573615.9384122626,603,1.0,0.0,0.0,0.0,21.43012508710555,25.254347323876573,28.476548505282892,21.96457859353705,9.217427013512022,457.586355708812,2083.177319469795,1029.8376076589077,0.49435907257334166,1187.8042010772103,0.03301205873152561,71.99539186648639,4,0,2,20,0.0,566,207.0,0.07199539186648639,360.99414525515175,209904.6134417528,986.5052129944141,500000.0,0.39254642073810303,0,11,27.954970971604414,15,E5,autonomous,5.0,2,marketplace
10.043195774546826,19.20469990689739,17.13468021695573,44.122733695157876,28.52081086933534,59.97252518741553,,,,,23.61438422840931,28.50553752926902,2.703008199232727,3.430863140702968,20.930057101082266,19.20469990689739,0.8947368421052632,0.8571428571428571,8440.199489225186,509188.49886297405,509188.49886297405,531,1.0,0.0,0.0,0.0,22.965145710788104,25.544237563735805,28.50553752926953,23.354509757766667,10.043195774546826,445.7387534155618,1547.2240704896838,768.1487446201272,0.49646897257552,842.13827316954,0.024620741978340036,53.708013607751354,1,0,1,19,0.0,504,207.0,0.053708013607751355,406.6346912311687,274832.77972936863,753.3806855845077,500000.0,0.3732550309588564,0,6,15.851629567615955,16,E5,autonomous,5.0,2,marketplace
2.9442790473932634,4.473919988709531,3.2054370642068926,5.645738534011071,3.469279749121699,4.433391742602305,,,,,23.339759912622263,28.360592409339098,2.4809250651271877,4.349318386817686,3.3153715162547286,4.473919988709531,1.0,1.0,10188.61735102234,511539.3687118152,511539.3687118152,538,1.0,0.0,0.0,0.0,21.897990289839193,25.544237563735805,28.236628375048465,22.890663694771696,2.9442790473932634,436.0219236662027,1637.9294744761817,814.0488826638979,0.49699873855938453,909.0172830661004,0.027040412208255343,59.07749213334224,4,0,0,12,0.0,524,207.0,0.05907749213334224,404.7764261303293,270525.68954026053,765.3952489466554,500000.0,0.3826441016958399,0,6,14.732451798064856,17,E5,autonomous,5.0,2,marketplace
3.072923384891273,4.949759006147178,4.822355363108545,6.681135364076085,4.1498143363443285,6.354643865380057,8.114529341731517,14.68775168160164,5.450239200986289,6.177211045817421,22.947067148997153,28.360592409339915,5.462066810644546,8.533868208390603,5.1341272492464345,4.949759006147178,1.0,1.0,68261.72443658626,577118.2182746406,576118.2182746406,575,0.9982672527597732,0.0,0.0,1000.0,20.52271913833666,25.254347323875834,28.34398925420437,20.723312705074168,3.072923384891273,435.576628368736,1883.4453487534402,930.308326943551,0.49393964500179227,1058.4786004586965,0.028971340501047577,63.327288837423524,2,0,4,20,0.0,553,207.0,0.06332728883742353,359.4111776380738,214387.8990493048,965.83495713635,500000.0,0.3507345892488704,0,4,9.764275488896569,18,E5,autonomous,5.0,2,marketplace
8.778971082690171,31.40737985186425,5.992224590046117,7.015703816636007,8.852078156049464,28.146127177656854,,,113.44952101666786,113.44952101666786,23.736567848207642,29.230263128918203,2.818519440497458,3.962877256208867,7.001584672164945,31.40737985186425,0.8285714285714286,1.0,37728.11627304937,538786.9281851918,536786.9281851918,582,0.9962879574552103,0.0,0.0,2000.0,21.51037362257526,25.25434732387589,29.229470776152038,24.974612326587856,8.778971082690171,494.0355258952742,1941.5246119403473,964.6407099586766,0.4968470160131634,1035.1301926701515,0.02980093884235131,64.92206272486925,2,0,2,18,0.0,545,207.0,0.06492206272486925,385.7488161322873,242948.22602193616,852.3006133991225,500000.0,0.3760395904613187,0,14,35.56524054623648,19,E5,autonomous,5.0,2,marketplace
2.9599656531043776,2.398065408800991,3.39153612338861,6.136356051912663,2.909540259713547,4.687310402732123,,,,,22.991545702942144,28.50112747915,3.5104848585164063,7.1035627523324365,3.2393269032806953,2.398065408800991,0.9583333333333334,1.0,13968.57625752051,515078.73700219905,515078.73700219905,554,1.0,0.0,0.0,0.0,21.05952088763825,25.51542060502254,28.36059240933964,22.41046769401564,2.9599656531043776,429.28242774367874,1794.509002912033,899.2110011880808,0.5010902702237154,983.8086291861954,0.027712338177286567,60.5341107968463,3,0,0,13,0.0,536,207.0,0.0605341107968463,401.9978291394949,267032.8386359332,775.4122495514446,500000.0,0.365214624565231,0,5,15.231304687125249,0,E5,autonomous,5.0,4,marketplace
2.002273533987905,2.1902101704262464,3.7013343731120756,4.812801445418245,4.044109570760338,5.195528348087646,11.339669531050882,19.999147835876467,,,23.072599220012115,29.126172519020244,3.3546794240575246,4.820394045863032,5.460540191830485,2.1902101704262464,1.0,1.0,22776.714596747763,525519.2910413912,524519.2910413912,535,0.9980971202826477,0.0,0.0,1000.0,21.762974640093258,25.544237563735805,28.50553752926953,22.27935577872252,2.002273533987905,428.84149595409065,1678.8190902623937,844.8305569353865,0.5032290625211692,942.571348807767,0.027773694044587474,60.424909542014824,3,0,4,21,0.0,507,207.0,0.06042490954201482,394.76226793954527,255052.61496725449,811.8341579682526,500000.0,0.38562007634836853,0,9,33.257644095759126,1,E5,autonomous,5.0,4,marketplace
5.289863194418672,9.919998996152573,5.668458224148509,8.766770463278588,4.300004762765259,7.68473987670086,4.604366980930195,4.897649500118973,,,22.66453169379033,28.360592409339368,3.469891752277528,5.523893067744211,5.022276770727501,9.919998996152573,1.0,1.0,29310.196036041838,532277.3226155266,516873.34282247716,548,0.9710602365748803,14403.979793049497,0.02706104352195697,1000.0,21.066612304900143,25.51542060502254,28.36059240933855,22.030243648422058,5.289863194418672,417.15365938720345,1723.1624642456711,850.8468612878302,0.4937705404697842,947.0014294262153,0.029022958005186773,63.40537595079827,4,0,1,18,0.0,524,207.0,0.06340537595079827,400.6076309628291,263535.6536391338,785.7130620340581,500000.0,0.4034931508629909,0,7,18.649708771619657,2,E5,autonomous,5.0,4,marketplace
2.508935106305829,4.408495172055882,3.8390327371676345,5.462813202767575,4.846372888884389,7.468877361869361,24.997154986599526,24.997154986599526,52.556082358230924,52.556082358230924,23.93495809870847,28.505537529268622,3.9279733789839577,4.2831973604385905,5.140346227442611,4.408495172055882,1.0,1.0,28096.063942230638,531327.860284328,530327.860284328,561,0.998117922897051,0.0,0.0,1000.0,21.804216787563618,25.544237563735805,28.36059240933912,23.527056930782283,2.508935106305829,463.74048179817237,1857.7462791345072,909.0531801001899,0.48933118064093367,995.000741524452,0.03040071385805064,66.47859907797626,2,1,3,14,0.0,545,207.0,0.06647859907797625,390.4499350421872,249145.76930898,831.1057385135965,500000.0,0.3756439251376791,0,2,6.686917343769473,3,E5,autonomous,5.0,4,marketplace
2.3353457242811952,3.850155001632448,4.253385182716784,5.890402410794377,2.873257019756819,5.196705321832087,,,107.50700938400041,189.3346390563278,23.75661562746779,28.50553752926902,4.707175565239053,4.777696738529631,3.5227290964438613,3.850155001632448,1.0,1.0,32491.15341102122,538255.453584505,538255.4535845051,550,1.0000000000000002,0.0,0.0,0.0,22.28443224095748,25.544237563735578,28.360592409339915,27.456428289786807,2.3353457242811952,552.5054584531979,1727.6884781993188,856.1280684202942,0.49553381829147386,928.0609124963559,0.029515800980217482,64.4237988070639,4,0,2,21,0.0,526,207.0,0.0644237988070639,384.695449753206,249102.5006994499,831.2418511150834,500000.0,0.36777135566344005,0,7,19.816906516895337,4,E5,autonomous,5.0,4,marketplace
9.092328153126983,38.83872035304817,20.01872768360327,67.33172191377164,16.54602217806473,48.04299412190794,28.19885176147818,52.69209817914816,,,23.227385017534495,28.97798627496668,5.367434310294577,8.351341580736516,20.497183997332073,38.83872035304817,0.8518518518518519,0.8596491228070176,43452.69323580841,547328.4080016714,546328.4080016714,572,0.998172943363837,0.0,0.0,1000.0,21.91739939295248,25.544237563735635,30.265973915951143,23.192376987004835,9.092328153126983,464.3085192194413,1826.6606983411953,905.657666125277,0.4957996123460212,1009.0269684580041,0.03038138985451942,66.23471492515637,5,0,0,21,0.0,540,207.0,0.06623471492515637,379.01421870468,233658.4137339503,886.1920758851692,500000.0,0.37740874527567386,0,10,29.01171974826643,5,E5,autonomous,5.0,4,marketplace
2.2192424499221852,2.745932042296954,3.6035774777669234,4.695867707685101,3.9103846683891073,7.412512091408283,30.701668468258106,37.423371168417795,,,23.766243763305365,28.50553752926953,5.91480313761105,8.799541456551745,8.209411406780257,2.745932042296954,1.0,1.0,31608.77227884693,533346.8920584851,533346.8920584851,565,1.0,0.0,0.0,0.0,21.626865459826853,25.544237563735805,28.50553752926953,23.38897937637223,2.2192424499221852,452.78063373491796,1848.8542442091446,934.6708314089334,0.5055405715926206,999.4342755686549,0.03208776294925824,69.94303914163041,4,1,0,21,0.0,537,207.0,0.0699430391416304,388.2462729649412,247638.7008494776,836.177634306865,500000.0,0.4250306203383179,0,11,31.612550145971372,6,E5,autonomous,5.0,4,marketplace
3.2696977876001214,3.3833892681694113,15.398493272659541,53.90047604108677,2.021458861337019,2.2634433286384934,5.289675528347701,5.721478906845315,10.175342153210863,10.175342153210863,23.556371310598106,28.689863009860062,3.558400087441572,4.883985552855555,9.539703889720942,3.3833892681694113,0.972972972972973,0.9508196721311475,40773.60461111535,544565.4292464787,543565.4292464787,581,0.9981636733690867,0.0,0.0,1000.0,20.97401779584338,25.544237563735606,28.50553752926953,22.067801521342695,3.2696977876001214,444.7341838555449,1891.7172536287349,933.9699625278203,0.49371541161146465,1021.1371093157908,0.02760786351881724,60.13886060493098,0,0,1,17,99.38937189467718,553,207.0,0.06013886060493098,380.9295582826955,238321.55373470674,868.8267410806611,500000.0,0.3616036583026325,0,12,31.027658692190975,7,E5,autonomous,5.0,4,marketplace
4.20428562736532,11.471520776954016,4.996387368860013,8.95214451441452,6.138751399285409,23.026471640435027,4.6735953308768785,4.774448558446738,,,23.94602774062699,28.61405639972633,2.33136071498537,4.249420105308127,5.614002513188877,11.471520776954016,1.0,1.0,38363.5914215517,540361.5398106,526845.8481339898,560,0.9749876875372228,13515.69167661024,0.02501231246277737,0.0,21.848606066751426,25.544237563735635,28.50553752926953,23.062020255164885,4.20428562736532,446.69483814293744,1783.2379217149687,890.8781414467816,0.4995845650197982,969.7734282473175,0.030715655179988997,66.73430346210323,5,0,1,14,0.0,542,207.0,0.06673430346210323,393.03096918550636,253802.08290413927,815.8590817462714,500000.0,0.4106725842152377,0,17,51.15998403936477,8,E5,autonomous,5.0,4,marketplace
4.56260566110238,10.986120117437304,5.467865521233236,11.22118401222717,4.979666167939229,8.479588851063818,35.107389822667756,35.107389822667756,40.10927852122995,49.62342555105979,23.14268186906422,28.360592409339915,3.132623333249533,5.06406825725162,5.952794264073757,10.986120117437304,1.0,1.0,47374.080402398526,549779.8663554897,548779.8663554897,604,0.9981810901759116,0.0,0.0,1000.0,20.077290879990162,25.25434732387589,27.76220913482949,22.70158078387939,4.56260566110238,458.6309458819777,2055.3966537765127,1013.8630068962572,0.4932687834406178,1139.6788028572364,0.03245945179904529,70.6874061036775,4,0,2,22,0.0,572,207.0,0.0706874061036775,377.3292354569856,233771.21376460645,885.7835148796865,500000.0,0.3795111859385827,0,13,36.44666791469508,9,E5,autonomous,5.0,4,marketplace
2.098147393996815,2.5215895989780392,3.864674657444425,6.353901706735724,5.274347822686337,9.863273415488308,,,,,22.664563521515117,28.360592409339915,2.8087799009234686,5.542488957240765,4.569511240065381,2.5215895989780392,1.0,1.0,13819.243346008723,516514.44304295897,516514.44304295897,540,1.0,0.0,0.0,0.0,21.227510746525546,25.544237563735635,28.360592409338597,22.08617192693477,2.098147393996815,421.52594823784335,1675.777423996242,836.4737241708896,0.49915562305174327,905.5862828392156,0.025589580224572736,55.76204202119911,1,0,2,18,0.0,519,207.0,0.05576204202119911,400.87119504768657,263652.16234981344,785.3368627688319,500000.0,0.3659736472605058,0,11,30.218763859837413,10,E5,autonomous,5.0,4,marketplace
4.513888797237368,10.204924596169803,7.7632899140987774,14.426693675594471,2.9358415646201137,4.866767879314603,,,6.827302626095843,6.827302626095843,23.44589847470701,28.50553752926953,2.4422264260745123,3.542681172082485,4.315112521614018,10.204924596169803,1.0,1.0,26006.043708159235,531772.2574830158,531772.2574830158,543,1.0,0.0,0.0,0.0,21.919107486200186,25.544237563735635,28.47654850528288,22.367269182496486,4.513888797237368,433.88571958071117,1634.8068166798992,803.7302310017276,0.49163621218194414,929.5132871241557,0.02715176085786475,59.30778374249757,3,0,0,18,0.0,516,207.0,0.05930778374249757,389.37591209401467,248028.2826857619,834.8213580387329,500000.0,0.37810985013657294,0,4,12.433225483121547,11,E5,autonomous,5.0,4,marketplace
10.49326393160553,26.807586071196987,13.188024330830293,31.549291174207042,4.526382004545667,4.526382004545667,,,,,23.962960285074974,30.03032834466709,3.016358706686723,5.3834249985942755,11.950646855646776,26.807586071196987,0.8571428571428571,0.8571428571428571,3605.0987133016765,503977.3460501888,503977.3460501888,521,1.0,0.0,0.0,0.0,23.33915936467382,25.544237563735805,29.975551950613863,23.819021363814954,10.49326393160553,446.60074059746444,1518.1410410778933,755.5119309898353,0.4976559559007872,828.5711474524244,0.026451631987254722,57.87596092755109,4,0,0,19,0.0,497,207.0,0.05787596092755109,410.84758587602784,279694.84980475256,740.2992086034801,500000.0,0.37911489256528635,0,2,6.297851428677579,12,E5,autonomous,5.0,4,marketplace
2.328499106683961,3.3606209678365073,2.6803156301368363,3.6028963538190966,4.563698290742877,5.430948337830387,,,,,22.86307965213845,28.505537529269123,1.8991134629092812,2.921562402148993,3.5173745904061877,3.3606209678365073,1.0,1.0,6216.486291594783,506496.9548278934,506496.9548278934,522,1.0,0.0,0.0,0.0,22.014022524043867,25.544237563735805,28.50553752926903,22.626211178127186,2.328499106683961,427.72243817998054,1552.7133031816666,777.6327338880933,0.500821840255149,877.6585869031412,0.02506054004100182,54.771444782998934,3,0,0,15,0.0,505,207.0,0.05477144478299894,408.7976629891877,275057.9097673917,752.7679230162225,500000.0,0.3630929251433404,0,5,13.264047713570447,13,E5,autonomous,5.0,4,marketplace
5.398533239441024,18.71009680015586,6.485609468956265,10.460752493486508,5.016736035751055,9.367023882395529,6.230628694503054,8.924693446052697,,,22.612225460497015,28.50553752926953,2.7736474162256366,5.289648923179903,5.71161488935296,18.71009680015586,1.0,1.0,58929.484502104126,566652.9292862886,566652.9292862886,576,1.0,0.0,0.0,0.0,20.295112064875184,25.25434732387589,28.360592409339915,20.650895755952593,5.398533239441024,428.0156751389623,1881.174552662476,943.5143771105106,0.5015559963721229,1072.9638414804851,0.027813076928139512,60.59215055597402,0,0,1,22,0.0,549,207.0,0.06059215055597403,365.40990339775215,216702.88455581132,955.5045498124322,500000.0,0.38600021823993186,0,12,32.39535240069569,14,E5,autonomous,5.0,4,marketplace
9.217427013512022,26.038677482758253,10.342379071923363,30.516214750124618,5.181944641026927,3.7697355163863904,5.153455016685841,5.598590089085156,6.32692557703399,7.151360778135176,24.32587965538878,28.53420545765594,4.218380241658577,7.856091335865313,7.955526581499685,26.038677482758253,0.8571428571428571,0.9864864864864865,64862.71277757866,573615.9384122626,573615.9384122626,603,1.0,0.0,0.0,0.0,21.43012508710555,25.254347323876573,28.476548505282892,21.96457859353705,9.217427013512022,457.586355708812,2083.177319469795,1029.8376076589077,0.49435907257334166,1187.8042010772103,0.03301205873152561,71.99539186648639,4,0,2,20,0.0,566,207.0,0.07199539186648639,360.99414525515175,209904.6134417528,986.5052129944141,500000.0,0.39254642073810303,0,11,27.954970971604414,15,E5,autonomous,5.0,4,marketplace
10.043195774546826,19.20469990689739,17.13468021695573,44.122733695157876,28.52081086933534,59.97252518741553,,,,,23.61438422840931,28.50553752926902,2.703008199232727,3.430863140702968,20.930057101082266,19.20469990689739,0.8947368421052632,0.8571428571428571,8440.199489225186,509188.49886297405,509188.49886297405,531,1.0,0.0,0.0,0.0,22.965145710788104,25.544237563735805,28.50553752926953,23.354509757766667,10.043195774546826,445.7387534155618,1547.2240704896838,768.1487446201272,0.49646897257552,842.13827316954,0.024620741978340036,53.708013607751354,1,0,1,19,0.0,504,207.0,0.053708013607751355,406.6346912311687,274832.77972936863,753.3806855845077,500000.0,0.3732550309588564,0,6,15.851629567615955,16,E5,autonomous,5.0,4,marketplace
2.9442790473932634,4.473919988709531,3.2054370642068926,5.645738534011071,3.469279749121699,4.433391742602305,,,,,23.339759912622263,28.360592409339098,2.4809250651271877,4.349318386817686,3.3153715162547286,4.473919988709531,1.0,1.0,10188.61735102234,511539.3687118152,511539.3687118152,538,1.0,0.0,0.0,0.0,21.897990289839193,25.544237563735805,28.236628375048465,22.890663694771696,2.9442790473932634,436.0219236662027,1637.9294744761817,814.0488826638979,0.49699873855938453,909.0172830661004,0.027040412208255343,59.07749213334224,4,0,0,12,0.0,524,207.0,0.05907749213334224,404.7764261303293,270525.68954026053,765.3952489466554,500000.0,0.3826441016958399,0,6,14.732451798064856,17,E5,autonomous,5.0,4,marketplace
3.072923384891273,4.949759006147178,4.822355363108545,6.681135364076085,4.1498143363443285,6.354643865380057,8.114529341731517,14.68775168160164,5.450239200986289,6.177211045817421,22.947067148997153,28.360592409339915,5.462066810644546,8.533868208390603,5.1341272492464345,4.949759006147178,1.0,1.0,68261.72443658626,577118.2182746406,576118.2182746406,575,0.9982672527597732,0.0,0.0,1000.0,20.52271913833666,25.254347323875834,28.34398925420437,20.723312705074168,3.072923384891273,435.576628368736,1883.4453487534402,930.308326943551,0.49393964500179227,1058.4786004586965,0.028971340501047577,63.327288837423524,2,0,4,20,0.0,553,207.0,0.06332728883742353,359.4111776380738,214387.8990493048,965.83495713635,500000.0,0.3507345892488704,0,4,9.764275488896569,18,E5,autonomous,5.0,4,marketplace
8.778971082690171,31.40737985186425,5.992224590046117,7.015703816636007,8.852078156049464,28.146127177656854,,,113.44952101666786,113.44952101666786,23.736567848207642,29.230263128918203,2.818519440497458,3.962877256208867,7.001584672164945,31.40737985186425,0.8285714285714286,1.0,37728.11627304937,538786.9281851918,536786.9281851918,582,0.9962879574552103,0.0,0.0,2000.0,21.51037362257526,25.25434732387589,29.229470776152038,24.974612326587856,8.778971082690171,494.0355258952742,1941.5246119403473,964.6407099586766,0.4968470160131634,1035.1301926701515,0.02980093884235131,64.92206272486925,2,0,2,18,0.0,545,207.0,0.06492206272486925,385.7488161322873,242948.22602193616,852.3006133991225,500000.0,0.3760395904613187,0,14,35.56524054623648,19,E5,autonomous,5.0,4,marketplace
2.9599656531043776,2.398065408800991,3.39153612338861,6.136356051912663,2.909540259713547,4.687310402732123,,,,,22.991545702942144,28.50112747915,3.5104848585164063,7.1035627523324365,3.2393269032806953,2.398065408800991,0.9583333333333334,1.0,13968.57625752051,515078.73700219905,515078.73700219905,554,1.0,0.0,0.0,0.0,21.05952088763825,25.51542060502254,28.36059240933964,22.41046769401564,2.9599656531043776,429.28242774367874,1794.509002912033,899.2110011880808,0.5010902702237154,983.8086291861954,0.027712338177286567,60.5341107968463,3,0,0,13,0.0,536,207.0,0.0605341107968463,401.9978291394949,267032.8386359332,775.4122495514446,500000.0,0.365214624565231,0,5,15.231304687125249,0,E5,autonomous,8.0,1,marketplace
2.002273533987905,2.1902101704262464,3.7013343731120756,4.812801445418245,4.044109570760338,5.195528348087646,11.339669531050882,19.999147835876467,,,23.072599220012115,29.126172519020244,3.3546794240575246,4.820394045863032,5.460540191830485,2.1902101704262464,1.0,1.0,22776.714596747763,525519.2910413912,524519.2910413912,535,0.9980971202826477,0.0,0.0,1000.0,21.762974640093258,25.544237563735805,28.50553752926953,22.27935577872252,2.002273533987905,428.84149595409065,1678.8190902623937,844.8305569353865,0.5032290625211692,942.571348807767,0.027773694044587474,60.424909542014824,3,0,4,21,0.0,507,207.0,0.06042490954201482,394.76226793954527,255052.61496725449,811.8341579682526,500000.0,0.38562007634836853,0,9,33.257644095759126,1,E5,autonomous,8.0,1,marketplace
5.289863194418672,9.919998996152573,5.668458224148509,8.766770463278588,4.300004762765259,7.68473987670086,4.604366980930195,4.897649500118973,,,22.66453169379033,28.360592409339368,3.469891752277528,5.523893067744211,5.022276770727501,9.919998996152573,1.0,1.0,29310.196036041838,532277.3226155266,516873.34282247716,548,0.9710602365748803,14403.979793049497,0.02706104352195697,1000.0,21.066612304900143,25.51542060502254,28.36059240933855,22.030243648422058,5.289863194418672,417.15365938720345,1723.1624642456711,850.8468612878302,0.4937705404697842,947.0014294262153,0.029022958005186773,63.40537595079827,4,0,1,18,0.0,524,207.0,0.06340537595079827,400.6076309628291,263535.6536391338,785.7130620340581,500000.0,0.4034931508629909,0,7,18.649708771619657,2,E5,autonomous,8.0,1,marketplace
2.508935106305829,4.408495172055882,3.8390327371676345,5.462813202767575,4.846372888884389,7.468877361869361,24.997154986599526,24.997154986599526,52.556082358230924,52.556082358230924,23.93495809870847,28.505537529268622,3.9279733789839577,4.2831973604385905,5.140346227442611,4.408495172055882,1.0,1.0,28096.063942230638,531327.860284328,530327.860284328,561,0.998117922897051,0.0,0.0,1000.0,21.804216787563618,25.544237563735805,28.36059240933912,23.527056930782283,2.508935106305829,463.74048179817237,1857.7462791345072,909.0531801001899,0.48933118064093367,995.000741524452,0.03040071385805064,66.47859907797626,2,1,3,14,0.0,545,207.0,0.06647859907797625,390.4499350421872,249145.76930898,831.1057385135965,500000.0,0.3756439251376791,0,2,6.686917343769473,3,E5,autonomous,8.0,1,marketplace
2.3353457242811952,3.850155001632448,4.253385182716784,5.890402410794377,2.873257019756819,5.196705321832087,,,107.50700938400041,189.3346390563278,23.75661562746779,28.50553752926902,4.707175565239053,4.777696738529631,3.5227290964438613,3.850155001632448,1.0,1.0,32491.15341102122,538255.453584505,538255.4535845051,550,1.0000000000000002,0.0,0.0,0.0,22.28443224095748,25.544237563735578,28.360592409339915,27.456428289786807,2.3353457242811952,552.5054584531979,1727.6884781993188,856.1280684202942,0.49553381829147386,928.0609124963559,0.029515800980217482,64.4237988070639,4,0,2,21,0.0,526,207.0,0.0644237988070639,384.695449753206,249102.5006994499,831.2418511150834,500000.0,0.36777135566344005,0,7,19.816906516895337,4,E5,autonomous,8.0,1,marketplace
9.092328153126983,38.83872035304817,20.01872768360327,67.33172191377164,16.54602217806473,48.04299412190794,28.19885176147818,52.69209817914816,,,23.227385017534495,28.97798627496668,5.367434310294577,8.351341580736516,20.497183997332073,38.83872035304817,0.8518518518518519,0.8596491228070176,43452.69323580841,547328.4080016714,546328.4080016714,572,0.998172943363837,0.0,0.0,1000.0,21.91739939295248,25.544237563735635,30.265973915951143,23.192376987004835,9.092328153126983,464.3085192194413,1826.6606983411953,905.657666125277,0.4957996123460212,1009.0269684580041,0.03038138985451942,66.23471492515637,5,0,0,21,0.0,540,207.0,0.06623471492515637,379.01421870468,233658.4137339503,886.1920758851692,500000.0,0.37740874527567386,0,10,29.01171974826643,5,E5,autonomous,8.0,1,marketplace
2.2192424499221852,2.745932042296954,3.6035774777669234,4.695867707685101,3.9103846683891073,7.412512091408283,30.701668468258106,37.423371168417795,,,23.766243763305365,28.50553752926953,5.91480313761105,8.799541456551745,8.209411406780257,2.745932042296954,1.0,1.0,31608.77227884693,533346.8920584851,533346.8920584851,565,1.0,0.0,0.0,0.0,21.626865459826853,25.544237563735805,28.50553752926953,23.38897937637223,2.2192424499221852,452.78063373491796,1848.8542442091446,934.6708314089334,0.5055405715926206,999.4342755686549,0.03208776294925824,69.94303914163041,4,1,0,21,0.0,537,207.0,0.0699430391416304,388.2462729649412,247638.7008494776,836.177634306865,500000.0,0.4250306203383179,0,11,31.612550145971372,6,E5,autonomous,8.0,1,marketplace
3.2696977876001214,3.3833892681694113,15.398493272659541,53.90047604108677,2.021458861337019,2.2634433286384934,5.289675528347701,5.721478906845315,10.175342153210863,10.175342153210863,23.556371310598106,28.689863009860062,3.558400087441572,4.883985552855555,9.539703889720942,3.3833892681694113,0.972972972972973,0.9508196721311475,40773.60461111535,544565.4292464787,543565.4292464787,581,0.9981636733690867,0.0,0.0,1000.0,20.97401779584338,25.544237563735606,28.50553752926953,22.067801521342695,3.2696977876001214,444.7341838555449,1891.7172536287349,933.9699625278203,0.49371541161146465,1021.1371093157908,0.02760786351881724,60.13886060493098,0,0,1,17,99.38937189467718,553,207.0,0.06013886060493098,380.9295582826955,238321.55373470674,868.8267410806611,500000.0,0.3616036583026325,0,12,31.027658692190975,7,E5,autonomous,8.0,1,marketplace
4.20428562736532,11.471520776954016,4.996387368860013,8.95214451441452,6.138751399285409,23.026471640435027,4.6735953308768785,4.774448558446738,,,23.94602774062699,28.61405639972633,2.33136071498537,4.249420105308127,5.614002513188877,11.471520776954016,1.0,1.0,38363.5914215517,540361.5398106,526845.8481339898,560,0.9749876875372228,13515.69167661024,0.02501231246277737,0.0,21.848606066751426,25.544237563735635,28.50553752926953,23.062020255164885,4.20428562736532,446.69483814293744,1783.2379217149687,890.8781414467816,0.4995845650197982,969.7734282473175,0.030715655179988997,66.73430346210323,5,0,1,14,0.0,542,207.0,0.06673430346210323,393.03096918550636,253802.08290413927,815.8590817462714,500000.0,0.4106725842152377,0,17,51.15998403936477,8,E5,autonomous,8.0,1,marketplace
4.56260566110238,10.986120117437304,5.467865521233236,11.22118401222717,4.979666167939229,8.479588851063818,35.107389822667756,35.107389822667756,40.10927852122995,49.62342555105979,23.14268186906422,28.360592409339915,3.132623333249533,5.06406825725162,5.952794264073757,10.986120117437304,1.0,1.0,47374.080402398526,549779.8663554897,548779.8663554897,604,0.9981810901759116,0.0,0.0,1000.0,20.077290879990162,25.25434732387589,27.76220913482949,22.70158078387939,4.56260566110238,458.6309458819777,2055.3966537765127,1013.8630068962572,0.4932687834406178,1139.6788028572364,0.03245945179904529,70.6874061036775,4,0,2,22,0.0,572,207.0,0.0706874061036775,377.3292354569856,233771.21376460645,885.7835148796865,500000.0,0.3795111859385827,0,13,36.44666791469508,9,E5,autonomous,8.0,1,marketplace
2.098147393996815,2.5215895989780392,3.864674657444425,6.353901706735724,5.274347822686337,9.863273415488308,,,,,22.664563521515117,28.360592409339915,2.8087799009234686,5.542488957240765,4.569511240065381,2.5215895989780392,1.0,1.0,13819.243346008723,516514.44304295897,516514.44304295897,540,1.0,0.0,0.0,0.0,21.227510746525546,25.544237563735635,28.360592409338597,22.08617192693477,2.098147393996815,421.52594823784335,1675.777423996242,836.4737241708896,0.49915562305174327,905.5862828392156,0.025589580224572736,55.76204202119911,1,0,2,18,0.0,519,207.0,0.05576204202119911,400.87119504768657,263652.16234981344,785.3368627688319,500000.0,0.3659736472605058,0,11,30.218763859837413,10,E5,autonomous,8.0,1,marketplace
4.513888797237368,10.204924596169803,7.7632899140987774,14.426693675594471,2.9358415646201137,4.866767879314603,,,6.827302626095843,6.827302626095843,23.44589847470701,28.50553752926953,2.4422264260745123,3.542681172082485,4.315112521614018,10.204924596169803,1.0,1.0,26006.043708159235,531772.2574830158,531772.2574830158,543,1.0,0.0,0.0,0.0,21.919107486200186,25.544237563735635,28.47654850528288,22.367269182496486,4.513888797237368,433.88571958071117,1634.8068166798992,803.7302310017276,0.49163621218194414,929.5132871241557,0.02715176085786475,59.30778374249757,3,0,0,18,0.0,516,207.0,0.05930778374249757,389.37591209401467,248028.2826857619,834.8213580387329,500000.0,0.37810985013657294,0,4,12.433225483121547,11,E5,autonomous,8.0,1,marketplace
10.49326393160553,26.807586071196987,13.188024330830293,31.549291174207042,4.526382004545667,4.526382004545667,,,,,23.962960285074974,30.03032834466709,3.016358706686723,5.3834249985942755,11.950646855646776,26.807586071196987,0.8571428571428571,0.8571428571428571,3605.0987133016765,503977.3460501888,503977.3460501888,521,1.0,0.0,0.0,0.0,23.33915936467382,25.544237563735805,29.975551950613863,23.819021363814954,10.49326393160553,446.60074059746444,1518.1410410778933,755.5119309898353,0.4976559559007872,828.5711474524244,0.026451631987254722,57.87596092755109,4,0,0,19,0.0,497,207.0,0.05787596092755109,410.84758587602784,279694.84980475256,740.2992086034801,500000.0,0.37911489256528635,0,2,6.297851428677579,12,E5,autonomous,8.0,1,marketplace
2.328499106683961,3.3606209678365073,2.6803156301368363,3.6028963538190966,4.563698290742877,5.430948337830387,,,,,22.86307965213845,28.505537529269123,1.8991134629092812,2.921562402148993,3.5173745904061877,3.3606209678365073,1.0,1.0,6216.486291594783,506496.9548278934,506496.9548278934,522,1.0,0.0,0.0,0.0,22.014022524043867,25.544237563735805,28.50553752926903,22.626211178127186,2.328499106683961,427.72243817998054,1552.7133031816666,777.6327338880933,0.500821840255149,877.6585869031412,0.02506054004100182,54.771444782998934,3,0,0,15,0.0,505,207.0,0.05477144478299894,408.7976629891877,275057.9097673917,752.7679230162225,500000.0,0.3630929251433404,0,5,13.264047713570447,13,E5,autonomous,8.0,1,marketplace
5.398533239441024,18.71009680015586,6.485609468956265,10.460752493486508,5.016736035751055,9.367023882395529,6.230628694503054,8.924693446052697,,,22.612225460497015,28.50553752926953,2.7736474162256366,5.289648923179903,5.71161488935296,18.71009680015586,1.0,1.0,58929.484502104126,566652.9292862886,566652.9292862886,576,1.0,0.0,0.0,0.0,20.295112064875184,25.25434732387589,28.360592409339915,20.650895755952593,5.398533239441024,428.0156751389623,1881.174552662476,943.5143771105106,0.5015559963721229,1072.9638414804851,0.027813076928139512,60.59215055597402,0,0,1,22,0.0,549,207.0,0.06059215055597403,365.40990339775215,216702.88455581132,955.5045498124322,500000.0,0.38600021823993186,0,12,32.39535240069569,14,E5,autonomous,8.0,1,marketplace
9.217427013512022,26.038677482758253,10.342379071923363,30.516214750124618,5.181944641026927,3.7697355163863904,5.153455016685841,5.598590089085156,6.32692557703399,7.151360778135176,24.32587965538878,28.53420545765594,4.218380241658577,7.856091335865313,7.955526581499685,26.038677482758253,0.8571428571428571,0.9864864864864865,64862.71277757866,573615.9384122626,573615.9384122626,603,1.0,0.0,0.0,0.0,21.43012508710555,25.254347323876573,28.476548505282892,21.96457859353705,9.217427013512022,457.586355708812,2083.177319469795,1029.8376076589077,0.49435907257334166,1187.8042010772103,0.03301205873152561,71.99539186648639,4,0,2,20,0.0,566,207.0,0.07199539186648639,360.99414525515175,209904.6134417528,986.5052129944141,500000.0,0.39254642073810303,0,11,27.954970971604414,15,E5,autonomous,8.0,1,marketplace
10.043195774546826,19.20469990689739,17.13468021695573,44.122733695157876,28.52081086933534,59.97252518741553,,,,,23.61438422840931,28.50553752926902,2.703008199232727,3.430863140702968,20.930057101082266,19.20469990689739,0.8947368421052632,0.8571428571428571,8440.199489225186,509188.49886297405,509188.49886297405,531,1.0,0.0,0.0,0.0,22.965145710788104,25.544237563735805,28.50553752926953,23.354509757766667,10.043195774546826,445.7387534155618,1547.2240704896838,768.1487446201272,0.49646897257552,842.13827316954,0.024620741978340036,53.708013607751354,1,0,1,19,0.0,504,207.0,0.053708013607751355,406.6346912311687,274832.77972936863,753.3806855845077,500000.0,0.3732550309588564,0,6,15.851629567615955,16,E5,autonomous,8.0,1,marketplace
2.9442790473932634,4.473919988709531,3.2054370642068926,5.645738534011071,3.469279749121699,4.433391742602305,,,,,23.339759912622263,28.360592409339098,2.4809250651271877,4.349318386817686,3.3153715162547286,4.473919988709531,1.0,1.0,10188.61735102234,511539.3687118152,511539.3687118152,538,1.0,0.0,0.0,0.0,21.897990289839193,25.544237563735805,28.236628375048465,22.890663694771696,2.9442790473932634,436.0219236662027,1637.9294744761817,814.0488826638979,0.49699873855938453,909.0172830661004,0.027040412208255343,59.07749213334224,4,0,0,12,0.0,524,207.0,0.05907749213334224,404.7764261303293,270525.68954026053,765.3952489466554,500000.0,0.3826441016958399,0,6,14.732451798064856,17,E5,autonomous,8.0,1,marketplace
3.072923384891273,4.949759006147178,4.822355363108545,6.681135364076085,4.1498143363443285,6.354643865380057,8.114529341731517,14.68775168160164,5.450239200986289,6.177211045817421,22.947067148997153,28.360592409339915,5.462066810644546,8.533868208390603,5.1341272492464345,4.949759006147178,1.0,1.0,68261.72443658626,577118.2182746406,576118.2182746406,575,0.9982672527597732,0.0,0.0,1000.0,20.52271913833666,25.254347323875834,28.34398925420437,20.723312705074168,3.072923384891273,435.576628368736,1883.4453487534402,930.308326943551,0.49393964500179227,1058.4786004586965,0.028971340501047577,63.327288837423524,2,0,4,20,0.0,553,207.0,0.06332728883742353,359.4111776380738,214387.8990493048,965.83495713635,500000.0,0.3507345892488704,0,4,9.764275488896569,18,E5,autonomous,8.0,1,marketplace
8.778971082690171,31.40737985186425,5.992224590046117,7.015703816636007,8.852078156049464,28.146127177656854,,,113.44952101666786,113.44952101666786,23.736567848207642,29.230263128918203,2.818519440497458,3.962877256208867,7.001584672164945,31.40737985186425,0.8285714285714286,1.0,37728.11627304937,538786.9281851918,536786.9281851918,582,0.9962879574552103,0.0,0.0,2000.0,21.51037362257526,25.25434732387589,29.229470776152038,24.974612326587856,8.778971082690171,494.0355258952742,1941.5246119403473,964.6407099586766,0.4968470160131634,1035.1301926701515,0.02980093884235131,64.92206272486925,2,0,2,18,0.0,545,207.0,0.06492206272486925,385.7488161322873,242948.22602193616,852.3006133991225,500000.0,0.3760395904613187,0,14,35.56524054623648,19,E5,autonomous,8.0,1,marketplace
2.9599656531043776,2.398065408800991,3.39153612338861,6.136356051912663,2.909540259713547,4.687310402732123,,,,,22.991545702942144,28.50112747915,3.5104848585164063,7.1035627523324365,3.2393269032806953,2.398065408800991,0.9583333333333334,1.0,13968.57625752051,515078.73700219905,515078.73700219905,554,1.0,0.0,0.0,0.0,21.05952088763825,25.51542060502254,28.36059240933964,22.41046769401564,2.9599656531043776,429.28242774367874,1794.509002912033,899.2110011880808,0.5010902702237154,983.8086291861954,0.027712338177286567,60.5341107968463,3,0,0,13,0.0,536,207.0,0.0605341107968463,401.9978291394949,267032.8386359332,775.4122495514446,500000.0,0.365214624565231,0,5,15.231304687125249,0,E5,autonomous,8.0,2,marketplace
2.002273533987905,2.1902101704262464,3.7013343731120756,4.812801445418245,4.044109570760338,5.195528348087646,11.339669531050882,19.999147835876467,,,23.072599220012115,29.126172519020244,3.3546794240575246,4.820394045863032,5.460540191830485,2.1902101704262464,1.0,1.0,22776.714596747763,525519.2910413912,524519.2910413912,535,0.9980971202826477,0.0,0.0,1000.0,21.762974640093258,25.544237563735805,28.50553752926953,22.27935577872252,2.002273533987905,428.84149595409065,1678.8190902623937,844.8305569353865,0.5032290625211692,942.571348807767,0.027773694044587474,60.424909542014824,3,0,4,21,0.0,507,207.0,0.06042490954201482,394.76226793954527,255052.61496725449,811.8341579682526,500000.0,0.38562007634836853,0,9,33.257644095759126,1,E5,autonomous,8.0,2,marketplace
5.289863194418672,9.919998996152573,5.668458224148509,8.766770463278588,4.300004762765259,7.68473987670086,4.604366980930195,4.897649500118973,,,22.66453169379033,28.360592409339368,3.469891752277528,5.523893067744211,5.022276770727501,9.919998996152573,1.0,1.0,29310.196036041838,532277.3226155266,516873.34282247716,548,0.9710602365748803,14403.979793049497,0.02706104352195697,1000.0,21.066612304900143,25.51542060502254,28.36059240933855,22.030243648422058,5.289863194418672,417.15365938720345,1723.1624642456711,850.8468612878302,0.4937705404697842,947.0014294262153,0.029022958005186773,63.40537595079827,4,0,1,18,0.0,524,207.0,0.06340537595079827,400.6076309628291,263535.6536391338,785.7130620340581,500000.0,0.4034931508629909,0,7,18.649708771619657,2,E5,autonomous,8.0,2,marketplace
2.508935106305829,4.408495172055882,3.8390327371676345,5.462813202767575,4.846372888884389,7.468877361869361,24.997154986599526,24.997154986599526,52.556082358230924,52.556082358230924,23.93495809870847,28.505537529268622,3.9279733789839577,4.2831973604385905,5.140346227442611,4.408495172055882,1.0,1.0,28096.063942230638,531327.860284328,530327.860284328,561,0.998117922897051,0.0,0.0,1000.0,21.804216787563618,25.544237563735805,28.36059240933912,23.527056930782283,2.508935106305829,463.74048179817237,1857.7462791345072,909.0531801001899,0.48933118064093367,995.000741524452,0.03040071385805064,66.47859907797626,2,1,3,14,0.0,545,207.0,0.06647859907797625,390.4499350421872,249145.76930898,831.1057385135965,500000.0,0.3756439251376791,0,2,6.686917343769473,3,E5,autonomous,8.0,2,marketplace
2.3353457242811952,3.850155001632448,4.253385182716784,5.890402410794377,2.873257019756819,5.196705321832087,,,107.50700938400041,189.3346390563278,23.75661562746779,28.50553752926902,4.707175565239053,4.777696738529631,3.5227290964438613,3.850155001632448,1.0,1.0,32491.15341102122,538255.453584505,538255.4535845051,550,1.0000000000000002,0.0,0.0,0.0,22.28443224095748,25.544237563735578,28.360592409339915,27.456428289786807,2.3353457242811952,552.5054584531979,1727.6884781993188,856.1280684202942,0.49553381829147386,928.0609124963559,0.029515800980217482,64.4237988070639,4,0,2,21,0.0,526,207.0,0.0644237988070639,384.695449753206,249102.5006994499,831.2418511150834,500000.0,0.36777135566344005,0,7,19.816906516895337,4,E5,autonomous,8.0,2,marketplace
9.092328153126983,38.83872035304817,20.01872768360327,67.33172191377164,16.54602217806473,48.04299412190794,28.19885176147818,52.69209817914816,,,23.227385017534495,28.97798627496668,5.367434310294577,8.351341580736516,20.497183997332073,38.83872035304817,0.8518518518518519,0.8596491228070176,43452.69323580841,547328.4080016714,546328.4080016714,572,0.998172943363837,0.0,0.0,1000.0,21.91739939295248,25.544237563735635,30.265973915951143,23.192376987004835,9.092328153126983,464.3085192194413,1826.6606983411953,905.657666125277,0.4957996123460212,1009.0269684580041,0.03038138985451942,66.23471492515637,5,0,0,21,0.0,540,207.0,0.06623471492515637,379.01421870468,233658.4137339503,886.1920758851692,500000.0,0.37740874527567386,0,10,29.01171974826643,5,E5,autonomous,8.0,2,marketplace
2.2192424499221852,2.745932042296954,3.6035774777669234,4.695867707685101,3.9103846683891073,7.412512091408283,30.701668468258106,37.423371168417795,,,23.766243763305365,28.50553752926953,5.91480313761105,8.799541456551745,8.209411406780257,2.745932042296954,1.0,1.0,31608.77227884693,533346.8920584851,533346.8920584851,565,1.0,0.0,0.0,0.0,21.626865459826853,25.544237563735805,28.50553752926953,23.38897937637223,2.2192424499221852,452.78063373491796,1848.8542442091446,934.6708314089334,0.5055405715926206,999.4342755686549,0.03208776294925824,69.94303914163041,4,1,0,21,0.0,537,207.0,0.0699430391416304,388.2462729649412,247638.7008494776,836.177634306865,500000.0,0.4250306203383179,0,11,31.612550145971372,6,E5,autonomous,8.0,2,marketplace
3.2696977876001214,3.3833892681694113,15.398493272659541,53.90047604108677,2.021458861337019,2.2634433286384934,5.289675528347701,5.721478906845315,10.175342153210863,10.175342153210863,23.556371310598106,28.689863009860062,3.558400087441572,4.883985552855555,9.539703889720942,3.3833892681694113,0.972972972972973,0.9508196721311475,40773.60461111535,544565.4292464787,543565.4292464787,581,0.9981636733690867,0.0,0.0,1000.0,20.97401779584338,25.544237563735606,28.50553752926953,22.067801521342695,3.2696977876001214,444.7341838555449,1891.7172536287349,933.9699625278203,0.49371541161146465,1021.1371093157908,0.02760786351881724,60.13886060493098,0,0,1,17,99.38937189467718,553,207.0,0.06013886060493098,380.9295582826955,238321.55373470674,868.8267410806611,500000.0,0.3616036583026325,0,12,31.027658692190975,7,E5,autonomous,8.0,2,marketplace
4.20428562736532,11.471520776954016,4.996387368860013,8.95214451441452,6.138751399285409,23.026471640435027,4.6735953308768785,4.774448558446738,,,23.94602774062699,28.61405639972633,2.33136071498537,4.249420105308127,5.614002513188877,11.471520776954016,1.0,1.0,38363.5914215517,540361.5398106,526845.8481339898,560,0.9749876875372228,13515.69167661024,0.02501231246277737,0.0,21.848606066751426,25.544237563735635,28.50553752926953,23.062020255164885,4.20428562736532,446.69483814293744,1783.2379217149687,890.8781414467816,0.4995845650197982,969.7734282473175,0.030715655179988997,66.73430346210323,5,0,1,14,0.0,542,207.0,0.06673430346210323,393.03096918550636,253802.08290413927,815.8590817462714,500000.0,0.4106725842152377,0,17,51.15998403936477,8,E5,autonomous,8.0,2,marketplace
4.56260566110238,10.986120117437304,5.467865521233236,11.22118401222717,4.979666167939229,8.479588851063818,35.107389822667756,35.107389822667756,40.10927852122995,49.62342555105979,23.14268186906422,28.360592409339915,3.132623333249533,5.06406825725162,5.952794264073757,10.986120117437304,1.0,1.0,47374.080402398526,549779.8663554897,548779.8663554897,604,0.9981810901759116,0.0,0.0,1000.0,20.077290879990162,25.25434732387589,27.76220913482949,22.70158078387939,4.56260566110238,458.6309458819777,2055.3966537765127,1013.8630068962572,0.4932687834406178,1139.6788028572364,0.03245945179904529,70.6874061036775,4,0,2,22,0.0,572,207.0,0.0706874061036775,377.3292354569856,233771.21376460645,885.7835148796865,500000.0,0.3795111859385827,0,13,36.44666791469508,9,E5,autonomous,8.0,2,marketplace
2.098147393996815,2.5215895989780392,3.864674657444425,6.353901706735724,5.274347822686337,9.863273415488308,,,,,22.664563521515117,28.360592409339915,2.8087799009234686,5.542488957240765,4.569511240065381,2.5215895989780392,1.0,1.0,13819.243346008723,516514.44304295897,516514.44304295897,540,1.0,0.0,0.0,0.0,21.227510746525546,25.544237563735635,28.360592409338597,22.08617192693477,2.098147393996815,421.52594823784335,1675.777423996242,836.4737241708896,0.49915562305174327,905.5862828392156,0.025589580224572736,55.76204202119911,1,0,2,18,0.0,519,207.0,0.05576204202119911,400.87119504768657,263652.16234981344,785.3368627688319,500000.0,0.3659736472605058,0,11,30.218763859837413,10,E5,autonomous,8.0,2,marketplace
4.513888797237368,10.204924596169803,7.7632899140987774,14.426693675594471,2.9358415646201137,4.866767879314603,,,6.827302626095843,6.827302626095843,23.44589847470701,28.50553752926953,2.4422264260745123,3.542681172082485,4.315112521614018,10.204924596169803,1.0,1.0,26006.043708159235,531772.2574830158,531772.2574830158,543,1.0,0.0,0.0,0.0,21.919107486200186,25.544237563735635,28.47654850528288,22.367269182496486,4.513888797237368,433.88571958071117,1634.8068166798992,803.7302310017276,0.49163621218194414,929.5132871241557,0.02715176085786475,59.30778374249757,3,0,0,18,0.0,516,207.0,0.05930778374249757,389.37591209401467,248028.2826857619,834.8213580387329,500000.0,0.37810985013657294,0,4,12.433225483121547,11,E5,autonomous,8.0,2,marketplace
10.49326393160553,26.807586071196987,13.188024330830293,31.549291174207042,4.526382004545667,4.526382004545667,,,,,23.962960285074974,30.03032834466709,3.016358706686723,5.3834249985942755,11.950646855646776,26.807586071196987,0.8571428571428571,0.8571428571428571,3605.0987133016765,503977.3460501888,503977.3460501888,521,1.0,0.0,0.0,0.0,23.33915936467382,25.544237563735805,29.975551950613863,23.819021363814954,10.49326393160553,446.60074059746444,1518.1410410778933,755.5119309898353,0.4976559559007872,828.5711474524244,0.026451631987254722,57.87596092755109,4,0,0,19,0.0,497,207.0,0.05787596092755109,410.84758587602784,279694.84980475256,740.2992086034801,500000.0,0.37911489256528635,0,2,6.297851428677579,12,E5,autonomous,8.0,2,marketplace
2.328499106683961,3.3606209678365073,2.6803156301368363,3.6028963538190966,4.563698290742877,5.430948337830387,,,,,22.86307965213845,28.505537529269123,1.8991134629092812,2.921562402148993,3.5173745904061877,3.3606209678365073,1.0,1.0,6216.486291594783,506496.9548278934,506496.9548278934,522,1.0,0.0,0.0,0.0,22.014022524043867,25.544237563735805,28.50553752926903,22.626211178127186,2.328499106683961,427.72243817998054,1552.7133031816666,777.6327338880933,0.500821840255149,877.6585869031412,0.02506054004100182,54.771444782998934,3,0,0,15,0.0,505,207.0,0.05477144478299894,408.7976629891877,275057.9097673917,752.7679230162225,500000.0,0.3630929251433404,0,5,13.264047713570447,13,E5,autonomous,8.0,2,marketplace
5.398533239441024,18.71009680015586,6.485609468956265,10.460752493486508,5.016736035751055,9.367023882395529,6.230628694503054,8.924693446052697,,,22.612225460497015,28.50553752926953,2.7736474162256366,5.289648923179903,5.71161488935296,18.71009680015586,1.0,1.0,58929.484502104126,566652.9292862886,566652.9292862886,576,1.0,0.0,0.0,0.0,20.295112064875184,25.25434732387589,28.360592409339915,20.650895755952593,5.398533239441024,428.0156751389623,1881.174552662476,943.5143771105106,0.5015559963721229,1072.9638414804851,0.027813076928139512,60.59215055597402,0,0,1,22,0.0,549,207.0,0.06059215055597403,365.40990339775215,216702.88455581132,955.5045498124322,500000.0,0.38600021823993186,0,12,32.39535240069569,14,E5,autonomous,8.0,2,marketplace
9.217427013512022,26.038677482758253,10.342379071923363,30.516214750124618,5.181944641026927,3.7697355163863904,5.153455016685841,5.598590089085156,6.32692557703399,7.151360778135176,24.32587965538878,28.53420545765594,4.218380241658577,7.856091335865313,7.955526581499685,26.038677482758253,0.8571428571428571,0.9864864864864865,64862.71277757866,573615.9384122626,573615.9384122626,603,1.0,0.0,0.0,0.0,21.43012508710555,25.254347323876573,28.476548505282892,21.96457859353705,9.217427013512022,457.586355708812,2083.177319469795,1029.8376076589077,0.49435907257334166,1187.8042010772103,0.03301205873152561,71.99539186648639,4,0,2,20,0.0,566,207.0,0.07199539186648639,360.99414525515175,209904.6134417528,986.5052129944141,500000.0,0.39254642073810303,0,11,27.954970971604414,15,E5,autonomous,8.0,2,marketplace
10.043195774546826,19.20469990689739,17.13468021695573,44.122733695157876,28.52081086933534,59.97252518741553,,,,,23.61438422840931,28.50553752926902,2.703008199232727,3.430863140702968,20.930057101082266,19.20469990689739,0.8947368421052632,0.8571428571428571,8440.199489225186,509188.49886297405,509188.49886297405,531,1.0,0.0,0.0,0.0,22.965145710788104,25.544237563735805,28.50553752926953,23.354509757766667,10.043195774546826,445.7387534155618,1547.2240704896838,768.1487446201272,0.49646897257552,842.13827316954,0.024620741978340036,53.708013607751354,1,0,1,19,0.0,504,207.0,0.053708013607751355,406.6346912311687,274832.77972936863,753.3806855845077,500000.0,0.3732550309588564,0,6,15.851629567615955,16,E5,autonomous,8.0,2,marketplace
2.9442790473932634,4.473919988709531,3.2054370642068926,5.645738534011071,3.469279749121699,4.433391742602305,,,,,23.339759912622263,28.360592409339098,2.4809250651271877,4.349318386817686,3.3153715162547286,4.473919988709531,1.0,1.0,10188.61735102234,511539.3687118152,511539.3687118152,538,1.0,0.0,0.0,0.0,21.897990289839193,25.544237563735805,28.236628375048465,22.890663694771696,2.9442790473932634,436.0219236662027,1637.9294744761817,814.0488826638979,0.49699873855938453,909.0172830661004,0.027040412208255343,59.07749213334224,4,0,0,12,0.0,524,207.0,0.05907749213334224,404.7764261303293,270525.68954026053,765.3952489466554,500000.0,0.3826441016958399,0,6,14.732451798064856,17,E5,autonomous,8.0,2,marketplace
3.072923384891273,4.949759006147178,4.822355363108545,6.681135364076085,4.1498143363443285,6.354643865380057,8.114529341731517,14.68775168160164,5.450239200986289,6.177211045817421,22.947067148997153,28.360592409339915,5.462066810644546,8.533868208390603,5.1341272492464345,4.949759006147178,1.0,1.0,68261.72443658626,577118.2182746406,576118.2182746406,575,0.9982672527597732,0.0,0.0,1000.0,20.52271913833666,25.254347323875834,28.34398925420437,20.723312705074168,3.072923384891273,435.576628368736,1883.4453487534402,930.308326943551,0.49393964500179227,1058.4786004586965,0.028971340501047577,63.327288837423524,2,0,4,20,0.0,553,207.0,0.06332728883742353,359.4111776380738,214387.8990493048,965.83495713635,500000.0,0.3507345892488704,0,4,9.764275488896569,18,E5,autonomous,8.0,2,marketplace
8.778971082690171,31.40737985186425,5.992224590046117,7.015703816636007,8.852078156049464,28.146127177656854,,,113.44952101666786,113.44952101666786,23.736567848207642,29.230263128918203,2.818519440497458,3.962877256208867,7.001584672164945,31.40737985186425,0.8285714285714286,1.0,37728.11627304937,538786.9281851918,536786.9281851918,582,0.9962879574552103,0.0,0.0,2000.0,21.51037362257526,25.25434732387589,29.229470776152038,24.974612326587856,8.778971082690171,494.0355258952742,1941.5246119403473,964.6407099586766,0.4968470160131634,1035.1301926701515,0.02980093884235131,64.92206272486925,2,0,2,18,0.0,545,207.0,0.06492206272486925,385.7488161322873,242948.22602193616,852.3006133991225,500000.0,0.3760395904613187,0,14,35.56524054623648,19,E5,autonomous,8.0,2,marketplace
2.9599656531043776,2.398065408800991,3.39153612338861,6.136356051912663,2.909540259713547,4.687310402732123,,,,,22.991545702942144,28.50112747915,3.5104848585164063,7.1035627523324365,3.2393269032806953,2.398065408800991,0.9583333333333334,1.0,13968.57625752051,515078.73700219905,515078.73700219905,554,1.0,0.0,0.0,0.0,21.05952088763825,25.51542060502254,28.36059240933964,22.41046769401564,2.9599656531043776,429.28242774367874,1794.509002912033,899.2110011880808,0.5010902702237154,983.8086291861954,0.027712338177286567,60.5341107968463,3,0,0,13,0.0,536,207.0,0.0605341107968463,401.9978291394949,267032.8386359332,775.4122495514446,500000.0,0.365214624565231,0,5,15.231304687125249,0,E5,autonomous,8.0,4,marketplace
2.002273533987905,2.1902101704262464,3.7013343731120756,4.812801445418245,4.044109570760338,5.195528348087646,11.339669531050882,19.999147835876467,,,23.072599220012115,29.126172519020244,3.3546794240575246,4.820394045863032,5.460540191830485,2.1902101704262464,1.0,1.0,22776.714596747763,525519.2910413912,524519.2910413912,535,0.9980971202826477,0.0,0.0,1000.0,21.762974640093258,25.544237563735805,28.50553752926953,22.27935577872252,2.002273533987905,428.84149595409065,1678.8190902623937,844.8305569353865,0.5032290625211692,942.571348807767,0.027773694044587474,60.424909542014824,3,0,4,21,0.0,507,207.0,0.06042490954201482,394.76226793954527,255052.61496725449,811.8341579682526,500000.0,0.38562007634836853,0,9,33.257644095759126,1,E5,autonomous,8.0,4,marketplace
5.289863194418672,9.919998996152573,5.668458224148509,8.766770463278588,4.300004762765259,7.68473987670086,4.604366980930195,4.897649500118973,,,22.66453169379033,28.360592409339368,3.469891752277528,5.523893067744211,5.022276770727501,9.919998996152573,1.0,1.0,29310.196036041838,532277.3226155266,516873.34282247716,548,0.9710602365748803,14403.979793049497,0.02706104352195697,1000.0,21.066612304900143,25.51542060502254,28.36059240933855,22.030243648422058,5.289863194418672,417.15365938720345,1723.1624642456711,850.8468612878302,0.4937705404697842,947.0014294262153,0.029022958005186773,63.40537595079827,4,0,1,18,0.0,524,207.0,0.06340537595079827,400.6076309628291,263535.6536391338,785.7130620340581,500000.0,0.4034931508629909,0,7,18.649708771619657,2,E5,autonomous,8.0,4,marketplace
2.508935106305829,4.408495172055882,3.8390327371676345,5.462813202767575,4.846372888884389,7.468877361869361,24.997154986599526,24.997154986599526,52.556082358230924,52.556082358230924,23.93495809870847,28.505537529268622,3.9279733789839577,4.2831973604385905,5.140346227442611,4.408495172055882,1.0,1.0,28096.063942230638,531327.860284328,530327.860284328,561,0.998117922897051,0.0,0.0,1000.0,21.804216787563618,25.544237563735805,28.36059240933912,23.527056930782283,2.508935106305829,463.74048179817237,1857.7462791345072,909.0531801001899,0.48933118064093367,995.000741524452,0.03040071385805064,66.47859907797626,2,1,3,14,0.0,545,207.0,0.06647859907797625,390.4499350421872,249145.76930898,831.1057385135965,500000.0,0.3756439251376791,0,2,6.686917343769473,3,E5,autonomous,8.0,4,marketplace
2.3353457242811952,3.850155001632448,4.253385182716784,5.890402410794377,2.873257019756819,5.196705321832087,,,107.50700938400041,189.3346390563278,23.75661562746779,28.50553752926902,4.707175565239053,4.777696738529631,3.5227290964438613,3.850155001632448,1.0,1.0,32491.15341102122,538255.453584505,538255.4535845051,550,1.0000000000000002,0.0,0.0,0.0,22.28443224095748,25.544237563735578,28.360592409339915,27.456428289786807,2.3353457242811952,552.5054584531979,1727.6884781993188,856.1280684202942,0.49553381829147386,928.0609124963559,0.029515800980217482,64.4237988070639,4,0,2,21,0.0,526,207.0,0.0644237988070639,384.695449753206,249102.5006994499,831.2418511150834,500000.0,0.36777135566344005,0,7,19.816906516895337,4,E5,autonomous,8.0,4,marketplace
9.092328153126983,38.83872035304817,20.01872768360327,67.33172191377164,16.54602217806473,48.04299412190794,28.19885176147818,52.69209817914816,,,23.227385017534495,28.97798627496668,5.367434310294577,8.351341580736516,20.497183997332073,38.83872035304817,0.8518518518518519,0.8596491228070176,43452.69323580841,547328.4080016714,546328.4080016714,572,0.998172943363837,0.0,0.0,1000.0,21.91739939295248,25.544237563735635,30.265973915951143,23.192376987004835,9.092328153126983,464.3085192194413,1826.6606983411953,905.657666125277,0.4957996123460212,1009.0269684580041,0.03038138985451942,66.23471492515637,5,0,0,21,0.0,540,207.0,0.06623471492515637,379.01421870468,233658.4137339503,886.1920758851692,500000.0,0.37740874527567386,0,10,29.01171974826643,5,E5,autonomous,8.0,4,marketplace
2.2192424499221852,2.745932042296954,3.6035774777669234,4.695867707685101,3.9103846683891073,7.412512091408283,30.701668468258106,37.423371168417795,,,23.766243763305365,28.50553752926953,5.91480313761105,8.799541456551745,8.209411406780257,2.745932042296954,1.0,1.0,31608.77227884693,533346.8920584851,533346.8920584851,565,1.0,0.0,0.0,0.0,21.626865459826853,25.544237563735805,28.50553752926953,23.38897937637223,2.2192424499221852,452.78063373491796,1848.8542442091446,934.6708314089334,0.5055405715926206,999.4342755686549,0.03208776294925824,69.94303914163041,4,1,0,21,0.0,537,207.0,0.0699430391416304,388.2462729649412,247638.7008494776,836.177634306865,500000.0,0.4250306203383179,0,11,31.612550145971372,6,E5,autonomous,8.0,4,marketplace
3.2696977876001214,3.3833892681694113,15.398493272659541,53.90047604108677,2.021458861337019,2.2634433286384934,5.289675528347701,5.721478906845315,10.175342153210863,10.175342153210863,23.556371310598106,28.689863009860062,3.558400087441572,4.883985552855555,9.539703889720942,3.3833892681694113,0.972972972972973,0.9508196721311475,40773.60461111535,544565.4292464787,543565.4292464787,581,0.9981636733690867,0.0,0.0,1000.0,20.97401779584338,25.544237563735606,28.50553752926953,22.067801521342695,3.2696977876001214,444.7341838555449,1891.7172536287349,933.9699625278203,0.49371541161146465,1021.1371093157908,0.02760786351881724,60.13886060493098,0,0,1,17,99.38937189467718,553,207.0,0.06013886060493098,380.9295582826955,238321.55373470674,868.8267410806611,500000.0,0.3616036583026325,0,12,31.027658692190975,7,E5,autonomous,8.0,4,marketplace
4.20428562736532,11.471520776954016,4.996387368860013,8.95214451441452,6.138751399285409,23.026471640435027,4.6735953308768785,4.774448558446738,,,23.94602774062699,28.61405639972633,2.33136071498537,4.249420105308127,5.614002513188877,11.471520776954016,1.0,1.0,38363.5914215517,540361.5398106,526845.8481339898,560,0.9749876875372228,13515.69167661024,0.02501231246277737,0.0,21.848606066751426,25.544237563735635,28.50553752926953,23.062020255164885,4.20428562736532,446.69483814293744,1783.2379217149687,890.8781414467816,0.4995845650197982,969.7734282473175,0.030715655179988997,66.73430346210323,5,0,1,14,0.0,542,207.0,0.06673430346210323,393.03096918550636,253802.08290413927,815.8590817462714,500000.0,0.4106725842152377,0,17,51.15998403936477,8,E5,autonomous,8.0,4,marketplace
4.56260566110238,10.986120117437304,5.467865521233236,11.22118401222717,4.979666167939229,8.479588851063818,35.107389822667756,35.107389822667756,40.10927852122995,49.62342555105979,23.14268186906422,28.360592409339915,3.132623333249533,5.06406825725162,5.952794264073757,10.986120117437304,1.0,1.0,47374.080402398526,549779.8663554897,548779.8663554897,604,0.9981810901759116,0.0,0.0,1000.0,20.077290879990162,25.25434732387589,27.76220913482949,22.70158078387939,4.56260566110238,458.6309458819777,2055.3966537765127,1013.8630068962572,0.4932687834406178,1139.6788028572364,0.03245945179904529,70.6874061036775,4,0,2,22,0.0,572,207.0,0.0706874061036775,377.3292354569856,233771.21376460645,885.7835148796865,500000.0,0.3795111859385827,0,13,36.44666791469508,9,E5,autonomous,8.0,4,marketplace
2.098147393996815,2.5215895989780392,3.864674657444425,6.353901706735724,5.274347822686337,9.863273415488308,,,,,22.664563521515117,28.360592409339915,2.8087799009234686,5.542488957240765,4.569511240065381,2.5215895989780392,1.0,1.0,13819.243346008723,516514.44304295897,516514.44304295897,540,1.0,0.0,0.0,0.0,21.227510746525546,25.544237563735635,28.360592409338597,22.08617192693477,2.098147393996815,421.52594823784335,1675.777423996242,836.4737241708896,0.49915562305174327,905.5862828392156,0.025589580224572736,55.76204202119911,1,0,2,18,0.0,519,207.0,0.05576204202119911,400.87119504768657,263652.16234981344,785.3368627688319,500000.0,0.3659736472605058,0,11,30.218763859837413,10,E5,autonomous,8.0,4,marketplace
4.513888797237368,10.204924596169803,7.7632899140987774,14.426693675594471,2.9358415646201137,4.866767879314603,,,6.827302626095843,6.827302626095843,23.44589847470701,28.50553752926953,2.4422264260745123,3.542681172082485,4.315112521614018,10.204924596169803,1.0,1.0,26006.043708159235,531772.2574830158,531772.2574830158,543,1.0,0.0,0.0,0.0,21.919107486200186,25.544237563735635,28.47654850528288,22.367269182496486,4.513888797237368,433.88571958071117,1634.8068166798992,803.7302310017276,0.49163621218194414,929.5132871241557,0.02715176085786475,59.30778374249757,3,0,0,18,0.0,516,207.0,0.05930778374249757,389.37591209401467,248028.2826857619,834.8213580387329,500000.0,0.37810985013657294,0,4,12.433225483121547,11,E5,autonomous,8.0,4,marketplace
10.49326393160553,26.807586071196987,13.188024330830293,31.549291174207042,4.526382004545667,4.526382004545667,,,,,23.962960285074974,30.03032834466709,3.016358706686723,5.3834249985942755,11.950646855646776,26.807586071196987,0.8571428571428571,0.8571428571428571,3605.0987133016765,503977.3460501888,503977.3460501888,521,1.0,0.0,0.0,0.0,23.33915936467382,25.544237563735805,29.975551950613863,23.819021363814954,10.49326393160553,446.60074059746444,1518.1410410778933,755.5119309898353,0.4976559559007872,828.5711474524244,0.026451631987254722,57.87596092755109,4,0,0,19,0.0,497,207.0,0.05787596092755109,410.84758587602784,279694.84980475256,740.2992086034801,500000.0,0.37911489256528635,0,2,6.297851428677579,12,E5,autonomous,8.0,4,marketplace
2.328499106683961,3.3606209678365073,2.6803156301368363,3.6028963538190966,4.563698290742877,5.430948337830387,,,,,22.86307965213845,28.505537529269123,1.8991134629092812,2.921562402148993,3.5173745904061877,3.3606209678365073,1.0,1.0,6216.486291594783,506496.9548278934,506496.9548278934,522,1.0,0.0,0.0,0.0,22.014022524043867,25.544237563735805,28.50553752926903,22.626211178127186,2.328499106683961,427.72243817998054,1552.7133031816666,777.6327338880933,0.500821840255149,877.6585869031412,0.02506054004100182,54.771444782998934,3,0,0,15,0.0,505,207.0,0.05477144478299894,408.7976629891877,275057.9097673917,752.7679230162225,500000.0,0.3630929251433404,0,5,13.264047713570447,13,E5,autonomous,8.0,4,marketplace
5.398533239441024,18.71009680015586,6.485609468956265,10.460752493486508,5.016736035751055,9.367023882395529,6.230628694503054,8.924693446052697,,,22.612225460497015,28.50553752926953,2.7736474162256366,5.289648923179903,5.71161488935296,18.71009680015586,1.0,1.0,58929.484502104126,566652.9292862886,566652.9292862886,576,1.0,0.0,0.0,0.0,20.295112064875184,25.25434732387589,28.360592409339915,20.650895755952593,5.398533239441024,428.0156751389623,1881.174552662476,943.5143771105106,0.5015559963721229,1072.9638414804851,0.027813076928139512,60.59215055597402,0,0,1,22,0.0,549,207.0,0.06059215055597403,365.40990339775215,216702.88455581132,955.5045498124322,500000.0,0.38600021823993186,0,12,32.39535240069569,14,E5,autonomous,8.0,4,marketplace
9.217427013512022,26.038677482758253,10.342379071923363,30.516214750124618,5.181944641026927,3.7697355163863904,5.153455016685841,5.598590089085156,6.32692557703399,7.151360778135176,24.32587965538878,28.53420545765594,4.218380241658577,7.856091335865313,7.955526581499685,26.038677482758253,0.8571428571428571,0.9864864864864865,64862.71277757866,573615.9384122626,573615.9384122626,603,1.0,0.0,0.0,0.0,21.43012508710555,25.254347323876573,28.476548505282892,21.96457859353705,9.217427013512022,457.586355708812,2083.177319469795,1029.8376076589077,0.49435907257334166,1187.8042010772103,0.03301205873152561,71.99539186648639,4,0,2,20,0.0,566,207.0,0.07199539186648639,360.99414525515175,209904.6134417528,986.5052129944141,500000.0,0.39254642073810303,0,11,27.954970971604414,15,E5,autonomous,8.0,4,marketplace
10.043195774546826,19.20469990689739,17.13468021695573,44.122733695157876,28.52081086933534,59.97252518741553,,,,,23.61438422840931,28.50553752926902,2.703008199232727,3.430863140702968,20.930057101082266,19.20469990689739,0.8947368421052632,0.8571428571428571,8440.199489225186,509188.49886297405,509188.49886297405,531,1.0,0.0,0.0,0.0,22.965145710788104,25.544237563735805,28.50553752926953,23.354509757766667,10.043195774546826,445.7387534155618,1547.2240704896838,768.1487446201272,0.49646897257552,842.13827316954,0.024620741978340036,53.708013607751354,1,0,1,19,0.0,504,207.0,0.053708013607751355,406.6346912311687,274832.77972936863,753.3806855845077,500000.0,0.3732550309588564,0,6,15.851629567615955,16,E5,autonomous,8.0,4,marketplace
2.9442790473932634,4.473919988709531,3.2054370642068926,5.645738534011071,3.469279749121699,4.433391742602305,,,,,23.339759912622263,28.360592409339098,2.4809250651271877,4.349318386817686,3.3153715162547286,4.473919988709531,1.0,1.0,10188.61735102234,511539.3687118152,511539.3687118152,538,1.0,0.0,0.0,0.0,21.897990289839193,25.544237563735805,28.236628375048465,22.890663694771696,2.9442790473932634,436.0219236662027,1637.9294744761817,814.0488826638979,0.49699873855938453,909.0172830661004,0.027040412208255343,59.07749213334224,4,0,0,12,0.0,524,207.0,0.05907749213334224,404.7764261303293,270525.68954026053,765.3952489466554,500000.0,0.3826441016958399,0,6,14.732451798064856,17,E5,autonomous,8.0,4,marketplace
3.072923384891273,4.949759006147178,4.822355363108545,6.681135364076085,4.1498143363443285,6.354643865380057,8.114529341731517,14.68775168160164,5.450239200986289,6.177211045817421,22.947067148997153,28.360592409339915,5.462066810644546,8.533868208390603,5.1341272492464345,4.949759006147178,1.0,1.0,68261.72443658626,577118.2182746406,576118.2182746406,575,0.9982672527597732,0.0,0.0,1000.0,20.52271913833666,25.254347323875834,28.34398925420437,20.723312705074168,3.072923384891273,435.576628368736,1883.4453487534402,930.308326943551,0.49393964500179227,1058.4786004586965,0.028971340501047577,63.327288837423524,2,0,4,20,0.0,553,207.0,0.06332728883742353,359.4111776380738,214387.8990493048,965.83495713635,500000.0,0.3507345892488704,0,4,9.764275488896569,18,E5,autonomous,8.0,4,marketplace
8.778971082690171,31.40737985186425,5.992224590046117,7.015703816636007,8.852078156049464,28.146127177656854,,,113.44952101666786,113.44952101666786,23.736567848207642,29.230263128918203,2.818519440497458,3.962877256208867,7.001584672164945,31.40737985186425,0.8285714285714286,1.0,37728.11627304937,538786.9281851918,536786.9281851918,582,0.9962879574552103,0.0,0.0,2000.0,21.51037362257526,25.25434732387589,29.229470776152038,24.974612326587856,8.778971082690171,494.0355258952742,1941.5246119403473,964.6407099586766,0.4968470160131634,1035.1301926701515,0.02980093884235131,64.92206272486925,2,0,2,18,0.0,545,207.0,0.06492206272486925,385.7488161322873,242948.22602193616,852.3006133991225,500000.0,0.3760395904613187,0,14,35.56524054623648,19,E5,autonomous,8.0,4,marketplace
2.9599656531043776,2.398065408800991,3.39153612338861,6.136356051912663,2.909540259713547,4.687310402732123,,,,,22.991545702942144,28.50112747915,3.5104848585164063,7.1035627523324365,3.2393269032806953,2.398065408800991,0.9583333333333334,1.0,13968.57625752051,515078.73700219905,515078.73700219905,554,1.0,0.0,0.0,0.0,21.05952088763825,25.51542060502254,28.36059240933964,22.41046769401564,2.9599656531043776,429.28242774367874,1794.509002912033,899.2110011880808,0.5010902702237154,983.8086291861954,0.027712338177286567,60.5341107968463,3,0,0,13,0.0,536,207.0,0.0605341107968463,401.9978291394949,267032.8386359332,775.4122495514446,500000.0,0.365214624565231,0,5,15.231304687125249,0,E5,autonomous,16.0,1,marketplace
2.002273533987905,2.1902101704262464,3.7013343731120756,4.812801445418245,4.044109570760338,5.195528348087646,11.339669531050882,19.999147835876467,,,23.072599220012115,29.126172519020244,3.3546794240575246,4.820394045863032,5.460540191830485,2.1902101704262464,1.0,1.0,22776.714596747763,525519.2910413912,524519.2910413912,535,0.9980971202826477,0.0,0.0,1000.0,21.762974640093258,25.544237563735805,28.50553752926953,22.27935577872252,2.002273533987905,428.84149595409065,1678.8190902623937,844.8305569353865,0.5032290625211692,942.571348807767,0.027773694044587474,60.424909542014824,3,0,4,21,0.0,507,207.0,0.06042490954201482,394.76226793954527,255052.61496725449,811.8341579682526,500000.0,0.38562007634836853,0,9,33.257644095759126,1,E5,autonomous,16.0,1,marketplace
5.289863194418672,9.919998996152573,5.668458224148509,8.766770463278588,4.300004762765259,7.68473987670086,4.604366980930195,4.897649500118973,,,22.66453169379033,28.360592409339368,3.469891752277528,5.523893067744211,5.022276770727501,9.919998996152573,1.0,1.0,29310.196036041838,532277.3226155266,516873.34282247716,548,0.9710602365748803,14403.979793049497,0.02706104352195697,1000.0,21.066612304900143,25.51542060502254,28.36059240933855,22.030243648422058,5.289863194418672,417.15365938720345,1723.1624642456711,850.8468612878302,0.4937705404697842,947.0014294262153,0.029022958005186773,63.40537595079827,4,0,1,18,0.0,524,207.0,0.06340537595079827,400.6076309628291,263535.6536391338,785.7130620340581,500000.0,0.4034931508629909,0,7,18.649708771619657,2,E5,autonomous,16.0,1,marketplace
2.508935106305829,4.408495172055882,3.8390327371676345,5.462813202767575,4.846372888884389,7.468877361869361,24.997154986599526,24.997154986599526,52.556082358230924,52.556082358230924,23.93495809870847,28.505537529268622,3.9279733789839577,4.2831973604385905,5.140346227442611,4.408495172055882,1.0,1.0,28096.063942230638,531327.860284328,530327.860284328,561,0.998117922897051,0.0,0.0,1000.0,21.804216787563618,25.544237563735805,28.36059240933912,23.527056930782283,2.508935106305829,463.74048179817237,1857.7462791345072,909.0531801001899,0.48933118064093367,995.000741524452,0.03040071385805064,66.47859907797626,2,1,3,14,0.0,545,207.0,0.06647859907797625,390.4499350421872,249145.76930898,831.1057385135965,500000.0,0.3756439251376791,0,2,6.686917343769473,3,E5,autonomous,16.0,1,marketplace
2.3353457242811952,3.850155001632448,4.253385182716784,5.890402410794377,2.873257019756819,5.196705321832087,,,107.50700938400041,189.3346390563278,23.75661562746779,28.50553752926902,4.707175565239053,4.777696738529631,3.5227290964438613,3.850155001632448,1.0,1.0,32491.15341102122,538255.453584505,538255.4535845051,550,1.0000000000000002,0.0,0.0,0.0,22.28443224095748,25.544237563735578,28.360592409339915,27.456428289786807,2.3353457242811952,552.5054584531979,1727.6884781993188,856.1280684202942,0.49553381829147386,928.0609124963559,0.029515800980217482,64.4237988070639,4,0,2,21,0.0,526,207.0,0.0644237988070639,384.695449753206,249102.5006994499,831.2418511150834,500000.0,0.36777135566344005,0,7,19.816906516895337,4,E5,autonomous,16.0,1,marketplace
9.092328153126983,38.83872035304817,20.01872768360327,67.33172191377164,16.54602217806473,48.04299412190794,28.19885176147818,52.69209817914816,,,23.227385017534495,28.97798627496668,5.367434310294577,8.351341580736516,20.497183997332073,38.83872035304817,0.8518518518518519,0.8596491228070176,43452.69323580841,547328.4080016714,546328.4080016714,572,0.998172943363837,0.0,0.0,1000.0,21.91739939295248,25.544237563735635,30.265973915951143,23.192376987004835,9.092328153126983,464.3085192194413,1826.6606983411953,905.657666125277,0.4957996123460212,1009.0269684580041,0.03038138985451942,66.23471492515637,5,0,0,21,0.0,540,207.0,0.06623471492515637,379.01421870468,233658.4137339503,886.1920758851692,500000.0,0.37740874527567386,0,10,29.01171974826643,5,E5,autonomous,16.0,1,marketplace
2.2192424499221852,2.745932042296954,3.6035774777669234,4.695867707685101,3.9103846683891073,7.412512091408283,30.701668468258106,37.423371168417795,,,23.766243763305365,28.50553752926953,5.91480313761105,8.799541456551745,8.209411406780257,2.745932042296954,1.0,1.0,31608.77227884693,533346.8920584851,533346.8920584851,565,1.0,0.0,0.0,0.0,21.626865459826853,25.544237563735805,28.50553752926953,23.38897937637223,2.2192424499221852,452.78063373491796,1848.8542442091446,934.6708314089334,0.5055405715926206,999.4342755686549,0.03208776294925824,69.94303914163041,4,1,0,21,0.0,537,207.0,0.0699430391416304,388.2462729649412,247638.7008494776,836.177634306865,500000.0,0.4250306203383179,0,11,31.612550145971372,6,E5,autonomous,16.0,1,marketplace
3.2696977876001214,3.3833892681694113,15.398493272659541,53.90047604108677,2.021458861337019,2.2634433286384934,5.289675528347701,5.721478906845315,10.175342153210863,10.175342153210863,23.556371310598106,28.689863009860062,3.558400087441572,4.883985552855555,9.539703889720942,3.3833892681694113,0.972972972972973,0.9508196721311475,40773.60461111535,544565.4292464787,543565.4292464787,581,0.9981636733690867,0.0,0.0,1000.0,20.97401779584338,25.544237563735606,28.50553752926953,22.067801521342695,3.2696977876001214,444.7341838555449,1891.7172536287349,933.9699625278203,0.49371541161146465,1021.1371093157908,0.02760786351881724,60.13886060493098,0,0,1,17,99.38937189467718,553,207.0,0.06013886060493098,380.9295582826955,238321.55373470674,868.8267410806611,500000.0,0.3616036583026325,0,12,31.027658692190975,7,E5,autonomous,16.0,1,marketplace
4.20428562736532,11.471520776954016,4.996387368860013,8.95214451441452,6.138751399285409,23.026471640435027,4.6735953308768785,4.774448558446738,,,23.94602774062699,28.61405639972633,2.33136071498537,4.249420105308127,5.614002513188877,11.471520776954016,1.0,1.0,38363.5914215517,540361.5398106,526845.8481339898,560,0.9749876875372228,13515.69167661024,0.02501231246277737,0.0,21.848606066751426,25.544237563735635,28.50553752926953,23.062020255164885,4.20428562736532,446.69483814293744,1783.2379217149687,890.8781414467816,0.4995845650197982,969.7734282473175,0.030715655179988997,66.73430346210323,5,0,1,14,0.0,542,207.0,0.06673430346210323,393.03096918550636,253802.08290413927,815.8590817462714,500000.0,0.4106725842152377,0,17,51.15998403936477,8,E5,autonomous,16.0,1,marketplace
4.56260566110238,10.986120117437304,5.467865521233236,11.22118401222717,4.979666167939229,8.479588851063818,35.107389822667756,35.107389822667756,40.10927852122995,49.62342555105979,23.14268186906422,28.360592409339915,3.132623333249533,5.06406825725162,5.952794264073757,10.986120117437304,1.0,1.0,47374.080402398526,549779.8663554897,548779.8663554897,604,0.9981810901759116,0.0,0.0,1000.0,20.077290879990162,25.25434732387589,27.76220913482949,22.70158078387939,4.56260566110238,458.6309458819777,2055.3966537765127,1013.8630068962572,0.4932687834406178,1139.6788028572364,0.03245945179904529,70.6874061036775,4,0,2,22,0.0,572,207.0,0.0706874061036775,377.3292354569856,233771.21376460645,885.7835148796865,500000.0,0.3795111859385827,0,13,36.44666791469508,9,E5,autonomous,16.0,1,marketplace
2.098147393996815,2.5215895989780392,3.864674657444425,6.353901706735724,5.274347822686337,9.863273415488308,,,,,22.664563521515117,28.360592409339915,2.8087799009234686,5.542488957240765,4.569511240065381,2.5215895989780392,1.0,1.0,13819.243346008723,516514.44304295897,516514.44304295897,540,1.0,0.0,0.0,0.0,21.227510746525546,25.544237563735635,28.360592409338597,22.08617192693477,2.098147393996815,421.52594823784335,1675.777423996242,836.4737241708896,0.49915562305174327,905.5862828392156,0.025589580224572736,55.76204202119911,1,0,2,18,0.0,519,207.0,0.05576204202119911,400.87119504768657,263652.16234981344,785.3368627688319,500000.0,0.3659736472605058,0,11,30.218763859837413,10,E5,autonomous,16.0,1,marketplace
4.513888797237368,10.204924596169803,7.7632899140987774,14.426693675594471,2.9358415646201137,4.866767879314603,,,6.827302626095843,6.827302626095843,23.44589847470701,28.50553752926953,2.4422264260745123,3.542681172082485,4.315112521614018,10.204924596169803,1.0,1.0,26006.043708159235,531772.2574830158,531772.2574830158,543,1.0,0.0,0.0,0.0,21.919107486200186,25.544237563735635,28.47654850528288,22.367269182496486,4.513888797237368,433.88571958071117,1634.8068166798992,803.7302310017276,0.49163621218194414,929.5132871241557,0.02715176085786475,59.30778374249757,3,0,0,18,0.0,516,207.0,0.05930778374249757,389.37591209401467,248028.2826857619,834.8213580387329,500000.0,0.37810985013657294,0,4,12.433225483121547,11,E5,autonomous,16.0,1,marketplace
10.49326393160553,26.807586071196987,13.188024330830293,31.549291174207042,4.526382004545667,4.526382004545667,,,,,23.962960285074974,30.03032834466709,3.016358706686723,5.3834249985942755,11.950646855646776,26.807586071196987,0.8571428571428571,0.8571428571428571,3605.0987133016765,503977.3460501888,503977.3460501888,521,1.0,0.0,0.0,0.0,23.33915936467382,25.544237563735805,29.975551950613863,23.819021363814954,10.49326393160553,446.60074059746444,1518.1410410778933,755.5119309898353,0.4976559559007872,828.5711474524244,0.026451631987254722,57.87596092755109,4,0,0,19,0.0,497,207.0,0.05787596092755109,410.84758587602784,279694.84980475256,740.2992086034801,500000.0,0.37911489256528635,0,2,6.297851428677579,12,E5,autonomous,16.0,1,marketplace
2.328499106683961,3.3606209678365073,2.6803156301368363,3.6028963538190966,4.563698290742877,5.430948337830387,,,,,22.86307965213845,28.505537529269123,1.8991134629092812,2.921562402148993,3.5173745904061877,3.3606209678365073,1.0,1.0,6216.486291594783,506496.9548278934,506496.9548278934,522,1.0,0.0,0.0,0.0,22.014022524043867,25.544237563735805,28.50553752926903,22.626211178127186,2.328499106683961,427.72243817998054,1552.7133031816666,777.6327338880933,0.500821840255149,877.6585869031412,0.02506054004100182,54.771444782998934,3,0,0,15,0.0,505,207.0,0.05477144478299894,408.7976629891877,275057.9097673917,752.7679230162225,500000.0,0.3630929251433404,0,5,13.264047713570447,13,E5,autonomous,16.0,1,marketplace
5.398533239441024,18.71009680015586,6.485609468956265,10.460752493486508,5.016736035751055,9.367023882395529,6.230628694503054,8.924693446052697,,,22.612225460497015,28.50553752926953,2.7736474162256366,5.289648923179903,5.71161488935296,18.71009680015586,1.0,1.0,58929.484502104126,566652.9292862886,566652.9292862886,576,1.0,0.0,0.0,0.0,20.295112064875184,25.25434732387589,28.360592409339915,20.650895755952593,5.398533239441024,428.0156751389623,1881.174552662476,943.5143771105106,0.5015559963721229,1072.9638414804851,0.027813076928139512,60.59215055597402,0,0,1,22,0.0,549,207.0,0.06059215055597403,365.40990339775215,216702.88455581132,955.5045498124322,500000.0,0.38600021823993186,0,12,32.39535240069569,14,E5,autonomous,16.0,1,marketplace
9.217427013512022,26.038677482758253,10.342379071923363,30.516214750124618,5.181944641026927,3.7697355163863904,5.153455016685841,5.598590089085156,6.32692557703399,7.151360778135176,24.32587965538878,28.53420545765594,4.218380241658577,7.856091335865313,7.955526581499685,26.038677482758253,0.8571428571428571,0.9864864864864865,64862.71277757866,573615.9384122626,573615.9384122626,603,1.0,0.0,0.0,0.0,21.43012508710555,25.254347323876573,28.476548505282892,21.96457859353705,9.217427013512022,457.586355708812,2083.177319469795,1029.8376076589077,0.49435907257334166,1187.8042010772103,0.03301205873152561,71.99539186648639,4,0,2,20,0.0,566,207.0,0.07199539186648639,360.99414525515175,209904.6134417528,986.5052129944141,500000.0,0.39254642073810303,0,11,27.954970971604414,15,E5,autonomous,16.0,1,marketplace
10.043195774546826,19.20469990689739,17.13468021695573,44.122733695157876,28.52081086933534,59.97252518741553,,,,,23.61438422840931,28.50553752926902,2.703008199232727,3.430863140702968,20.930057101082266,19.20469990689739,0.8947368421052632,0.8571428571428571,8440.199489225186,509188.49886297405,509188.49886297405,531,1.0,0.0,0.0,0.0,22.965145710788104,25.544237563735805,28.50553752926953,23.354509757766667,10.043195774546826,445.7387534155618,1547.2240704896838,768.1487446201272,0.49646897257552,842.13827316954,0.024620741978340036,53.708013607751354,1,0,1,19,0.0,504,207.0,0.053708013607751355,406.6346912311687,274832.77972936863,753.3806855845077,500000.0,0.3732550309588564,0,6,15.851629567615955,16,E5,autonomous,16.0,1,marketplace
2.9442790473932634,4.473919988709531,3.2054370642068926,5.645738534011071,3.469279749121699,4.433391742602305,,,,,23.339759912622263,28.360592409339098,2.4809250651271877,4.349318386817686,3.3153715162547286,4.473919988709531,1.0,1.0,10188.61735102234,511539.3687118152,511539.3687118152,538,1.0,0.0,0.0,0.0,21.897990289839193,25.544237563735805,28.236628375048465,22.890663694771696,2.9442790473932634,436.0219236662027,1637.9294744761817,814.0488826638979,0.49699873855938453,909.0172830661004,0.027040412208255343,59.07749213334224,4,0,0,12,0.0,524,207.0,0.05907749213334224,404.7764261303293,270525.68954026053,765.3952489466554,500000.0,0.3826441016958399,0,6,14.732451798064856,17,E5,autonomous,16.0,1,marketplace
3.072923384891273,4.949759006147178,4.822355363108545,6.681135364076085,4.1498143363443285,6.354643865380057,8.114529341731517,14.68775168160164,5.450239200986289,6.177211045817421,22.947067148997153,28.360592409339915,5.462066810644546,8.533868208390603,5.1341272492464345,4.949759006147178,1.0,1.0,68261.72443658626,577118.2182746406,576118.2182746406,575,0.9982672527597732,0.0,0.0,1000.0,20.52271913833666,25.254347323875834,28.34398925420437,20.723312705074168,3.072923384891273,435.576628368736,1883.4453487534402,930.308326943551,0.49393964500179227,1058.4786004586965,0.028971340501047577,63.327288837423524,2,0,4,20,0.0,553,207.0,0.06332728883742353,359.4111776380738,214387.8990493048,965.83495713635,500000.0,0.3507345892488704,0,4,9.764275488896569,18,E5,autonomous,16.0,1,marketplace
8.778971082690171,31.40737985186425,5.992224590046117,7.015703816636007,8.852078156049464,28.146127177656854,,,113.44952101666786,113.44952101666786,23.736567848207642,29.230263128918203,2.818519440497458,3.962877256208867,7.001584672164945,31.40737985186425,0.8285714285714286,1.0,37728.11627304937,538786.9281851918,536786.9281851918,582,0.9962879574552103,0.0,0.0,2000.0,21.51037362257526,25.25434732387589,29.229470776152038,24.974612326587856,8.778971082690171,494.0355258952742,1941.5246119403473,964.6407099586766,0.4968470160131634,1035.1301926701515,0.02980093884235131,64.92206272486925,2,0,2,18,0.0,545,207.0,0.06492206272486925,385.7488161322873,242948.22602193616,852.3006133991225,500000.0,0.3760395904613187,0,14,35.56524054623648,19,E5,autonomous,16.0,1,marketplace
2.9599656531043776,2.398065408800991,3.39153612338861,6.136356051912663,2.909540259713547,4.687310402732123,,,,,22.991545702942144,28.50112747915,3.5104848585164063,7.1035627523324365,3.2393269032806953,2.398065408800991,0.9583333333333334,1.0,13968.57625752051,515078.73700219905,515078.73700219905,554,1.0,0.0,0.0,0.0,21.05952088763825,25.51542060502254,28.36059240933964,22.41046769401564,2.9599656531043776,429.28242774367874,1794.509002912033,899.2110011880808,0.5010902702237154,983.8086291861954,0.027712338177286567,60.5341107968463,3,0,0,13,0.0,536,207.0,0.0605341107968463,401.9978291394949,267032.8386359332,775.4122495514446,500000.0,0.365214624565231,0,5,15.231304687125249,0,E5,autonomous,16.0,2,marketplace
2.002273533987905,2.1902101704262464,3.7013343731120756,4.812801445418245,4.044109570760338,5.195528348087646,11.339669531050882,19.999147835876467,,,23.072599220012115,29.126172519020244,3.3546794240575246,4.820394045863032,5.460540191830485,2.1902101704262464,1.0,1.0,22776.714596747763,525519.2910413912,524519.2910413912,535,0.9980971202826477,0.0,0.0,1000.0,21.762974640093258,25.544237563735805,28.50553752926953,22.27935577872252,2.002273533987905,428.84149595409065,1678.8190902623937,844.8305569353865,0.5032290625211692,942.571348807767,0.027773694044587474,60.424909542014824,3,0,4,21,0.0,507,207.0,0.06042490954201482,394.76226793954527,255052.61496725449,811.8341579682526,500000.0,0.38562007634836853,0,9,33.257644095759126,1,E5,autonomous,16.0,2,marketplace
5.289863194418672,9.919998996152573,5.668458224148509,8.766770463278588,4.300004762765259,7.68473987670086,4.604366980930195,4.897649500118973,,,22.66453169379033,28.360592409339368,3.469891752277528,5.523893067744211,5.022276770727501,9.919998996152573,1.0,1.0,29310.196036041838,532277.3226155266,516873.34282247716,548,0.9710602365748803,14403.979793049497,0.02706104352195697,1000.0,21.066612304900143,25.51542060502254,28.36059240933855,22.030243648422058,5.289863194418672,417.15365938720345,1723.1624642456711,850.8468612878302,0.4937705404697842,947.0014294262153,0.029022958005186773,63.40537595079827,4,0,1,18,0.0,524,207.0,0.06340537595079827,400.6076309628291,263535.6536391338,785.7130620340581,500000.0,0.4034931508629909,0,7,18.649708771619657,2,E5,autonomous,16.0,2,marketplace
2.508935106305829,4.408495172055882,3.8390327371676345,5.462813202767575,4.846372888884389,7.468877361869361,24.997154986599526,24.997154986599526,52.556082358230924,52.556082358230924,23.93495809870847,28.505537529268622,3.9279733789839577,4.2831973604385905,5.140346227442611,4.408495172055882,1.0,1.0,28096.063942230638,531327.860284328,530327.860284328,561,0.998117922897051,0.0,0.0,1000.0,21.804216787563618,25.544237563735805,28.36059240933912,23.527056930782283,2.508935106305829,463.74048179817237,1857.7462791345072,909.0531801001899,0.48933118064093367,995.000741524452,0.03040071385805064,66.47859907797626,2,1,3,14,0.0,545,207.0,0.06647859907797625,390.4499350421872,249145.76930898,831.1057385135965,500000.0,0.3756439251376791,0,2,6.686917343769473,3,E5,autonomous,16.0,2,marketplace
2.3353457242811952,3.850155001632448,4.253385182716784,5.890402410794377,2.873257019756819,5.196705321832087,,,107.50700938400041,189.3346390563278,23.75661562746779,28.50553752926902,4.707175565239053,4.777696738529631,3.5227290964438613,3.850155001632448,1.0,1.0,32491.15341102122,538255.453584505,538255.4535845051,550,1.0000000000000002,0.0,0.0,0.0,22.28443224095748,25.544237563735578,28.360592409339915,27.456428289786807,2.3353457242811952,552.5054584531979,1727.6884781993188,856.1280684202942,0.49553381829147386,928.0609124963559,0.029515800980217482,64.4237988070639,4,0,2,21,0.0,526,207.0,0.0644237988070639,384.695449753206,249102.5006994499,831.2418511150834,500000.0,0.36777135566344005,0,7,19.816906516895337,4,E5,autonomous,16.0,2,marketplace
9.092328153126983,38.83872035304817,20.01872768360327,67.33172191377164,16.54602217806473,48.04299412190794,28.19885176147818,52.69209817914816,,,23.227385017534495,28.97798627496668,5.367434310294577,8.351341580736516,20.497183997332073,38.83872035304817,0.8518518518518519,0.8596491228070176,43452.69323580841,547328.4080016714,546328.4080016714,572,0.998172943363837,0.0,0.0,1000.0,21.91739939295248,25.544237563735635,30.265973915951143,23.192376987004835,9.092328153126983,464.3085192194413,1826.6606983411953,905.657666125277,0.4957996123460212,1009.0269684580041,0.03038138985451942,66.23471492515637,5,0,0,21,0.0,540,207.0,0.06623471492515637,379.01421870468,233658.4137339503,886.1920758851692,500000.0,0.37740874527567386,0,10,29.01171974826643,5,E5,autonomous,16.0,2,marketplace
2.2192424499221852,2.745932042296954,3.6035774777669234,4.695867707685101,3.9103846683891073,7.412512091408283,30.701668468258106,37.423371168417795,,,23.766243763305365,28.50553752926953,5.91480313761105,8.799541456551745,8.209411406780257,2.745932042296954,1.0,1.0,31608.77227884693,533346.8920584851,533346.8920584851,565,1.0,0.0,0.0,0.0,21.626865459826853,25.544237563735805,28.50553752926953,23.38897937637223,2.2192424499221852,452.78063373491796,1848.8542442091446,934.6708314089334,0.5055405715926206,999.4342755686549,0.03208776294925824,69.94303914163041,4,1,0,21,0.0,537,207.0,0.0699430391416304,388.2462729649412,247638.7008494776,836.177634306865,500000.0,0.4250306203383179,0,11,31.612550145971372,6,E5,autonomous,16.0,2,marketplace
3.2696977876001214,3.3833892681694113,15.398493272659541,53.90047604108677,2.021458861337019,2.2634433286384934,5.289675528347701,5.721478906845315,10.175342153210863,10.175342153210863,23.556371310598106,28.689863009860062,3.558400087441572,4.883985552855555,9.539703889720942,3.3833892681694113,0.972972972972973,0.9508196721311475,40773.60461111535,544565.4292464787,543565.4292464787,581,0.9981636733690867,0.0,0.0,1000.0,20.97401779584338,25.544237563735606,28.50553752926953,22.067801521342695,3.2696977876001214,444.7341838555449,1891.7172536287349,933.9699625278203,0.49371541161146465,1021.1371093157908,0.02760786351881724,60.13886060493098,0,0,1,17,99.38937189467718,553,207.0,0.06013886060493098,380.9295582826955,238321.55373470674,868.8267410806611,500000.0,0.3616036583026325,0,12,31.027658692190975,7,E5,autonomous,16.0,2,marketplace
4.20428562736532,11.471520776954016,4.996387368860013,8.95214451441452,6.138751399285409,23.026471640435027,4.6735953308768785,4.774448558446738,,,23.94602774062699,28.61405639972633,2.33136071498537,4.249420105308127,5.614002513188877,11.471520776954016,1.0,1.0,38363.5914215517,540361.5398106,526845.8481339898,560,0.9749876875372228,13515.69167661024,0.02501231246277737,0.0,21.848606066751426,25.544237563735635,28.50553752926953,23.062020255164885,4.20428562736532,446.69483814293744,1783.2379217149687,890.8781414467816,0.4995845650197982,969.7734282473175,0.030715655179988997,66.73430346210323,5,0,1,14,0.0,542,207.0,0.06673430346210323,393.03096918550636,253802.08290413927,815.8590817462714,500000.0,0.4106725842152377,0,17,51.15998403936477,8,E5,autonomous,16.0,2,marketplace
4.56260566110238,10.986120117437304,5.467865521233236,11.22118401222717,4.979666167939229,8.479588851063818,35.107389822667756,35.107389822667756,40.10927852122995,49.62342555105979,23.14268186906422,28.360592409339915,3.132623333249533,5.06406825725162,5.952794264073757,10.986120117437304,1.0,1.0,47374.080402398526,549779.8663554897,548779.8663554897,604,0.9981810901759116,0.0,0.0,1000.0,20.077290879990162,25.25434732387589,27.76220913482949,22.70158078387939,4.56260566110238,458.6309458819777,2055.3966537765127,1013.8630068962572,0.4932687834406178,1139.6788028572364,0.03245945179904529,70.6874061036775,4,0,2,22,0.0,572,207.0,0.0706874061036775,377.3292354569856,233771.21376460645,885.7835148796865,500000.0,0.3795111859385827,0,13,36.44666791469508,9,E5,autonomous,16.0,2,marketplace
2.098147393996815,2.5215895989780392,3.864674657444425,6.353901706735724,5.274347822686337,9.863273415488308,,,,,22.664563521515117,28.360592409339915,2.8087799009234686,5.542488957240765,4.569511240065381,2.5215895989780392,1.0,1.0,13819.243346008723,516514.44304295897,516514.44304295897,540,1.0,0.0,0.0,0.0,21.227510746525546,25.544237563735635,28.360592409338597,22.08617192693477,2.098147393996815,421.52594823784335,1675.777423996242,836.4737241708896,0.49915562305174327,905.5862828392156,0.025589580224572736,55.76204202119911,1,0,2,18,0.0,519,207.0,0.05576204202119911,400.87119504768657,263652.16234981344,785.3368627688319,500000.0,0.3659736472605058,0,11,30.218763859837413,10,E5,autonomous,16.0,2,marketplace
4.513888797237368,10.204924596169803,7.7632899140987774,14.426693675594471,2.9358415646201137,4.866767879314603,,,6.827302626095843,6.827302626095843,23.44589847470701,28.50553752926953,2.4422264260745123,3.542681172082485,4.315112521614018,10.204924596169803,1.0,1.0,26006.043708159235,531772.2574830158,531772.2574830158,543,1.0,0.0,0.0,0.0,21.919107486200186,25.544237563735635,28.47654850528288,22.367269182496486,4.513888797237368,433.88571958071117,1634.8068166798992,803.7302310017276,0.49163621218194414,929.5132871241557,0.02715176085786475,59.30778374249757,3,0,0,18,0.0,516,207.0,0.05930778374249757,389.37591209401467,248028.2826857619,834.8213580387329,500000.0,0.37810985013657294,0,4,12.433225483121547,11,E5,autonomous,16.0,2,marketplace
10.49326393160553,26.807586071196987,13.188024330830293,31.549291174207042,4.526382004545667,4.526382004545667,,,,,23.962960285074974,30.03032834466709,3.016358706686723,5.3834249985942755,11.950646855646776,26.807586071196987,0.8571428571428571,0.8571428571428571,3605.0987133016765,503977.3460501888,503977.3460501888,521,1.0,0.0,0.0,0.0,23.33915936467382,25.544237563735805,29.975551950613863,23.819021363814954,10.49326393160553,446.60074059746444,1518.1410410778933,755.5119309898353,0.4976559559007872,828.5711474524244,0.026451631987254722,57.87596092755109,4,0,0,19,0.0,497,207.0,0.05787596092755109,410.84758587602784,279694.84980475256,740.2992086034801,500000.0,0.37911489256528635,0,2,6.297851428677579,12,E5,autonomous,16.0,2,marketplace
2.328499106683961,3.3606209678365073,2.6803156301368363,3.6028963538190966,4.563698290742877,5.430948337830387,,,,,22.86307965213845,28.505537529269123,1.8991134629092812,2.921562402148993,3.5173745904061877,3.3606209678365073,1.0,1.0,6216.486291594783,506496.9548278934,506496.9548278934,522,1.0,0.0,0.0,0.0,22.014022524043867,25.544237563735805,28.50553752926903,22.626211178127186,2.328499106683961,427.72243817998054,1552.7133031816666,777.6327338880933,0.500821840255149,877.6585869031412,0.02506054004100182,54.771444782998934,3,0,0,15,0.0,505,207.0,0.05477144478299894,408.7976629891877,275057.9097673917,752.7679230162225,500000.0,0.3630929251433404,0,5,13.264047713570447,13,E5,autonomous,16.0,2,marketplace
5.398533239441024,18.71009680015586,6.485609468956265,10.460752493486508,5.016736035751055,9.367023882395529,6.230628694503054,8.924693446052697,,,22.612225460497015,28.50553752926953,2.7736474162256366,5.289648923179903,5.71161488935296,18.71009680015586,1.0,1.0,58929.484502104126,566652.9292862886,566652.9292862886,576,1.0,0.0,0.0,0.0,20.295112064875184,25.25434732387589,28.360592409339915,20.650895755952593,5.398533239441024,428.0156751389623,1881.174552662476,943.5143771105106,0.5015559963721229,1072.9638414804851,0.027813076928139512,60.59215055597402,0,0,1,22,0.0,549,207.0,0.06059215055597403,365.40990339775215,216702.88455581132,955.5045498124322,500000.0,0.38600021823993186,0,12,32.39535240069569,14,E5,autonomous,16.0,2,marketplace
9.217427013512022,26.038677482758253,10.342379071923363,30.516214750124618,5.181944641026927,3.7697355163863904,5.153455016685841,5.598590089085156,6.32692557703399,7.151360778135176,24.32587965538878,28.53420545765594,4.218380241658577,7.856091335865313,7.955526581499685,26.038677482758253,0.8571428571428571,0.9864864864864865,64862.71277757866,573615.9384122626,573615.9384122626,603,1.0,0.0,0.0,0.0,21.43012508710555,25.254347323876573,28.476548505282892,21.96457859353705,9.217427013512022,457.586355708812,2083.177319469795,1029.8376076589077,0.49435907257334166,1187.8042010772103,0.03301205873152561,71.99539186648639,4,0,2,20,0.0,566,207.0,0.07199539186648639,360.99414525515175,209904.6134417528,986.5052129944141,500000.0,0.39254642073810303,0,11,27.954970971604414,15,E5,autonomous,16.0,2,marketplace
10.043195774546826,19.20469990689739,17.13468021695573,44.122733695157876,28.52081086933534,59.97252518741553,,,,,23.61438422840931,28.50553752926902,2.703008199232727,3.430863140702968,20.930057101082266,19.20469990689739,0.8947368421052632,0.8571428571428571,8440.199489225186,509188.49886297405,509188.49886297405,531,1.0,0.0,0.0,0.0,22.965145710788104,25.544237563735805,28.50553752926953,23.354509757766667,10.043195774546826,445.7387534155618,1547.2240704896838,768.1487446201272,0.49646897257552,842.13827316954,0.024620741978340036,53.708013607751354,1,0,1,19,0.0,504,207.0,0.053708013607751355,406.6346912311687,274832.77972936863,753.3806855845077,500000.0,0.3732550309588564,0,6,15.851629567615955,16,E5,autonomous,16.0,2,marketplace
2.9442790473932634,4.473919988709531,3.2054370642068926,5.645738534011071,3.469279749121699,4.433391742602305,,,,,23.339759912622263,28.360592409339098,2.4809250651271877,4.349318386817686,3.3153715162547286,4.473919988709531,1.0,1.0,10188.61735102234,511539.3687118152,511539.3687118152,538,1.0,0.0,0.0,0.0,21.897990289839193,25.544237563735805,28.236628375048465,22.890663694771696,2.9442790473932634,436.0219236662027,1637.9294744761817,814.0488826638979,0.49699873855938453,909.0172830661004,0.027040412208255343,59.07749213334224,4,0,0,12,0.0,524,207.0,0.05907749213334224,404.7764261303293,270525.68954026053,765.3952489466554,500000.0,0.3826441016958399,0,6,14.732451798064856,17,E5,autonomous,16.0,2,marketplace
3.072923384891273,4.949759006147178,4.822355363108545,6.681135364076085,4.1498143363443285,6.354643865380057,8.114529341731517,14.68775168160164,5.450239200986289,6.177211045817421,22.947067148997153,28.360592409339915,5.462066810644546,8.533868208390603,5.1341272492464345,4.949759006147178,1.0,1.0,68261.72443658626,577118.2182746406,576118.2182746406,575,0.9982672527597732,0.0,0.0,1000.0,20.52271913833666,25.254347323875834,28.34398925420437,20.723312705074168,3.072923384891273,435.576628368736,1883.4453487534402,930.308326943551,0.49393964500179227,1058.4786004586965,0.028971340501047577,63.327288837423524,2,0,4,20,0.0,553,207.0,0.06332728883742353,359.4111776380738,214387.8990493048,965.83495713635,500000.0,0.3507345892488704,0,4,9.764275488896569,18,E5,autonomous,16.0,2,marketplace
8.778971082690171,31.40737985186425,5.992224590046117,7.015703816636007,8.852078156049464,28.146127177656854,,,113.44952101666786,113.44952101666786,23.736567848207642,29.230263128918203,2.818519440497458,3.962877256208867,7.001584672164945,31.40737985186425,0.8285714285714286,1.0,37728.11627304937,538786.9281851918,536786.9281851918,582,0.9962879574552103,0.0,0.0,2000.0,21.51037362257526,25.25434732387589,29.229470776152038,24.974612326587856,8.778971082690171,494.0355258952742,1941.5246119403473,964.6407099586766,0.4968470160131634,1035.1301926701515,0.02980093884235131,64.92206272486925,2,0,2,18,0.0,545,207.0,0.06492206272486925,385.7488161322873,242948.22602193616,852.3006133991225,500000.0,0.3760395904613187,0,14,35.56524054623648,19,E5,autonomous,16.0,2,marketplace
2.9599656531043776,2.398065408800991,3.39153612338861,6.136356051912663,2.909540259713547,4.687310402732123,,,,,22.991545702942144,28.50112747915,3.5104848585164063,7.1035627523324365,3.2393269032806953,2.398065408800991,0.9583333333333334,1.0,13968.57625752051,515078.73700219905,515078.73700219905,554,1.0,0.0,0.0,0.0,21.05952088763825,25.51542060502254,28.36059240933964,22.41046769401564,2.9599656531043776,429.28242774367874,1794.509002912033,899.2110011880808,0.5010902702237154,983.8086291861954,0.027712338177286567,60.5341107968463,3,0,0,13,0.0,536,207.0,0.0605341107968463,401.9978291394949,267032.8386359332,775.4122495514446,500000.0,0.365214624565231,0,5,15.231304687125249,0,E5,autonomous,16.0,4,marketplace
2.002273533987905,2.1902101704262464,3.7013343731120756,4.812801445418245,4.044109570760338,5.195528348087646,11.339669531050882,19.999147835876467,,,23.072599220012115,29.126172519020244,3.3546794240575246,4.820394045863032,5.460540191830485,2.1902101704262464,1.0,1.0,22776.714596747763,525519.2910413912,524519.2910413912,535,0.9980971202826477,0.0,0.0,1000.0,21.762974640093258,25.544237563735805,28.50553752926953,22.27935577872252,2.002273533987905,428.84149595409065,1678.8190902623937,844.8305569353865,0.5032290625211692,942.571348807767,0.027773694044587474,60.424909542014824,3,0,4,21,0.0,507,207.0,0.06042490954201482,394.76226793954527,255052.61496725449,811.8341579682526,500000.0,0.38562007634836853,0,9,33.257644095759126,1,E5,autonomous,16.0,4,marketplace
5.289863194418672,9.919998996152573,5.668458224148509,8.766770463278588,4.300004762765259,7.68473987670086,4.604366980930195,4.897649500118973,,,22.66453169379033,28.360592409339368,3.469891752277528,5.523893067744211,5.022276770727501,9.919998996152573,1.0,1.0,29310.196036041838,532277.3226155266,516873.34282247716,548,0.9710602365748803,14403.979793049497,0.02706104352195697,1000.0,21.066612304900143,25.51542060502254,28.36059240933855,22.030243648422058,5.289863194418672,417.15365938720345,1723.1624642456711,850.8468612878302,0.4937705404697842,947.0014294262153,0.029022958005186773,63.40537595079827,4,0,1,18,0.0,524,207.0,0.06340537595079827,400.6076309628291,263535.6536391338,785.7130620340581,500000.0,0.4034931508629909,0,7,18.649708771619657,2,E5,autonomous,16.0,4,marketplace
2.508935106305829,4.408495172055882,3.8390327371676345,5.462813202767575,4.846372888884389,7.468877361869361,24.997154986599526,24.997154986599526,52.556082358230924,52.556082358230924,23.93495809870847,28.505537529268622,3.9279733789839577,4.2831973604385905,5.140346227442611,4.408495172055882,1.0,1.0,28096.063942230638,531327.860284328,530327.860284328,561,0.998117922897051,0.0,0.0,1000.0,21.804216787563618,25.544237563735805,28.36059240933912,23.527056930782283,2.508935106305829,463.74048179817237,1857.7462791345072,909.0531801001899,0.48933118064093367,995.000741524452,0.03040071385805064,66.47859907797626,2,1,3,14,0.0,545,207.0,0.06647859907797625,390.4499350421872,249145.76930898,831.1057385135965,500000.0,0.3756439251376791,0,2,6.686917343769473,3,E5,autonomous,16.0,4,marketplace
2.3353457242811952,3.850155001632448,4.253385182716784,5.890402410794377,2.873257019756819,5.196705321832087,,,107.50700938400041,189.3346390563278,23.75661562746779,28.50553752926902,4.707175565239053,4.777696738529631,3.5227290964438613,3.850155001632448,1.0,1.0,32491.15341102122,538255.453584505,538255.4535845051,550,1.0000000000000002,0.0,0.0,0.0,22.28443224095748,25.544237563735578,28.360592409339915,27.456428289786807,2.3353457242811952,552.5054584531979,1727.6884781993188,856.1280684202942,0.49553381829147386,928.0609124963559,0.029515800980217482,64.4237988070639,4,0,2,21,0.0,526,207.0,0.0644237988070639,384.695449753206,249102.5006994499,831.2418511150834,500000.0,0.36777135566344005,0,7,19.816906516895337,4,E5,autonomous,16.0,4,marketplace
9.092328153126983,38.83872035304817,20.01872768360327,67.33172191377164,16.54602217806473,48.04299412190794,28.19885176147818,52.69209817914816,,,23.227385017534495,28.97798627496668,5.367434310294577,8.351341580736516,20.497183997332073,38.83872035304817,0.8518518518518519,0.8596491228070176,43452.69323580841,547328.4080016714,546328.4080016714,572,0.998172943363837,0.0,0.0,1000.0,21.91739939295248,25.544237563735635,30.265973915951143,23.192376987004835,9.092328153126983,464.3085192194413,1826.6606983411953,905.657666125277,0.4957996123460212,1009.0269684580041,0.03038138985451942,66.23471492515637,5,0,0,21,0.0,540,207.0,0.06623471492515637,379.01421870468,233658.4137339503,886.1920758851692,500000.0,0.37740874527567386,0,10,29.01171974826643,5,E5,autonomous,16.0,4,marketplace
2.2192424499221852,2.745932042296954,3.6035774777669234,4.695867707685101,3.9103846683891073,7.412512091408283,30.701668468258106,37.423371168417795,,,23.766243763305365,28.50553752926953,5.91480313761105,8.799541456551745,8.209411406780257,2.745932042296954,1.0,1.0,31608.77227884693,533346.8920584851,533346.8920584851,565,1.0,0.0,0.0,0.0,21.626865459826853,25.544237563735805,28.50553752926953,23.38897937637223,2.2192424499221852,452.78063373491796,1848.8542442091446,934.6708314089334,0.5055405715926206,999.4342755686549,0.03208776294925824,69.94303914163041,4,1,0,21,0.0,537,207.0,0.0699430391416304,388.2462729649412,247638.7008494776,836.177634306865,500000.0,0.4250306203383179,0,11,31.612550145971372,6,E5,autonomous,16.0,4,marketplace
3.2696977876001214,3.3833892681694113,15.398493272659541,53.90047604108677,2.021458861337019,2.2634433286384934,5.289675528347701,5.721478906845315,10.175342153210863,10.175342153210863,23.556371310598106,28.689863009860062,3.558400087441572,4.883985552855555,9.539703889720942,3.3833892681694113,0.972972972972973,0.9508196721311475,40773.60461111535,544565.4292464787,543565.4292464787,581,0.9981636733690867,0.0,0.0,1000.0,20.97401779584338,25.544237563735606,28.50553752926953,22.067801521342695,3.2696977876001214,444.7341838555449,1891.7172536287349,933.9699625278203,0.49371541161146465,1021.1371093157908,0.02760786351881724,60.13886060493098,0,0,1,17,99.38937189467718,553,207.0,0.06013886060493098,380.9295582826955,238321.55373470674,868.8267410806611,500000.0,0.3616036583026325,0,12,31.027658692190975,7,E5,autonomous,16.0,4,marketplace
4.20428562736532,11.471520776954016,4.996387368860013,8.95214451441452,6.138751399285409,23.026471640435027,4.6735953308768785,4.774448558446738,,,23.94602774062699,28.61405639972633,2.33136071498537,4.249420105308127,5.614002513188877,11.471520776954016,1.0,1.0,38363.5914215517,540361.5398106,526845.8481339898,560,0.9749876875372228,13515.69167661024,0.02501231246277737,0.0,21.848606066751426,25.544237563735635,28.50553752926953,23.062020255164885,4.20428562736532,446.69483814293744,1783.2379217149687,890.8781414467816,0.4995845650197982,969.7734282473175,0.030715655179988997,66.73430346210323,5,0,1,14,0.0,542,207.0,0.06673430346210323,393.03096918550636,253802.08290413927,815.8590817462714,500000.0,0.4106725842152377,0,17,51.15998403936477,8,E5,autonomous,16.0,4,marketplace
4.56260566110238,10.986120117437304,5.467865521233236,11.22118401222717,4.979666167939229,8.479588851063818,35.107389822667756,35.107389822667756,40.10927852122995,49.62342555105979,23.14268186906422,28.360592409339915,3.132623333249533,5.06406825725162,5.952794264073757,10.986120117437304,1.0,1.0,47374.080402398526,549779.8663554897,548779.8663554897,604,0.9981810901759116,0.0,0.0,1000.0,20.077290879990162,25.25434732387589,27.76220913482949,22.70158078387939,4.56260566110238,458.6309458819777,2055.3966537765127,1013.8630068962572,0.4932687834406178,1139.6788028572364,0.03245945179904529,70.6874061036775,4,0,2,22,0.0,572,207.0,0.0706874061036775,377.3292354569856,233771.21376460645,885.7835148796865,500000.0,0.3795111859385827,0,13,36.44666791469508,9,E5,autonomous,16.0,4,marketplace
2.098147393996815,2.5215895989780392,3.864674657444425,6.353901706735724,5.274347822686337,9.863273415488308,,,,,22.664563521515117,28.360592409339915,2.8087799009234686,5.542488957240765,4.569511240065381,2.5215895989780392,1.0,1.0,13819.243346008723,516514.44304295897,516514.44304295897,540,1.0,0.0,0.0,0.0,21.227510746525546,25.544237563735635,28.360592409338597,22.08617192693477,2.098147393996815,421.52594823784335,1675.777423996242,836.4737241708896,0.49915562305174327,905.5862828392156,0.025589580224572736,55.76204202119911,1,0,2,18,0.0,519,207.0,0.05576204202119911,400.87119504768657,263652.16234981344,785.3368627688319,500000.0,0.3659736472605058,0,11,30.218763859837413,10,E5,autonomous,16.0,4,marketplace
4.513888797237368,10.204924596169803,7.7632899140987774,14.426693675594471,2.9358415646201137,4.866767879314603,,,6.827302626095843,6.827302626095843,23.44589847470701,28.50553752926953,2.4422264260745123,3.542681172082485,4.315112521614018,10.204924596169803,1.0,1.0,26006.043708159235,531772.2574830158,531772.2574830158,543,1.0,0.0,0.0,0.0,21.919107486200186,25.544237563735635,28.47654850528288,22.367269182496486,4.513888797237368,433.88571958071117,1634.8068166798992,803.7302310017276,0.49163621218194414,929.5132871241557,0.02715176085786475,59.30778374249757,3,0,0,18,0.0,516,207.0,0.05930778374249757,389.37591209401467,248028.2826857619,834.8213580387329,500000.0,0.37810985013657294,0,4,12.433225483121547,11,E5,autonomous,16.0,4,marketplace
10.49326393160553,26.807586071196987,13.188024330830293,31.549291174207042,4.526382004545667,4.526382004545667,,,,,23.962960285074974,30.03032834466709,3.016358706686723,5.3834249985942755,11.950646855646776,26.807586071196987,0.8571428571428571,0.8571428571428571,3605.0987133016765,503977.3460501888,503977.3460501888,521,1.0,0.0,0.0,0.0,23.33915936467382,25.544237563735805,29.975551950613863,23.819021363814954,10.49326393160553,446.60074059746444,1518.1410410778933,755.5119309898353,0.4976559559007872,828.5711474524244,0.026451631987254722,57.87596092755109,4,0,0,19,0.0,497,207.0,0.05787596092755109,410.84758587602784,279694.84980475256,740.2992086034801,500000.0,0.37911489256528635,0,2,6.297851428677579,12,E5,autonomous,16.0,4,marketplace
2.328499106683961,3.3606209678365073,2.6803156301368363,3.6028963538190966,4.563698290742877,5.430948337830387,,,,,22.86307965213845,28.505537529269123,1.8991134629092812,2.921562402148993,3.5173745904061877,3.3606209678365073,1.0,1.0,6216.486291594783,506496.9548278934,506496.9548278934,522,1.0,0.0,0.0,0.0,22.014022524043867,25.544237563735805,28.50553752926903,22.626211178127186,2.328499106683961,427.72243817998054,1552.7133031816666,777.6327338880933,0.500821840255149,877.6585869031412,0.02506054004100182,54.771444782998934,3,0,0,15,0.0,505,207.0,0.05477144478299894,408.7976629891877,275057.9097673917,752.7679230162225,500000.0,0.3630929251433404,0,5,13.264047713570447,13,E5,autonomous,16.0,4,marketplace
5.398533239441024,18.71009680015586,6.485609468956265,10.460752493486508,5.016736035751055,9.367023882395529,6.230628694503054,8.924693446052697,,,22.612225460497015,28.50553752926953,2.7736474162256366,5.289648923179903,5.71161488935296,18.71009680015586,1.0,1.0,58929.484502104126,566652.9292862886,566652.9292862886,576,1.0,0.0,0.0,0.0,20.295112064875184,25.25434732387589,28.360592409339915,20.650895755952593,5.398533239441024,428.0156751389623,1881.174552662476,943.5143771105106,0.5015559963721229,1072.9638414804851,0.027813076928139512,60.59215055597402,0,0,1,22,0.0,549,207.0,0.06059215055597403,365.40990339775215,216702.88455581132,955.5045498124322,500000.0,0.38600021823993186,0,12,32.39535240069569,14,E5,autonomous,16.0,4,marketplace
9.217427013512022,26.038677482758253,10.342379071923363,30.516214750124618,5.181944641026927,3.7697355163863904,5.153455016685841,5.598590089085156,6.32692557703399,7.151360778135176,24.32587965538878,28.53420545765594,4.218380241658577,7.856091335865313,7.955526581499685,26.038677482758253,0.8571428571428571,0.9864864864864865,64862.71277757866,573615.9384122626,573615.9384122626,603,1.0,0.0,0.0,0.0,21.43012508710555,25.254347323876573,28.476548505282892,21.96457859353705,9.217427013512022,457.586355708812,2083.177319469795,1029.8376076589077,0.49435907257334166,1187.8042010772103,0.03301205873152561,71.99539186648639,4,0,2,20,0.0,566,207.0,0.07199539186648639,360.99414525515175,209904.6134417528,986.5052129944141,500000.0,0.39254642073810303,0,11,27.954970971604414,15,E5,autonomous,16.0,4,marketplace
10.043195774546826,19.20469990689739,17.13468021695573,44.122733695157876,28.52081086933534,59.97252518741553,,,,,23.61438422840931,28.50553752926902,2.703008199232727,3.430863140702968,20.930057101082266,19.20469990689739,0.8947368421052632,0.8571428571428571,8440.199489225186,509188.49886297405,509188.49886297405,531,1.0,0.0,0.0,0.0,22.965145710788104,25.544237563735805,28.50553752926953,23.354509757766667,10.043195774546826,445.7387534155618,1547.2240704896838,768.1487446201272,0.49646897257552,842.13827316954,0.024620741978340036,53.708013607751354,1,0,1,19,0.0,504,207.0,0.053708013607751355,406.6346912311687,274832.77972936863,753.3806855845077,500000.0,0.3732550309588564,0,6,15.851629567615955,16,E5,autonomous,16.0,4,marketplace
2.9442790473932634,4.473919988709531,3.2054370642068926,5.645738534011071,3.469279749121699,4.433391742602305,,,,,23.339759912622263,28.360592409339098,2.4809250651271877,4.349318386817686,3.3153715162547286,4.473919988709531,1.0,1.0,10188.61735102234,511539.3687118152,511539.3687118152,538,1.0,0.0,0.0,0.0,21.897990289839193,25.544237563735805,28.236628375048465,22.890663694771696,2.9442790473932634,436.0219236662027,1637.9294744761817,814.0488826638979,0.49699873855938453,909.0172830661004,0.027040412208255343,59.07749213334224,4,0,0,12,0.0,524,207.0,0.05907749213334224,404.7764261303293,270525.68954026053,765.3952489466554,500000.0,0.3826441016958399,0,6,14.732451798064856,17,E5,autonomous,16.0,4,marketplace
3.072923384891273,4.949759006147178,4.822355363108545,6.681135364076085,4.1498143363443285,6.354643865380057,8.114529341731517,14.68775168160164,5.450239200986289,6.177211045817421,22.947067148997153,28.360592409339915,5.462066810644546,8.533868208390603,5.1341272492464345,4.949759006147178,1.0,1.0,68261.72443658626,577118.2182746406,576118.2182746406,575,0.9982672527597732,0.0,0.0,1000.0,20.52271913833666,25.254347323875834,28.34398925420437,20.723312705074168,3.072923384891273,435.576628368736,1883.4453487534402,930.308326943551,0.49393964500179227,1058.4786004586965,0.028971340501047577,63.327288837423524,2,0,4,20,0.0,553,207.0,0.06332728883742353,359.4111776380738,214387.8990493048,965.83495713635,500000.0,0.3507345892488704,0,4,9.764275488896569,18,E5,autonomous,16.0,4,marketplace
8.778971082690171,31.40737985186425,5.992224590046117,7.015703816636007,8.852078156049464,28.146127177656854,,,113.44952101666786,113.44952101666786,23.736567848207642,29.230263128918203,2.818519440497458,3.962877256208867,7.001584672164945,31.40737985186425,0.8285714285714286,1.0,37728.11627304937,538786.9281851918,536786.9281851918,582,0.9962879574552103,0.0,0.0,2000.0,21.51037362257526,25.25434732387589,29.229470776152038,24.974612326587856,8.778971082690171,494.0355258952742,1941.5246119403473,964.6407099586766,0.4968470160131634,1035.1301926701515,0.02980093884235131,64.92206272486925,2,0,2,18,0.0,545,207.0,0.06492206272486925,385.7488161322873,242948.22602193616,852.3006133991225,500000.0,0.3760395904613187,0,14,35.56524054623648,19,E5,autonomous,16.0,4,marketplace
2.9599656531043776,2.398065408800991,3.39153612338861,6.136356051912663,2.909540259713547,4.687310402732123,,,,,22.991545702942144,28.50112747915,3.5104848585164063,7.1035627523324365,3.2393269032806953,2.398065408800991,0.9583333333333334,1.0,13968.57625752051,515078.73700219905,515078.73700219905,554,1.0,0.0,0.0,0.0,21.05952088763825,25.51542060502254,28.36059240933964,22.41046769401564,2.9599656531043776,429.28242774367874,1794.509002912033,899.2110011880808,0.5010902702237154,983.8086291861954,0.027712338177286567,60.5341107968463,3,0,0,13,0.0,536,207.0,0.0605341107968463,401.9978291394949,267032.8386359332,775.4122495514446,500000.0,0.365214624565231,0,5,15.231304687125249,0,E5,autonomous,602.6,1,marketplace
2.002273533987905,2.1902101704262464,3.7013343731120756,4.812801445418245,4.044109570760338,5.195528348087646,11.339669531050882,19.999147835876467,,,23.072599220012115,29.126172519020244,3.3546794240575246,4.820394045863032,5.460540191830485,2.1902101704262464,1.0,1.0,22776.714596747763,525519.2910413912,524519.2910413912,535,0.9980971202826477,0.0,0.0,1000.0,21.762974640093258,25.544237563735805,28.50553752926953,22.27935577872252,2.002273533987905,428.84149595409065,1678.8190902623937,844.8305569353865,0.5032290625211692,942.571348807767,0.027773694044587474,60.424909542014824,3,0,4,21,0.0,507,207.0,0.06042490954201482,394.76226793954527,255052.61496725449,811.8341579682526,500000.0,0.38562007634836853,0,9,33.257644095759126,1,E5,autonomous,602.6,1,marketplace
5.289863194418672,9.919998996152573,5.668458224148509,8.766770463278588,4.300004762765259,7.68473987670086,4.604366980930195,4.897649500118973,,,22.66453169379033,28.360592409339368,3.469891752277528,5.523893067744211,5.022276770727501,9.919998996152573,1.0,1.0,29310.196036041838,532277.3226155266,516873.34282247716,548,0.9710602365748803,14403.979793049497,0.02706104352195697,1000.0,21.066612304900143,25.51542060502254,28.36059240933855,22.030243648422058,5.289863194418672,417.15365938720345,1723.1624642456711,850.8468612878302,0.4937705404697842,947.0014294262153,0.029022958005186773,63.40537595079827,4,0,1,18,0.0,524,207.0,0.06340537595079827,400.6076309628291,263535.6536391338,785.7130620340581,500000.0,0.4034931508629909,0,7,18.649708771619657,2,E5,autonomous,602.6,1,marketplace
2.508935106305829,4.408495172055882,3.8390327371676345,5.462813202767575,4.846372888884389,7.468877361869361,24.997154986599526,24.997154986599526,52.556082358230924,52.556082358230924,23.93495809870847,28.505537529268622,3.9279733789839577,4.2831973604385905,5.140346227442611,4.408495172055882,1.0,1.0,28096.063942230638,531327.860284328,530327.860284328,561,0.998117922897051,0.0,0.0,1000.0,21.804216787563618,25.544237563735805,28.36059240933912,23.527056930782283,2.508935106305829,463.74048179817237,1857.7462791345072,909.0531801001899,0.48933118064093367,995.000741524452,0.03040071385805064,66.47859907797626,2,1,3,14,0.0,545,207.0,0.06647859907797625,390.4499350421872,249145.76930898,831.1057385135965,500000.0,0.3756439251376791,0,2,6.686917343769473,3,E5,autonomous,602.6,1,marketplace
2.3353457242811952,3.850155001632448,4.253385182716784,5.890402410794377,2.873257019756819,5.196705321832087,,,107.50700938400041,189.3346390563278,23.75661562746779,28.50553752926902,4.707175565239053,4.777696738529631,3.5227290964438613,3.850155001632448,1.0,1.0,32491.15341102122,538255.453584505,538255.4535845051,550,1.0000000000000002,0.0,0.0,0.0,22.28443224095748,25.544237563735578,28.360592409339915,27.456428289786807,2.3353457242811952,552.5054584531979,1727.6884781993188,856.1280684202942,0.49553381829147386,928.0609124963559,0.029515800980217482,64.4237988070639,4,0,2,21,0.0,526,207.0,0.0644237988070639,384.695449753206,249102.5006994499,831.2418511150834,500000.0,0.36777135566344005,0,7,19.816906516895337,4,E5,autonomous,602.6,1,marketplace
9.092328153126983,38.83872035304817,20.01872768360327,67.33172191377164,16.54602217806473,48.04299412190794,28.19885176147818,52.69209817914816,,,23.227385017534495,28.97798627496668,5.367434310294577,8.351341580736516,20.497183997332073,38.83872035304817,0.8518518518518519,0.8596491228070176,43452.69323580841,547328.4080016714,546328.4080016714,572,0.998172943363837,0.0,0.0,1000.0,21.91739939295248,25.544237563735635,30.265973915951143,23.192376987004835,9.092328153126983,464.3085192194413,1826.6606983411953,905.657666125277,0.4957996123460212,1009.0269684580041,0.03038138985451942,66.23471492515637,5,0,0,21,0.0,540,207.0,0.06623471492515637,379.01421870468,233658.4137339503,886.1920758851692,500000.0,0.37740874527567386,0,10,29.01171974826643,5,E5,autonomous,602.6,1,marketplace
2.2192424499221852,2.745932042296954,3.6035774777669234,4.695867707685101,3.9103846683891073,7.412512091408283,30.701668468258106,37.423371168417795,,,23.766243763305365,28.50553752926953,5.91480313761105,8.799541456551745,8.209411406780257,2.745932042296954,1.0,1.0,31608.77227884693,533346.8920584851,533346.8920584851,565,1.0,0.0,0.0,0.0,21.626865459826853,25.544237563735805,28.50553752926953,23.38897937637223,2.2192424499221852,452.78063373491796,1848.8542442091446,934.6708314089334,0.5055405715926206,999.4342755686549,0.03208776294925824,69.94303914163041,4,1,0,21,0.0,537,207.0,0.0699430391416304,388.2462729649412,247638.7008494776,836.177634306865,500000.0,0.4250306203383179,0,11,31.612550145971372,6,E5,autonomous,602.6,1,marketplace
3.2696977876001214,3.3833892681694113,15.398493272659541,53.90047604108677,2.021458861337019,2.2634433286384934,5.289675528347701,5.721478906845315,10.175342153210863,10.175342153210863,23.556371310598106,28.689863009860062,3.558400087441572,4.883985552855555,9.539703889720942,3.3833892681694113,0.972972972972973,0.9508196721311475,40773.60461111535,544565.4292464787,543565.4292464787,581,0.9981636733690867,0.0,0.0,1000.0,20.97401779584338,25.544237563735606,28.50553752926953,22.067801521342695,3.2696977876001214,444.7341838555449,1891.7172536287349,933.9699625278203,0.49371541161146465,1021.1371093157908,0.02760786351881724,60.13886060493098,0,0,1,17,99.38937189467718,553,207.0,0.06013886060493098,380.9295582826955,238321.55373470674,868.8267410806611,500000.0,0.3616036583026325,0,12,31.027658692190975,7,E5,autonomous,602.6,1,marketplace
4.20428562736532,11.471520776954016,4.996387368860013,8.95214451441452,6.138751399285409,23.026471640435027,4.6735953308768785,4.774448558446738,,,23.94602774062699,28.61405639972633,2.33136071498537,4.249420105308127,5.614002513188877,11.471520776954016,1.0,1.0,38363.5914215517,540361.5398106,526845.8481339898,560,0.9749876875372228,13515.69167661024,0.02501231246277737,0.0,21.848606066751426,25.544237563735635,28.50553752926953,23.062020255164885,4.20428562736532,446.69483814293744,1783.2379217149687,890.8781414467816,0.4995845650197982,969.7734282473175,0.030715655179988997,66.73430346210323,5,0,1,14,0.0,542,207.0,0.06673430346210323,393.03096918550636,253802.08290413927,815.8590817462714,500000.0,0.4106725842152377,0,17,51.15998403936477,8,E5,autonomous,602.6,1,marketplace
4.56260566110238,10.986120117437304,5.467865521233236,11.22118401222717,4.979666167939229,8.479588851063818,35.107389822667756,35.107389822667756,40.10927852122995,49.62342555105979,23.14268186906422,28.360592409339915,3.132623333249533,5.06406825725162,5.952794264073757,10.986120117437304,1.0,1.0,47374.080402398526,549779.8663554897,548779.8663554897,604,0.9981810901759116,0.0,0.0,1000.0,20.077290879990162,25.25434732387589,27.76220913482949,22.70158078387939,4.56260566110238,458.6309458819777,2055.3966537765127,1013.8630068962572,0.4932687834406178,1139.6788028572364,0.03245945179904529,70.6874061036775,4,0,2,22,0.0,572,207.0,0.0706874061036775,377.3292354569856,233771.21376460645,885.7835148796865,500000.0,0.3795111859385827,0,13,36.44666791469508,9,E5,autonomous,602.6,1,marketplace
2.098147393996815,2.5215895989780392,3.864674657444425,6.353901706735724,5.274347822686337,9.863273415488308,,,,,22.664563521515117,28.360592409339915,2.8087799009234686,5.542488957240765,4.569511240065381,2.5215895989780392,1.0,1.0,13819.243346008723,516514.44304295897,516514.44304295897,540,1.0,0.0,0.0,0.0,21.227510746525546,25.544237563735635,28.360592409338597,22.08617192693477,2.098147393996815,421.52594823784335,1675.777423996242,836.4737241708896,0.49915562305174327,905.5862828392156,0.025589580224572736,55.76204202119911,1,0,2,18,0.0,519,207.0,0.05576204202119911,400.87119504768657,263652.16234981344,785.3368627688319,500000.0,0.3659736472605058,0,11,30.218763859837413,10,E5,autonomous,602.6,1,marketplace
4.513888797237368,10.204924596169803,7.7632899140987774,14.426693675594471,2.9358415646201137,4.866767879314603,,,6.827302626095843,6.827302626095843,23.44589847470701,28.50553752926953,2.4422264260745123,3.542681172082485,4.315112521614018,10.204924596169803,1.0,1.0,26006.043708159235,531772.2574830158,531772.2574830158,543,1.0,0.0,0.0,0.0,21.919107486200186,25.544237563735635,28.47654850528288,22.367269182496486,4.513888797237368,433.88571958071117,1634.8068166798992,803.7302310017276,0.49163621218194414,929.5132871241557,0.02715176085786475,59.30778374249757,3,0,0,18,0.0,516,207.0,0.05930778374249757,389.37591209401467,248028.2826857619,834.8213580387329,500000.0,0.37810985013657294,0,4,12.433225483121547,11,E5,autonomous,602.6,1,marketplace
10.49326393160553,26.807586071196987,13.188024330830293,31.549291174207042,4.526382004545667,4.526382004545667,,,,,23.962960285074974,30.03032834466709,3.016358706686723,5.3834249985942755,11.950646855646776,26.807586071196987,0.8571428571428571,0.8571428571428571,3605.0987133016765,503977.3460501888,503977.3460501888,521,1.0,0.0,0.0,0.0,23.33915936467382,25.544237563735805,29.975551950613863,23.819021363814954,10.49326393160553,446.60074059746444,1518.1410410778933,755.5119309898353,0.4976559559007872,828.5711474524244,0.026451631987254722,57.87596092755109,4,0,0,19,0.0,497,207.0,0.05787596092755109,410.84758587602784,279694.84980475256,740.2992086034801,500000.0,0.37911489256528635,0,2,6.297851428677579,12,E5,autonomous,602.6,1,marketplace
2.328499106683961,3.3606209678365073,2.6803156301368363,3.6028963538190966,4.563698290742877,5.430948337830387,,,,,22.86307965213845,28.505537529269123,1.8991134629092812,2.921562402148993,3.5173745904061877,3.3606209678365073,1.0,1.0,6216.486291594783,506496.9548278934,506496.9548278934,522,1.0,0.0,0.0,0.0,22.014022524043867,25.544237563735805,28.50553752926903,22.626211178127186,2.328499106683961,427.72243817998054,1552.7133031816666,777.6327338880933,0.500821840255149,877.6585869031412,0.02506054004100182,54.771444782998934,3,0,0,15,0.0,505,207.0,0.05477144478299894,408.7976629891877,275057.9097673917,752.7679230162225,500000.0,0.3630929251433404,0,5,13.264047713570447,13,E5,autonomous,602.6,1,marketplace
5.398533239441024,18.71009680015586,6.485609468956265,10.460752493486508,5.016736035751055,9.367023882395529,6.230628694503054,8.924693446052697,,,22.612225460497015,28.50553752926953,2.7736474162256366,5.289648923179903,5.71161488935296,18.71009680015586,1.0,1.0,58929.484502104126,566652.9292862886,566652.9292862886,576,1.0,0.0,0.0,0.0,20.295112064875184,25.25434732387589,28.360592409339915,20.650895755952593,5.398533239441024,428.0156751389623,1881.174552662476,943.5143771105106,0.5015559963721229,1072.9638414804851,0.027813076928139512,60.59215055597402,0,0,1,22,0.0,549,207.0,0.06059215055597403,365.40990339775215,216702.88455581132,955.5045498124322,500000.0,0.38600021823993186,0,12,32.39535240069569,14,E5,autonomous,602.6,1,marketplace
9.217427013512022,26.038677482758253,10.342379071923363,30.516214750124618,5.181944641026927,3.7697355163863904,5.153455016685841,5.598590089085156,6.32692557703399,7.151360778135176,24.32587965538878,28.53420545765594,4.218380241658577,7.856091335865313,7.955526581499685,26.038677482758253,0.8571428571428571,0.9864864864864865,64862.71277757866,573615.9384122626,573615.9384122626,603,1.0,0.0,0.0,0.0,21.43012508710555,25.254347323876573,28.476548505282892,21.96457859353705,9.217427013512022,457.586355708812,2083.177319469795,1029.8376076589077,0.49435907257334166,1187.8042010772103,0.03301205873152561,71.99539186648639,4,0,2,20,0.0,566,207.0,0.07199539186648639,360.99414525515175,209904.6134417528,986.5052129944141,500000.0,0.39254642073810303,0,11,27.954970971604414,15,E5,autonomous,602.6,1,marketplace
10.043195774546826,19.20469990689739,17.13468021695573,44.122733695157876,28.52081086933534,59.97252518741553,,,,,23.61438422840931,28.50553752926902,2.703008199232727,3.430863140702968,20.930057101082266,19.20469990689739,0.8947368421052632,0.8571428571428571,8440.199489225186,509188.49886297405,509188.49886297405,531,1.0,0.0,0.0,0.0,22.965145710788104,25.544237563735805,28.50553752926953,23.354509757766667,10.043195774546826,445.7387534155618,1547.2240704896838,768.1487446201272,0.49646897257552,842.13827316954,0.024620741978340036,53.708013607751354,1,0,1,19,0.0,504,207.0,0.053708013607751355,406.6346912311687,274832.77972936863,753.3806855845077,500000.0,0.3732550309588564,0,6,15.851629567615955,16,E5,autonomous,602.6,1,marketplace
2.9442790473932634,4.473919988709531,3.2054370642068926,5.645738534011071,3.469279749121699,4.433391742602305,,,,,23.339759912622263,28.360592409339098,2.4809250651271877,4.349318386817686,3.3153715162547286,4.473919988709531,1.0,1.0,10188.61735102234,511539.3687118152,511539.3687118152,538,1.0,0.0,0.0,0.0,21.897990289839193,25.544237563735805,28.236628375048465,22.890663694771696,2.9442790473932634,436.0219236662027,1637.9294744761817,814.0488826638979,0.49699873855938453,909.0172830661004,0.027040412208255343,59.07749213334224,4,0,0,12,0.0,524,207.0,0.05907749213334224,404.7764261303293,270525.68954026053,765.3952489466554,500000.0,0.3826441016958399,0,6,14.732451798064856,17,E5,autonomous,602.6,1,marketplace
3.072923384891273,4.949759006147178,4.822355363108545,6.681135364076085,4.1498143363443285,6.354643865380057,8.114529341731517,14.68775168160164,5.450239200986289,6.177211045817421,22.947067148997153,28.360592409339915,5.462066810644546,8.533868208390603,5.1341272492464345,4.949759006147178,1.0,1.0,68261.72443658626,577118.2182746406,576118.2182746406,575,0.9982672527597732,0.0,0.0,1000.0,20.52271913833666,25.254347323875834,28.34398925420437,20.723312705074168,3.072923384891273,435.576628368736,1883.4453487534402,930.308326943551,0.49393964500179227,1058.4786004586965,0.028971340501047577,63.327288837423524,2,0,4,20,0.0,553,207.0,0.06332728883742353,359.4111776380738,214387.8990493048,965.83495713635,500000.0,0.3507345892488704,0,4,9.764275488896569,18,E5,autonomous,602.6,1,marketplace
8.778971082690171,31.40737985186425,5.992224590046117,7.015703816636007,8.852078156049464,28.146127177656854,,,113.44952101666786,113.44952101666786,23.736567848207642,29.230263128918203,2.818519440497458,3.962877256208867,7.001584672164945,31.40737985186425,0.8285714285714286,1.0,37728.11627304937,538786.9281851918,536786.9281851918,582,0.9962879574552103,0.0,0.0,2000.0,21.51037362257526,25.25434732387589,29.229470776152038,24.974612326587856,8.778971082690171,494.0355258952742,1941.5246119403473,964.6407099586766,0.4968470160131634,1035.1301926701515,0.02980093884235131,64.92206272486925,2,0,2,18,0.0,545,207.0,0.06492206272486925,385.7488161322873,242948.22602193616,852.3006133991225,500000.0,0.3760395904613187,0,14,35.56524054623648,19,E5,autonomous,602.6,1,marketplace
2.9599656531043776,2.398065408800991,3.39153612338861,6.136356051912663,2.909540259713547,4.687310402732123,,,,,22.991545702942144,28.50112747915,3.5104848585164063,7.1035627523324365,3.2393269032806953,2.398065408800991,0.9583333333333334,1.0,13968.57625752051,515078.73700219905,515078.73700219905,554,1.0,0.0,0.0,0.0,21.05952088763825,25.51542060502254,28.36059240933964,22.41046769401564,2.9599656531043776,429.28242774367874,1794.509002912033,899.2110011880808,0.5010902702237154,983.8086291861954,0.027712338177286567,60.5341107968463,3,0,0,13,0.0,536,207.0,0.0605341107968463,401.9978291394949,267032.8386359332,775.4122495514446,500000.0,0.365214624565231,0,5,15.231304687125249,0,E5,autonomous,602.6,2,marketplace
2.002273533987905,2.1902101704262464,3.7013343731120756,4.812801445418245,4.044109570760338,5.195528348087646,11.339669531050882,19.999147835876467,,,23.072599220012115,29.126172519020244,3.3546794240575246,4.820394045863032,5.460540191830485,2.1902101704262464,1.0,1.0,22776.714596747763,525519.2910413912,524519.2910413912,535,0.9980971202826477,0.0,0.0,1000.0,21.762974640093258,25.544237563735805,28.50553752926953,22.27935577872252,2.002273533987905,428.84149595409065,1678.8190902623937,844.8305569353865,0.5032290625211692,942.571348807767,0.027773694044587474,60.424909542014824,3,0,4,21,0.0,507,207.0,0.06042490954201482,394.76226793954527,255052.61496725449,811.8341579682526,500000.0,0.38562007634836853,0,9,33.257644095759126,1,E5,autonomous,602.6,2,marketplace
5.289863194418672,9.919998996152573,5.668458224148509,8.766770463278588,4.300004762765259,7.68473987670086,4.604366980930195,4.897649500118973,,,22.66453169379033,28.360592409339368,3.469891752277528,5.523893067744211,5.022276770727501,9.919998996152573,1.0,1.0,29310.196036041838,532277.3226155266,516873.34282247716,548,0.9710602365748803,14403.979793049497,0.02706104352195697,1000.0,21.066612304900143,25.51542060502254,28.36059240933855,22.030243648422058,5.289863194418672,417.15365938720345,1723.1624642456711,850.8468612878302,0.4937705404697842,947.0014294262153,0.029022958005186773,63.40537595079827,4,0,1,18,0.0,524,207.0,0.06340537595079827,400.6076309628291,263535.6536391338,785.7130620340581,500000.0,0.4034931508629909,0,7,18.649708771619657,2,E5,autonomous,602.6,2,marketplace
2.508935106305829,4.408495172055882,3.8390327371676345,5.462813202767575,4.846372888884389,7.468877361869361,24.997154986599526,24.997154986599526,52.556082358230924,52.556082358230924,23.93495809870847,28.505537529268622,3.9279733789839577,4.2831973604385905,5.140346227442611,4.408495172055882,1.0,1.0,28096.063942230638,531327.860284328,530327.860284328,561,0.998117922897051,0.0,0.0,1000.0,21.804216787563618,25.544237563735805,28.36059240933912,23.527056930782283,2.508935106305829,463.74048179817237,1857.7462791345072,909.0531801001899,0.48933118064093367,995.000741524452,0.03040071385805064,66.47859907797626,2,1,3,14,0.0,545,207.0,0.06647859907797625,390.4499350421872,249145.76930898,831.1057385135965,500000.0,0.3756439251376791,0,2,6.686917343769473,3,E5,autonomous,602.6,2,marketplace
2.3353457242811952,3.850155001632448,4.253385182716784,5.890402410794377,2.873257019756819,5.196705321832087,,,107.50700938400041,189.3346390563278,23.75661562746779,28.50553752926902,4.707175565239053,4.777696738529631,3.5227290964438613,3.850155001632448,1.0,1.0,32491.15341102122,538255.453584505,538255.4535845051,550,1.0000000000000002,0.0,0.0,0.0,22.28443224095748,25.544237563735578,28.360592409339915,27.456428289786807,2.3353457242811952,552.5054584531979,1727.6884781993188,856.1280684202942,0.49553381829147386,928.0609124963559,0.029515800980217482,64.4237988070639,4,0,2,21,0.0,526,207.0,0.0644237988070639,384.695449753206,249102.5006994499,831.2418511150834,500000.0,0.36777135566344005,0,7,19.816906516895337,4,E5,autonomous,602.6,2,marketplace
9.092328153126983,38.83872035304817,20.01872768360327,67.33172191377164,16.54602217806473,48.04299412190794,28.19885176147818,52.69209817914816,,,23.227385017534495,28.97798627496668,5.367434310294577,8.351341580736516,20.497183997332073,38.83872035304817,0.8518518518518519,0.8596491228070176,43452.69323580841,547328.4080016714,546328.4080016714,572,0.998172943363837,0.0,0.0,1000.0,21.91739939295248,25.544237563735635,30.265973915951143,23.192376987004835,9.092328153126983,464.3085192194413,1826.6606983411953,905.657666125277,0.4957996123460212,1009.0269684580041,0.03038138985451942,66.23471492515637,5,0,0,21,0.0,540,207.0,0.06623471492515637,379.01421870468,233658.4137339503,886.1920758851692,500000.0,0.37740874527567386,0,10,29.01171974826643,5,E5,autonomous,602.6,2,marketplace
2.2192424499221852,2.745932042296954,3.6035774777669234,4.695867707685101,3.9103846683891073,7.412512091408283,30.701668468258106,37.423371168417795,,,23.766243763305365,28.50553752926953,5.91480313761105,8.799541456551745,8.209411406780257,2.745932042296954,1.0,1.0,31608.77227884693,533346.8920584851,533346.8920584851,565,1.0,0.0,0.0,0.0,21.626865459826853,25.544237563735805,28.50553752926953,23.38897937637223,2.2192424499221852,452.78063373491796,1848.8542442091446,934.6708314089334,0.5055405715926206,999.4342755686549,0.03208776294925824,69.94303914163041,4,1,0,21,0.0,537,207.0,0.0699430391416304,388.2462729649412,247638.7008494776,836.177634306865,500000.0,0.4250306203383179,0,11,31.612550145971372,6,E5,autonomous,602.6,2,marketplace
3.2696977876001214,3.3833892681694113,15.398493272659541,53.90047604108677,2.021458861337019,2.2634433286384934,5.289675528347701,5.721478906845315,10.175342153210863,10.175342153210863,23.556371310598106,28.689863009860062,3.558400087441572,4.883985552855555,9.539703889720942,3.3833892681694113,0.972972972972973,0.9508196721311475,40773.60461111535,544565.4292464787,543565.4292464787,581,0.9981636733690867,0.0,0.0,1000.0,20.97401779584338,25.544237563735606,28.50553752926953,22.067801521342695,3.2696977876001214,444.7341838555449,1891.7172536287349,933.9699625278203,0.49371541161146465,1021.1371093157908,0.02760786351881724,60.13886060493098,0,0,1,17,99.38937189467718,553,207.0,0.06013886060493098,380.9295582826955,238321.55373470674,868.8267410806611,500000.0,0.3616036583026325,0,12,31.027658692190975,7,E5,autonomous,602.6,2,marketplace
4.20428562736532,11.471520776954016,4.996387368860013,8.95214451441452,6.138751399285409,23.026471640435027,4.6735953308768785,4.774448558446738,,,23.94602774062699,28.61405639972633,2.33136071498537,4.249420105308127,5.614002513188877,11.471520776954016,1.0,1.0,38363.5914215517,540361.5398106,526845.8481339898,560,0.9749876875372228,13515.69167661024,0.02501231246277737,0.0,21.848606066751426,25.544237563735635,28.50553752926953,23.062020255164885,4.20428562736532,446.69483814293744,1783.2379217149687,890.8781414467816,0.4995845650197982,969.7734282473175,0.030715655179988997,66.73430346210323,5,0,1,14,0.0,542,207.0,0.06673430346210323,393.03096918550636,253802.08290413927,815.8590817462714,500000.0,0.4106725842152377,0,17,51.15998403936477,8,E5,autonomous,602.6,2,marketplace
4.56260566110238,10.986120117437304,5.467865521233236,11.22118401222717,4.979666167939229,8.479588851063818,35.107389822667756,35.107389822667756,40.10927852122995,49.62342555105979,23.14268186906422,28.360592409339915,3.132623333249533,5.06406825725162,5.952794264073757,10.986120117437304,1.0,1.0,47374.080402398526,549779.8663554897,548779.8663554897,604,0.9981810901759116,0.0,0.0,1000.0,20.077290879990162,25.25434732387589,27.76220913482949,22.70158078387939,4.56260566110238,458.6309458819777,2055.3966537765127,1013.8630068962572,0.4932687834406178,1139.6788028572364,0.03245945179904529,70.6874061036775,4,0,2,22,0.0,572,207.0,0.0706874061036775,377.3292354569856,233771.21376460645,885.7835148796865,500000.0,0.3795111859385827,0,13,36.44666791469508,9,E5,autonomous,602.6,2,marketplace
2.098147393996815,2.5215895989780392,3.864674657444425,6.353901706735724,5.274347822686337,9.863273415488308,,,,,22.664563521515117,28.360592409339915,2.8087799009234686,5.542488957240765,4.569511240065381,2.5215895989780392,1.0,1.0,13819.243346008723,516514.44304295897,516514.44304295897,540,1.0,0.0,0.0,0.0,21.227510746525546,25.544237563735635,28.360592409338597,22.08617192693477,2.098147393996815,421.52594823784335,1675.777423996242,836.4737241708896,0.49915562305174327,905.5862828392156,0.025589580224572736,55.76204202119911,1,0,2,18,0.0,519,207.0,0.05576204202119911,400.87119504768657,263652.16234981344,785.3368627688319,500000.0,0.3659736472605058,0,11,30.218763859837413,10,E5,autonomous,602.6,2,marketplace
4.513888797237368,10.204924596169803,7.7632899140987774,14.426693675594471,2.9358415646201137,4.866767879314603,,,6.827302626095843,6.827302626095843,23.44589847470701,28.50553752926953,2.4422264260745123,3.542681172082485,4.315112521614018,10.204924596169803,1.0,1.0,26006.043708159235,531772.2574830158,531772.2574830158,543,1.0,0.0,0.0,0.0,21.919107486200186,25.544237563735635,28.47654850528288,22.367269182496486,4.513888797237368,433.88571958071117,1634.8068166798992,803.7302310017276,0.49163621218194414,929.5132871241557,0.02715176085786475,59.30778374249757,3,0,0,18,0.0,516,207.0,0.05930778374249757,389.37591209401467,248028.2826857619,834.8213580387329,500000.0,0.37810985013657294,0,4,12.433225483121547,11,E5,autonomous,602.6,2,marketplace
10.49326393160553,26.807586071196987,13.188024330830293,31.549291174207042,4.526382004545667,4.526382004545667,,,,,23.962960285074974,30.03032834466709,3.016358706686723,5.3834249985942755,11.950646855646776,26.807586071196987,0.8571428571428571,0.8571428571428571,3605.0987133016765,503977.3460501888,503977.3460501888,521,1.0,0.0,0.0,0.0,23.33915936467382,25.544237563735805,29.975551950613863,23.819021363814954,10.49326393160553,446.60074059746444,1518.1410410778933,755.5119309898353,0.4976559559007872,828.5711474524244,0.026451631987254722,57.87596092755109,4,0,0,19,0.0,497,207.0,0.05787596092755109,410.84758587602784,279694.84980475256,740.2992086034801,500000.0,0.37911489256528635,0,2,6.297851428677579,12,E5,autonomous,602.6,2,marketplace
2.328499106683961,3.3606209678365073,2.6803156301368363,3.6028963538190966,4.563698290742877,5.430948337830387,,,,,22.86307965213845,28.505537529269123,1.8991134629092812,2.921562402148993,3.5173745904061877,3.3606209678365073,1.0,1.0,6216.486291594783,506496.9548278934,506496.9548278934,522,1.0,0.0,0.0,0.0,22.014022524043867,25.544237563735805,28.50553752926903,22.626211178127186,2.328499106683961,427.72243817998054,1552.7133031816666,777.6327338880933,0.500821840255149,877.6585869031412,0.02506054004100182,54.771444782998934,3,0,0,15,0.0,505,207.0,0.05477144478299894,408.7976629891877,275057.9097673917,752.7679230162225,500000.0,0.3630929251433404,0,5,13.264047713570447,13,E5,autonomous,602.6,2,marketplace
5.398533239441024,18.71009680015586,6.485609468956265,10.460752493486508,5.016736035751055,9.367023882395529,6.230628694503054,8.924693446052697,,,22.612225460497015,28.50553752926953,2.7736474162256366,5.289648923179903,5.71161488935296,18.71009680015586,1.0,1.0,58929.484502104126,566652.9292862886,566652.9292862886,576,1.0,0.0,0.0,0.0,20.295112064875184,25.25434732387589,28.360592409339915,20.650895755952593,5.398533239441024,428.0156751389623,1881.174552662476,943.5143771105106,0.5015559963721229,1072.9638414804851,0.027813076928139512,60.59215055597402,0,0,1,22,0.0,549,207.0,0.06059215055597403,365.40990339775215,216702.88455581132,955.5045498124322,500000.0,0.38600021823993186,0,12,32.39535240069569,14,E5,autonomous,602.6,2,marketplace
9.217427013512022,26.038677482758253,10.342379071923363,30.516214750124618,5.181944641026927,3.7697355163863904,5.153455016685841,5.598590089085156,6.32692557703399,7.151360778135176,24.32587965538878,28.53420545765594,4.218380241658577,7.856091335865313,7.955526581499685,26.038677482758253,0.8571428571428571,0.9864864864864865,64862.71277757866,573615.9384122626,573615.9384122626,603,1.0,0.0,0.0,0.0,21.43012508710555,25.254347323876573,28.476548505282892,21.96457859353705,9.217427013512022,457.586355708812,2083.177319469795,1029.8376076589077,0.49435907257334166,1187.8042010772103,0.03301205873152561,71.99539186648639,4,0,2,20,0.0,566,207.0,0.07199539186648639,360.99414525515175,209904.6134417528,986.5052129944141,500000.0,0.39254642073810303,0,11,27.954970971604414,15,E5,autonomous,602.6,2,marketplace
10.043195774546826,19.20469990689739,17.13468021695573,44.122733695157876,28.52081086933534,59.97252518741553,,,,,23.61438422840931,28.50553752926902,2.703008199232727,3.430863140702968,20.930057101082266,19.20469990689739,0.8947368421052632,0.8571428571428571,8440.199489225186,509188.49886297405,509188.49886297405,531,1.0,0.0,0.0,0.0,22.965145710788104,25.544237563735805,28.50553752926953,23.354509757766667,10.043195774546826,445.7387534155618,1547.2240704896838,768.1487446201272,0.49646897257552,842.13827316954,0.024620741978340036,53.708013607751354,1,0,1,19,0.0,504,207.0,0.053708013607751355,406.6346912311687,274832.77972936863,753.3806855845077,500000.0,0.3732550309588564,0,6,15.851629567615955,16,E5,autonomous,602.6,2,marketplace
2.9442790473932634,4.473919988709531,3.2054370642068926,5.645738534011071,3.469279749121699,4.433391742602305,,,,,23.339759912622263,28.360592409339098,2.4809250651271877,4.349318386817686,3.3153715162547286,4.473919988709531,1.0,1.0,10188.61735102234,511539.3687118152,511539.3687118152,538,1.0,0.0,0.0,0.0,21.897990289839193,25.544237563735805,28.236628375048465,22.890663694771696,2.9442790473932634,436.0219236662027,1637.9294744761817,814.0488826638979,0.49699873855938453,909.0172830661004,0.027040412208255343,59.07749213334224,4,0,0,12,0.0,524,207.0,0.05907749213334224,404.7764261303293,270525.68954026053,765.3952489466554,500000.0,0.3826441016958399,0,6,14.732451798064856,17,E5,autonomous,602.6,2,marketplace
3.072923384891273,4.949759006147178,4.822355363108545,6.681135364076085,4.1498143363443285,6.354643865380057,8.114529341731517,14.68775168160164,5.450239200986289,6.177211045817421,22.947067148997153,28.360592409339915,5.462066810644546,8.533868208390603,5.1341272492464345,4.949759006147178,1.0,1.0,68261.72443658626,577118.2182746406,576118.2182746406,575,0.9982672527597732,0.0,0.0,1000.0,20.52271913833666,25.254347323875834,28.34398925420437,20.723312705074168,3.072923384891273,435.576628368736,1883.4453487534402,930.308326943551,0.49393964500179227,1058.4786004586965,0.028971340501047577,63.327288837423524,2,0,4,20,0.0,553,207.0,0.06332728883742353,359.4111776380738,214387.8990493048,965.83495713635,500000.0,0.3507345892488704,0,4,9.764275488896569,18,E5,autonomous,602.6,2,marketplace
8.778971082690171,31.40737985186425,5.992224590046117,7.015703816636007,8.852078156049464,28.146127177656854,,,113.44952101666786,113.44952101666786,23.736567848207642,29.230263128918203,2.818519440497458,3.962877256208867,7.001584672164945,31.40737985186425,0.8285714285714286,1.0,37728.11627304937,538786.9281851918,536786.9281851918,582,0.9962879574552103,0.0,0.0,2000.0,21.51037362257526,25.25434732387589,29.229470776152038,24.974612326587856,8.778971082690171,494.0355258952742,1941.5246119403473,964.6407099586766,0.4968470160131634,1035.1301926701515,0.02980093884235131,64.92206272486925,2,0,2,18,0.0,545,207.0,0.06492206272486925,385.7488161322873,242948.22602193616,852.3006133991225,500000.0,0.3760395904613187,0,14,35.56524054623648,19,E5,autonomous,602.6,2,marketplace
2.9599656531043776,2.398065408800991,3.39153612338861,6.136356051912663,2.909540259713547,4.687310402732123,,,,,22.991545702942144,28.50112747915,3.5104848585164063,7.1035627523324365,3.2393269032806953,2.398065408800991,0.9583333333333334,1.0,13968.57625752051,515078.73700219905,515078.73700219905,554,1.0,0.0,0.0,0.0,21.05952088763825,25.51542060502254,28.36059240933964,22.41046769401564,2.9599656531043776,429.28242774367874,1794.509002912033,899.2110011880808,0.5010902702237154,983.8086291861954,0.027712338177286567,60.5341107968463,3,0,0,13,0.0,536,207.0,0.0605341107968463,401.9978291394949,267032.8386359332,775.4122495514446,500000.0,0.365214624565231,0,5,15.231304687125249,0,E5,autonomous,602.6,4,marketplace
2.002273533987905,2.1902101704262464,3.7013343731120756,4.812801445418245,4.044109570760338,5.195528348087646,11.339669531050882,19.999147835876467,,,23.072599220012115,29.126172519020244,3.3546794240575246,4.820394045863032,5.460540191830485,2.1902101704262464,1.0,1.0,22776.714596747763,525519.2910413912,524519.2910413912,535,0.9980971202826477,0.0,0.0,1000.0,21.762974640093258,25.544237563735805,28.50553752926953,22.27935577872252,2.002273533987905,428.84149595409065,1678.8190902623937,844.8305569353865,0.5032290625211692,942.571348807767,0.027773694044587474,60.424909542014824,3,0,4,21,0.0,507,207.0,0.06042490954201482,394.76226793954527,255052.61496725449,811.8341579682526,500000.0,0.38562007634836853,0,9,33.257644095759126,1,E5,autonomous,602.6,4,marketplace
5.289863194418672,9.919998996152573,5.668458224148509,8.766770463278588,4.300004762765259,7.68473987670086,4.604366980930195,4.897649500118973,,,22.66453169379033,28.360592409339368,3.469891752277528,5.523893067744211,5.022276770727501,9.919998996152573,1.0,1.0,29310.196036041838,532277.3226155266,516873.34282247716,548,0.9710602365748803,14403.979793049497,0.02706104352195697,1000.0,21.066612304900143,25.51542060502254,28.36059240933855,22.030243648422058,5.289863194418672,417.15365938720345,1723.1624642456711,850.8468612878302,0.4937705404697842,947.0014294262153,0.029022958005186773,63.40537595079827,4,0,1,18,0.0,524,207.0,0.06340537595079827,400.6076309628291,263535.6536391338,785.7130620340581,500000.0,0.4034931508629909,0,7,18.649708771619657,2,E5,autonomous,602.6,4,marketplace
2.508935106305829,4.408495172055882,3.8390327371676345,5.462813202767575,4.846372888884389,7.468877361869361,24.997154986599526,24.997154986599526,52.556082358230924,52.556082358230924,23.93495809870847,28.505537529268622,3.9279733789839577,4.2831973604385905,5.140346227442611,4.408495172055882,1.0,1.0,28096.063942230638,531327.860284328,530327.860284328,561,0.998117922897051,0.0,0.0,1000.0,21.804216787563618,25.544237563735805,28.36059240933912,23.527056930782283,2.508935106305829,463.74048179817237,1857.7462791345072,909.0531801001899,0.48933118064093367,995.000741524452,0.03040071385805064,66.47859907797626,2,1,3,14,0.0,545,207.0,0.06647859907797625,390.4499350421872,249145.76930898,831.1057385135965,500000.0,0.3756439251376791,0,2,6.686917343769473,3,E5,autonomous,602.6,4,marketplace
2.3353457242811952,3.850155001632448,4.253385182716784,5.890402410794377,2.873257019756819,5.196705321832087,,,107.50700938400041,189.3346390563278,23.75661562746779,28.50553752926902,4.707175565239053,4.777696738529631,3.5227290964438613,3.850155001632448,1.0,1.0,32491.15341102122,538255.453584505,538255.4535845051,550,1.0000000000000002,0.0,0.0,0.0,22.28443224095748,25.544237563735578,28.360592409339915,27.456428289786807,2.3353457242811952,552.5054584531979,1727.6884781993188,856.1280684202942,0.49553381829147386,928.0609124963559,0.029515800980217482,64.4237988070639,4,0,2,21,0.0,526,207.0,0.0644237988070639,384.695449753206,249102.5006994499,831.2418511150834,500000.0,0.36777135566344005,0,7,19.816906516895337,4,E5,autonomous,602.6,4,marketplace
9.092328153126983,38.83872035304817,20.01872768360327,67.33172191377164,16.54602217806473,48.04299412190794,28.19885176147818,52.69209817914816,,,23.227385017534495,28.97798627496668,5.367434310294577,8.351341580736516,20.497183997332073,38.83872035304817,0.8518518518518519,0.8596491228070176,43452.69323580841,547328.4080016714,546328.4080016714,572,0.998172943363837,0.0,0.0,1000.0,21.91739939295248,25.544237563735635,30.265973915951143,23.192376987004835,9.092328153126983,464.3085192194413,1826.6606983411953,905.657666125277,0.4957996123460212,1009.0269684580041,0.03038138985451942,66.23471492515637,5,0,0,21,0.0,540,207.0,0.06623471492515637,379.01421870468,233658.4137339503,886.1920758851692,500000.0,0.37740874527567386,0,10,29.01171974826643,5,E5,autonomous,602.6,4,marketplace
2.2192424499221852,2.745932042296954,3.6035774777669234,4.695867707685101,3.9103846683891073,7.412512091408283,30.701668468258106,37.423371168417795,,,23.766243763305365,28.50553752926953,5.91480313761105,8.799541456551745,8.209411406780257,2.745932042296954,1.0,1.0,31608.77227884693,533346.8920584851,533346.8920584851,565,1.0,0.0,0.0,0.0,21.626865459826853,25.544237563735805,28.50553752926953,23.38897937637223,2.2192424499221852,452.78063373491796,1848.8542442091446,934.6708314089334,0.5055405715926206,999.4342755686549,0.03208776294925824,69.94303914163041,4,1,0,21,0.0,537,207.0,0.0699430391416304,388.2462729649412,247638.7008494776,836.177634306865,500000.0,0.4250306203383179,0,11,31.612550145971372,6,E5,autonomous,602.6,4,marketplace
3.2696977876001214,3.3833892681694113,15.398493272659541,53.90047604108677,2.021458861337019,2.2634433286384934,5.289675528347701,5.721478906845315,10.175342153210863,10.175342153210863,23.556371310598106,28.689863009860062,3.558400087441572,4.883985552855555,9.539703889720942,3.3833892681694113,0.972972972972973,0.9508196721311475,40773.60461111535,544565.4292464787,543565.4292464787,581,0.9981636733690867,0.0,0.0,1000.0,20.97401779584338,25.544237563735606,28.50553752926953,22.067801521342695,3.2696977876001214,444.7341838555449,1891.7172536287349,933.9699625278203,0.49371541161146465,1021.1371093157908,0.02760786351881724,60.13886060493098,0,0,1,17,99.38937189467718,553,207.0,0.06013886060493098,380.9295582826955,238321.55373470674,868.8267410806611,500000.0,0.3616036583026325,0,12,31.027658692190975,7,E5,autonomous,602.6,4,marketplace
4.20428562736532,11.471520776954016,4.996387368860013,8.95214451441452,6.138751399285409,23.026471640435027,4.6735953308768785,4.774448558446738,,,23.94602774062699,28.61405639972633,2.33136071498537,4.249420105308127,5.614002513188877,11.471520776954016,1.0,1.0,38363.5914215517,540361.5398106,526845.8481339898,560,0.9749876875372228,13515.69167661024,0.02501231246277737,0.0,21.848606066751426,25.544237563735635,28.50553752926953,23.062020255164885,4.20428562736532,446.69483814293744,1783.2379217149687,890.8781414467816,0.4995845650197982,969.7734282473175,0.030715655179988997,66.73430346210323,5,0,1,14,0.0,542,207.0,0.06673430346210323,393.03096918550636,253802.08290413927,815.8590817462714,500000.0,0.4106725842152377,0,17,51.15998403936477,8,E5,autonomous,602.6,4,marketplace
4.56260566110238,10.986120117437304,5.467865521233236,11.22118401222717,4.979666167939229,8.479588851063818,35.107389822667756,35.107389822667756,40.10927852122995,49.62342555105979,23.14268186906422,28.360592409339915,3.132623333249533,5.06406825725162,5.952794264073757,10.986120117437304,1.0,1.0,47374.080402398526,549779.8663554897,548779.8663554897,604,0.9981810901759116,0.0,0.0,1000.0,20.077290879990162,25.25434732387589,27.76220913482949,22.70158078387939,4.56260566110238,458.6309458819777,2055.3966537765127,1013.8630068962572,0.4932687834406178,1139.6788028572364,0.03245945179904529,70.6874061036775,4,0,2,22,0.0,572,207.0,0.0706874061036775,377.3292354569856,233771.21376460645,885.7835148796865,500000.0,0.3795111859385827,0,13,36.44666791469508,9,E5,autonomous,602.6,4,marketplace
2.098147393996815,2.5215895989780392,3.864674657444425,6.353901706735724,5.274347822686337,9.863273415488308,,,,,22.664563521515117,28.360592409339915,2.8087799009234686,5.542488957240765,4.569511240065381,2.5215895989780392,1.0,1.0,13819.243346008723,516514.44304295897,516514.44304295897,540,1.0,0.0,0.0,0.0,21.227510746525546,25.544237563735635,28.360592409338597,22.08617192693477,2.098147393996815,421.52594823784335,1675.777423996242,836.4737241708896,0.49915562305174327,905.5862828392156,0.025589580224572736,55.76204202119911,1,0,2,18,0.0,519,207.0,0.05576204202119911,400.87119504768657,263652.16234981344,785.3368627688319,500000.0,0.3659736472605058,0,11,30.218763859837413,10,E5,autonomous,602.6,4,marketplace
4.513888797237368,10.204924596169803,7.7632899140987774,14.426693675594471,2.9358415646201137,4.866767879314603,,,6.827302626095843,6.827302626095843,23.44589847470701,28.50553752926953,2.4422264260745123,3.542681172082485,4.315112521614018,10.204924596169803,1.0,1.0,26006.043708159235,531772.2574830158,531772.2574830158,543,1.0,0.0,0.0,0.0,21.919107486200186,25.544237563735635,28.47654850528288,22.367269182496486,4.513888797237368,433.88571958071117,1634.8068166798992,803.7302310017276,0.49163621218194414,929.5132871241557,0.02715176085786475,59.30778374249757,3,0,0,18,0.0,516,207.0,0.05930778374249757,389.37591209401467,248028.2826857619,834.8213580387329,500000.0,0.37810985013657294,0,4,12.433225483121547,11,E5,autonomous,602.6,4,marketplace
10.49326393160553,26.807586071196987,13.188024330830293,31.549291174207042,4.526382004545667,4.526382004545667,,,,,23.962960285074974,30.03032834466709,3.016358706686723,5.3834249985942755,11.950646855646776,26.807586071196987,0.8571428571428571,0.8571428571428571,3605.0987133016765,503977.3460501888,503977.3460501888,521,1.0,0.0,0.0,0.0,23.33915936467382,25.544237563735805,29.975551950613863,23.819021363814954,10.49326393160553,446.60074059746444,1518.1410410778933,755.5119309898353,0.4976559559007872,828.5711474524244,0.026451631987254722,57.87596092755109,4,0,0,19,0.0,497,207.0,0.05787596092755109,410.84758587602784,279694.84980475256,740.2992086034801,500000.0,0.37911489256528635,0,2,6.297851428677579,12,E5,autonomous,602.6,4,marketplace
2.328499106683961,3.3606209678365073,2.6803156301368363,3.6028963538190966,4.563698290742877,5.430948337830387,,,,,22.86307965213845,28.505537529269123,1.8991134629092812,2.921562402148993,3.5173745904061877,3.3606209678365073,1.0,1.0,6216.486291594783,506496.9548278934,506496.9548278934,522,1.0,0.0,0.0,0.0,22.014022524043867,25.544237563735805,28.50553752926903,22.626211178127186,2.328499106683961,427.72243817998054,1552.7133031816666,777.6327338880933,0.500821840255149,877.6585869031412,0.02506054004100182,54.771444782998934,3,0,0,15,0.0,505,207.0,0.05477144478299894,408.7976629891877,275057.9097673917,752.7679230162225,500000.0,0.3630929251433404,0,5,13.264047713570447,13,E5,autonomous,602.6,4,marketplace
5.398533239441024,18.71009680015586,6.485609468956265,10.460752493486508,5.016736035751055,9.367023882395529,6.230628694503054,8.924693446052697,,,22.612225460497015,28.50553752926953,2.7736474162256366,5.289648923179903,5.71161488935296,18.71009680015586,1.0,1.0,58929.484502104126,566652.9292862886,566652.9292862886,576,1.0,0.0,0.0,0.0,20.295112064875184,25.25434732387589,28.360592409339915,20.650895755952593,5.398533239441024,428.0156751389623,1881.174552662476,943.5143771105106,0.5015559963721229,1072.9638414804851,0.027813076928139512,60.59215055597402,0,0,1,22,0.0,549,207.0,0.06059215055597403,365.40990339775215,216702.88455581132,955.5045498124322,500000.0,0.38600021823993186,0,12,32.39535240069569,14,E5,autonomous,602.6,4,marketplace
9.217427013512022,26.038677482758253,10.342379071923363,30.516214750124618,5.181944641026927,3.7697355163863904,5.153455016685841,5.598590089085156,6.32692557703399,7.151360778135176,24.32587965538878,28.53420545765594,4.218380241658577,7.856091335865313,7.955526581499685,26.038677482758253,0.8571428571428571,0.9864864864864865,64862.71277757866,573615.9384122626,573615.9384122626,603,1.0,0.0,0.0,0.0,21.43012508710555,25.254347323876573,28.476548505282892,21.96457859353705,9.217427013512022,457.586355708812,2083.177319469795,1029.8376076589077,0.49435907257334166,1187.8042010772103,0.03301205873152561,71.99539186648639,4,0,2,20,0.0,566,207.0,0.07199539186648639,360.99414525515175,209904.6134417528,986.5052129944141,500000.0,0.39254642073810303,0,11,27.954970971604414,15,E5,autonomous,602.6,4,marketplace
10.043195774546826,19.20469990689739,17.13468021695573,44.122733695157876,28.52081086933534,59.97252518741553,,,,,23.61438422840931,28.50553752926902,2.703008199232727,3.430863140702968,20.930057101082266,19.20469990689739,0.8947368421052632,0.8571428571428571,8440.199489225186,509188.49886297405,509188.49886297405,531,1.0,0.0,0.0,0.0,22.965145710788104,25.544237563735805,28.50553752926953,23.354509757766667,10.043195774546826,445.7387534155618,1547.2240704896838,768.1487446201272,0.49646897257552,842.13827316954,0.024620741978340036,53.708013607751354,1,0,1,19,0.0,504,207.0,0.053708013607751355,406.6346912311687,274832.77972936863,753.3806855845077,500000.0,0.3732550309588564,0,6,15.851629567615955,16,E5,autonomous,602.6,4,marketplace
2.9442790473932634,4.473919988709531,3.2054370642068926,5.645738534011071,3.469279749121699,4.433391742602305,,,,,23.339759912622263,28.360592409339098,2.4809250651271877,4.349318386817686,3.3153715162547286,4.473919988709531,1.0,1.0,10188.61735102234,511539.3687118152,511539.3687118152,538,1.0,0.0,0.0,0.0,21.897990289839193,25.544237563735805,28.236628375048465,22.890663694771696,2.9442790473932634,436.0219236662027,1637.9294744761817,814.0488826638979,0.49699873855938453,909.0172830661004,0.027040412208255343,59.07749213334224,4,0,0,12,0.0,524,207.0,0.05907749213334224,404.7764261303293,270525.68954026053,765.3952489466554,500000.0,0.3826441016958399,0,6,14.732451798064856,17,E5,autonomous,602.6,4,marketplace
3.072923384891273,4.949759006147178,4.822355363108545,6.681135364076085,4.1498143363443285,6.354643865380057,8.114529341731517,14.68775168160164,5.450239200986289,6.177211045817421,22.947067148997153,28.360592409339915,5.462066810644546,8.533868208390603,5.1341272492464345,4.949759006147178,1.0,1.0,68261.72443658626,577118.2182746406,576118.2182746406,575,0.9982672527597732,0.0,0.0,1000.0,20.52271913833666,25.254347323875834,28.34398925420437,20.723312705074168,3.072923384891273,435.576628368736,1883.4453487534402,930.308326943551,0.49393964500179227,1058.4786004586965,0.028971340501047577,63.327288837423524,2,0,4,20,0.0,553,207.0,0.06332728883742353,359.4111776380738,214387.8990493048,965.83495713635,500000.0,0.3507345892488704,0,4,9.764275488896569,18,E5,autonomous,602.6,4,marketplace
8.778971082690171,31.40737985186425,5.992224590046117,7.015703816636007,8.852078156049464,28.146127177656854,,,113.44952101666786,113.44952101666786,23.736567848207642,29.230263128918203,2.818519440497458,3.962877256208867,7.001584672164945,31.40737985186425,0.8285714285714286,1.0,37728.11627304937,538786.9281851918,536786.9281851918,582,0.9962879574552103,0.0,0.0,2000.0,21.51037362257526,25.25434732387589,29.229470776152038,24.974612326587856,8.778971082690171,494.0355258952742,1941.5246119403473,964.6407099586766,0.4968470160131634,1035.1301926701515,0.02980093884235131,64.92206272486925,2,0,2,18,0.0,545,207.0,0.06492206272486925,385.7488161322873,242948.22602193616,852.3006133991225,500000.0,0.3760395904613187,0,14,35.56524054623648,19,E5,autonomous,602.6,4,marketplace
2.9599656531043776,2.398065408800991,3.39153612338861,6.136356051912663,2.909540259713547,4.687310402732123,,,,,22.991545702942144,28.50112747915,3.5104848585164063,7.1035627523324365,3.2393269032806953,2.398065408800991,0.9583333333333334,1.0,13968.57625752051,515078.73700219905,515078.73700219905,554,1.0,0.0,0.0,0.0,21.05952088763825,25.51542060502254,28.36059240933964,22.41046769401564,2.9599656531043776,429.28242774367874,1794.509002912033,899.2110011880808,0.5010902702237154,983.8086291861954,0.027712338177286567,60.5341107968463,3,0,0,13,0.0,536,207.0,0.0605341107968463,401.9978291394949,267032.8386359332,775.4122495514446,500000.0,0.365214624565231,0,5,15.231304687125249,0,E5,autonomous,1322.6,1,marketplace
2.002273533987905,2.1902101704262464,3.7013343731120756,4.812801445418245,4.044109570760338,5.195528348087646,11.339669531050882,19.999147835876467,,,23.072599220012115,29.126172519020244,3.3546794240575246,4.820394045863032,5.460540191830485,2.1902101704262464,1.0,1.0,22776.714596747763,525519.2910413912,524519.2910413912,535,0.9980971202826477,0.0,0.0,1000.0,21.762974640093258,25.544237563735805,28.50553752926953,22.27935577872252,2.002273533987905,428.84149595409065,1678.8190902623937,844.8305569353865,0.5032290625211692,942.571348807767,0.027773694044587474,60.424909542014824,3,0,4,21,0.0,507,207.0,0.06042490954201482,394.76226793954527,255052.61496725449,811.8341579682526,500000.0,0.38562007634836853,0,9,33.257644095759126,1,E5,autonomous,1322.6,1,marketplace
5.289863194418672,9.919998996152573,5.668458224148509,8.766770463278588,4.300004762765259,7.68473987670086,4.604366980930195,4.897649500118973,,,22.66453169379033,28.360592409339368,3.469891752277528,5.523893067744211,5.022276770727501,9.919998996152573,1.0,1.0,29310.196036041838,532277.3226155266,516873.34282247716,548,0.9710602365748803,14403.979793049497,0.02706104352195697,1000.0,21.066612304900143,25.51542060502254,28.36059240933855,22.030243648422058,5.289863194418672,417.15365938720345,1723.1624642456711,850.8468612878302,0.4937705404697842,947.0014294262153,0.029022958005186773,63.40537595079827,4,0,1,18,0.0,524,207.0,0.06340537595079827,400.6076309628291,263535.6536391338,785.7130620340581,500000.0,0.4034931508629909,0,7,18.649708771619657,2,E5,autonomous,1322.6,1,marketplace
2.508935106305829,4.408495172055882,3.8390327371676345,5.462813202767575,4.846372888884389,7.468877361869361,24.997154986599526,24.997154986599526,52.556082358230924,52.556082358230924,23.93495809870847,28.505537529268622,3.9279733789839577,4.2831973604385905,5.140346227442611,4.408495172055882,1.0,1.0,28096.063942230638,531327.860284328,530327.860284328,561,0.998117922897051,0.0,0.0,1000.0,21.804216787563618,25.544237563735805,28.36059240933912,23.527056930782283,2.508935106305829,463.74048179817237,1857.7462791345072,909.0531801001899,0.48933118064093367,995.000741524452,0.03040071385805064,66.47859907797626,2,1,3,14,0.0,545,207.0,0.06647859907797625,390.4499350421872,249145.76930898,831.1057385135965,500000.0,0.3756439251376791,0,2,6.686917343769473,3,E5,autonomous,1322.6,1,marketplace
2.3353457242811952,3.850155001632448,4.253385182716784,5.890402410794377,2.873257019756819,5.196705321832087,,,107.50700938400041,189.3346390563278,23.75661562746779,28.50553752926902,4.707175565239053,4.777696738529631,3.5227290964438613,3.850155001632448,1.0,1.0,32491.15341102122,538255.453584505,538255.4535845051,550,1.0000000000000002,0.0,0.0,0.0,22.28443224095748,25.544237563735578,28.360592409339915,27.456428289786807,2.3353457242811952,552.5054584531979,1727.6884781993188,856.1280684202942,0.49553381829147386,928.0609124963559,0.029515800980217482,64.4237988070639,4,0,2,21,0.0,526,207.0,0.0644237988070639,384.695449753206,249102.5006994499,831.2418511150834,500000.0,0.36777135566344005,0,7,19.816906516895337,4,E5,autonomous,1322.6,1,marketplace
9.092328153126983,38.83872035304817,20.01872768360327,67.33172191377164,16.54602217806473,48.04299412190794,28.19885176147818,52.69209817914816,,,23.227385017534495,28.97798627496668,5.367434310294577,8.351341580736516,20.497183997332073,38.83872035304817,0.8518518518518519,0.8596491228070176,43452.69323580841,547328.4080016714,546328.4080016714,572,0.998172943363837,0.0,0.0,1000.0,21.91739939295248,25.544237563735635,30.265973915951143,23.192376987004835,9.092328153126983,464.3085192194413,1826.6606983411953,905.657666125277,0.4957996123460212,1009.0269684580041,0.03038138985451942,66.23471492515637,5,0,0,21,0.0,540,207.0,0.06623471492515637,379.01421870468,233658.4137339503,886.1920758851692,500000.0,0.37740874527567386,0,10,29.01171974826643,5,E5,autonomous,1322.6,1,marketplace
2.2192424499221852,2.745932042296954,3.6035774777669234,4.695867707685101,3.9103846683891073,7.412512091408283,30.701668468258106,37.423371168417795,,,23.766243763305365,28.50553752926953,5.91480313761105,8.799541456551745,8.209411406780257,2.745932042296954,1.0,1.0,31608.77227884693,533346.8920584851,533346.8920584851,565,1.0,0.0,0.0,0.0,21.626865459826853,25.544237563735805,28.50553752926953,23.38897937637223,2.2192424499221852,452.78063373491796,1848.8542442091446,934.6708314089334,0.5055405715926206,999.4342755686549,0.03208776294925824,69.94303914163041,4,1,0,21,0.0,537,207.0,0.0699430391416304,388.2462729649412,247638.7008494776,836.177634306865,500000.0,0.4250306203383179,0,11,31.612550145971372,6,E5,autonomous,1322.6,1,marketplace
3.2696977876001214,3.3833892681694113,15.398493272659541,53.90047604108677,2.021458861337019,2.2634433286384934,5.289675528347701,5.721478906845315,10.175342153210863,10.175342153210863,23.556371310598106,28.689863009860062,3.558400087441572,4.883985552855555,9.539703889720942,3.3833892681694113,0.972972972972973,0.9508196721311475,40773.60461111535,544565.4292464787,543565.4292464787,581,0.9981636733690867,0.0,0.0,1000.0,20.97401779584338,25.544237563735606,28.50553752926953,22.067801521342695,3.2696977876001214,444.7341838555449,1891.7172536287349,933.9699625278203,0.49371541161146465,1021.1371093157908,0.02760786351881724,60.13886060493098,0,0,1,17,99.38937189467718,553,207.0,0.06013886060493098,380.9295582826955,238321.55373470674,868.8267410806611,500000.0,0.3616036583026325,0,12,31.027658692190975,7,E5,autonomous,1322.6,1,marketplace
4.20428562736532,11.471520776954016,4.996387368860013,8.95214451441452,6.138751399285409,23.026471640435027,4.6735953308768785,4.774448558446738,,,23.94602774062699,28.61405639972633,2.33136071498537,4.249420105308127,5.614002513188877,11.471520776954016,1.0,1.0,38363.5914215517,540361.5398106,526845.8481339898,560,0.9749876875372228,13515.69167661024,0.02501231246277737,0.0,21.848606066751426,25.544237563735635,28.50553752926953,23.062020255164885,4.20428562736532,446.69483814293744,1783.2379217149687,890.8781414467816,0.4995845650197982,969.7734282473175,0.030715655179988997,66.73430346210323,5,0,1,14,0.0,542,207.0,0.06673430346210323,393.03096918550636,253802.08290413927,815.8590817462714,500000.0,0.4106725842152377,0,17,51.15998403936477,8,E5,autonomous,1322.6,1,marketplace
4.56260566110238,10.986120117437304,5.467865521233236,11.22118401222717,4.979666167939229,8.479588851063818,35.107389822667756,35.107389822667756,40.10927852122995,49.62342555105979,23.14268186906422,28.360592409339915,3.132623333249533,5.06406825725162,5.952794264073757,10.986120117437304,1.0,1.0,47374.080402398526,549779.8663554897,548779.8663554897,604,0.9981810901759116,0.0,0.0,1000.0,20.077290879990162,25.25434732387589,27.76220913482949,22.70158078387939,4.56260566110238,458.6309458819777,2055.3966537765127,1013.8630068962572,0.4932687834406178,1139.6788028572364,0.03245945179904529,70.6874061036775,4,0,2,22,0.0,572,207.0,0.0706874061036775,377.3292354569856,233771.21376460645,885.7835148796865,500000.0,0.3795111859385827,0,13,36.44666791469508,9,E5,autonomous,1322.6,1,marketplace
2.098147393996815,2.5215895989780392,3.864674657444425,6.353901706735724,5.274347822686337,9.863273415488308,,,,,22.664563521515117,28.360592409339915,2.8087799009234686,5.542488957240765,4.569511240065381,2.5215895989780392,1.0,1.0,13819.243346008723,516514.44304295897,516514.44304295897,540,1.0,0.0,0.0,0.0,21.227510746525546,25.544237563735635,28.360592409338597,22.08617192693477,2.098147393996815,421.52594823784335,1675.777423996242,836.4737241708896,0.49915562305174327,905.5862828392156,0.025589580224572736,55.76204202119911,1,0,2,18,0.0,519,207.0,0.05576204202119911,400.87119504768657,263652.16234981344,785.3368627688319,500000.0,0.3659736472605058,0,11,30.218763859837413,10,E5,autonomous,1322.6,1,marketplace
4.513888797237368,10.204924596169803,7.7632899140987774,14.426693675594471,2.9358415646201137,4.866767879314603,,,6.827302626095843,6.827302626095843,23.44589847470701,28.50553752926953,2.4422264260745123,3.542681172082485,4.315112521614018,10.204924596169803,1.0,1.0,26006.043708159235,531772.2574830158,531772.2574830158,543,1.0,0.0,0.0,0.0,21.919107486200186,25.544237563735635,28.47654850528288,22.367269182496486,4.513888797237368,433.88571958071117,1634.8068166798992,803.7302310017276,0.49163621218194414,929.5132871241557,0.02715176085786475,59.30778374249757,3,0,0,18,0.0,516,207.0,0.05930778374249757,389.37591209401467,248028.2826857619,834.8213580387329,500000.0,0.37810985013657294,0,4,12.433225483121547,11,E5,autonomous,1322.6,1,marketplace
10.49326393160553,26.807586071196987,13.188024330830293,31.549291174207042,4.526382004545667,4.526382004545667,,,,,23.962960285074974,30.03032834466709,3.016358706686723,5.3834249985942755,11.950646855646776,26.807586071196987,0.8571428571428571,0.8571428571428571,3605.0987133016765,503977.3460501888,503977.3460501888,521,1.0,0.0,0.0,0.0,23.33915936467382,25.544237563735805,29.975551950613863,23.819021363814954,10.49326393160553,446.60074059746444,1518.1410410778933,755.5119309898353,0.4976559559007872,828.5711474524244,0.026451631987254722,57.87596092755109,4,0,0,19,0.0,497,207.0,0.05787596092755109,410.84758587602784,279694.84980475256,740.2992086034801,500000.0,0.37911489256528635,0,2,6.297851428677579,12,E5,autonomous,1322.6,1,marketplace
2.328499106683961,3.3606209678365073,2.6803156301368363,3.6028963538190966,4.563698290742877,5.430948337830387,,,,,22.86307965213845,28.505537529269123,1.8991134629092812,2.921562402148993,3.5173745904061877,3.3606209678365073,1.0,1.0,6216.486291594783,506496.9548278934,506496.9548278934,522,1.0,0.0,0.0,0.0,22.014022524043867,25.544237563735805,28.50553752926903,22.626211178127186,2.328499106683961,427.72243817998054,1552.7133031816666,777.6327338880933,0.500821840255149,877.6585869031412,0.02506054004100182,54.771444782998934,3,0,0,15,0.0,505,207.0,0.05477144478299894,408.7976629891877,275057.9097673917,752.7679230162225,500000.0,0.3630929251433404,0,5,13.264047713570447,13,E5,autonomous,1322.6,1,marketplace
5.398533239441024,18.71009680015586,6.485609468956265,10.460752493486508,5.016736035751055,9.367023882395529,6.230628694503054,8.924693446052697,,,22.612225460497015,28.50553752926953,2.7736474162256366,5.289648923179903,5.71161488935296,18.71009680015586,1.0,1.0,58929.484502104126,566652.9292862886,566652.9292862886,576,1.0,0.0,0.0,0.0,20.295112064875184,25.25434732387589,28.360592409339915,20.650895755952593,5.398533239441024,428.0156751389623,1881.174552662476,943.5143771105106,0.5015559963721229,1072.9638414804851,0.027813076928139512,60.59215055597402,0,0,1,22,0.0,549,207.0,0.06059215055597403,365.40990339775215,216702.88455581132,955.5045498124322,500000.0,0.38600021823993186,0,12,32.39535240069569,14,E5,autonomous,1322.6,1,marketplace
9.217427013512022,26.038677482758253,10.342379071923363,30.516214750124618,5.181944641026927,3.7697355163863904,5.153455016685841,5.598590089085156,6.32692557703399,7.151360778135176,24.32587965538878,28.53420545765594,4.218380241658577,7.856091335865313,7.955526581499685,26.038677482758253,0.8571428571428571,0.9864864864864865,64862.71277757866,573615.9384122626,573615.9384122626,603,1.0,0.0,0.0,0.0,21.43012508710555,25.254347323876573,28.476548505282892,21.96457859353705,9.217427013512022,457.586355708812,2083.177319469795,1029.8376076589077,0.49435907257334166,1187.8042010772103,0.03301205873152561,71.99539186648639,4,0,2,20,0.0,566,207.0,0.07199539186648639,360.99414525515175,209904.6134417528,986.5052129944141,500000.0,0.39254642073810303,0,11,27.954970971604414,15,E5,autonomous,1322.6,1,marketplace
10.043195774546826,19.20469990689739,17.13468021695573,44.122733695157876,28.52081086933534,59.97252518741553,,,,,23.61438422840931,28.50553752926902,2.703008199232727,3.430863140702968,20.930057101082266,19.20469990689739,0.8947368421052632,0.8571428571428571,8440.199489225186,509188.49886297405,509188.49886297405,531,1.0,0.0,0.0,0.0,22.965145710788104,25.544237563735805,28.50553752926953,23.354509757766667,10.043195774546826,445.7387534155618,1547.2240704896838,768.1487446201272,0.49646897257552,842.13827316954,0.024620741978340036,53.708013607751354,1,0,1,19,0.0,504,207.0,0.053708013607751355,406.6346912311687,274832.77972936863,753.3806855845077,500000.0,0.3732550309588564,0,6,15.851629567615955,16,E5,autonomous,1322.6,1,marketplace
2.9442790473932634,4.473919988709531,3.2054370642068926,5.645738534011071,3.469279749121699,4.433391742602305,,,,,23.339759912622263,28.360592409339098,2.4809250651271877,4.349318386817686,3.3153715162547286,4.473919988709531,1.0,1.0,10188.61735102234,511539.3687118152,511539.3687118152,538,1.0,0.0,0.0,0.0,21.897990289839193,25.544237563735805,28.236628375048465,22.890663694771696,2.9442790473932634,436.0219236662027,1637.9294744761817,814.0488826638979,0.49699873855938453,909.0172830661004,0.027040412208255343,59.07749213334224,4,0,0,12,0.0,524,207.0,0.05907749213334224,404.7764261303293,270525.68954026053,765.3952489466554,500000.0,0.3826441016958399,0,6,14.732451798064856,17,E5,autonomous,1322.6,1,marketplace
3.072923384891273,4.949759006147178,4.822355363108545,6.681135364076085,4.1498143363443285,6.354643865380057,8.114529341731517,14.68775168160164,5.450239200986289,6.177211045817421,22.947067148997153,28.360592409339915,5.462066810644546,8.533868208390603,5.1341272492464345,4.949759006147178,1.0,1.0,68261.72443658626,577118.2182746406,576118.2182746406,575,0.9982672527597732,0.0,0.0,1000.0,20.52271913833666,25.254347323875834,28.34398925420437,20.723312705074168,3.072923384891273,435.576628368736,1883.4453487534402,930.308326943551,0.49393964500179227,1058.4786004586965,0.028971340501047577,63.327288837423524,2,0,4,20,0.0,553,207.0,0.06332728883742353,359.4111776380738,214387.8990493048,965.83495713635,500000.0,0.3507345892488704,0,4,9.764275488896569,18,E5,autonomous,1322.6,1,marketplace
8.778971082690171,31.40737985186425,5.992224590046117,7.015703816636007,8.852078156049464,28.146127177656854,,,113.44952101666786,113.44952101666786,23.736567848207642,29.230263128918203,2.818519440497458,3.962877256208867,7.001584672164945,31.40737985186425,0.8285714285714286,1.0,37728.11627304937,538786.9281851918,536786.9281851918,582,0.9962879574552103,0.0,0.0,2000.0,21.51037362257526,25.25434732387589,29.229470776152038,24.974612326587856,8.778971082690171,494.0355258952742,1941.5246119403473,964.6407099586766,0.4968470160131634,1035.1301926701515,0.02980093884235131,64.92206272486925,2,0,2,18,0.0,545,207.0,0.06492206272486925,385.7488161322873,242948.22602193616,852.3006133991225,500000.0,0.3760395904613187,0,14,35.56524054623648,19,E5,autonomous,1322.6,1,marketplace
2.9599656531043776,2.398065408800991,3.39153612338861,6.136356051912663,2.909540259713547,4.687310402732123,,,,,22.991545702942144,28.50112747915,3.5104848585164063,7.1035627523324365,3.2393269032806953,2.398065408800991,0.9583333333333334,1.0,13968.57625752051,515078.73700219905,515078.73700219905,554,1.0,0.0,0.0,0.0,21.05952088763825,25.51542060502254,28.36059240933964,22.41046769401564,2.9599656531043776,429.28242774367874,1794.509002912033,899.2110011880808,0.5010902702237154,983.8086291861954,0.027712338177286567,60.5341107968463,3,0,0,13,0.0,536,207.0,0.0605341107968463,401.9978291394949,267032.8386359332,775.4122495514446,500000.0,0.365214624565231,0,5,15.231304687125249,0,E5,autonomous,1322.6,2,marketplace
2.002273533987905,2.1902101704262464,3.7013343731120756,4.812801445418245,4.044109570760338,5.195528348087646,11.339669531050882,19.999147835876467,,,23.072599220012115,29.126172519020244,3.3546794240575246,4.820394045863032,5.460540191830485,2.1902101704262464,1.0,1.0,22776.714596747763,525519.2910413912,524519.2910413912,535,0.9980971202826477,0.0,0.0,1000.0,21.762974640093258,25.544237563735805,28.50553752926953,22.27935577872252,2.002273533987905,428.84149595409065,1678.8190902623937,844.8305569353865,0.5032290625211692,942.571348807767,0.027773694044587474,60.424909542014824,3,0,4,21,0.0,507,207.0,0.06042490954201482,394.76226793954527,255052.61496725449,811.8341579682526,500000.0,0.38562007634836853,0,9,33.257644095759126,1,E5,autonomous,1322.6,2,marketplace
5.289863194418672,9.919998996152573,5.668458224148509,8.766770463278588,4.300004762765259,7.68473987670086,4.604366980930195,4.897649500118973,,,22.66453169379033,28.360592409339368,3.469891752277528,5.523893067744211,5.022276770727501,9.919998996152573,1.0,1.0,29310.196036041838,532277.3226155266,516873.34282247716,548,0.9710602365748803,14403.979793049497,0.02706104352195697,1000.0,21.066612304900143,25.51542060502254,28.36059240933855,22.030243648422058,5.289863194418672,417.15365938720345,1723.1624642456711,850.8468612878302,0.4937705404697842,947.0014294262153,0.029022958005186773,63.40537595079827,4,0,1,18,0.0,524,207.0,0.06340537595079827,400.6076309628291,263535.6536391338,785.7130620340581,500000.0,0.4034931508629909,0,7,18.649708771619657,2,E5,autonomous,1322.6,2,marketplace
2.508935106305829,4.408495172055882,3.8390327371676345,5.462813202767575,4.846372888884389,7.468877361869361,24.997154986599526,24.997154986599526,52.556082358230924,52.556082358230924,23.93495809870847,28.505537529268622,3.9279733789839577,4.2831973604385905,5.140346227442611,4.408495172055882,1.0,1.0,28096.063942230638,531327.860284328,530327.860284328,561,0.998117922897051,0.0,0.0,1000.0,21.804216787563618,25.544237563735805,28.36059240933912,23.527056930782283,2.508935106305829,463.74048179817237,1857.7462791345072,909.0531801001899,0.48933118064093367,995.000741524452,0.03040071385805064,66.47859907797626,2,1,3,14,0.0,545,207.0,0.06647859907797625,390.4499350421872,249145.76930898,831.1057385135965,500000.0,0.3756439251376791,0,2,6.686917343769473,3,E5,autonomous,1322.6,2,marketplace
2.3353457242811952,3.850155001632448,4.253385182716784,5.890402410794377,2.873257019756819,5.196705321832087,,,107.50700938400041,189.3346390563278,23.75661562746779,28.50553752926902,4.707175565239053,4.777696738529631,3.5227290964438613,3.850155001632448,1.0,1.0,32491.15341102122,538255.453584505,538255.4535845051,550,1.0000000000000002,0.0,0.0,0.0,22.28443224095748,25.544237563735578,28.360592409339915,27.456428289786807,2.3353457242811952,552.5054584531979,1727.6884781993188,856.1280684202942,0.49553381829147386,928.0609124963559,0.029515800980217482,64.4237988070639,4,0,2,21,0.0,526,207.0,0.0644237988070639,384.695449753206,249102.5006994499,831.2418511150834,500000.0,0.36777135566344005,0,7,19.816906516895337,4,E5,autonomous,1322.6,2,marketplace
9.092328153126983,38.83872035304817,20.01872768360327,67.33172191377164,16.54602217806473,48.04299412190794,28.19885176147818,52.69209817914816,,,23.227385017534495,28.97798627496668,5.367434310294577,8.351341580736516,20.497183997332073,38.83872035304817,0.8518518518518519,0.8596491228070176,43452.69323580841,547328.4080016714,546328.4080016714,572,0.998172943363837,0.0,0.0,1000.0,21.91739939295248,25.544237563735635,30.265973915951143,23.192376987004835,9.092328153126983,464.3085192194413,1826.6606983411953,905.657666125277,0.4957996123460212,1009.0269684580041,0.03038138985451942,66.23471492515637,5,0,0,21,0.0,540,207.0,0.06623471492515637,379.01421870468,233658.4137339503,886.1920758851692,500000.0,0.37740874527567386,0,10,29.01171974826643,5,E5,autonomous,1322.6,2,marketplace
2.2192424499221852,2.745932042296954,3.6035774777669234,4.695867707685101,3.9103846683891073,7.412512091408283,30.701668468258106,37.423371168417795,,,23.766243763305365,28.50553752926953,5.91480313761105,8.799541456551745,8.209411406780257,2.745932042296954,1.0,1.0,31608.77227884693,533346.8920584851,533346.8920584851,565,1.0,0.0,0.0,0.0,21.626865459826853,25.544237563735805,28.50553752926953,23.38897937637223,2.2192424499221852,452.78063373491796,1848.8542442091446,934.6708314089334,0.5055405715926206,999.4342755686549,0.03208776294925824,69.94303914163041,4,1,0,21,0.0,537,207.0,0.0699430391416304,388.2462729649412,247638.7008494776,836.177634306865,500000.0,0.4250306203383179,0,11,31.612550145971372,6,E5,autonomous,1322.6,2,marketplace
3.2696977876001214,3.3833892681694113,15.398493272659541,53.90047604108677,2.021458861337019,2.2634433286384934,5.289675528347701,5.721478906845315,10.175342153210863,10.175342153210863,23.556371310598106,28.689863009860062,3.558400087441572,4.883985552855555,9.539703889720942,3.3833892681694113,0.972972972972973,0.9508196721311475,40773.60461111535,544565.4292464787,543565.4292464787,581,0.9981636733690867,0.0,0.0,1000.0,20.97401779584338,25.544237563735606,28.50553752926953,22.067801521342695,3.2696977876001214,444.7341838555449,1891.7172536287349,933.9699625278203,0.49371541161146465,1021.1371093157908,0.02760786351881724,60.13886060493098,0,0,1,17,99.38937189467718,553,207.0,0.06013886060493098,380.9295582826955,238321.55373470674,868.8267410806611,500000.0,0.3616036583026325,0,12,31.027658692190975,7,E5,autonomous,1322.6,2,marketplace
4.20428562736532,11.471520776954016,4.996387368860013,8.95214451441452,6.138751399285409,23.026471640435027,4.6735953308768785,4.774448558446738,,,23.94602774062699,28.61405639972633,2.33136071498537,4.249420105308127,5.614002513188877,11.471520776954016,1.0,1.0,38363.5914215517,540361.5398106,526845.8481339898,560,0.9749876875372228,13515.69167661024,0.02501231246277737,0.0,21.848606066751426,25.544237563735635,28.50553752926953,23.062020255164885,4.20428562736532,446.69483814293744,1783.2379217149687,890.8781414467816,0.4995845650197982,969.7734282473175,0.030715655179988997,66.73430346210323,5,0,1,14,0.0,542,207.0,0.06673430346210323,393.03096918550636,253802.08290413927,815.8590817462714,500000.0,0.4106725842152377,0,17,51.15998403936477,8,E5,autonomous,1322.6,2,marketplace
4.56260566110238,10.986120117437304,5.467865521233236,11.22118401222717,4.979666167939229,8.479588851063818,35.107389822667756,35.107389822667756,40.10927852122995,49.62342555105979,23.14268186906422,28.360592409339915,3.132623333249533,5.06406825725162,5.952794264073757,10.986120117437304,1.0,1.0,47374.080402398526,549779.8663554897,548779.8663554897,604,0.9981810901759116,0.0,0.0,1000.0,20.077290879990162,25.25434732387589,27.76220913482949,22.70158078387939,4.56260566110238,458.6309458819777,2055.3966537765127,1013.8630068962572,0.4932687834406178,1139.6788028572364,0.03245945179904529,70.6874061036775,4,0,2,22,0.0,572,207.0,0.0706874061036775,377.3292354569856,233771.21376460645,885.7835148796865,500000.0,0.3795111859385827,0,13,36.44666791469508,9,E5,autonomous,1322.6,2,marketplace
2.098147393996815,2.5215895989780392,3.864674657444425,6.353901706735724,5.274347822686337,9.863273415488308,,,,,22.664563521515117,28.360592409339915,2.8087799009234686,5.542488957240765,4.569511240065381,2.5215895989780392,1.0,1.0,13819.243346008723,516514.44304295897,516514.44304295897,540,1.0,0.0,0.0,0.0,21.227510746525546,25.544237563735635,28.360592409338597,22.08617192693477,2.098147393996815,421.52594823784335,1675.777423996242,836.4737241708896,0.49915562305174327,905.5862828392156,0.025589580224572736,55.76204202119911,1,0,2,18,0.0,519,207.0,0.05576204202119911,400.87119504768657,263652.16234981344,785.3368627688319,500000.0,0.3659736472605058,0,11,30.218763859837413,10,E5,autonomous,1322.6,2,marketplace
4.513888797237368,10.204924596169803,7.7632899140987774,14.426693675594471,2.9358415646201137,4.866767879314603,,,6.827302626095843,6.827302626095843,23.44589847470701,28.50553752926953,2.4422264260745123,3.542681172082485,4.315112521614018,10.204924596169803,1.0,1.0,26006.043708159235,531772.2574830158,531772.2574830158,543,1.0,0.0,0.0,0.0,21.919107486200186,25.544237563735635,28.47654850528288,22.367269182496486,4.513888797237368,433.88571958071117,1634.8068166798992,803.7302310017276,0.49163621218194414,929.5132871241557,0.02715176085786475,59.30778374249757,3,0,0,18,0.0,516,207.0,0.05930778374249757,389.37591209401467,248028.2826857619,834.8213580387329,500000.0,0.37810985013657294,0,4,12.433225483121547,11,E5,autonomous,1322.6,2,marketplace
10.49326393160553,26.807586071196987,13.188024330830293,31.549291174207042,4.526382004545667,4.526382004545667,,,,,23.962960285074974,30.03032834466709,3.016358706686723,5.3834249985942755,11.950646855646776,26.807586071196987,0.8571428571428571,0.8571428571428571,3605.0987133016765,503977.3460501888,503977.3460501888,521,1.0,0.0,0.0,0.0,23.33915936467382,25.544237563735805,29.975551950613863,23.819021363814954,10.49326393160553,446.60074059746444,1518.1410410778933,755.5119309898353,0.4976559559007872,828.5711474524244,0.026451631987254722,57.87596092755109,4,0,0,19,0.0,497,207.0,0.05787596092755109,410.84758587602784,279694.84980475256,740.2992086034801,500000.0,0.37911489256528635,0,2,6.297851428677579,12,E5,autonomous,1322.6,2,marketplace
2.328499106683961,3.3606209678365073,2.6803156301368363,3.6028963538190966,4.563698290742877,5.430948337830387,,,,,22.86307965213845,28.505537529269123,1.8991134629092812,2.921562402148993,3.5173745904061877,3.3606209678365073,1.0,1.0,6216.486291594783,506496.9548278934,506496.9548278934,522,1.0,0.0,0.0,0.0,22.014022524043867,25.544237563735805,28.50553752926903,22.626211178127186,2.328499106683961,427.72243817998054,1552.7133031816666,777.6327338880933,0.500821840255149,877.6585869031412,0.02506054004100182,54.771444782998934,3,0,0,15,0.0,505,207.0,0.05477144478299894,408.7976629891877,275057.9097673917,752.7679230162225,500000.0,0.3630929251433404,0,5,13.264047713570447,13,E5,autonomous,1322.6,2,marketplace
5.398533239441024,18.71009680015586,6.485609468956265,10.460752493486508,5.016736035751055,9.367023882395529,6.230628694503054,8.924693446052697,,,22.612225460497015,28.50553752926953,2.7736474162256366,5.289648923179903,5.71161488935296,18.71009680015586,1.0,1.0,58929.484502104126,566652.9292862886,566652.9292862886,576,1.0,0.0,0.0,0.0,20.295112064875184,25.25434732387589,28.360592409339915,20.650895755952593,5.398533239441024,428.0156751389623,1881.174552662476,943.5143771105106,0.5015559963721229,1072.9638414804851,0.027813076928139512,60.59215055597402,0,0,1,22,0.0,549,207.0,0.06059215055597403,365.40990339775215,216702.88455581132,955.5045498124322,500000.0,0.38600021823993186,0,12,32.39535240069569,14,E5,autonomous,1322.6,2,marketplace
9.217427013512022,26.038677482758253,10.342379071923363,30.516214750124618,5.181944641026927,3.7697355163863904,5.153455016685841,5.598590089085156,6.32692557703399,7.151360778135176,24.32587965538878,28.53420545765594,4.218380241658577,7.856091335865313,7.955526581499685,26.038677482758253,0.8571428571428571,0.9864864864864865,64862.71277757866,573615.9384122626,573615.9384122626,603,1.0,0.0,0.0,0.0,21.43012508710555,25.254347323876573,28.476548505282892,21.96457859353705,9.217427013512022,457.586355708812,2083.177319469795,1029.8376076589077,0.49435907257334166,1187.8042010772103,0.03301205873152561,71.99539186648639,4,0,2,20,0.0,566,207.0,0.07199539186648639,360.99414525515175,209904.6134417528,986.5052129944141,500000.0,0.39254642073810303,0,11,27.954970971604414,15,E5,autonomous,1322.6,2,marketplace
10.043195774546826,19.20469990689739,17.13468021695573,44.122733695157876,28.52081086933534,59.97252518741553,,,,,23.61438422840931,28.50553752926902,2.703008199232727,3.430863140702968,20.930057101082266,19.20469990689739,0.8947368421052632,0.8571428571428571,8440.199489225186,509188.49886297405,509188.49886297405,531,1.0,0.0,0.0,0.0,22.965145710788104,25.544237563735805,28.50553752926953,23.354509757766667,10.043195774546826,445.7387534155618,1547.2240704896838,768.1487446201272,0.49646897257552,842.13827316954,0.024620741978340036,53.708013607751354,1,0,1,19,0.0,504,207.0,0.053708013607751355,406.6346912311687,274832.77972936863,753.3806855845077,500000.0,0.3732550309588564,0,6,15.851629567615955,16,E5,autonomous,1322.6,2,marketplace
2.9442790473932634,4.473919988709531,3.2054370642068926,5.645738534011071,3.469279749121699,4.433391742602305,,,,,23.339759912622263,28.360592409339098,2.4809250651271877,4.349318386817686,3.3153715162547286,4.473919988709531,1.0,1.0,10188.61735102234,511539.3687118152,511539.3687118152,538,1.0,0.0,0.0,0.0,21.897990289839193,25.544237563735805,28.236628375048465,22.890663694771696,2.9442790473932634,436.0219236662027,1637.9294744761817,814.0488826638979,0.49699873855938453,909.0172830661004,0.027040412208255343,59.07749213334224,4,0,0,12,0.0,524,207.0,0.05907749213334224,404.7764261303293,270525.68954026053,765.3952489466554,500000.0,0.3826441016958399,0,6,14.732451798064856,17,E5,autonomous,1322.6,2,marketplace
3.072923384891273,4.949759006147178,4.822355363108545,6.681135364076085,4.1498143363443285,6.354643865380057,8.114529341731517,14.68775168160164,5.450239200986289,6.177211045817421,22.947067148997153,28.360592409339915,5.462066810644546,8.533868208390603,5.1341272492464345,4.949759006147178,1.0,1.0,68261.72443658626,577118.2182746406,576118.2182746406,575,0.9982672527597732,0.0,0.0,1000.0,20.52271913833666,25.254347323875834,28.34398925420437,20.723312705074168,3.072923384891273,435.576628368736,1883.4453487534402,930.308326943551,0.49393964500179227,1058.4786004586965,0.028971340501047577,63.327288837423524,2,0,4,20,0.0,553,207.0,0.06332728883742353,359.4111776380738,214387.8990493048,965.83495713635,500000.0,0.3507345892488704,0,4,9.764275488896569,18,E5,autonomous,1322.6,2,marketplace
8.778971082690171,31.40737985186425,5.992224590046117,7.015703816636007,8.852078156049464,28.146127177656854,,,113.44952101666786,113.44952101666786,23.736567848207642,29.230263128918203,2.818519440497458,3.962877256208867,7.001584672164945,31.40737985186425,0.8285714285714286,1.0,37728.11627304937,538786.9281851918,536786.9281851918,582,0.9962879574552103,0.0,0.0,2000.0,21.51037362257526,25.25434732387589,29.229470776152038,24.974612326587856,8.778971082690171,494.0355258952742,1941.5246119403473,964.6407099586766,0.4968470160131634,1035.1301926701515,0.02980093884235131,64.92206272486925,2,0,2,18,0.0,545,207.0,0.06492206272486925,385.7488161322873,242948.22602193616,852.3006133991225,500000.0,0.3760395904613187,0,14,35.56524054623648,19,E5,autonomous,1322.6,2,marketplace
2.9599656531043776,2.398065408800991,3.39153612338861,6.136356051912663,2.909540259713547,4.687310402732123,,,,,22.991545702942144,28.50112747915,3.5104848585164063,7.1035627523324365,3.2393269032806953,2.398065408800991,0.9583333333333334,1.0,13968.57625752051,515078.73700219905,515078.73700219905,554,1.0,0.0,0.0,0.0,21.05952088763825,25.51542060502254,28.36059240933964,22.41046769401564,2.9599656531043776,429.28242774367874,1794.509002912033,899.2110011880808,0.5010902702237154,983.8086291861954,0.027712338177286567,60.5341107968463,3,0,0,13,0.0,536,207.0,0.0605341107968463,401.9978291394949,267032.8386359332,775.4122495514446,500000.0,0.365214624565231,0,5,15.231304687125249,0,E5,autonomous,1322.6,4,marketplace
2.002273533987905,2.1902101704262464,3.7013343731120756,4.812801445418245,4.044109570760338,5.195528348087646,11.339669531050882,19.999147835876467,,,23.072599220012115,29.126172519020244,3.3546794240575246,4.820394045863032,5.460540191830485,2.1902101704262464,1.0,1.0,22776.714596747763,525519.2910413912,524519.2910413912,535,0.9980971202826477,0.0,0.0,1000.0,21.762974640093258,25.544237563735805,28.50553752926953,22.27935577872252,2.002273533987905,428.84149595409065,1678.8190902623937,844.8305569353865,0.5032290625211692,942.571348807767,0.027773694044587474,60.424909542014824,3,0,4,21,0.0,507,207.0,0.06042490954201482,394.76226793954527,255052.61496725449,811.8341579682526,500000.0,0.38562007634836853,0,9,33.257644095759126,1,E5,autonomous,1322.6,4,marketplace
5.289863194418672,9.919998996152573,5.668458224148509,8.766770463278588,4.300004762765259,7.68473987670086,4.604366980930195,4.897649500118973,,,22.66453169379033,28.360592409339368,3.469891752277528,5.523893067744211,5.022276770727501,9.919998996152573,1.0,1.0,29310.196036041838,532277.3226155266,516873.34282247716,548,0.9710602365748803,14403.979793049497,0.02706104352195697,1000.0,21.066612304900143,25.51542060502254,28.36059240933855,22.030243648422058,5.289863194418672,417.15365938720345,1723.1624642456711,850.8468612878302,0.4937705404697842,947.0014294262153,0.029022958005186773,63.40537595079827,4,0,1,18,0.0,524,207.0,0.06340537595079827,400.6076309628291,263535.6536391338,785.7130620340581,500000.0,0.4034931508629909,0,7,18.649708771619657,2,E5,autonomous,1322.6,4,marketplace
2.508935106305829,4.408495172055882,3.8390327371676345,5.462813202767575,4.846372888884389,7.468877361869361,24.997154986599526,24.997154986599526,52.556082358230924,52.556082358230924,23.93495809870847,28.505537529268622,3.9279733789839577,4.2831973604385905,5.140346227442611,4.408495172055882,1.0,1.0,28096.063942230638,531327.860284328,530327.860284328,561,0.998117922897051,0.0,0.0,1000.0,21.804216787563618,25.544237563735805,28.36059240933912,23.527056930782283,2.508935106305829,463.74048179817237,1857.7462791345072,909.0531801001899,0.48933118064093367,995.000741524452,0.03040071385805064,66.47859907797626,2,1,3,14,0.0,545,207.0,0.06647859907797625,390.4499350421872,249145.76930898,831.1057385135965,500000.0,0.3756439251376791,0,2,6.686917343769473,3,E5,autonomous,1322.6,4,marketplace
2.3353457242811952,3.850155001632448,4.253385182716784,5.890402410794377,2.873257019756819,5.196705321832087,,,107.50700938400041,189.3346390563278,23.75661562746779,28.50553752926902,4.707175565239053,4.777696738529631,3.5227290964438613,3.850155001632448,1.0,1.0,32491.15341102122,538255.453584505,538255.4535845051,550,1.0000000000000002,0.0,0.0,0.0,22.28443224095748,25.544237563735578,28.360592409339915,27.456428289786807,2.3353457242811952,552.5054584531979,1727.6884781993188,856.1280684202942,0.49553381829147386,928.0609124963559,0.029515800980217482,64.4237988070639,4,0,2,21,0.0,526,207.0,0.0644237988070639,384.695449753206,249102.5006994499,831.2418511150834,500000.0,0.36777135566344005,0,7,19.816906516895337,4,E5,autonomous,1322.6,4,marketplace
9.092328153126983,38.83872035304817,20.01872768360327,67.33172191377164,16.54602217806473,48.04299412190794,28.19885176147818,52.69209817914816,,,23.227385017534495,28.97798627496668,5.367434310294577,8.351341580736516,20.497183997332073,38.83872035304817,0.8518518518518519,0.8596491228070176,43452.69323580841,547328.4080016714,546328.4080016714,572,0.998172943363837,0.0,0.0,1000.0,21.91739939295248,25.544237563735635,30.265973915951143,23.192376987004835,9.092328153126983,464.3085192194413,1826.6606983411953,905.657666125277,0.4957996123460212,1009.0269684580041,0.03038138985451942,66.23471492515637,5,0,0,21,0.0,540,207.0,0.06623471492515637,379.01421870468,233658.4137339503,886.1920758851692,500000.0,0.37740874527567386,0,10,29.01171974826643,5,E5,autonomous,1322.6,4,marketplace
2.2192424499221852,2.745932042296954,3.6035774777669234,4.695867707685101,3.9103846683891073,7.412512091408283,30.701668468258106,37.423371168417795,,,23.766243763305365,28.50553752926953,5.91480313761105,8.799541456551745,8.209411406780257,2.745932042296954,1.0,1.0,31608.77227884693,533346.8920584851,533346.8920584851,565,1.0,0.0,0.0,0.0,21.626865459826853,25.544237563735805,28.50553752926953,23.38897937637223,2.2192424499221852,452.78063373491796,1848.8542442091446,934.6708314089334,0.5055405715926206,999.4342755686549,0.03208776294925824,69.94303914163041,4,1,0,21,0.0,537,207.0,0.0699430391416304,388.2462729649412,247638.7008494776,836.177634306865,500000.0,0.4250306203383179,0,11,31.612550145971372,6,E5,autonomous,1322.6,4,marketplace
3.2696977876001214,3.3833892681694113,15.398493272659541,53.90047604108677,2.021458861337019,2.2634433286384934,5.289675528347701,5.721478906845315,10.175342153210863,10.175342153210863,23.556371310598106,28.689863009860062,3.558400087441572,4.883985552855555,9.539703889720942,3.3833892681694113,0.972972972972973,0.9508196721311475,40773.60461111535,544565.4292464787,543565.4292464787,581,0.9981636733690867,0.0,0.0,1000.0,20.97401779584338,25.544237563735606,28.50553752926953,22.067801521342695,3.2696977876001214,444.7341838555449,1891.7172536287349,933.9699625278203,0.49371541161146465,1021.1371093157908,0.02760786351881724,60.13886060493098,0,0,1,17,99.38937189467718,553,207.0,0.06013886060493098,380.9295582826955,238321.55373470674,868.8267410806611,500000.0,0.3616036583026325,0,12,31.027658692190975,7,E5,autonomous,1322.6,4,marketplace
4.20428562736532,11.471520776954016,4.996387368860013,8.95214451441452,6.138751399285409,23.026471640435027,4.6735953308768785,4.774448558446738,,,23.94602774062699,28.61405639972633,2.33136071498537,4.249420105308127,5.614002513188877,11.471520776954016,1.0,1.0,38363.5914215517,540361.5398106,526845.8481339898,560,0.9749876875372228,13515.69167661024,0.02501231246277737,0.0,21.848606066751426,25.544237563735635,28.50553752926953,23.062020255164885,4.20428562736532,446.69483814293744,1783.2379217149687,890.8781414467816,0.4995845650197982,969.7734282473175,0.030715655179988997,66.73430346210323,5,0,1,14,0.0,542,207.0,0.06673430346210323,393.03096918550636,253802.08290413927,815.8590817462714,500000.0,0.4106725842152377,0,17,51.15998403936477,8,E5,autonomous,1322.6,4,marketplace
4.56260566110238,10.986120117437304,5.467865521233236,11.22118401222717,4.979666167939229,8.479588851063818,35.107389822667756,35.107389822667756,40.10927852122995,49.62342555105979,23.14268186906422,28.360592409339915,3.132623333249533,5.06406825725162,5.952794264073757,10.986120117437304,1.0,1.0,47374.080402398526,549779.8663554897,548779.8663554897,604,0.9981810901759116,0.0,0.0,1000.0,20.077290879990162,25.25434732387589,27.76220913482949,22.70158078387939,4.56260566110238,458.6309458819777,2055.3966537765127,1013.8630068962572,0.4932687834406178,1139.6788028572364,0.03245945179904529,70.6874061036775,4,0,2,22,0.0,572,207.0,0.0706874061036775,377.3292354569856,233771.21376460645,885.7835148796865,500000.0,0.3795111859385827,0,13,36.44666791469508,9,E5,autonomous,1322.6,4,marketplace
2.098147393996815,2.5215895989780392,3.864674657444425,6.353901706735724,5.274347822686337,9.863273415488308,,,,,22.664563521515117,28.360592409339915,2.8087799009234686,5.542488957240765,4.569511240065381,2.5215895989780392,1.0,1.0,13819.243346008723,516514.44304295897,516514.44304295897,540,1.0,0.0,0.0,0.0,21.227510746525546,25.544237563735635,28.360592409338597,22.08617192693477,2.098147393996815,421.52594823784335,1675.777423996242,836.4737241708896,0.49915562305174327,905.5862828392156,0.025589580224572736,55.76204202119911,1,0,2,18,0.0,519,207.0,0.05576204202119911,400.87119504768657,263652.16234981344,785.3368627688319,500000.0,0.3659736472605058,0,11,30.218763859837413,10,E5,autonomous,1322.6,4,marketplace
4.513888797237368,10.204924596169803,7.7632899140987774,14.426693675594471,2.9358415646201137,4.866767879314603,,,6.827302626095843,6.827302626095843,23.44589847470701,28.50553752926953,2.4422264260745123,3.542681172082485,4.315112521614018,10.204924596169803,1.0,1.0,26006.043708159235,531772.2574830158,531772.2574830158,543,1.0,0.0,0.0,0.0,21.919107486200186,25.544237563735635,28.47654850528288,22.367269182496486,4.513888797237368,433.88571958071117,1634.8068166798992,803.7302310017276,0.49163621218194414,929.5132871241557,0.02715176085786475,59.30778374249757,3,0,0,18,0.0,516,207.0,0.05930778374249757,389.37591209401467,248028.2826857619,834.8213580387329,500000.0,0.37810985013657294,0,4,12.433225483121547,11,E5,autonomous,1322.6,4,marketplace
10.49326393160553,26.807586071196987,13.188024330830293,31.549291174207042,4.526382004545667,4.526382004545667,,,,,23.962960285074974,30.03032834466709,3.016358706686723,5.3834249985942755,11.950646855646776,26.807586071196987,0.8571428571428571,0.8571428571428571,3605.0987133016765,503977.3460501888,503977.3460501888,521,1.0,0.0,0.0,0.0,23.33915936467382,25.544237563735805,29.975551950613863,23.819021363814954,10.49326393160553,446.60074059746444,1518.1410410778933,755.5119309898353,0.4976559559007872,828.5711474524244,0.026451631987254722,57.87596092755109,4,0,0,19,0.0,497,207.0,0.05787596092755109,410.84758587602784,279694.84980475256,740.2992086034801,500000.0,0.37911489256528635,0,2,6.297851428677579,12,E5,autonomous,1322.6,4,marketplace
2.328499106683961,3.3606209678365073,2.6803156301368363,3.6028963538190966,4.563698290742877,5.430948337830387,,,,,22.86307965213845,28.505537529269123,1.8991134629092812,2.921562402148993,3.5173745904061877,3.3606209678365073,1.0,1.0,6216.486291594783,506496.9548278934,506496.9548278934,522,1.0,0.0,0.0,0.0,22.014022524043867,25.544237563735805,28.50553752926903,22.626211178127186,2.328499106683961,427.72243817998054,1552.7133031816666,777.6327338880933,0.500821840255149,877.6585869031412,0.02506054004100182,54.771444782998934,3,0,0,15,0.0,505,207.0,0.05477144478299894,408.7976629891877,275057.9097673917,752.7679230162225,500000.0,0.3630929251433404,0,5,13.264047713570447,13,E5,autonomous,1322.6,4,marketplace
5.398533239441024,18.71009680015586,6.485609468956265,10.460752493486508,5.016736035751055,9.367023882395529,6.230628694503054,8.924693446052697,,,22.612225460497015,28.50553752926953,2.7736474162256366,5.289648923179903,5.71161488935296,18.71009680015586,1.0,1.0,58929.484502104126,566652.9292862886,566652.9292862886,576,1.0,0.0,0.0,0.0,20.295112064875184,25.25434732387589,28.360592409339915,20.650895755952593,5.398533239441024,428.0156751389623,1881.174552662476,943.5143771105106,0.5015559963721229,1072.9638414804851,0.027813076928139512,60.59215055597402,0,0,1,22,0.0,549,207.0,0.06059215055597403,365.40990339775215,216702.88455581132,955.5045498124322,500000.0,0.38600021823993186,0,12,32.39535240069569,14,E5,autonomous,1322.6,4,marketplace
9.217427013512022,26.038677482758253,10.342379071923363,30.516214750124618,5.181944641026927,3.7697355163863904,5.153455016685841,5.598590089085156,6.32692557703399,7.151360778135176,24.32587965538878,28.53420545765594,4.218380241658577,7.856091335865313,7.955526581499685,26.038677482758253,0.8571428571428571,0.9864864864864865,64862.71277757866,573615.9384122626,573615.9384122626,603,1.0,0.0,0.0,0.0,21.43012508710555,25.254347323876573,28.476548505282892,21.96457859353705,9.217427013512022,457.586355708812,2083.177319469795,1029.8376076589077,0.49435907257334166,1187.8042010772103,0.03301205873152561,71.99539186648639,4,0,2,20,0.0,566,207.0,0.07199539186648639,360.99414525515175,209904.6134417528,986.5052129944141,500000.0,0.39254642073810303,0,11,27.954970971604414,15,E5,autonomous,1322.6,4,marketplace
10.043195774546826,19.20469990689739,17.13468021695573,44.122733695157876,28.52081086933534,59.97252518741553,,,,,23.61438422840931,28.50553752926902,2.703008199232727,3.430863140702968,20.930057101082266,19.20469990689739,0.8947368421052632,0.8571428571428571,8440.199489225186,509188.49886297405,509188.49886297405,531,1.0,0.0,0.0,0.0,22.965145710788104,25.544237563735805,28.50553752926953,23.354509757766667,10.043195774546826,445.7387534155618,1547.2240704896838,768.1487446201272,0.49646897257552,842.13827316954,0.024620741978340036,53.708013607751354,1,0,1,19,0.0,504,207.0,0.053708013607751355,406.6346912311687,274832.77972936863,753.3806855845077,500000.0,0.3732550309588564,0,6,15.851629567615955,16,E5,autonomous,1322.6,4,marketplace
2.9442790473932634,4.473919988709531,3.2054370642068926,5.645738534011071,3.469279749121699,4.433391742602305,,,,,23.339759912622263,28.360592409339098,2.4809250651271877,4.349318386817686,3.3153715162547286,4.473919988709531,1.0,1.0,10188.61735102234,511539.3687118152,511539.3687118152,538,1.0,0.0,0.0,0.0,21.897990289839193,25.544237563735805,28.236628375048465,22.890663694771696,2.9442790473932634,436.0219236662027,1637.9294744761817,814.0488826638979,0.49699873855938453,909.0172830661004,0.027040412208255343,59.07749213334224,4,0,0,12,0.0,524,207.0,0.05907749213334224,404.7764261303293,270525.68954026053,765.3952489466554,500000.0,0.3826441016958399,0,6,14.732451798064856,17,E5,autonomous,1322.6,4,marketplace
3.072923384891273,4.949759006147178,4.822355363108545,6.681135364076085,4.1498143363443285,6.354643865380057,8.114529341731517,14.68775168160164,5.450239200986289,6.177211045817421,22.947067148997153,28.360592409339915,5.462066810644546,8.533868208390603,5.1341272492464345,4.949759006147178,1.0,1.0,68261.72443658626,577118.2182746406,576118.2182746406,575,0.9982672527597732,0.0,0.0,1000.0,20.52271913833666,25.254347323875834,28.34398925420437,20.723312705074168,3.072923384891273,435.576628368736,1883.4453487534402,930.308326943551,0.49393964500179227,1058.4786004586965,0.028971340501047577,63.327288837423524,2,0,4,20,0.0,553,207.0,0.06332728883742353,359.4111776380738,214387.8990493048,965.83495713635,500000.0,0.3507345892488704,0,4,9.764275488896569,18,E5,autonomous,1322.6,4,marketplace
8.778971082690171,31.40737985186425,5.992224590046117,7.015703816636007,8.852078156049464,28.146127177656854,,,113.44952101666786,113.44952101666786,23.736567848207642,29.230263128918203,2.818519440497458,3.962877256208867,7.001584672164945,31.40737985186425,0.8285714285714286,1.0,37728.11627304937,538786.9281851918,536786.9281851918,582,0.9962879574552103,0.0,0.0,2000.0,21.51037362257526,25.25434732387589,29.229470776152038,24.974612326587856,8.778971082690171,494.0355258952742,1941.5246119403473,964.6407099586766,0.4968470160131634,1035.1301926701515,0.02980093884235131,64.92206272486925,2,0,2,18,0.0,545,207.0,0.06492206272486925,385.7488161322873,242948.22602193616,852.3006133991225,500000.0,0.3760395904613187,0,14,35.56524054623648,19,E5,autonomous,1322.6,4,marketplace
