delay_mean_consumables,delay_p90_consumables,delay_mean_science,delay_p90_science,delay_mean_equipment,delay_p90_equipment,delay_mean_infrastructure,delay_p90_infrastructure,delay_mean_element,delay_p90_element,delay_mean_bulk,delay_p90_bulk,delay_mean_return,delay_p90_return,delay_prio2_mean_h,delay_prio1_p90_h,sl24_prio1,sl48_prio12,landed_kg,ready_kg,delivered_kg,delivered_items,delivered_share,stranded_kg,stranded_share,backlog_kg,delay_mean_h,delay_median_h,delay_p90_h,delay_mass_weighted_h,delay_prio1_mean_h,tonne_days_waiting,km_total,km_empty,empty_km_share,energy_kwh,utilisation,operator_hours,faults,night_strandings,team_lifts,bundled_jobs,backhaul_kg,jobs,fleet_cost_musd,operator_cost_musd,cost_per_kg_usd,cost_per_tkm_usd,delivered_tkm,bulk_kg,revenue_gini,unmet_operator_waits,repositions,km_reposition,seed,exp,common_share,mechanism
7.440744265065432,21.79213565231211,8.353509684433666,20.10980292538725,13.295789908347691,26.65327680640294,,,,,11.938559198220213,49.388548504888064,5.566026772875571,11.512054505244032,9.34196572921647,21.79213565231211,0.9090909090909091,1.0,13968.57625752051,514699.86389583437,510943.15392827604,546,0.9927011638605784,0.0,0.0,3756.7099675582613,11.580951831200867,1.76912734634152,46.10883294815676,11.885336684972849,7.440744265065432,638.7548949999086,1767.9785140383528,880.3054654765642,0.4979163821769543,947.6934432641974,0.024138307980361838,264.31447238496213,2,0,0,0,0.0,546,207.0,0.26431447238496214,405.6504385642083,271775.2143623634,762.6314083080264,500000.0,0.3473417225383726,0,0,0.0,0,E6,0.5,inhouse
4.9929375284101605,6.756296654354038,5.886919990424673,9.325599946644616,5.3235144675525135,5.769971101649117,23.334560273883653,35.14709822525456,,,12.040832909028909,43.467185228605665,2.924044351710381,4.510293762217043,8.905562172088445,6.756296654354038,0.9285714285714286,1.0,22776.714596747763,523156.8520526396,516237.90470122895,530,0.9867746215608881,0.0,0.0,6918.947351410646,11.703582991629665,1.76912734634152,42.016665556216,12.052398757164575,4.9929375284101605,1559.7301749609444,1653.845159614643,818.6033334678173,0.4949697550032781,830.3592017629293,0.027585401758123844,315.99604390358945,2,2,0,0,0.0,530,207.0,0.3159960439035895,401.59003078994573,265254.0523618292,781.5752264591488,500000.0,0.6190632844190093,0,0,0.0,1,E6,0.5,inhouse
32.080724862989804,103.85876022250496,43.53850051037375,100.08628004005607,54.37577351456358,136.04239379936553,,,,,14.462672026467247,57.37969963527662,11.43570185446373,27.486786076603625,48.95713701246867,103.85876022250496,0.6666666666666666,0.7666666666666667,29310.196036041838,530781.3346098738,510735.6585258761,538,0.9622336454262632,14403.979793049497,0.027137314094958658,5641.696290948114,15.776506170544192,1.76912734634152,59.74048506663349,15.016235418569078,32.080724862989804,1858.260664721146,1705.2041475034343,838.4672290078357,0.4917107609874301,918.279167415696,0.029590706760211645,324.0182390243175,3,2,0,0,0.0,538,207.0,0.3240182390243175,405.93213882386556,271708.87168703025,763.0373530012371,500000.0,0.332775142443555,0,0,0.0,2,E6,0.5,inhouse
13.360483627176972,43.03968609216209,20.846459485441557,57.417861393842216,23.461845775260958,66.29144318498167,,,109.33746947983764,109.33746947983764,13.059609450633488,49.30935450610687,13.142198528621293,41.91499408650508,21.81002285537502,43.03968609216209,0.7272727272727273,0.9024390243902439,28096.063942230638,530338.4730618671,521699.3241883139,554,0.9837101222853478,0.0,0.0,8639.148873553033,13.547237637527175,1.76912734634152,49.14796354753807,14.620919561403245,13.360483627176972,1474.7689707236702,1835.281210888474,903.5386138484912,0.49231616849119325,963.1521721003583,0.029632975155177155,336.28790139866567,2,2,0,0,0.0,554,207.0,0.33628790139866566,397.4248734632403,260243.79731393434,796.7002097317505,500000.0,0.5832382169320046,0,0,0.0,3,E6,0.5,inhouse
10.676525553627137,35.98547348109205,19.9711828246634,36.95563588293162,11.64870778527828,29.79594682229118,,,5.636879215172257,5.636879215172257,12.804755060165924,46.729491531395254,3.973052551040672,4.071873533497637,16.087361139617013,35.98547348109205,0.8235294117647058,0.96875,32491.15341102122,534184.9586468615,519125.15181172907,544,0.9718078792909477,12883.956746220842,0.024118905891429558,2175.8500889116135,12.637002461149814,1.76912734634152,41.64176310271759,12.65679561734588,10.676525553627137,585.8923399541048,1746.6053160679219,865.1086644594335,0.4953086175227187,897.3896568542175,0.026529809947719564,290.50141892752924,3,1,0,0,0.0,544,207.0,0.29050141892752923,399.3073745232546,263548.8755121855,786.5353286599137,500000.0,0.39453465568534285,0,0,0.0,4,E6,0.5,inhouse
16.537806187045653,45.62881965701115,26.235019739082183,100.36354058770418,41.87704627602939,110.11061386885822,26.46086884564902,52.24531948134209,,,13.293810047633444,56.174898697858794,12.166321995735757,13.692659216584431,31.861787985593118,45.62881965701115,0.8076923076923077,0.7777777777777778,43452.69323580841,547267.4995239316,541085.8271145149,569,0.9887044773994542,0.0,0.0,6181.672409416796,14.326033177877948,1.76912734634152,57.641973759354386,14.337759822289335,16.537806187045653,617.4408034379663,1878.8031304915248,922.2274064886288,0.49085898970551506,995.9779628021611,0.025615807181842035,280.4930886411703,2,0,0,0,0.0,569,207.0,0.2804930886411703,383.08246622170816,239646.62056887947,864.9422745732581,500000.0,0.3298537315942818,0,0,0.0,5,E6,0.5,inhouse
14.937806224021724,36.510877722313126,11.213885941290277,34.82433071895971,13.411523643922635,26.730561211444094,35.51812642410073,35.51812642410073,,,12.60885843428225,46.24246971400204,2.433916434359105,3.9683884879028937,13.42020536084627,36.510877722313126,0.6153846153846154,1.0,31608.77227884693,532598.2243246397,516893.1851209217,549,0.9705124078781285,0.0,0.0,15705.039203717963,12.59305389955056,1.76912734634152,42.62777096800382,12.86102168070702,14.937806224021724,4596.4070604984,1757.3373612801997,871.1946193721269,0.49574693998281116,898.831458808558,0.02643342805921953,289.4460372484539,2,1,0,0,0.0,549,207.0,0.28944603724845386,401.0295589189385,265562.8803431511,780.5663418373692,500000.0,0.3684216880975699,0,0,0.0,6,E6,0.5,inhouse
10.140853018253496,26.21103006773552,27.286585814690877,80.58982592363849,8.455980482931077,21.04335137075674,,,,,11.751787056396205,45.07640315367613,17.126737907536285,52.37733120477816,21.340078867819365,26.21103006773552,0.8888888888888888,0.9090909090909091,40773.60461111535,543849.2288690333,519031.7011713718,573,0.9543668973305873,11470.75105855638,0.02109178509347248,13346.776639105105,12.137359542197993,1.76912734634152,46.098183808048816,11.691663795543976,10.140853018253496,4882.6286783586465,1899.2810897975633,930.5248851753628,0.4899353182495718,939.1854307649079,0.027610219627657764,346.35911891945864,1,1,0,0,0.0,573,207.0,0.34635911891945864,399.486888085972,263694.9336326667,786.3115011824909,500000.0,0.5900243970682753,0,0,0.0,7,E6,0.5,inhouse
11.571410061425492,34.3729930625982,21.96139343649059,49.86174898293285,8.19409237167767,21.06714032439907,,,,,12.17964651611685,45.7275026059171,7.582761261787069,15.724959715571458,13.862981045424165,34.3729930625982,0.8571428571428571,0.9210526315789473,38363.5914215517,540242.1692887612,515665.0969708526,549,0.9545073048439281,13515.69167661024,0.02501783911908228,11061.38064129848,12.116400584699871,1.76912734634152,42.71687348983193,12.05732613279685,11.571410061425492,3475.7233893394136,1748.5408773435086,864.8260110982649,0.4945986807080896,864.931353548335,0.02393096156680413,276.331676733221,2,0,0,0,0.0,549,207.0,0.276331676733221,401.95920354960396,265636.4249102325,780.3008632825067,500000.0,0.5782890663490458,0,0,0.0,8,E6,0.5,inhouse
34.9207232442617,103.93180565545478,16.943482284696756,36.826718107599724,29.25183874571757,58.02223123727981,32.178859031288084,32.178859031288084,,,12.209476032748844,42.73208839069127,9.488329890946806,30.038818411936617,22.383715108361482,103.93180565545478,0.5,0.7945205479452054,47374.080402398526,549640.1491883178,531131.7292887822,593,0.9663262956192921,0.0,0.0,18508.419899535726,14.088995099029265,1.7691273463417474,47.78199234599195,13.183929193791903,34.9207232442617,901.1567915025939,2042.7742992245742,995.0814152565598,0.48712254488138373,1076.7679488103515,0.03061630387377629,353.1390690420642,3,1,0,0,0.0,593,207.0,0.3531390690420642,390.3987045675102,250329.50014919075,828.3208289293283,500000.0,0.5453699873265707,0,0,0.0,9,E6,0.5,inhouse
3.0633976050410183,5.25209431940516,32.69294861258235,46.43229886590289,15.295859959739232,38.98074526817447,,,,,10.61894906005447,37.45550288653231,7.077427377367965,16.58666855993524,24.66352308050091,5.25209431940516,1.0,0.9615384615384616,13819.243346008723,516203.98819530365,512377.8704821884,535,0.992587973358184,0.0,0.0,3826.117713115261,10.717049243617929,1.76912734634152,37.42739049879801,10.716017798025495,3.0633976050410183,454.3631316247641,1679.7497653074047,831.2400168437586,0.494859433239234,845.3389389672541,0.021670977603851033,237.2972047621688,0,0,0,0,0.0,535,207.0,0.2372972047621688,404.4618418233702,268860.54100850126,770.7984832114483,500000.0,0.41505552689520075,0,0,0.0,10,E6,0.5,inhouse
19.37068155978734,78.26326006051886,24.948279610185182,57.14412816179512,21.63160772480713,58.37661079073274,,,,,13.032522060185421,50.946918971312975,10.035868241371835,23.520913941915865,22.6521221510773,78.26326006051886,0.7368421052631579,0.84375,26006.043708159235,527294.9549528928,512884.71365078015,538,0.9726713840768682,0.0,0.0,14410.241302112803,13.45538434412808,1.76912734634152,52.209557341819945,13.169499882571479,19.37068155978734,2588.4121199473316,1680.4529349300585,827.5140505745381,0.4924351247058162,855.8728779185421,0.0231031261926975,260.6449243814652,2,0,0,0,0.0,538,207.0,0.2606449243814652,404.1076667094896,268951.41888069105,770.6248429063834,500000.0,0.6008499442848406,0,0,0.0,11,E6,0.5,inhouse
16.47620282755588,37.81004218709041,22.604193111927202,58.113508485355965,4.225080002754112,4.225080002754112,,,,,13.56386692650695,54.6654242078849,11.687934415266682,25.199183700118464,19.978605524902473,37.81004218709041,0.75,0.8181818181818182,3605.0987133016765,503832.50215722347,503380.65996445366,516,0.9991031896695128,0.0,0.0,451.84219276983936,13.655287180841764,1.76912734634152,52.54999969984834,13.537938979283929,16.47620282755588,323.96357182897196,1562.199494905111,776.4897190939306,0.4970490143072893,768.7745456548266,0.02442351250737939,272.0236769550437,3,1,0,0,0.0,516,207.0,0.2720236769550437,411.76000621794174,280564.2104074088,738.7685812669199,500000.0,0.6398580412999411,0,0,0.0,12,E6,0.5,inhouse
12.161283744589316,29.40056807275764,11.19954953250304,23.387475927565315,12.739968983528911,23.10910738742014,,,,,11.168141240891474,41.36022057546008,33.90470890513439,93.68953823740304,11.969759258015976,29.40056807275764,0.75,1.0,6216.486291594783,506496.9548278934,506383.8927496717,521,0.9997767763909654,0.0,0.0,113.06207822168346,11.41390116889108,1.76912734634152,40.88320773321698,11.156613029308936,12.161283744589316,229.7468320766368,1577.8362314521828,784.8546644288571,0.4974246685326179,781.2577305704533,0.026800592725388574,306.63903173531503,2,2,0,0,0.0,521,207.0,0.30663903173531504,409.3863213264097,275626.07870830374,752.1299871306039,500000.0,0.6308053489455362,0,0,0.0,13,E6,0.5,inhouse
15.131238987357683,39.85667865161936,12.506553662260545,27.271776725580732,15.921731749951732,54.53515225444863,4.772221909176096,5.149929986479856,,,12.14154269240308,41.23496998491304,8.118794028397293,11.62689284035385,13.7119141470029,39.85667865161936,0.8148148148148148,0.9019607843137255,58929.484502104126,560140.4496017806,528911.8370804393,561,0.9442486031074124,0.0,0.0,31228.612521341387,12.28090673560114,1.76912734634152,41.113667083514905,12.263062905456486,15.131238987357683,4848.107487474156,1846.2535972026421,914.710611619288,0.49544147835661095,968.6067802849531,0.02439526435525951,285.4789435174364,0,0,0,0,0.0,561,207.0,0.2854789435174364,391.90932100843213,251620.66222708233,823.8014998801914,500000.0,0.5485062191530221,0,0,0.0,14,E6,0.5,inhouse
50.026144513517146,178.42511770605597,25.124749292230717,87.15946827763241,28.99389412021378,48.18852602295067,5.639048593046482,5.693177683721387,,,11.802824270121295,42.087129340324104,13.111384923581102,33.257040016832875,25.116265864396237,178.42511770605597,0.6451612903225806,0.796875,64862.71277757866,569754.1287928189,534108.1775829565,586,0.9374362564333002,0.0,0.0,35645.95120986235,14.623736957036757,1.7691273463416337,47.717200345929314,12.396864299059525,50.026144513517146,7120.309744434814,2076.1916268328223,1018.2395361828769,0.4904362020456539,1112.0233558194063,0.034406966135852014,528.1573658367045,3,2,0,0,0.0,586,207.0,0.5281573658367045,388.55079565525637,246484.68139604194,841.9515411279802,500000.0,0.46185918417436644,0,0,0.0,15,E6,0.5,inhouse
23.346329443192747,102.55820273593781,47.17704584947105,120.63809479279098,5.100388644918894,5.185503350061663,,,,,13.273352518107608,51.28345273324817,2.8330496482815306,3.968379348336066,36.65788154833301,102.55820273593781,0.8125,0.7916666666666666,8440.199489225186,508637.27469418704,505125.92929599487,526,0.9930965629675816,0.0,0.0,3511.345398192101,13.895716125148507,1.76912734634152,54.794165578887146,13.294243193052528,23.346329443192747,415.3250832481397,1600.3485537996535,794.9624530010394,0.4967433195184805,778.7779562771374,0.025659732465248733,300.04669402216905,4,1,0,0,0.0,526,207.0,0.30004669402216905,410.39280439026527,279104.9384068967,742.731561387879,500000.0,0.6291787371733544,0,0,0.0,16,E6,0.5,inhouse
6.437769685175259,20.45842738759686,18.4877137912578,33.97706148296584,17.60170930641355,33.84716562729113,,,,,14.07134093274051,54.82757675726865,29.61342140361778,94.86282634521265,18.221912445804527,20.45842738759686,0.8571428571428571,1.0,10188.61735102234,511071.9197908895,508246.4808123163,534,0.9944715433011282,0.0,0.0,2825.438978573131,14.239986105724592,1.7691273463416337,52.904971460447854,14.110592074174107,6.437769685175259,664.9396630472379,1641.0967204184492,811.0134756857389,0.49418993140084116,801.3581732319043,0.028560981805468556,398.28758234530443,4,2,0,0,0.0,534,207.0,0.3982875823453044,408.0663524730488,274780.7294375494,754.777411090182,500000.0,0.5649598894990738,0,0,0.0,17,E6,0.5,inhouse
9.890704096733836,26.221921265416313,10.16463514464825,23.389777719543417,8.346489267995961,12.336873687289335,16.03091835098121,24.96126922728572,5.163644635195851,5.163644635195851,12.239472401769259,42.47217452316635,15.445784354797013,53.30693897671836,9.66866306198934,26.221921265416313,0.8571428571428571,1.0,68261.72443658626,570187.8624873706,537340.4930802194,562,0.9423920227556952,10823.216117411037,0.01898184235314333,22024.153289740345,12.12061404753689,1.76912734634152,39.54073071512478,12.108653370894324,9.890704096733836,2830.449680798932,1844.402889999689,907.3864782180909,0.4919676081283108,935.1173319226381,0.029993741766377854,356.7846605930909,2,2,0,0,0.0,562,207.0,0.35678466059309094,385.89458142630036,242978.4505186904,853.3957814692822,500000.0,0.5936867204127455,0,0,0.0,18,E6,0.5,inhouse
20.153953504066365,93.88038847153621,9.85783683512182,8.391890206003154,30.617367258410372,91.62298957263994,,,,,11.900715654233004,41.54637479253524,17.933838264947706,28.287095833408614,16.085695962108385,93.88038847153621,0.8064516129032258,0.8360655737704918,37728.11627304937,538786.9281851918,516944.8719312441,574,0.9594606789598278,11490.801113996251,0.021327171304435642,10351.255139951434,12.712324537736663,1.7691273463417474,44.27314032968695,12.337588354400939,20.153953504066365,811.417842040432,1983.7568888318435,974.9289021814519,0.4914558369879432,1047.9428083025496,0.03200754275792627,361.25807302919884,3,2,0,0,0.0,574,207.0,0.3612580730291989,401.1283781544295,263370.1829852026,787.3376390700985,500000.0,0.5539113697912103,0,0,0.0,19,E6,0.5,inhouse
14.013220461145133,48.44861790122536,9.068342578313581,19.28519349005742,28.07705624179698,47.14990732930828,4.9508338676182575,4.9508338676182575,4.692446216563667,4.692446216563667,13.192931653791417,52.50483464957799,13.464094043055468,29.673287389588722,13.305832405347516,48.44861790122536,0.7916666666666666,0.875,42968.20466135957,546023.0117091311,522229.45427683793,549,0.9564238925428877,12015.37519389233,0.02200525424062709,11778.182238400757,13.222855606760335,1.76912734634152,49.55416691910629,13.066469693695419,14.013220461145133,3310.6861655853686,1723.139047982604,850.0288109472096,0.49330250622687477,872.0548431413029,0.029086259481332585,318.4945413205918,3,2,0,0,0.0,549,207.0,0.3184945413205918,396.9873641623811,259822.1351351925,797.9246819500084,500000.0,0.4021759503161233,0,0,0.0,20,E6,0.5,inhouse
24.225542700229944,98.94034567379586,30.00432198734643,79.9933793217908,13.918079467398002,13.918079467398002,11.131070698955227,11.131070698955227,,,13.284449969211998,54.45088085179607,5.721788114573883,7.114055415893745,25.010108586155052,98.94034567379586,0.7777777777777778,0.84,17327.275816339392,517947.2232754379,509367.1793780763,530,0.9834345209090949,0.0,0.0,8580.04389736165,13.739555573369987,1.76912734634152,55.39981966444035,13.277801714256585,24.225542700229944,1625.249531344582,1634.7127228464567,807.4147149829217,0.49391841373633183,812.434988164197,0.02438527772931811,276.0911740119907,1,1,0,0,0.0,530,207.0,0.2760911740119907,406.9286353060489,273623.6459191681,757.5225835388657,500000.0,0.6176924774506722,0,0,0.0,21,E6,0.5,inhouse
20.673187563783937,77.39993197266813,18.601943360515314,49.060916665661,23.33680964962184,58.543730508663074,,,,,12.108153886309555,41.321754546733956,14.688297871788393,44.16119294907375,20.706328377895993,77.39993197266813,0.7272727272727273,0.8,19226.136203616657,519949.62774668564,513875.60924691655,528,0.9883180635668648,0.0,0.0,6074.018499769007,12.472244971082901,1.76912734634152,45.52214692695314,12.057226143178253,20.673187563783937,1838.2813701362402,1618.7907112810428,794.9735735277459,0.4910910150322257,793.4116253517572,0.031085877234189208,348.1657295436238,5,3,0,0,0.0,528,207.0,0.3481657295436238,403.4987494997318,271175.00353398325,764.6286089328254,500000.0,0.6374838507837729,0,0,0.0,22,E6,0.5,inhouse
12.808043100925277,37.2261985616376,7.914132255092159,21.0898064241685,18.108535746599454,41.70770980077532,,,,,12.68634281253288,44.43729845706031,8.424175210269997,20.00560405243888,10.69442411641233,37.2261985616376,0.8333333333333334,0.9482758620689655,44840.47463850063,546610.9219574383,518681.7013423304,572,0.9489047520033222,12710.581287026522,0.023253434529828563,15218.639328081501,12.513071226231819,1.7691273463416337,41.81051582901361,12.718128705443348,12.808043100925277,4049.5898177397826,1961.3552820371274,969.1004736069096,0.49409736343145866,1012.012945478289,0.0257813523726892,288.1196400563694,2,0,0,0,0.0,572,207.0,0.2881196400563694,399.64417310963904,263180.86393820314,787.6261082900359,500000.0,0.579690166873359,0,0,0.0,23,E6,0.5,inhouse
24.183314187121116,57.72489686873889,22.733350220390093,47.032080479220994,21.262645253032456,51.27101973916561,,,,,11.292249948647747,42.70026986607858,6.687317079712709,17.85492171302758,21.797447059344325,57.72489686873889,0.6666666666666666,0.7241379310344828,34421.87232108315,535140.8176419535,511574.0612363557,538,0.9559615794036372,11697.648494961977,0.021859010020029008,11869.107910635837,11.861305578182632,1.76912734634152,47.303585687222764,11.547927276343287,24.183314187121116,1738.4291072047226,1686.2094593623074,835.4064398960768,0.4954345590090639,854.6410672674107,0.025532343740915425,279.5791639630239,2,1,0,0,0.0,538,207.0,0.2795791639630239,405.18000201772634,270704.8242595949,765.7033070278437,500000.0,0.4025091203200428,0,0,0.0,24,E6,0.5,inhouse
50.0701494030443,50.0701494030443,,,,,,,,,13.597364297080318,58.0703736452324,,,,50.0701494030443,0.0,0.0,209.99028817615883,500209.99028817617,500209.99028817617,501,1.0,0.0,0.0,0.0,13.670164267351703,1.76912734634152,58.03205090729989,13.612675727886762,50.0701494030443,243.56434243468564,1463.3779519064199,731.4578155949168,0.49984203646228786,706.7458259846245,0.022041424954556656,241.35360325239537,1,1,0,0,0.0,501,207.0,0.24135360325239538,414.30870559754015,283955.2856744355,729.8379852694898,500000.0,0.0,0,0,0.0,25,E6,0.5,inhouse
24.011794481579408,54.01895944897605,19.0790942571986,39.623809366451496,34.466051887735645,56.53235433163282,,,,,12.94209884887333,44.620868384118985,15.57613018806569,24.231499914293273,26.073165907442714,54.01895944897605,0.6,0.7142857142857143,8275.236379187336,508416.23368801735,506212.7000623607,524,0.9956658865715746,0.0,0.0,2203.5336256566243,13.444085085493372,1.76912734634152,48.68512625859274,13.168911750785087,24.011794481579408,668.7291804326335,1602.4070056480691,795.3652888304147,0.49635659731076953,791.5133735215599,0.023276614045664477,269.72581813849763,4,0,0,0,0.0,524,207.0,0.26972581813849766,409.45184858579177,276941.41199377074,748.4244567323888,500000.0,0.6197225789572199,0,0,0.0,26,E6,0.5,inhouse
9.156982312055018,23.766064839210244,15.735953360707768,42.28878281181477,12.041304129235868,23.837661483088326,,,,,12.85794499726797,49.89245756122964,26.77578040499526,95.91631628362565,14.5044036168838,23.766064839210244,0.8571428571428571,0.9615384615384616,12370.949722949961,513597.1255335828,510759.3858471841,534,0.9944747749835038,0.0,0.0,2837.7396863987024,13.006421980609217,1.76912734634152,49.824587477217456,12.83480280763599,9.156982312055018,685.3405280268504,1692.1433288712853,843.9273629170865,0.4987327896626898,866.5104836868958,0.02479315321420249,274.8180351436997,5,0,0,0,0.0,534,207.0,0.27481803514369973,405.81695369404133,271456.5760785749,763.5652855768234,500000.0,0.5889086073951361,0,0,0.0,27,E6,0.5,inhouse
25.882012368776486,61.49311243788052,10.144685195108925,22.040045399653366,6.118242386541984,9.200316299393899,,,4.868307947336746,4.868307947336746,11.41660160820704,45.20709615179916,14.304414533070096,30.380885463982306,8.936752352538843,61.49311243788052,0.6666666666666666,0.8636363636363636,26590.43369586375,527415.1934686946,514434.76714212267,530,0.9753885999354655,0.0,0.0,12980.42632657186,11.723116388175573,1.76912734634152,46.96367134775066,11.375765055342375,25.882012368776486,4069.2931357035563,1629.911333388703,796.6824243105262,0.4887888119988503,826.4631815627139,0.02781682338209705,304.5942160339627,3,2,0,0,0.0,530,207.0,0.30459421603396275,402.9754741649528,268383.4762748934,772.4193646098428,500000.0,0.43692203357898873,0,0,0.0,28,E6,0.5,inhouse
18.04387557517101,52.977011924336495,20.289167090749718,66.64954760104521,11.750847726124103,45.640020730174,59.99670877261559,59.99670877261559,37.107029168141196,57.20001917102744,13.224728784220765,54.51313940521471,8.149537826143675,17.46880085691309,17.76438855396348,52.977011924336495,0.72,0.85,77164.28456252046,582430.0533427446,550514.549630346,581,0.9452028556403885,0.0,0.0,31915.50371239855,13.621807500708076,1.7691273463417474,55.73115942617278,14.35181997510892,18.04387557517101,7001.392188140238,2002.9430043497625,982.2031112192237,0.490379960431319,1114.2555677791365,0.03224235257099299,356.3867681005554,2,2,0,0,0.0,581,207.0,0.3563867681005554,376.6592307275696,236330.20246530225,877.4011303043012,500000.0,0.5280971848829422,0,0,0.0,29,E6,0.5,inhouse
3.9229055082851203,7.879024883452763,4.902264690552307,7.704950233148339,4.6704177142250956,7.71460759297247,,,,,3.479518251290776,4.972818365853527,5.3801927760732156,11.402533811628814,4.829049855922661,7.879024883452763,1.0,1.0,13968.57625752051,515078.73700219905,515078.73700219905,554,1.0,0.0,0.0,0.0,3.582748963255536,1.76912734634152,5.77050247768775,3.507143401113145,3.9229055082851203,22.720628818114747,1822.7816481664004,903.1078919553979,0.495455883519491,1129.1300377418804,0.031926173706110846,354.1778170811528,3,0,0,0,0.0,554,207.0,0.3541778170811528,402.567923933144,267411.5323004377,775.4122495514446,500000.0,0.3984832589241913,0,0,0.0,0,E6,0.5,pooled_greedy
3.014079516919787,5.222401029674392,4.107975347596105,5.646091918356859,15.39762878267743,36.52390680518584,38.59579352447387,55.033398493119606,,,4.609817075686762,5.088608470090233,7.009960865464921,14.807406686139629,15.530241183741813,5.222401029674392,1.0,0.896551724137931,22776.714596747763,525519.2910413912,525519.2910413911,536,0.9999999999999998,0.0,0.0,0.0,4.88174036049966,1.76912734634152,5.778069032130588,5.451555563035194,3.014079516919787,57.21210916792686,1704.091898051218,849.4702183731716,0.4984885024948578,1068.8050709104605,0.03429907528282465,375.57487434692996,4,1,0,0,0.0,536,207.0,0.37557487434692993,394.6107753026588,255179.16453118683,812.6665641191189,500000.0,0.08673902531289879,0,0,0.0,1,E6,0.5,pooled_greedy
13.437989556632125,49.029567516360096,7.425749363036658,15.100669366672717,8.882691515171777,16.82181273497008,21.216253752213674,32.73189455245231,,,3.978709870688724,4.972818365853527,4.9017873321937175,11.245300261826742,9.695915718734454,49.029567516360096,0.8636363636363636,0.9210526315789473,29310.196036041838,532277.3226155266,517873.34282247716,549,0.9729389564780431,14403.979793049497,0.02706104352195697,0.0,4.542887099716122,1.76912734634152,6.7917517454018705,4.250744024765051,13.437989556632125,32.20151836867102,1770.9581506127238,863.9069715038894,0.48781896466892294,1082.3631561841692,0.03619893888014155,422.7261233438589,5,1,0,0,0.0,549,207.0,0.4227261233438589,400.5279070609485,263713.58619865164,786.5454681849244,500000.0,0.38752957909547653,0,0,0.0,2,E6,0.5,pooled_greedy
4.050012813298963,8.991594010285738,4.461732859128006,7.378822728692833,22.450625873934086,92.09936015339008,96.60078489552507,96.60078489552507,53.04494901963517,53.04494901963517,4.364203356018907,5.778069032130725,4.956007880694382,5.711631060602578,15.79623211681375,8.991594010285738,1.0,0.9361702127659575,28096.063942230638,531327.860284328,531327.860284328,562,1.0,0.0,0.0,0.0,4.940908546028854,1.7691273463418042,6.776926319005092,6.223106568109665,4.050012813298963,69.7055330592403,1913.2345890868207,945.5582489158402,0.49421971268413634,1198.9364651191845,0.03938394200024419,461.26793856132485,3,2,0,0,0.0,562,207.0,0.46126793856132486,390.4581021359263,249371.02508051795,831.9381446644628,500000.0,0.3590057553482997,0,0,0.0,3,E6,0.5,pooled_greedy
5.460540542862873,13.984716352521174,7.020410695744317,14.814812730494394,4.1177510394681525,6.42413681287635,,,42.1163852357156,42.1163852357156,3.8757000556461048,5.091690531402154,3.110237981223728,4.6733405315065735,5.483708524774583,13.984716352521174,1.0,1.0,32491.15341102122,534209.4492904893,521325.49254426855,548,0.9758821998312972,12883.956746220842,0.02411780016870289,0.0,4.0306606633688915,1.76912734634152,5.7780690321319526,4.360259928453109,5.460540542862873,21.670482497251054,1767.0491952694,874.901587700466,0.4951201076023697,1098.5211745762588,0.037437551295386735,416.2363153114274,4,2,0,0,0.0,548,207.0,0.4162363153114274,397.8632145975455,261490.3202321089,793.2080856040895,500000.0,0.3677646612838668,0,0,0.0,4,E6,0.5,pooled_greedy
10.486265699386323,45.04149073823943,8.204119416374413,18.18043789646218,10.410135556059789,32.581833416934295,29.07644597904785,53.504657640078676,,,4.683463426363571,5.8260272992199695,4.6702252036068685,5.04338589452982,13.113923442137558,45.04149073823943,0.8518518518518519,0.9122807017543859,43452.69323580841,547328.4080016714,547328.4080016714,573,1.0,0.0,0.0,0.0,5.397909587411959,1.76912734634152,10.927831624598852,6.210507913617695,10.486265699386323,76.52407022456303,1926.511065263151,948.0883206028419,0.4921271087915283,1220.7827979199346,0.03752706001639276,424.2194192446812,4,1,0,0,0.0,573,207.0,0.4242194192446812,378.97579659086733,233842.72206685052,887.0244820360355,500000.0,0.3804182868702514,0,0,0.0,5,E6,0.5,pooled_greedy
11.136257470309946,34.64897183034539,8.253606018502033,12.353934098496575,30.66222664949633,70.89207622554471,105.14468137332665,120.92457378798954,,,4.589573839801987,4.972818365854664,7.974691471504754,14.883014928085604,30.937966261679474,34.64897183034539,0.7857142857142857,0.9038461538461539,31608.77227884693,533346.8920584851,533346.8920584851,565,1.0,0.0,0.0,0.0,6.111122669875295,1.7691273463416337,10.455267649568682,8.499179894595262,11.136257470309946,123.8005443983007,1886.7568896798718,934.6143552142264,0.49535494494619464,1185.325510407576,0.03541733886054419,420.6454491121645,4,0,0,0,0.0,565,207.0,0.4206454491121645,388.90382326699125,248058.1122228292,836.177634306865,500000.0,0.42623776616733283,0,0,0.0,6,E6,0.5,pooled_greedy
6.085730176349832,12.174845104076336,16.265598783438683,55.04696322329656,4.906447474777426,8.80508954591376,6.504395574288608,7.159589410589993,,,5.070923202182659,8.332809304679186,4.3495183433818765,5.898371261202866,11.192483441928204,12.174845104076336,0.9459459459459459,0.9344262295081968,40773.60461111535,544565.4292464787,533094.6781879223,581,0.9789359543545969,11470.75105855638,0.021064045645403137,0.0,5.363586208416845,1.76912734634152,8.969498710438984,5.123893509880942,6.085730176349832,54.89862945100072,1954.2532600236805,957.8423771679783,0.49013216288884265,1202.6013571944554,0.03592146061833969,414.26963104708045,2,1,0,0,0.0,581,207.0,0.4142696310470804,389.0758585999822,247090.35497292038,839.426814752759,500000.0,0.3776137426994957,0,0,0.0,7,E6,0.5,pooled_greedy
7.508417553058354,26.660240944134603,6.226477736472106,9.634904140300977,4.752522590037776,8.012397582978158,6.292066744717658,7.315476233871732,,,4.103180167767535,4.976287106600649,2.9813095393714426,4.9013324238130735,5.399076045726228,26.660240944134603,0.84,1.0,38363.5914215517,540361.5398106,526845.8481339897,560,0.9749876875372225,13515.69167661024,0.02501231246277737,0.0,4.284383903989976,1.76912734634152,6.1418759854939164,4.2084280885074365,7.508417553058354,35.89447772716473,1815.924342073108,896.6096464077486,0.4937483493305426,1125.9666278832747,0.03379598528591501,370.0660388807693,4,0,0,0,0.0,560,207.0,0.37006603888076933,393.60671963792623,254173.87717867183,815.8590817462714,500000.0,0.1346770181730561,0,0,0.0,8,E6,0.5,pooled_greedy
12.409161032019583,44.91141554886791,9.370949939635182,26.50744619048464,16.62063239880389,44.4898574818426,31.567716745013968,31.567716745013968,44.423955798850784,52.08223881081276,4.515229586715122,5.815134150661342,5.439289748541321,7.957177658329011,12.921904615691357,44.91141554886791,0.8421052631578947,0.9506172839506173,47374.080402398526,549779.8663554897,549779.8663554897,605,1.0,0.0,0.0,0.0,5.774077846470487,1.7691273463419748,15.467569091074722,6.437876869452612,12.409161032019583,79.96867852867203,2139.200058418645,1051.7467273933337,0.4916542159085456,1417.7482642596337,0.04111420952096541,474.9860100884184,6,0,0,0,0.0,605,207.0,0.47498601008841845,377.37829030635027,234007.73783639152,886.615921030553,500000.0,0.443780260312276,0,0,0.0,9,E6,0.5,pooled_greedy
2.872567527573405,4.974258574441206,5.259497497240233,8.762284430194358,14.520138423615833,48.006721769712385,,,,,4.0492944526124495,4.972818365853618,3.11521373977389,4.835668919120802,9.889817960428033,4.974258574441206,1.0,0.9666666666666667,13819.243346008723,516514.44304295897,516514.44304295897,540,1.0,0.0,0.0,0.0,4.174541474920074,1.76912734634152,4.975134529774324,4.308683617584401,2.872567527573405,39.15599850689954,1721.0912252320552,852.7328853235717,0.495460596638971,1055.3760083389877,0.0307146449848253,336.32536258383703,2,0,0,0,0.0,540,207.0,0.336325362583837,401.41438086628585,264009.4145480274,785.3368627688319,500000.0,0.08400240708500784,0,0,0.0,10,E6,0.5,pooled_greedy
9.580201490795043,24.272538053979588,8.593924395325757,18.203169166372575,5.089364753215409,8.738776919099019,,,6.75338177253343,6.75338177253343,4.505357087662218,4.97281836585446,2.916604353732932,5.238346035940959,6.09066750810408,24.272538053979588,0.8571428571428571,1.0,26006.043708159235,531772.2574830158,531772.2574830158,543,1.0,0.0,0.0,0.0,4.726154203498942,1.76912734634152,6.349990772084315,4.724850127462388,9.580201490795043,43.97545814364839,1724.4720852942435,855.4921207232704,0.49608928321811563,1094.5583428409675,0.03350065497950869,371.41838702485984,5,0,0,0,0.0,543,207.0,0.37141838702485985,389.96283741569215,248402.14782502427,834.8213580387329,500000.0,0.3889425690121106,0,0,0.0,11,E6,0.5,pooled_greedy
10.661760479021138,25.709025091654816,19.689557741989614,51.47450113058278,4.995980005050114,4.995980005050114,,,,,4.7915013189681925,6.796639509252691,7.919458004153187,16.11217074575734,17.59047520814111,25.709025091654816,0.8571428571428571,0.8571428571428571,3605.0987133016765,503977.3460501888,503977.3460501888,521,1.0,0.0,0.0,0.0,5.084361833633981,1.76912734634152,7.484206773411643,4.818444527465407,10.661760479021138,42.60992463084306,1591.974249987971,793.4755309430313,0.4984223400278157,977.4220867492285,0.03446462864121115,386.30244570208083,6,1,0,0,0.0,521,207.0,0.38630244570208083,411.4992550181996,280138.4899990925,740.2992086034801,500000.0,0.36977568138272776,0,0,0.0,12,E6,0.5,pooled_greedy
3.5044131607952282,6.170021211578159,6.487727797190263,14.020225488679142,9.429135123639753,12.256820815988977,,,,,3.498467986427331,4.811768232599206,1.721738620764495,1.9585423353670648,7.795019942278925,6.170021211578159,1.0,1.0,6216.486291594783,506496.9548278934,506496.9548278934,522,1.0,0.0,0.0,0.0,3.5556191016941767,1.76912734634152,4.972818365853527,3.5498771631186417,3.5044131607952282,15.413321986225407,1594.1186493296645,795.4947316999063,0.4990185216353978,976.0356392933912,0.033564375159451196,367.5299079959906,3,2,0,0,0.0,522,207.0,0.3675299079959906,409.41515626379044,275473.38770375197,752.7679230162225,500000.0,0.02486174478395986,0,0,0.0,13,E6,0.5,pooled_greedy
8.834005106516349,23.702795797464205,10.559947955339275,27.03890406580631,10.304265316074048,19.189752919259377,15.283878081782063,38.91466478409884,,,3.6467691305848033,4.972818365853618,3.037873651873253,5.04182826771048,11.581175797257417,23.702795797464205,0.9310344827586207,0.967741935483871,58929.484502104126,566652.9292862886,566652.9292862886,576,1.0,0.0,0.0,0.0,4.3477078920435694,1.7691273463416906,7.254137897798273,4.835305410962743,8.834005106516349,45.34527150501298,1946.3907634685604,964.3452381398483,0.49545304891466885,1231.4384617427322,0.03355298777533004,385.9135536142668,1,0,0,0,0.0,576,207.0,0.3859135536142668,365.9840139092217,217043.35536060462,955.5045498124322,500000.0,0.4201720367575206,0,0,0.0,14,E6,0.5,pooled_greedy
14.298939883869318,40.65149027365616,11.649312442192587,27.856809707904176,8.850751873871188,25.762171805936305,7.717685144091449,9.006345367876566,7.367158031942381,8.579656390244782,5.365342429006731,8.82659835085205,4.590496266714362,8.841990773591718,10.154298151468398,40.65149027365616,0.7428571428571429,0.9459459459459459,64862.71277757866,573615.9384122625,573615.9384122625,603,1.0,0.0,0.0,0.0,6.165554649438194,1.7691273463417474,13.319744947159434,5.788917856489651,14.298939883869318,66.9249079077583,2156.7823160005023,1045.1991630955267,0.4846104103049792,1413.05110026403,0.0410268288546965,469.4467413347533,4,1,0,0,0.0,603,207.0,0.4694467413347533,361.68703281780984,210307.50168221313,986.5052129944141,500000.0,0.4074078419952931,0,0,0.0,15,E6,0.5,pooled_greedy
14.065555453486214,55.34496230301592,21.16683424111935,51.03280447208272,50.2556990997961,78.16535615603789,,,,,4.552374929211914,5.800013806127667,2.959320575187197,3.9671929699394695,30.863122527344938,55.34496230301592,0.8421052631578947,0.7857142857142857,8440.199489225186,509188.49886297405,509188.49886297405,531,1.0,0.0,0.0,0.0,5.32971578661744,1.76912734634152,8.494304337401445,4.926111515878912,14.065555453486214,49.59617070131132,1626.2567146743288,807.7465334597326,0.4966906676978674,1004.4782446622158,0.03212771381051639,364.46667318927666,2,1,0,0,0.0,531,207.0,0.36446667318927667,407.24499303546213,275245.26529679523,753.3806855845077,500000.0,0.36165190503406786,0,0,0.0,16,E6,0.5,pooled_greedy
4.815547456503464,10.849712174867273,5.653003691383674,10.895993942838142,8.431701054805705,14.887153686369494,,,,,4.3746303217143385,5.778069032131645,3.6947489457414493,5.708519107476604,6.810794259476187,10.849712174867273,1.0,1.0,10188.61735102234,511539.3687118152,511539.3687118152,538,1.0,0.0,0.0,0.0,4.427360859147939,1.76912734634152,7.090725371324107,4.423227629021297,4.815547456503464,27.79203325304172,1666.2144379872288,823.869699313024,0.4944559838937962,1043.7180221045694,0.03835926988692861,432.4256234090396,6,2,0,0,0.0,538,207.0,0.43242562340903956,405.5062783257055,271013.47429172,765.3952489466554,500000.0,0.41069936514440464,0,0,0.0,17,E6,0.5,pooled_greedy
7.036583306725769,16.480493294593547,6.46509241551139,10.242985357401714,8.302786113465118,18.009342416211982,11.431523550916458,17.911073650037906,6.381964999726733,6.381964999726733,3.5188572748095948,4.972818365854323,4.875856199557347,6.670690225725227,8.315543779438368,16.480493294593547,0.9565217391304348,1.0,68261.72443658626,572191.6285267603,561368.4124093493,574,0.9810846304318052,10823.216117411037,0.01891536956819503,0.0,3.968772026852606,1.76912734634152,6.414234826693657,4.231418630142091,7.036583306725769,33.40579877220075,1921.3409200634205,949.7359331156254,0.4943089085326284,1203.1936795624383,0.03576916902587054,411.27640721168495,2,1,0,0,0.0,574,207.0,0.41127640721168496,369.47443394083876,224190.31974708175,925.157146130131,500000.0,0.3642081630541134,0,0,0.0,18,E6,0.5,pooled_greedy
12.879052660021522,45.9863472730438,6.316417909670073,10.032241772537057,16.61564377949209,49.652482499613896,,,,,4.374008906224746,4.972818365853527,4.632641014579398,6.977728198657407,9.951438804901372,45.9863472730438,0.7714285714285715,0.9130434782608695,37728.11627304937,538786.9281851918,526296.1270711955,582,0.9768168074231693,11490.801113996251,0.021327171304435642,1000.0,5.217531238621408,1.7691273463417474,7.552156400005946,5.208239783111054,12.879052660021522,54.520114742693494,2026.3421495443342,992.1264041597111,0.48961445350323074,1259.0871335559511,0.03822057836670502,445.7615863397461,3,1,0,0,0.0,582,207.0,0.44576158633974605,394.1616723283947,255240.4975482548,812.7462670657145,500000.0,0.3931832686289603,0,0,0.0,19,E6,0.5,pooled_greedy
4.663104471136502,6.37595327469726,4.726002353147078,7.622929298108443,7.879187004240703,13.083058863116548,6.99076641632746,6.99076641632746,4.820118274277888,4.820118274277888,3.5253622643384195,4.972818365853527,6.450817216073132,9.566325119343722,6.365155745751488,6.37595327469726,1.0,1.0,42968.20466135957,546796.3875473237,534781.0123534314,558,0.978025869468912,12015.37519389233,0.021974130531088105,0.0,3.735124728903033,1.76912734634152,5.534132195948928,3.6890588541877394,4.663104471136502,17.882203199357164,1774.2041244609266,878.5198741822948,0.4951627955713517,1093.3797695058813,0.03748163148996466,431.81548296228345,4,2,0,0,0.0,558,207.0,0.4318154829622835,387.8817884167373,249974.5415562207,829.811764796495,500000.0,0.334688971649795,0,0,0.0,20,E6,0.5,pooled_greedy
3.643387498865354,5.645095037064858,4.7154248539042785,7.158584195774802,3.757922279369268,5.150770424675466,4.820118274277775,4.820118274277775,,,4.375518068078138,5.038053019121268,2.993049207204169,4.411884665438084,4.489135887817213,5.645095037064858,1.0,1.0,17327.275816339392,522341.9832740221,522341.9832740221,537,1.0,0.0,0.0,0.0,4.326773396617787,1.76912734634152,5.686326551964572,4.4962079824409145,3.643387498865354,43.868961560428744,1673.4084684226443,822.1226452366249,0.49128629426117226,990.7614041930552,0.030294745498475845,331.7274632083105,1,1,0,0,0.0,537,207.0,0.3317274632083105,396.9271743459332,262167.33125087596,790.8373879917411,500000.0,0.0028352240612616875,0,0,0.0,21,E6,0.5,pooled_greedy
9.080372545422582,19.822697021830937,15.187203151604127,33.747106090481246,6.125253438128425,13.895725986724756,4.675293146604872,4.675293146604872,,,4.748876584558863,6.12527603871792,5.768602388186789,10.472874450525346,9.780235794449672,19.822697021830937,0.9166666666666666,1.0,19226.136203616657,520041.7500651535,520041.7500651535,533,1.0,0.0,0.0,0.0,4.976891207976696,1.76912734634152,7.413492093215474,4.7908541292579,9.080372545422582,41.327956623114176,1658.4815711144888,821.3778755709772,0.4952589705407559,1022.7928075403103,0.035351161353419154,390.42822426812256,4,2,0,0,0.0,533,207.0,0.39042822426812257,398.79572783970747,264847.10642091086,783.0571797702439,500000.0,0.3475560954506755,0,0,0.0,22,E6,0.5,pooled_greedy
4.411068831159391,9.336322133203161,7.746461234153332,20.08816310616149,12.861927970576465,23.115213563401625,10.913613253386359,12.932838271019966,,,4.115876796952467,4.972818365854437,6.563431469999035,14.829928106114949,9.728839558384278,9.336322133203161,1.0,0.9852941176470589,44840.47463850063,546785.5630729868,534074.9817859603,584,0.9767539925238847,12710.581287026522,0.023246007476115223,0.0,4.481372146583182,1.7691273463417474,7.7996884757727605,4.49155340302269,4.411068831159391,46.43332185163199,2027.7147664570984,988.9618801787075,0.48772238410368723,1219.0016409513814,0.03386276427149457,406.0470534122188,2,0,0,0,0.0,584,207.0,0.4060470534122188,388.346307403955,247191.68370153196,839.0494532325838,500000.0,0.3965929799595484,0,0,0.0,23,E6,0.5,pooled_greedy
26.88291909751463,49.14743992675248,28.37730688558122,53.1672386554942,31.9017946442401,68.5866581445791,40.20341285115728,43.22420867176597,,,4.199807002399333,4.811768232599206,3.573743482686597,5.241550745204041,32.068813669520026,49.14743992675248,0.47368421052631576,0.7647058823529411,34421.87232108315,535140.8176419535,523443.16914699145,543,0.9781409899799709,11697.648494961977,0.021859010020029008,0.0,5.7529923764998605,1.76912734634152,5.763797216982585,5.675620491513697,26.88291909751463,60.87098314809362,1706.6455850381797,839.9420353326341,0.4921596157375836,1026.077104807537,0.035938429368973256,393.5258015902572,4,2,0,0,0.0,543,207.0,0.39352580159025713,396.21020585589247,258070.1863132535,803.6322551022985,500000.0,0.0008782513369933742,0,0,0.0,24,E6,0.5,pooled_greedy
5.475486025594591,5.475486025594591,,,,,,,,,4.622685065952404,5.778069032130588,,,,5.475486025594591,1.0,1.0,209.99028817615883,500209.99028817617,500209.99028817617,501,1.0,0.0,0.0,0.0,4.62438726347664,1.76912734634152,5.778069032130588,4.6230430754339205,5.475486025594591,37.74185719688323,1462.7659375788137,730.8458012673111,0.49963277274354306,906.5591306611509,0.03221491886476255,352.7533615691499,5,1,0,0,0.0,501,207.0,0.3527533615691499,414.53141158198594,284107.9219588782,729.8379852694898,500000.0,0.07871516072752871,0,0,0.0,25,E6,0.5,pooled_greedy
8.312370341417466,12.008518130959601,6.091210442069193,11.072624311756044,9.576898421647781,21.920787655320602,,,,,3.9834030724180445,4.993140743660233,2.8101790942373555,4.564581550112235,7.968119354149971,12.008518130959601,1.0,1.0,8275.236379187336,508449.34756596206,508449.34756596206,528,1.0,0.0,0.0,0.0,4.162810374896806,1.76912734634152,6.427166657876844,4.066633103974217,8.312370341417466,29.05683848475247,1632.2781019470324,812.4458579752015,0.4977373996539503,1022.8505596617327,0.032973941820037225,361.06466292940763,6,0,0,0,0.0,528,207.0,0.3610646629294076,407.83032893168985,274096.13671444496,756.526768850301,500000.0,0.1255277129648278,0,0,0.0,26,E6,0.5,pooled_greedy
2.9292342451783875,4.789086651718531,7.9521713817824935,14.474673902559333,9.8622236988161,19.404249139269268,,,,,5.136538662627462,7.021393476929099,6.809911941737482,15.479279354835715,8.770765231939754,4.789086651718531,1.0,1.0,12370.949722949961,513597.1255335828,513597.1255335828,536,1.0,0.0,0.0,0.0,5.198784737924039,1.76912734634152,8.075808944076016,5.22413541003783,2.9292342451783875,50.69341464257363,1691.1273612105429,836.1815189031611,0.49445212589110116,1053.3692934036994,0.03571147628390594,415.13083956389096,5,1,0,0,0.0,536,207.0,0.41513083956389096,403.84791995102694,268264.427766413,773.1741870009217,500000.0,0.44017857446157205,0,0,0.0,27,E6,0.5,pooled_greedy
9.696128056569798,24.613081823423272,8.981809451443258,16.53484836891775,9.746813967180406,18.409998228040052,9.338548294393362,12.128158862656866,7.903489301740194,7.903489301740194,4.333482523136574,4.972818365853527,8.487953874176895,22.579164891077358,9.313278500213451,24.613081823423272,0.8333333333333334,1.0,26590.43369586375,528937.8456762048,528937.8456762048,537,1.0,0.0,0.0,0.0,4.67023160995474,1.76912734634152,6.127816035988606,4.642359184787286,9.696128056569798,41.569589122366956,1713.9741967148484,853.7461102254163,0.4981090799743544,1097.7005831370486,0.03356279171742033,367.51256930575266,3,1,0,0,0.0,537,207.0,0.36751256930575266,392.0451415311433,251752.56156185936,823.6957403047217,500000.0,0.07949961966324537,0,0,0.0,28,E6,0.5,pooled_greedy
4.9774819987510455,13.17916337406723,6.543047794288836,15.058537321307085,10.48405047346232,29.57063703361708,30.27573034419072,34.89598033120137,18.152432493186154,32.00589464580776,5.3296358459866635,6.113527763833831,7.214828234415925,16.744511403895444,9.996841793244446,13.17916337406723,1.0,1.0,77164.28456252046,584688.0408818187,584688.0408818187,599,1.0,0.0,0.0,0.0,5.821810316649918,1.7691273463419748,14.165019082816801,7.020212375561074,4.9774819987510455,93.88186630617005,2120.662898649844,1040.054041546845,0.49043817487871977,1347.3944868724184,0.04192739463442028,475.6157594102395,3,2,0,0,0.0,599,207.0,0.4756157594102395,354.84839992023484,210876.34945717175,983.8733281066582,500000.0,0.3697535395687466,0,0,0.0,29,E6,0.5,pooled_greedy
3.7862590356434906,7.078984201044112,4.210346232712622,6.980149926614331,4.623116964558875,8.342931268982966,,,,,23.280177693699844,28.972819365853866,4.808212006011093,9.881082925987812,4.340694884874597,7.078984201044112,1.0,1.0,13968.57625752051,515078.73700219905,515078.73700219905,554,1.0,0.0,0.0,0.0,21.41935487109044,25.704708293036674,28.81176923259868,22.72106043308333,3.7862590356434906,430.2104993298057,1773.0969648966052,883.3939937805742,0.4982209158719572,1018.9914966061224,0.030612277369581695,346.6920668894743,3,0,0,15,102.4925070669722,533,207.0,0.3466920668894743,402.55339071782385,267401.8784031772,775.4122495514446,500000.0,0.3718093098244661,0,6,18.89355428603274,0,E6,0.5,marketplace
2.69357597190802,4.794573360051163,3.734162022310405,4.266639299773487,4.485031000161916,5.739475942319951,18.28598840979036,34.130432668244794,,,23.443813141372395,29.370116326613555,5.372337829017559,9.828437190705156,7.120578026003078,4.794573360051163,1.0,1.0,22776.714596747763,525519.2910413912,524519.2910413912,535,0.9980971202826477,0.0,0.0,1000.0,22.198431503346935,25.704708293039744,28.972819365854775,22.797179839792474,2.69357597190802,433.3373804235936,1667.2805254225586,841.6964121413192,0.5048319099918702,975.2541959199956,0.030938283249478827,343.11014219584445,4,0,1,20,0.0,508,207.0,0.34311014219584446,395.301209476076,255400.82060738342,811.8341579682526,500000.0,0.4006019748283934,0,8,25.191405714710314,1,E6,0.5,marketplace
8.757287176071971,19.611214170589577,8.019727291410106,15.744949845917564,7.462305205366647,13.33280851601512,5.038185534366903,5.3284994445765275,,,22.72026052982588,28.811769232597726,7.66659754761775,6.10432563082486,7.438001289513409,19.611214170589577,0.9545454545454546,1.0,29310.196036041838,532277.3226155266,516873.34282247716,548,0.9710602365748803,14403.979793049497,0.02706104352195697,1000.0,21.411333788161873,25.704708293036674,28.597303449376437,22.157097885908875,8.757287176071971,419.7811923390212,1703.0698464273746,849.1049925050984,0.4985732054890841,963.378941774815,0.031695705934733594,371.69629914224356,4,0,1,19,0.0,520,207.0,0.37169629914224356,401.20408447987063,263928.0245160967,785.7130620340581,500000.0,0.39430791045877145,0,9,23.665905056512525,2,E6,0.5,marketplace
3.957891917993908,7.872888985531611,4.63092796528935,7.798879604504146,23.57837344690365,97.75253311963552,97.16406731692678,97.16406731692678,104.31630481978937,104.31630481978937,23.954658960024467,28.972819365853866,4.273351664797279,5.847768676378475,16.381244388946868,7.872888985531611,1.0,0.9361702127659575,28096.063942230638,531327.860284328,530327.860284328,561,0.998117922897051,0.0,0.0,1000.0,22.46292233266978,25.704708293039857,28.823723481243178,25.3446449987299,3.957891917993908,501.51274251609317,1838.3538614980794,911.7650107444149,0.4959681755728003,1036.3635261731831,0.030738111872132844,368.5265426755585,2,0,0,17,0.0,542,207.0,0.3685265426755585,391.01948449681254,249509.19832841834,831.1057385135965,500000.0,0.3674492406596184,0,3,8.933453258447669,3,E6,0.5,marketplace
4.668992355148021,11.647535030362633,6.97572876476147,12.989987216790086,3.357746419191042,5.223635825918791,,,5.568236642330021,5.568236642330021,24.038684583193017,29.255463601999068,2.5790821868833405,4.14734048598084,5.060326346518302,11.647535030362633,1.0,1.0,32491.15341102122,534209.4492904893,521325.49254426855,548,0.9758821998312972,0.0,0.0,12883.956746220842,22.310085629133052,25.704708293036674,28.972819365853866,23.233056824106125,4.668992355148021,4064.613892536515,1709.0104325300667,854.9716453150099,0.5002729234655906,972.3978536033146,0.030161654747191236,336.3973654362119,4,0,0,22,0.0,522,207.0,0.33639736543621185,397.7100685285022,261389.66700967686,793.2080856040894,500000.0,0.37492341384362166,0,10,28.354802424557416,4,E6,0.5,marketplace
8.26371214363081,15.698798829788979,8.31321089519035,13.302550615359042,14.666603608669003,45.209913857060464,29.27081749286678,54.04262756152548,,,23.453043182877938,28.972819365854413,7.989830839734466,26.458352234055496,14.622529785885186,15.698798829788979,0.9259259259259259,0.9122807017543859,43452.69323580841,547328.4080016714,546328.4080016714,572,0.998172943363837,0.0,0.0,1000.0,21.84038804745879,25.704708293039516,28.972819365854775,23.424562960859003,8.26371214363081,467.26952466720235,1855.17321373015,918.1947744942329,0.4949374903101591,1073.134267852465,0.03352796280275443,393.4898747873198,5,0,0,20,0.0,546,207.0,0.3934898747873198,379.6132268380099,234027.6961601504,886.1920758851692,500000.0,0.38505479191068126,0,8,18.766510338509438,5,E6,0.5,marketplace
8.91383288793744,30.982697219313515,6.811434307233587,7.023096618224919,17.10647793176187,38.01271196877484,45.975133762011126,52.77598975729959,,,24.32683578324505,29.842568294697802,8.628733591581714,8.013344531650276,16.34143860685059,30.982697219313515,0.8214285714285714,0.9423076923076923,31608.77227884693,533346.8920584851,533346.8920584851,565,1.0,0.0,0.0,0.0,22.86260756768097,25.704708293039857,30.412936597292543,24.67561014412961,8.91383288793744,477.57966852968957,1805.3534392809931,913.9209501300678,0.506228271010495,1044.1087366900813,0.03342306492739584,378.042488112045,5,0,0,25,0.0,528,207.0,0.37804248811204505,388.8239447458365,248007.162569009,836.177634306865,500000.0,0.4299873173809166,0,9,30.398603662715843,6,E6,0.5,marketplace
5.571650465565953,11.289874444524283,17.288827451943504,56.2203190180493,5.194561530632531,7.8622046433488935,6.063349301183067,6.718543137484451,13.998753451117409,13.998753451117409,24.243283003046198,30.9092969583904,3.751142443975084,5.511136399749289,11.818021218888518,11.289874444524283,0.9459459459459459,0.9508196721311475,40773.60461111535,544565.4292464787,543565.4292464787,581,0.9981636733690867,0.0,0.0,1000.0,21.81790601950075,25.704708293037584,28.97281936585432,22.893873586703595,5.571650465565953,451.8816676300294,1903.8100442825933,953.4067051478207,0.5007887777517688,1078.5134671969681,0.03226359054339156,363.3207064535912,2,0,1,18,99.38937189467718,552,207.0,0.36332070645359116,381.48732341921084,238670.509207085,868.8267410806611,500000.0,0.3843000436586152,0,9,28.391394867775727,7,E6,0.5,marketplace
4.947438486020219,11.77661988216587,9.66255524498473,19.75223737838464,4.664646555475387,5.875014646309865,5.016140661867894,5.018809284742156,,,24.472857079637848,29.778070032130927,3.4169552283996345,4.813738966824485,6.433614282817116,11.77661988216587,1.0,1.0,38363.5914215517,540361.5398106,526845.8481339898,560,0.9749876875372228,13515.69167661024,0.02501231246277737,0.0,22.409091237883963,25.70470829303963,28.972819365853912,23.50482844057811,4.947438486020219,439.7262396096587,1756.7860151427835,884.3014325032766,0.5033632012555637,1021.7104936512025,0.03615104546137153,401.2336752507806,6,1,0,20,0.0,531,207.0,0.4012336752507806,393.6658785673937,254212.07940877177,815.8590817462714,500000.0,0.39774346148613676,0,13,34.20831237559288,8,E6,0.5,marketplace
10.824971644958907,31.645205904626707,7.017163090701246,17.35252593762759,8.239084871305725,15.189282075539388,39.384190729519105,39.384190729519105,42.75174813885178,54.0041924623777,23.536348069318116,28.972819365853866,8.155071902605782,17.122775040527586,8.281386804415163,31.645205904626707,0.868421052631579,1.0,47374.080402398526,549736.351411949,548736.351411949,603,0.9981809461982428,0.0,0.0,1000.0,21.175532749453488,25.382608026528942,28.952903026524524,23.424259242239266,10.824971644958907,467.80775426797703,2036.2746798213634,1004.813829540469,0.493456918900852,1213.635586703839,0.037843971648303006,444.9258093216997,6,0,2,24,0.0,569,207.0,0.44492580932169973,378.04115815463445,234217.68748820276,885.6928271899637,500000.0,0.40777691282571693,0,13,35.34358133604407,9,E6,0.5,marketplace
2.356585476172378,2.5779653823437,6.361938914228915,10.699418594750156,11.567380564599688,31.337095466399816,,,,,22.777358796979737,28.811769232597886,2.9293441266343736,3.7414806466814725,8.964659739414301,2.5779653823437,1.0,0.9666666666666667,13819.243346008723,516514.44304295897,516514.44304295897,540,1.0,0.0,0.0,0.0,21.471110356024546,25.704708293039516,28.811769232597726,22.361764621704154,2.356585476172378,424.96082135148106,1684.8815357454237,846.5269833670765,0.502425224211717,932.5973650535008,0.028132347570050415,309.95831120684517,1,0,1,18,0.0,518,207.0,0.30995831120684514,401.36333282352126,263975.84035505744,785.3368627688319,500000.0,0.3644482806346481,0,11,31.63447754406671,10,E6,0.5,marketplace
8.4652715478775,26.49386770811725,7.499256808859627,15.138099924267411,4.640932794442756,6.653649156610389,,,7.552558473439603,7.552558473439603,23.611748705995176,28.982996631449762,3.268000005532128,5.001558342894714,5.457596798561862,26.49386770811725,0.8571428571428571,1.0,26006.043708159235,531772.2574830158,531772.2574830158,543,1.0,0.0,0.0,0.0,22.266077291335257,25.7047082930396,28.972819365854228,22.645587729623024,8.4652715478775,434.3555930827206,1661.0857692285422,833.9958427762081,0.5020787356233511,959.5023241997271,0.030042562610682187,336.59183100345825,3,0,0,19,0.0,513,207.0,0.33659183100345824,389.8973459284411,248360.43044958098,834.8213580387329,500000.0,0.38699025940442217,0,8,26.196126085752383,11,E6,0.5,marketplace
12.49146417569617,31.15921306979164,18.97162511510362,43.3964710902402,4.995980005050114,4.995980005050114,,,,,24.407424728838915,31.51672494755478,5.739965634087704,11.845244543816627,16.975104385095978,31.15921306979164,0.8571428571428571,0.8571428571428571,3605.0987133016765,503977.3460501888,503977.3460501888,521,1.0,0.0,0.0,0.0,23.89665662914322,25.704708293039857,31.507061939559435,24.27690728857722,12.49146417569617,445.2132048230145,1491.9643746680913,739.1140181436076,0.4953965595244418,855.4922079841413,0.030082473269641443,338.88491282105457,5,0,0,23,0.0,491,207.0,0.3388849128210546,411.4051683826541,280074.4381504211,740.2992086034801,500000.0,0.40056610775431095,0,2,5.908785513585686,12,E6,0.5,marketplace
6.6368533827000125,17.567391516188263,8.032429356873322,16.335402985382068,10.557357120806387,16.009417799719678,,,,,22.991601696019615,28.972819365853866,2.094570514343445,3.2217360023872974,9.154619474176906,17.567391516188263,0.875,1.0,6216.486291594783,506496.9548278934,506496.9548278934,522,1.0,0.0,0.0,0.0,22.30222241936919,25.70470829303963,28.972819365853866,22.804252142185423,6.6368533827000125,427.33690060791747,1550.3538625724755,779.5623971765622,0.5028286870476445,904.9412775642177,0.02772839060683035,309.4209293496323,3,0,0,16,0.0,503,207.0,0.3094209293496323,409.3004290614006,275396.19395403226,752.7679230162225,500000.0,0.36897829817236927,0,5,13.264047713570447,13,E6,0.5,marketplace
10.481541987935802,23.47460106112303,12.259176438273597,30.0957097036267,9.168767904265774,17.956156914469602,7.543772749406401,11.685115104025293,,,22.771446110681254,28.972819365853866,3.2015432079021076,5.588284318816115,9.617668375998969,23.47460106112303,0.896551724137931,0.9516129032258065,58929.484502104126,566652.9292862886,566652.9292862886,576,1.0,0.0,0.0,0.0,20.923424365120418,25.382608026528942,28.972819365853866,21.098419261834138,10.481541987935802,432.5842276815411,1868.9676841169116,929.7594375593535,0.49747218502532076,1111.7364312836503,0.031151367440406415,375.6449277098193,0,0,0,24,0.0,550,207.0,0.3756449277098193,365.9658923653741,217032.60855054867,955.5045498124322,500000.0,0.3839591648828507,0,7,20.502508346665426,14,E6,0.5,marketplace
12.061807387376893,38.95879406211971,14.461444056324755,38.58580795022226,8.077698314383724,13.332251600598283,11.652792239585844,22.417242032247128,10.070293117166102,13.44529954364748,24.534304697349775,29.26614299313951,5.8960675146963615,10.469707254874907,12.156783392772864,38.95879406211971,0.8285714285714286,0.972972972972973,64862.71277757866,573615.9384122625,573615.9384122626,603,1.0000000000000002,0.0,0.0,0.0,22.12730442567555,25.471610134495165,29.285749923405096,22.640006266787186,12.061807387376893,460.6925355539767,2056.964237764634,1016.2574361582293,0.4940569298679822,1257.2255710976685,0.03973810244688766,488.8746242270355,6,0,2,26,0.0,560,207.0,0.4888746242270355,361.72090196542456,210327.19532664234,986.5052129944141,500000.0,0.4092369065235375,0,10,28.657829774929304,15,E6,0.5,marketplace
5.23020166046431,14.479178295617384,8.340096271933584,16.372169285750715,34.01967026822209,65.23908835396979,,,,,23.920779044789708,28.972819365853912,2.3288901623570837,2.685840697523781,16.899954270696423,14.479178295617384,1.0,0.9642857142857143,8440.199489225186,509188.49886297405,509188.49886297405,531,1.0,0.0,0.0,0.0,23.011016220088536,25.70470829303963,28.972819365853866,23.656083224916202,5.23020166046431,446.450260268521,1566.4548936432832,784.2487531832411,0.5006519858093227,909.4776950800564,0.02752227474082612,302.35043843965167,1,0,1,17,0.0,504,207.0,0.3023504384396517,407.12300238781717,275162.815300481,753.3806855845077,500000.0,0.3900381555450185,0,5,15.62037060221714,16,E6,0.5,marketplace
6.667451183989518,11.828771546745337,5.819176802002362,11.28343448448541,6.614774413200246,9.79462098414224,,,,,23.484607927469725,28.81176923259786,3.8102430598931547,4.841800004591278,6.150675806668147,11.828771546745337,0.9333333333333333,1.0,10188.61735102234,511539.3687118152,511539.3687118152,538,1.0,0.0,0.0,0.0,22.226833670694326,25.70470829303963,28.811769232597726,23.088426280317893,6.667451183989518,437.1185658857598,1633.628714615388,812.2340310218605,0.4971962256509969,942.6415855897768,0.03029342182418111,348.8558147498243,4,0,0,13,0.0,522,207.0,0.3488558147498243,405.34290906466566,270904.2891239596,765.3952489466554,500000.0,0.3946088431396248,0,6,16.699708771619658,17,E6,0.5,marketplace
6.197281463414069,12.899712286961044,6.025657091460562,9.030946414133627,8.123797453825864,13.618360041134654,12.539851812650795,25.771779160236747,8.739477857217935,10.625488143210896,23.263913095523133,28.972819365853866,6.180377022878792,11.143648576639952,8.301698180577366,12.899712286961044,0.9565217391304348,1.0,68261.72443658626,577118.2182746406,576118.2182746406,575,0.9982672527597732,0.0,0.0,1000.0,21.129859561903437,25.382608026528942,28.811769232599044,21.521175665164638,6.197281463414069,445.8122019331691,1848.1210653736393,907.007214154903,0.49077261828165514,1082.0974605276438,0.03234402826160956,385.03863482119607,2,0,5,26,0.0,545,207.0,0.3850386348211961,359.9695896718873,214720.9904782355,965.83495713635,500000.0,0.36023558067940237,0,3,7.517739574218373,18,E6,0.5,marketplace
10.625585998876184,35.80854814767081,6.501766689505246,15.084302608348855,11.349927589714468,36.277323093640014,,,114.13478743119595,114.13478743119595,24.184848474010632,29.778070032131676,3.15596785928854,5.026499048924963,8.212882301343795,35.80854814767081,0.8,0.9855072463768116,37728.11627304937,538786.9281851918,536786.9281851918,582,0.9962879574552103,0.0,0.0,2000.0,22.08506251842764,25.382608026528942,29.833391625078455,25.478986317908543,10.625585998876184,496.2621106594808,1956.1230206955768,977.5743064121732,0.499750933898093,1114.0074123130844,0.03550124755314621,405.98208742455716,2,1,2,19,0.0,547,207.0,0.4059820874245572,386.3841893256189,243348.39002432904,852.3006133991225,500000.0,0.36441476824470315,0,14,40.49473627176419,19,E6,0.5,marketplace
4.3594124356150745,8.155519356463358,5.22264304630346,7.622929298108443,7.064465959714471,12.077693966070639,6.99076641632746,6.99076641632746,4.820118274277888,4.820118274277888,23.13676236747394,28.811769232599136,3.4644859496629454,5.0929978101744835,6.220573767856101,8.155519356463358,1.0,1.0,42968.20466135957,546796.3875473237,534781.0123534314,558,0.978025869468912,0.0,0.0,12015.37519389233,21.193641413528347,25.704708293039516,28.811769232597726,21.984937998843805,4.3594124356150745,3345.8302770374485,1729.3434017417483,860.464955927824,0.4975674322758492,1003.6631120726483,0.031131625982720755,366.94121922643444,4,0,1,16,0.0,538,207.0,0.3669412192264344,387.76047845576784,249896.36206240288,829.8117647964951,500000.0,0.3793085727907363,0,3,6.739607744034586,20,E6,0.5,marketplace
4.885001094278806,7.447094120333361,4.623092431494297,6.810948074614771,3.417988878413553,4.283153758665276,4.820118274277775,4.820118274277775,,,23.428617170909835,28.972819365853866,2.714783596032703,4.039178490475751,4.3464447735720455,7.447094120333361,0.95,1.0,17327.275816339392,522341.9832740221,522341.98327402206,537,0.9999999999999999,0.0,0.0,0.0,22.106542305201796,25.70470829303963,28.972819365853866,22.740086731408397,4.885001094278806,440.1239718348206,1665.9259205485585,835.1520361147265,0.5013140295216286,941.5362436947993,0.027369496513215113,303.30048746776805,1,0,0,13,0.0,518,207.0,0.30330048746776805,396.87275219215127,262131.3858388707,790.8373879917411,500000.0,0.3635983545104824,0,7,17.460583628248642,21,E6,0.5,marketplace
8.01409401863782,17.84083304701735,12.072569999125653,25.09086171117906,5.430507849660178,12.318012202655154,4.675293146604872,4.675293146604872,,,23.49458212358054,28.972819365853866,4.830357024570832,8.071173344739329,8.13509918668285,17.84083304701735,0.9166666666666666,1.0,19226.136203616657,520041.7500651535,519041.7500651535,532,0.998077077465656,0.0,0.0,1000.0,22.483195510059538,25.704708293039516,28.966882286614148,22.791372920052027,8.01409401863782,429.16499384320184,1551.3608465187558,767.8395307026168,0.49494579705659325,906.7079056408439,0.03006216140514897,338.8290813727733,5,0,0,19,66.95580926203557,499,207.0,0.33882908137277334,399.4646462550387,265062.97943238204,782.2247736193776,500000.0,0.3595834001153131,0,4,10.79092325803397,22,E6,0.5,marketplace
3.926359922944642,9.323876017703153,5.874052817149777,9.904243456221373,13.172772186593411,25.7033052353565,6.077203588423558,7.614757111263631,,,23.1522274104352,28.83863306970425,6.130647209649215,13.410557172069048,8.404862997735428,9.323876017703153,1.0,0.9852941176470589,44840.47463850063,546785.5630729868,534074.9817859603,584,0.9767539925238847,0.0,0.0,12710.581287026522,20.669645761132116,25.599796323384453,28.274702995526336,22.224259011445294,3.926359922944642,4958.192916573586,1981.8575845393254,987.5196229690144,0.4982798111593671,1121.2343351480686,0.03201548775968394,371.24167447227,2,0,0,20,0.0,556,207.0,0.37124167447227,388.28113794249936,247150.2017855307,839.0494532325838,500000.0,0.3759379272068166,0,10,29.286272033159168,23,E6,0.5,marketplace
20.643288500990923,47.074793975173264,37.68833406995964,53.606710173294054,27.700980885655603,60.116005222782405,98.56885802409715,125.78132683914092,,,23.226332209872346,28.972819365853866,2.8644466370871364,4.747330892106766,39.81332535326222,47.074793975173264,0.631578947368421,0.7058823529411765,34421.87232108315,535140.8176419535,523443.16914699145,543,0.9781409899799709,0.0,0.0,11697.648494961977,23.25666387935123,25.704708293039857,31.21119266261012,24.630495991173248,20.643288500990923,1657.9077744306092,1642.8592202805344,824.4601458430668,0.5018446715734305,937.5792760779353,0.030589397291058203,337.70457773057166,4,0,1,21,0.0,509,207.0,0.33770457773057166,396.1035634787446,258000.72515921787,803.6322551022985,500000.0,0.3824770348578683,0,11,36.65975042693839,24,E6,0.5,marketplace
4.225080002755249,4.225080002755249,,,,,,,,,23.974857525726364,28.972819365853912,,,,4.225080002755249,1.0,1.0,209.99028817615883,500209.99028817617,500209.99028817617,501,1.0,0.0,0.0,0.0,23.935436812107657,25.704708293039857,28.972819365853866,23.966566484855562,4.225080002755249,436.25519866406967,1404.898751587596,704.5478101014727,0.5014936551871111,796.6164006210712,0.02877823347522382,314.7205305493203,6,0,0,17,0.0,480,207.0,0.31472053054932025,414.45537785263576,284055.8106248734,729.8379852694898,500000.0,0.11265893911958957,0,2,6.686917343769473,25,E6,0.5,marketplace
11.057514291786198,19.12529490814086,6.968348003388049,14.855271832957442,17.020923991786407,40.198538062068124,,,,,23.226502537892816,28.811769232598,2.7296540276097403,4.564581550112235,12.38127353560255,19.12529490814086,0.9090909090909091,0.9583333333333334,8275.236379187336,508449.34756596206,507449.34756596206,527,0.9980332357494661,0.0,0.0,1000.0,22.549397714784508,25.70470829303963,28.811769232597726,23.027793666608513,11.057514291786198,426.03277845026895,1533.3636184132529,767.408445097061,0.5004738836122814,891.7922940122407,0.030607006373449527,334.5390453694674,5,0,0,21,0.0,501,207.0,0.3345390453694673,408.581743261417,274362.95581820223,755.6943626994347,500000.0,0.15284994245330075,0,3,10.349166942676964,26,E6,0.5,marketplace
4.832537703388723,4.957678387736109,7.827042508415291,14.733484227699545,5.028229875277627,8.544796331136695,,,,,23.8130911042527,29.389139190420657,11.156734686941803,32.95477168865889,6.627551379927721,4.957678387736109,0.9285714285714286,1.0,12370.949722949961,513597.1255335828,512597.1255335828,535,0.9980529486044901,0.0,0.0,1000.0,22.677434739596375,25.7047082930396,28.97281936585432,23.316894689854973,4.832537703388723,435.42909175513097,1667.5322843439324,834.7196463250823,0.5005718055128937,944.2161416694892,0.03172744805659996,373.67877637619654,5,0,2,18,33.50503363981419,511,207.0,0.3736787763761965,404.55489983583635,268499.88427161926,772.3417808500554,500000.0,0.40778231666577947,0,9,27.827007544480402,27,E6,0.5,marketplace
7.082320914307512,14.205008302981698,8.329538282996115,14.906391672124752,9.674210134744555,20.048437085188425,8.001431536369779,9.721348698214417,7.903489301740194,7.903489301740194,24.067876968412964,28.835618071680617,9.268846655160331,24.739925278403337,8.792776884073488,14.205008302981698,0.9166666666666666,1.0,26590.43369586375,528937.8456762048,527937.8456762048,536,0.9981094186998066,0.0,0.0,1000.0,22.980591699436484,25.70470829303963,28.811769232597726,23.279551847118217,7.082320914307512,445.12520765115147,1648.5975883938454,820.63994214525,0.49778062756039976,979.5823854967433,0.03246066171751369,369.72745007039475,3,1,1,17,0.0,512,207.0,0.3697274500703947,392.79193402864047,252009.92539460672,822.8633341538552,500000.0,0.3720577355104626,0,3,8.544387343355776,28,E6,0.5,marketplace
4.179570310445576,7.492422852060827,6.306174992775552,13.661027665117217,8.86931460782647,29.36453489914475,37.9259812977588,46.63282748953626,11.17502282044014,18.546667592978974,24.219316914411742,29.414714984866812,5.8269798309575656,8.271885424409223,9.563982694362464,7.492422852060827,1.0,1.0,77164.28456252046,584688.0408818187,584688.0408818187,599,1.0,0.0,0.0,0.0,21.43425221928087,25.64067060701109,28.97281936585432,22.960965064062957,4.179570310445576,479.77561019353953,2034.298969285833,1012.2419453263763,0.4975876017288338,1190.6865736281327,0.0340602808464488,382.58915237547495,2,0,1,24,0.0,564,207.0,0.382589152375475,354.68929523443614,210781.79805062656,983.8733281066583,500000.0,0.3902122175727416,0,9,31.6850826820764,29,E6,0.5,marketplace
7.830637337492188,22.317420833153655,6.175023626454045,12.4099406599059,12.525818743816084,22.95350433250154,,,,,11.939203398753236,49.388548504888064,5.566026772875571,11.512054505244032,7.445182649926452,22.317420833153655,0.9090909090909091,1.0,13968.57625752051,514699.86389583437,510943.15392827604,546,0.9927011638605784,0.0,0.0,3756.7099675582613,11.545142310450958,1.76912734634152,46.10883294815676,11.878257572576603,7.830637337492188,638.4576536110762,1768.1282076493665,880.4551590875778,0.49795888967695207,932.303217481007,0.024035163204806524,263.18503709263143,2,0,0,0,0.0,546,207.0,0.26318503709263147,405.64822807311225,271773.7333909793,762.6314083080264,500000.0,0.3534709797884792,0,0,0.0,0,E6,0.75,inhouse
4.9929375284101605,6.756296654354038,5.886919990424673,9.325599946644616,5.3235144675525135,5.769971101649117,23.334560273883653,35.14709822525456,,,12.040832909028909,43.467185228605665,2.924044351710381,4.510293762217043,8.905562172088445,6.756296654354038,0.9285714285714286,1.0,22776.714596747763,523156.8520526396,516237.90470122895,530,0.9867746215608881,0.0,0.0,6918.947351410646,11.703582991629665,1.76912734634152,42.016665556216,12.052398757164575,4.9929375284101605,1559.7301749609444,1653.845159614643,818.6033334678173,0.4949697550032781,830.3592017629293,0.027585401758123844,315.99604390358945,2,2,0,0,0.0,530,207.0,0.3159960439035895,401.59003078994573,265254.0523618292,781.5752264591488,500000.0,0.6190632844190093,0,0,0.0,1,E6,0.75,inhouse
20.500734259865656,59.96958261660015,19.1501271863591,41.24890363072443,26.835124746422782,70.04239379936553,,,,,14.441083934137326,57.37969963527662,10.861987154125423,24.917915330981128,22.443697569243536,59.96958261660015,0.7777777777777778,0.90625,29310.196036041838,530823.5007108371,511038.4989460476,541,0.9627277207239413,14403.979793049497,0.02713515843545137,5381.02197173988,14.790249231243592,1.76912734634152,53.99486994909557,14.713722605207161,20.500734259865656,1796.849801412796,1733.8575009702733,849.026332910103,0.48967480455284507,910.2332162400136,0.029213415043393556,344.13304194883233,2,2,0,0,0.0,541,207.0,0.3441330419488323,405.7309448692612,271086.3075226683,764.8639097148448,500000.0,0.573564604135405,0,0,0.0,2,E6,0.75,inhouse
10.193281979218284,39.00080227419504,15.209544438582716,43.03509571940486,22.94964627237232,65.06737941689245,,,109.33746947983764,109.33746947983764,13.091921254997585,49.58574472811406,9.556547234412356,10.603300610249885,17.91858008040908,39.00080227419504,0.8181818181818182,0.9523809523809523,28096.063942230638,530369.5763930491,521856.1100142247,556,0.9839480491382575,0.0,0.0,8513.466378824305,13.241289597440602,1.76912734634152,49.0197817726571,14.53853515357623,10.193281979218284,1457.4628141906478,1861.373788678157,913.4987148760761,0.4907658635962589,950.3831190491919,0.029934459833803006,359.1205800913568,2,2,0,0,0.0,556,207.0,0.35912058009135683,397.34922443360716,259859.95795949057,797.9648815783171,500000.0,0.5838922573957693,0,0,0.0,3,E6,0.75,inhouse
6.8071698003574035,15.67174271245842,15.262086029263855,34.75302898072114,11.64870778527828,29.79594682229118,,,6.1163852357155974,6.1163852357155974,12.801484611398774,46.729491531395254,2.7676923460626504,4.0570899555555116,13.575842848737254,15.67174271245842,0.8888888888888888,1.0,32491.15341102122,534209.4492904893,519247.6457357165,546,0.971992626535071,12883.956746220842,0.02411780016870289,2077.8468085520485,12.392376736676459,1.76912734634152,41.047165391330395,12.611730514635164,6.8071698003574035,568.7170218832971,1748.7091729645076,862.719449526663,0.4933464425443218,873.5765312556159,0.026405878334161373,294.9581993344911,3,1,0,0,0.0,546,207.0,0.2949581993344911,399.2217584455688,263462.3636487446,786.8105156594813,500000.0,0.6037097008269782,0,0,0.0,4,E6,0.75,inhouse
16.301262638759656,45.62881965701115,22.22987942602891,78.67941339191881,37.979172536646594,78.80141194968245,26.46086884564902,52.24531948134209,,,13.359219562333342,56.21153710540514,9.72215522790939,15.085188549654049,28.39015108824537,45.62881965701115,0.8461538461538461,0.7818181818181819,43452.69323580841,547328.4080016714,541284.5141829726,571,0.9889574636902816,0.0,0.0,6043.893818698931,14.15466107702292,1.76912734634152,58.18487256172568,14.334949120338033,16.301262638759656,612.3829141636498,1894.9057726592932,922.1975718942999,0.48667199456577537,995.5816117793979,0.026132762326612442,305.40787216120805,2,0,0,0,0.0,571,207.0,0.30540787216120807,382.9878787222886,239232.1508755539,866.5449318306692,500000.0,0.5457749888882829,0,0,0.0,5,E6,0.75,inhouse
10.223298543186889,31.056911562259074,13.083240725785325,41.40207224985495,11.337231920272586,22.412714633654836,30.946385150577726,30.946385150577726,,,12.648438308661166,46.24246971400204,10.681852610510214,25.51673525426425,13.723188325946587,31.056911562259074,0.7692307692307693,1.0,31608.77227884693,532648.7081607956,517058.8277269656,553,0.9707314029021848,0.0,0.0,15589.880433830012,12.531894473959559,1.76912734634152,42.64255480650054,12.787213472010071,10.223298543186889,4578.926158718964,1781.2080199916486,870.9396119974796,0.48896007778000183,878.4752204550512,0.02744045301904109,326.9445623365267,3,1,0,0,0.0,553,207.0,0.3269445623365267,400.97360966403636,265271.39532290597,781.5654013881308,500000.0,0.5793504919226833,0,0,0.0,6,E6,0.75,inhouse
9.191872970131982,21.779822471777535,22.036920854150814,81.60470387420924,2.166900359020133,2.4330776664560574,,,,,11.760494822010177,45.26666600318999,18.774102089564682,52.37733120477816,15.76217753989902,21.779822471777535,0.8918918918918919,0.9285714285714286,40773.60461111535,543849.2288690333,519299.493545086,574,0.9548592991940066,11470.75105855638,0.02109178509347248,13078.984265390869,11.94732042120247,1.76912734634152,45.19674575592547,11.627416141124522,9.191872970131982,4814.468315577745,1902.0590607206632,931.0563201837844,0.48949916404331856,927.5235792016691,0.026920734062871522,342.4195562101677,0,1,0,0,0.0,574,207.0,0.34241955621016773,399.27329437730043,263488.329115872,786.9131063677169,500000.0,0.5951626024907747,0,0,0.0,7,E6,0.75,inhouse
13.27617898428086,45.77641146110397,18.22105293779045,49.86174898293285,4.406181162175395,5.890981185440564,,,,,12.329047845861995,46.5836815522359,9.13292785711126,28.832973573530175,10.094657775663947,45.77641146110397,0.8636363636363636,0.8974358974358975,38363.5914215517,540361.5398106,516029.17716247373,551,0.9549702174276599,13515.69167661024,0.02501231246277737,10816.67097151604,12.228319740574953,1.76912734634152,44.77828997103734,12.169789098105593,13.27617898428086,3423.4391444553885,1754.6987614745974,866.4908233999975,0.49381172565017595,858.6994818842772,0.024507850878180304,287.61026294727196,3,0,0,0,0.0,551,207.0,0.287610262947272,401.69746099004396,265372.7127098116,781.1187825088065,500000.0,0.5823361921279314,0,0,0.0,8,E6,0.75,inhouse
31.448337310990837,82.26790922143738,16.7346342117558,37.1142781096661,25.78874322868279,52.24128436304818,32.178859031288084,32.178859031288084,,,12.237382449980966,42.73208839069127,8.258185395386223,24.366496976756025,20.845146239713852,82.26790922143738,0.5405405405405406,0.8289473684210527,47374.080402398526,549736.351411949,531669.4317105532,597,0.9671353010311352,0.0,0.0,18066.91970139588,13.85035561499011,1.7691273463417474,45.665646240798374,13.136778486222008,31.448337310990837,850.4925043878708,2068.5273012259804,1012.3357057219541,0.4893992480166736,1068.271498946225,0.030720662767003786,368.75557053409807,3,1,0,0,0.0,597,207.0,0.3687555705340981,390.0332484855513,250005.3338211831,829.4573255739218,500000.0,0.5489828669991416,0,0,0.0,9,E6,0.75,inhouse
3.1439183397774286,5.25209431940516,25.98863409284229,37.91433866523321,15.24258151301217,38.98074526817447,,,,,10.61894906005447,37.45550288653231,7.077427377367965,16.58666855993524,21.383182987200808,5.25209431940516,1.0,1.0,13819.243346008723,516203.98819530365,512439.70357091265,536,0.9927077575716698,0.0,0.0,3764.284624391007,10.65934118780124,1.76912734634152,37.162619578800786,10.712103430460488,3.1439183397774286,451.0748715213853,1687.865240369373,833.3240753842032,0.49371481529048983,839.0868651482847,0.02178250399948149,246.1841113657499,0,0,0,0,0.0,536,207.0,0.2461841113657499,404.43038013483374,268742.0430456685,771.1714243243566,500000.0,0.6104160850962864,0,0,0.0,10,E6,0.75,inhouse
19.04843573279471,78.26326006051886,24.948279610185182,57.14412816179512,21.289827293364826,58.37661079073274,,,,,13.033799828163088,50.946918971312975,9.558999484306582,23.520913941915865,22.415504929309552,78.26326006051886,0.7894736842105263,0.84375,26006.043708159235,527294.9549528928,512884.71365078015,538,0.9726713840768682,0.0,0.0,14410.241302112803,13.43415567656414,1.76912734634152,52.209557341819945,13.161100943661259,19.04843573279471,2588.2787795805416,1677.2068138493187,824.2679294937979,0.4914527669977917,842.0731562375696,0.02292088679255482,258.6494029499029,2,0,0,0,0.0,538,207.0,0.25864940294990285,404.103775929791,268948.8293957427,770.6248429063834,500000.0,0.6083619311443114,0,0,0.0,11,E6,0.75,inhouse
14.47789873569145,34.290032175650595,22.604193111927202,58.113508485355965,4.225080002754112,4.225080002754112,,,,,13.715866231717476,55.25900217501992,7.383718311085204,16.497116598658977,19.978605524902473,34.290032175650595,0.8,0.8333333333333334,3605.0987133016765,503952.3254688477,503768.82819040224,518,0.9996358836557114,0.0,0.0,183.497278445495,13.73450802717765,1.76912734634152,54.78995880956149,13.6840714848123,14.47789873569145,282.440158930638,1570.1063003944212,779.1253209237007,0.4962245681887775,770.2994404281555,0.024668647076821936,282.76057109662713,3,1,0,0,0.0,518,207.0,0.28276057109662717,411.46404654627213,280190.7319315909,739.7916381534886,500000.0,0.635235245099906,0,0,0.0,12,E6,0.75,inhouse
8.605362592991565,16.592265778906537,5.235381706496554,7.353748542629181,12.739968983528911,23.10910738742014,,,,,11.144804390106636,41.36022057546008,33.42480868229919,93.68953823740304,8.570753829622046,16.592265778906537,0.875,1.0,6216.486291594783,506496.9548278934,506496.9548278934,522,1.0,0.0,0.0,0.0,11.274915562596446,1.76912734634152,40.76672570154029,11.123550580581615,8.605362592991565,187.95157140880204,1586.9045770739885,788.2806594442311,0.4967410585567162,777.4648087107436,0.02695062216904887,317.34046484238377,2,2,0,0,0.0,522,207.0,0.31734046484238376,409.3160649609204,275406.7145079116,752.7679230162225,500000.0,0.6304291567181474,0,0,0.0,13,E6,0.75,inhouse
14.136818577235204,39.85667865161936,11.114757131857377,23.476645765637024,13.615697624540076,46.53610902841632,4.772221909176096,5.149929986479856,,,12.182578202612065,41.23496998491304,3.292180824783304,4.759203695602854,11.940888630170399,39.85667865161936,0.8148148148148148,0.9019607843137255,58929.484502104126,560140.4496017806,528911.8370804393,561,0.9442486031074124,0.0,0.0,31228.612521341387,12.107818784783076,1.76912734634152,40.54169235764675,12.21327150550412,14.136818577235204,4847.149908843171,1845.8415650905745,914.2985795072201,0.49532884988552955,965.3876025513242,0.02433117950592706,284.777214417246,0,0,0,0,0.0,561,207.0,0.284777214417246,391.9079942672798,251619.81040889517,823.8014998801914,500000.0,0.55066648710645,0,0,0.0,14,E6,0.75,inhouse
49.103099835501425,171.86379947696156,23.295344706581783,87.15946827763241,18.198613589638352,34.76565864581359,5.639048593046482,5.693177683721387,,,11.834317110039565,42.087129340324104,16.079500905674017,36.169264856204066,20.680802179414968,171.86379947696156,0.65625,0.7846153846153846,64862.71277757866,569803.8948999027,534346.3053831415,588,0.9377722935309347,0.0,0.0,35457.58951676133,14.5250896981412,1.7691273463416337,50.3908353412563,12.382443345004981,49.103099835501425,7066.848045006575,2068.2026986965143,1005.7575362172125,0.4862954375076929,1058.3324644179488,0.03615365399433,554.5042063372753,3,3,0,0,0.0,588,207.0,0.5545042063372753,388.42694730997493,246359.44109996548,842.4865037833792,500000.0,0.4445219608823212,0,0,0.0,15,E6,0.75,inhouse
22.025695474920088,98.93447263874805,45.830319432909675,116.59791554310686,5.100388644918894,5.185503350061663,,,,,13.437756423460545,53.249152992414004,2.8330496482815306,3.968379348336066,35.64783673591198,98.93447263874805,0.8125,0.7916666666666666,8440.199489225186,508637.27469418704,505125.92929599487,526,0.9930965629675816,0.0,0.0,3511.345398192101,13.996460327971203,1.76912734634152,56.1209339214729,13.45147506240824,22.025695474920088,418.6171438735867,1600.498247410667,795.1121466120532,0.4967903888044919,775.1068091193872,0.025596652623189355,299.3559697516189,4,1,0,0,0.0,526,207.0,0.2993559697516189,410.3914369604215,279104.0084285486,742.731561387879,500000.0,0.6316639237665695,0,0,0.0,16,E6,0.75,inhouse
6.610080172371811,22.022009392768737,15.439007771034694,24.783815966645125,16.953105338826145,33.48052948100335,,,,,14.125736145098756,54.82757675726865,26.6627180463792,90.172080329697,15.893237041372128,22.022009392768737,0.8571428571428571,1.0,10188.61735102234,511071.9197908895,508246.4808123163,534,0.9944715433011282,0.0,0.0,2825.438978573131,14.196570685093814,1.7691273463416337,52.904971460447854,14.155352969709277,6.610080172371811,665.8889374228793,1639.2676692526518,809.1844245199416,0.4936255620101699,797.3867214885229,0.028491092167740303,397.5222908121801,4,2,0,0,0.0,534,207.0,0.3975222908121801,408.06484672423994,274779.71550745313,754.777411090182,500000.0,0.5671314736735904,0,0,0.0,17,E6,0.75,inhouse
9.28733230917576,26.221921265416313,9.11430680575692,23.389777719543417,6.0521315483976235,7.9380807828298225,16.03091835098121,24.96126922728572,5.163644635195851,5.163644635195851,12.24176037667128,42.47217452316635,15.260416493058187,53.30693897671836,8.032012836789326,26.221921265416313,0.8571428571428571,1.0,68261.72443658626,570187.8624873706,537340.4930802194,562,0.9423920227556952,10823.216117411037,0.01898184235314333,22024.153289740345,12.024933778354807,1.76912734634152,39.54073071512478,12.044468019024839,9.28733230917576,2829.0575714138686,1838.4634810707785,901.447069289181,0.4903263396693363,920.7456569725605,0.02977394887352526,354.377928416355,2,2,0,0,0.0,562,207.0,0.35437792841635507,385.89010245587525,242975.63033580576,853.3957814692822,500000.0,0.6001699712027723,0,0,0.0,18,E6,0.75,inhouse
18.477428865017025,93.88038847153621,14.517073336298488,8.889668807768437,30.074238213394292,91.62298957263994,,,,,11.955764046843631,41.54637479253524,17.972096020893485,28.913735241419097,19.033669590939205,93.88038847153621,0.8387096774193549,0.8387096774193549,37728.11627304937,538786.9281851918,517033.87792997825,575,0.9596258759868491,11490.801113996251,0.021327171304435642,10262.249141217264,12.835442879655869,1.7691273463417474,44.222085755712044,12.390583999000587,18.477428865017025,811.2812107809324,1991.8879989643813,977.0285957924657,0.4905037814879354,1018.2107870515514,0.031101442731689223,358.58530630096476,2,2,0,0,0.0,575,207.0,0.3585853063009648,401.0541555545486,263187.3386613617,787.8744713213785,500000.0,0.5790131748985052,0,0,0.0,19,E6,0.75,inhouse
11.353962626077978,43.99285175066806,8.733250486468545,18.279917214522314,28.07705624179698,47.14990732930828,4.9508338676182575,4.9508338676182575,4.692446216563667,4.692446216563667,13.297469117508905,52.50483464957799,15.765653239035657,43.03028645923041,13.096399847944369,43.99285175066806,0.8333333333333334,0.875,42968.20466135957,546023.0117091311,522229.45427683793,549,0.9564238925428877,12015.37519389233,0.02200525424062709,11778.182238400757,13.265835625874342,1.76912734634152,51.95845376851157,13.13512272235557,11.353962626077978,3312.219915297502,1727.0245786946898,853.9143416592951,0.4944424950249961,873.3222092920876,0.029062056726283952,318.2295211528093,3,2,0,0,0.0,549,207.0,0.31822952115280934,396.9868566839812,259821.80299837084,797.9246819500084,500000.0,0.4037379468610316,0,0,0.0,20,E6,0.75,inhouse
28.10273962003704,102.41680617077472,5.56371070752366,10.136577495967686,9.474010251589789,9.474010251589789,6.687001483147014,6.687001483147014,,,13.263675987248787,54.45088085179607,5.127555156336484,8.948556025296739,6.282795038907872,102.41680617077472,0.7368421052631579,0.8461538461538461,17327.275816339392,518024.1647502009,509574.23508279055,532,0.9836881554135897,0.0,0.0,8449.929667410348,13.610028087623068,1.76912734634152,55.24019800447216,13.212192668928106,28.10273962003704,1621.2701213655087,1645.3665430815508,813.5754633886598,0.49446457192750626,808.9031604727852,0.027008869194839212,395.0565330870153,1,2,0,0,0.0,532,207.0,0.39505653308701527,406.99674797999063,273612.67886862025,757.9877416158454,500000.0,0.5730725132281754,0,0,0.0,21,E6,0.75,inhouse
21.028756145038773,73.59081144932235,18.601943360515314,49.060916665661,23.33680964962184,58.543730508663074,,,,,12.108153886309555,41.321754546733956,13.485522277086805,42.46288350269388,20.706328377895993,73.59081144932235,0.6666666666666666,0.8095238095238095,19226.136203616657,520041.7500651535,514161.652876334,530,0.9886930286114858,0.0,0.0,5880.097188819491,12.479525797717148,1.76912734634152,45.00140192280307,12.060677371430112,21.028756145038773,1783.243153641945,1624.8447171953073,796.534507612654,0.49022192655281904,794.2048013515665,0.031250174572486265,355.36195296103494,5,3,0,0,0.0,530,207.0,0.35536195296103495,403.2882670128534,270956.6981720797,765.2712162194765,500000.0,0.6350460728379984,0,0,0.0,22,E6,0.75,inhouse
9.85315738408222,18.507408061241037,5.645385056940539,9.123744214870069,8.142957386944735,14.081510390008589,,,,,12.709970922822736,44.43729845706031,9.77362345360336,24.7103696632906,6.29692566476772,18.507408061241037,0.918918918918919,0.9833333333333333,44840.47463850063,546620.9219574383,518948.8083609083,575,0.9493760438267954,12710.581287026522,0.023253009126526277,14961.532309503553,12.193019002984553,1.7691273463417474,39.71958784586211,12.50717825564871,9.85315738408222,3976.6517109742726,1982.2486217664484,972.0038665745469,0.4903541644076723,1003.99863438186,0.02623413168890072,313.687523665793,2,0,0,0,0.0,575,207.0,0.313687523665793,399.48774172632335,262904.43950074026,788.5514901055221,500000.0,0.5751490499924357,0,0,0.0,23,E6,0.75,inhouse
24.890717354758905,55.34487306399222,22.679957109271527,47.032080479220994,21.071904488335672,50.46990852743912,,,,,11.29557786098765,43.90193668366828,4.337182292747912,6.939958093239696,21.65665089594871,55.34487306399222,0.631578947368421,0.7666666666666667,34421.87232108315,535140.8176419535,511679.38070875284,539,0.9561583864288633,11697.648494961977,0.021859010020029008,11763.78843823865,11.8700748807503,1.76912734634152,47.01251540261964,11.547139840852717,24.890717354758905,1703.390883645427,1689.8260331538713,836.3874118578705,0.49495474412643936,851.3976974064811,0.025605127045120833,284.96235614331215,2,1,0,0,0.0,539,207.0,0.2849623561433121,405.10712405300075,270613.75265890406,765.9808872220042,500000.0,0.6016536532618674,0,0,0.0,24,E6,0.75,inhouse
25.64736158309097,25.64736158309097,,,,,,,,,13.581429073894528,58.0703736452324,,,,25.64736158309097,0.0,1.0,209.99028817615883,500209.99028817617,500209.99028817617,501,1.0,0.0,0.0,0.0,13.605512771517674,1.76912734634152,58.03205090729989,13.586494403843776,25.64736158309097,243.02929296314176,1463.228258295406,731.3081219839031,0.49979086847040777,706.7426598063629,0.022041369484553264,241.35299585585824,1,1,0,0,0.0,501,207.0,0.24135299585585823,414.30870438325707,283955.28484220075,729.8379852694898,500000.0,0.0,0,0,0.0,25,E6,0.75,inhouse
21.40264586358803,54.01895944897605,19.013270368406364,39.623809366451496,30.540785224737647,56.53235433163282,,,,,12.96760268562015,44.620868384118985,9.681385065424061,20.799211860500876,24.253049848556945,54.01895944897605,0.7,0.7142857142857143,8275.236379187336,508416.23368801735,506212.7000623607,524,0.9956658865715746,0.0,0.0,2203.5336256566243,13.346670811023577,1.76912734634152,48.68512625859274,13.151244969395067,21.40264586358803,668.4776544659876,1607.4418151372304,800.4000983195758,0.4979341029841532,787.7006015871318,0.02310038062490018,267.7960621811286,4,0,0,0,0.0,524,207.0,0.2677960621811286,409.4480364412977,276938.8335692684,748.4244567323888,500000.0,0.62743597034501,0,0,0.0,26,E6,0.75,inhouse
8.438371580159194,23.766064839210244,15.457121693620184,40.85996816434693,12.041304129235868,23.837661483088326,,,,,12.905464780481411,49.80392348003736,26.77578040499526,95.91631628362565,14.318515838825412,23.766064839210244,0.8571428571428571,1.0,12370.949722949961,513597.1255335828,510759.3858471841,534,0.9944747749835038,0.0,0.0,2837.7396863987024,13.027898924473412,1.76912734634152,46.64157349273299,12.879913151113922,8.438371580159194,686.3077840631082,1692.009270330841,843.7933043766419,0.49869307407024654,863.1354595874777,0.02472923556131464,274.11813684457775,5,0,0,0,0.0,534,207.0,0.27411813684457775,405.8155833848145,271455.6594597705,763.5652855768234,500000.0,0.5912094516339165,0,0,0.0,27,E6,0.75,inhouse
25.871660630071272,61.49311243788052,5.274361066695395,8.157849074908608,6.011685493087858,9.200316299393899,,,4.868307947336746,4.868307947336746,11.465475987786588,45.20709615179916,10.891326971901695,30.380885463982306,5.475449546620612,61.49311243788052,0.6666666666666666,0.8695652173913043,26590.43369586375,527415.1934686946,514548.76013854495,531,0.9756047351508214,0.0,0.0,12866.43333014956,11.646959441087805,1.76912734634152,46.88813913935519,11.410628922948078,25.871660630071272,4049.7004560746836,1639.2795886403362,800.0192630406355,0.48803100373145836,828.3898977179372,0.02805411978449441,314.8583042116414,3,2,0,0,0.0,531,207.0,0.31485830421164135,402.9061468312372,268158.0739627596,773.1069038518023,500000.0,0.6208375044788242,0,0,0.0,28,E6,0.75,inhouse
13.768326011362328,36.20020663818404,19.04256257153776,66.57457969556293,11.727624827697268,45.640020730174,59.99670877261559,59.99670877261559,37.107029168141196,57.20001917102744,13.223589396208357,54.51313940521471,7.987885013926069,17.46880085691309,17.18391608622615,36.20020663818404,0.76,0.8709677419354839,77164.28456252046,582430.0533427446,550636.3106729902,583,0.9454119125768315,0.0,0.0,31793.74266975432,13.409591110084875,1.7691273463417474,55.45044510253947,14.297309880664283,13.768326011362328,6966.266787134324,2015.8553521436233,986.8375065768824,0.48953785574321973,1109.3238967244374,0.03247881837916137,372.89819117516305,2,2,0,0,0.0,583,207.0,0.37289819117516304,376.6059269460873,236190.25682550273,877.9909085935843,500000.0,0.5270628762248827,0,0,0.0,29,E6,0.75,inhouse
3.785082065923534,6.28429647846533,4.318107973539991,6.418557323494497,3.3062261888316016,4.951248541225965,,,,,3.483948889880815,4.972818365853527,5.016416115652538,11.402533811628814,3.9985663573162893,6.28429647846533,1.0,1.0,13968.57625752051,515078.73700219905,515078.73700219905,554,1.0,0.0,0.0,0.0,3.5450717555663536,1.76912734634152,5.181420061635865,3.4862013919545163,3.785082065923534,22.320376193683558,1816.1913572291442,896.5176010181416,0.49362507835402625,1112.113406592364,0.03186257736198885,358.90237157701665,3,0,0,0,0.0,554,207.0,0.35890237157701665,402.577096423011,267417.62525872997,775.4122495514446,500000.0,0.3882602814750638,0,0,0.0,0,E6,0.75,pooled_greedy
3.014079516919787,5.222401029674392,4.107975347596105,5.646091918356859,15.39762878267743,36.52390680518584,38.59579352447387,55.033398493119606,,,4.609817075686762,5.088608470090233,7.009960865464921,14.807406686139629,15.530241183741813,5.222401029674392,1.0,0.896551724137931,22776.714596747763,525519.2910413912,525519.2910413911,536,0.9999999999999998,0.0,0.0,0.0,4.88174036049966,1.76912734634152,5.778069032130588,5.451555563035194,3.014079516919787,57.21210916792686,1704.091898051218,849.4702183731716,0.4984885024948578,1068.8050709104605,0.03429907528282465,375.57487434692996,4,1,0,0,0.0,536,207.0,0.37557487434692993,394.6107753026588,255179.16453118683,812.6665641191189,500000.0,0.08673902531289879,0,0,0.0,1,E6,0.75,pooled_greedy
14.170402410582886,17.017759808938173,6.966233296677245,13.737036949550564,6.447170058970566,12.464021139559918,21.216253752213674,32.73189455245231,,,3.950910421578896,4.972818365853527,4.2635854904598425,5.647050670868339,8.552837139479294,17.017759808938173,0.9090909090909091,0.9473684210526315,29310.196036041838,532277.3226155266,517873.34282247716,549,0.9729389564780431,14403.979793049497,0.02706104352195697,0.0,4.500817665663021,1.76912734634152,6.7003837140929114,4.192812881394585,14.170402410582886,30.3715923841933,1771.1078442237367,864.0566651149031,0.4878622540874199,1070.4451523290556,0.03847540904007487,447.6534715951287,5,2,0,0,0.0,549,207.0,0.4476534715951287,400.57604112422234,263745.27838843537,786.5454681849244,500000.0,0.3580238353929941,0,0,0.0,2,E6,0.75,pooled_greedy
3.3853387197484905,6.076547880768887,4.396080592798835,6.336497676239562,22.30653449639408,92.09936015339008,96.60078489552507,96.60078489552507,53.04494901963517,53.04494901963517,4.370420684786271,5.778069032130725,4.6163532992147145,4.565968919972239,15.700632398577113,6.076547880768887,1.0,0.9361702127659575,28096.063942230638,531327.860284328,531327.860284328,562,1.0,0.0,0.0,0.0,4.906694316231037,1.7691273463418042,6.776926319005092,6.215901583945579,3.3853387197484905,69.60527467902544,1910.1037744963348,942.4274343253543,0.4933906978817724,1184.8125742628802,0.03917170076060827,458.9438969873115,3,2,0,0,0.0,562,207.0,0.45894389698731153,390.45372811049356,249368.23155363268,831.9381446644628,500000.0,0.35799466726281093,0,0,0.0,3,E6,0.75,pooled_greedy
4.024494025006586,7.966708687962912,5.1091628063391,7.503168253626518,3.744960713001041,5.138087228456971,,,6.1163852357155974,6.1163852357155974,3.878739348334123,5.328027147450459,3.754462469195289,7.256757840166302,4.3869381686895395,7.966708687962912,1.0,1.0,32491.15341102122,534209.4492904893,521325.49254426855,548,0.9758821998312972,12883.956746220842,0.02411780016870289,0.0,3.9006541064798563,1.76912734634152,5.7780690321319526,3.9024792946516,4.024494025006586,25.02563906955331,1751.3408465050982,859.1932389361648,0.4905916747449444,1064.3282550579602,0.03476895061763159,407.8319345434995,4,1,0,0,0.0,548,207.0,0.4078319345434995,397.8470934201082,261479.72480208185,793.2080856040895,500000.0,0.3838061536977431,0,0,0.0,4,E6,0.75,pooled_greedy
6.615508794432999,9.712328164996713,7.990897704486883,17.713987071401068,10.290145729695553,31.915475095418422,29.07644597904785,53.504657640078676,,,4.584388953566773,6.257651703012016,2.5812865234848132,4.439258570803304,12.974423367801966,9.712328164996713,0.9259259259259259,0.9473684210526315,43452.69323580841,547328.4080016714,547328.4080016714,573,1.0,0.0,0.0,0.0,5.063431936549553,1.76912734634152,9.482008116640648,6.056939787000039,6.615508794432999,76.59068208458355,1916.2709058620796,937.8481612017706,0.48941314003818137,1191.2979064681974,0.03479784163795096,397.30699963890885,4,0,0,0,0.0,573,207.0,0.3973069996389088,378.9266260760314,233812.38195769818,887.0244820360355,500000.0,0.40228648907176057,0,0,0.0,5,E6,0.75,pooled_greedy
4.585141046211411,7.708477842173133,9.088408079499336,23.10947234868628,15.297751858155541,35.870265450602865,49.70061215751798,85.98322422016689,,,4.593063382577587,4.972818365854437,8.189240818608859,15.399744303234966,17.66816736127717,7.708477842173133,0.9642857142857143,0.9615384615384616,31608.77227884693,533346.8920584851,533346.8920584851,565,1.0,0.0,0.0,0.0,5.230817323708461,1.7691273463416337,6.595278353465666,6.5182754855839855,4.585141046211411,83.51051959945612,1878.6082691278834,926.4657346622383,0.4931660047958463,1172.8867466836923,0.035606410529410215,427.2541368580484,4,0,0,0,0.0,565,207.0,0.42725413685804836,388.9162142415039,248066.01567237717,836.177634306865,500000.0,0.4357236170649837,0,0,0.0,6,E6,0.75,pooled_greedy
6.199715507413755,5.826564684305463,23.340072599874986,86.04519767157362,2.678005389613778,3.237984456112435,6.504395574288608,7.159589410589993,,,5.035627071647812,8.998283121343007,6.062185964055215,8.976603402974325,14.188824310561502,5.826564684305463,0.9459459459459459,0.9344262295081968,40773.60461111535,544565.4292464787,533094.6781879223,581,0.9789359543545969,11470.75105855638,0.021064045645403137,0.0,5.523198816407565,1.7691273463416337,9.257342819479163,5.057584313577976,6.199715507413755,56.4997526027904,1956.168343145475,959.7574602897729,0.49063132201930243,1173.7740103753367,0.03551279748795929,409.7947697694151,2,1,0,0,0.0,581,207.0,0.4097947697694151,389.06746447889867,247085.0241195344,839.426814752759,500000.0,0.37229088540498384,0,0,0.0,7,E6,0.75,pooled_greedy
6.030356783920599,18.739279107402428,5.78674102666389,9.634904140300977,4.74597530502679,8.012397582978158,6.292066744717658,7.315476233871732,,,4.126932038387034,5.010498712057961,4.886943316230931,4.9013324238130735,5.242423507308466,18.739279107402428,0.88,1.0,38363.5914215517,540361.5398106,526845.8481339897,560,0.9749876875372225,13515.69167661024,0.02501231246277737,0.0,4.27400714152571,1.7691273463416337,6.068422709448441,4.22417949691609,6.030356783920599,35.57033341295423,1813.126262869104,893.8115672037449,0.4929670842610657,1127.1221307151402,0.034149324411912436,376.693223214618,4,0,0,0,0.0,560,207.0,0.376693223214618,393.6192986197239,254182.0001308852,815.8590817462714,500000.0,0.4289839083810511,0,0,0.0,8,E6,0.75,pooled_greedy
8.178019419860373,21.932754516484263,12.118571510491469,26.50744619048464,11.793568933377237,39.264137585954415,31.088210724470628,31.088210724470628,43.944449778307444,51.60273279026942,4.354748405454972,5.778069032130725,4.728971858367293,7.37589485589565,12.423678320396654,21.932754516484263,0.9473684210526315,0.9629629629629629,47374.080402398526,549779.8663554897,549779.8663554897,605,1.0,0.0,0.0,0.0,5.312865105619721,1.7691273463419748,10.960266073355342,6.095633600835771,8.178019419860373,73.15614835395003,2124.9226498603925,1037.4693188350807,0.4882386278405204,1360.5007914493242,0.04312767430220277,521.3871519237571,6,1,0,0,0.0,605,207.0,0.5213871519237571,377.4626897990835,234060.07294648225,886.615921030553,500000.0,0.43556249691745874,0,0,0.0,9,E6,0.75,pooled_greedy
2.872567527573405,4.974258574441206,5.259497497240233,8.762284430194358,14.429251064714464,48.006721769712385,,,,,4.051526550166795,4.972818365853618,3.11521373977389,4.835668919120802,9.844374280977348,4.974258574441206,1.0,0.9666666666666667,13819.243346008723,516514.44304295897,516514.44304295897,540,1.0,0.0,0.0,0.0,4.175261752523706,1.76912734634152,4.975134529774324,4.31003428968126,2.872567527573405,39.172103520225086,1721.240918843069,852.8825789345855,0.4955044756360138,1055.3791745172493,0.030714700454828697,336.3259699803742,2,0,0,0,0.0,540,207.0,0.33632596998037423,401.4143820422385,264009.41532144905,785.3368627688319,500000.0,0.08520547176523197,0,0,0.0,10,E6,0.75,pooled_greedy
9.306308798215534,24.272538053979588,8.541695359427194,18.203169166372575,4.201039037981604,6.3175349517510755,,,6.75338177253343,6.75338177253343,4.173939581861605,4.972818365854437,2.916604353732932,5.238346035940959,5.44122655839463,24.272538053979588,0.8571428571428571,1.0,26006.043708159235,531772.2574830158,531772.2574830158,543,1.0,0.0,0.0,0.0,4.393644677273512,1.76912734634152,6.066812747025326,4.396303738350884,9.306308798215534,36.94613184422813,1722.8072729925107,853.827308421538,0.4956023356799758,1079.0071604438342,0.033176119645695674,367.86472511960733,5,0,0,0,0.0,543,207.0,0.3678647251196073,389.95615473931093,248397.89103179416,834.8213580387329,500000.0,0.38367672400944636,0,0,0.0,11,E6,0.75,pooled_greedy
9.711818316016174,23.680093771625632,18.682432815885743,48.97651112805772,4.995980005050114,4.995980005050114,,,,,4.55593125372177,5.778069032130588,10.7396227407525,26.720727407985038,16.727225271480652,23.680093771625632,0.8571428571428571,0.8571428571428571,3605.0987133016765,503977.3460501888,503977.3460501888,521,1.0,0.0,0.0,0.0,4.8718162978092705,1.76912734634152,6.7966395092526,4.581117111908872,9.711818316016174,38.9584258662486,1591.974249987971,793.4755309430313,0.4984223400278157,972.1741536084053,0.03440981877209436,385.702277635252,6,1,0,0,0.0,521,207.0,0.38570227763525206,411.4980641550159,280137.67928896355,740.2992086034801,500000.0,0.36846396453840197,0,0,0.0,12,E6,0.75,pooled_greedy
3.464454325749988,6.170021211578159,4.112564591838208,5.919042049901023,7.976806276433081,11.258695769002362,,,,,3.505178794363556,4.811768232599206,1.721738620764495,1.9585423353670648,5.83000534054704,6.170021211578159,1.0,1.0,6216.486291594783,506496.9548278934,506496.9548278934,522,1.0,0.0,0.0,0.0,3.5275551206063676,1.76912734634152,4.972818365853527,3.5360575283074174,3.464454325749988,15.095852232625704,1592.2016809606337,793.5777633308755,0.4984153532937366,960.6697905579653,0.03360065642553719,372.5134028588716,3,2,0,0,0.0,522,207.0,0.3725134028588716,409.4249954046093,275480.00793119596,752.7679230162225,500000.0,0.34855944302806235,0,0,0.0,13,E6,0.75,pooled_greedy
8.152463041924912,23.702795797464205,10.848896278076129,24.85141418986682,5.4526819011360494,11.947373757354967,6.157813213526083,7.740044621398033,,,3.7507949169592028,4.97281836585446,3.192962240624687,5.04182826771048,7.095317655426382,23.702795797464205,0.9310344827586207,1.0,58929.484502104126,566652.9292862886,566652.9292862886,576,1.0,0.0,0.0,0.0,4.15046152898132,1.7691273463417474,7.017687124448912,4.071255861747318,8.152463041924912,33.27244933245922,1940.497357030939,958.4518317022278,0.4939207096724463,1246.9900462022579,0.03389863658362331,389.6984080650781,1,0,0,0,0.0,576,207.0,0.38969840806507816,365.99069322605783,217047.31646623366,955.5045498124322,500000.0,0.4149358001653445,0,0,0.0,14,E6,0.75,pooled_greedy
12.664863054631983,40.65149027365616,12.032115766953082,36.90429100934489,12.560569938375425,29.248268482368076,7.97788676139362,9.006345367876566,8.277863692499977,10.218926579248455,5.015877580948416,8.342455486575824,8.225589144273542,8.41656350912108,11.45348481430512,40.65149027365616,0.8,0.9459459459459459,64862.71277757866,573615.9384122625,573615.9384122625,603,1.0,0.0,0.0,0.0,6.03074882159969,1.7691273463417474,11.571933282675458,5.573607949270621,12.664863054631983,62.06727658277188,2140.187707150939,1028.604554245963,0.48061417734954764,1387.091896156276,0.04330040352550201,502.83114742659296,4,2,0,0,0.0,603,207.0,0.502831147426593,361.74523274542037,210341.34276652985,986.5052129944141,500000.0,0.4178123211699254,0,0,0.0,15,E6,0.75,pooled_greedy
13.399320903017685,55.28481657614901,17.720889129894882,41.865583696914655,49.24336762830626,75.3521558080276,,,,,4.554971103776465,5.8673479028143465,2.9502766516553343,3.945487553462999,28.228381962698673,55.28481657614901,0.8421052631578947,0.7857142857142857,8440.199489225186,509188.49886297405,509188.49886297405,531,1.0,0.0,0.0,0.0,5.2636137790297965,1.76912734634152,8.36671810456562,4.919770119739622,13.399320903017685,49.42268221700479,1630.1122046496398,811.6020234350434,0.4978810790570586,1000.2079490378761,0.03208556342664612,365.56979817423644,2,1,0,0,0.0,531,207.0,0.36556979817423646,407.2471594728177,275246.72952995927,753.3806855845077,500000.0,0.35252281796103996,0,0,0.0,16,E6,0.75,pooled_greedy
4.596405181360357,10.28489029375105,4.348588430400794,8.02032273542718,6.675602573588219,10.025397335517846,,,,,4.2184733722608465,5.778069032130588,2.8669060221558413,5.708519107476604,5.318177656728888,10.28489029375105,1.0,1.0,10188.61735102234,511539.3687118152,511539.3687118152,538,1.0,0.0,0.0,0.0,4.225904947909459,1.76912734634152,5.965451737479232,4.246213810762565,4.596405181360357,24.128839468191813,1667.31752456588,824.9727858916749,0.49479044857186,1029.1095738415902,0.03820862928869599,430.77610885839243,6,2,0,0,0.0,538,207.0,0.43077610885839246,405.5030537165131,271011.3191770222,765.3952489466554,500000.0,0.41091774338871473,0,0,0.0,17,E6,0.75,pooled_greedy
6.549351340323364,13.432523784501974,5.767793553502725,8.33246796123248,6.788935684747412,16.230533903528517,10.423041342542092,15.536278020987538,6.381964999726733,6.381964999726733,3.5210713624822736,4.972818365854323,4.851855219074662,6.670690225725227,7.162910285854547,13.432523784501974,0.9565217391304348,1.0,68261.72443658626,572191.6285267603,561368.4124093493,574,0.9810846304318052,10823.216117411037,0.01891536956819503,0.0,3.8881327440630846,1.76912734634152,6.1031447567159,4.121802626326825,6.549351340323364,30.899751543836015,1916.681730731486,945.0767437836909,0.4930796431304273,1189.9881838971835,0.03577380558763628,417.70549522304304,2,1,0,0,0.0,574,207.0,0.417705495223043,369.4858864698184,224197.26893191834,925.157146130131,500000.0,0.3561061741752544,0,0,0.0,18,E6,0.75,pooled_greedy
12.928252971582875,37.944680177696505,9.584786230202447,9.9402046456361,18.179407038886755,49.652482499613896,,,,,4.559991929978857,4.974833503768218,3.9840224899784693,5.171444168854943,12.618181809738086,37.944680177696505,0.7714285714285715,0.927536231884058,37728.11627304937,538786.9281851918,526296.1270711955,582,0.9768168074231693,11490.801113996251,0.021327171304435642,1000.0,5.520136294597326,1.7691273463417474,7.96709963835027,5.370510724796103,12.928252971582875,57.94515375360106,2028.819298439521,994.6035530548979,0.4902376243265743,1250.8359018338551,0.040783445877871714,468.2646838875929,3,2,0,0,0.0,582,207.0,0.4682646838875929,394.20442981109375,255268.18527622073,812.7462670657145,500000.0,0.4203348240556484,0,0,0.0,19,E6,0.75,pooled_greedy
4.481899886447086,6.37595327469726,4.743025294175641,7.622929298108443,7.879187004240703,13.083058863116548,7.597944494584681,7.597944494584681,4.820118274277888,4.820118274277888,3.735587028744858,4.972818365853527,4.55488522355309,5.836443806081661,6.428091453333309,6.37595327469726,1.0,1.0,42968.20466135957,546796.3875473237,534781.0123534314,558,0.978025869468912,12015.37519389233,0.021974130531088105,0.0,3.8544870420749953,1.76912734634152,5.446351654126375,3.8844674541991413,4.481899886447086,20.722478702367876,1774.7556677502519,879.0714174716203,0.4953196845321051,1091.896531802081,0.03746381912728104,431.25995178088124,4,2,0,0,0.0,558,207.0,0.4312599517808813,387.8807496154924,249973.8720897164,829.811764796495,500000.0,0.328513815634941,0,0,0.0,20,E6,0.75,pooled_greedy
3.5730147330935096,5.570508013450582,3.9061165796888417,5.841422737643644,3.757922279369268,5.150770424675466,4.820118274277775,4.820118274277775,,,4.377074697339166,5.038053019121268,2.9187394396859014,4.411884665438084,3.983318216432565,5.570508013450582,1.0,1.0,17327.275816339392,522341.9832740221,522341.9832740221,537,1.0,0.0,0.0,0.0,4.3168209385848915,1.76912734634152,5.549455436009434,4.497876044684901,3.5730147330935096,43.854714951951294,1670.8896681597641,819.6038449737446,0.4905194284170875,981.3217903133896,0.030202284171191578,330.7150116745478,1,1,0,0,0.0,537,207.0,0.3307150116745478,396.9252360534617,262166.0510236774,790.8373879917411,500000.0,0.00934787545645599,0,0,0.0,21,E6,0.75,pooled_greedy
9.080372545422582,19.822697021830937,15.187203151604127,33.747106090481246,6.125253438128425,13.895725986724756,4.675293146604872,4.675293146604872,,,4.792887352814642,6.840190156268411,5.443264160806444,10.472874450525346,9.780235794449672,19.822697021830937,0.9166666666666666,1.0,19226.136203616657,520041.7500651535,520041.7500651535,533,1.0,0.0,0.0,0.0,5.012683590868754,1.76912734634152,8.533015395058843,4.8326548191559615,9.080372545422582,41.327956623114176,1658.4815711144888,821.3778755709772,0.4952589705407559,1019.495356421526,0.035786717063041686,395.1975592884893,5,2,0,0,0.0,533,207.0,0.39519755928848926,398.8048989014919,264853.1970808825,783.0571797702439,500000.0,0.35474807943304487,0,0,0.0,22,E6,0.75,pooled_greedy
3.6459596440435256,7.045284114546761,4.485741468978084,5.659721203691936,11.596118117250484,21.68141442040973,10.913613253386359,12.932838271019966,,,4.219769025172955,5.0533434324820705,4.479895709663449,7.515318988880836,7.3808969879967234,7.045284114546761,1.0,0.9852941176470589,44840.47463850063,546785.5630729868,534074.9817859603,584,0.9767539925238847,12710.581287026522,0.023246007476115223,0.0,4.3455501416279025,1.7691273463417474,7.001511464908932,4.537964546995771,3.6459596440435256,46.10101183025352,2046.2406817082888,1007.4877954298979,0.4923603584055441,1218.834402876187,0.033871924692524355,399.59082272694206,2,0,0,0,0.0,584,207.0,0.3995908227269421,388.33421878174755,247183.9890052773,839.0494532325838,500000.0,0.3861084978331233,0,0,0.0,23,E6,0.75,pooled_greedy
22.72314691022611,47.741170802569464,36.65387017308353,77.0648739796402,32.60426384878539,70.02666698964879,40.20341285115728,43.22420867176597,,,3.986397123704465,4.811768232599206,6.045572886515149,10.161398538110921,34.697378735581154,47.741170802569464,0.5263157894736842,0.8235294117647058,34421.87232108315,535140.8176419535,523443.16914699145,543,0.9781409899799709,11697.648494961977,0.021859010020029008,0.0,5.524510479113964,1.76912734634152,5.660465170231149,5.475702310959866,22.72314691022611,61.075160528203,1712.2131857664754,845.5096360609306,0.493810959458554,1030.5784482315971,0.033632577681319976,368.27672561045375,4,1,0,0,0.0,543,207.0,0.36827672561045377,396.1619693376456,258038.76761916865,803.6322551022985,500000.0,0.03972839889349067,0,0,0.0,24,E6,0.75,pooled_greedy
2.5503240170628487,2.5503240170628487,,,,,,,,,4.564644462532067,5.584716827367452,,,,2.5503240170628487,1.0,1.0,209.99028817615883,500209.99028817617,500209.99028817617,501,1.0,0.0,0.0,0.0,4.560623862840512,1.76912734634152,5.563233249060431,4.5637988422145295,2.5503240170628487,36.66998632303435,1462.7659375788137,730.8458012673111,0.49963277274354306,896.4946928864972,0.03207289688425279,351.1982208825681,5,1,0,0,0.0,501,207.0,0.3511982208825681,414.5283026063222,284105.7911562646,729.8379852694898,500000.0,0.07831894371449688,0,0,0.0,25,E6,0.75,pooled_greedy
7.186954959353526,11.086534137752096,5.647701277889458,11.072624311756044,9.506535150791738,21.920787655320602,,,,,3.9833538976687572,4.993140743660233,2.7296540276097403,4.564581550112235,7.725534901759916,11.086534137752096,1.0,1.0,8275.236379187336,508449.34756596206,508449.34756596206,528,1.0,0.0,0.0,0.0,4.132734892463231,1.76912734634152,6.307845832250224,4.061667666720344,7.186954959353526,28.955297022403894,1633.6938156312617,813.8615716594308,0.498172646472897,1023.5870484304733,0.03298124023739711,361.14458059949834,6,0,0,0,0.0,528,207.0,0.36114458059949833,407.83048611090635,274096.2423520422,756.526768850301,500000.0,0.14136081209244877,0,0,0.0,26,E6,0.75,pooled_greedy
3.629926893416371,5.293332602116447,7.216354019247108,12.708712232474408,9.8622236988161,19.404249139269268,,,,,5.120169172182289,7.16294722700424,6.809911941737482,15.479279354835715,8.350298167633818,5.293332602116447,1.0,1.0,12370.949722949961,513597.1255335828,513597.1255335828,536,1.0,0.0,0.0,0.0,5.190834015820423,1.76912734634152,8.250514966449714,5.212206893892859,3.629926893416371,50.72380269960534,1693.1074622180674,838.1616199106857,0.49504336766234913,1047.3150852083093,0.035603349186706594,418.81035962573316,5,1,0,0,0.0,536,207.0,0.41881035962573315,403.85508416569814,268269.1867458561,773.1741870009217,500000.0,0.4352062236711703,0,0,0.0,27,E6,0.75,pooled_greedy
9.704634519174094,24.613081823423272,8.057640315096297,15.587393068372508,9.746813967180406,18.409998228040052,9.338548294393362,12.128158862656866,7.903489301740194,7.903489301740194,4.554674193771514,4.972818365854437,8.367487274733634,22.693486745631866,8.85119393203997,24.613081823423272,0.8333333333333334,1.0,26590.43369586375,528937.8456762048,528937.8456762048,537,1.0,0.0,0.0,0.0,4.860810431151014,1.76912734634152,6.382513472393532,4.849417055713071,9.704634519174094,45.60690847655806,1709.6609988201258,849.4329123306939,0.4968428904425532,1089.477340042088,0.033813935321992374,377.3296309022971,3,1,0,0,0.0,537,207.0,0.3773296309022971,392.0637014842206,251764.4798723667,823.6957403047217,500000.0,0.37807354143689115,0,0,0.0,28,E6,0.75,pooled_greedy
4.601428583389885,13.032870312412115,6.104823797665041,14.938829368392817,8.625014861632314,23.910633860537562,30.27573034419072,34.89598033120137,15.688282150690364,30.527404440310285,5.439764035981745,6.3966396634630875,7.693618328174275,21.381797960840967,8.875600988806532,13.032870312412115,1.0,1.0,77164.28456252046,584688.0408818187,584688.0408818187,599,1.0,0.0,0.0,0.0,5.81280877845347,1.7691273463418042,14.165019082816801,6.922298177504068,4.601428583389885,92.73434635685146,2110.5562085019446,1029.9473513989456,0.4879980676420808,1301.0570363312872,0.04122838391044488,471.57189620782685,3,2,0,0,0.0,599,207.0,0.47157189620782686,354.8414836453674,210872.23931099038,983.8733281066583,500000.0,0.3617267813761306,0,0,0.0,29,E6,0.75,pooled_greedy
3.489772040868799,6.506470704020557,3.96636882911319,5.742756855729567,6.75397961420082,15.781868356973064,,,,,23.22959518868563,28.895018437183445,4.848605175097919,11.495840005034097,4.846666971772442,6.506470704020557,1.0,1.0,13968.57625752051,515078.73700219905,515078.73700219905,554,1.0,0.0,0.0,0.0,21.379013452551295,25.704708293036674,28.811769232597726,22.664767096320702,3.489772040868799,429.73502219022834,1775.2150880827978,883.4152746631021,0.49763844426152076,1001.3811257167736,0.03044683607968453,344.8605576116606,3,0,0,14,102.4925070669722,534,207.0,0.3448605576116606,402.54983493276376,267399.51642181975,775.4122495514446,500000.0,0.3685770884801827,0,7,22.55580388494023,0,E6,0.75,marketplace
2.69357597190802,4.794573360051163,3.734162022310405,4.266639299773487,4.485031000161916,5.739475942319951,12.456353632073236,20.1393092017237,,,23.443298280693714,29.370116326613555,5.372337829017559,9.828437190705156,5.871370573635123,4.794573360051163,1.0,1.0,22776.714596747763,525519.2910413912,524519.2910413912,535,0.9980971202826477,0.0,0.0,1000.0,22.16526174668934,25.70470829303963,28.972819365854594,22.698709781590093,2.69357597190802,431.3528647296687,1670.1087849501823,841.4457296033986,0.5038268986942058,973.6353539690735,0.03098506813245543,343.6224366644383,4,0,2,20,0.0,508,207.0,0.34362243666443826,395.3021861693594,255401.45164078297,811.8341579682526,500000.0,0.39916655138301643,0,8,25.191405714710314,1,E6,0.75,marketplace
13.243135231540123,51.740896458576,9.057018367173328,15.91788309465112,7.462305205366647,13.33280851601512,5.55762160768802,6.185281706635237,,,22.75511031530595,28.811769232597726,4.686824972945033,9.601027497557425,8.021576336560159,51.740896458576,0.8636363636363636,0.9210526315789473,29310.196036041838,532277.3226155266,516873.34282247716,548,0.9710602365748803,14403.979793049497,0.02706104352195697,1000.0,21.580381968100202,25.704708293036674,28.811769232597726,22.230217555489183,13.243135231540123,422.0907463889768,1701.3246890162297,838.734567104595,0.4929891234280407,947.0598798611597,0.03220894136540696,399.0841132777259,4,0,1,18,0.0,526,207.0,0.3990841132777259,401.2570719564271,263962.8817883744,785.7130620340581,500000.0,0.3901602828900142,0,8,20.344701396972347,2,E6,0.75,marketplace
3.420379737525289,4.9125967115895035,4.5694001506008135,7.680690515032803,23.36119279885879,97.1615876722788,96.57312186957006,96.57312186957006,103.72535937243265,103.72535937243265,24.027550658821855,28.972819365853866,4.250344502903674,5.847768676378475,16.23280215899869,4.9125967115895035,1.0,0.9361702127659575,28096.063942230638,531327.860284328,530327.860284328,561,0.998117922897051,0.0,0.0,1000.0,22.497743220934478,25.704708293039857,28.882099669196577,25.387526899026636,3.420379737525289,501.5095440515296,1838.2041678870655,909.9203245080486,0.4950050382890611,1032.5571202146143,0.031226198276433324,373.78441689236024,3,0,0,16,0.0,543,207.0,0.37378441689236025,391.02939888112184,249515.524688559,831.1057385135965,500000.0,0.3583614785020533,0,4,11.179989173125865,3,E6,0.75,marketplace
3.471391167618069,6.185369315921253,4.470746055230734,6.553556373752872,3.23704907124607,4.563437144752425,,,5.116847753441107,5.116847753441107,24.067379137793193,28.99950022165155,2.5213597776454626,3.7621570778843987,3.8176123578270884,6.185369315921253,1.0,1.0,32491.15341102122,534209.4492904893,521325.49254426855,548,0.9758821998312972,0.0,0.0,12883.956746220842,22.256290483726218,25.704708293036674,28.860084272575843,23.23753052173961,3.471391167618069,4065.2109064505594,1728.1089721568426,867.6299644197782,0.5020690120813934,950.108480776925,0.030014987644122713,344.464726688445,4,0,0,20,0.0,525,207.0,0.344464726688445,397.72554323934526,261399.83755811007,793.2080856040894,500000.0,0.3695893148779737,0,12,35.934308997019706,4,E6,0.75,marketplace
7.752599849355184,14.90012377332754,8.645727218688526,19.42449661577726,9.197550818380853,25.83152982657666,29.27081749286678,54.04262756152548,,,23.604068099839232,29.03621951725126,4.934470196864488,10.475059909356787,12.954686473421619,14.90012377332754,0.9259259259259259,0.9298245614035088,43452.69323580841,547328.4080016714,546328.4080016714,572,0.998172943363837,0.0,0.0,1000.0,21.775073942490987,25.704708293036674,28.97281936585473,23.454045218931945,7.752599849355184,462.87685899967005,1833.694052041318,902.3436458484856,0.4920906215755961,1043.399895251281,0.03365576819683572,403.8178781102968,5,0,0,22,0.0,543,207.0,0.4038178781102968,379.6321312244041,234039.35052222834,886.1920758851692,500000.0,0.3826447933295172,0,8,18.766510338509438,5,E6,0.75,marketplace
3.9577185631984446,4.444009930909488,6.013948878083948,7.57820595397807,7.943825180685248,16.582493047575962,36.07513376201126,42.87598975729973,,,24.511815400465007,30.615519468086244,6.1897368856115325,9.568255932310063,11.587026946997213,4.444009930909488,0.9642857142857143,1.0,31608.77227884693,533346.8920584851,533346.8920584851,565,1.0,0.0,0.0,0.0,22.522617780960964,25.70470829303963,30.412936597292543,24.349288912138917,3.9577185631984446,468.57683215727616,1810.2316790233538,906.2184874975501,0.5006091198152427,1019.6493805221913,0.03351241220375329,393.09261378393,5,0,0,22,0.0,527,207.0,0.39309261378393,388.8521630140893,248025.16128728897,836.177634306865,500000.0,0.41764832951867525,0,9,28.297288148716458,6,E6,0.75,marketplace
5.037179177227447,6.484682368233348,15.760699655763203,56.2203190180493,2.3043640538892967,2.525976828063057,6.063349301183067,6.718543137484451,11.838310601135902,11.838310601135902,23.989754466371682,29.837231829892595,3.38852372813393,5.337671969044837,9.906461275512143,6.484682368233348,0.9459459459459459,0.9508196721311475,40773.60461111535,544565.4292464787,543565.4292464787,581,0.9981636733690867,0.0,0.0,1000.0,21.470958630039576,25.704708293036674,28.972819365853866,22.550002677383915,5.037179177227447,446.4191374707563,1899.8975530594303,943.3025093416036,0.4965017760155494,1066.1203983322014,0.03241179940336623,380.28896341490395,2,0,1,17,99.38937189467718,555,207.0,0.380288963414904,381.5185400051973,238690.03928846834,868.8267410806611,500000.0,0.38935569237381157,0,11,30.26678383556199,7,E6,0.75,marketplace
5.663038929213726,13.505549989173781,9.903354676470968,19.75223737838464,4.494204148909718,5.875014646309865,5.016140661867894,5.018809284742156,,,23.933896190413645,29.33601025198592,8.230850367210422,23.627237718143633,6.421033594405647,13.505549989173781,0.96,1.0,38363.5914215517,540361.5398106,526845.8481339898,560,0.9749876875372228,13515.69167661024,0.02501231246277737,0.0,22.062460795562536,25.70470829303963,28.972819365853912,23.003959961741174,5.663038929213726,442.27622001693186,1766.2910023738955,883.169632222759,0.5000136619819604,1016.7225179941885,0.03306344944524829,373.5538714788304,5,0,0,17,0.0,538,207.0,0.3735538714788304,393.61333985256846,254178.15222160032,815.8590817462714,500000.0,0.42038370236047573,0,14,38.25962788959227,8,E6,0.75,marketplace
7.195987647490983,14.343515170267548,7.1018087433839225,15.672011558206531,7.547674585621887,10.783074033757522,39.384190729519105,39.384190729519105,42.75174813885178,54.0041924623777,23.47491585378392,28.974883277469964,5.626416855925819,5.548317570913241,8.039203328184353,14.343515170267548,0.9473684210526315,0.9876543209876543,47374.080402398526,549736.351411949,548736.351411949,603,0.9981809461982428,0.0,0.0,1000.0,20.790670870658218,25.382608026528942,28.816917227186014,23.295249873295532,7.195987647490983,465.3686800202916,2043.7154668383757,1010.1705580170379,0.4942814077635621,1214.585575829983,0.03685666618519435,434.9414764146351,5,0,2,24,178.53283875621773,569,207.0,0.4349414764146351,378.0229630179693,234206.4145811625,885.692827189964,500000.0,0.40267093962633194,0,11,29.73133173713657,9,E6,0.75,marketplace
2.3699320690990198,2.5779653823437,6.382724574712938,11.38281950730952,5.620095667489039,10.274981424893209,,,,,22.88522545481995,28.81176923259911,2.961554153285465,3.7414806466814725,6.001410121100989,2.5779653823437,1.0,1.0,13819.243346008723,516514.44304295897,516514.44304295897,540,1.0,0.0,0.0,0.0,21.48412940712561,25.70470829303956,28.811769232597726,22.309829791192797,2.3699320690990198,425.48905829292806,1693.4937084942837,850.2267879275784,0.5020548843275778,928.0201099931393,0.02788307865351723,307.2288165708068,1,0,2,17,0.0,520,207.0,0.30722881657080686,401.35804837373905,263972.36478328,785.3368627688319,500000.0,0.35538605915632937,0,11,31.63447754406671,10,E6,0.75,marketplace
9.587592650372445,28.628826081107945,8.287383105775234,16.146526323644416,3.390942231895747,5.656861045441155,,,7.552558473439603,7.552558473439603,23.600099629128902,28.982996631449762,3.209795978268013,5.001558342894714,4.789925338718457,28.628826081107945,0.8095238095238095,1.0,26006.043708159235,531772.2574830158,531772.2574830158,543,1.0,0.0,0.0,0.0,22.280790691133785,25.7047082930396,28.972819365854228,22.621233985297973,9.587592650372445,434.84030969528123,1654.449140489297,827.3592140369626,0.5000813828536755,946.469987585778,0.029928120216463194,339.8324695270214,3,0,0,19,0.0,513,207.0,0.3398324695270214,389.9034399630169,248364.3122842901,834.8213580387329,500000.0,0.37754082851252635,0,8,26.74766937507789,11,E6,0.75,marketplace
11.811993748003585,29.245130384302886,18.671791526537806,43.3964710902402,4.995980005050114,4.995980005050114,,,,,24.40707804119776,31.51672494755478,3.9349470106349145,6.896352705821757,16.71810416632528,29.245130384302886,0.8571428571428571,0.8571428571428571,3605.0987133016765,503977.3460501888,503977.3460501888,521,1.0,0.0,0.0,0.0,23.85949008651368,25.704708293039857,31.507061939559435,24.272747202717785,11.811993748003585,445.1513121811619,1497.085884716618,741.7496199733778,0.4954623028282595,853.9220883950395,0.03009614798899981,343.89816277420397,5,0,0,22,0.0,492,207.0,0.343898162774204,411.4151157542819,280081.2100743876,740.2992086034801,500000.0,0.3972027668946221,0,2,5.908785513585686,12,E6,0.75,marketplace
3.898203990893353,7.12002878169424,3.337104985225325,4.878364672661701,8.418270347989392,13.086326150398238,,,,,23.045238607655204,28.972819365853866,2.452918581063983,3.858154202847493,5.595400702009354,7.12002878169424,1.0,1.0,6216.486291594783,506496.9548278934,506496.9548278934,522,1.0,0.0,0.0,0.0,22.253693745168874,25.70470829303963,28.972819365853866,22.823135954550125,3.898203990893353,427.021246423767,1551.7453649609786,779.300397497175,0.5022089416821116,886.563732655947,0.027621643023653508,311.82294085577394,3,0,0,16,0.0,504,207.0,0.31182294085577394,409.30517146208683,275399.3848597984,752.7679230162225,500000.0,0.36141680211892924,0,5,13.264047713570447,13,E6,0.75,marketplace
9.275140360158613,23.47460106112303,10.782655445809654,23.242224422678056,6.833074967965523,8.096805046122881,5.598540772079986,6.260903690555369,,,22.881171688580093,28.972819365853866,3.2394729514810154,5.588284318816115,7.610952262920459,23.47460106112303,0.896551724137931,0.9516129032258065,58929.484502104126,566652.9292862886,566652.9292862886,576,1.0,0.0,0.0,0.0,20.84388708460374,25.382608026528942,28.892294299226478,20.946604757608952,9.275140360158613,430.12457681891226,1882.0789331992837,937.554934974928,0.4981485730681919,1097.524471489456,0.03108535542511281,379.06790766148623,0,0,1,23,0.0,551,207.0,0.37906790766148624,365.97193306467125,217036.19093009082,955.5045498124322,500000.0,0.374910797898283,0,7,21.918222030894718,14,E6,0.75,marketplace
10.734784746384639,38.95879406211971,14.551348864242604,38.58580795022226,8.818230859315173,25.44250112557438,6.444513425352203,8.043765538817388,7.143042659128923,8.176248719180558,24.54686009286902,29.622629294839548,4.709468367341246,8.768174256179556,11.479242553308385,38.95879406211971,0.8285714285714286,0.972972972972973,64862.71277757866,573615.9384122625,573615.9384122626,603,1.0000000000000002,0.0,0.0,0.0,21.95402935882831,25.591524170120465,29.227645395955665,22.366529746493143,10.734784746384639,457.0909449588474,2051.86151337176,1011.4327880465931,0.4929342362801753,1228.9552904078323,0.03814493301695049,490.0955509673105,6,0,0,21,0.0,565,207.0,0.4900955509673105,361.7230304396501,210328.4329549125,986.5052129944141,500000.0,0.403781714654235,0,9,26.022227945159216,15,E6,0.75,marketplace
4.824587227847644,14.479178295617384,8.321875706052117,16.31750758810631,34.01967026822209,65.23908835396979,,,,,23.91885099381394,28.972819365853912,2.959320575187197,3.9671929699394695,16.887807226775443,14.479178295617384,1.0,0.9642857142857143,8440.199489225186,509188.49886297405,509188.49886297405,531,1.0,0.0,0.0,0.0,22.998043090400405,25.70470829303963,28.972819365853866,23.652641059006093,4.824587227847644,446.4198484333196,1555.3916457662974,773.1855053062551,0.49710020457601756,889.702200893024,0.027501248696666477,314.2515476161299,1,0,1,17,0.0,504,207.0,0.3142515476161299,407.1463750861461,275178.6122400684,753.3806855845077,500000.0,0.3800213178192588,0,4,12.984768772447051,16,E6,0.75,marketplace
6.651826517912923,11.633884945971657,4.638806808790922,9.021856955915611,5.0195540376358965,5.415498950250003,,,,,23.48777542439721,28.811769232597726,3.421084873521202,4.841800004591278,4.797451487476327,11.633884945971657,0.9333333333333333,1.0,10188.61735102234,511539.3687118152,511539.3687118152,538,1.0,0.0,0.0,0.0,22.191201601163097,25.70470829303963,28.794320463274197,23.07202359473022,6.651826517912923,437.4316856963578,1635.2935269171203,813.0664371727268,0.4971990800364334,930.3464102906458,0.030173824414073215,351.1565273342612,4,0,0,13,0.0,523,207.0,0.3511565273342612,405.3474066903133,270907.2950383387,765.3952489466554,500000.0,0.38993803235970725,0,6,16.699708771619658,17,E6,0.75,marketplace
5.8189141102444095,12.51748920696719,5.622996347621847,7.516055405948186,6.721856332945208,10.090474220504802,11.170209265351787,21.66285151833972,7.388555948711655,8.193828707899593,23.219435439605654,28.972819365853866,6.084177188483272,11.532665644078042,7.228356905242172,12.51748920696719,0.9565217391304348,1.0,68261.72443658626,577118.2182746406,576118.2182746406,575,0.9982672527597732,0.0,0.0,1000.0,21.010213962832065,25.382608026528942,28.811769232599044,21.31468020427805,5.8189141102444095,442.3094006963219,1869.251812405751,922.7355882769484,0.49363899617643053,1089.9341531431949,0.032208281786062797,383.3355311382378,2,0,4,23,0.0,549,207.0,0.3833355311382378,359.9666335013846,214719.22712967332,965.83495713635,500000.0,0.3573548167523752,0,5,12.010811403574765,18,E6,0.75,marketplace
10.414489232791116,35.80854814767081,6.2740919584301915,15.084302608348855,11.29759163653741,36.277323093640014,,,114.13478743119595,114.13478743119595,24.159525669546376,29.778070032131676,3.0681748481347393,5.026499048924963,8.047091844820974,35.80854814767081,0.8,0.9855072463768116,37728.11627304937,538786.9281851918,536786.9281851918,582,0.9962879574552103,0.0,0.0,2000.0,22.038902516513364,25.382608026528942,29.833391625078455,25.44896644497577,10.414489232791116,495.49969734525104,1957.848193644549,979.2994793611462,0.5001917321986915,1104.0790250430034,0.03529482336346224,404.02632263865036,2,1,2,19,0.0,547,207.0,0.40402632263865035,386.3805458598726,243346.09533539516,852.3006133991225,500000.0,0.36194279682035857,0,14,36.54737829068477,19,E6,0.75,marketplace
4.2115028107515275,8.155519356463358,5.7404558434220005,8.661773501852759,7.095198854947012,12.077693966070639,7.597944494584681,7.597944494584681,7.993984659122418,10.533077766998042,23.110261136617353,28.972819365853866,3.37886244702914,4.888054004729975,6.525110726039068,8.155519356463358,1.0,1.0,42968.20466135957,546796.3875473237,546796.3875473237,559,1.0,0.0,0.0,0.0,21.14782890583349,25.704708293039516,28.811769232597975,21.72863512543523,4.2115028107515275,430.937731166016,1742.2608915067358,867.4752440996434,0.4979020354118358,1011.034785489491,0.03148336291045193,370.7095495520101,4,0,2,17,0.0,538,207.0,0.37070954955201013,379.24667073921484,242027.96817948367,856.8047366979073,500000.0,0.3800334799247877,0,3,6.739607744034586,20,E6,0.75,marketplace
4.81252636985883,10.272912737426493,3.9236680817866727,5.713554465499238,3.2581535382323636,4.251186690629038,4.820118274277775,4.820118274277775,,,23.481055073144365,28.972819365853912,2.7913138169016443,4.499741436071782,3.869345719959483,10.272912737426493,0.95,1.0,17327.275816339392,522341.9832740221,522341.98327402206,537,0.9999999999999999,0.0,0.0,0.0,22.14684293124981,25.70470829303963,28.972819365853866,22.789030164478845,4.81252636985883,441.0014934134784,1664.932634331145,834.1587498973132,0.5010165172433061,918.7502749715725,0.0273920718222584,310.13872619949433,1,0,0,13,0.0,518,207.0,0.31013872619949434,396.8858436895814,262140.0326717538,790.8373879917411,500000.0,0.3562435765903092,0,8,23.224148741155517,21,E6,0.75,marketplace
8.012531955768168,17.84083304701735,11.811132090628917,25.09086171117906,5.430507849660178,12.318012202655154,4.675293146604872,4.675293146604872,,,23.506097022331996,28.972819365853958,4.5159499405608585,8.071173344739329,8.02616672480921,17.84083304701735,0.9166666666666666,1.0,19226.136203616657,520041.7500651535,519041.7500651535,532,0.998077077465656,0.0,0.0,1000.0,22.48618486423993,25.704708293039516,28.972819365853866,22.802997136351525,8.012531955768168,429.0532038337618,1542.2218414081942,761.098339038165,0.49350769040024123,901.8692160378306,0.029967178930037086,336.18696832095293,5,0,0,20,66.95580926203557,498,207.0,0.3361869683209529,399.4595558879315,265059.6017420545,782.2247736193776,500000.0,0.36031833999174,0,3,8.544387343355774,22,E6,0.75,marketplace
3.350984402312929,6.0277576482663795,6.743674965270325,12.312317045223427,10.489374575006059,17.783637659148624,5.252203588423285,6.129757111263141,7.158755276702067,7.158755276702067,23.099547629027512,28.83863306970425,4.54566402830773,8.739888448648884,7.932435425396645,6.0277576482663795,1.0,0.9852941176470589,44840.47463850063,546785.5630729868,546785.5630729868,585,1.0,0.0,0.0,0.0,20.496396945760836,25.467722731671984,28.265039987530873,21.751520604892022,3.350984402312929,433.1229693109106,2013.5816899152433,1003.1498371833204,0.4981917754851781,1100.6309538562261,0.03271881651829316,399.4098897163427,2,0,2,22,0.0,558,207.0,0.3994098897163427,379.30666772566553,239048.40776145126,867.6042305903255,500000.0,0.3641965552148081,0,9,28.28972527154638,23,E6,0.75,marketplace
25.617480524374443,53.10181584297242,37.68833406995964,53.606710173294054,27.639247131794694,60.116005222782405,101.60291150903959,131.24262311203728,124.13542559379493,124.13542559379493,23.175497073586076,28.972819365853866,3.419502090020362,5.043066692920184,40.180825565604664,53.10181584297242,0.631578947368421,0.6764705882352942,34421.87232108315,535140.8176419535,535140.8176419535,544,1.0,0.0,0.0,0.0,23.588426460743015,25.704708293039857,31.18945681797977,26.82523302480311,25.617480524374443,529.302837423727,1644.796820087697,818.8257317553282,0.4978278908100456,938.8955159216558,0.03334860820113926,375.30864224299455,4,1,2,20,0.0,511,207.0,0.3753086422429946,387.5154011910778,249876.43019077048,829.9114425635119,500000.0,0.3959779738175134,0,10,33.29403674270909,24,E6,0.75,marketplace
26.55032401706285,26.55032401706285,,,,,,,,,23.93243773222446,28.972819365853866,,,,26.55032401706285,0.0,1.0,209.99028817615883,500209.99028817617,500209.99028817617,501,1.0,0.0,0.0,0.0,23.93766305415029,25.704708293039857,28.972819365853866,23.93353673205661,26.55032401706285,436.25519866406967,1410.0202616361225,709.6693201499992,0.5033043421138726,799.8735793955925,0.02880369802461553,314.99936736515957,6,0,0,17,0.0,480,207.0,0.31499936736515954,414.45593529215364,284056.19267790637,729.8379852694898,500000.0,0.11298581764967475,0,2,6.686917343769473,25,E6,0.75,marketplace
9.878806345719857,19.12529490814086,6.80325548197455,14.809523018712753,16.90489348087866,40.198538062068124,,,,,23.225836229163743,28.811769232598,3.455959229466316,5.3395177123869875,12.242599019845994,19.12529490814086,0.9090909090909091,0.9583333333333334,8275.236379187336,508449.34756596206,507449.34756596206,527,0.9980332357494661,0.0,0.0,1000.0,22.526255734974367,25.70470829303963,28.811769232597726,23.0214347723168,9.878806345719857,426.00106623903235,1535.297983342684,765.0122155713691,0.49828256395267845,891.8716924158375,0.03068466839171503,338.85590007642253,5,0,0,19,0.0,503,207.0,0.3388559000764225,408.5902502281274,274368.6682529113,755.6943626994347,500000.0,0.4370849188412557,0,3,10.349166942676964,26,E6,0.75,marketplace
5.240624169440097,10.158648889476497,7.075266138665626,12.96752255761462,5.028229875277627,8.544796331136695,,,,,23.81270666924598,29.389139190420657,11.550683180129312,35.16088325050894,6.197964882927912,10.158648889476497,0.9285714285714286,1.0,12370.949722949961,513597.1255335828,512597.1255335828,535,0.9980529486044901,0.0,0.0,1000.0,22.6824043740709,25.7047082930396,28.97281936585432,23.319949136432257,5.240624169440097,435.4243485197478,1662.4107742954059,829.5981362765557,0.4990331806699049,936.7083238299294,0.0317380248894676,378.6581044722722,5,0,2,18,33.50503363981419,511,207.0,0.3786581044722722,404.56461375705834,268506.33132423187,772.3417808500554,500000.0,0.4058539714704266,0,9,27.827007544480402,27,E6,0.75,marketplace
7.053855921370475,14.205008302981698,7.112553527613503,13.312721930651966,9.048159171832348,19.808684074916755,8.001431536369779,9.721348698214417,7.903489301740194,7.903489301740194,23.878351061199698,28.90112101991508,9.019676683239567,24.842399252976666,7.9495153952901045,14.205008302981698,0.9166666666666666,1.0,26590.43369586375,528937.8456762048,527937.8456762048,536,0.9981094186998066,0.0,0.0,1000.0,22.774620521804838,25.70470829303963,28.81176923259852,23.092335904384512,7.053855921370475,443.70866525863613,1647.0824697031267,819.1248234545311,0.4973186458612311,966.7970707461994,0.02999798661681733,342.7611577177696,3,0,1,17,0.0,512,207.0,0.3427611577177696,392.7408554924577,251977.15410533745,822.8633341538552,500000.0,0.4042109967808242,0,3,8.544387343355776,28,E6,0.75,marketplace
4.109818027857542,6.765789409117275,7.068100516245378,13.661027665117217,6.313416261788984,14.376329819381827,21.37212278060747,35.156139562725684,10.323623225348229,18.03582783592383,24.20392308597002,29.679317072067764,3.6128469848445093,4.586909754531326,7.584759780539812,6.765789409117275,1.0,1.0,77164.28456252046,584688.0408818187,584688.0408818189,599,1.0000000000000002,0.0,0.0,0.0,21.17418828800975,25.467722731671483,28.972819365853866,22.257315152560047,4.109818027857542,465.576979286823,2046.0105543168108,1008.1637204357993,0.49274609962725147,1164.779250088548,0.034564971075061984,413.9771265110262,2,0,4,24,0.0,564,207.0,0.4139771265110262,354.74297851841123,210813.70050517924,983.8733281066583,500000.0,0.36948614926693946,0,7,25.77629716849071,29,E6,0.75,marketplace
5.469319332424546,9.387732712821345,8.201398138682054,13.311958227533074,10.060683317133623,17.037179308463635,,,,,11.974156487954573,49.388548504888064,4.719184229987382,11.222224470328955,8.550014109641722,9.387732712821345,0.9565217391304348,0.9743589743589743,13968.57625752051,514733.05309149995,511168.69032125414,549,0.993075317878193,0.0,0.0,3564.362770245745,11.469698828191609,1.76912734634152,45.97132864346578,11.875294515110328,5.469319332424546,622.2455835592511,1780.7505492646571,875.4766198562763,0.4916334970205656,908.6736045924433,0.024439392040117552,288.5142294953795,2,0,0,0,0.0,549,207.0,0.28851422949537947,405.5188006511525,271454.9215339287,763.6203943481892,500000.0,0.566123741626417,0,0,0.0,0,E6,0.9,inhouse
4.941001894752235,6.756296654354038,5.886919990424673,9.325599946644616,5.3235144675525135,5.769971101649117,23.334560273883653,35.14709822525456,,,12.042291965943628,43.467185228605665,2.924044351710381,4.510293762217043,8.905562172088445,6.756296654354038,0.9285714285714286,1.0,22776.714596747763,523156.8520526396,516237.90470122895,530,0.9867746215608881,0.0,0.0,6918.947351410646,11.703587575754472,1.76912734634152,42.016665556216,12.053352882980953,4.941001894752235,1559.7301749609444,1653.994853225657,818.753027078831,0.4950154624012771,830.3623679411909,0.027585457228127237,315.9966513001266,2,2,0,0,0.0,530,207.0,0.31599665130012655,401.59003196652833,265254.0531389733,781.5752264591488,500000.0,0.6190633798766422,0,0,0.0,1,E6,0.9,inhouse
18.965300774938743,41.161501859935925,18.755322369411942,41.24890363072443,26.835124746422782,70.04239379936553,,,,,14.44699680573626,57.26749723905182,15.087891920836318,45.91719740909247,22.2180948167023,41.161501859935925,0.8095238095238095,0.9142857142857143,29310.196036041838,530894.1092591553,511538.1379026824,545,0.9635408059368308,14403.979793049497,0.027131549478199637,4951.991563423368,14.832480671163374,1.76912734634152,53.61817678936834,14.71936216955712,18.965300774938743,1725.3013266370538,1757.3668183643501,862.3823089001918,0.4907241333387896,913.9202113691667,0.02985707981498925,372.4532310024391,2,2,0,0,0.0,545,207.0,0.3724532310024391,405.3900146746322,270675.9241677244,766.1281802902577,500000.0,0.5639541617600433,0,0,0.0,2,E6,0.9,inhouse
10.193281979218284,39.00080227419504,15.209544438582716,43.03509571940486,22.94964627237232,65.06737941689245,,,109.33746947983764,109.33746947983764,13.094980397453881,49.58574472811406,9.556547234412356,10.603300610249885,17.91858008040908,39.00080227419504,0.8181818181818182,0.9523809523809523,28096.063942230638,530369.5763930491,521856.1100142247,556,0.9839480491382575,0.0,0.0,8513.466378824305,13.244040624829356,1.76912734634152,49.0197817726571,14.541466174596765,10.193281979218284,1457.526546325154,1861.373788678157,913.4987148760761,0.4907658635962589,950.3831190491919,0.029934459833803006,359.1205800913568,2,2,0,0,0.0,556,207.0,0.35912058009135683,397.34922443360716,259859.95795949057,797.9648815783171,500000.0,0.5838922573957693,0,0,0.0,3,E6,0.9,inhouse
6.829657877329914,15.67174271245842,15.262086029263855,34.75302898072114,9.389241958633354,21.800390145862746,,,5.509207157457922,5.509207157457922,12.801484611398774,46.729491531395254,2.7676923460626504,4.0570899555555116,12.521425462969622,15.67174271245842,0.8888888888888888,1.0,32491.15341102122,534209.4492904893,519247.6457357165,546,0.971992626535071,12883.956746220842,0.02411780016870289,2077.8468085520485,12.363038543490989,1.76912734634152,41.047165391330395,12.57947763996229,6.829657877329914,568.2769780216704,1748.7091729645076,862.719449526663,0.4933464425443218,867.9453527131134,0.026334714763002722,294.17895823030386,3,1,0,0,0.0,546,207.0,0.2941789582303039,399.2202577337012,263461.3732691186,786.8105156594813,500000.0,0.606349531269034,0,0,0.0,4,E6,0.9,inhouse
16.271808474383455,45.62881965701115,24.551957265489598,78.67941339191881,37.979172536646594,78.80141194968245,26.46086884564902,52.24531948134209,,,13.36495179223538,56.21153710540514,9.629510903011642,15.322761239896863,29.511154183157426,45.62881965701115,0.8461538461538461,0.7818181818181819,43452.69323580841,547328.4080016714,541284.5141829726,571,0.9889574636902816,0.0,0.0,6043.893818698931,14.21267699161368,1.76912734634152,58.18487256172568,14.342842818126956,16.271808474383455,613.5080375407443,1904.1944713808682,931.4862706158749,0.48917601884453915,996.7975230673703,0.026098065615998284,305.027943179983,2,0,0,0,0.0,571,207.0,0.305027943179983,382.9871768197378,239231.7124343753,866.5449318306692,500000.0,0.5477899506186383,0,0,0.0,5,E6,0.9,inhouse
7.9851167659113695,28.30527507403763,17.08891157259107,49.65915949927149,10.422481893679105,21.315014601742657,30.946385150577726,30.946385150577726,,,12.710435515953176,46.24246971400204,9.840843709890702,13.749091000061071,16.377342398276557,28.30527507403763,0.8518518518518519,0.9555555555555556,31608.77227884693,532684.458673951,517344.07368663664,556,0.9712017410353923,0.0,0.0,15340.384987314408,12.542908911212177,1.76912734634152,43.299523234469234,12.828331487984139,7.9851167659113695,4498.900758523237,1807.8369908569014,883.4216912792396,0.48866224983066875,882.8502634371747,0.02819103685710248,360.01282105261237,3,1,0,0,0.0,556,207.0,0.3600128210526124,400.8164457038969,264922.2920893838,782.7201372359035,500000.0,0.5672940655332637,0,0,0.0,6,E6,0.9,inhouse
7.701134241403089,11.706677196678417,21.79391865118885,81.60470387420924,2.152714574829664,2.3905203138846502,,,,,11.780924491876926,45.26666600318999,17.614905452228996,52.37733120477816,15.591433153391213,11.706677196678417,0.9459459459459459,0.9285714285714286,40773.60461111535,543849.2288690333,519299.493545086,574,0.9548592991940066,11470.75105855638,0.02109178509347248,13078.984265390869,11.827020454573054,1.76912734634152,45.19674575592547,11.60453698816212,7.701134241403089,4814.005711183904,1901.9093671096496,930.9066265727706,0.48945898404584787,922.2951238485527,0.026902418118933586,342.2189966240473,0,1,0,0,0.0,574,207.0,0.3422189966240473,399.2729081655121,263488.0742470885,786.9131063677169,500000.0,0.5959807656348315,0,0,0.0,7,E6,0.9,inhouse
12.634498022060916,39.94887732929135,14.372292225264573,35.3876264185905,4.406181162175395,5.890981185440564,,,,,12.638800314141609,47.80017257477795,22.263879961627225,55.484753219367676,8.509873952859174,39.94887732929135,0.875,0.9024390243902439,38363.5914215517,540361.5398106,516505.0450811354,553,0.9558508647047189,13515.69167661024,0.02501231246277737,10340.803052854337,12.720547063903071,1.76912734634152,48.34345317501575,12.586031377149366,12.634498022060916,3294.177561578279,1766.3233582704293,873.2332824513811,0.4943790605285573,860.4841184635469,0.02720629774847234,326.06759148684023,3,1,0,0,0.0,553,207.0,0.3260675914868402,401.4018247564628,265022.26396322006,782.2967945827362,500000.0,0.5854321227563949,0,0,0.0,8,E6,0.9,inhouse
30.39825538583384,82.26790922143738,17.908682294973627,53.39125533652211,25.467297143211795,52.24128436304818,32.178859031288084,32.178859031288084,,,12.234959156241507,42.73208839069127,7.739373295862909,24.366496976756025,21.288882652676755,82.26790922143738,0.5675675675675675,0.8311688311688312,47374.080402398526,549736.351411949,531721.7835011798,598,0.9672305317549031,0.0,0.0,18014.567910769296,13.806517011232103,1.7691273463417474,45.64730743535794,13.112560229877134,30.39825538583384,837.1052582450379,2084.5558997712533,1020.2980658861786,0.48945584332765557,1051.0160218585593,0.03080514436225462,384.69843538125724,3,1,0,0,0.0,598,207.0,0.38469843538125725,390.0248304100581,249897.33033197053,829.8796075967906,500000.0,0.5531069659208471,0,0,0.0,9,E6,0.9,inhouse
3.300279529316133,5.87393314946512,25.74401600637657,36.53719942370653,15.140724465299968,38.98074526817447,,,,,10.61894906005447,37.45550288653231,7.077427377367965,16.58666855993524,21.199748203058025,5.87393314946512,1.0,1.0,13819.243346008723,516203.98819530365,512439.70357091265,536,0.9927077575716698,0.0,0.0,3764.284624391007,10.658342323036322,1.76912734634152,37.162619578800786,10.714256131856182,3.300279529316133,451.08676488194175,1693.2958769206518,838.7547119354819,0.4953385426419402,843.7692578621898,0.02177028044893364,246.05026348725096,0,0,0,0,0.0,536,207.0,0.24605026348725095,404.43011893751134,268741.8694813036,771.1714243243566,500000.0,0.6112463612354128,0,0,0.0,10,E6,0.9,inhouse
16.686776418701612,78.52094027372796,24.948279610185182,57.14412816179512,18.92463286398715,54.11926081785292,,,,,13.132019168495551,50.946918971312975,9.558999484306582,23.520913941915865,20.778062632048083,78.52094027372796,0.8421052631578947,0.84375,26006.043708159235,527294.9549528928,512884.71365078015,538,0.9726713840768682,0.0,0.0,14410.241302112803,13.40246681659028,1.76912734634152,52.209557341819945,13.16081295391392,16.686776418701612,2588.302553706767,1678.010513205942,825.0716288504216,0.49169634061116313,842.4529041835741,0.02292466236876458,258.6907455093998,2,0,0,0,0.0,538,207.0,0.2586907455093998,404.1038565376906,268948.8830438438,770.6248429063834,500000.0,0.6083714544203733,0,0,0.0,11,E6,0.9,inhouse
12.813926994153311,30.770022164210786,20.885325375958132,55.50523238179187,4.225080002754112,4.225080002754112,,,,,13.780226444372122,55.25900217501992,4.606422040637351,8.636184985545015,18.505290322643273,30.770022164210786,0.8333333333333334,0.8461538461538461,3605.0987133016765,503952.3254688477,503876.7780291642,519,0.999850090106017,0.0,0.0,75.54743968351448,13.726728995478435,1.76912734634152,54.727691508723176,13.739616870548144,12.813926994153311,258.14500712884757,1574.7490658347915,781.5215504493926,0.4962832284870095,770.8999783914828,0.024778605262962893,287.574917459989,3,1,0,0,0.0,519,207.0,0.28757491745998903,411.38544968917427,280105.41748810926,740.0341513432511,500000.0,0.633173357455408,0,0,0.0,12,E6,0.9,inhouse
5.52301062426572,9.717893420228393,5.054860061637299,7.643647567353035,6.673862874927181,10.491083928026821,,,,,11.167486812086528,41.36022057546008,6.058417580186102,12.056829802627089,5.774416867543914,9.717893420228393,1.0,1.0,6216.486291594783,506496.9548278934,506496.9548278934,522,1.0,0.0,0.0,0.0,10.93906002058662,1.76912734634152,39.40563932087007,11.110242750700378,5.52301062426572,187.65056781009824,1588.5693893757214,789.9454717459636,0.49726847126041984,774.3506545062869,0.026893352507183874,316.7133620449621,2,2,0,0,0.0,522,207.0,0.3167133620449621,409.3148268433139,275405.8814453192,752.7679230162225,500000.0,0.6328097643313192,0,0,0.0,13,E6,0.9,inhouse
13.069269967146708,38.094758738708116,11.150276096342035,23.476645765637024,13.155102930135914,46.18497341348652,5.188924747737474,5.233270554192131,,,12.176838213217213,41.23496998491304,3.041784906185808,4.759203695602854,11.739444685596673,38.094758738708116,0.8518518518518519,0.9019607843137255,58929.484502104126,560140.4496017806,528911.8370804393,561,0.9442486031074124,0.0,0.0,31228.612521341387,12.038242276716126,1.76912734634152,40.54169235764675,12.190263920524703,13.069269967146708,4846.653768641257,1845.841565090575,914.2985795072201,0.49532884988552944,961.7802544385271,0.024216172166730176,283.5178840530401,0,0,0,0,0.0,561,207.0,0.2835178840530401,391.90561328376623,251618.28172708966,823.8014998801914,500000.0,0.5546431569446396,0,0,0.0,14,E6,0.9,inhouse
48.10609616346618,171.86379947696156,23.373583340923602,87.15946827763241,18.198613589638352,34.76565864581359,5.639048593046482,5.693177683721387,,,11.841008150975226,42.087129340324104,16.06549654626052,36.169264856204066,20.730590401268852,171.86379947696156,0.6875,0.7846153846153846,64862.71277757866,569803.8948999027,534346.3053831415,588,0.9377722935309347,0.0,0.0,35457.58951676133,14.478767102932645,1.7691273463416337,50.3908353412563,12.382962655742821,48.10609616346618,7066.851567353417,2069.156091664151,1006.7109291848499,0.4865321341587076,1058.7153785422154,0.03615748504054317,554.5461562933094,3,3,0,0,0.0,588,207.0,0.5545461562933094,388.42702581703224,246359.49089299582,842.4865037833792,500000.0,0.4445468707160023,0,0,0.0,15,E6,0.9,inhouse
19.07462409417848,87.44937989152277,36.972563827140725,90.42044910396089,5.100388644918894,5.185503350061663,,,,,13.088696580119224,47.62626589461458,2.8330496482815306,3.968379348336066,29.00452003158527,87.44937989152277,0.8125,0.7916666666666666,8440.199489225186,508637.27469418704,505125.92929599487,526,0.9930965629675816,0.0,0.0,3511.345398192101,13.4738489260755,1.76912734634152,53.36119469430548,13.090081345312392,19.07462409417848,411.0248350876573,1600.4982474106673,795.1121466120532,0.49679038880449183,775.103403730661,0.025596652623189355,299.3559697516189,4,1,0,0,0.0,526,207.0,0.2993559697516189,410.3914369604215,279104.0084285486,742.731561387879,500000.0,0.6316639237665695,0,0,0.0,16,E6,0.9,inhouse
8.240078976961481,22.022009392768737,13.772194135189197,22.71758878580422,16.01982401903363,33.48052948100335,,,,,14.150094933609614,54.82757675726865,26.613902197294397,90.172080329697,14.446483100342528,22.022009392768737,0.8571428571428571,0.9583333333333334,10188.61735102234,511071.9197908895,508246.4808123163,534,0.9944715433011282,0.0,0.0,2825.438978573131,14.234105665652878,1.7691273463416906,52.904971460447854,14.183870674247624,8.240078976961481,667.3184131811977,1638.463969896028,808.3807251633178,0.4933771752177225,792.6664174201728,0.02841607908865181,396.70089759616104,4,2,0,0,0.0,534,207.0,0.39670089759616106,408.0632305926049,274778.6272485784,754.777411090182,500000.0,0.5695714170455627,0,0,0.0,17,E6,0.9,inhouse
7.142685178491818,13.165228767503322,9.034068784919691,22.855004027560426,3.20314656883364,4.834590675691652,10.8910087835161,15.709432005848521,5.163644635195851,5.163644635195851,12.242404577204303,42.47217452316635,19.644342004057172,80.03982959784571,6.150544432442657,13.165228767503322,0.9523809523809523,1.0,68261.72443658626,570243.9701911092,537520.0751908021,564,0.9426142200340318,10823.216117411037,0.018979974683088343,21900.678882896165,11.993049196570414,1.76912734634152,40.47696467386184,11.891451148169537,7.142685178491818,2811.4995159944338,1842.9654993208053,900.6778838796669,0.48871120170811494,910.203524568404,0.029777484014648803,360.79495587168236,2,2,0,0,0.0,564,207.0,0.36079495587168237,385.7731171850007,242848.46210132542,853.8690884085279,500000.0,0.6034001720546897,0,0,0.0,18,E6,0.9,inhouse
18.202918579869046,93.73859768331313,14.598524723247799,8.170409776954516,29.32456247162234,90.84797611173526,,,,,12.211581933273237,43.03867437877078,16.276942909993824,25.700252150074558,18.873826005033955,93.73859768331313,0.84375,0.8412698412698413,37728.11627304937,538786.9281851918,517278.05250553286,576,0.9600790691932565,11490.801113996251,0.021327171304435642,10018.074565662613,13.00180310096375,1.7691273463417474,44.63348107545653,12.624598541245247,18.202918579869046,761.8386120556193,1996.205809656284,979.2623479439237,0.4905618164254004,1015.239273963723,0.03358916344069081,390.05157725375466,2,3,0,0,0.0,576,207.0,0.39005157725375467,400.92567348009703,263057.37276057806,788.3833454309225,500000.0,0.5854657039402914,0,0,0.0,19,E6,0.9,inhouse
8.863000264369694,35.39501067477822,4.168681417359562,6.011889904752638,21.81870688549293,35.88487848796099,4.9508338676182575,4.9508338676182575,4.692446216563667,4.692446216563667,13.074386648086431,48.787857024187176,14.655778899282438,45.4234624886908,8.67895684067524,35.39501067477822,0.8333333333333334,1.0,42968.20466135957,546023.0117091311,522229.45427683793,549,0.9564238925428877,12015.37519389233,0.02200525424062709,11778.182238400757,12.857052629724176,1.76912734634152,44.8298648999909,12.863157108183147,8.863000264369694,3306.4870219259014,1723.9427473392275,850.832510303833,0.49353872778955526,850.2846735833258,0.028666031207683587,313.8930417241353,3,2,0,0,0.0,549,207.0,0.3138930417241353,396.97855290219877,259816.36830067722,797.9246819500084,500000.0,0.42301326645519555,0,0,0.0,20,E6,0.9,inhouse
28.10273962003704,102.41680617077472,5.56371070752366,10.136577495967686,9.474010251589789,9.474010251589789,6.687001483147014,6.687001483147014,,,13.263675987248787,54.45088085179607,5.127555156336484,8.948556025296739,6.282795038907872,102.41680617077472,0.7368421052631579,0.8461538461538461,17327.275816339392,518024.1647502009,509574.23508279055,532,0.9836881554135897,0.0,0.0,8449.929667410348,13.610028087623068,1.76912734634152,55.24019800447216,13.212192668928106,28.10273962003704,1621.2701213655087,1645.3665430815508,813.5754633886598,0.49446457192750626,808.9031604727852,0.027008869194839212,395.0565330870153,1,2,0,0,0.0,532,207.0,0.39505653308701527,406.99674797999063,273612.67886862025,757.9877416158454,500000.0,0.5730725132281754,0,0,0.0,21,E6,0.9,inhouse
21.028756145038773,73.59081144932235,18.601943360515314,49.060916665661,23.33680964962184,58.543730508663074,,,,,12.108153886309555,41.321754546733956,13.485522277086805,42.46288350269388,20.706328377895993,73.59081144932235,0.6666666666666666,0.8095238095238095,19226.136203616657,520041.7500651535,514161.652876334,530,0.9886930286114858,0.0,0.0,5880.097188819491,12.479525797717148,1.76912734634152,45.00140192280307,12.060677371430112,21.028756145038773,1783.243153641945,1624.8447171953073,796.534507612654,0.49022192655281904,794.2048013515665,0.031250174572486265,355.36195296103494,5,3,0,0,0.0,530,207.0,0.35536195296103495,403.2882670128534,270956.6981720797,765.2712162194765,500000.0,0.6350460728379984,0,0,0.0,22,E6,0.9,inhouse
9.601881645683761,18.314339921703194,5.599593578585344,9.35441428578911,8.142957386944735,14.081510390008589,,,,,12.721944133242006,44.43729845706031,8.17362345360336,19.847012182977778,6.263079789461706,18.314339921703194,0.9210526315789473,0.9836065573770492,44840.47463850063,546620.9219574383,519191.5804046162,576,0.9498201761934061,12710.581287026522,0.023253009126526277,14718.760265795685,12.139754784928222,1.7691273463417474,39.44779928390608,12.512572396166503,9.601881645683761,3889.2938923919996,1986.8913872068185,974.4000961002389,0.4904143741193902,1002.266141288611,0.026285154797295766,317.8565309278369,2,0,0,0,0.0,576,207.0,0.3178565309278369,399.3089725556816,262728.012429287,789.0968862207917,500000.0,0.5753162386196352,0,0,0.0,23,E6,0.9,inhouse
24.890717354758905,55.54614584934951,22.617059363847375,46.855966792033364,21.143787625963277,50.721499509135725,,,,,11.295074679024257,43.67550480014134,4.372971211249074,6.939958093239696,21.679522803375676,55.54614584934951,0.631578947368421,0.7666666666666667,34421.87232108315,535140.8176419535,511679.38070875284,539,0.9561583864288633,11697.648494961977,0.021859010020029008,11763.78843823865,11.870672469370913,1.76912734634152,47.08296184076953,11.547549455046171,24.890717354758905,1703.4126463685616,1689.8260331538713,836.3874118578705,0.49495474412643936,851.3976974064811,0.02560512704512081,284.9623561433119,2,1,0,0,0.0,539,207.0,0.28496235614331195,405.10712405300075,270613.75265890406,765.9808872220042,500000.0,0.6016536532618674,0,0,0.0,24,E6,0.9,inhouse
25.64736158309097,25.64736158309097,,,,,,,,,13.581429073894528,58.0703736452324,,,,25.64736158309097,0.0,1.0,209.99028817615883,500209.99028817617,500209.99028817617,501,1.0,0.0,0.0,0.0,13.605512771517674,1.76912734634152,58.03205090729989,13.586494403843776,25.64736158309097,243.02929296314176,1463.228258295406,731.3081219839031,0.49979086847040777,706.7426598063629,0.022041369484553264,241.35299585585824,1,1,0,0,0.0,501,207.0,0.24135299585585823,414.30870438325707,283955.28484220075,729.8379852694898,500000.0,0.0,0,0,0.0,25,E6,0.9,inhouse
19.84351549174818,52.46868153966352,19.013270368406364,39.623809366451496,30.540785224737647,56.53235433163282,,,,,12.96760268562015,44.620868384118985,8.324091742405471,19.11818036298228,24.253049848556945,52.46868153966352,0.7272727272727273,0.7272727272727273,8275.236379187336,508449.34756596206,506323.36078462953,526,0.9958186852013676,0.0,0.0,2125.986781332494,13.312091118865121,1.76912734634152,48.380956979285656,13.149300019749761,19.84351549174818,663.2433117473748,1612.7130187967707,800.4000983195758,0.4963065895733554,788.5975771357371,0.023294545546057702,276.300485727828,4,0,0,0,0.0,526,207.0,0.276300485727828,409.37534496634686,276842.31248311093,748.716114334484,500000.0,0.6235621670671653,0,0,0.0,26,E6,0.9,inhouse
8.305192984472344,20.375265195455505,10.03073861275817,18.338413027019893,12.041304129235868,23.837661483088326,,,,,12.911195927921073,49.80392348003736,21.554832852719755,69.41323246724686,10.700927118250737,20.375265195455505,0.9285714285714286,1.0,12370.949722949961,513597.1255335828,510759.3858471841,534,0.9944747749835038,0.0,0.0,2837.7396863987024,12.870263022441792,1.76912734634152,46.64157349273299,12.877468256950412,8.305192984472344,686.3457756243587,1683.1335824068888,834.9176164526896,0.49604952641890343,849.9536576301768,0.023784563033808295,263.7739726683833,4,0,0,0,0.0,534,207.0,0.26377397266838326,405.7953308657951,271442.1122695412,763.5652855768234,500000.0,0.6223059236922256,0,0,0.0,27,E6,0.9,inhouse
25.394593682079176,61.49311243788052,5.274361066695395,8.157849074908608,6.011685493087858,9.200316299393899,,,4.868307947336746,4.868307947336746,11.47228749766802,45.20709615179916,10.367807940300606,29.995450819465262,5.475449546620612,61.49311243788052,0.6666666666666666,0.8695652173913043,26590.43369586375,527415.1934686946,514548.76013854495,531,0.9756047351508214,0.0,0.0,12866.43333014956,11.635690737403442,1.76912734634152,45.19791785061898,11.41440791864896,25.394593682079176,4049.815429010704,1632.3435726790635,793.0832470793629,0.4858555884639683,817.1671163358775,0.027895583409507606,313.1223309055359,3,2,0,0,0.0,531,207.0,0.3131223309055359,402.9027730531999,268155.8285122308,773.1069038518023,500000.0,0.6260493708497653,0,0,0.0,28,E6,0.9,inhouse
10.31236638397411,37.10190192893679,14.683553626316051,44.78664611150509,10.162780169923982,31.364616401997274,59.99670877261559,59.99670877261559,37.107029168141196,57.20001917102744,13.22320117785313,54.51313940521471,7.896962454047729,17.404866720840708,14.075487499300337,37.10190192893679,0.8,0.9516129032258065,77164.28456252046,582430.0533427446,550636.3106729902,583,0.9454119125768315,0.0,0.0,31793.74266975432,13.060821836986655,1.7691273463417474,46.67956809160341,14.214897022360542,10.31236638397411,6964.473247972778,2015.8553521436231,986.8375065768824,0.4895378557432198,1092.9275642277853,0.03221945390271545,370.0581501580803,2,2,0,0,0.0,583,207.0,0.37005815015808036,376.6007692022879,236187.02212114612,877.9909085935843,500000.0,0.5336293008458948,0,0,0.0,29,E6,0.9,inhouse
2.9649837083110313,4.877613295574156,3.785763900501846,6.341939095743284,3.749298030309584,4.951248541225965,,,,,3.4675692304831722,4.972818365853527,4.302515880686584,8.35818186959932,3.774248362546395,4.877613295574156,1.0,1.0,13968.57625752051,515078.73700219905,515078.73700219905,554,1.0,0.0,0.0,0.0,3.472892811944016,1.76912734634152,4.972818365853527,3.4671382228112018,2.9649837083110313,22.135276643240413,1803.4103145704967,883.736558359494,0.49003632241615863,1080.367656780751,0.03171776661829163,371.0834073880471,3,0,0,0,0.0,554,207.0,0.37108340738804707,402.60074530411595,267433.334368069,775.4122495514446,500000.0,0.37281811693075806,0,0,0.0,0,E6,0.9,pooled_greedy
2.6777917104656734,3.984359407399461,4.107975347596105,5.646091918356859,18.279682716572143,41.783997240028114,38.59579352447387,55.033398493119606,,,4.299413198368804,4.97281836585446,7.141697330368158,14.807406686139629,16.559546160132783,3.984359407399461,1.0,0.896551724137931,22776.714596747763,525519.2910413912,525519.2910413911,536,0.9999999999999998,0.0,0.0,0.0,4.611378735813104,1.76912734634152,5.778069032130588,5.208863141002549,2.6777917104656734,51.89548835169539,1696.4716960207154,841.850016342669,0.4962358159687147,1044.6348063838655,0.03414686297307393,382.3236164993276,4,1,0,0,0.0,536,207.0,0.3823236164993276,394.62361734721827,255187.4689729473,812.6665641191189,500000.0,0.3829890628137072,0,0,0.0,1,E6,0.9,pooled_greedy
12.53403877421925,17.017759808938173,6.7477192020755865,13.737036949550564,6.447170058970566,12.464021139559918,21.216253752213674,32.73189455245231,,,3.8230092733383176,4.972818365853527,4.261350274583203,5.647050670868339,8.443580092178465,17.017759808938173,0.9545454545454546,0.9736842105263158,29310.196036041838,532277.3226155266,517873.34282247716,549,0.9729389564780431,14403.979793049497,0.02706104352195697,0.0,4.3155293701225,1.76912734634152,5.896774655832353,4.051516240096242,12.53403877421925,26.916083534013083,1771.1078442237367,864.0566651149031,0.4878622540874199,1060.1588232564486,0.03808504956109832,443.3790353003355,5,2,0,0,0.0,549,207.0,0.4433790353003355,400.5677872985446,263739.8439457137,786.5454681849244,500000.0,0.39549616535683735,0,0,0.0,2,E6,0.9,pooled_greedy
3.3403187358800768,6.076547880768887,4.494701021898191,6.3928620568844075,22.30653449639408,92.09936015339008,96.60078489552507,96.60078489552507,53.04494901963517,53.04494901963517,4.371341198954116,5.778069032130725,4.770061089959297,4.340498733414279,15.754051797672597,6.076547880768887,1.0,0.9361702127659575,28096.063942230638,531327.860284328,531327.860284328,562,1.0,0.0,0.0,0.0,4.911781099333643,1.7691273463418042,6.776926319005092,6.216243839770177,3.3403187358800768,69.70524607934908,1907.9263528734866,940.2500127025057,0.49281252983712687,1186.53831715345,0.039174884676465634,458.97876086594965,3,2,0,0,0.0,562,207.0,0.4589787608659497,390.45379372700125,249368.27346044854,831.9381446644628,500000.0,0.3583526860107294,0,0,0.0,3,E6,0.9,pooled_greedy
2.9413061426855873,4.495334964707036,4.98467158812673,8.917112184553298,3.308801075519164,4.751564454663821,,,6.1163852357155974,6.1163852357155974,3.9258773847621677,5.670108912073979,3.2460911824026843,4.887850649376469,4.097446022628607,4.495334964707036,1.0,1.0,32491.15341102122,534209.4492904893,521325.49254426855,548,0.9758821998312972,12883.956746220842,0.02411780016870289,0.0,3.8879712860559463,1.76912734634152,5.778069032130588,3.932785636395999,2.9413061426855873,24.774365406377175,1754.9564918888216,862.8088843198876,0.49164118216473,1074.7614849848562,0.03513378090549116,409.7644030768933,4,1,0,0,0.0,548,207.0,0.4097644030768933,397.8508002569328,261482.16107141454,793.2080856040895,500000.0,0.38750732439219204,0,0,0.0,4,E6,0.9,pooled_greedy
6.5014828357758905,9.712328164996713,7.990897704486883,17.713987071401068,10.290145729695553,31.915475095418422,29.07644597904785,53.504657640078676,,,4.588933975751774,6.257651703012016,2.5812865234848132,4.439258570803304,12.974423367801966,9.712328164996713,0.9259259259259259,0.9473684210526315,43452.69323580841,547328.4080016714,547328.4080016714,573,1.0,0.0,0.0,0.0,5.062024973563093,1.76912734634152,9.482008116640648,6.058863329999919,6.5014828357758905,76.57475847474377,1916.2709058620796,937.8481612017706,0.48941314003818137,1188.5550913199938,0.03478816074399921,397.2009938501372,4,0,0,0,0.0,573,207.0,0.39720099385013724,378.92643239745155,233812.26245052458,887.0244820360355,500000.0,0.40215810515031203,0,0,0.0,5,E6,0.9,pooled_greedy
5.328910991618106,10.95322596682434,7.155374463907702,11.72139308673559,7.101928118626217,15.059035597591272,37.70061215751798,52.38322422016689,,,4.442337260955366,4.972818365854437,7.841124243710492,12.094581829777242,12.230658895468983,10.95322596682434,0.9285714285714286,0.9807692307692307,31608.77227884693,533346.8920584851,533346.8920584851,565,1.0,0.0,0.0,0.0,4.89530719805749,1.7691273463416337,5.778069032131816,5.706303039350836,5.328910991618106,59.69824355426739,1872.859249268028,920.7167148023826,0.4916102025083986,1155.0608612896522,0.03550237544267662,426.1149526583156,4,0,0,0,0.0,565,207.0,0.4261149526583156,388.91407832542995,248064.65330132944,836.177634306865,500000.0,0.4335391777194653,0,0,0.0,6,E6,0.9,pooled_greedy
4.425821635439333,5.634305585629886,18.56480678618831,55.04696322329656,2.699590129002931,3.237984456112435,6.504395574288608,7.159589410589993,,,5.050923129293183,8.358319209941753,3.810894163945025,5.145313589738317,11.610316272085484,5.634305585629886,0.972972972972973,0.9344262295081968,40773.60461111535,544565.4292464787,533094.6781879223,581,0.9789359543545969,11470.75105855638,0.021064045645403137,0.0,5.239384576534939,1.7691273463416337,8.025354262585097,5.033145610754438,4.425821635439333,54.677370075802884,1955.391139723132,958.98025686743,0.4904288647862105,1155.507181316788,0.03547205311913349,424.8161775561946,2,1,0,0,0.0,581,207.0,0.4248161775561946,389.0956422274327,247102.91895863507,839.426814752759,500000.0,0.3553027587967595,0,0,0.0,7,E6,0.9,pooled_greedy
5.576440187761712,18.731645214764132,5.444900481990231,9.634904140300977,4.792055923488841,8.012397582978158,6.292066744717658,7.315476233871732,,,4.163994376975539,5.010498712057961,2.3919844274621958,3.2786464779854216,5.149568015248352,18.731645214764132,0.88,1.0,38363.5914215517,540361.5398106,526845.8481339897,560,0.9749876875372225,13515.69167661024,0.02501231246277737,0.0,4.229557269039412,1.76912734634152,5.778069032130588,4.246603616154148,5.576440187761712,35.554520543152705,1811.84167971191,892.5269840465508,0.4926076014480835,1098.7354431297606,0.033640304474780836,374.17516557427314,4,0,0,0,0.0,560,207.0,0.37417516557427316,393.6145191236925,254178.9137429333,815.8590817462714,500000.0,0.420595985328682,0,0,0.0,8,E6,0.9,pooled_greedy
7.495586567228665,18.97320752676042,11.432138149300604,22.8817496756409,12.703246969346386,34.13370107212278,31.088210724470628,31.088210724470628,43.944449778307444,51.60273279026942,4.1690851843257715,5.776689292341826,6.2636546256043895,10.605613025943565,12.421348180370234,18.97320752676042,0.9736842105263158,0.9629629629629629,47374.080402398526,549779.8663554897,549779.8663554897,605,1.0,0.0,0.0,0.0,5.172201908749432,1.7691273463419748,9.404747252549544,5.908512092595301,7.495586567228665,72.50653463492212,2128.701355296899,1041.2480242715872,0.4891470669103605,1342.4127644673445,0.0430607630323845,524.2647777443653,6,1,0,0,0.0,605,207.0,0.5242647777443653,377.4679239409586,234063.3185748906,886.615921030553,500000.0,0.4422399895870582,0,0,0.0,9,E6,0.9,pooled_greedy
2.6767681171841105,4.4741970760142085,3.726265060606039,5.307476470933943,14.429251064714464,48.006721769712385,,,,,4.05979662331371,4.972818365853527,3.11521373977389,4.835668919120802,9.077758062660251,4.4741970760142085,1.0,0.9666666666666667,13819.243346008723,516514.44304295897,516514.44304295897,540,1.0,0.0,0.0,0.0,4.155128392032844,1.76912734634152,4.972818365854437,4.315909473030559,2.6767681171841105,39.14949123780818,1721.3906124540829,853.0322725455992,0.4955483470015457,1050.3577059730353,0.03073922497874755,336.5945135172857,2,0,0,0,0.0,540,207.0,0.3365945135172857,401.4149019571035,264009.7572683888,785.3368627688319,500000.0,0.08880367418767143,0,0,0.0,10,E6,0.9,pooled_greedy
9.284318381930104,24.272538053979588,8.701530699608156,18.203169166372575,4.201039037981604,6.3175349517510755,,,6.75338177253343,6.75338177253343,4.056645336721961,4.972818365854437,8.059461496590075,19.69144858275469,5.486893798446333,24.272538053979588,0.8571428571428571,1.0,26006.043708159235,531772.2574830158,531772.2574830158,543,1.0,0.0,0.0,0.0,4.352264235374632,1.76912734634152,6.066812747025326,4.260305818060841,9.284318381930104,36.11777518767864,1719.2008816347031,850.2209170637303,0.49454425375544087,1074.4265453873318,0.03315452010360324,367.6282101336951,5,0,0,0,0.0,543,207.0,0.3676282101336951,389.9557099718704,248397.60771970157,834.8213580387329,500000.0,0.38683415806831406,0,0,0.0,11,E6,0.9,pooled_greedy
9.620483835912703,23.680093771625632,18.711051679358928,49.062367718477276,4.995980005050114,4.995980005050114,,,,,4.874451703865063,5.778069032130725,4.11537065588053,8.210911244311504,16.751755725886238,23.680093771625632,0.8571428571428571,0.8571428571428571,3605.0987133016765,503977.3460501888,503977.3460501888,521,1.0,0.0,0.0,0.0,5.087599085328768,1.76912734634152,6.5454658292610475,4.893436576840669,9.620483835912703,44.22216143409075,1584.2292276368257,785.7305085918864,0.49597021370698385,955.069621872559,0.03425422590236482,389.0181026045226,6,1,0,0,0.0,521,207.0,0.3890181026045226,411.50464346854113,280142.15832248237,740.2992086034801,500000.0,0.36458486514759353,0,0,0.0,12,E6,0.9,pooled_greedy
2.608486598615774,3.2899407481302245,3.8887699263846742,5.3734970777848945,5.487710366695865,7.343931761092563,,,,,3.5007027644679765,4.811768232599206,1.721738620764495,1.9585423353670648,4.599410122078536,3.2899407481302245,1.0,1.0,6216.486291594783,506496.9548278934,506496.9548278934,522,1.0,0.0,0.0,0.0,3.4889322973667505,1.76912734634152,4.913038035299227,3.5228503222439254,2.608486598615774,14.980959463711864,1592.6035306389456,793.9796130091873,0.49854191437755146,957.8108604317964,0.033395035294548285,365.6756364753037,3,2,0,0,0.0,522,207.0,0.36567563647530366,409.41149529109754,275470.9244325844,752.7679230162225,500000.0,0.026745633961212878,0,0,0.0,13,E6,0.9,pooled_greedy
8.661120115193992,24.713933651290787,9.336609194883295,14.66798358566571,9.93567862041586,18.395120409813103,6.2177514660940005,8.07569883577837,,,3.6569013395200187,4.972818365853618,2.870815769311077,5.04182826771048,8.870980376041073,24.713933651290787,0.896551724137931,0.9838709677419355,58929.484502104126,566652.9292862886,566652.9292862886,576,1.0,0.0,0.0,0.0,4.188466885903377,1.7691273463416337,7.076490357933835,4.204577213237392,8.661120115193992,37.79059418523961,1937.9573181886692,955.9117928599576,0.49325740246612343,1234.7268552114806,0.03355202982897841,385.9030641017165,1,0,0,0,0.0,576,207.0,0.3859030641017165,365.98399539786845,217043.3443826218,955.5045498124322,500000.0,0.4214248998591647,0,0,0.0,14,E6,0.9,pooled_greedy
13.675424796476188,40.65149027365616,11.618101445225962,27.103171982151252,8.24349129367767,25.762171805936305,7.67738529545217,9.006345367876566,7.226108561704905,8.325767343817324,4.858280186449274,7.759485529067367,9.02256149727617,8.41656350912108,9.95898029867602,40.65149027365616,0.7714285714285715,0.9459459459459459,64862.71277757866,573615.9384122625,573615.9384122625,603,1.0,0.0,0.0,0.0,5.894264627362412,1.7691273463417474,12.648732743780418,5.324375381993916,13.675424796476188,56.66400671704115,2155.432902795602,1043.8497498906256,0.4842877495916249,1375.1476024332649,0.0439035819016161,525.3078055128829,6,2,0,0,0.0,603,207.0,0.5253078055128829,361.78441690433425,210364.12689153012,986.5052129944141,500000.0,0.37999142573017836,0,0,0.0,15,E6,0.9,pooled_greedy
13.524191077712027,55.28481657614901,17.128510808052862,41.865583696914655,49.24336762830626,75.3521558080276,,,,,4.579854557691728,5.791236986017068,2.9502766516553343,3.945487553462999,27.83346308147066,55.28481657614901,0.8421052631578947,0.7857142857142857,8440.199489225186,509188.49886297405,509188.49886297405,531,1.0,0.0,0.0,0.0,5.284819033918257,1.76912734634152,7.1281210197748806,4.944686009469284,13.524191077712027,49.42268221700479,1629.4109677493007,810.9007865347041,0.4976649860500193,993.0305268019393,0.03234264083180074,371.35731739884505,2,1,0,0,0.0,531,207.0,0.37135731739884503,407.25852563532436,275254.4115947312,753.3806855845077,500000.0,0.3550547256522214,0,0,0.0,16,E6,0.9,pooled_greedy
4.209601569942849,10.28489029375105,3.6965818743840697,5.734077835606515,5.196521317578879,5.588153567489826,,,,,4.014610033730806,5.242794572956247,4.838566960132601,5.708519107476604,4.321556642381907,10.28489029375105,1.0,1.0,10188.61735102234,511539.3687118152,511539.3687118152,538,1.0,0.0,0.0,0.0,4.043739696439753,1.76912734634152,5.7293840848728,4.030968079948787,4.209601569942849,22.485453626018884,1667.6169117879074,825.2721731137024,0.4948811488298597,1007.7337056718548,0.03695761572435461,417.0775103288543,5,2,0,0,0.0,538,207.0,0.4170775103288543,405.4762745488333,270993.42175925226,765.3952489466554,500000.0,0.39230805455627077,0,0,0.0,17,E6,0.9,pooled_greedy
5.003211818235049,12.12202921773769,5.608522956716206,8.33246796123248,4.846072036736769,6.731879619813299,10.423041342542092,15.536278020987538,6.381964999726733,6.381964999726733,3.503442456524911,4.972818365854357,4.924511101077913,6.287024089019358,6.171437360434392,12.12202921773769,1.0,1.0,68261.72443658626,572191.6285267603,561368.4124093493,574,0.9810846304318052,10823.216117411037,0.01891536956819503,0.0,3.7596817668563323,1.76912734634152,5.783253631824346,4.0768690378072545,5.003211818235049,30.15771463905896,1920.4568913654975,948.851904417703,0.49407612776095344,1194.4529085120587,0.035524857583056485,408.60119691287105,2,1,0,0,0.0,574,207.0,0.40860119691287106,369.4696684245759,224187.42811909184,925.157146130131,500000.0,0.365204695392765,0,0,0.0,18,E6,0.9,pooled_greedy
9.260838888570404,30.05985809395389,9.080142079982535,7.3028378366372655,21.683847214799865,50.350909933048044,,,,,4.292417503096568,4.972818365853686,3.8393646613247534,5.171444168854943,13.528508598153357,30.05985809395389,0.8285714285714286,0.9565217391304348,37728.11627304937,538786.9281851918,526296.1270711955,582,0.9768168074231693,11490.801113996251,0.021327171304435642,1000.0,5.119873011582324,1.7691273463417474,7.351286247882567,5.005306155233294,9.260838888570404,44.869105369950354,2031.9039811023322,997.688235717709,0.4910115069396395,1245.265896098632,0.04274664368759156,483.67561084320226,3,3,0,0,0.0,582,207.0,0.48367561084320226,394.23371166623747,255287.14682372956,812.7462670657145,500000.0,0.39444268201656535,0,0,0.0,19,E6,0.9,pooled_greedy
4.258805675891888,6.478915903031067,4.043600944467744,6.514920147176986,7.183289896714814,12.250490930700199,7.597944494584681,7.597944494584681,4.820118274277888,4.820118274277888,3.6657158176861477,4.972818365853527,4.982822854403076,5.2958347140775,5.793854427317952,6.478915903031067,1.0,1.0,42968.20466135957,546796.3875473237,534781.0123534314,558,0.978025869468912,12015.37519389233,0.021974130531088105,0.0,3.781985297709816,1.76912734634152,5.1481592629610535,3.8025669209384265,4.258805675891888,20.35061339117871,1773.3531939495736,877.6689436709419,0.49492055314498107,1075.509389965687,0.03722363935102942,428.629983230926,4,2,0,0,0.0,558,207.0,0.428629983230926,387.8758317734427,249970.702734133,829.811764796495,500000.0,0.330885016427444,0,0,0.0,20,E6,0.9,pooled_greedy
3.5730147330935096,5.570508013450582,3.9061165796888417,5.841422737643644,3.757922279369268,5.150770424675466,4.820118274277775,4.820118274277775,,,4.377074697339166,5.038053019121268,2.9187394396859014,4.411884665438084,3.983318216432565,5.570508013450582,1.0,1.0,17327.275816339392,522341.9832740221,522341.9832740221,537,1.0,0.0,0.0,0.0,4.3168209385848915,1.76912734634152,5.549455436009434,4.497876044684901,3.5730147330935096,43.854714951951294,1670.8896681597641,819.6038449737446,0.4905194284170875,981.3217903133896,0.030202284171191578,330.7150116745478,1,1,0,0,0.0,537,207.0,0.3307150116745478,396.9252360534617,262166.0510236774,790.8373879917411,500000.0,0.00934787545645599,0,0,0.0,21,E6,0.9,pooled_greedy
9.080372545422582,19.822697021830937,15.187203151604127,33.747106090481246,6.125253438128425,13.895725986724756,4.675293146604872,4.675293146604872,,,4.792887352814642,6.840190156268411,5.443264160806444,10.472874450525346,9.780235794449672,19.822697021830937,0.9166666666666666,1.0,19226.136203616657,520041.7500651535,520041.7500651535,533,1.0,0.0,0.0,0.0,5.012683590868754,1.76912734634152,8.533015395058843,4.8326548191559615,9.080372545422582,41.327956623114176,1658.4815711144888,821.3778755709772,0.4952589705407559,1019.495356421526,0.035786717063041686,395.1975592884893,5,2,0,0,0.0,533,207.0,0.39519755928848926,398.8048989014919,264853.1970808825,783.0571797702439,500000.0,0.35474807943304487,0,0,0.0,22,E6,0.9,pooled_greedy
3.637762959931681,7.045284114546761,5.793826263084872,10.29457847243414,11.196882698057447,21.690054541844667,10.913613253386359,12.932838271019966,,,4.198122605690044,4.972818365854437,2.979895709663449,4.277988585787455,8.010037929647932,7.045284114546761,1.0,0.9852941176470589,44840.47463850063,546785.5630729868,534074.9817859603,584,0.9767539925238847,12710.581287026522,0.023246007476115223,0.0,4.316615564378018,1.7691273463417474,6.7568554315432285,4.516241030600815,3.637762959931681,45.67881811915032,2046.540068930316,1007.7871826519254,0.49243462072974453,1210.5330984494335,0.03369007418336772,397.59955965167694,2,0,0,0,0.0,584,207.0,0.3975995596516769,388.330490348207,247181.6157684346,839.0494532325838,500000.0,0.38236165455840876,0,0,0.0,23,E6,0.9,pooled_greedy
22.72314691022611,47.741170802569464,36.65387017308353,77.0648739796402,32.60426384878539,70.02666698964879,40.20341285115728,43.22420867176597,,,3.9862510552304347,4.811768232599206,2.196827796004729,3.521783492325449,34.697378735581154,47.741170802569464,0.5263157894736842,0.8235294117647058,34421.87232108315,535140.8176419535,523443.16914699145,543,0.9781409899799709,11697.648494961977,0.021859010020029008,0.0,5.460584622665328,1.76912734634152,5.4294283464490976,5.465166052110023,22.72314691022611,60.87628589857904,1708.252983751426,841.5494340458812,0.4926374735185816,1023.8118323089253,0.03349610349884888,366.7823333123952,4,1,0,0,0.0,543,207.0,0.3667823333123952,396.159114410146,258036.9080717344,803.6322551022985,500000.0,0.03577184075949624,0,0,0.0,24,E6,0.9,pooled_greedy
2.5503240170628487,2.5503240170628487,,,,,,,,,4.564644462532067,5.584716827367452,,,,2.5503240170628487,1.0,1.0,209.99028817615883,500209.99028817617,500209.99028817617,501,1.0,0.0,0.0,0.0,4.560623862840512,1.76912734634152,5.563233249060431,4.5637988422145295,2.5503240170628487,36.66998632303435,1462.7659375788137,730.8458012673111,0.49963277274354306,896.4946928864972,0.03207289688425279,351.1982208825681,5,1,0,0,0.0,501,207.0,0.3511982208825681,414.5283026063222,284105.7911562646,729.8379852694898,500000.0,0.07831894371449688,0,0,0.0,25,E6,0.9,pooled_greedy
6.003184034906595,10.614393078742069,5.715605976364259,11.072624311756044,9.506535150791738,21.920787655320602,,,,,3.975529190085513,4.993140743660233,2.7296540276097403,4.564581550112235,7.75687553182521,10.614393078742069,1.0,1.0,8275.236379187336,508449.34756596206,508449.34756596206,528,1.0,0.0,0.0,0.0,4.101434881535788,1.76912734634152,6.220051014078116,4.052013539011542,6.003184034906595,28.651731070415455,1631.5768650466932,811.7446210748624,0.49752153175549685,1018.4243694245222,0.03305288810438392,366.51533974224367,6,0,0,0,0.0,528,207.0,0.36651533974224365,407.84104912798654,274103.3415841697,756.526768850301,500000.0,0.4256516808658737,0,0,0.0,26,E6,0.9,pooled_greedy
2.8886514120639393,4.596824218402122,5.735194049254135,9.278829473183348,9.615245324457797,19.439908737924725,,,,,5.365242441021593,7.782427499565075,6.12692847398381,13.186331993990503,7.398073167198562,4.596824218402122,1.0,1.0,12370.949722949961,513597.1255335828,513597.1255335828,536,1.0,0.0,0.0,0.0,5.3650201350976525,1.76912734634152,8.024084214591767,5.43592820071643,2.8886514120639393,55.454494808550834,1687.0445098831335,832.0986675757515,0.4932286390199589,1028.9991484529787,0.035195333152551724,408.9476894248563,5,1,0,0,0.0,536,207.0,0.4089476894248563,403.8358810399201,268256.43066790275,773.1741870009217,500000.0,0.44105884210799545,0,0,0.0,27,E6,0.9,pooled_greedy
9.06259737185657,24.613081823423272,8.057640315096297,15.587393068372508,9.746813967180406,18.409998228040052,9.338548294393362,12.128158862656866,7.903489301740194,7.903489301740194,4.12762785687376,4.972818365853527,8.307093474762809,22.548541625701887,8.85119393203997,24.613081823423272,0.8333333333333334,1.0,26590.43369586375,528937.8456762048,528937.8456762048,537,1.0,0.0,0.0,0.0,4.447941223299145,1.76912734634152,5.735253586687125,4.443158032828119,9.06259737185657,41.93548960660709,1706.5301842296396,846.3020977402077,0.49591979418884097,1066.703236626546,0.030850050687227605,344.8750941516229,3,0,0,0,0.0,537,207.0,0.3448750941516229,392.00234354393336,251725.07874988593,823.6957403047217,500000.0,0.40165651280009024,0,0,0.0,28,E6,0.9,pooled_greedy
3.7176645972060602,7.742196216369393,5.882545341271176,14.213650794396926,8.621663651167141,23.910633860537562,30.27573034419072,34.89598033120137,15.688282150690364,30.527404440310285,5.404497954784514,6.3966396634630875,6.49074155105286,16.694985645192194,8.776678558901631,7.742196216369393,1.0,1.0,77164.28456252046,584688.0408818187,584688.0408818189,599,1.0000000000000002,0.0,0.0,0.0,5.692904821906723,1.7691273463419748,11.786083807619622,6.872539424572434,3.7176645972060602,90.12056516665548,2112.0858724457144,1031.4770153427155,0.4883688815873309,1298.9482951696853,0.041628887392279615,486.2771429777503,3,2,0,0,0.0,599,207.0,0.4862771429777503,354.8666342312212,210887.1855915225,983.8733281066583,500000.0,0.3638336211161037,0,0,0.0,29,E6,0.9,pooled_greedy
2.289532928618725,3.475401488188072,3.6770567264700538,4.070548278710885,2.7539796142008206,4.169552715478176,,,,,23.282984283857903,28.895018437183445,4.675692245644185,11.495840005034097,3.3855586910166116,3.475401488188072,1.0,1.0,13968.57625752051,515078.73700219905,515078.73700219905,554,1.0,0.0,0.0,0.0,21.321659137269318,25.704708293036674,28.811769232597726,22.68343956911957,2.289532928618725,429.5434557526749,1780.7960545732676,884.6656466984489,0.49678100107338874,991.4076241157112,0.030520584876625016,353.9749784034633,3,0,0,12,102.4925070669722,536,207.0,0.3539749784034633,402.5675301318412,267411.2707122595,775.4122495514446,500000.0,0.36230899965172103,0,6,20.30926797026203,0,E6,0.9,marketplace
2.499121496419313,3.693572888705875,3.8396429104435206,4.583081964172834,4.446788411955867,5.739475942319951,11.705828672179754,20.1393092017237,,,23.535960861048498,29.778070032131108,3.7974199582914543,5.566463911671781,5.742091824212837,3.693572888705875,1.0,1.0,22776.714596747763,525519.2910413912,524519.2910413912,535,0.9980971202826477,0.0,0.0,1000.0,22.222247695993477,25.70470829303963,28.972819365854775,22.742863425586048,2.499121496419313,430.5808274695776,1681.013312738465,847.0247794114589,0.5038774963843731,966.5122961408764,0.03112268407614265,350.0077904692149,4,0,4,21,0.0,507,207.0,0.35000779046921493,395.3143598947378,255409.31698340512,811.8341579682526,500000.0,0.3896462151291254,0,8,25.191405714710314,1,E6,0.9,marketplace
13.52146261931219,52.43470646064241,8.269867282379494,14.837135565105836,7.462305205366647,13.33280851601512,4.857606673829196,5.292383672468986,,,22.702189447506765,28.811769232598,7.882438974684688,10.960266073355342,7.540498927430889,52.43470646064241,0.8636363636363636,0.9210526315789473,29310.196036041838,532277.3226155266,516873.34282247716,548,0.9710602365748803,14403.979793049497,0.02706104352195697,1000.0,21.593466283743012,25.70470829303713,28.811769232597726,22.17302453141823,13.52146261931219,421.29231497547437,1713.3557190917481,849.7834974182337,0.4959761058075581,960.6642681904278,0.03282943508690186,400.4302130542248,5,0,2,19,0.0,525,207.0,0.40043021305422477,401.2596762690603,263964.5950089399,785.7130620340581,500000.0,0.3840971089484257,0,8,20.344701396972347,2,E6,0.9,marketplace
3.487321419997087,5.876677713125901,4.380303413272556,7.152563540168197,8.789413209395843,16.172620460467115,25.779108398046446,25.779108398046446,52.21622767800909,52.21622767800909,24.02557561181276,28.972819365853866,4.2273373410100055,5.847768676378475,7.109049369356171,5.876677713125901,1.0,1.0,28096.063942230638,531327.860284328,530327.860284328,561,0.998117922897051,0.0,0.0,1000.0,22.01601917695401,25.70470829303963,28.811769232599318,23.74525110608716,3.487321419997087,466.3108316002237,1862.1204098936842,919.530920669773,0.4938085183880631,1029.0207456743879,0.03160721364188423,382.1822643332705,3,0,2,15,0.0,544,207.0,0.3821822643332705,391.04523408057076,249525.62911577176,831.1057385135965,500000.0,0.3475225498168119,0,4,11.179989173125865,3,E6,0.9,marketplace
2.519739801664097,4.084216508709142,5.0246304231719705,8.917112184553298,3.539780213480248,5.7407836909238545,,,5.116847753441107,5.116847753441107,24.08292779054994,28.972819365853912,2.5714561092448207,3.7621570778843987,4.238533253335176,4.084216508709142,1.0,1.0,32491.15341102122,534209.4492904893,521325.49254426855,548,0.9758821998312972,0.0,0.0,12883.956746220842,22.253373354153286,25.704708293036674,28.811769232599158,23.248162906817996,2.519739801664097,4065.8738312227115,1717.8668804676308,856.5554665796997,0.4986157404388235,944.0892589038091,0.030089525235677515,351.9631000238651,4,0,0,19,0.0,526,207.0,0.35196310002386505,397.73992652472583,261409.29078163553,793.2080856040894,500000.0,0.3654362784683052,0,11,35.66787408986613,4,E6,0.9,marketplace
7.438346275908943,11.258103236943889,8.203978818182659,19.42449661577726,9.270260705501949,25.83152982657666,29.27081749286678,54.04262756152548,,,23.61068628327203,29.33087804323768,3.414338930207556,7.095360532367977,12.772773848892578,11.258103236943889,0.9259259259259259,0.9298245614035088,43452.69323580841,547328.4080016714,546328.4080016714,572,0.998172943363837,0.0,0.0,1000.0,21.713951823692977,25.382608026528942,28.972819365854775,23.445532476860052,7.438346275908943,461.88718826028713,1829.460150872181,898.1097446793485,0.4909151720255736,1041.2619347888897,0.033483020054259315,395.84019688826237,5,0,0,22,0.0,543,207.0,0.39584019688826233,379.617528869657,234030.34831893732,886.1920758851692,500000.0,0.3827294227733626,0,8,18.766510338509438,5,E6,0.9,marketplace
3.6166250905381867,4.257483367969234,6.876214973033571,11.348844774941611,4.729079682448433,9.340059057494049,36.07513376201126,42.87598975729973,,,24.448177997877643,30.283533352060573,5.445627911183028,9.470170627984595,11.116453644775854,4.257483367969234,0.9642857142857143,1.0,31608.77227884693,533346.8920584851,533346.8920584851,565,1.0,0.0,0.0,0.0,22.412287702290072,25.70470829303963,30.08672750569641,24.256291018864296,3.6166250905381867,467.62661035585967,1831.4367138104183,923.6618676792172,0.5043373110924926,1026.7587592014509,0.03371826929342217,390.10875476025507,5,0,0,20,0.0,531,207.0,0.390108754760255,388.8465684206491,248021.5928361594,836.177634306865,500000.0,0.41641690349258226,0,10,36.10851915511796,6,E6,0.9,marketplace
4.150868581438661,6.048402105854166,15.727616887940428,56.2203190180493,2.3043640538892967,2.525976828063057,6.063349301183067,6.718543137484451,11.838310601135902,11.838310601135902,23.978217978593193,29.837231829892595,3.139356175269589,4.455033760785916,9.888541442941474,6.048402105854166,0.972972972972973,0.9508196721311475,40773.60461111535,544565.4292464787,543565.4292464787,581,0.9981636733690867,0.0,0.0,1000.0,21.395289737639168,25.704708293036674,28.972819365853866,22.516789850976174,4.150868581438661,449.8619858324143,1901.5995310818987,940.4232103710284,0.49454324898575397,1054.5543970466813,0.031403481057553785,380.6891378326727,1,0,1,15,99.38937189467718,559,207.0,0.38068913783267266,381.5192762080465,238690.49988020526,868.8267410806611,500000.0,0.36909100006622947,0,9,25.38464609111371,7,E6,0.9,marketplace
3.8464236699338517,10.675146294068513,9.245903771037689,18.5124667473708,6.370695788555913,21.78268976605274,5.016140661867894,5.018809284742156,,,23.791585495573948,29.33601025198592,6.176194509884842,4.813738966824485,7.252980727968008,10.675146294068513,1.0,1.0,38363.5914215517,540361.5398106,526845.8481339898,560,0.9749876875372228,13515.69167661024,0.02501231246277737,0.0,21.84443969713786,25.70470829303963,28.972819365853866,22.88954932963668,3.8464236699338517,440.44389751637704,1755.5331173555535,872.4117472044172,0.4969497519469039,987.7531951143925,0.03287511473549689,375.06380438550786,5,0,0,17,0.0,538,207.0,0.3750638043855079,393.6162058387237,254180.00294918363,815.8590817462714,500000.0,0.4171388606638072,0,14,39.286275658729664,8,E6,0.9,marketplace
5.945756671734644,12.95555132952145,5.882992681549145,15.239382974414047,5.610910853730754,10.783074033757522,39.384190729519105,39.384190729519105,42.75174813885178,54.0041924623777,23.515197881509682,28.974883277469964,3.907444939160469,5.547509423609154,6.5481955919500505,12.95555132952145,1.0,1.0,47374.080402398526,549779.8663554897,548779.8663554897,604,0.9981810901759116,0.0,0.0,1000.0,20.551427469854858,25.382608026528942,28.39306245991275,23.196600908386067,5.945756671734644,461.2709268497107,2045.2906004470444,1011.7456916257063,0.4946708753291911,1198.0494262493587,0.03703646617219539,447.26833875950854,5,0,2,25,0.0,570,207.0,0.44726833875950855,378.015450378019,234196.35255566527,885.7835148796868,500000.0,0.4003732798705137,0,12,31.97786765181477,9,E6,0.9,marketplace
2.280084948100856,2.4544228129545447,4.2094377072941995,7.053902860730363,5.620095667489039,10.274981424893209,,,,,23.034489944875947,28.811769232599318,3.215103330436682,4.871471088371775,4.914766687391619,2.4544228129545447,1.0,1.0,13819.243346008723,516514.44304295897,516514.44304295897,540,1.0,0.0,0.0,0.0,21.59250641113707,25.704708293039516,28.811769232597726,22.454309798379494,2.280084948100856,427.43059698995495,1672.0985005278849,833.6272068533988,0.4985514947775032,919.2482321617709,0.02799906294047667,315.2140465105598,1,0,2,18,0.0,518,207.0,0.3152140465105598,401.3735082123695,263982.5326874219,785.3368627688319,500000.0,0.3608389735048026,0,9,24.947560200297236,10,E6,0.9,marketplace
6.932594946426558,15.487674115822301,8.339612141673797,16.146526323644416,3.390942231895747,5.656861045441155,,,7.552558473439603,7.552558473439603,23.6050760878952,28.97281936585432,3.5720090884840374,5.001558342894714,4.804847920403761,15.487674115822301,0.9047619047619048,1.0,26006.043708159235,531772.2574830158,531772.2574830158,543,1.0,0.0,0.0,0.0,22.18774775469804,25.704708293036674,28.972819365853866,22.570720657366607,6.932594946426558,430.919558409175,1642.046095329796,815.269923783126,0.49649636883024506,946.1438272846166,0.030007066065894185,344.22296974582554,3,0,0,19,0.0,513,207.0,0.3442229697458255,389.91169631741866,248369.57149355268,834.8213580387329,500000.0,0.3791297216555793,0,6,20.060752031308418,11,E6,0.9,marketplace
11.708122480687702,29.245130384302886,18.55865381805283,43.3964710902402,4.995980005050114,4.995980005050114,,,,,24.350207071890758,31.50706193955923,2.7249691370974296,4.383824325358183,16.62112898762387,29.245130384302886,0.8571428571428571,0.8571428571428571,3605.0987133016765,503977.3460501888,503977.3460501888,521,1.0,0.0,0.0,0.0,23.785956008029252,25.704708293039857,31.507061939559208,24.214701973931835,11.708122480687702,444.613609690756,1503.6960175215827,745.129533181367,0.4955320254219348,857.4370291772514,0.03003626310193362,343.2424232608292,5,0,0,21,0.0,494,207.0,0.34324242326082915,411.41381462533525,280080.32429806126,740.2992086034801,500000.0,0.3977223520725673,0,2,5.908785513585686,12,E6,0.9,marketplace
2.506526562123656,4.336806901857493,3.234318318252464,4.878364672661701,5.122915770916279,6.00105370870092,,,,,23.050912867128353,28.972819365853866,2.452918581063983,3.858154202847493,4.073694963880826,4.336806901857493,1.0,1.0,6216.486291594783,506496.9548278934,506496.9548278934,522,1.0,0.0,0.0,0.0,22.21156416406401,25.70470829303963,28.972819365853866,22.81796913537054,2.506526562123656,427.03476481639683,1549.9308590482324,774.8502897546588,0.4999257129640427,881.5138944298895,0.027501478900834934,310.50714371091055,3,0,0,15,0.0,505,207.0,0.3105071437109106,409.3025736238722,275397.63691450923,752.7679230162225,500000.0,0.36094038944456236,0,5,13.264047713570447,13,E6,0.9,marketplace
8.612744539556262,23.841152000377768,9.06590474993303,15.207889957822319,6.945153262741606,9.672211352074214,5.598540772079986,6.260903690555369,,,22.874143617665382,28.972819365853866,3.037614147199,4.604215810605456,7.1970885190879645,23.841152000377768,0.896551724137931,0.9516129032258065,58929.484502104126,566652.9292862886,566652.9292862886,576,1.0,0.0,0.0,0.0,20.775819304983525,25.382608026528942,28.811769232598408,20.93852465306709,8.612744539556262,429.9383477955352,1878.953425642047,934.2797338066772,0.49723410972117604,1094.9398537746665,0.030870169841687275,370.55267037860153,0,0,1,24,0.0,551,207.0,0.3705526703786015,365.9569058110513,217027.27915956647,955.5045498124322,500000.0,0.37578048884339843,0,7,21.918222030894718,14,E6,0.9,marketplace
10.374418390535038,38.95879406211971,15.01379323935353,38.58580795022226,8.364400816302144,25.44250112557438,5.753063021697861,6.660540946378023,7.143042659128923,8.176248719180558,24.569958811293628,29.338567350589038,4.391263490830431,8.812476070886989,11.476141234811097,38.95879406211971,0.8285714285714286,0.972972972972973,64862.71277757866,573615.9384122625,573615.9384122626,603,1.0000000000000002,0.0,0.0,0.0,21.937817175860456,25.58774008997898,29.227645395955665,22.344381248320794,10.374418390535038,460.96008498300444,2062.493006550502,1016.7485346359637,0.49297065803702533,1214.442423256112,0.03717326997669748,482.7449365673684,5,0,1,20,0.0,567,207.0,0.48274493656736844,361.71021591706153,210320.98178861037,986.5052129944141,500000.0,0.3894350326924923,0,10,28.657829774929304,15,E6,0.9,marketplace
4.977180059565044,14.479178295617384,8.149493716340151,17.43374288554878,34.01967026822209,65.23908835396979,,,,,23.915033658242915,28.972819365853912,2.959320575187197,3.9671929699394695,16.7728859003008,14.479178295617384,1.0,0.9642857142857143,8440.199489225186,509188.49886297405,509188.49886297405,531,1.0,0.0,0.0,0.0,22.997960800530056,25.70470829303963,28.972819365853866,23.649507326238105,4.977180059565044,446.41984843331954,1556.3450387339349,774.1388982738924,0.49740827323460596,872.863021953847,0.027500251072895842,322.07665705018167,1,0,1,17,0.0,504,207.0,0.3220766570501816,407.1617428909012,275188.99890060246,753.3806855845077,500000.0,0.3738266669920507,0,4,12.984768772447051,16,E6,0.9,marketplace
6.651826517912923,11.633884945971657,3.8102108461250004,6.34581459105757,4.402540585763416,5.198242028367235,,,,,23.4878969054966,28.811769232597726,3.4669722406636807,4.8137389668245305,4.057014904307674,11.633884945971657,0.9333333333333333,1.0,10188.61735102234,511539.3687118152,511539.3687118152,538,1.0,0.0,0.0,0.0,22.175737405234173,25.70470829303963,28.794320463274197,23.065484961173254,6.651826517912923,437.4178946733591,1631.232485089696,809.0053953453024,0.49594732985029905,918.4531204716268,0.030062758035755022,352.42117461891826,4,0,0,13,0.0,523,207.0,0.35242117461891825,405.349878928741,270908.94731836836,765.3952489466554,500000.0,0.38526657817665627,0,6,16.699708771619658,17,E6,0.9,marketplace
3.929141553166079,5.91683315879418,5.2882872589020735,7.239346991628821,4.272615946749101,7.964259435734492,10.018213122689758,17.706121004371198,6.747855808264831,7.0405684550953085,23.21975603892197,28.972819365853866,6.056800168573181,9.46030108739188,5.712302920206317,5.91683315879418,1.0,1.0,68261.72443658626,577118.2182746406,576118.2182746406,575,0.9982672527597732,0.0,0.0,1000.0,20.84998543419004,25.382608026528942,28.811769232598476,21.11671005014798,3.929141553166079,437.39769245914033,1871.7776044856516,922.2818432977937,0.4927304617212945,1086.8805396796968,0.03217483626881028,384.6373152307366,2,0,4,22,0.0,549,207.0,0.3846373152307366,359.96889307945594,214720.57496253328,965.83495713635,500000.0,0.35122324841127,0,4,9.467739574218374,18,E6,0.9,marketplace
10.47876966747013,35.80854814767081,5.81979044314513,7.2283021708975,11.198968925793091,36.277323093640014,,,114.13478743119595,114.13478743119595,24.20859428175397,29.778070032131676,4.045453187339888,6.839309657767446,7.718324025256175,35.80854814767081,0.8,0.9855072463768116,37728.11627304937,538786.9281851918,536786.9281851918,582,0.9962879574552103,0.0,0.0,2000.0,22.089056769050853,25.382608026528942,29.833391625078455,25.490201642039764,10.47876966747013,496.65364612834026,1946.7545119980473,968.2057977146445,0.4973435488385891,1092.1903693810384,0.035317050214464026,419.8826727474429,2,1,2,19,0.0,547,207.0,0.4198826727474429,386.410085234392,243364.69951079937,852.3006133991225,500000.0,0.3555652812911818,0,13,34.46331975024019,19,E6,0.9,marketplace
4.869737136581327,10.253718906725862,5.475942466273295,8.095482255990987,4.693933197564365,5.3507600914026625,7.597944494584681,7.597944494584681,7.993984659122418,10.533077766998042,23.027551035700878,28.811769232599136,2.816526131790056,4.669195515163051,5.313392983070272,10.253718906725862,0.9642857142857143,1.0,42968.20466135957,546796.3875473237,546796.3875473237,559,1.0,0.0,0.0,0.0,21.064867477958778,25.704708293039616,28.811769232597726,21.61046552626477,4.869737136581327,429.2305672950336,1747.748254169265,870.1440786254012,0.4978657976339938,990.7948887731886,0.03144850107467646,374.64677966836234,4,0,2,16,0.0,539,207.0,0.37464677966836235,379.2538712807803,242032.56342732455,856.8047366979073,500000.0,0.36903846853822975,0,5,14.331958350466694,20,E6,0.9,marketplace
4.81252636985883,10.272912737426493,3.9236680817866727,5.713554465499238,3.2581535382323636,4.251186690629038,4.820118274277775,4.820118274277775,,,23.481055073144365,28.972819365853912,2.7913138169016443,4.499741436071782,3.869345719959483,10.272912737426493,0.95,1.0,17327.275816339392,522341.9832740221,522341.98327402206,537,0.9999999999999999,0.0,0.0,0.0,22.14684293124981,25.70470829303963,28.972819365853866,22.789030164478845,4.81252636985883,441.0014934134784,1664.932634331145,834.1587498973132,0.5010165172433061,918.7502749715725,0.0273920718222584,310.13872619949433,1,0,0,13,0.0,518,207.0,0.31013872619949434,396.8858436895814,262140.0326717538,790.8373879917411,500000.0,0.3562435765903092,0,8,23.224148741155517,21,E6,0.9,marketplace
8.001827144157232,17.84083304701735,11.645922395761726,25.09086171117906,5.309324704458352,12.318012202655154,4.675293146604872,4.675293146604872,,,23.444574120094945,28.972819365853866,5.511513865722413,12.817691217894572,7.896737779346968,17.84083304701735,0.9166666666666666,1.0,19226.136203616657,520041.7500651535,519041.7500651535,532,0.998077077465656,0.0,0.0,1000.0,22.442159567294986,25.704708293039516,28.966882286614148,22.74378890845974,8.001827144157232,428.05085646911704,1545.3526559986806,761.8313401825418,0.49298219226873496,901.241100061918,0.030183878311747153,347.6184372496667,5,0,0,19,66.95580926203557,499,207.0,0.34761843724966673,399.4815800679272,265074.21578818833,782.2247736193776,500000.0,0.3609164486675338,0,3,8.544387343355774,22,E6,0.9,marketplace
3.377441228596125,6.0277576482663795,4.766299483426135,8.329105334128872,8.158614856521869,15.425203108438378,5.252203588423285,6.129757111263141,6.547612990429059,6.547612990429059,23.154143517933996,28.83863306970425,3.137516532500964,4.277988585787483,5.969574033114122,6.0277576482663795,1.0,1.0,44840.47463850063,546785.5630729868,546785.5630729868,585,1.0,0.0,0.0,0.0,20.407961523680346,25.467722731671984,28.006518566322484,21.669587002488722,3.377441228596125,429.84117480051026,2004.900532310939,991.3897375134718,0.49448325317702974,1088.1600030819566,0.03245799066239895,393.495826686663,2,0,3,22,0.0,558,207.0,0.39349582668666305,379.2958516701054,239041.5912167398,867.6042305903255,500000.0,0.36310062232161294,0,8,21.96177283534419,23,E6,0.9,marketplace
25.617480524374443,53.10181584297242,37.68833406995964,53.606710173294054,27.639247131794694,60.116005222782405,101.60291150903959,131.24262311203728,124.13542559379493,124.13542559379493,23.179867266164397,28.972819365853866,2.8898962350839006,4.465416594975613,40.180825565604664,53.10181584297242,0.631578947368421,0.6764705882352942,34421.87232108315,535140.8176419535,535140.8176419535,544,1.0,0.0,0.0,0.0,23.583681320292158,25.704708293039857,31.18945681797977,26.828577228507058,25.617480524374443,529.3028374237269,1644.7968200876965,818.8257317553282,0.49782789081004575,936.4391924407624,0.03328967312339344,374.66330314167783,4,1,2,20,0.0,511,207.0,0.3746633031416778,387.5141952671788,249875.65259081437,829.9114425635119,500000.0,0.39818312417913254,0,10,33.29403674270909,24,E6,0.9,marketplace
26.55032401706285,26.55032401706285,,,,,,,,,23.93243773222446,28.972819365853866,,,,26.55032401706285,0.0,1.0,209.99028817615883,500209.99028817617,500209.99028817617,501,1.0,0.0,0.0,0.0,23.93766305415029,25.704708293039857,28.972819365853866,23.93353673205661,26.55032401706285,436.25519866406967,1410.0202616361225,709.6693201499992,0.5033043421138726,799.8735793955925,0.02880369802461553,314.99936736515957,6,0,0,17,0.0,480,207.0,0.31499936736515954,414.45593529215364,284056.19267790637,729.8379852694898,500000.0,0.11298581764967475,0,2,6.686917343769473,25,E6,0.9,marketplace
7.090181908027137,12.97030311807248,6.80325548197455,14.809523018712753,11.302767010184848,24.478538062068036,,,,,23.29793722383696,28.81176923259909,4.0093071057167435,5.3395177123869875,9.226069381780095,12.97030311807248,1.0,1.0,8275.236379187336,508449.34756596206,507449.34756596206,527,0.9980332357494661,0.0,0.0,1000.0,22.46610779140218,25.70470829303963,28.811769232597726,23.058248154191833,7.090181908027137,425.96470412883144,1536.401069921335,763.4797003202501,0.4969273422592324,890.7638016199458,0.030756449204963555,346.0202176415184,5,0,0,18,0.0,504,207.0,0.3460202176415184,408.604368519144,274378.1486962211,755.6943626994347,500000.0,0.43270890864416983,0,3,10.349166942676964,26,E6,0.9,marketplace
3.2101739973918555,4.490489874186506,9.306681408181738,18.238590015651923,4.769364968034172,7.768201609406333,,,,,23.919269498886184,28.97281936585432,6.5239058449189145,14.161239357898348,7.362117219547067,4.490489874186506,1.0,1.0,12370.949722949961,513597.1255335828,512597.1255335828,535,0.9980529486044901,0.0,0.0,1000.0,22.683960380823738,25.7047082930396,28.972819365853866,23.399720774788364,3.2101739973918555,438.83057787721003,1661.8490485723237,829.8688167043404,0.4993647391845075,903.0469953276549,0.03125534174056834,373.3727239918254,5,0,2,17,33.50503363981419,510,207.0,0.3733727239918254,404.5543027736033,268499.48800614197,772.3417808500554,500000.0,0.39265567381259503,0,9,27.827007544480402,27,E6,0.9,marketplace
17.81770512242028,56.54006328788401,9.164565280702167,18.237550138064755,12.791726157827478,31.039385032902146,8.001431536369779,9.721348698214417,7.903489301740194,7.903489301740194,24.153058822764642,28.90112101991508,9.203381691626163,24.842399252976666,10.37935889158261,56.54006328788401,0.6666666666666666,0.8928571428571429,26590.43369586375,528937.8456762048,527937.8456762048,536,0.9981094186998066,0.0,0.0,1000.0,23.34662145359827,25.704708293039687,28.972819365853866,23.485497107894,17.81770512242028,452.1754907014583,1650.0301273194507,816.0210841674807,0.49454920286403753,947.1846732107994,0.029737190968208774,348.0562524499993,3,0,2,17,0.0,510,207.0,0.3480562524499993,392.75088526163523,251983.58906787916,822.8633341538552,500000.0,0.39064020804578076,0,3,8.544387343355776,28,E6,0.9,marketplace
3.3652761959726742,6.304580208342259,7.245134623187382,18.784006091846038,3.752683213425508,5.499826257547824,17.167391473493165,29.941755758244653,10.323623225348229,18.03582783592383,24.134460220380472,29.390918246632072,5.229182692214713,9.54737260973662,6.119049971450557,6.304580208342259,1.0,1.0,77164.28456252046,584688.0408818187,584688.0408818187,599,1.0,0.0,0.0,0.0,21.02580063242057,25.382608026528942,28.811769232597975,21.918030553521632,3.3652761959726742,460.8397196777113,2057.068260756796,1007.576180082165,0.4898117380467858,1150.0765274665705,0.034797567375122365,436.5095596539289,2,0,5,23,0.0,567,207.0,0.43650955965392885,354.7815160487992,210836.60226752938,983.8733281066583,500000.0,0.3605295861643234,0,7,25.77629716849071,29,E6,0.9,marketplace
4.970168619490115,8.930183075122446,8.178748360455314,13.311958227533074,10.060683317133623,17.037179308463635,,,,,11.971579685822482,49.388548504888064,4.719184229987382,11.222224470328955,8.531611164832498,8.930183075122446,0.9565217391304348,0.9743589743589743,13968.57625752051,514733.05309149995,511168.69032125414,549,0.993075317878193,0.0,0.0,3564.362770245745,11.44590408396486,1.76912734634152,45.97132864346578,11.86062011818485,4.970168619490115,622.0090730818044,1781.0499364866848,875.7760070783038,0.49171895135397914,903.9474103277682,0.024321632824632657,287.22476608581985,2,0,0,0,0.0,549,207.0,0.28722476608581987,405.51627807214095,271453.2329155797,763.6203943481892,500000.0,0.5703760396447596,0,0,0.0,0,E6,1.0,inhouse
4.941001894752235,6.756296654354038,5.886919990424673,9.325599946644616,5.3235144675525135,5.769971101649117,23.334560273883653,35.14709822525456,,,12.04305929821704,43.467185228605665,2.924044351710381,4.510293762217043,8.905562172088445,6.756296654354038,0.9285714285714286,1.0,22776.714596747763,523156.8520526396,516237.90470122895,530,0.9867746215608881,0.0,0.0,6918.947351410646,11.704311474125616,1.76912734634152,42.016665556216,12.054096079350712,4.941001894752235,1559.7461610499738,1653.994853225657,818.753027078831,0.4950154624012771,830.3623679411909,0.027585457228127237,315.9966513001266,2,2,0,0,0.0,530,207.0,0.31599665130012655,401.59003196652833,265254.0531389733,781.5752264591488,500000.0,0.6190633798766422,0,0,0.0,1,E6,1.0,inhouse
18.91038699886288,41.03382980222159,18.44457268789563,41.12123157301009,26.62830562036258,69.42193642118491,,,,,14.447984136315924,57.25217659212599,11.587433689703449,22.7973606984899,21.951886801810037,41.03382980222159,0.8095238095238095,0.9142857142857143,29310.196036041838,530894.1092591553,511538.1379026824,545,0.9635408059368308,14403.979793049497,0.027131549478199637,4951.991563423368,14.760203572947628,1.76912734634152,53.61817678936834,14.68750878188058,18.91038699886288,1724.6399331325183,1758.4699049430014,863.4853954788427,0.4910436016286736,911.8611388736855,0.029802031253459937,371.8504492536931,2,2,0,0,0.0,545,207.0,0.3718504492536931,405.3888363035507,270675.1373780405,766.1281802902577,500000.0,0.5657168782704546,0,0,0.0,2,E6,1.0,inhouse
9.99124572696131,40.0097634308886,11.310480416248424,37.828611319335344,22.951781740202737,65.38698627047235,,,107.78428003637691,107.78428003637691,13.093691996387836,49.58574472811406,9.36260439105693,10.603300610249885,15.384935879632433,40.0097634308886,0.8260869565217391,0.9534883720930233,28096.063942230638,530369.5763930491,521966.8694395061,557,0.984156883562801,0.0,0.0,8402.706953542944,13.130774694123506,1.76912734634152,48.932406615420966,14.506311037031695,9.99124572696131,1437.5596603205863,1866.4285862305944,916.8585198031614,0.4912368609049395,934.883763438552,0.029870216345492077,361.3896355325181,2,2,0,0,0.0,557,207.0,0.3613896355325181,397.2692555337842,259801.67822843266,798.1526179873573,500000.0,0.5877096398147826,0,0,0.0,3,E6,1.0,inhouse
7.8556376728013975,28.916982109101088,15.262086029263855,34.75302898072114,3.0076599800039014,3.8749314732482167,,,5.509207157457922,5.509207157457922,12.753435436649486,46.729491531395254,4.985571782439763,5.833833613209754,9.543353872942543,28.916982109101088,0.8333333333333334,1.0,32491.15341102122,534209.4492904893,519247.6457357165,546,0.971992626535071,12883.956746220842,0.02411780016870289,2077.8468085520485,12.319790426879198,1.76912734634152,40.456829384893666,12.469051725101844,7.8556376728013975,566.7310882846526,1754.2797638460754,868.2900404082305,0.49495528495671365,867.3877831996136,0.026792703059420084,299.19393007607397,4,1,0,0,0.0,546,207.0,0.299193930076074,399.2299158840789,263467.7470678236,786.8105156594813,500000.0,0.5974376887096456,0,0,0.0,4,E6,1.0,inhouse
16.40541749897507,45.62881965701115,20.69928940207057,70.89119381384258,35.386240792620676,76.18159141647166,26.46086884564902,52.24531948134209,,,13.647778001672446,57.5866246327748,9.629510903011642,15.322761239896863,26.7571311649462,45.62881965701115,0.8461538461538461,0.7818181818181819,43452.69323580841,547328.4080016714,541284.5141829726,571,0.9889574636902816,0.0,0.0,6043.893818698931,14.326547870474958,1.76912734634152,62.936079665877514,14.529797817206408,16.40541749897507,616.7535517582003,1906.0089772936144,933.3007765286211,0.4896623193526801,997.3833735512385,0.02610398673619947,305.092779446186,2,0,0,0,0.0,571,207.0,0.30509277944618596,382.98729660196784,239231.78725596136,866.5449318306692,500000.0,0.54781637394174,0,0,0.0,5,E6,1.0,inhouse
6.171259124791553,18.71880813723049,15.57204302040035,49.65915949927149,9.311464589726938,18.204166150676592,26.502315934769058,26.502315934769058,,,12.699513078845094,46.951385660187235,9.840843709890702,13.749091000061071,14.788040753271186,18.71880813723049,0.9285714285714286,0.9565217391304348,31608.77227884693,532684.458673951,517469.6066906774,557,0.9714374021326828,0.0,0.0,15214.851983273604,12.382380268015062,1.76912734634152,44.58519932713349,12.727710351124236,6.171259124791553,4456.730169886733,1812.0051079377902,885.5057498196842,0.48868832981793414,881.2069122077648,0.028260738893183753,365.00178753692467,3,1,0,0,0.0,557,207.0,0.36500178753692464,400.7288526831131,264840.1452098311,782.9817553650824,500000.0,0.5671413438798245,0,0,0.0,6,E6,1.0,inhouse
7.470332282951151,7.723321371356708,21.79391865118885,81.60470387420924,2.152714574829664,2.3905203138846502,,,,,11.780924491876926,45.26666600318999,17.65773323013433,52.37733120477816,15.591433153391213,7.723321371356708,0.9459459459459459,0.9285714285714286,40773.60461111535,543849.2288690333,519299.493545086,574,0.9548592991940066,11470.75105855638,0.02109178509347248,13078.984265390869,11.813486007777886,1.76912734634152,45.19674575592547,11.603549014124901,7.470332282951151,4813.9862667566385,1907.1805707691897,936.1778302323107,0.4908700542470074,924.6929504134157,0.02687448372021769,341.9131149581082,0,1,0,0,0.0,574,207.0,0.3419131149581082,399.2723191380438,263487.6855362341,786.9131063677169,500000.0,0.5972003051342396,0,0,0.0,7,E6,1.0,inhouse
12.729268039689027,39.94887732929135,14.174178682796423,31.942452101985726,4.3933353882422725,5.890981185440564,,,,,12.638800314141609,47.80017257477795,35.52120590351279,125.24886666037276,8.740376852488561,39.94887732929135,0.875,0.9047619047619048,38363.5914215517,540361.5398106,516568.89847653353,554,0.9559690326176694,13515.69167661024,0.02501231246277737,10276.949657456204,13.011703689910268,1.76912734634152,48.63272783000366,12.597711184322632,12.729268039689027,3275.4004283748777,1781.677703202343,880.910454917338,0.4944275013006065,859.6393939728054,0.027565108467843467,343.76115269206,3,1,0,0,0.0,554,207.0,0.34376115269206003,401.3864593168324,264878.89937372756,782.7870081117446,500000.0,0.5806672382547616,0,0,0.0,8,E6,1.0,inhouse
28.674965080494356,77.0793479665629,17.637374857050105,50.46920208738052,25.350877592553104,52.24128436304818,32.178859031288084,32.178859031288084,,,12.236237662900082,42.73208839069127,7.407805546504885,24.366496976756025,21.002192611740007,77.0793479665629,0.6052631578947368,0.8227848101265823,47374.080402398526,549736.351411949,532073.1441211653,600,0.9678696756264755,0.0,0.0,17663.207290783863,13.707368863444618,1.7691273463417474,45.61062982447702,13.076252604544468,28.674965080494356,818.7959603311375,2099.549248655764,1027.013462334487,0.48915902448681886,1050.0612101119698,0.031159942154191968,402.50559367813435,3,1,0,0,0.0,600,207.0,0.4025055936781343,389.8007405283508,249568.123846004,831.0456575842829,500000.0,0.5489910063811974,0,0,0.0,9,E6,1.0,inhouse
2.9453524624490663,5.25209431940516,25.74401600637657,36.53719942370653,15.140724465299968,38.98074526817447,,,,,10.61894906005447,37.45550288653231,6.809870423513075,16.58666855993524,21.199748203058025,5.25209431940516,1.0,1.0,13819.243346008723,516203.98819530365,512439.70357091265,536,0.9927077575716698,0.0,0.0,3764.284624391007,10.645241456517729,1.76912734634152,37.162619578800786,10.70681278305366,2.9453524624490663,451.0867648819418,1687.8652403693732,833.3240753842032,0.4937148152904898,832.477847898512,0.021609959342678713,244.2947473737595,0,0,0,0,0.0,536,207.0,0.24429474737375947,404.4266931371659,268739.5930534458,771.1714243243566,500000.0,0.6179379900136728,0,0,0.0,10,E6,1.0,inhouse
17.245583353203934,77.98188931268383,25.040711869163715,57.25504687256936,17.121417516172514,41.136110313587565,,,,,13.132019168495551,50.946918971312975,9.591113919139426,23.520913941915865,19.558123470939037,77.98188931268383,0.75,0.8484848484848485,26006.043708159235,527294.9549528928,513006.1062714429,539,0.97290160175584,0.0,0.0,14288.84868145006,13.400229202131536,1.76912734634152,51.82468855662303,13.131539299859455,17.245583353203934,2549.8368227921087,1684.9465291672147,829.3720429819242,0.49222454755988104,840.6150415215131,0.023015151533253446,264.5451136367275,2,0,0,0,0.0,539,207.0,0.2645451136367275,404.0196453411579,268844.86283147463,770.9447855195227,500000.0,0.6079681520185328,0,0,0.0,11,E6,1.0,inhouse
11.909749190450514,27.250012152770992,20.885325375958132,55.50523238179187,4.225080002754112,4.225080002754112,,,,,13.780226444372122,55.25900217501992,4.874744944579691,8.663231289297258,18.505290322643273,27.250012152770992,0.8571428571428571,0.8571428571428571,3605.0987133016765,503977.3460501888,503977.3460501888,521,1.0,0.0,0.0,0.0,13.698928432609934,1.76912734634152,54.60315690704658,13.738589105903664,11.909749190450514,245.61713766094152,1585.291473153872,786.7927541089327,0.49630794553107704,772.5964083770436,0.02507470948069046,300.5442821964565,3,1,0,0,0.0,521,207.0,0.3005442821964565,411.32909228335103,280022.6474282657,740.2992086034801,500000.0,0.6276503142480953,0,0,0.0,12,E6,1.0,inhouse
5.52301062426572,9.717893420228393,5.054860061637299,7.643647567353035,6.673862874927181,10.491083928026821,,,,,11.167486812086528,41.36022057546008,6.058417580186102,12.056829802627089,5.774416867543914,9.717893420228393,1.0,1.0,6216.486291594783,506496.9548278934,506496.9548278934,522,1.0,0.0,0.0,0.0,10.93906002058662,1.76912734634152,39.40563932087007,11.110242750700378,5.52301062426572,187.65056781009824,1588.5693893757214,789.9454717459636,0.49726847126041984,774.3506545062869,0.026893352507183874,316.7133620449621,2,2,0,0,0.0,522,207.0,0.3167133620449621,409.3148268433139,275405.8814453192,752.7679230162225,500000.0,0.6328097643313192,0,0,0.0,13,E6,1.0,inhouse
16.38366576346838,51.482672836842426,9.676798901958104,15.674081253457235,8.366579827987039,17.114338392881482,5.188924747737474,5.233270554192131,,,12.23777953677068,41.3005568747181,2.665908303810011,4.634163093318921,8.593107390705391,51.482672836842426,0.8214285714285714,0.9038461538461539,58929.484502104126,560140.4496017806,529049.2299046405,562,0.9444938859187124,0.0,0.0,31091.219697140245,12.118373790351393,1.76912734634152,41.05646961092811,12.064840151966957,16.38366576346838,4795.836671520419,1845.349203637208,911.1706162240833,0.49376595737443835,930.2666494202974,0.026904302577023965,397.547423821932,1,1,0,0,0.0,562,207.0,0.397547423821932,392.01937305759753,251646.08609045667,824.1636126590533,500000.0,0.528097512929152,0,0,0.0,14,E6,1.0,inhouse
48.10609616346618,171.86379947696156,23.175671260032555,87.15946827763241,4.566103013832799,9.80093718006842,5.639048593046482,5.693177683721387,,,11.826443945170404,42.087129340324104,16.237528184135044,37.89764855954436,16.473582538942566,171.86379947696156,0.6875,0.8,64862.71277757866,569803.8948999027,534346.3053831415,588,0.9377722935309347,0.0,0.0,35457.58951676133,14.23419799632029,1.7691273463416337,48.26850049422427,12.030086722604585,48.10609616346618,7058.958537722436,2072.286906254637,1009.8417437753358,0.48730788228570177,1060.1946884362198,0.03617219281526972,554.7072064265651,3,3,0,0,0.0,588,207.0,0.5547072064265651,388.4273272135828,246359.68205348626,842.4865037833792,500000.0,0.44464245022274085,0,0,0.0,15,E6,1.0,inhouse
18.315235129101563,86.98970362794898,36.972563827140725,90.42044910396089,5.100388644918894,5.185503350061663,,,,,13.089340780652245,47.62626589461458,2.8330496482815306,3.968379348336066,29.00452003158527,86.98970362794898,0.8235294117647058,0.8,8440.199489225186,508637.27469418704,505272.51176591427,527,0.9933847496129815,0.0,0.0,3364.7629282727185,13.460591360664315,1.76912734634152,53.33318426883262,13.08873103431743,18.315235129101563,410.39224488474247,1605.9191446812213,797.8974420528369,0.4968478299143893,776.0325560533469,0.02574476020205653,305.8412595163891,4,1,0,0,0.0,527,207.0,0.3058412595163891,410.2852152692571,278967.634634938,743.1178944138107,500000.0,0.6289784584832591,0,0,0.0,16,E6,1.0,inhouse
10.399366029597351,38.82200939276876,13.772194135189197,22.71758878580422,16.01982401903363,33.48052948100335,,,,,14.1511522712948,54.82757675726865,26.613902197294397,90.172080329697,14.446483100342528,38.82200939276876,0.8571428571428571,0.9166666666666666,10188.61735102234,511071.9197908895,508246.4808123163,534,0.9944715433011282,0.0,0.0,2825.438978573131,14.291706204191259,1.7691273463416337,54.18964469369969,14.20374815416704,10.399366029597351,667.6626371493653,1637.3608833173769,807.2776385846668,0.49303586448766323,792.280337117645,0.028412192572435224,396.6583402435894,4,2,0,0,0.0,534,207.0,0.3966583402435894,408.06314685891624,274778.5708646009,754.777411090182,500000.0,0.5695575309071358,0,0,0.0,17,E6,1.0,inhouse
7.142685178491818,13.165228767503322,9.034068784919691,22.855004027560426,3.20314656883364,4.834590675691652,10.8910087835161,15.709432005848521,5.163644635195851,5.163644635195851,12.242404577204303,42.47217452316635,19.644342004057172,80.03982959784571,6.150544432442657,13.165228767503322,0.9523809523809523,1.0,68261.72443658626,570243.9701911092,537520.0751908021,564,0.9426142200340318,10823.216117411037,0.018979974683088343,21900.678882896165,11.993049196570414,1.76912734634152,40.47696467386184,11.891451148169537,7.142685178491818,2811.4995159944338,1842.9654993208053,900.6778838796669,0.48871120170811494,910.203524568404,0.029777484014648803,360.79495587168236,2,2,0,0,0.0,564,207.0,0.36079495587168237,385.7731171850007,242848.46210132542,853.8690884085279,500000.0,0.6034001720546897,0,0,0.0,18,E6,1.0,inhouse
20.355547107803318,93.64806361897172,14.547157620517451,8.170409776954516,29.2910190060674,90.57958528904346,,,,,12.033205826069388,42.07841305114433,10.552290334800327,25.457570801266158,18.827633506644855,93.64806361897172,0.8181818181818182,0.828125,37728.11627304937,538786.9281851918,517435.0595895967,577,0.9603704776811957,11490.801113996251,0.021327171304435642,9861.0674815988,12.838286768040431,1.7691273463417474,45.924365302716,12.45580606912173,20.355547107803318,760.2887489879325,2002.8927270000534,983.313663457923,0.49094674427758145,1015.8113681545307,0.03380002400491365,399.59284110985163,2,3,0,0,0.0,577,207.0,0.3995928411098516,400.82245877503686,262931.46710463805,788.797153588968,500000.0,0.5825535101179743,0,0,0.0,19,E6,1.0,inhouse
8.755443747483477,35.39501067477822,4.168681417359562,6.011889904752638,21.81870688549293,35.88487848796099,4.9508338676182575,4.9508338676182575,4.692446216563667,4.692446216563667,13.075030848619452,48.787857024187176,14.635647632625535,45.4234624886908,8.67895684067524,35.39501067477822,0.8333333333333334,1.0,42968.20466135957,546023.0117091311,522229.45427683793,549,0.9564238925428877,12015.37519389233,0.02200525424062709,11778.182238400757,12.852350705488712,1.76912734634152,44.8298648999909,12.861764593182418,8.755443747483477,3306.4870219259014,1723.9427473392275,850.832510303833,0.49353872778955526,847.8898251240021,0.028607096129937736,313.2477026228182,3,2,0,0,0.0,549,207.0,0.31324770262281826,396.9773171635862,259815.55952872682,797.9246819500084,500000.0,0.42594177802928,0,0,0.0,20,E6,1.0,inhouse
28.085914847386395,102.41680617077472,5.56371070752366,10.136577495967686,9.474010251589789,9.474010251589789,6.687001483147014,6.687001483147014,,,13.264320187781808,54.45088085179607,3.5993905677118314,6.473038496329309,6.282795038907872,102.41680617077472,0.7368421052631579,0.8461538461538461,17327.275816339392,518024.1647502009,509574.23508279055,532,0.9836881554135897,0.0,0.0,8449.929667410348,13.592797715544872,1.76912734634152,55.24019800447216,13.20717684899378,28.085914847386395,1621.1884968247668,1645.5162366925645,813.7251569996736,0.49451056079229905,805.5999577082737,0.026946763479487986,394.3764755039193,1,2,0,0,0.0,532,207.0,0.3943764755039193,406.995413419614,273611.78168051847,757.9877416158454,500000.0,0.5753027447852764,0,0,0.0,21,E6,1.0,inhouse
19.42700861289478,72.20949503093415,18.708447064984238,49.27392407459884,22.585529977116096,58.543730508663074,,,,,11.86634514645088,40.821680219253615,9.367437950035715,17.35468643659152,20.43159502593173,72.20949503093415,0.75,0.8095238095238095,19226.136203616657,520041.7500651535,514161.652876334,530,0.9886930286114858,0.0,0.0,5880.097188819491,12.140543345969594,1.76912734634152,44.25162605130796,11.803560880834638,19.42700861289478,1777.8106417041693,1623.1340894993855,794.8238799167322,0.4896846693435386,790.2356862365313,0.031136929892529218,354.12192371550526,5,3,0,0,0.0,530,207.0,0.35412192371550527,403.28585526308837,270955.07779329206,765.2712162194765,500000.0,0.6386208888242647,0,0,0.0,22,E6,1.0,inhouse
8.190352702231516,15.887619622299473,5.544306188346049,9.35441428578911,8.123890005599643,14.081510390008589,,,,,12.721944133242006,44.43729845706031,5.9146905843532185,15.68556618701077,6.217241097194813,15.887619622299473,0.9473684210526315,0.9836065573770492,44840.47463850063,546620.9219574383,519191.5804046162,576,0.9498201761934061,12710.581287026522,0.023253009126526277,14718.760265795685,11.985976342546145,1.7691273463417474,37.84225182363889,12.486977520617078,8.190352702231516,3888.8372966283637,1982.3983153774618,969.9070242708824,0.48925940702598186,990.3712507615871,0.026020978270459644,314.96379795898133,2,0,0,0,0.0,576,207.0,0.31496379795898133,399.3034009457441,262724.3465512189,789.0968862207917,500000.0,0.5842473173493818,0,0,0.0,23,E6,1.0,inhouse
24.902360830751824,55.92435188126763,22.559930663268915,46.696006430413675,21.23513373791223,51.05993613608844,,,,,11.293781255940075,43.30131436187641,4.4064763465872705,6.939958093239696,21.716878074405567,55.92435188126763,0.631578947368421,0.8,34421.87232108315,535140.8176419535,511679.38070875284,539,0.9561583864288633,11697.648494961977,0.021859010020029008,11763.78843823865,11.871204878835009,1.76912734634152,46.77239336480287,11.547733451367955,24.902360830751824,1703.4254346377531,1689.6763395428572,836.2377182468567,0.494910000617693,851.3945312282195,0.0256050715751174,284.96174874677456,2,1,0,0,0.0,539,207.0,0.28496174874677455,405.107122865936,270613.7518659384,765.9808872220042,500000.0,0.6016535146459093,0,0,0.0,24,E6,1.0,inhouse
25.64736158309097,25.64736158309097,,,,,,,,,13.581429073894528,58.0703736452324,,,,25.64736158309097,0.0,1.0,209.99028817615883,500209.99028817617,500209.99028817617,501,1.0,0.0,0.0,0.0,13.605512771517674,1.76912734634152,58.03205090729989,13.586494403843776,25.64736158309097,243.02929296314176,1463.228258295406,731.3081219839031,0.49979086847040777,706.7426598063629,0.022041369484553264,241.35299585585824,1,1,0,0,0.0,501,207.0,0.24135299585585823,414.30870438325707,283955.28484220075,729.8379852694898,500000.0,0.0,0,0,0.0,25,E6,1.0,inhouse
18.898762938335206,52.46868153966352,16.101294305298477,39.623809366451496,26.727113019222905,56.53235433163282,,,,,12.947671388640359,44.620868384118985,8.324091742405471,19.11818036298228,20.931211902536855,52.46868153966352,0.7272727272727273,0.7272727272727273,8275.236379187336,508449.34756596206,506323.36078462953,526,0.9958186852013676,0.0,0.0,2125.986781332494,13.203919742470331,1.76912734634152,48.380956979285656,13.112123430703939,18.898762938335206,662.5438444180227,1611.0120845091328,798.6991640319379,0.49577478140103304,773.6620507550363,0.02312842170463642,274.48142966426497,4,0,0,0,0.0,526,207.0,0.274481429664265,409.3717522897997,276839.8829159776,748.716114334484,500000.0,0.6308282833671592,0,0,0.0,26,E6,1.0,inhouse
8.305192984472344,20.375265195455505,10.03073861275817,18.338413027019893,12.041304129235868,23.837661483088326,,,,,12.926985421275223,49.80392348003736,14.035353793960212,31.847342216118232,10.700927118250737,20.375265195455505,0.9285714285714286,1.0,12370.949722949961,513597.1255335828,510759.3858471841,534,0.9944747749835038,0.0,0.0,2837.7396863987024,12.772395820582238,1.76912734634152,45.31464318667975,12.888384099162373,8.305192984472344,686.590049310424,1689.1649989284124,840.9490329742135,0.4978489570336245,848.3321776439469,0.023745668350758763,263.34807588899093,4,0,0,0,0.0,534,207.0,0.26334807588899095,405.7944970156669,271441.5544956515,763.5652855768234,500000.0,0.6243821692382165,0,0,0.0,27,E6,1.0,inhouse
25.394593682079176,61.43482938166526,5.515879999957509,9.510355101176447,5.064218389104913,8.677727142851609,,,4.868307947336746,4.868307947336746,11.47228749766802,45.20709615179916,3.5013159457221263,6.003505849277282,5.392699560634074,61.43482938166526,0.6666666666666666,0.8695652173913043,26590.43369586375,527415.1934686946,514548.76013854495,531,0.9756047351508214,0.0,0.0,12866.43333014956,11.543457792379144,1.76912734634152,45.78074841277157,11.381753265565964,25.394593682079176,4049.2540152854076,1636.0359232854958,796.775597685795,0.4870159550566018,813.1103803241041,0.02780581300281597,312.13934495226243,3,2,0,0,0.0,531,207.0,0.3121393449522624,402.9008626687438,268154.55703742127,773.1069038518023,500000.0,0.629572677864734,0,0,0.0,28,E6,1.0,inhouse
10.022317343899205,35.4804609890312,11.088380856642836,26.414438164998955,10.243927578839692,32.094943082238665,59.99670877261559,59.99670877261559,37.107029168141196,57.20001917102744,13.22320117785313,54.51313940521471,7.531643875985454,15.982819535802625,12.067881633640825,35.4804609890312,0.8,0.967741935483871,77164.28456252046,582430.0533427446,550636.3106729902,583,0.9454119125768315,0.0,0.0,31793.74266975432,12.90906592615568,1.7691273463417474,46.19715107270882,14.194195071231395,10.022317343899205,6964.176569393131,2003.600268480772,974.582422914031,0.48641559808384693,1052.726794258881,0.031909140806057286,366.6602217496734,2,2,0,0,0.0,583,207.0,0.3666602217496734,376.5945982899406,236183.15200315838,877.9909085935843,500000.0,0.5414760706071754,0,0,0.0,29,E6,1.0,inhouse
2.881018834241111,4.877613295574156,3.785763900501846,6.341939095743284,3.749298030309584,4.951248541225965,,,,,3.4676184052324595,4.972818365853527,4.300280664809903,8.35818186959932,3.774248362546395,4.877613295574156,1.0,1.0,13968.57625752051,515078.73700219905,515078.73700219905,554,1.0,0.0,0.0,0.0,3.469255344475283,1.76912734634152,4.972818365853527,3.4658608437984775,2.881018834241111,22.10698880456016,1803.4103145704964,883.7365583594939,0.49003632241615863,1080.3676567807513,0.03171776661829163,371.0834073880471,3,0,0,0,0.0,554,207.0,0.37108340738804707,402.60074530411595,267433.334368069,775.4122495514446,500000.0,0.3718293995193019,0,0,0.0,0,E6,1.0,pooled_greedy
2.6828362669722763,4.372685973347506,4.72112164918272,8.040596365991377,16.63051847444717,38.87702465563507,20.63901402518938,39.049650098778514,,,4.549630700083192,4.97281836585446,5.000502032151579,9.548779326795378,12.38545459592145,4.372685973347506,1.0,0.9655172413793104,22776.714596747763,525519.2910413912,525519.2910413912,536,1.0,0.0,0.0,0.0,4.707943605623399,1.76912734634152,5.778069032130588,5.093599576344924,2.6828362669722763,45.14315691710478,1692.838514551074,838.2168348730274,0.4951546338696785,1032.7108945825512,0.03652536605238068,411.70996555135144,4,2,0,0,0.0,536,207.0,0.4117099655513514,394.6795360347963,255223.62937421084,812.6665641191189,500000.0,0.39731422330114513,0,0,0.0,1,E6,1.0,pooled_greedy
12.958121279501825,18.752018301418506,7.317173940003272,15.143887402138898,7.303763866089336,15.033802560916229,20.38280195983009,32.56520419397559,,,3.7337510819150688,4.972818365853527,4.004035704817108,5.647050670868339,8.945348664763898,18.752018301418506,0.9545454545454546,0.9736842105263158,29310.196036041838,532277.3226155266,517873.34282247716,549,0.9729389564780431,14403.979793049497,0.02706104352195697,0.0,4.260699782323835,1.76912734634152,5.778069032130793,3.96859242450407,12.958121279501825,25.31880259624351,1776.2293542722634,869.1781751634296,0.4893389319756735,1055.3933625363713,0.03791530525173888,442.1051298105452,5,2,0,0,0.0,549,207.0,0.44210512981054517,400.5653274200677,263738.22432480013,786.5454681849244,500000.0,0.39529194972655785,0,0,0.0,2,E6,1.0,pooled_greedy
3.1612650704756837,4.430082974086872,4.3429377062228784,6.2879729971518845,22.30653449639408,92.09936015339008,96.60078489552507,96.60078489552507,53.04494901963517,53.04494901963517,4.388275912379852,5.778069032130725,4.579643775295835,4.565968919972239,15.67184666834847,4.430082974086872,1.0,0.9361702127659575,28096.063942230638,531327.860284328,531327.860284328,562,1.0,0.0,0.0,0.0,4.911265720151257,1.7691273463419748,6.644698191119602,6.230637018973053,3.1612650704756837,69.58339282512381,1910.1037744963346,942.4274343253543,0.4933906978817725,1189.4876398202737,0.039340153291040965,460.78845219554955,3,2,0,0,0.0,562,207.0,0.46078845219554954,390.4571997056161,249370.44873194103,831.9381446644628,500000.0,0.35433028285115364,0,0,0.0,3,E6,1.0,pooled_greedy
2.9561905850208254,4.587921021970761,5.255833329413804,7.812154817398094,3.3543695203147763,5.059609104144875,,,6.1163852357155974,6.1163852357155974,3.937842169558903,5.286838840287576,3.2879461752963643,4.62981113767637,4.249176018714318,4.587921021970761,1.0,1.0,32491.15341102122,534209.4492904893,521325.49254426855,548,0.9758821998312972,12883.956746220842,0.02411780016870289,0.0,3.9050004506701494,1.76912734634152,5.686533495421498,3.943048488493035,2.9561905850208254,24.571478246559145,1758.2052745697752,866.0576670008417,0.49258051919606605,1067.3826115893671,0.035412610390217106,413.75719972200835,4,1,0,0,0.0,548,207.0,0.41375719972200836,397.8584591892164,261487.19480306396,793.2080856040895,500000.0,0.39100484049877693,0,0,0.0,4,E6,1.0,pooled_greedy
6.5014828357758905,9.712328164996713,7.990897704486883,17.713987071401068,10.290145729695553,31.915475095418422,29.07644597904785,53.504657640078676,,,4.588933975751774,6.257651703012016,2.5812865234848132,4.439258570803304,12.974423367801966,9.712328164996713,0.9259259259259259,0.9473684210526315,43452.69323580841,547328.4080016714,547328.4080016714,573,1.0,0.0,0.0,0.0,5.062024973563093,1.76912734634152,9.482008116640648,6.058863329999919,6.5014828357758905,76.57475847474377,1916.2709058620796,937.8481612017706,0.48941314003818137,1188.5550913199938,0.03478816074399921,397.2009938501372,4,0,0,0,0.0,573,207.0,0.39720099385013724,378.92643239745155,233812.26245052458,887.0244820360355,500000.0,0.40215810515031203,0,0,0.0,5,E6,1.0,pooled_greedy
3.0968922139459494,5.185127312283726,5.532894857861982,11.38361945943066,7.056260878574449,15.059035597591272,37.70061215751798,52.38322422016689,,,4.502450603089464,4.972818365854437,7.672754695221363,12.028947025922806,11.338496163845784,5.185127312283726,1.0,0.9807692307692307,31608.77227884693,533346.8920584851,533346.8920584851,565,1.0,0.0,0.0,0.0,4.796120358416629,1.7691273463417474,5.778069032130588,5.731704703750485,3.0968922139459494,59.53335936357007,1877.498104868722,925.3555704030765,0.49286631395443087,1158.2156484464297,0.03528371538302723,414.6808071074958,4,0,0,0,0.0,565,207.0,0.4146808071074958,388.8926398475442,248050.97899926527,836.177634306865,500000.0,0.4402174949603042,0,0,0.0,6,E6,1.0,pooled_greedy
4.425821635439333,5.634305585629886,18.56480678618831,55.04696322329656,2.699590129002931,3.237984456112435,6.504395574288608,7.159589410589993,,,5.050923129293183,8.358319209941753,3.810894163945025,5.145313589738317,11.610316272085484,5.634305585629886,0.972972972972973,0.9344262295081968,40773.60461111535,544565.4292464787,533094.6781879223,581,0.9789359543545969,11470.75105855638,0.021064045645403137,0.0,5.239384576534939,1.7691273463416337,8.025354262585097,5.033145610754438,4.425821635439333,54.677370075802884,1955.391139723132,958.98025686743,0.4904288647862105,1155.507181316788,0.03547205311913349,424.8161775561946,2,1,0,0,0.0,581,207.0,0.4248161775561946,389.0956422274327,247102.91895863507,839.426814752759,500000.0,0.3553027587967595,0,0,0.0,7,E6,1.0,pooled_greedy
5.662493413471687,18.731645214764132,5.607170859795303,9.634904140300977,4.752522590037776,8.012397582978158,6.292066744717658,7.315476233871732,,,4.214532246645169,5.11149854787065,2.522912517989397,3.3077655029878317,5.183664958186471,18.731645214764132,0.88,1.0,38363.5914215517,540361.5398106,526845.8481339897,560,0.9749876875372225,13515.69167661024,0.02501231246277737,0.0,4.282728040917032,1.7691273463415769,5.7780690321306905,4.294376213271462,5.662493413471687,35.55377435086813,1811.2049316807786,891.8902360154191,0.49242922234523434,1101.3363450734919,0.03432615749215395,388.3356312286244,5,0,0,0,0.0,560,207.0,0.38833563122862436,393.6413969394796,254196.27025212854,815.8590817462714,500000.0,0.4099901226491321,0,0,0.0,8,E6,1.0,pooled_greedy
12.172212131029875,20.014284004264177,6.906854986888779,8.93969229563927,11.41262027197187,31.136332093964548,31.567716745013968,31.567716745013968,44.423955798850784,52.08223881081276,4.358260421566798,5.86217686049127,4.457041437706018,7.37589485589565,9.366497705252055,20.014284004264177,0.9473684210526315,0.9506172839506173,47374.080402398526,549779.8663554897,549779.8663554897,605,1.0,0.0,0.0,0.0,5.341052060025795,1.7691273463419748,9.560436410205513,6.0895301350269735,12.172212131029875,72.66833778263596,2141.787354814149,1054.3340237888378,0.4922683017149135,1370.0892139340501,0.045466433926568496,619.3457813995173,6,2,0,0,0.0,605,207.0,0.6193457813995172,377.6408677125911,234170.55892711057,886.615921030553,500000.0,0.42570405801274863,0,0,0.0,9,E6,1.0,pooled_greedy
2.6734994232392637,4.4741970760142085,3.726265060606039,5.307476470933943,14.429251064714464,48.006721769712385,,,,,4.058768756643982,4.972818365853527,3.11521373977389,4.835668919120802,9.077758062660251,4.4741970760142085,1.0,0.9666666666666667,13819.243346008723,516514.44304295897,516514.44304295897,540,1.0,0.0,0.0,0.0,4.1540919197178585,1.76912734634152,4.972818365854437,4.314858678374781,2.6734994232392637,39.14949123780818,1718.4584747096346,850.100134801151,0.49468762109296305,1049.076160591274,0.03072644655294636,336.45458975476265,2,0,0,0,0.0,540,207.0,0.33645458975476267,401.4146310571037,264009.57909801486,785.3368627688319,500000.0,0.08901658637210175,0,0,0.0,10,E6,1.0,pooled_greedy
7.362204186482002,16.704250863907873,9.461968362331845,19.21159556574958,4.015474823480235,6.338584103369815,,,6.75338177253343,6.75338177253343,4.290263252066711,5.7043887924820424,2.515073832670396,3.658122941105695,5.571615834580696,16.704250863907873,0.9047619047619048,1.0,26006.043708159235,531772.2574830158,531772.2574830158,543,1.0,0.0,0.0,0.0,4.423755864152548,1.76912734634152,6.736798603472518,4.445114964535706,7.362204186482002,40.44206264216092,1722.6575793814975,853.677614810524,0.4955585050843524,1047.8025807587949,0.03217408109830722,356.89240302570374,5,0,0,0,0.0,543,207.0,0.35689240302570374,389.9355212407794,248384.74771437873,834.8213580387329,500000.0,0.3761994285125028,0,0,0.0,11,E6,1.0,pooled_greedy
9.61394644802301,23.680093771625632,18.711051679358928,49.062367718477276,4.995980005050114,4.995980005050114,,,,,4.586942312878384,5.778069032130588,3.7635709007821396,7.673219635573518,16.751755725886238,23.680093771625632,0.8571428571428571,0.8571428571428571,3605.0987133016765,503977.3460501888,503977.3460501888,521,1.0,0.0,0.0,0.0,4.806863854053804,1.76912734634152,5.7780690321319526,4.6080599400011915,9.61394644802301,38.841549216990806,1581.2970898923775,782.7983708474383,0.4950356108609011,955.6129180884104,0.03386224551290137,384.7259173398978,5,1,0,0,0.0,521,207.0,0.3847259173398978,411.49612684512886,280136.3604164266,740.2992086034801,500000.0,0.3748976775163843,0,0,0.0,12,E6,1.0,pooled_greedy
2.608486598615774,3.2899407481302245,3.8887699263846742,5.3734970777848945,5.487710366695865,7.343931761092563,,,,,3.5007027644679765,4.811768232599206,1.721738620764495,1.9585423353670648,4.599410122078536,3.2899407481302245,1.0,1.0,6216.486291594783,506496.9548278934,506496.9548278934,522,1.0,0.0,0.0,0.0,3.4889322973667505,1.76912734634152,4.913038035299227,3.5228503222439254,2.608486598615774,14.980959463711864,1592.6035306389456,793.9796130091873,0.49854191437755146,957.8108604317964,0.033395035294548285,365.6756364753037,3,2,0,0,0.0,522,207.0,0.36567563647530366,409.41149529109754,275470.9244325844,752.7679230162225,500000.0,0.026745633961212878,0,0,0.0,13,E6,1.0,pooled_greedy
6.972771207612139,14.08714518207734,8.713800326410011,14.248463550138922,6.387415234268435,18.395120409813103,14.72836942980598,38.91466478409884,,,3.678145226193192,4.972818365853618,3.0442870273519054,5.04182826771048,9.043933397710088,14.08714518207734,0.9310344827586207,1.0,58929.484502104126,566652.9292862886,566652.9292862886,576,1.0,0.0,0.0,0.0,4.136029164279005,1.7691273463417474,6.618593199074439,4.617001680449413,6.972771207612139,39.87719911418902,1944.3917581985581,962.3462328698463,0.49493433039514717,1242.0455327799773,0.03369528180045447,387.4716731893793,1,0,0,0,0.0,576,207.0,0.3874716731893793,365.9867635986605,217044.98603790012,955.5045498124322,500000.0,0.4200912562101718,0,0,0.0,14,E6,1.0,pooled_greedy
13.348333274689093,40.65149027365616,11.102684408862213,25.767453902684792,5.653397722870936,5.1547991671477575,7.67738529545217,9.006345367876566,7.226108561704905,8.325767343817324,4.917667734439672,8.025316547597056,9.08261857746171,9.065179975124924,8.950908836047487,40.65149027365616,0.7714285714285715,0.9459459459459459,64862.71277757866,573615.9384122626,573615.9384122626,603,1.0,0.0,0.0,0.0,5.862013093125509,1.7691273463417474,10.69820198748258,5.317763335308641,13.348333274689093,55.602931221040286,2157.063953155315,1045.4808002503394,0.4846777021705956,1365.2102994165455,0.043949726804881864,530.6903761567864,6,2,0,0,0.0,603,207.0,0.5306903761567865,361.79380048363083,210369.58309244324,986.5052129944141,500000.0,0.4088084078635624,0,0,0.0,15,E6,1.0,pooled_greedy
13.336585637224902,55.28481657614901,15.880597394330843,41.519023601437766,49.24336762830626,75.3521558080276,,,,,4.591085617192776,5.791236986017068,2.9502766516553343,3.945487553462999,27.001520805655982,55.28481657614901,0.8421052631578947,0.7857142857142857,8440.199489225186,509188.49886297405,509188.49886297405,531,1.0,0.0,0.0,0.0,5.2745808906017535,1.76912734634152,7.076294516734379,4.952803045853542,13.336585637224902,49.42268221700479,1630.2618982606537,811.751717046057,0.4979271845291391,994.1083927850867,0.03221852087515545,362.0552145252166,2,1,0,0,0.0,531,207.0,0.3620552145252166,407.24025714949954,275242.064446667,753.3806855845077,500000.0,0.35887642421045785,0,0,0.0,16,E6,1.0,pooled_greedy
4.18261587757584,10.28489029375105,3.6965818743840697,5.734077835606515,4.649425659288534,5.588153567489826,,,,,3.9701199913269694,5.327296708068294,2.6511607386227585,5.3319304191190895,4.093600118094263,10.28489029375105,1.0,1.0,10188.61735102234,511539.3687118152,511539.3687118152,538,1.0,0.0,0.0,0.0,3.9518312330280745,1.76912734634152,5.688986974189187,3.982006962661153,4.18261587757584,22.819088559807774,1666.66351882027,824.3187801460649,0.4945922022278079,1016.6002095666963,0.035646127874767675,402.7167183758774,6,1,0,0,0.0,538,207.0,0.4027167183758774,405.4482008699899,270974.65917616495,765.3952489466554,500000.0,0.43151474097676745,0,0,0.0,17,E6,1.0,pooled_greedy
5.120858701424566,12.12202921773769,5.279443824302598,6.015869349275992,5.047138257589237,8.140910581438037,11.428372446804437,16.290276349184296,7.889961656120249,7.889961656120249,3.5205959407022283,4.972818365854357,4.779009212830188,6.287024089019358,6.357153122183585,12.12202921773769,1.0,1.0,68261.72443658626,572191.6285267603,561368.4124093493,574,0.9810846304318052,10823.216117411037,0.01891536956819503,0.0,3.7871787525635265,1.76912734634152,5.783253631824346,4.158339624367795,5.120858701424566,31.818735209399005,1920.2926525014332,948.6876655536385,0.4940328570844909,1188.3521337005907,0.035602936375924474,409.4561596947756,2,1,0,0,0.0,574,207.0,0.4094561596947756,369.47119142224193,224188.35224618253,925.157146130131,500000.0,0.359944042526418,0,0,0.0,18,E6,1.0,pooled_greedy
9.102010696412448,30.05985809395389,9.238303411619485,7.3606924165754215,21.690940106895155,50.350909933048044,,,,,4.206809072425132,4.972818365854346,3.5281870427748294,6.511771365619464,13.633351657010898,30.05985809395389,0.8285714285714286,0.9565217391304348,37728.11627304937,538786.9281851918,526296.1270711955,582,0.9768168074231693,11490.801113996251,0.021327171304435642,1000.0,5.035561299745352,1.7691273463416337,7.360692416575409,4.920330553187596,9.102010696412448,44.92764751341578,2028.391425114438,994.1756797298151,0.49013009393575285,1234.6513689332453,0.04159425949279046,476.61730560955874,2,3,0,0,0.0,582,207.0,0.4766173056095588,394.22030038526736,255278.4623110844,812.7462670657145,500000.0,0.3860631928147635,0,0,0.0,19,E6,1.0,pooled_greedy
4.2203204865552095,6.478915903031067,4.043600944467744,6.514920147176986,7.183289896714814,12.250490930700199,7.597944494584681,7.597944494584681,4.820118274277888,4.820118274277888,3.6663600182191702,4.972818365853527,4.982822854403076,5.2958347140775,5.793854427317952,6.478915903031067,1.0,1.0,42968.20466135957,546796.3875473237,534781.0123534314,558,0.978025869468912,12015.37519389233,0.021974130531088105,0.0,3.780631381876634,1.76912734634152,5.1481592629610535,3.8024281298115805,4.2203204865552095,20.339295616717727,1773.5028875605874,877.8186372819556,0.49496318468890405,1075.5125561439484,0.03722369482103282,428.6305906274632,4,2,0,0,0.0,558,207.0,0.4286305906274632,387.87583290922817,249970.70346610204,829.811764796495,500000.0,0.3296041974606501,0,0,0.0,20,E6,1.0,pooled_greedy
3.5570311990753964,5.570508013450582,3.830752807113913,5.16314878446874,3.757922279369268,5.150770424675466,4.820118274277775,4.820118274277775,,,4.378974960748438,5.038053019121268,3.023411346039969,4.600294096875587,3.9362158585732345,5.570508013450582,1.0,1.0,17327.275816339392,522341.9832740221,522341.9832740221,537,1.0,0.0,0.0,0.0,4.319047548116708,1.76912734634152,5.549455436009434,4.4996125570572625,3.5570311990753964,43.8547149519513,1675.1090054898275,823.8231823038078,0.4918027302127179,984.0458216966913,0.03022958301408165,331.0139340041941,1,1,0,0,0.0,537,207.0,0.3310139340041941,396.92580832668347,262166.4290057179,790.8373879917411,500000.0,0.0026054665896007023,0,0,0.0,21,E6,1.0,pooled_greedy
7.552637463656083,15.433112817583519,15.187203151604127,33.747106090481246,6.004070292926599,13.895725986724756,4.675293146604872,4.675293146604872,,,4.806369087302127,6.054228821570134,5.353791864553386,10.086354130712065,9.719644221848759,15.433112817583519,0.9166666666666666,1.0,19226.136203616657,520041.7500651535,520041.7500651535,533,1.0,0.0,0.0,0.0,4.988060132566797,1.76912734634152,7.413492093215474,4.841261434000367,7.552637463656083,41.123030668870896,1655.6501437460306,818.5464482025185,0.4943957824027344,1018.7703541369885,0.03591249681644633,396.57484758827013,5,2,0,0,0.0,533,207.0,0.39657484758827016,398.8075473201999,264854.9559413277,783.0571797702439,500000.0,0.33575380602424776,0,0,0.0,22,E6,1.0,pooled_greedy
4.079313358561595,7.045284114546761,5.381548416016538,11.85402787871517,11.105524599159867,21.690054541844667,10.913613253386359,12.932838271019966,,,4.19047910395633,4.972818365854437,3.1408062825036005,4.528693806884576,7.736855019677674,7.045284114546761,0.9743589743589743,0.9852941176470589,44840.47463850063,546785.5630729868,534074.9817859603,584,0.9767539925238847,12710.581287026522,0.023246007476115223,0.0,4.330401488104071,1.7691273463416906,6.7568554315432285,4.508373681693225,4.079313358561595,45.597273017965776,2037.0813019036282,998.3284156252372,0.49007784553925815,1200.8093007738187,0.03403814582580232,419.6657517347452,2,0,0,0,0.0,584,207.0,0.4196657517347452,388.37180700379963,247207.9148048002,839.0494532325838,500000.0,0.3795707145300047,0,0,0.0,23,E6,1.0,pooled_greedy
22.57380983138175,47.741170802569464,36.65387017308353,77.0648739796402,32.60426384878539,70.02666698964879,40.20341285115728,43.22420867176597,,,3.9777877219236117,4.811768232599206,2.24209759498793,3.521783492325449,34.697378735581154,47.741170802569464,0.5263157894736842,0.8235294117647058,34421.87232108315,535140.8176419535,523443.16914699145,543,0.9781409899799709,11697.648494961977,0.021859010020029008,0.0,5.448316403585023,1.76912734634152,5.190721777068259,5.455638169964438,22.57380983138175,60.889706743017015,1712.3628793774888,845.6593296719441,0.4938552101639662,1018.2387060829,0.03333665730644895,365.036397505616,4,1,0,0,0.0,543,207.0,0.36503639750561595,396.15577892711804,258034.7355160714,803.6322551022985,500000.0,0.02316494110901557,0,0,0.0,24,E6,1.0,pooled_greedy
2.5503240170628487,2.5503240170628487,,,,,,,,,4.564644462532067,5.584716827367452,,,,2.5503240170628487,1.0,1.0,209.99028817615883,500209.99028817617,500209.99028817617,501,1.0,0.0,0.0,0.0,4.560623862840512,1.76912734634152,5.563233249060431,4.5637988422145295,2.5503240170628487,36.66998632303435,1462.7659375788137,730.8458012673111,0.49963277274354306,896.4946928864972,0.03207289688425279,351.1982208825681,5,1,0,0,0.0,501,207.0,0.3511982208825681,414.5283026063222,284105.7911562646,729.8379852694898,500000.0,0.07831894371449688,0,0,0.0,25,E6,1.0,pooled_greedy
5.3162755223001605,10.614393078742069,5.4152971737442686,10.388681426589756,7.127120782651543,14.791083637652996,,,,,4.195617391452317,4.993140743660233,3.363526970487783,5.228599001612747,6.337048347771263,10.614393078742069,1.0,1.0,8275.236379187336,508449.34756596206,508449.34756596206,528,1.0,0.0,0.0,0.0,4.265385346353102,1.76912734634152,6.138014358792987,4.255669720870948,5.3162755223001605,28.21197050042579,1632.8267939290085,812.9945499571779,0.497906179014187,1016.4717830032215,0.03568085688682951,398.4807567400351,6,1,0,0,0.0,528,207.0,0.3984807567400351,407.9039175673912,274145.5944406633,756.526768850301,500000.0,0.4012090630404792,0,0,0.0,26,E6,1.0,pooled_greedy
2.8886514120639393,4.596824218402122,5.735194049254135,9.278829473183348,9.615245324457797,19.439908737924725,,,,,5.365242441021593,7.782427499565075,6.12692847398381,13.186331993990503,7.398073167198562,4.596824218402122,1.0,1.0,12370.949722949961,513597.1255335828,513597.1255335828,536,1.0,0.0,0.0,0.0,5.3650201350976525,1.76912734634152,8.024084214591767,5.43592820071643,2.8886514120639393,55.454494808550834,1687.0445098831335,832.0986675757515,0.4932286390199589,1028.9991484529787,0.035195333152551724,408.9476894248563,5,1,0,0,0.0,536,207.0,0.4089476894248563,403.8358810399201,268256.43066790275,773.1741870009217,500000.0,0.44105884210799545,0,0,0.0,27,E6,1.0,pooled_greedy
9.205810464921283,24.613081823423272,7.790137538973159,13.641041851378345,9.24644119182544,18.409998228040052,9.338548294393362,12.128158862656866,7.903489301740194,7.903489301740194,4.189595150041968,4.972818365853527,5.235041708569298,9.455718985942958,8.52980275322029,24.613081823423272,0.8333333333333334,1.0,26590.43369586375,528937.8456762048,528937.8456762048,537,1.0,0.0,0.0,0.0,4.453497146409419,1.76912734634152,5.535000121783107,4.494341242839446,9.205810464921283,41.774884385880384,1702.719675825605,842.4915893361723,0.49479171545232176,1069.3979532348603,0.03150320367108205,352.0271193248291,3,0,0,0,0.0,537,207.0,0.3520271193248291,392.01586502898425,251733.76159820383,823.6957403047217,500000.0,0.40835326859413934,0,0,0.0,28,E6,1.0,pooled_greedy
3.2721641836286937,4.62887444886681,5.8374097431696415,14.213650794396926,8.609302248913778,23.910633860537562,30.27573034419072,34.89598033120137,15.688282150690364,30.527404440310285,5.405142155317535,6.3966396634630875,6.50926101427326,16.694985645192194,8.750751033605527,4.62887444886681,1.0,1.0,77164.28456252046,584688.0408818187,584688.0408818189,599,1.0000000000000002,0.0,0.0,0.0,5.672707821055529,1.7691273463419748,10.888038764812931,6.8664323298715,3.2721641836286937,89.96218992955839,2112.235566056728,1031.6267089537291,0.48840514075787644,1298.951461347947,0.04162894286228301,486.27775037428745,3,2,0,0,0.0,599,207.0,0.48627775037428744,354.86663527005993,210887.18620887486,983.8733281066583,500000.0,0.36270713030619195,0,0,0.0,29,E6,1.0,pooled_greedy
2.0705361610386355,2.4820641782353956,3.611244679505253,3.4888691817423023,2.696198340675162,4.169552715478176,,,,,23.283999759406722,28.895018437183445,4.644175187357462,11.495840005034097,3.322282677769435,2.4820641782353956,1.0,1.0,13968.57625752051,515078.73700219905,515078.73700219905,554,1.0,0.0,0.0,0.0,21.31029250091487,25.704708293036674,28.811769232597726,22.678179202714645,2.0705361610386355,429.51516791399456,1780.7960545732678,884.6656466984488,0.49678100107338863,985.2902753985934,0.030461677533880828,352.904488512792,3,0,0,12,102.4925070669722,536,207.0,0.352904488512792,402.5654518284406,267409.8901693402,775.4122495514446,500000.0,0.3666483147840685,0,7,27.986440436218945,0,E6,1.0,marketplace
2.4506482383385824,3.682174166529512,3.3798045432138983,3.856809707903949,4.446788411955867,5.739475942319951,11.705828672179754,20.1393092017237,,,23.478508227496544,29.313524265155273,3.751405634504116,5.519366636115501,5.545018238257285,3.682174166529512,1.0,1.0,22776.714596747763,525519.2910413912,524519.2910413912,535,0.9980971202826477,0.0,0.0,1000.0,22.16154284836072,25.70470829303963,28.972819365854594,22.687012233234448,2.4506482383385824,431.56620611536795,1681.2121227514442,845.5587771227056,0.5029459196016728,963.5228918714919,0.03101167849461826,348.7922793515229,4,0,4,19,0.0,509,207.0,0.3487922793515229,395.3120425135881,255407.81974273626,811.8341579682526,500000.0,0.3885545062960956,0,8,25.191405714710314,1,E6,1.0,marketplace
13.384272851022915,52.43470646064241,8.215264970242771,14.837135565105836,7.462305205366647,13.33280851601512,4.724169815304435,4.763271150264086,,,22.65171852123333,28.811769232597726,7.865055980045492,10.960266073355342,7.4965181640469325,52.43470646064241,0.8636363636363636,0.9210526315789473,29310.196036041838,532277.3226155266,516873.34282247716,548,0.9710602365748803,14403.979793049497,0.02706104352195697,1000.0,21.540367611721148,25.704708293036674,28.811769232597726,22.122199624832,13.384272851022915,421.215736048504,1705.383329047913,844.8900494399429,0.4954253011911585,957.3028363864952,0.03212131280174714,392.67627403178057,4,0,1,19,0.0,525,207.0,0.39267627403178057,401.2446746460706,263954.7263439054,785.7130620340581,500000.0,0.3934250881706234,0,8,20.344701396972347,2,E6,1.0,marketplace
3.3132957992793903,5.876677713125901,5.216449562135285,11.409264892318063,5.992317038460442,13.078595942571473,24.55243582804178,24.55243582804178,53.04494901963517,53.04494901963517,24.024028908943606,28.972819365853866,4.643372239968325,10.235143410239294,6.345393771683537,5.876677713125901,1.0,1.0,28096.063942230638,531327.860284328,530327.860284328,561,0.998117922897051,0.0,0.0,1000.0,21.98669846674845,25.704708293039516,28.81176923259909,23.653989989769553,3.3132957992793903,464.50053194422117,1866.148090169385,917.454991135067,0.4916303245000198,1023.2480201836235,0.03208682229442655,408.63975348651,3,0,3,14,0.0,545,207.0,0.40863975348651,391.09512300991923,249557.463198882,831.1057385135965,500000.0,0.33686245608748583,0,4,11.179989173125865,3,E6,1.0,marketplace
3.272214551003673,5.982461980018889,4.829749116334483,7.8188074815539945,2.712325841679002,3.1912030147092088,,,78.12752061520246,136.53605890461154,24.49655841395653,29.255463601999068,5.048437984073066,5.2617572738364755,3.7087603238698166,5.982461980018889,1.0,1.0,32491.15341102122,538255.453584505,538255.4535845051,550,1.0000000000000002,0.0,0.0,0.0,22.894750417137224,25.704708293036674,28.972819365853912,26.778038214570817,3.272214551003673,517.6645683981275,1733.4366025776947,867.201670778893,0.5002788504000244,942.5757481906902,0.033291227843158015,391.2690967751548,6,0,1,19,4046.004294015581,524,207.0,0.3912690967751548,385.30268056859563,249495.70190500712,831.2418511150834,500000.0,0.37398318146406195,0,12,33.102881628561114,4,E6,1.0,marketplace
7.438346275908943,11.258103236943889,8.203978818182659,19.42449661577726,9.270260705501949,25.83152982657666,29.27081749286678,54.04262756152548,,,23.61068628327203,29.33087804323768,3.414338930207556,7.095360532367977,12.772773848892578,11.258103236943889,0.9259259259259259,0.9298245614035088,43452.69323580841,547328.4080016714,546328.4080016714,572,0.998172943363837,0.0,0.0,1000.0,21.713951823692977,25.382608026528942,28.972819365854775,23.445532476860052,7.438346275908943,461.88718826028713,1829.460150872181,898.1097446793485,0.4909151720255736,1041.2619347888897,0.033483020054259315,395.84019688826237,5,0,0,22,0.0,543,207.0,0.39584019688826233,379.617528869657,234030.34831893732,886.1920758851692,500000.0,0.3827294227733626,0,8,18.766510338509438,5,E6,1.0,marketplace
2.5230844294632635,3.8414839936979437,4.860475960693258,7.947497090326216,4.197092462477973,7.85049484157676,32.35122322221804,39.152079217506504,,,24.360105707878752,29.87307100904919,5.445627911183028,9.470170627984595,9.248780317301263,3.8414839936979437,1.0,1.0,31608.77227884693,533346.8920584851,533346.8920584851,565,1.0,0.0,0.0,0.0,22.20081966092913,25.70470829303963,29.778070032130927,24.01249050046609,2.5230844294632635,462.8653961170958,1835.065725635911,925.6260672029771,0.5044103076374646,1029.1780688119834,0.0336971868914056,389.95782012826425,5,0,0,20,0.0,533,207.0,0.38995782012826424,388.84628542540855,248021.41233069525,836.177634306865,500000.0,0.4143794545867833,0,10,34.69280547088866,6,E6,1.0,marketplace
4.156640809667695,6.048402105854166,15.711188238365484,56.2203190180493,2.3043640538892967,2.525976828063057,6.063349301183067,6.718543137484451,11.838310601135902,11.838310601135902,23.978217978593193,29.837231829892595,3.139356175269589,4.455033760785916,9.879642591088379,6.048402105854166,0.972972972972973,0.9508196721311475,40773.60461111535,544565.4292464787,543565.4292464787,581,0.9981636733690867,0.0,0.0,1000.0,21.395289737639168,25.704708293036674,28.972819365853866,22.516853030232674,4.156640809667695,449.86198583241435,1901.5995310818987,940.4232103710284,0.49454324898575397,1054.5543970466815,0.031403481057553785,380.6891378326727,1,0,1,15,99.38937189467718,559,207.0,0.38068913783267266,381.5192762080465,238690.49988020526,868.8267410806611,500000.0,0.36909100006622947,0,9,25.38464609111371,7,E6,1.0,marketplace
4.057661658969341,10.675146294068513,8.991542462391152,18.5124667473708,6.331162455104847,21.78268976605274,5.016140661867894,5.018809284742156,,,23.78942831668601,29.33601025198592,6.176194509884842,4.813738966824485,7.142162301705566,10.675146294068513,1.0,1.0,38363.5914215517,540361.5398106,526845.8481339898,560,0.9749876875372228,13515.69167661024,0.02501231246277737,0.0,21.84739244084837,25.70470829303963,28.972819365853866,22.887851308844063,4.057661658969341,440.4269972163557,1753.868305053821,870.7469349026848,0.4964722450332234,983.3766400708737,0.03297371948370077,381.82970474742785,5,0,0,17,0.0,538,207.0,0.38182970474742783,393.62904811580694,254188.29592589158,815.8590817462714,500000.0,0.41474792051655224,0,14,43.301198525779085,8,E6,1.0,marketplace
5.818094879992986,12.95555132952145,6.090234874272009,15.239382974414047,5.637550077094273,10.783074033757522,36.08419072951983,36.08419072951983,41.101748138852145,51.03419246237836,23.450025534132227,28.974883277469964,4.0583044178583085,5.5934091747244565,6.598272769761511,12.95555132952145,1.0,1.0,47374.080402398526,549779.8663554897,548779.8663554897,604,0.9981810901759116,0.0,0.0,1000.0,20.493149452884182,25.382608026528942,28.39306245991275,23.064802337535124,5.818094879992986,460.5211813401822,2035.2491178920106,999.0686072409025,0.49088271232156483,1183.1522260816928,0.03643799235184943,457.1554495367533,4,0,2,24,0.0,571,207.0,0.4571554495367533,378.0334669113931,234207.51455022846,885.7835148796868,500000.0,0.3852731295646287,0,12,31.97786765181477,9,E6,1.0,marketplace
2.255321545161288,2.4544228129545447,4.2094377072941995,7.053902860730363,5.620095667489039,10.274981424893209,,,,,23.034489944875947,28.811769232599318,3.180677524936141,4.871471088371775,4.914766687391619,2.4544228129545447,1.0,1.0,13819.243346008723,516514.44304295897,516514.44304295897,540,1.0,0.0,0.0,0.0,21.59122688207011,25.704708293039516,28.811769232597726,22.453680204472526,2.255321545161288,427.430596989955,1667.755122309542,829.283828635056,0.4972455593400586,917.6788231997579,0.02798328792458262,315.04131008651996,1,0,2,18,0.0,518,207.0,0.31504131008652,401.3731737852758,263982.31273540866,785.3368627688319,500000.0,0.36102333905178624,0,9,24.947560200297236,10,E6,1.0,marketplace
6.19523655151951,15.487674115822301,8.339612141673797,16.146526323644416,5.812455853269489,8.24148453176007,,,7.552558473439603,7.552558473439603,23.559522151424584,28.972819365853912,3.124464243634228,4.517128374656022,6.534500507099291,15.487674115822301,0.9523809523809523,1.0,26006.043708159235,531772.2574830158,531772.2574830158,543,1.0,0.0,0.0,0.0,22.156110236781718,25.704708293036674,28.94060933920264,22.565341305827197,6.19523655151951,430.75004350253323,1640.2542098847339,816.1136401678348,0.4975531446587086,935.6163840816013,0.02993091712783692,345.86319867129407,3,0,0,20,0.0,512,207.0,0.34586319867129406,389.9147807749141,248371.53625991818,834.8213580387329,500000.0,0.3766229997412068,0,7,21.755744656661108,11,E6,1.0,marketplace
11.602531615069633,29.245130384302886,18.55865381805283,43.3964710902402,4.995980005050114,4.995980005050114,,,,,24.237571765681476,31.072389008008404,2.4400510419471044,3.6467764265893496,16.62112898762387,29.245130384302886,0.8571428571428571,0.8571428571428571,3605.0987133016765,503977.3460501888,503977.3460501888,521,1.0,0.0,0.0,0.0,23.6726139430964,25.704708293039857,31.02409201561386,24.10274576181569,11.602531615069633,445.5812925711051,1505.5105234343291,746.1116329432471,0.4955871256490707,855.2442426303135,0.030006663142770076,342.9183037079884,5,0,0,20,0.0,495,207.0,0.3429183037079884,411.4131715020771,280079.88647569285,740.2992086034801,500000.0,0.39672003302794884,0,2,5.908785513585686,12,E6,1.0,marketplace
2.506526562123656,4.336806901857493,3.234318318252464,4.878364672661701,5.122915770916279,6.00105370870092,,,,,23.050912867128353,28.972819365853866,2.452918581063983,3.858154202847493,4.073694963880826,4.336806901857493,1.0,1.0,6216.486291594783,506496.9548278934,506496.9548278934,522,1.0,0.0,0.0,0.0,22.21156416406401,25.70470829303963,28.972819365853866,22.81796913537054,2.506526562123656,427.03476481639683,1549.9308590482324,774.8502897546588,0.4999257129640427,881.5138944298895,0.027501478900834934,310.50714371091055,3,0,0,15,0.0,505,207.0,0.3105071437109106,409.3025736238722,275397.63691450923,752.7679230162225,500000.0,0.36094038944456236,0,5,13.264047713570447,13,E6,1.0,marketplace
8.342895855385207,23.841152000377768,8.149841584978661,13.537164342926145,7.076314160233061,10.785727401671465,5.598540772079986,6.260903690555369,,,22.86985773683051,28.972819365853866,2.855520140202121,4.604215810605456,7.010846272884145,23.841152000377768,0.896551724137931,0.9516129032258065,58929.484502104126,566652.9292862886,566652.9292862886,576,1.0,0.0,0.0,0.0,20.743416765953878,25.382608026528942,28.811769232598408,20.933039608470285,8.342895855385207,429.84936701995866,1872.0121026475254,930.8839191149232,0.4972638359540542,1089.480186148346,0.030785759761768304,369.79496958386784,0,0,1,23,0.0,551,207.0,0.3697949695838678,365.95556865958594,217026.48617454627,955.5045498124322,500000.0,0.3744400971400938,0,6,18.255972431987228,14,E6,1.0,marketplace
10.362129722258533,38.95879406211971,14.991214998465564,38.11166489157495,5.7645944128978295,12.849609973797214,5.753063021697861,6.660540946378023,7.143042659128923,8.176248719180558,24.409459535299767,29.004672619616994,4.175774935432797,6.94208837345596,10.730704991321486,38.95879406211971,0.8285714285714286,0.972972972972973,64862.71277757866,573615.9384122626,573615.9384122626,603,1.0,0.0,0.0,0.0,21.746158890821583,25.591524170120465,28.97281936585432,22.124161082832504,10.362129722258533,455.817965998975,2071.771049052552,1022.5585691573777,0.49356736094222725,1218.0412571109177,0.0372635088444347,483.733052169091,5,0,2,20,0.0,567,207.0,0.483733052169091,361.7119385254055,210321.98342102824,986.5052129944141,500000.0,0.3889337123969468,0,10,28.657829774929304,15,E6,1.0,marketplace
4.887659406571334,14.479178295617384,8.149493716340151,17.43374288554878,34.01967026822209,65.23908835396979,,,,,23.88462868129657,28.972819365853912,2.959320575187197,3.9671929699394695,16.7728859003008,14.479178295617384,1.0,0.9642857142857143,8440.199489225186,509188.49886297405,509188.49886297405,531,1.0,0.0,0.0,0.0,22.966127691528076,25.70470829303963,28.972819365853866,23.622132386179864,4.887659406571334,445.8607977345572,1556.4947323449485,774.2885918849062,0.4974566092609874,869.2021344588667,0.027429872813476582,321.3060151095408,1,0,1,17,0.0,504,207.0,0.32130601510954077,407.1602294200699,275187.9759888722,753.3806855845077,500000.0,0.37313431396718827,0,4,12.984768772447051,16,E6,1.0,marketplace
6.579922436558214,11.633884945971657,3.9414563776063005,6.34581459105757,3.934788512062221,5.198242028367235,,,,,23.552909816874095,28.81176923259909,3.252733196212799,4.8137389668245305,3.938678100296267,11.633884945971657,0.9333333333333333,1.0,10188.61735102234,511539.3687118152,511539.3687118152,538,1.0,0.0,0.0,0.0,22.22713373112884,25.70470829303963,28.811769232597726,23.122643413243015,6.579922436558214,437.43130635847785,1624.4726586737174,804.643382375433,0.49532590042628055,908.0118199351197,0.03050800182340619,357.3122700969311,5,0,0,14,0.0,522,207.0,0.3573122700969311,405.3594404518166,270915.3376055889,765.3952489466554,500000.0,0.37664369062938974,0,6,15.283995087390362,17,E6,1.0,marketplace
4.092012096165174,6.2965545228415065,5.4474012922510155,7.565242525127445,4.302794030719936,6.210268317580085,8.840409691260598,16.056121004371107,6.202531654856557,6.931503624413653,23.250043750873147,28.972819365853866,6.022402069593909,9.46030108739188,5.550270371963639,6.2965545228415065,1.0,1.0,68261.72443658626,577118.2182746406,576118.2182746406,575,0.9982672527597732,0.0,0.0,1000.0,20.87095581935646,25.382608026528942,28.811769232598476,21.051380993694192,4.092012096165174,436.7356265836578,1885.5201906649331,933.670818308932,0.495179432674052,1087.016300866895,0.03234333751430421,395.57164483429335,2,0,4,20,0.0,551,207.0,0.39557164483429336,359.9878723952572,214731.8960785508,965.83495713635,500000.0,0.35687670782104625,0,4,9.467739574218374,18,E6,1.0,marketplace
9.819299704503075,35.80854814767081,5.83818977884988,7.2283021708975,9.848907359680444,29.218179789552053,,,114.13478743119595,114.13478743119595,24.28545452309105,29.778070032131133,3.8536629096405073,6.633736609513929,7.253737160319491,35.80854814767081,0.8285714285714286,0.9855072463768116,37728.11627304937,538786.9281851918,536786.9281851918,582,0.9962879574552103,0.0,0.0,2000.0,22.083410607859065,25.382608026528942,29.77807003213154,25.544611257056225,9.819299704503075,495.54346724418036,1937.4135290336724,962.1944393537345,0.4966386498981713,1071.75206823331,0.035109439779958576,421.2196427147266,2,1,2,19,0.0,543,207.0,0.4212196427147266,386.41257592464007,243366.26817090155,852.3006133991225,500000.0,0.3481403900170907,0,13,34.46331975024019,19,E6,1.0,marketplace
5.044287036938097,10.253718906725862,5.475942466273295,8.095482255990987,4.693933197564365,5.3507600914026625,7.597944494584681,7.597944494584681,7.993984659122418,10.533077766998042,23.018674290781266,28.811769232599136,3.066125406429958,4.669195515163051,5.313392983070272,10.253718906725862,0.9642857142857143,1.0,42968.20466135957,546796.3875473237,546796.3875473237,559,1.0,0.0,0.0,0.0,21.073707928215846,25.704708293039573,28.811769232597726,21.614690196217364,5.044287036938097,429.1511624451397,1739.6487909821012,864.6802172680074,0.4970429788761333,988.8587169767736,0.03150344105633094,380.2966926322499,4,0,2,17,0.0,538,207.0,0.3802966926322499,379.26420403551776,242039.15759367528,856.8047366979073,500000.0,0.36726771825996885,0,4,12.085422435788498,20,E6,1.0,marketplace
4.902294311309111,10.272912737426493,3.2460404566067154,3.6806715899593656,3.2581535382323636,4.251186690629038,4.820118274277775,4.820118274277775,,,23.481083975878917,28.972819365853912,3.2852308833484027,4.562540942223495,3.44582845422201,10.272912737426493,0.95,1.0,17327.275816339392,522341.9832740221,522341.98327402206,537,0.9999999999999999,0.0,0.0,0.0,22.152181712755223,25.70470829303963,28.972819365853866,22.789117928245023,4.902294311309111,441.00149341347844,1665.6014353076912,834.8275508738595,0.501216877685771,904.3687010989703,0.027467317125868557,319.91910760711954,1,0,0,13,0.0,518,207.0,0.31991910760711956,396.90456778552016,262152.3997924238,790.8373879917411,500000.0,0.34823748262622506,0,9,25.308207281600097,21,E6,1.0,marketplace
4.870621171823662,12.405762915333073,11.645922395761726,25.09086171117906,5.309324704458352,12.318012202655154,4.675293146604872,4.675293146604872,,,23.656732848117986,28.972819365853866,5.603523639629758,12.817691217894572,7.896737779346968,12.405762915333073,1.0,1.0,19226.136203616657,520041.7500651535,519041.7500651535,532,0.998077077465656,0.0,0.0,1000.0,22.572085923649606,25.704708293039516,28.82796472713383,22.941524484632644,4.870621171823662,427.8918145852861,1543.6878436969478,760.1665278808092,0.49243539163999717,892.7081615026455,0.03261691108593277,378.8330115119934,5,1,0,19,66.95580926203557,499,207.0,0.37883301151199333,399.5417189185272,265114.1206535353,782.2247736193776,500000.0,0.33468651255604726,0,3,8.544387343355774,22,E6,1.0,marketplace
3.4220611908341563,6.0277576482663795,4.738915604884967,8.329105334128872,5.682021920156527,8.752335613554168,5.252203588423285,6.129757111263141,6.547612990429059,6.547612990429059,23.20653070492772,28.972819365853866,3.0643486661434416,4.277988585787483,5.099523850395044,6.0277576482663795,1.0,1.0,44840.47463850063,546785.5630729868,546785.5630729868,585,1.0,0.0,0.0,0.0,20.410579696096704,25.467722731671486,28.126844590263868,21.67771424319506,3.4220611908341563,429.72523089438596,2013.4032609369544,997.2568643097175,0.49530905390787705,1089.324477525987,0.03269094193231117,411.6022675039916,2,0,3,21,0.0,559,207.0,0.4116022675039916,379.3289660060355,239062.46068714914,867.6042305903255,500000.0,0.36386999090039396,0,7,16.682451798064857,23,E6,1.0,marketplace
25.617480524374443,53.10181584297242,37.68833406995964,53.606710173294054,27.639247131794694,60.116005222782405,101.60291150903959,131.24262311203728,124.13542559379493,124.13542559379493,23.179867266164397,28.972819365853866,2.8898962350839006,4.465416594975613,40.180825565604664,53.10181584297242,0.631578947368421,0.6764705882352942,34421.87232108315,535140.8176419535,535140.8176419535,544,1.0,0.0,0.0,0.0,23.583681320292158,25.704708293039857,31.18945681797977,26.828577228507058,25.617480524374443,529.3028374237269,1644.7968200876965,818.8257317553282,0.49782789081004575,936.4391924407624,0.03328967312339344,374.66330314167783,4,1,2,20,0.0,511,207.0,0.3746633031416778,387.5141952671788,249875.65259081437,829.9114425635119,500000.0,0.39818312417913254,0,10,33.29403674270909,24,E6,1.0,marketplace
26.55032401706285,26.55032401706285,,,,,,,,,23.93243773222446,28.972819365853866,,,,26.55032401706285,0.0,1.0,209.99028817615883,500209.99028817617,500209.99028817617,501,1.0,0.0,0.0,0.0,23.93766305415029,25.704708293039857,28.972819365853866,23.93353673205661,26.55032401706285,436.25519866406967,1410.0202616361225,709.6693201499992,0.5033043421138726,799.8735793955925,0.02880369802461553,314.99936736515957,6,0,0,17,0.0,480,207.0,0.31499936736515954,414.45593529215364,284056.19267790637,729.8379852694898,500000.0,0.11298581764967475,0,2,6.686917343769473,25,E6,1.0,marketplace
6.333013342108106,12.97030311807248,6.749977035247563,14.809523018712753,8.019386638115261,20.34798745530934,,,,,23.372576364563173,28.81176923259909,4.0093071057167435,5.3395177123869875,7.433505282945554,12.97030311807248,1.0,1.0,8275.236379187336,508449.34756596206,507449.34756596206,527,0.9980332357494661,0.0,0.0,1000.0,22.476758158977937,25.70470829303963,28.811769232597726,23.11385933438801,6.333013342108106,425.17600791663517,1535.0356448416298,762.9466813914112,0.49702212711166366,885.9121827777489,0.03078543632884038,346.33762664796967,5,0,0,19,0.0,503,207.0,0.34633762664796963,408.6049940180395,274378.568719212,755.6943626994347,500000.0,0.4336673566319873,0,3,10.349166942676964,26,E6,1.0,marketplace
3.2101739973918555,4.490489874186506,9.280566890232457,18.238590015651923,4.769364968034172,7.768201609406333,,,,,23.918850829259743,28.97281936585432,6.5239058449189145,14.161239357898348,7.347194637861763,4.490489874186506,1.0,1.0,12370.949722949961,513597.1255335828,512597.1255335828,535,0.9980529486044901,0.0,0.0,1000.0,22.683179385894416,25.7047082930396,28.972819365853866,23.39930629756969,3.2101739973918555,438.8131681985772,1661.8490485723235,829.8688167043404,0.4993647391845076,903.046995327655,0.03125534174056834,373.3727239918254,5,0,2,17,33.50503363981419,510,207.0,0.3733727239918254,404.5543027736033,268499.48800614197,772.3417808500554,500000.0,0.39204397437810795,0,9,27.827007544480402,27,E6,1.0,marketplace
11.368013074556993,40.376889217336256,9.41047504520657,19.337966429855253,12.303806821645574,31.039385032902118,5.1634388386792835,5.713915834987043,7.903489301740194,7.903489301740194,24.022543226188553,28.81416008232809,4.035681341533589,5.866409842682719,9.964594935555287,40.376889217336256,0.8333333333333334,0.9285714285714286,26590.43369586375,528937.8456762048,527937.8456762048,536,0.9981094186998066,0.0,0.0,1000.0,22.991208368965797,25.70470829303963,28.817746356921248,23.23867874116112,11.368013074556993,452.71614239987747,1668.900055787161,819.4925517880846,0.49103752435406267,922.318506757606,0.028985181022893325,347.6694255528047,2,0,4,16,0.0,516,207.0,0.34766942555280467,392.75015254868356,251983.11896928423,822.8633341538552,500000.0,0.3616390370812497,0,3,8.544387343355776,28,E6,1.0,marketplace
3.120748558938658,5.841939682142083,7.752307343548536,20.13400609184606,3.7916838390424012,5.499826257547824,16.067391473493256,29.28175575824471,10.323623225348229,18.03582783592383,24.134674242526707,29.390918246632072,5.379182692214721,9.54737260973662,6.291688349417014,5.841939682142083,1.0,1.0,77164.28456252046,584688.0408818187,584688.0408818187,599,1.0,0.0,0.0,0.0,21.03470870362695,25.382608026528942,28.811769232597975,21.902101681746647,3.120748558938658,461.00408553818266,2051.4667953155395,1005.5330067068961,0.49015319624134274,1147.8130289629546,0.034726461360298125,436.74344879160344,2,0,5,23,0.0,567,207.0,0.43674344879160343,354.781916072609,210836.83999034492,983.8733281066583,500000.0,0.36150947246295057,0,7,25.77629716849071,29,E6,1.0,marketplace
