delay_mean_consumables,delay_p90_consumables,delay_mean_science,delay_p90_science,delay_mean_equipment,delay_p90_equipment,delay_mean_infrastructure,delay_p90_infrastructure,delay_mean_element,delay_p90_element,delay_mean_bulk,delay_p90_bulk,delay_mean_return,delay_p90_return,delay_prio2_mean_h,delay_prio1_p90_h,sl24_prio1,sl48_prio12,landed_kg,ready_kg,delivered_kg,delivered_items,delivered_share,stranded_kg,stranded_share,backlog_kg,delay_mean_h,delay_median_h,delay_p90_h,delay_mass_weighted_h,delay_prio1_mean_h,tonne_days_waiting,km_total,km_empty,empty_km_share,energy_kwh,utilisation,operator_hours,faults,night_strandings,team_lifts,bundled_jobs,backhaul_kg,jobs,fleet_cost_musd,operator_cost_musd,cost_per_kg_usd,cost_per_tkm_usd,delivered_tkm,bulk_kg,revenue_gini,unmet_operator_waits,repositions,km_reposition,seed,exp,factor,level,mechanism
3.025690808009744,4.923575236351098,4.052359604170253,6.657212454887668,3.3062261888316016,4.951248541225965,,,,,2.963871615542382,4.811768232597387,4.245029684757665,8.35818186959932,3.816738525642258,4.923575236351098,1.0,1.0,13968.57625752051,515078.73700219905,515078.73700219905,554,1.0,0.0,0.0,0.0,3.021237808091989,1.76912734634152,4.811768232599206,2.9709295920941083,3.025690808009744,10.29682091214724,1807.0222755648797,887.3485193538772,0.4910556617662557,1056.5483004682408,0.032522385665359324,382.3748100806797,4,1,0,0,0.0,554,207.0,0.3823748100806797,402.6226670063363,267447.8961739976,775.4122495514446,500000.0,0.3338591789161267,0,0,0.0,0,E7,night_fraction,0.1,pooled_greedy
2.6762850278658714,4.33117286180859,4.842304794384584,8.040596365991377,15.39762878267743,36.52390680518584,38.59579352447387,55.033398493119606,,,3.574975853065583,4.73799222466112,6.878583231917381,14.807406686139629,15.844953803794018,4.33117286180859,1.0,0.896551724137931,22776.714596747763,525519.2910413912,525519.2910413911,536,0.9999999999999998,0.0,0.0,0.0,3.9134545481852934,1.76912734634152,4.811768232599206,4.466006195405078,2.6762850278658714,40.56075718223752,1694.2542282353033,839.6325485572568,0.4955764811233784,1002.2286276843591,0.0316020254369587,357.7993858124807,4,1,0,0,0.0,536,207.0,0.3577993858124807,394.57695068606057,255157.2914908536,812.6665641191189,500000.0,0.3885595929046996,0,0,0.0,1,E7,night_fraction,0.1,pooled_greedy
5.811425947477191,14.587330219610976,7.341153073547389,15.278170549985951,6.606488373215977,15.129719095092696,20.38280195983009,32.56520419397559,,,3.159391880102435,4.352006059489207,3.0823041952430685,5.647050670868339,8.695859921708447,14.587330219610976,1.0,1.0,29310.196036041838,532277.3226155266,517873.34282247716,549,0.9729389564780431,14403.979793049497,0.02706104352195697,0.0,3.4254761671962197,1.76912734634152,4.8186147485143005,3.3457683420035744,5.811425947477191,20.764182601215225,1781.350864320789,874.299685211956,0.4908071187566508,1002.3264319887201,0.03083247429215431,364.5481308030941,5,0,0,0,0.0,549,207.0,0.3645481308030941,400.41556686551826,263639.61972767947,786.5454681849244,500000.0,0.36132601473074777,0,0,0.0,2,E7,night_fraction,0.1,pooled_greedy
3.167255135586975,4.430082974086872,4.334418126471484,6.2879729971518845,21.385585004994663,92.09936015339008,96.60078489552507,96.60078489552507,53.04494901963517,53.04494901963517,3.278024572409802,4.811768232597546,3.238810779241216,4.565968919972239,15.283502941233374,4.430082974086872,1.0,0.9361702127659575,28096.063942230638,531327.860284328,531327.860284328,562,1.0,0.0,0.0,0.0,3.8737571616405955,1.7691273463416906,4.811768232599206,5.161723454918325,3.167255135586975,55.43023467159605,1907.2723471278762,939.5960069568958,0.4926386147063973,1139.7261470623887,0.03423046457941829,404.8373608032813,3,1,0,0,0.0,562,207.0,0.4048373608032813,390.3518954376217,249303.19482400193,831.9381446644628,500000.0,0.33941892338687046,0,0,0.0,3,E7,night_fraction,0.1,pooled_greedy
2.9561905850208254,4.587921021970761,5.255833329413804,7.812154817398094,3.3543695203147763,5.059609104144875,,,6.1163852357155974,6.1163852357155974,3.567771690824489,4.8117682325975695,2.8648276153908037,3.674004824563031,4.249176018714318,4.587921021970761,1.0,1.0,32491.15341102122,534209.4492904893,521325.49254426855,548,0.9758821998312972,12883.956746220842,0.02411780016870289,0.0,3.5580795344546865,1.76912734634152,4.811768232599206,3.5871966209264534,2.9561905850208254,17.90866984692696,1758.8864031892101,866.738795620277,0.49277701734956136,1031.1827673318073,0.03472299257069882,406.2058845982832,4,2,0,0,0.0,548,207.0,0.4062058845982832,397.8439743515637,261477.6748356547,793.2080856040895,500000.0,0.39198252645120757,0,0,0.0,4,E7,night_fraction,0.1,pooled_greedy
7.893356207174889,18.544832903370505,6.046962048713096,13.067919104228078,7.899239573216539,23.945787907155044,29.07644597904785,53.504657640078676,,,3.685163227749451,4.811768232599206,2.575416217055171,4.231245986110935,11.270284676281195,18.544832903370505,0.8888888888888888,0.9473684210526315,43452.69323580841,547328.4080016714,547328.4080016714,573,1.0,0.0,0.0,0.0,4.249594120819836,1.76912734634152,5.5217364658756285,5.191724021434831,7.893356207174889,54.06166867145627,1916.4205994730935,937.9978548127843,0.48945302251013184,1152.168087963521,0.03747222728708804,426.5915224969599,5,2,0,0,0.0,573,207.0,0.4265915224969599,378.98013055785606,233845.39629208363,887.0244820360355,500000.0,0.39167271318094593,0,0,0.0,5,E7,night_fraction,0.1,pooled_greedy
3.6363774632978783,5.139831811213674,5.346883777483334,10.844121688294358,7.101928118626217,15.059035597591272,28.70061215751798,32.48050457218087,,,3.83338272840878,4.811768232599206,6.827328061612889,7.416234331600392,9.751059773655783,5.139831811213674,0.9642857142857143,1.0,31608.77227884693,533346.8920584851,533346.8920584851,565,1.0,0.0,0.0,0.0,4.143877225744136,1.76912734634152,4.972818365854437,4.72774024687499,3.6363774632978783,47.94777846294362,1879.1788186542187,927.0362841885739,0.4933198879138466,1122.1164318655715,0.03371478937711807,393.89076311767246,4,0,0,0,0.0,565,207.0,0.39389076311767246,388.85365950604535,248026.11580855455,836.177634306865,500000.0,0.4101440020812765,0,0,0.0,6,E7,night_fraction,0.1,pooled_greedy
3.0597456204677695,5.207867376062881,3.7334300609327284,4.438488804872759,2.699590129002931,3.237984456112435,6.504395574288608,7.159589410589993,,,3.1688245757498144,4.811768232597387,3.542415999533037,5.145313589738317,3.576653879238711,5.207867376062881,1.0,1.0,40773.60461111535,544565.4292464787,533094.6781879223,581,0.9789359543545969,11470.75105855638,0.021064045645403137,0.0,3.1915850067549134,1.76912734634152,4.923575236351553,3.233401957601771,3.0597456204677695,22.82572335915358,1956.3445326907693,959.9336498350673,0.49067719606360344,1103.0634192154164,0.029828357794256126,363.0177137487874,0,0,0,0,0.0,581,207.0,0.36301771374878744,388.9797182343111,247029.29912338403,839.426814752759,500000.0,0.3275600157657754,0,0,0.0,7,E7,night_fraction,0.1,pooled_greedy
5.628062951314653,18.387340593193798,5.3604686510707324,9.634904140300977,4.752522590037776,8.012397582978158,6.292066744717658,7.315476233871732,,,3.8213671919017558,4.811768232599206,2.3736008235224992,3.276655636502983,5.097855494282272,18.387340593193798,0.88,1.0,38363.5914215517,540361.5398106,526845.8481339897,560,0.9749876875372225,13515.69167661024,0.02501231246277737,0.0,3.9234268856866183,1.76912734634152,4.972818365853527,3.9204460307801487,5.628062951314653,30.04202608133333,1813.987375814213,894.6726801488537,0.4932077764583546,1065.9965029867697,0.03276928759898021,364.6375307842563,5,0,0,0,0.0,560,207.0,0.3646375307842563,393.5964158496061,254167.22344616093,815.8590817462714,500000.0,0.38574783542456786,0,0,0.0,8,E7,night_fraction,0.1,pooled_greedy
6.325051611754082,17.5398079423751,6.960133433615842,9.106988211185307,16.66753304167216,39.264137585954415,67.08821072447063,67.08821072447063,151.94444977830744,163.48616676634546,3.606824820893416,4.811768232597387,4.294298274173136,6.89006524405277,12.422023439101157,17.5398079423751,1.0,0.9629629629629629,47374.080402398526,549779.8663554897,549779.8663554897,605,1.0,0.0,0.0,0.0,4.919462547377086,1.7691273463418042,6.891238888147205,8.84533572810942,6.325051611754082,129.95380609566035,2144.869186169611,1057.4158551443,0.49299783033979494,1330.2811817834154,0.04086061646417779,489.181080186339,6,1,0,0,0.0,605,207.0,0.489181080186339,377.40410985880493,234023.74823025116,886.6159210305528,500000.0,0.4024083929697137,0,0,0.0,9,E7,night_fraction,0.1,pooled_greedy
2.6734994232392637,4.4741970760142085,3.726265060606039,5.307476470933943,14.246002526297474,46.98052995457724,,,,,3.7695609734508233,4.811768232597387,3.115213739773844,4.835668919120802,8.986133793451756,4.4741970760142085,1.0,0.9666666666666667,13819.243346008723,516514.44304295897,516514.44304295897,540,1.0,0.0,0.0,0.0,3.883592142118015,1.76912734634152,4.811768232599206,4.029996240082479,2.6734994232392637,31.232701641858707,1714.4435518425857,846.0852119341013,0.4935042690818122,1013.6071810543795,0.03172948468990689,347.43785735448046,1,2,0,0,0.0,540,207.0,0.34743785735448046,401.4358952593882,264023.5645202208,785.3368627688319,500000.0,0.05210053035003637,0,0,0.0,10,E7,night_fraction,0.1,pooled_greedy
6.483826644097873,6.126633341750676,21.025061816225616,53.15659524540817,7.006170178485467,9.438783398112342,,,5.851535084063471,5.851535084063471,3.55900269402442,4.789334100611223,2.446052346989453,3.4648627811990544,11.011567789268367,6.126633341750676,0.9523809523809523,0.9428571428571428,26006.043708159235,531772.2574830158,531772.2574830158,543,1.0,0.0,0.0,0.0,3.8541391475156757,1.76912734634152,4.811768232598979,3.7132036096239487,6.483826644097873,24.122457133557866,1721.7041864138605,852.7242218428868,0.495279170819133,986.6535087343678,0.034468046418720484,382.01132328422904,4,3,0,0,0.0,543,207.0,0.38201132328422904,389.98275747754246,248414.83669092038,834.8213580387329,500000.0,0.3454890151260572,0,0,0.0,11,E7,night_fraction,0.1,pooled_greedy
2.87803468395558,4.392837656451958,4.432191900744935,7.986885306279191,4.995980005050114,4.995980005050114,,,,,3.7166490039771913,4.9449138150023835,3.7635709007821396,7.673219635573518,4.512733058502818,4.392837656451958,1.0,1.0,3605.0987133016765,503977.3460501888,503977.3460501888,521,1.0,0.0,0.0,0.0,3.7167080086204978,1.76912734634152,4.972818365853527,3.721587356864164,2.87803468395558,24.230335019607217,1581.446783503391,782.948064458452,0.49508340882895924,921.4481307670252,0.030749770959844356,350.6443209839235,6,0,0,0,0.0,521,207.0,0.3506443209839235,411.4285015904957,280090.32281979016,740.2992086034801,500000.0,0.36854949512821467,0,0,0.0,12,E7,night_fraction,0.1,pooled_greedy
2.608486598615774,3.2899407481302245,3.8887699263846742,5.3734970777848945,5.487710366695865,7.343931761092563,,,,,2.7992632688561594,4.467618024886641,1.721738620764495,1.9585423353670648,4.599410122078536,3.2899407481302245,1.0,1.0,6216.486291594783,506496.9548278934,506496.9548278934,522,1.0,0.0,0.0,0.0,2.8170553858611784,1.76912734634152,4.786841419279289,2.8304083549963974,2.608486598615774,12.2373709652932,1592.6035306389454,793.9796130091873,0.4985419143775515,918.2674499261915,0.02689107127984826,294.45723051433845,3,0,0,0,0.0,522,207.0,0.2944572305143385,409.27088554945516,275376.31571748975,752.7679230162225,500000.0,0.025399747416524177,0,0,0.0,13,E7,night_fraction,0.1,pooled_greedy
7.239526606802301,13.342422808726855,8.591373426229135,13.897091046169589,5.127605546627667,11.322170745935296,6.2177514660940005,8.07569883577837,,,3.680349180627214,4.8117682325975695,3.0044606924260995,5.124655625303239,6.336547312450208,13.342422808726855,0.9310344827586207,0.9838709677419355,58929.484502104126,566652.9292862886,566652.9292862886,576,1.0,0.0,0.0,0.0,3.9952940502008607,1.76912734634152,5.696056617650811,3.9873608798040436,7.239526606802301,24.84838807004467,1937.9594709480132,955.9139456193026,0.4932579653751415,1183.0831571267674,0.03730142950025533,433.95273312632725,0,4,0,0,0.0,576,207.0,0.4339527331263272,366.06879098709294,217093.63160420963,955.5045498124322,500000.0,0.3462525085383891,0,0,0.0,14,E7,night_fraction,0.1,pooled_greedy
6.601175871029629,14.7491005500936,7.128607576203952,10.77590441331995,2.8397474547697046,3.563892388750901,7.67738529545217,9.006345367876566,7.226108561704905,8.325767343817324,3.768929176775323,4.827873245924642,4.593863985171925,7.742477202184457,6.017427645408075,14.7491005500936,0.9428571428571428,0.9864864864864865,64862.71277757866,573615.9384122626,573615.9384122626,603,1.0,0.0,0.0,0.0,4.1271508569944695,1.76912734634152,6.359851729791991,4.11915340290545,6.601175871029629,32.210321030678415,2147.323589936674,1035.7404370316972,0.48234017540981877,1303.6094522915794,0.03786935966107855,464.1103559321402,5,1,0,0,0.0,603,207.0,0.4641103559321402,361.67772975447895,210302.09229832713,986.5052129944141,500000.0,0.37173011021389185,0,0,0.0,15,E7,night_fraction,0.1,pooled_greedy
6.717471255283335,9.75758585607908,17.47759145583163,46.77040003156617,4.680979199587758,5.012653176879757,,,,,3.719736439928629,4.972818365854335,2.9502766516553343,3.945487553462999,13.212054037083671,9.75758585607908,0.8947368421052632,0.9285714285714286,8440.199489225186,509188.49886297405,509188.49886297405,531,1.0,0.0,0.0,0.0,3.9835395293849656,1.76912734634152,5.475486025592545,3.881441484464432,6.717471255283335,33.39689679567336,1626.6285236158662,808.1183424012696,0.49680571234843873,935.3965765667887,0.030565750626287597,414.11298034746335,3,1,0,0,0.0,531,207.0,0.41411298034746336,407.3424938770346,275311.1633322879,753.3806855845077,500000.0,0.3116141201196119,0,0,0.0,16,E7,night_fraction,0.1,pooled_greedy
4.364461428579477,10.28489029375105,3.6965818743840697,5.734077835606515,4.649425659288534,5.588153567489826,,,,,3.469230449221888,4.811768232599206,2.542050027911149,4.1552616848730395,4.093600118094263,10.28489029375105,1.0,1.0,10188.61735102234,511539.3687118152,511539.3687118152,538,1.0,0.0,0.0,0.0,3.489159661270986,1.76912734634152,4.972818365853527,3.493409316460479,4.364461428579477,18.223953778176487,1666.5138252092565,824.1690865350512,0.49454680427362435,977.4726987541559,0.03248096643992378,368.0582006643367,5,1,0,0,0.0,538,207.0,0.36805820066433675,405.3804474968745,270929.37731981784,765.3952489466554,500000.0,0.36592115370256284,0,0,0.0,17,E7,night_fraction,0.1,pooled_greedy
5.2246409115218935,12.12202921773769,5.279443824302598,6.015869349275992,5.068449636280032,8.140910581438037,11.428372446804437,16.290276349184296,7.889961656120249,7.889961656120249,2.6150606884949092,4.789334100611223,8.277892213474365,10.546928398047731,6.3674650796146155,12.12202921773769,1.0,1.0,68261.72443658626,572191.6285267603,561368.4124093493,574,0.9810846304318052,10823.216117411037,0.01891536956819503,0.0,3.1189171017293456,1.76912734634152,4.972818365853527,3.3545890170571764,5.2246409115218935,17.914406927755877,1914.3736911628143,942.7687042150193,0.4924684812411781,1129.039023385976,0.0344641622019659,403.3649001499524,2,2,0,0,0.0,574,207.0,0.4033649001499524,369.46034068783973,224181.76821927392,925.157146130131,500000.0,0.3286849295491538,0,0,0.0,18,E7,night_fraction,0.1,pooled_greedy
3.0737633152192885,4.382751057166479,3.5460749221336028,4.434068867636189,6.997337916272741,5.017126796919365,,,,,3.395549400115461,4.786841419278062,3.146237610566954,4.077361358586587,4.764167743594475,4.382751057166479,1.0,0.9855072463768116,37728.11627304937,538786.9281851918,526296.1270711955,582,0.9768168074231693,11490.801113996251,0.021327171304435642,1000.0,3.450154461375326,1.76912734634152,4.786841419278062,3.708445737526689,3.0737633152192885,27.27200839782854,2032.7361595634952,998.5204141788715,0.49121988088866947,1162.5506891625705,0.03345219046760783,376.34104638495194,2,1,0,0,0.0,582,207.0,0.3763410463849519,394.02976837473824,255155.08277273647,812.7462670657145,500000.0,0.3554046849708426,0,0,0.0,19,E7,night_fraction,0.1,pooled_greedy
4.150841733516671,6.169768178375945,4.043600944467744,6.514920147176986,7.11942407824481,12.122759293760193,7.597944494584681,7.597944494584681,4.820118274277888,4.820118274277888,2.77401334273513,4.786841419278062,2.9151907026494985,5.096632680932316,5.764824509831587,6.169768178375945,1.0,1.0,42968.20466135957,546796.3875473237,534781.0123534314,558,0.978025869468912,12015.37519389233,0.021974130531088105,0.0,2.910281111892739,1.76912734634152,4.814273245102811,2.9578684316055464,4.150841733516671,8.374174006680606,1768.4029022944285,872.7186520157968,0.4935066838464702,1039.7166446011136,0.03269971285717607,382.5594437301801,4,1,0,0,0.0,558,207.0,0.3825594437301801,387.78968335299294,249915.18346885472,829.811764796495,500000.0,0.3775210396604877,0,0,0.0,20,E7,night_fraction,0.1,pooled_greedy
3.1723174217464534,4.840880492942871,3.830752807113913,5.16314878446874,3.757922279369268,5.150770424675466,4.820118274277775,4.820118274277775,,,3.354121721931391,4.431363077226725,3.023411346039969,4.600294096875587,3.9362158585732345,4.840880492942871,1.0,1.0,17327.275816339392,522341.9832740221,522341.9832740221,537,1.0,0.0,0.0,0.0,3.350479773526201,1.76912734634152,4.776957827967363,3.5167837281839267,3.1723174217464534,26.65949802659482,1676.2120920684786,824.9262688824589,0.4921371661652218,943.1299469006734,0.027800314912069215,304.4134482871579,1,1,0,0,0.0,537,207.0,0.30441344828715794,396.8748829050846,262132.79315829725,790.8373879917411,500000.0,0.05757752477789624,0,0,0.0,21,E7,night_fraction,0.1,pooled_greedy
5.558074396135908,6.295357444706679,11.179447790565472,23.727717687884617,14.507055512867055,39.40468164654612,4.675293146604872,4.675293146604872,,,3.7145504461201937,4.8117682325975695,4.42766570909205,8.483747104183934,12.301238764719548,6.295357444706679,0.9166666666666666,0.9583333333333334,19226.136203616657,520041.7500651535,520041.7500651535,533,1.0,0.0,0.0,0.0,3.9614183346570186,1.76912734634152,4.962969739953952,3.8448125715370556,5.558074396135908,26.187525537590112,1655.5004501350165,818.3967545915048,0.4943500646736516,978.0396110181479,0.032605635831744556,360.3647198057857,5,2,0,0,0.0,533,207.0,0.36036471980578566,398.73791804951543,264808.7139442961,783.0571797702439,500000.0,0.345068809583659,0,0,0.0,22,E7,night_fraction,0.1,pooled_greedy
4.060929997143357,7.045284114546761,5.381548416016538,11.85402787871517,10.682693091547776,21.690054541844667,10.913613253386359,12.932838271019966,,,2.8156151727076932,4.789334100611223,3.1408062825036005,4.528693806884576,7.591051051535573,7.045284114546761,0.9743589743589743,0.9852941176470589,44840.47463850063,546785.5630729868,534074.9817859603,584,0.9767539925238847,12710.581287026522,0.023246007476115223,0.0,3.1448240363990183,1.76912734634152,4.811768232599206,3.209332159975771,4.060929997143357,19.014920263840782,2036.9316082926143,998.1787220142235,0.4900403714835136,1171.0679249895218,0.032785275722960326,405.9468241086253,2,0,0,0,0.0,584,207.0,0.4059468241086253,388.3461197349816,247191.56424575593,839.0494532325838,500000.0,0.35407627236566874,0,0,0.0,23,E7,night_fraction,0.1,pooled_greedy
18.59509873228882,43.5326489865929,24.827739738373793,47.63205886811456,21.463919167121176,50.04149630436696,29.218561792680248,32.23935761328894,,,3.4406987944733767,4.303691019512646,1.949178473327922,3.0659087451194864,23.394890336196415,43.5326489865929,0.5789473684210527,0.9117647058823529,34421.87232108315,535140.8176419535,523443.16914699145,543,0.9781409899799709,11697.648494961977,0.021859010020029008,0.0,4.49746267855078,1.76912734634152,4.811768232599206,4.386778028000064,18.59509873228882,43.14463903188471,1712.362879377489,845.6593296719439,0.49385521016396605,984.6897635593539,0.029316736586798304,321.0182656254414,4,0,0,0,0.0,543,207.0,0.3210182656254414,396.07168549639874,257979.9615425273,803.6322551022985,500000.0,0.0023745461609903096,0,0,0.0,24,E7,night_fraction,0.1,pooled_greedy
2.5503240170628487,2.5503240170628487,,,,,,,,,3.4088461350007973,4.789334100609995,,,,2.5503240170628487,1.0,1.0,209.99028817615883,500209.99028817617,500209.99028817617,501,1.0,0.0,0.0,0.0,3.4071325179989254,1.7691273463406105,4.786841419278062,3.4084857237526185,2.5503240170628487,16.882507699573424,1462.765937578814,730.8458012673111,0.499632772743543,844.6142053826694,0.0297213060896735,325.4483016819248,6,1,0,0,0.0,501,207.0,0.32544830168192485,414.47682438777275,284070.50946399814,729.8379852694898,500000.0,0.06715388164384217,0,0,0.0,25,E7,night_fraction,0.1,pooled_greedy
5.287214551358168,10.614393078742069,5.4152971737442686,10.388681426589756,7.127120782651543,14.791083637652996,,,,,3.211635378509421,4.811768232597387,3.363526970487783,5.228599001612747,6.337048347771263,10.614393078742069,1.0,1.0,8275.236379187336,508449.34756596206,508449.34756596206,528,1.0,0.0,0.0,0.0,3.3329787608383104,1.76912734634152,4.828730147020588,3.2880268234214096,5.287214551358168,12.911637203945059,1632.9764875400226,813.1442435681917,0.49795220554163816,969.7242936075488,0.03282463136088724,367.20508723096725,6,1,0,0,0.0,528,207.0,0.36720508723096723,407.8424056986892,274104.2533132943,756.526768850301,500000.0,0.37264425483292324,0,0,0.0,26,E7,night_fraction,0.1,pooled_greedy
2.8886514120639393,4.596824218402122,5.735194049254135,9.278829473183348,9.615245324457797,19.439908737924725,,,,,3.425678027111127,4.811768232597387,5.5612013166088445,10.9065215769383,7.398073167198562,4.596824218402122,1.0,1.0,12370.949722949961,513597.1255335828,513597.1255335828,536,1.0,0.0,0.0,0.0,3.5472812839516963,1.76912734634152,4.840038089967983,3.546396958896536,2.8886514120639393,19.546975851457738,1690.1753244736192,835.2294821662375,0.49416736244587983,987.2801858223621,0.032643782075028834,381.0082051259806,5,1,0,0,0.0,536,207.0,0.3810082051259806,403.78148142802615,268220.2945878724,773.1741870009217,500000.0,0.3973065343008133,0,0,0.0,27,E7,night_fraction,0.1,pooled_greedy
7.055236561821192,17.996999126904484,6.963127201908311,11.65621704242271,8.076296511488147,15.101956879780658,9.338548294393362,12.128158862656866,7.903489301740194,7.903489301740194,3.441929495601993,4.789334100609995,5.235041708569298,9.455718985942958,7.677493329561381,17.996999126904484,0.9166666666666666,1.0,26590.43369586375,528937.8456762048,528937.8456762048,537,1.0,0.0,0.0,0.0,3.6838944185961404,1.76912734634152,4.972818365853527,3.751908449118693,7.055236561821192,25.130659404923836,1701.9159764689819,841.6878899795488,0.494553139882866,1031.7169648065526,0.03157727927366045,352.83824717306254,3,1,0,0,0.0,537,207.0,0.3528382471730625,392.0173985321262,251734.74634027368,823.6957403047217,500000.0,0.3576283885985472,0,0,0.0,28,E7,night_fraction,0.1,pooled_greedy
3.2721641836286937,4.62887444886681,5.8374097431696415,14.213650794396926,8.595982637232012,23.910633860537562,30.27573034419072,34.89598033120137,15.688282150690364,30.527404440310285,3.761600613991541,4.811768232599206,6.0291475262524985,13.089119835503894,8.744091227764644,4.62887444886681,1.0,1.0,77164.28456252046,584688.0408818187,584688.0408818189,599,1.0000000000000002,0.0,0.0,0.0,4.2826361381176055,1.7691273463417474,5.790362719452972,5.431077111319379,3.2721641836286937,61.86085916953368,2113.4883462463936,1032.8794891433938,0.48870839102463604,1269.2874791486252,0.0379080801890874,445.53430410279555,2,2,0,0,0.0,599,207.0,0.44553430410279554,354.7969511933854,210845.77493660277,983.8733281066583,500000.0,0.3803677520212485,0,0,0.0,29,E7,night_fraction,0.1,pooled_greedy
2.0705361610386355,2.4820641782353956,3.611244679505253,3.4888691817423023,2.696198340675162,4.169552715478176,,,,,22.25446971612954,28.006518566320757,4.644175187357462,11.495840005034097,3.322282677769435,2.4820641782353956,1.0,1.0,13968.57625752051,515078.73700219905,515078.73700219905,554,1.0,0.0,0.0,0.0,20.38111376149503,25.382608026528942,26.842255233175706,21.678788265642446,2.0705361610386355,412.40932985235787,1796.6980539406418,892.5417995766292,0.4967678334259032,963.1646881606383,0.02899055930908,336.67586744608707,3,0,0,10,102.4925070669722,540,207.0,0.3366758674460871,402.5339447599074,267388.9611460031,775.4122495514446,500000.0,0.3283678572747317,0,7,29.40215412044824,0,E7,night_fraction,0.1,marketplace
2.4506482383385824,3.682174166529512,3.3798045432138983,3.856809707903949,4.350887207847199,5.491643963230399,11.705828672179754,20.1393092017237,,,22.832908774232838,28.81176923259909,3.7109827334624828,5.406182513198929,5.510767808218475,3.682174166529512,1.0,1.0,22776.714596747763,525519.2910413912,524519.2910413912,535,0.9980971202826477,0.0,0.0,1000.0,21.557960430591702,25.70470829303963,28.469432556144085,22.0705824792544,2.4506482383385824,422.77099333704433,1691.4544352227363,848.5082442491803,0.5016441629049534,939.7001213207515,0.0296644208703143,334.2063979457736,4,0,4,18,0.0,514,207.0,0.33420639794577356,395.28423442024456,255389.85316512603,811.8341579682526,500000.0,0.35785891659556146,0,7,21.529156115802824,1,E7,night_fraction,0.1,marketplace
6.200919160632824,19.478577626862904,9.411419164845967,19.62175234351862,5.541494963318958,10.801420949326257,4.724169815304435,4.763271150264086,,,22.521409282090865,28.006518566321574,3.7344754679471737,7.539930014216679,7.374291420580647,19.478577626862904,1.0,1.0,29310.196036041838,532277.3226155266,516873.34282247716,548,0.9710602365748803,14403.979793049497,0.02706104352195697,1000.0,21.046845522215282,25.382608026528942,26.79822542377853,21.909854201279746,6.200919160632824,418.8772940821692,1735.9323243271817,857.3792597223827,0.49390131614415816,945.702107732555,0.03085684274456238,380.06921875580144,5,0,1,12,0.0,534,207.0,0.38006921875580146,401.2202836507697,263938.6809758377,785.7130620340581,500000.0,0.3491171451633612,0,9,22.980303226742436,2,E7,night_fraction,0.1,marketplace
3.3422679002148628,5.876677713125901,5.216449562135285,11.409264892318063,4.430784944932702,8.504661925048547,24.55243582804178,24.55243582804178,53.04494901963517,53.04494901963517,23.24061179453196,28.006518566320846,3.857500171957424,10.235143410239294,5.694755399380313,5.876677713125901,1.0,1.0,28096.063942230638,531327.860284328,530327.860284328,561,0.998117922897051,0.0,0.0,1000.0,21.24360343705625,25.704708293036674,27.723911539792425,22.881022276201552,3.3422679002148628,452.287893391207,1896.2841087615657,936.3349436410788,0.4937735539283641,1005.7990034157742,0.030607474044430264,392.5275620593393,3,0,3,7,0.0,551,207.0,0.3925275620593393,391.06474144290416,249538.0767469776,831.1057385135965,500000.0,0.32493732433132355,0,3,8.933453258447669,3,E7,night_fraction,0.1,marketplace
3.353633163360453,6.370445328553251,4.829749116334483,7.8188074815539945,2.712325841679002,3.1912030147092088,,,79.2959205834934,138.63917884753522,23.186205484620647,28.30369201951271,4.750438859589867,5.2617572738364755,3.7087603238698166,6.370445328553251,1.0,1.0,32491.15341102122,538255.453584505,538255.4535845051,550,1.0000000000000002,0.0,0.0,0.0,21.70339020199683,25.673315795483518,28.00651856632162,25.58820865918896,3.353633163360453,497.03080845159667,1764.857687712477,883.2046590731743,0.5004395908079939,949.0284039320417,0.03154939694233692,372.12288498127117,4,0,1,14,4046.004294015581,535,207.0,0.37212288498127116,385.2671097041179,249472.66864246363,831.2418511150834,500000.0,0.32938817770947965,0,11,33.68777308234151,4,E7,night_fraction,0.1,marketplace
6.394156934476065,14.336823373336344,4.761396334060383,9.633409577459046,5.9629300966627286,12.54248160967554,29.27081749286678,54.04262756152548,,,22.9537784181116,28.012672004094476,3.2091763815076106,6.656485302797591,10.063791820022443,14.336823373336344,0.8888888888888888,0.9649122807017544,43452.69323580841,547328.4080016714,546328.4080016714,572,0.998172943363837,0.0,0.0,1000.0,20.94377315484849,25.382608026528942,28.006518566321574,22.778577064164786,6.394156934476065,454.15542295924615,1859.7918116365065,912.160832519727,0.4904639469925828,1011.4897146665014,0.03299394295487222,390.61481051540636,5,1,0,15,0.0,553,207.0,0.39061481051540636,379.60796431783007,234024.45186994498,886.1920758851692,500000.0,0.3335994525363349,0,7,16.51997442383124,5,E7,night_fraction,0.1,marketplace
2.5018203346659504,3.8658021041492705,4.6888204447584485,7.947497090326216,4.101898416547068,7.85049484157676,32.35122322221804,39.152079217506504,,,23.671015400318502,28.811769232597726,5.176260642657851,7.741287630229094,9.128035316106727,3.8658021041492705,1.0,1.0,31608.77227884693,533346.8920584851,533346.8920584851,565,1.0,0.0,0.0,0.0,21.57862461145311,25.704708293036674,28.380766663111448,23.365498284173903,2.5018203346659504,454.57277499657135,1856.3453381117763,934.1360788223715,0.5032124463288438,994.9761140250052,0.031031855670009288,358.051876206309,4,0,0,13,0.0,541,207.0,0.35805187620630896,388.7864633013894,247983.25543362828,836.177634306865,500000.0,0.37707932527205895,0,10,38.07577612867276,6,E7,night_fraction,0.1,marketplace
3.037878343498862,5.289857228712479,3.1811516844132806,4.173131360260595,2.3043640538892967,2.525976828063057,6.063349301183067,6.718543137484451,11.838310601135902,11.838310601135902,22.43974025138837,27.7804329450988,3.0664006065054394,4.461180604446743,3.0925394576976024,5.289857228712479,1.0,1.0,40773.60461111535,544565.4292464787,543565.4292464787,581,0.9981636733690867,0.0,0.0,1000.0,19.71982642662348,25.382608026528942,26.283061681206163,21.07845717274342,3.037878343498862,424.57544707072253,1948.876928678815,963.4453451549407,0.49435925428502087,1035.2516380972704,0.028870808668078847,356.0155261325017,0,0,1,8,99.38937189467718,569,207.0,0.35601552613250165,381.47388404295907,238662.10110915743,868.8267410806611,500000.0,0.32873786532979804,0,10,27.631182005791903,7,E7,night_fraction,0.1,marketplace
9.517350611569913,39.87736035839292,17.954501176597518,54.10389698110397,9.012491381639386,23.510070403208573,5.159550367641145,5.271609509385485,,,23.26304828092703,28.3624559230023,2.707100610272704,4.664241780606654,11.787717309103236,39.87736035839292,0.84,0.8958333333333334,38363.5914215517,540361.5398106,526845.8481339897,560,0.9749876875372225,13515.69167661024,0.02501231246277737,0.0,21.73760823425966,25.704708293036674,28.3624559230023,22.605836320561945,9.517350611569913,438.6999997914961,1776.077882163298,881.7523184509338,0.49646039022621125,959.2455635011192,0.03196249393245914,367.1464807362139,5,0,1,9,0.0,544,207.0,0.3671464807362139,393.60117805843976,254170.29867080218,815.8590817462714,500000.0,0.3749156723254221,0,14,43.301198525779085,8,E7,night_fraction,0.1,marketplace
4.7264256861423934,10.112366845872748,6.184920679276407,15.239382974414047,4.9268082872385754,10.54668323028277,36.08419072951983,36.08419072951983,41.101748138852145,51.03419246237836,22.80256389107106,28.006518566321574,4.048429171107821,8.844214370781545,6.353600841917395,10.112366845872748,1.0,1.0,47374.080402398526,549779.8663554897,548779.8663554897,604,0.9981810901759116,0.0,0.0,1000.0,19.87178366218939,25.382608026528942,27.723911539792745,22.417569704472392,4.7264256861423934,450.3019585298989,2056.135644484614,1010.8678908568457,0.4916348265098178,1154.2070049203062,0.03503587121249365,443.503238973552,4,0,2,19,0.0,579,207.0,0.44350323897355204,378.00858952175076,234192.10196878633,885.7835148796868,500000.0,0.3554359176230834,0,12,31.97786765181477,9,E7,night_fraction,0.1,marketplace
2.255321545161288,2.4544228129545447,4.2094377072941995,7.053902860730363,5.680033920056957,10.610635639273546,,,,,22.238281848594944,28.006518566320665,3.180677524936141,4.871471088371775,4.944735813675578,2.4544228129545447,1.0,1.0,13819.243346008723,516514.44304295897,516514.44304295897,540,1.0,0.0,0.0,0.0,20.854885137403517,25.467722731671486,26.829836119871523,21.68465913971826,2.255321545161288,413.6816755497874,1683.8559316898957,837.2593865197259,0.4972274472908519,900.0160259878708,0.026773595583465672,301.79517895128936,1,0,2,14,0.0,524,207.0,0.3017951789512893,401.3475285563502,263965.4459209712,785.3368627688319,500000.0,0.329894481140661,0,9,24.947560200297236,10,E7,night_fraction,0.1,marketplace
5.725507840262843,9.084226527100327,6.969479789194111,12.310155736701292,3.054926538608993,3.36552500711832,,,5.372029063520131,5.372029063520131,23.19841192249805,28.02657290364523,3.124464243634228,4.517128374656022,4.173370324490455,9.084226527100327,0.9523809523809523,1.0,26006.043708159235,531772.2574830158,531772.2574830158,543,1.0,0.0,0.0,0.0,21.740537917507126,25.382608026528942,27.745019835471975,22.403587121796125,5.725507840262843,428.48589156019784,1675.9964520821798,837.24675319116,0.49955162622868543,920.5422329882823,0.030441646962631793,351.455690362298,4,1,0,15,0.0,524,207.0,0.351455690362298,389.9252974794099,248378.2352879643,834.8213580387329,500000.0,0.3480403050336201,0,8,24.391346486431196,11,E7,night_fraction,0.1,marketplace
2.8654421591579973,5.1242787011899065,3.6534994435237422,5.374383952070048,4.995980005050114,4.995980005050114,,,,,23.28690864532432,28.202552247535916,4.048979642024084,8.294620633396704,3.8452823808846524,5.1242787011899065,1.0,1.0,3605.0987133016765,503977.3460501888,503977.3460501888,521,1.0,0.0,0.0,0.0,22.492845013314067,25.70470829303966,28.006518566320665,23.136131959411536,2.8654421591579973,429.8378464313229,1551.2424726034728,773.78988344212,0.49881942836664156,846.2222633074979,0.028356843046951977,327.0960697954847,5,0,0,13,0.0,507,207.0,0.3270960697954847,411.3817767696819,280058.5137202872,740.2992086034801,500000.0,0.34471235014312746,0,2,5.908785513585686,12,E7,night_fraction,0.1,marketplace
2.506526562123656,4.336806901857493,3.234318318252464,4.878364672661701,4.8103142652064435,6.00105370870092,,,,,22.685601637799362,27.723911539792425,2.452918581063983,3.858154202847493,3.9347609613431214,4.336806901857493,1.0,1.0,6216.486291594783,506496.9548278934,506496.9548278934,522,1.0,0.0,0.0,0.0,21.85925377960551,25.704708293039616,27.301960624368764,22.453753774697546,2.506526562123656,424.62212310517594,1566.1813620395997,782.9755412503424,0.4999264837570871,842.542277762244,0.025760860485219066,291.13477055420697,3,0,0,9,0.0,511,207.0,0.291134770554207,409.26432586547594,275371.9020597627,752.7679230162225,500000.0,0.3536040217747347,0,6,17.31536322756983,13,E7,night_fraction,0.1,marketplace
8.342895855385207,23.841152000377768,8.149841584978661,13.537164342926145,7.076314160233061,10.785727401671465,5.598540772079986,6.260903690555369,,,22.427225564491998,28.006518566320665,2.8106961557765056,4.604215810605456,7.010846272884145,23.841152000377768,0.896551724137931,0.9516129032258065,58929.484502104126,566652.9292862886,566652.9292862886,576,1.0,0.0,0.0,0.0,20.358097977844128,25.382608026528942,26.95517890568999,20.540961480456357,8.342895855385207,425.19454075809773,1896.288452128087,942.2393902075823,0.4968861088354809,1079.8657862219811,0.029544291936716278,356.2008968995481,0,0,1,15,0.0,559,207.0,0.35620089689954815,365.9315785379758,217012.25905999506,955.5045498124324,500000.0,0.34198901868902176,0,6,18.255972431987228,14,E7,night_fraction,0.1,marketplace
4.892967887023984,11.048222125943003,7.1949421260048245,17.295621474177096,2.6553149917531713,3.371992407072412,5.597290733782431,6.26401410258095,7.143042659128923,8.176248719180558,23.56755100703791,27.867077094388588,3.534170121405497,6.634732439433537,5.627776530560595,11.048222125943003,0.9714285714285714,1.0,64862.71277757866,573615.9384122626,573615.9384122626,603,1.0,0.0,0.0,0.0,20.371843022973238,25.382608026528942,26.27361343440672,21.224405417634316,4.892967887023984,439.48656277382315,2145.4362891284172,1059.4960915013849,0.49383712621538844,1189.048121199727,0.035614659889125586,466.6639149397025,5,0,2,11,0.0,585,207.0,0.46666391493970255,361.6821814421615,210304.68078845766,986.5052129944141,500000.0,0.346143097265965,0,12,33.53996751937759,15,E7,night_fraction,0.1,marketplace
2.5242517766346566,4.093680756470598,4.080457652132988,7.0397608231126725,3.9270839579515573,4.873918818401762,,,,,23.117218525163143,28.30369201951271,2.959320575187197,3.9671929699394695,4.029333087405844,4.093680756470598,1.0,1.0,8440.199489225186,509188.49886297405,509188.49886297405,531,1.0,0.0,0.0,0.0,21.942960462994055,25.704708293039516,27.53122493079536,22.76044778602299,2.5242517766346566,431.7028006214098,1601.5680838680637,802.9517851539658,0.5013535129987721,844.8130805649945,0.026067132874144788,306.5414103090837,2,0,1,12,0.0,514,207.0,0.3065414103090837,407.13123307621413,275168.3781878096,753.3806855845077,500000.0,0.33601184737793827,0,6,18.25597243198723,16,E7,night_fraction,0.1,marketplace
4.179922436558214,7.775537946342591,3.9414563776063005,6.34581459105757,3.934788512062221,5.198242028367235,,,,,22.968426911269127,28.006518566321574,2.9686350141442763,4.8137389668245305,3.938678100296267,7.775537946342591,1.0,1.0,10188.61735102234,511539.3687118152,511539.3687118152,538,1.0,0.0,0.0,0.0,21.61121080769903,25.70470829303963,27.92383894678069,22.545652968631916,4.179922436558214,427.39375192879317,1640.5243516521052,812.6692288646273,0.49537163410358476,891.5280898500628,0.029340856158812247,344.5320250696275,5,0,0,11,0.0,526,207.0,0.3445320250696275,405.3344565584763,270898.64002999663,765.3952489466554,500000.0,0.34933779503084894,0,6,15.283995087390362,17,E7,night_fraction,0.1,marketplace
4.092012096165174,6.2965545228415065,5.4474012922510155,7.565242525127445,4.302794030719936,6.210268317580085,8.840409691260598,16.056121004371107,6.202531654856557,6.931503624413653,22.278075603223005,27.312457373048705,6.704493392976564,15.32962231791136,5.550270371963639,6.2965545228415065,1.0,1.0,68261.72443658626,577118.2182746406,576118.2182746406,575,0.9982672527597732,0.0,0.0,1000.0,20.051181420730774,25.382608026528942,26.21469160227935,20.212380556677918,4.092012096165174,423.806204436778,1908.429942863231,943.5602871128377,0.49441704194664204,1060.6810222730303,0.03061429539654835,376.6386336448668,2,0,4,13,0.0,561,207.0,0.37663863364486677,359.95500932898216,214712.2933389217,965.83495713635,500000.0,0.3199135238540968,0,4,9.467739574218374,18,E7,night_fraction,0.1,marketplace
3.4005417727865277,4.589128089434599,3.7336828273543783,5.467738952701628,2.958339507869814,4.808094970920139,,,21.133525276098226,21.133525276098226,23.190140951963887,28.30369201951271,3.762616733731753,6.633736609513929,3.460032244006885,4.589128089434599,0.9714285714285714,1.0,37728.11627304937,538786.9281851918,536786.9281851918,582,0.9962879574552103,0.0,0.0,2000.0,20.3765642817356,25.382608026528942,28.006518566320665,22.35268346445243,3.4005417727865277,441.1219687172528,2022.7625262696517,1000.8769124295266,0.49480692836213885,1075.5630593769345,0.032605469333820906,393.7212486594285,2,1,2,9,0.0,567,207.0,0.3937212486594285,386.3613481606774,243334.00444420349,852.3006133991225,500000.0,0.3258065035633167,0,13,35.879033434469484,19,E7,night_fraction,0.1,marketplace
5.282199771064504,8.155519356463358,5.475942466273295,8.095482255990987,4.693933197564365,5.3507600914026625,7.597944494584681,7.597944494584681,7.993984659122418,10.533077766998042,22.278059028376294,27.87806082698994,2.958734476987767,4.3633740299484085,5.313392983070272,8.155519356463358,0.9642857142857143,1.0,42968.20466135957,546796.3875473237,546796.3875473237,559,1.0,0.0,0.0,0.0,20.419720251334084,25.70470829303946,27.723911539792425,20.940169705958972,5.282199771064504,420.5163500222478,1765.686955975144,874.3294958925114,0.49517809084659714,970.8123225691397,0.030058353359039763,367.02903795563424,4,0,2,10,0.0,548,207.0,0.36702903795563424,379.23993969328956,242023.6725547763,856.8047366979073,500000.0,0.3342906965810166,0,3,10.135422435788499,20,E7,night_fraction,0.1,marketplace
3.3822125628283004,4.88830520172378,3.371646744231657,3.977633004038671,3.2581535382323636,4.251186690629038,4.820118274277775,4.820118274277775,,,22.606055285463984,28.006518566320665,3.2852308833484027,4.562540942223495,3.5243323839875984,4.88830520172378,1.0,1.0,17327.275816339392,522341.9832740221,522341.98327402206,537,0.9999999999999999,0.0,0.0,0.0,21.28199931286889,25.704708293039516,26.949815215023413,21.933814198327433,3.3822125628283004,427.2338403852802,1684.3778635458998,843.8139153146523,0.5009647381249012,880.5526835399187,0.02607915317659194,310.84982129988606,1,0,0,6,0.0,526,207.0,0.31084982129988603,396.8872050488502,262140.93183903044,790.8373879917411,500000.0,0.339624148628021,0,9,23.8924935973708,21,E7,night_fraction,0.1,marketplace
3.741585432737338,8.069280015657206,9.807584876186002,20.495017912239746,3.413366253668149,6.6301368502845435,4.675293146604872,4.675293146604872,,,22.91495817247057,28.811769232597726,5.158355021149621,11.831108022567786,6.182784587461981,8.069280015657206,1.0,1.0,19226.136203616657,520041.7500651535,519041.7500651535,532,0.998077077465656,0.0,0.0,1000.0,21.804664968976603,25.382608026528942,28.786842419279218,22.20687246468488,3.741585432737338,419.99359093227457,1586.482291548202,787.2056855014108,0.49619569641284783,892.1182257264869,0.03078645857901621,358.38167631667847,5,1,0,12,0.0,513,207.0,0.35838167631667844,399.50231681803575,265087.97556597856,782.2247736193776,500000.0,0.35117273098593166,0,6,16.062126917574147,22,E7,night_fraction,0.1,marketplace
3.327134799685515,5.511886338700697,4.738915604884967,8.329105334128872,5.135865245610617,8.752335613554168,5.252203588423285,6.129757111263141,6.547612990429059,6.547612990429059,22.615656711522686,27.867784207842945,3.156201170336711,4.277988585787483,4.911193962620593,5.511886338700697,1.0,1.0,44840.47463850063,546785.5630729868,546785.5630729868,585,1.0,0.0,0.0,0.0,19.892406956548534,25.382608026528942,26.84560317731079,21.121507096706086,3.327134799685515,423.8502411097377,2027.8506342379862,1001.2201510396375,0.4937346637543993,1064.3991400962211,0.031232873918376182,395.52615822590343,2,0,3,13,0.0,570,207.0,0.3955261582259034,379.2995648836142,239043.93137538317,867.6042305903255,500000.0,0.3327821973177418,0,8,20.73376731206424,23,E7,night_fraction,0.1,marketplace
10.343273947411154,26.01063573678311,29.676286536939642,55.06450415072404,20.52932170530155,53.181739264538734,50.70485799966036,64.8581531619052,117.20558685357173,117.20558685357173,22.548424294331948,27.557198839973264,2.2538309220210775,3.5218796027933426,26.99191716631955,26.01063573678311,0.7894736842105263,0.8529411764705882,34421.87232108315,535140.8176419535,535140.8176419535,544,1.0,0.0,0.0,0.0,22.08291024781864,25.70470829303963,28.00651856632203,24.97847852296058,10.343273947411154,490.16810932754726,1640.9981659471175,816.5706950179912,0.4976060985093787,895.3117126504134,0.028163476632071055,313.7328543678241,3,0,1,15,0.0,517,207.0,0.3137328543678241,387.4003365466978,249802.23457818202,829.9114425635119,500000.0,0.33486187381639326,0,12,35.81985159851068,24,E7,night_fraction,0.1,marketplace
26.55032401706285,26.55032401706285,,,,,,,,,22.715474213875286,26.161307449775375,,,,26.55032401706285,0.0,1.0,209.99028817615883,500209.99028817617,500209.99028817617,501,1.0,0.0,0.0,0.0,22.72312860470001,25.704708293039516,26.55032401706285,22.71708410018487,26.55032401706285,418.45079669248156,1424.6059523257577,716.9621654948165,0.5032705109257274,773.0585812725604,0.026743636839667344,292.4416973899769,5,0,0,15,0.0,485,207.0,0.29244169738997694,414.41083889181556,284025.28490052227,729.8379852694898,500000.0,0.06547411531683056,0,2,6.686917343769473,25,E7,night_fraction,0.1,marketplace
8.70746697286652,25.23062138633759,12.882160824503444,33.206074386480395,15.07268545013819,44.87469795720863,,,,,22.18201806958509,28.006518566320665,4.0093071057167435,5.3395177123869875,14.061674084460615,25.23062138633759,0.8181818181818182,0.9166666666666666,8275.236379187336,508449.34756596206,507449.34756596206,527,0.9980332357494661,0.0,0.0,1000.0,21.562520199137285,25.704708293039516,28.006518566321027,22.050253823681118,8.70746697286652,410.57052234855445,1565.1245426701219,778.549293536758,0.49743600097698504,875.9524390016148,0.029419203305106868,331.37737503808773,5,0,0,12,0.0,511,207.0,0.33137737503808773,408.5755127472848,274358.77202315565,755.6943626994347,500000.0,0.40332714308551393,0,3,10.349166942676964,26,E7,night_fraction,0.1,marketplace
3.1877901248639,4.271127923412541,6.241395113308535,12.96752255761462,4.41195563169678,7.199373650947564,,,,,23.43537764095824,28.446337465260143,5.544356137081635,11.314686287364072,5.457349621189211,4.271127923412541,1.0,1.0,12370.949722949961,513597.1255335828,512597.1255335828,535,0.9980529486044901,0.0,0.0,1000.0,22.167551866130015,25.704708293036674,28.006518566321574,22.91966378102588,3.1877901248639,432.75478135339205,1675.1675469861839,836.5280659112707,0.4993697898555159,879.6450064651391,0.029908204907958282,358.62157567474526,5,0,2,12,0.0,519,207.0,0.35862157567474523,404.5255254988542,268480.3887567128,772.3417808500554,500000.0,0.36499697527968583,0,9,27.827007544480402,27,E7,night_fraction,0.1,marketplace
4.183817402877452,9.244226619380425,5.786765682960553,10.641063960464816,5.111527846959366,9.462548108843492,5.1634388386792835,5.713915834987043,7.903489301740194,7.903489301740194,22.77537287262129,26.1295952265237,4.035681341533589,5.866409842682719,5.455635638924949,9.244226619380425,1.0,1.0,26590.43369586375,528937.8456762048,527937.8456762048,536,0.9981094186998066,0.0,0.0,1000.0,21.534693997256266,25.672689450023654,26.09122861285323,21.862356292486176,4.183817402877452,427.11286570090215,1672.8157624215496,822.4562235157462,0.49165977628353263,915.9162456095195,0.027171980405101926,324.3536625038862,1,0,3,14,0.0,519,207.0,0.3243536625038862,392.7059887077317,251954.78405377496,822.8633341538552,500000.0,0.3248443587482746,0,3,8.544387343355776,28,E7,night_fraction,0.1,marketplace
3.1636910339875963,5.841939682142083,7.799885486098455,20.13400609184606,3.802091557725196,5.499826257547824,16.067391473493256,29.28175575824471,10.323623225348229,18.03582783592383,22.90523302664065,28.006518566320757,5.7034320550907145,16.257400234541116,6.317707646124,5.841939682142083,1.0,1.0,77164.28456252046,584688.0408818187,584688.0408818187,599,1.0,0.0,0.0,0.0,20.024321906687806,25.382608026528942,27.45564300686955,20.853688231817372,3.1636910339875963,441.2792109944413,2068.0658019308994,1013.9073568200831,0.49026842176560537,1133.2018227285912,0.033410761167937425,422.7530056362016,2,0,5,19,129.34383220056782,574,207.0,0.4227530056362016,354.75798802521075,210822.62022977637,983.8733281066583,500000.0,0.3387983219296382,0,6,22.11404756958322,29,E7,night_fraction,0.1,marketplace
2.881018834241111,4.877613295574156,3.785763900501846,6.341939095743284,3.749298030309584,4.951248541225965,,,,,3.4676184052324595,4.972818365853527,4.300280664809903,8.35818186959932,3.774248362546395,4.877613295574156,1.0,1.0,13968.57625752051,515078.73700219905,515078.73700219905,554,1.0,0.0,0.0,0.0,3.469255344475283,1.76912734634152,4.972818365853527,3.4658608437984775,2.881018834241111,22.10698880456016,1803.4103145704964,883.7365583594939,0.49003632241615863,1080.3676567807513,0.03171776661829163,371.0834073880471,3,0,0,0,0.0,554,207.0,0.37108340738804707,402.60074530411595,267433.334368069,775.4122495514446,500000.0,0.3718293995193019,0,0,0.0,0,E7,night_fraction,0.15,pooled_greedy
2.6828362669722763,4.372685973347506,4.72112164918272,8.040596365991377,16.63051847444717,38.87702465563507,20.63901402518938,39.049650098778514,,,4.549630700083192,4.97281836585446,5.000502032151579,9.548779326795378,12.38545459592145,4.372685973347506,1.0,0.9655172413793104,22776.714596747763,525519.2910413912,525519.2910413912,536,1.0,0.0,0.0,0.0,4.707943605623399,1.76912734634152,5.778069032130588,5.093599576344924,2.6828362669722763,45.14315691710478,1692.838514551074,838.2168348730274,0.4951546338696785,1032.7108945825512,0.03652536605238068,411.70996555135144,4,2,0,0,0.0,536,207.0,0.4117099655513514,394.6795360347963,255223.62937421084,812.6665641191189,500000.0,0.39731422330114513,0,0,0.0,1,E7,night_fraction,0.15,pooled_greedy
12.958121279501825,18.752018301418506,7.317173940003272,15.143887402138898,7.303763866089336,15.033802560916229,20.38280195983009,32.56520419397559,,,3.7337510819150688,4.972818365853527,4.004035704817108,5.647050670868339,8.945348664763898,18.752018301418506,0.9545454545454546,0.9736842105263158,29310.196036041838,532277.3226155266,517873.34282247716,549,0.9729389564780431,14403.979793049497,0.02706104352195697,0.0,4.260699782323835,1.76912734634152,5.778069032130793,3.96859242450407,12.958121279501825,25.31880259624351,1776.2293542722634,869.1781751634296,0.4893389319756735,1055.3933625363713,0.03791530525173888,442.1051298105452,5,2,0,0,0.0,549,207.0,0.44210512981054517,400.5653274200677,263738.22432480013,786.5454681849244,500000.0,0.39529194972655785,0,0,0.0,2,E7,night_fraction,0.15,pooled_greedy
3.1612650704756837,4.430082974086872,4.3429377062228784,6.2879729971518845,22.30653449639408,92.09936015339008,96.60078489552507,96.60078489552507,53.04494901963517,53.04494901963517,4.388275912379852,5.778069032130725,4.579643775295835,4.565968919972239,15.67184666834847,4.430082974086872,1.0,0.9361702127659575,28096.063942230638,531327.860284328,531327.860284328,562,1.0,0.0,0.0,0.0,4.911265720151257,1.7691273463419748,6.644698191119602,6.230637018973053,3.1612650704756837,69.58339282512381,1910.1037744963346,942.4274343253543,0.4933906978817725,1189.4876398202737,0.039340153291040965,460.78845219554955,3,2,0,0,0.0,562,207.0,0.46078845219554954,390.4571997056161,249370.44873194103,831.9381446644628,500000.0,0.35433028285115364,0,0,0.0,3,E7,night_fraction,0.15,pooled_greedy
2.9561905850208254,4.587921021970761,5.255833329413804,7.812154817398094,3.3543695203147763,5.059609104144875,,,6.1163852357155974,6.1163852357155974,3.937842169558903,5.286838840287576,3.2879461752963643,4.62981113767637,4.249176018714318,4.587921021970761,1.0,1.0,32491.15341102122,534209.4492904893,521325.49254426855,548,0.9758821998312972,12883.956746220842,0.02411780016870289,0.0,3.9050004506701494,1.76912734634152,5.686533495421498,3.943048488493035,2.9561905850208254,24.571478246559145,1758.2052745697752,866.0576670008417,0.49258051919606605,1067.3826115893671,0.035412610390217106,413.75719972200835,4,1,0,0,0.0,548,207.0,0.41375719972200836,397.8584591892164,261487.19480306396,793.2080856040895,500000.0,0.39100484049877693,0,0,0.0,4,E7,night_fraction,0.15,pooled_greedy
6.5014828357758905,9.712328164996713,7.990897704486883,17.713987071401068,10.290145729695553,31.915475095418422,29.07644597904785,53.504657640078676,,,4.588933975751774,6.257651703012016,2.5812865234848132,4.439258570803304,12.974423367801966,9.712328164996713,0.9259259259259259,0.9473684210526315,43452.69323580841,547328.4080016714,547328.4080016714,573,1.0,0.0,0.0,0.0,5.062024973563093,1.76912734634152,9.482008116640648,6.058863329999919,6.5014828357758905,76.57475847474377,1916.2709058620796,937.8481612017706,0.48941314003818137,1188.5550913199938,0.03478816074399921,397.2009938501372,4,0,0,0,0.0,573,207.0,0.39720099385013724,378.92643239745155,233812.26245052458,887.0244820360355,500000.0,0.40215810515031203,0,0,0.0,5,E7,night_fraction,0.15,pooled_greedy
3.0968922139459494,5.185127312283726,5.532894857861982,11.38361945943066,7.056260878574449,15.059035597591272,37.70061215751798,52.38322422016689,,,4.502450603089464,4.972818365854437,7.672754695221363,12.028947025922806,11.338496163845784,5.185127312283726,1.0,0.9807692307692307,31608.77227884693,533346.8920584851,533346.8920584851,565,1.0,0.0,0.0,0.0,4.796120358416629,1.7691273463417474,5.778069032130588,5.731704703750485,3.0968922139459494,59.53335936357007,1877.498104868722,925.3555704030765,0.49286631395443087,1158.2156484464297,0.03528371538302723,414.6808071074958,4,0,0,0,0.0,565,207.0,0.4146808071074958,388.8926398475442,248050.97899926527,836.177634306865,500000.0,0.4402174949603042,0,0,0.0,6,E7,night_fraction,0.15,pooled_greedy
4.425821635439333,5.634305585629886,18.56480678618831,55.04696322329656,2.699590129002931,3.237984456112435,6.504395574288608,7.159589410589993,,,5.050923129293183,8.358319209941753,3.810894163945025,5.145313589738317,11.610316272085484,5.634305585629886,0.972972972972973,0.9344262295081968,40773.60461111535,544565.4292464787,533094.6781879223,581,0.9789359543545969,11470.75105855638,0.021064045645403137,0.0,5.239384576534939,1.7691273463416337,8.025354262585097,5.033145610754438,4.425821635439333,54.677370075802884,1955.391139723132,958.98025686743,0.4904288647862105,1155.507181316788,0.03547205311913349,424.8161775561946,2,1,0,0,0.0,581,207.0,0.4248161775561946,389.0956422274327,247102.91895863507,839.426814752759,500000.0,0.3553027587967595,0,0,0.0,7,E7,night_fraction,0.15,pooled_greedy
5.662493413471687,18.731645214764132,5.607170859795303,9.634904140300977,4.752522590037776,8.012397582978158,6.292066744717658,7.315476233871732,,,4.214532246645169,5.11149854787065,2.522912517989397,3.3077655029878317,5.183664958186471,18.731645214764132,0.88,1.0,38363.5914215517,540361.5398106,526845.8481339897,560,0.9749876875372225,13515.69167661024,0.02501231246277737,0.0,4.282728040917032,1.7691273463415769,5.7780690321306905,4.294376213271462,5.662493413471687,35.55377435086813,1811.2049316807786,891.8902360154191,0.49242922234523434,1101.3363450734919,0.03432615749215395,388.3356312286244,5,0,0,0,0.0,560,207.0,0.38833563122862436,393.6413969394796,254196.27025212854,815.8590817462714,500000.0,0.4099901226491321,0,0,0.0,8,E7,night_fraction,0.15,pooled_greedy
12.172212131029875,20.014284004264177,6.906854986888779,8.93969229563927,11.41262027197187,31.136332093964548,31.567716745013968,31.567716745013968,44.423955798850784,52.08223881081276,4.358260421566798,5.86217686049127,4.457041437706018,7.37589485589565,9.366497705252055,20.014284004264177,0.9473684210526315,0.9506172839506173,47374.080402398526,549779.8663554897,549779.8663554897,605,1.0,0.0,0.0,0.0,5.341052060025795,1.7691273463419748,9.560436410205513,6.0895301350269735,12.172212131029875,72.66833778263596,2141.787354814149,1054.3340237888378,0.4922683017149135,1370.0892139340501,0.045466433926568496,619.3457813995173,6,2,0,0,0.0,605,207.0,0.6193457813995172,377.6408677125911,234170.55892711057,886.615921030553,500000.0,0.42570405801274863,0,0,0.0,9,E7,night_fraction,0.15,pooled_greedy
2.6734994232392637,4.4741970760142085,3.726265060606039,5.307476470933943,14.429251064714464,48.006721769712385,,,,,4.058768756643982,4.972818365853527,3.11521373977389,4.835668919120802,9.077758062660251,4.4741970760142085,1.0,0.9666666666666667,13819.243346008723,516514.44304295897,516514.44304295897,540,1.0,0.0,0.0,0.0,4.1540919197178585,1.76912734634152,4.972818365854437,4.314858678374781,2.6734994232392637,39.14949123780818,1718.4584747096346,850.100134801151,0.49468762109296305,1049.076160591274,0.03072644655294636,336.45458975476265,2,0,0,0,0.0,540,207.0,0.33645458975476267,401.4146310571037,264009.57909801486,785.3368627688319,500000.0,0.08901658637210175,0,0,0.0,10,E7,night_fraction,0.15,pooled_greedy
7.362204186482002,16.704250863907873,9.461968362331845,19.21159556574958,4.015474823480235,6.338584103369815,,,6.75338177253343,6.75338177253343,4.290263252066711,5.7043887924820424,2.515073832670396,3.658122941105695,5.571615834580696,16.704250863907873,0.9047619047619048,1.0,26006.043708159235,531772.2574830158,531772.2574830158,543,1.0,0.0,0.0,0.0,4.423755864152548,1.76912734634152,6.736798603472518,4.445114964535706,7.362204186482002,40.44206264216092,1722.6575793814975,853.677614810524,0.4955585050843524,1047.8025807587949,0.03217408109830722,356.89240302570374,5,0,0,0,0.0,543,207.0,0.35689240302570374,389.9355212407794,248384.74771437873,834.8213580387329,500000.0,0.3761994285125028,0,0,0.0,11,E7,night_fraction,0.15,pooled_greedy
9.61394644802301,23.680093771625632,18.711051679358928,49.062367718477276,4.995980005050114,4.995980005050114,,,,,4.586942312878384,5.778069032130588,3.7635709007821396,7.673219635573518,16.751755725886238,23.680093771625632,0.8571428571428571,0.8571428571428571,3605.0987133016765,503977.3460501888,503977.3460501888,521,1.0,0.0,0.0,0.0,4.806863854053804,1.76912734634152,5.7780690321319526,4.6080599400011915,9.61394644802301,38.841549216990806,1581.2970898923775,782.7983708474383,0.4950356108609011,955.6129180884104,0.03386224551290137,384.7259173398978,5,1,0,0,0.0,521,207.0,0.3847259173398978,411.49612684512886,280136.3604164266,740.2992086034801,500000.0,0.3748976775163843,0,0,0.0,12,E7,night_fraction,0.15,pooled_greedy
2.608486598615774,3.2899407481302245,3.8887699263846742,5.3734970777848945,5.487710366695865,7.343931761092563,,,,,3.5007027644679765,4.811768232599206,1.721738620764495,1.9585423353670648,4.599410122078536,3.2899407481302245,1.0,1.0,6216.486291594783,506496.9548278934,506496.9548278934,522,1.0,0.0,0.0,0.0,3.4889322973667505,1.76912734634152,4.913038035299227,3.5228503222439254,2.608486598615774,14.980959463711864,1592.6035306389456,793.9796130091873,0.49854191437755146,957.8108604317964,0.033395035294548285,365.6756364753037,3,2,0,0,0.0,522,207.0,0.36567563647530366,409.41149529109754,275470.9244325844,752.7679230162225,500000.0,0.026745633961212878,0,0,0.0,13,E7,night_fraction,0.15,pooled_greedy
6.972771207612139,14.08714518207734,8.713800326410011,14.248463550138922,6.387415234268435,18.395120409813103,14.72836942980598,38.91466478409884,,,3.678145226193192,4.972818365853618,3.0442870273519054,5.04182826771048,9.043933397710088,14.08714518207734,0.9310344827586207,1.0,58929.484502104126,566652.9292862886,566652.9292862886,576,1.0,0.0,0.0,0.0,4.136029164279005,1.7691273463417474,6.618593199074439,4.617001680449413,6.972771207612139,39.87719911418902,1944.3917581985581,962.3462328698463,0.49493433039514717,1242.0455327799773,0.03369528180045447,387.4716731893793,1,0,0,0,0.0,576,207.0,0.3874716731893793,365.9867635986605,217044.98603790012,955.5045498124322,500000.0,0.4200912562101718,0,0,0.0,14,E7,night_fraction,0.15,pooled_greedy
13.348333274689093,40.65149027365616,11.102684408862213,25.767453902684792,5.653397722870936,5.1547991671477575,7.67738529545217,9.006345367876566,7.226108561704905,8.325767343817324,4.917667734439672,8.025316547597056,9.08261857746171,9.065179975124924,8.950908836047487,40.65149027365616,0.7714285714285715,0.9459459459459459,64862.71277757866,573615.9384122626,573615.9384122626,603,1.0,0.0,0.0,0.0,5.862013093125509,1.7691273463417474,10.69820198748258,5.317763335308641,13.348333274689093,55.602931221040286,2157.063953155315,1045.4808002503394,0.4846777021705956,1365.2102994165455,0.043949726804881864,530.6903761567864,6,2,0,0,0.0,603,207.0,0.5306903761567865,361.79380048363083,210369.58309244324,986.5052129944141,500000.0,0.4088084078635624,0,0,0.0,15,E7,night_fraction,0.15,pooled_greedy
13.336585637224902,55.28481657614901,15.880597394330843,41.519023601437766,49.24336762830626,75.3521558080276,,,,,4.591085617192776,5.791236986017068,2.9502766516553343,3.945487553462999,27.001520805655982,55.28481657614901,0.8421052631578947,0.7857142857142857,8440.199489225186,509188.49886297405,509188.49886297405,531,1.0,0.0,0.0,0.0,5.2745808906017535,1.76912734634152,7.076294516734379,4.952803045853542,13.336585637224902,49.42268221700479,1630.2618982606537,811.751717046057,0.4979271845291391,994.1083927850867,0.03221852087515545,362.0552145252166,2,1,0,0,0.0,531,207.0,0.3620552145252166,407.24025714949954,275242.064446667,753.3806855845077,500000.0,0.35887642421045785,0,0,0.0,16,E7,night_fraction,0.15,pooled_greedy
4.18261587757584,10.28489029375105,3.6965818743840697,5.734077835606515,4.649425659288534,5.588153567489826,,,,,3.9701199913269694,5.327296708068294,2.6511607386227585,5.3319304191190895,4.093600118094263,10.28489029375105,1.0,1.0,10188.61735102234,511539.3687118152,511539.3687118152,538,1.0,0.0,0.0,0.0,3.9518312330280745,1.76912734634152,5.688986974189187,3.982006962661153,4.18261587757584,22.819088559807774,1666.66351882027,824.3187801460649,0.4945922022278079,1016.6002095666963,0.035646127874767675,402.7167183758774,6,1,0,0,0.0,538,207.0,0.4027167183758774,405.4482008699899,270974.65917616495,765.3952489466554,500000.0,0.43151474097676745,0,0,0.0,17,E7,night_fraction,0.15,pooled_greedy
5.120858701424566,12.12202921773769,5.279443824302598,6.015869349275992,5.047138257589237,8.140910581438037,11.428372446804437,16.290276349184296,7.889961656120249,7.889961656120249,3.5205959407022283,4.972818365854357,4.779009212830188,6.287024089019358,6.357153122183585,12.12202921773769,1.0,1.0,68261.72443658626,572191.6285267603,561368.4124093493,574,0.9810846304318052,10823.216117411037,0.01891536956819503,0.0,3.7871787525635265,1.76912734634152,5.783253631824346,4.158339624367795,5.120858701424566,31.818735209399005,1920.2926525014332,948.6876655536385,0.4940328570844909,1188.3521337005907,0.035602936375924474,409.4561596947756,2,1,0,0,0.0,574,207.0,0.4094561596947756,369.47119142224193,224188.35224618253,925.157146130131,500000.0,0.359944042526418,0,0,0.0,18,E7,night_fraction,0.15,pooled_greedy
9.102010696412448,30.05985809395389,9.238303411619485,7.3606924165754215,21.690940106895155,50.350909933048044,,,,,4.206809072425132,4.972818365854346,3.5281870427748294,6.511771365619464,13.633351657010898,30.05985809395389,0.8285714285714286,0.9565217391304348,37728.11627304937,538786.9281851918,526296.1270711955,582,0.9768168074231693,11490.801113996251,0.021327171304435642,1000.0,5.035561299745352,1.7691273463416337,7.360692416575409,4.920330553187596,9.102010696412448,44.92764751341578,2028.391425114438,994.1756797298151,0.49013009393575285,1234.6513689332453,0.04159425949279046,476.61730560955874,2,3,0,0,0.0,582,207.0,0.4766173056095588,394.22030038526736,255278.4623110844,812.7462670657145,500000.0,0.3860631928147635,0,0,0.0,19,E7,night_fraction,0.15,pooled_greedy
4.2203204865552095,6.478915903031067,4.043600944467744,6.514920147176986,7.183289896714814,12.250490930700199,7.597944494584681,7.597944494584681,4.820118274277888,4.820118274277888,3.6663600182191702,4.972818365853527,4.982822854403076,5.2958347140775,5.793854427317952,6.478915903031067,1.0,1.0,42968.20466135957,546796.3875473237,534781.0123534314,558,0.978025869468912,12015.37519389233,0.021974130531088105,0.0,3.780631381876634,1.76912734634152,5.1481592629610535,3.8024281298115805,4.2203204865552095,20.339295616717727,1773.5028875605874,877.8186372819556,0.49496318468890405,1075.5125561439484,0.03722369482103282,428.6305906274632,4,2,0,0,0.0,558,207.0,0.4286305906274632,387.87583290922817,249970.70346610204,829.811764796495,500000.0,0.3296041974606501,0,0,0.0,20,E7,night_fraction,0.15,pooled_greedy
3.5570311990753964,5.570508013450582,3.830752807113913,5.16314878446874,3.757922279369268,5.150770424675466,4.820118274277775,4.820118274277775,,,4.378974960748438,5.038053019121268,3.023411346039969,4.600294096875587,3.9362158585732345,5.570508013450582,1.0,1.0,17327.275816339392,522341.9832740221,522341.9832740221,537,1.0,0.0,0.0,0.0,4.319047548116708,1.76912734634152,5.549455436009434,4.4996125570572625,3.5570311990753964,43.8547149519513,1675.1090054898275,823.8231823038078,0.4918027302127179,984.0458216966913,0.03022958301408165,331.0139340041941,1,1,0,0,0.0,537,207.0,0.3310139340041941,396.92580832668347,262166.4290057179,790.8373879917411,500000.0,0.0026054665896007023,0,0,0.0,21,E7,night_fraction,0.15,pooled_greedy
7.552637463656083,15.433112817583519,15.187203151604127,33.747106090481246,6.004070292926599,13.895725986724756,4.675293146604872,4.675293146604872,,,4.806369087302127,6.054228821570134,5.353791864553386,10.086354130712065,9.719644221848759,15.433112817583519,0.9166666666666666,1.0,19226.136203616657,520041.7500651535,520041.7500651535,533,1.0,0.0,0.0,0.0,4.988060132566797,1.76912734634152,7.413492093215474,4.841261434000367,7.552637463656083,41.123030668870896,1655.6501437460306,818.5464482025185,0.4943957824027344,1018.7703541369885,0.03591249681644633,396.57484758827013,5,2,0,0,0.0,533,207.0,0.39657484758827016,398.8075473201999,264854.9559413277,783.0571797702439,500000.0,0.33575380602424776,0,0,0.0,22,E7,night_fraction,0.15,pooled_greedy
4.079313358561595,7.045284114546761,5.381548416016538,11.85402787871517,11.105524599159867,21.690054541844667,10.913613253386359,12.932838271019966,,,4.19047910395633,4.972818365854437,3.1408062825036005,4.528693806884576,7.736855019677674,7.045284114546761,0.9743589743589743,0.9852941176470589,44840.47463850063,546785.5630729868,534074.9817859603,584,0.9767539925238847,12710.581287026522,0.023246007476115223,0.0,4.330401488104071,1.7691273463416906,6.7568554315432285,4.508373681693225,4.079313358561595,45.597273017965776,2037.0813019036282,998.3284156252372,0.49007784553925815,1200.8093007738187,0.03403814582580232,419.6657517347452,2,0,0,0,0.0,584,207.0,0.4196657517347452,388.37180700379963,247207.9148048002,839.0494532325838,500000.0,0.3795707145300047,0,0,0.0,23,E7,night_fraction,0.15,pooled_greedy
22.57380983138175,47.741170802569464,36.65387017308353,77.0648739796402,32.60426384878539,70.02666698964879,40.20341285115728,43.22420867176597,,,3.9777877219236117,4.811768232599206,2.24209759498793,3.521783492325449,34.697378735581154,47.741170802569464,0.5263157894736842,0.8235294117647058,34421.87232108315,535140.8176419535,523443.16914699145,543,0.9781409899799709,11697.648494961977,0.021859010020029008,0.0,5.448316403585023,1.76912734634152,5.190721777068259,5.455638169964438,22.57380983138175,60.889706743017015,1712.3628793774888,845.6593296719441,0.4938552101639662,1018.2387060829,0.03333665730644895,365.036397505616,4,1,0,0,0.0,543,207.0,0.36503639750561595,396.15577892711804,258034.7355160714,803.6322551022985,500000.0,0.02316494110901557,0,0,0.0,24,E7,night_fraction,0.15,pooled_greedy
2.5503240170628487,2.5503240170628487,,,,,,,,,4.564644462532067,5.584716827367452,,,,2.5503240170628487,1.0,1.0,209.99028817615883,500209.99028817617,500209.99028817617,501,1.0,0.0,0.0,0.0,4.560623862840512,1.76912734634152,5.563233249060431,4.5637988422145295,2.5503240170628487,36.66998632303435,1462.7659375788137,730.8458012673111,0.49963277274354306,896.4946928864972,0.03207289688425279,351.1982208825681,5,1,0,0,0.0,501,207.0,0.3511982208825681,414.5283026063222,284105.7911562646,729.8379852694898,500000.0,0.07831894371449688,0,0,0.0,25,E7,night_fraction,0.15,pooled_greedy
5.3162755223001605,10.614393078742069,5.4152971737442686,10.388681426589756,7.127120782651543,14.791083637652996,,,,,4.195617391452317,4.993140743660233,3.363526970487783,5.228599001612747,6.337048347771263,10.614393078742069,1.0,1.0,8275.236379187336,508449.34756596206,508449.34756596206,528,1.0,0.0,0.0,0.0,4.265385346353102,1.76912734634152,6.138014358792987,4.255669720870948,5.3162755223001605,28.21197050042579,1632.8267939290085,812.9945499571779,0.497906179014187,1016.4717830032215,0.03568085688682951,398.4807567400351,6,1,0,0,0.0,528,207.0,0.3984807567400351,407.9039175673912,274145.5944406633,756.526768850301,500000.0,0.4012090630404792,0,0,0.0,26,E7,night_fraction,0.15,pooled_greedy
2.8886514120639393,4.596824218402122,5.735194049254135,9.278829473183348,9.615245324457797,19.439908737924725,,,,,5.365242441021593,7.782427499565075,6.12692847398381,13.186331993990503,7.398073167198562,4.596824218402122,1.0,1.0,12370.949722949961,513597.1255335828,513597.1255335828,536,1.0,0.0,0.0,0.0,5.3650201350976525,1.76912734634152,8.024084214591767,5.43592820071643,2.8886514120639393,55.454494808550834,1687.0445098831335,832.0986675757515,0.4932286390199589,1028.9991484529787,0.035195333152551724,408.9476894248563,5,1,0,0,0.0,536,207.0,0.4089476894248563,403.8358810399201,268256.43066790275,773.1741870009217,500000.0,0.44105884210799545,0,0,0.0,27,E7,night_fraction,0.15,pooled_greedy
9.205810464921283,24.613081823423272,7.790137538973159,13.641041851378345,9.24644119182544,18.409998228040052,9.338548294393362,12.128158862656866,7.903489301740194,7.903489301740194,4.189595150041968,4.972818365853527,5.235041708569298,9.455718985942958,8.52980275322029,24.613081823423272,0.8333333333333334,1.0,26590.43369586375,528937.8456762048,528937.8456762048,537,1.0,0.0,0.0,0.0,4.453497146409419,1.76912734634152,5.535000121783107,4.494341242839446,9.205810464921283,41.774884385880384,1702.719675825605,842.4915893361723,0.49479171545232176,1069.3979532348603,0.03150320367108205,352.0271193248291,3,0,0,0,0.0,537,207.0,0.3520271193248291,392.01586502898425,251733.76159820383,823.6957403047217,500000.0,0.40835326859413934,0,0,0.0,28,E7,night_fraction,0.15,pooled_greedy
3.2721641836286937,4.62887444886681,5.8374097431696415,14.213650794396926,8.609302248913778,23.910633860537562,30.27573034419072,34.89598033120137,15.688282150690364,30.527404440310285,5.405142155317535,6.3966396634630875,6.50926101427326,16.694985645192194,8.750751033605527,4.62887444886681,1.0,1.0,77164.28456252046,584688.0408818187,584688.0408818189,599,1.0000000000000002,0.0,0.0,0.0,5.672707821055529,1.7691273463419748,10.888038764812931,6.8664323298715,3.2721641836286937,89.96218992955839,2112.235566056728,1031.6267089537291,0.48840514075787644,1298.951461347947,0.04162894286228301,486.27775037428745,3,2,0,0,0.0,599,207.0,0.48627775037428744,354.86663527005993,210887.18620887486,983.8733281066583,500000.0,0.36270713030619195,0,0,0.0,29,E7,night_fraction,0.15,pooled_greedy
2.0705361610386355,2.4820641782353956,3.611244679505253,3.4888691817423023,2.696198340675162,4.169552715478176,,,,,23.283999759406722,28.895018437183445,4.644175187357462,11.495840005034097,3.322282677769435,2.4820641782353956,1.0,1.0,13968.57625752051,515078.73700219905,515078.73700219905,554,1.0,0.0,0.0,0.0,21.31029250091487,25.704708293036674,28.811769232597726,22.678179202714645,2.0705361610386355,429.51516791399456,1780.7960545732678,884.6656466984488,0.49678100107338863,985.2902753985934,0.030461677533880828,352.904488512792,3,0,0,12,102.4925070669722,536,207.0,0.352904488512792,402.5654518284406,267409.8901693402,775.4122495514446,500000.0,0.3666483147840685,0,7,27.986440436218945,0,E7,night_fraction,0.15,marketplace
2.4506482383385824,3.682174166529512,3.3798045432138983,3.856809707903949,4.446788411955867,5.739475942319951,11.705828672179754,20.1393092017237,,,23.478508227496544,29.313524265155273,3.751405634504116,5.519366636115501,5.545018238257285,3.682174166529512,1.0,1.0,22776.714596747763,525519.2910413912,524519.2910413912,535,0.9980971202826477,0.0,0.0,1000.0,22.16154284836072,25.70470829303963,28.972819365854594,22.687012233234448,2.4506482383385824,431.56620611536795,1681.2121227514442,845.5587771227056,0.5029459196016728,963.5228918714919,0.03101167849461826,348.7922793515229,4,0,4,19,0.0,509,207.0,0.3487922793515229,395.3120425135881,255407.81974273626,811.8341579682526,500000.0,0.3885545062960956,0,8,25.191405714710314,1,E7,night_fraction,0.15,marketplace
13.384272851022915,52.43470646064241,8.215264970242771,14.837135565105836,7.462305205366647,13.33280851601512,4.724169815304435,4.763271150264086,,,22.65171852123333,28.811769232597726,7.865055980045492,10.960266073355342,7.4965181640469325,52.43470646064241,0.8636363636363636,0.9210526315789473,29310.196036041838,532277.3226155266,516873.34282247716,548,0.9710602365748803,14403.979793049497,0.02706104352195697,1000.0,21.540367611721148,25.704708293036674,28.811769232597726,22.122199624832,13.384272851022915,421.215736048504,1705.383329047913,844.8900494399429,0.4954253011911585,957.3028363864952,0.03212131280174714,392.67627403178057,4,0,1,19,0.0,525,207.0,0.39267627403178057,401.2446746460706,263954.7263439054,785.7130620340581,500000.0,0.3934250881706234,0,8,20.344701396972347,2,E7,night_fraction,0.15,marketplace
3.3132957992793903,5.876677713125901,5.216449562135285,11.409264892318063,5.992317038460442,13.078595942571473,24.55243582804178,24.55243582804178,53.04494901963517,53.04494901963517,24.024028908943606,28.972819365853866,4.643372239968325,10.235143410239294,6.345393771683537,5.876677713125901,1.0,1.0,28096.063942230638,531327.860284328,530327.860284328,561,0.998117922897051,0.0,0.0,1000.0,21.98669846674845,25.704708293039516,28.81176923259909,23.653989989769553,3.3132957992793903,464.50053194422117,1866.148090169385,917.454991135067,0.4916303245000198,1023.2480201836235,0.03208682229442655,408.63975348651,3,0,3,14,0.0,545,207.0,0.40863975348651,391.09512300991923,249557.463198882,831.1057385135965,500000.0,0.33686245608748583,0,4,11.179989173125865,3,E7,night_fraction,0.15,marketplace
3.272214551003673,5.982461980018889,4.829749116334483,7.8188074815539945,2.712325841679002,3.1912030147092088,,,78.12752061520246,136.53605890461154,24.49655841395653,29.255463601999068,5.048437984073066,5.2617572738364755,3.7087603238698166,5.982461980018889,1.0,1.0,32491.15341102122,538255.453584505,538255.4535845051,550,1.0000000000000002,0.0,0.0,0.0,22.894750417137224,25.704708293036674,28.972819365853912,26.778038214570817,3.272214551003673,517.6645683981275,1733.4366025776947,867.201670778893,0.5002788504000244,942.5757481906902,0.033291227843158015,391.2690967751548,6,0,1,19,4046.004294015581,524,207.0,0.3912690967751548,385.30268056859563,249495.70190500712,831.2418511150834,500000.0,0.37398318146406195,0,12,33.102881628561114,4,E7,night_fraction,0.15,marketplace
7.438346275908943,11.258103236943889,8.203978818182659,19.42449661577726,9.270260705501949,25.83152982657666,29.27081749286678,54.04262756152548,,,23.61068628327203,29.33087804323768,3.414338930207556,7.095360532367977,12.772773848892578,11.258103236943889,0.9259259259259259,0.9298245614035088,43452.69323580841,547328.4080016714,546328.4080016714,572,0.998172943363837,0.0,0.0,1000.0,21.713951823692977,25.382608026528942,28.972819365854775,23.445532476860052,7.438346275908943,461.88718826028713,1829.460150872181,898.1097446793485,0.4909151720255736,1041.2619347888897,0.033483020054259315,395.84019688826237,5,0,0,22,0.0,543,207.0,0.39584019688826233,379.617528869657,234030.34831893732,886.1920758851692,500000.0,0.3827294227733626,0,8,18.766510338509438,5,E7,night_fraction,0.15,marketplace
2.5230844294632635,3.8414839936979437,4.860475960693258,7.947497090326216,4.197092462477973,7.85049484157676,32.35122322221804,39.152079217506504,,,24.360105707878752,29.87307100904919,5.445627911183028,9.470170627984595,9.248780317301263,3.8414839936979437,1.0,1.0,31608.77227884693,533346.8920584851,533346.8920584851,565,1.0,0.0,0.0,0.0,22.20081966092913,25.70470829303963,29.778070032130927,24.01249050046609,2.5230844294632635,462.8653961170958,1835.065725635911,925.6260672029771,0.5044103076374646,1029.1780688119834,0.0336971868914056,389.95782012826425,5,0,0,20,0.0,533,207.0,0.38995782012826424,388.84628542540855,248021.41233069525,836.177634306865,500000.0,0.4143794545867833,0,10,34.69280547088866,6,E7,night_fraction,0.15,marketplace
4.156640809667695,6.048402105854166,15.711188238365484,56.2203190180493,2.3043640538892967,2.525976828063057,6.063349301183067,6.718543137484451,11.838310601135902,11.838310601135902,23.978217978593193,29.837231829892595,3.139356175269589,4.455033760785916,9.879642591088379,6.048402105854166,0.972972972972973,0.9508196721311475,40773.60461111535,544565.4292464787,543565.4292464787,581,0.9981636733690867,0.0,0.0,1000.0,21.395289737639168,25.704708293036674,28.972819365853866,22.516853030232674,4.156640809667695,449.86198583241435,1901.5995310818987,940.4232103710284,0.49454324898575397,1054.5543970466815,0.031403481057553785,380.6891378326727,1,0,1,15,99.38937189467718,559,207.0,0.38068913783267266,381.5192762080465,238690.49988020526,868.8267410806611,500000.0,0.36909100006622947,0,9,25.38464609111371,7,E7,night_fraction,0.15,marketplace
4.057661658969341,10.675146294068513,8.991542462391152,18.5124667473708,6.331162455104847,21.78268976605274,5.016140661867894,5.018809284742156,,,23.78942831668601,29.33601025198592,6.176194509884842,4.813738966824485,7.142162301705566,10.675146294068513,1.0,1.0,38363.5914215517,540361.5398106,526845.8481339898,560,0.9749876875372228,13515.69167661024,0.02501231246277737,0.0,21.84739244084837,25.70470829303963,28.972819365853866,22.887851308844063,4.057661658969341,440.4269972163557,1753.868305053821,870.7469349026848,0.4964722450332234,983.3766400708737,0.03297371948370077,381.82970474742785,5,0,0,17,0.0,538,207.0,0.38182970474742783,393.62904811580694,254188.29592589158,815.8590817462714,500000.0,0.41474792051655224,0,14,43.301198525779085,8,E7,night_fraction,0.15,marketplace
5.818094879992986,12.95555132952145,6.090234874272009,15.239382974414047,5.637550077094273,10.783074033757522,36.08419072951983,36.08419072951983,41.101748138852145,51.03419246237836,23.450025534132227,28.974883277469964,4.0583044178583085,5.5934091747244565,6.598272769761511,12.95555132952145,1.0,1.0,47374.080402398526,549779.8663554897,548779.8663554897,604,0.9981810901759116,0.0,0.0,1000.0,20.493149452884182,25.382608026528942,28.39306245991275,23.064802337535124,5.818094879992986,460.5211813401822,2035.2491178920106,999.0686072409025,0.49088271232156483,1183.1522260816928,0.03643799235184943,457.1554495367533,4,0,2,24,0.0,571,207.0,0.4571554495367533,378.0334669113931,234207.51455022846,885.7835148796868,500000.0,0.3852731295646287,0,12,31.97786765181477,9,E7,night_fraction,0.15,marketplace
2.255321545161288,2.4544228129545447,4.2094377072941995,7.053902860730363,5.620095667489039,10.274981424893209,,,,,23.034489944875947,28.811769232599318,3.180677524936141,4.871471088371775,4.914766687391619,2.4544228129545447,1.0,1.0,13819.243346008723,516514.44304295897,516514.44304295897,540,1.0,0.0,0.0,0.0,21.59122688207011,25.704708293039516,28.811769232597726,22.453680204472526,2.255321545161288,427.430596989955,1667.755122309542,829.283828635056,0.4972455593400586,917.6788231997579,0.02798328792458262,315.04131008651996,1,0,2,18,0.0,518,207.0,0.31504131008652,401.3731737852758,263982.31273540866,785.3368627688319,500000.0,0.36102333905178624,0,9,24.947560200297236,10,E7,night_fraction,0.15,marketplace
6.19523655151951,15.487674115822301,8.339612141673797,16.146526323644416,5.812455853269489,8.24148453176007,,,7.552558473439603,7.552558473439603,23.559522151424584,28.972819365853912,3.124464243634228,4.517128374656022,6.534500507099291,15.487674115822301,0.9523809523809523,1.0,26006.043708159235,531772.2574830158,531772.2574830158,543,1.0,0.0,0.0,0.0,22.156110236781718,25.704708293036674,28.94060933920264,22.565341305827197,6.19523655151951,430.75004350253323,1640.2542098847339,816.1136401678348,0.4975531446587086,935.6163840816013,0.02993091712783692,345.86319867129407,3,0,0,20,0.0,512,207.0,0.34586319867129406,389.9147807749141,248371.53625991818,834.8213580387329,500000.0,0.3766229997412068,0,7,21.755744656661108,11,E7,night_fraction,0.15,marketplace
11.602531615069633,29.245130384302886,18.55865381805283,43.3964710902402,4.995980005050114,4.995980005050114,,,,,24.237571765681476,31.072389008008404,2.4400510419471044,3.6467764265893496,16.62112898762387,29.245130384302886,0.8571428571428571,0.8571428571428571,3605.0987133016765,503977.3460501888,503977.3460501888,521,1.0,0.0,0.0,0.0,23.6726139430964,25.704708293039857,31.02409201561386,24.10274576181569,11.602531615069633,445.5812925711051,1505.5105234343291,746.1116329432471,0.4955871256490707,855.2442426303135,0.030006663142770076,342.9183037079884,5,0,0,20,0.0,495,207.0,0.3429183037079884,411.4131715020771,280079.88647569285,740.2992086034801,500000.0,0.39672003302794884,0,2,5.908785513585686,12,E7,night_fraction,0.15,marketplace
2.506526562123656,4.336806901857493,3.234318318252464,4.878364672661701,5.122915770916279,6.00105370870092,,,,,23.050912867128353,28.972819365853866,2.452918581063983,3.858154202847493,4.073694963880826,4.336806901857493,1.0,1.0,6216.486291594783,506496.9548278934,506496.9548278934,522,1.0,0.0,0.0,0.0,22.21156416406401,25.70470829303963,28.972819365853866,22.81796913537054,2.506526562123656,427.03476481639683,1549.9308590482324,774.8502897546588,0.4999257129640427,881.5138944298895,0.027501478900834934,310.50714371091055,3,0,0,15,0.0,505,207.0,0.3105071437109106,409.3025736238722,275397.63691450923,752.7679230162225,500000.0,0.36094038944456236,0,5,13.264047713570447,13,E7,night_fraction,0.15,marketplace
8.342895855385207,23.841152000377768,8.149841584978661,13.537164342926145,7.076314160233061,10.785727401671465,5.598540772079986,6.260903690555369,,,22.86985773683051,28.972819365853866,2.855520140202121,4.604215810605456,7.010846272884145,23.841152000377768,0.896551724137931,0.9516129032258065,58929.484502104126,566652.9292862886,566652.9292862886,576,1.0,0.0,0.0,0.0,20.743416765953878,25.382608026528942,28.811769232598408,20.933039608470285,8.342895855385207,429.84936701995866,1872.0121026475254,930.8839191149232,0.4972638359540542,1089.480186148346,0.030785759761768304,369.79496958386784,0,0,1,23,0.0,551,207.0,0.3697949695838678,365.95556865958594,217026.48617454627,955.5045498124322,500000.0,0.3744400971400938,0,6,18.255972431987228,14,E7,night_fraction,0.15,marketplace
10.362129722258533,38.95879406211971,14.991214998465564,38.11166489157495,5.7645944128978295,12.849609973797214,5.753063021697861,6.660540946378023,7.143042659128923,8.176248719180558,24.409459535299767,29.004672619616994,4.175774935432797,6.94208837345596,10.730704991321486,38.95879406211971,0.8285714285714286,0.972972972972973,64862.71277757866,573615.9384122626,573615.9384122626,603,1.0,0.0,0.0,0.0,21.746158890821583,25.591524170120465,28.97281936585432,22.124161082832504,10.362129722258533,455.817965998975,2071.771049052552,1022.5585691573777,0.49356736094222725,1218.0412571109177,0.0372635088444347,483.733052169091,5,0,2,20,0.0,567,207.0,0.483733052169091,361.7119385254055,210321.98342102824,986.5052129944141,500000.0,0.3889337123969468,0,10,28.657829774929304,15,E7,night_fraction,0.15,marketplace
4.887659406571334,14.479178295617384,8.149493716340151,17.43374288554878,34.01967026822209,65.23908835396979,,,,,23.88462868129657,28.972819365853912,2.959320575187197,3.9671929699394695,16.7728859003008,14.479178295617384,1.0,0.9642857142857143,8440.199489225186,509188.49886297405,509188.49886297405,531,1.0,0.0,0.0,0.0,22.966127691528076,25.70470829303963,28.972819365853866,23.622132386179864,4.887659406571334,445.8607977345572,1556.4947323449485,774.2885918849062,0.4974566092609874,869.2021344588667,0.027429872813476582,321.3060151095408,1,0,1,17,0.0,504,207.0,0.32130601510954077,407.1602294200699,275187.9759888722,753.3806855845077,500000.0,0.37313431396718827,0,4,12.984768772447051,16,E7,night_fraction,0.15,marketplace
6.579922436558214,11.633884945971657,3.9414563776063005,6.34581459105757,3.934788512062221,5.198242028367235,,,,,23.552909816874095,28.81176923259909,3.252733196212799,4.8137389668245305,3.938678100296267,11.633884945971657,0.9333333333333333,1.0,10188.61735102234,511539.3687118152,511539.3687118152,538,1.0,0.0,0.0,0.0,22.22713373112884,25.70470829303963,28.811769232597726,23.122643413243015,6.579922436558214,437.43130635847785,1624.4726586737174,804.643382375433,0.49532590042628055,908.0118199351197,0.03050800182340619,357.3122700969311,5,0,0,14,0.0,522,207.0,0.3573122700969311,405.3594404518166,270915.3376055889,765.3952489466554,500000.0,0.37664369062938974,0,6,15.283995087390362,17,E7,night_fraction,0.15,marketplace
4.092012096165174,6.2965545228415065,5.4474012922510155,7.565242525127445,4.302794030719936,6.210268317580085,8.840409691260598,16.056121004371107,6.202531654856557,6.931503624413653,23.250043750873147,28.972819365853866,6.022402069593909,9.46030108739188,5.550270371963639,6.2965545228415065,1.0,1.0,68261.72443658626,577118.2182746406,576118.2182746406,575,0.9982672527597732,0.0,0.0,1000.0,20.87095581935646,25.382608026528942,28.811769232598476,21.051380993694192,4.092012096165174,436.7356265836578,1885.5201906649331,933.670818308932,0.495179432674052,1087.016300866895,0.03234333751430421,395.57164483429335,2,0,4,20,0.0,551,207.0,0.39557164483429336,359.9878723952572,214731.8960785508,965.83495713635,500000.0,0.35687670782104625,0,4,9.467739574218374,18,E7,night_fraction,0.15,marketplace
9.819299704503075,35.80854814767081,5.83818977884988,7.2283021708975,9.848907359680444,29.218179789552053,,,114.13478743119595,114.13478743119595,24.28545452309105,29.778070032131133,3.8536629096405073,6.633736609513929,7.253737160319491,35.80854814767081,0.8285714285714286,0.9855072463768116,37728.11627304937,538786.9281851918,536786.9281851918,582,0.9962879574552103,0.0,0.0,2000.0,22.083410607859065,25.382608026528942,29.77807003213154,25.544611257056225,9.819299704503075,495.54346724418036,1937.4135290336724,962.1944393537345,0.4966386498981713,1071.75206823331,0.035109439779958576,421.2196427147266,2,1,2,19,0.0,543,207.0,0.4212196427147266,386.41257592464007,243366.26817090155,852.3006133991225,500000.0,0.3481403900170907,0,13,34.46331975024019,19,E7,night_fraction,0.15,marketplace
5.044287036938097,10.253718906725862,5.475942466273295,8.095482255990987,4.693933197564365,5.3507600914026625,7.597944494584681,7.597944494584681,7.993984659122418,10.533077766998042,23.018674290781266,28.811769232599136,3.066125406429958,4.669195515163051,5.313392983070272,10.253718906725862,0.9642857142857143,1.0,42968.20466135957,546796.3875473237,546796.3875473237,559,1.0,0.0,0.0,0.0,21.073707928215846,25.704708293039573,28.811769232597726,21.614690196217364,5.044287036938097,429.1511624451397,1739.6487909821012,864.6802172680074,0.4970429788761333,988.8587169767736,0.03150344105633094,380.2966926322499,4,0,2,17,0.0,538,207.0,0.3802966926322499,379.26420403551776,242039.15759367528,856.8047366979073,500000.0,0.36726771825996885,0,4,12.085422435788498,20,E7,night_fraction,0.15,marketplace
4.902294311309111,10.272912737426493,3.2460404566067154,3.6806715899593656,3.2581535382323636,4.251186690629038,4.820118274277775,4.820118274277775,,,23.481083975878917,28.972819365853912,3.2852308833484027,4.562540942223495,3.44582845422201,10.272912737426493,0.95,1.0,17327.275816339392,522341.9832740221,522341.98327402206,537,0.9999999999999999,0.0,0.0,0.0,22.152181712755223,25.70470829303963,28.972819365853866,22.789117928245023,4.902294311309111,441.00149341347844,1665.6014353076912,834.8275508738595,0.501216877685771,904.3687010989703,0.027467317125868557,319.91910760711954,1,0,0,13,0.0,518,207.0,0.31991910760711956,396.90456778552016,262152.3997924238,790.8373879917411,500000.0,0.34823748262622506,0,9,25.308207281600097,21,E7,night_fraction,0.15,marketplace
4.870621171823662,12.405762915333073,11.645922395761726,25.09086171117906,5.309324704458352,12.318012202655154,4.675293146604872,4.675293146604872,,,23.656732848117986,28.972819365853866,5.603523639629758,12.817691217894572,7.896737779346968,12.405762915333073,1.0,1.0,19226.136203616657,520041.7500651535,519041.7500651535,532,0.998077077465656,0.0,0.0,1000.0,22.572085923649606,25.704708293039516,28.82796472713383,22.941524484632644,4.870621171823662,427.8918145852861,1543.6878436969478,760.1665278808092,0.49243539163999717,892.7081615026455,0.03261691108593277,378.8330115119934,5,1,0,19,66.95580926203557,499,207.0,0.37883301151199333,399.5417189185272,265114.1206535353,782.2247736193776,500000.0,0.33468651255604726,0,3,8.544387343355774,22,E7,night_fraction,0.15,marketplace
3.4220611908341563,6.0277576482663795,4.738915604884967,8.329105334128872,5.682021920156527,8.752335613554168,5.252203588423285,6.129757111263141,6.547612990429059,6.547612990429059,23.20653070492772,28.972819365853866,3.0643486661434416,4.277988585787483,5.099523850395044,6.0277576482663795,1.0,1.0,44840.47463850063,546785.5630729868,546785.5630729868,585,1.0,0.0,0.0,0.0,20.410579696096704,25.467722731671486,28.126844590263868,21.67771424319506,3.4220611908341563,429.72523089438596,2013.4032609369544,997.2568643097175,0.49530905390787705,1089.324477525987,0.03269094193231117,411.6022675039916,2,0,3,21,0.0,559,207.0,0.4116022675039916,379.3289660060355,239062.46068714914,867.6042305903255,500000.0,0.36386999090039396,0,7,16.682451798064857,23,E7,night_fraction,0.15,marketplace
25.617480524374443,53.10181584297242,37.68833406995964,53.606710173294054,27.639247131794694,60.116005222782405,101.60291150903959,131.24262311203728,124.13542559379493,124.13542559379493,23.179867266164397,28.972819365853866,2.8898962350839006,4.465416594975613,40.180825565604664,53.10181584297242,0.631578947368421,0.6764705882352942,34421.87232108315,535140.8176419535,535140.8176419535,544,1.0,0.0,0.0,0.0,23.583681320292158,25.704708293039857,31.18945681797977,26.828577228507058,25.617480524374443,529.3028374237269,1644.7968200876965,818.8257317553282,0.49782789081004575,936.4391924407624,0.03328967312339344,374.66330314167783,4,1,2,20,0.0,511,207.0,0.3746633031416778,387.5141952671788,249875.65259081437,829.9114425635119,500000.0,0.39818312417913254,0,10,33.29403674270909,24,E7,night_fraction,0.15,marketplace
26.55032401706285,26.55032401706285,,,,,,,,,23.93243773222446,28.972819365853866,,,,26.55032401706285,0.0,1.0,209.99028817615883,500209.99028817617,500209.99028817617,501,1.0,0.0,0.0,0.0,23.93766305415029,25.704708293039857,28.972819365853866,23.93353673205661,26.55032401706285,436.25519866406967,1410.0202616361225,709.6693201499992,0.5033043421138726,799.8735793955925,0.02880369802461553,314.99936736515957,6,0,0,17,0.0,480,207.0,0.31499936736515954,414.45593529215364,284056.19267790637,729.8379852694898,500000.0,0.11298581764967475,0,2,6.686917343769473,25,E7,night_fraction,0.15,marketplace
6.333013342108106,12.97030311807248,6.749977035247563,14.809523018712753,8.019386638115261,20.34798745530934,,,,,23.372576364563173,28.81176923259909,4.0093071057167435,5.3395177123869875,7.433505282945554,12.97030311807248,1.0,1.0,8275.236379187336,508449.34756596206,507449.34756596206,527,0.9980332357494661,0.0,0.0,1000.0,22.476758158977937,25.70470829303963,28.811769232597726,23.11385933438801,6.333013342108106,425.17600791663517,1535.0356448416298,762.9466813914112,0.49702212711166366,885.9121827777489,0.03078543632884038,346.33762664796967,5,0,0,19,0.0,503,207.0,0.34633762664796963,408.6049940180395,274378.568719212,755.6943626994347,500000.0,0.4336673566319873,0,3,10.349166942676964,26,E7,night_fraction,0.15,marketplace
3.2101739973918555,4.490489874186506,9.280566890232457,18.238590015651923,4.769364968034172,7.768201609406333,,,,,23.918850829259743,28.97281936585432,6.5239058449189145,14.161239357898348,7.347194637861763,4.490489874186506,1.0,1.0,12370.949722949961,513597.1255335828,512597.1255335828,535,0.9980529486044901,0.0,0.0,1000.0,22.683179385894416,25.7047082930396,28.972819365853866,23.39930629756969,3.2101739973918555,438.8131681985772,1661.8490485723235,829.8688167043404,0.4993647391845076,903.046995327655,0.03125534174056834,373.3727239918254,5,0,2,17,33.50503363981419,510,207.0,0.3733727239918254,404.5543027736033,268499.48800614197,772.3417808500554,500000.0,0.39204397437810795,0,9,27.827007544480402,27,E7,night_fraction,0.15,marketplace
11.368013074556993,40.376889217336256,9.41047504520657,19.337966429855253,12.303806821645574,31.039385032902118,5.1634388386792835,5.713915834987043,7.903489301740194,7.903489301740194,24.022543226188553,28.81416008232809,4.035681341533589,5.866409842682719,9.964594935555287,40.376889217336256,0.8333333333333334,0.9285714285714286,26590.43369586375,528937.8456762048,527937.8456762048,536,0.9981094186998066,0.0,0.0,1000.0,22.991208368965797,25.70470829303963,28.817746356921248,23.23867874116112,11.368013074556993,452.71614239987747,1668.900055787161,819.4925517880846,0.49103752435406267,922.318506757606,0.028985181022893325,347.6694255528047,2,0,4,16,0.0,516,207.0,0.34766942555280467,392.75015254868356,251983.11896928423,822.8633341538552,500000.0,0.3616390370812497,0,3,8.544387343355776,28,E7,night_fraction,0.15,marketplace
3.120748558938658,5.841939682142083,7.752307343548536,20.13400609184606,3.7916838390424012,5.499826257547824,16.067391473493256,29.28175575824471,10.323623225348229,18.03582783592383,24.134674242526707,29.390918246632072,5.379182692214721,9.54737260973662,6.291688349417014,5.841939682142083,1.0,1.0,77164.28456252046,584688.0408818187,584688.0408818187,599,1.0,0.0,0.0,0.0,21.03470870362695,25.382608026528942,28.811769232597975,21.902101681746647,3.120748558938658,461.00408553818266,2051.4667953155395,1005.5330067068961,0.49015319624134274,1147.8130289629546,0.034726461360298125,436.74344879160344,2,0,5,23,0.0,567,207.0,0.43674344879160343,354.781916072609,210836.83999034492,983.8733281066583,500000.0,0.36150947246295057,0,7,25.77629716849071,29,E7,night_fraction,0.15,marketplace
3.4350940359561335,5.394874825820147,4.164780561894374,7.403853006333157,3.3062261888316016,4.951248541225965,,,,,6.649577957509724,14.917175002617391,7.152323256774097,14.177467184319084,3.8936581282956038,5.394874825820147,1.0,1.0,13968.57625752051,515078.73700219905,515078.73700219905,554,1.0,0.0,0.0,0.0,6.425787537689423,1.7691273463419748,13.326771983945942,6.557589736181256,3.4350940359561335,62.35393296872524,1815.303079308431,895.6293230974287,0.49337729512288003,1221.0472611439284,0.04631275418930371,521.4407260584176,3,2,0,0,0.0,554,207.0,0.5214407260584176,402.89265663314006,267627.2406659865,775.4122495514446,500000.0,0.4459458514958972,0,0,0.0,0,E7,night_fraction,0.3,pooled_greedy
4.223595620128382,4.810583142179802,11.944579817111077,28.534343248569712,14.806719391180968,35.40507095968424,21.11852004573272,39.529156119321854,,,7.833465302015936,23.338324926649427,15.364686113744451,38.880332732649116,14.932616856840676,4.810583142179802,0.9333333333333333,0.9655172413793104,22776.714596747763,525519.2910413912,525519.2910413912,536,1.0,0.0,0.0,0.0,8.016223925563198,1.7691273463419748,24.643957273290198,8.232814835144222,4.223595620128382,95.60185016063987,1702.619853838379,847.9981741603328,0.49805490770509303,1195.1846621568984,0.04682405318044461,515.5520553458639,4,2,0,0,0.0,536,207.0,0.5155520553458639,394.87713504127373,255351.408828146,812.6665641191189,500000.0,0.4086618338174645,0,0,0.0,1,E7,night_fraction,0.3,pooled_greedy
8.368197404994806,17.313486265957366,6.851919703978865,14.320559760208925,7.474266648660053,13.646233204655346,20.38280195983009,32.56520419397559,,,6.824621399868109,11.519311503001518,12.222080899758856,25.375057235574786,8.776660090215714,17.313486265957366,0.9545454545454546,1.0,29310.196036041838,532277.3226155266,517873.34282247716,549,0.9729389564780431,14403.979793049497,0.02706104352195697,0.0,7.051512739862912,1.7691273463419748,15.698894400540848,6.962583354531289,8.368197404994806,66.08541755778026,1774.66394697702,867.6127678681866,0.4888884846880936,1191.1623475339566,0.04926899235620214,565.8432089067223,6,2,0,0,0.0,549,207.0,0.5658432089067224,400.8042624431021,263895.5427305393,786.5454681849244,500000.0,0.4103200897625629,0,0,0.0,2,E7,night_fraction,0.3,pooled_greedy
3.153356410353848,4.430082974086872,4.334418126471484,6.2879729971518845,22.31981633433302,92.09936015339008,96.60078489552507,96.60078489552507,53.04494901963517,53.04494901963517,7.5675978990555475,15.90086606276612,7.046239919162693,19.823856191334492,15.672765995124356,4.430082974086872,1.0,0.9361702127659575,28096.063942230638,531327.860284328,531327.860284328,562,1.0,0.0,0.0,0.0,7.801005051133113,2.09122761285289,15.850474818176583,9.24004466826053,3.153356410353848,128.51374657877267,1910.2534681073482,942.577127936368,0.4934303974175008,1301.9572294546858,0.044130624339725595,513.2441101786462,3,1,0,0,0.0,562,207.0,0.5132441101786462,390.55592529842625,249433.5010854357,831.9381446644628,500000.0,0.4974595554321892,0,0,0.0,3,E7,night_fraction,0.3,pooled_greedy
21.54488866785889,85.19878894250643,21.78367973850277,57.78735166534169,22.935914074334555,89.31374049943079,,,21.962247656296768,21.962247656296768,9.131642324316214,24.462428454557116,3.4523714971843638,5.474749379189143,22.393686151590185,85.19878894250643,0.7222222222222222,0.8,32491.15341102122,534209.4492904893,521325.49254426855,548,0.9758821998312972,12883.956746220842,0.02411780016870289,0.0,9.849840380253848,1.7691273463419748,26.939415244291016,9.564801233608822,21.54488866785889,120.12998826057604,1759.0418344172006,866.8942268482667,0.49282183623306663,1211.8205995238484,0.05059544999055219,580.0092933456775,7,2,0,0,0.0,548,207.0,0.5800092933456775,398.1773618632681,261696.78935541536,793.2080856040895,500000.0,0.4758403226152487,0,0,0.0,4,E7,night_fraction,0.3,pooled_greedy
14.463086161183984,74.93719861795483,20.155821168753075,56.68059295823665,16.221577095125063,36.74507394090381,29.07644597904785,53.504657640078676,,,6.897267358437064,20.661870624507063,3.557839331935284,5.04338589452982,20.628531439602693,74.93719861795483,0.8518518518518519,0.8245614035087719,43452.69323580841,547328.4080016714,547328.4080016714,573,1.0,0.0,0.0,0.0,7.8794387051824515,1.7691273463419748,23.18643861918998,8.350557821125712,14.463086161183984,119.89657031609674,1919.2030436065277,940.780298946219,0.49019320914493947,1320.5889298217512,0.04029097715857305,451.51179031338984,5,0,0,0,0.0,573,207.0,0.45151179031338984,379.02566129854506,233873.49051983174,887.0244820360355,500000.0,0.47135441804704153,0,0,0.0,5,E7,night_fraction,0.3,pooled_greedy
3.4616338943557667,4.609600953151915,4.84676250188071,7.8415281653864,7.101928118626217,15.059035597591272,28.70061215751798,32.48050457218087,,,6.408636243544091,17.690165734251796,8.256507168059828,12.678401539138763,9.480160749371029,4.609600953151915,0.9642857142857143,1.0,31608.77227884693,533346.8920584851,533346.8920584851,565,1.0,0.0,0.0,0.0,6.435579330944583,1.8627128105385964,17.8814941606278,7.142213392700072,3.4616338943557667,89.77349268760054,1880.2805490021562,928.138014536511,0.4936167717254021,1281.9390142258617,0.04007133366440851,458.04661658963244,4,0,0,0,0.0,565,207.0,0.4580466165896324,388.9739486732407,248102.84095742216,836.177634306865,500000.0,0.4942825699774465,0,0,0.0,6,E7,night_fraction,0.3,pooled_greedy
20.283520001761797,84.06138300937572,37.50231133884384,126.77523510547204,18.3928077331452,33.0554797416853,6.504395574288608,7.159589410589993,,,8.594385430988046,29.20509551965931,5.01580720227849,8.059509125908,27.753087839660584,84.06138300937572,0.8378378378378378,0.819672131147541,40773.60461111535,544565.4292464787,533094.6781879223,581,0.9789359543545969,11470.75105855638,0.021064045645403137,0.0,10.007010684606943,2.016862097736521,31.87914425494955,9.06167831528245,20.283520001761797,139.1462364605404,1959.7650274977489,963.3541446420465,0.49156614753558925,1290.746161545373,0.03825782005565813,452.9324851096434,2,0,0,0,0.0,581,207.0,0.45293248510964335,389.1483839048567,247136.41360886462,839.426814752759,500000.0,0.46621209325408614,0,0,0.0,7,E7,night_fraction,0.3,pooled_greedy
12.691239615394855,29.809046690216842,31.93746865107073,74.03628789588684,12.338096130834483,18.199846268839167,59.99822308251578,96.47073549656788,,,7.915932067508731,15.338223866274245,5.531219216369711,8.136787953845966,23.29962804671503,29.809046690216842,0.8,0.8958333333333334,38363.5914215517,540361.5398106,526845.8481339897,560,0.9749876875372225,13515.69167661024,0.02501231246277737,0.0,8.709844821089499,2.016862097736066,16.864632728314202,8.725644715301252,12.691239615394855,98.03987871130326,1813.9873758142132,894.6726801488538,0.4932077764583546,1223.7205812135398,0.05941231974870035,656.3787328236918,6,4,0,0,0.0,560,207.0,0.6563787328236917,394.15016644491357,254524.8111822869,815.8590817462714,500000.0,0.35141676941440253,0,0,0.0,8,E7,night_fraction,0.3,pooled_greedy
23.3954780168772,98.21959763022494,17.181729255173536,27.724621448280775,24.67642568582351,57.77983016864337,31.567716745013968,31.567716745013968,44.423955798850784,52.08223881081276,8.563488058669867,24.041981846782797,9.90649187336205,26.478854559702818,20.65360188869772,98.21959763022494,0.7894736842105263,0.8395061728395061,47374.080402398526,549779.8663554897,549779.8663554897,605,1.0,0.0,0.0,0.0,10.521764971904027,2.1158149874963783,33.86939480030452,10.46974265216995,23.3954780168772,149.5712972303935,2144.5697989475825,1057.1164679222722,0.4929270515891053,1518.8478674659193,0.056306221320545434,658.3104533635646,7,2,0,0,0.0,605,207.0,0.6583104533635646,377.7117409372189,234214.50656107452,886.615921030553,500000.0,0.4205447882541242,0,0,0.0,9,E7,night_fraction,0.3,pooled_greedy
36.56449151600766,70.16034768943217,33.239531362288346,70.09296898589233,22.97986606544194,54.32824115294313,,,,,7.037833192170532,20.610300607924916,2.9157710731683664,4.835668919120802,28.109698713865143,70.16034768943217,0.6428571428571429,0.6333333333333333,13819.243346008723,516514.44304295897,516514.44304295897,540,1.0,0.0,0.0,0.0,8.351356236042404,1.7691273463419748,24.017399758166768,7.483615216790985,36.56449151600766,97.52785872444196,1717.076302365006,848.7179624565223,0.49428086642832647,1198.3429198791293,0.04208818309746285,460.8656049172182,3,1,0,0,0.0,540,207.0,0.46086560491721823,401.6554975359373,264167.99648685846,785.3368627688319,500000.0,0.17271565970516356,0,0,0.0,10,E7,night_fraction,0.3,pooled_greedy
42.40821999410985,110.4236107923025,18.746741856641165,32.27352551676259,34.108836947979896,98.63962811846235,,,6.75338177253343,6.75338177253343,9.056867521044875,26.536163441600824,3.4348816878530215,5.558917024100447,29.719666921883118,110.4236107923025,0.5238095238095238,0.7142857142857143,26006.043708159235,531772.2574830158,531772.2574830158,543,1.0,0.0,0.0,0.0,10.8027242557875,1.7691273463419748,30.49194569088687,10.784063371344617,42.40821999410985,152.3326796028626,1725.0708597382982,856.0908951673249,0.496264191313972,1230.559872648524,0.04920374373668107,543.3672089158974,6,2,0,0,0.0,543,207.0,0.5433672089158974,390.28618790920024,248608.11862372904,834.8213580387329,500000.0,0.40050977755093714,0,0,0.0,11,E7,night_fraction,0.3,pooled_greedy
43.9341101376384,98.47207413720845,54.10443972743068,109.101282850737,9.832064795216866,9.832064795216866,,,,,7.930843065869961,22.94651077639569,5.593143576709606,12.796023128170244,47.77981473711442,98.47207413720845,0.5714285714285714,0.5714285714285714,3605.0987133016765,503977.3460501888,503977.3460501888,521,1.0,0.0,0.0,0.0,8.918562403253777,1.7691273463419748,26.99666683813939,8.044443834682873,43.9341101376384,98.1482723934345,1588.2947434155087,789.7960243705694,0.49726036533507145,1092.1299359606023,0.04244949454431412,464.8219652602396,7,1,0,0,0.0,521,207.0,0.4648219652602396,411.65505471866936,280244.5545722348,740.2992086034801,500000.0,0.17644122322510913,0,0,0.0,12,E7,night_fraction,0.3,pooled_greedy
6.065893561701761,13.659691817999919,3.8887699263846742,5.3734970777848945,5.487710366695865,7.343931761092563,,,,,5.239091535995476,6.686300565630023,3.1676567591943012,5.502301677011087,4.599410122078536,13.659691817999919,1.0,1.0,6216.486291594783,506496.9548278934,506496.9548278934,522,1.0,0.0,0.0,0.0,5.220892512233775,1.7691273463417474,6.941253183770302,5.247711063728028,6.065893561701761,35.113747268477844,1590.6967447036702,792.0728270739127,0.4979408109755498,1076.5964441897681,0.04256516517977401,466.0885587185254,2,2,0,0,0.0,522,207.0,0.4660885587185254,409.6097450955358,275604.3160386465,752.7679230162225,500000.0,0.06378201212234735,0,0,0.0,13,E7,night_fraction,0.3,pooled_greedy
11.019194117130333,31.959482701280045,8.635486990959357,14.132718025931307,5.47001514098692,13.145156485335633,6.2177514660940005,8.07569883577837,,,6.497033241074361,12.381886988291377,4.297108267384796,6.96982181557171,6.514595057672028,31.959482701280045,0.8620689655172413,0.967741935483871,58929.484502104126,566652.9292862886,566652.9292862886,576,1.0,0.0,0.0,0.0,6.672247226702299,1.8796265859659798,14.208693025656544,6.503759469812201,11.019194117130333,64.17651144993289,1946.669890197396,964.6243648686849,0.49552539427774794,1379.807508307733,0.048651334607100326,551.3385879004586,1,2,0,0,0.0,576,207.0,0.5513385879004586,366.27594751749683,217216.48382380104,955.5045498124322,500000.0,0.41247582855838544,0,0,0.0,14,E7,night_fraction,0.3,pooled_greedy
46.312415732410166,156.46416497580032,59.09064405832683,164.11035442758748,21.261975564011127,58.10705112617961,49.482035124304666,113.91546667126426,7.226108561704905,8.325767343817324,10.017344898001951,30.646764286087297,23.220413614533225,74.66193495259353,46.696397494849194,156.46416497580032,0.45714285714285713,0.6621621621621622,64862.71277757866,573615.9384122625,573615.9384122625,603,1.0,0.0,0.0,0.0,15.078225350995451,1.8965403613929084,45.4495138799819,13.14950734061399,46.312415732410166,235.77834314181322,2183.630753983334,1072.0476010783575,0.4909472900227066,1619.542985751113,0.04985686762208211,721.6732116510401,5,1,0,0,0.0,603,207.0,0.7216732116510401,362.12674596632246,210563.17845613576,986.5052129944141,500000.0,0.46780034000389054,0,0,0.0,15,E7,night_fraction,0.3,pooled_greedy
19.325100987389895,62.10076554009647,16.83553281712194,41.519023601437766,49.34992452175993,75.60789235231641,,,,,7.058967683298822,18.85204119274646,2.959320575187197,3.9671929699394695,27.673663385334603,62.10076554009647,0.7368421052631579,0.7142857142857143,8440.199489225186,509188.49886297405,509188.49886297405,531,1.0,0.0,0.0,0.0,7.824108648970606,1.7691273463419748,22.240446275346585,7.417608853688658,19.325100987389895,89.6873665087251,1622.9806796831642,804.4704984685677,0.49567472277341906,1122.5164868823226,0.03916186510845525,442.77442468023884,1,1,0,0,0.0,531,207.0,0.4427744246802388,407.3987823525143,275349.20710601506,753.3806855845077,500000.0,0.4247112351994506,0,0,0.0,16,E7,night_fraction,0.3,pooled_greedy
6.055478759564134,13.118380755128236,3.6965818743840697,5.734077835606515,4.649425659288534,5.588153567489826,,,,,5.7255627769577915,9.77064647182752,4.3054585619182,6.244780561130028,4.093600118094263,13.118380755128236,0.9333333333333333,1.0,10188.61735102234,511539.3687118152,511539.3687118152,538,1.0,0.0,0.0,0.0,5.669324935818938,1.7691273463419748,9.60177483022351,5.719322692349392,6.055478759564134,57.41915805077493,1677.0350436273047,834.6903049530998,0.4977178670922257,1161.9042536119946,0.03736750800980457,421.5658308545314,4,0,0,0,0.0,538,207.0,0.42156583085453136,405.4850486936991,270999.2858151525,765.3952489466554,500000.0,0.4924838529863608,0,0,0.0,17,E7,night_fraction,0.3,pooled_greedy
21.947713120522327,74.25180937447207,22.800633929831474,41.11484732064242,30.199773374714642,98.03579469763699,87.77904712657134,149.41498002210164,90.49848760258465,90.49848760258465,7.272018825265361,16.024874426435513,4.585294987251665,6.287024089019358,38.95732976382137,74.25180937447207,0.8260869565217391,0.7962962962962963,68261.72443658626,572191.6285267603,561368.4124093493,574,0.9810846304318052,10823.216117411037,0.01891536956819503,0.0,9.627357368368505,1.7691273463419748,21.69213428627913,12.184902026787737,21.947713120522327,197.08736420671366,1922.0020507929908,950.3970638451964,0.49448285627638955,1327.2709397209244,0.04845691597166576,560.1958581532842,2,2,0,0,0.0,574,207.0,0.5601958581532842,369.7397132968725,224351.2864018436,925.157146130131,500000.0,0.37660925344975293,0,0,0.0,18,E7,night_fraction,0.3,pooled_greedy
23.42789862959745,85.7652049473767,14.792000479191175,59.201906764980436,23.24608535734232,76.25902373440789,,,,,7.252369992097334,24.444722228360842,4.543746875702944,8.614009371154957,17.775795142068052,85.7652049473767,0.6857142857142857,0.782608695652174,37728.11627304937,538786.9281851918,526296.1270711955,582,0.9768168074231693,11490.801113996251,0.021327171304435642,1000.0,8.774739809592155,2.09122761285289,27.972129395009766,8.818160134048538,23.42789862959745,129.68922500408493,2041.9661487366207,1007.7504033519973,0.4935196423189972,1391.7460147659738,0.03988468346699355,449.159532377159,2,0,0,0,0.0,582,207.0,0.449159532377159,394.16812866706533,255244.6783684875,812.7462670657145,500000.0,0.500777292888272,0,0,0.0,19,E7,night_fraction,0.3,pooled_greedy
6.0841393608776935,8.343616854250698,4.043600944467744,6.514920147176986,16.253728288960794,39.461806107438136,7.597944494584681,7.597944494584681,4.820118274277888,4.820118274277888,6.089479575149657,13.492731292513993,9.945469475544176,17.509777202794034,9.916780969247942,8.343616854250698,0.9642857142857143,0.9487179487179487,42968.20466135957,546796.3875473237,534781.0123534314,558,0.978025869468912,12015.37519389233,0.021974130531088105,0.0,6.286772131138359,1.7691273463419748,13.245044473465809,6.267477597186593,6.0841393608776935,70.92517703427599,1770.870137038166,875.1858867595349,0.4942123470574245,1222.5947846403346,0.03841788550961754,441.70697866746593,4,0,0,0,0.0,558,207.0,0.4417069786674659,387.90028476473157,249986.46172429353,829.811764796495,500000.0,0.4707439099754864,0,0,0.0,20,E7,night_fraction,0.3,pooled_greedy
9.616705972043025,28.068773488026643,9.951817108358318,20.466988171754565,10.3250653690111,16.97162798603076,4.820118274277775,4.820118274277775,,,7.802635497490356,22.088434637318926,5.060303780963693,13.104230045607755,9.403666819261446,28.068773488026643,0.8,1.0,17327.275816339392,522304.8254134355,522304.8254134355,536,1.0,0.0,0.0,0.0,7.853290360051939,1.7691273463418042,22.687788954833707,7.8666645604198,9.616705972043025,94.56793438815941,1682.7226904305685,839.1140397105053,0.4986644825570136,1135.945195510909,0.04299973399124111,470.84708720409014,1,2,0,0,0.0,536,207.0,0.47084708720409013,397.22176972609526,262437.91099663917,790.5521206875518,500000.0,0.15224760451779296,0,0,0.0,21,E7,night_fraction,0.3,pooled_greedy
12.82118358671041,25.535762446406423,26.738260642437535,48.62711983707131,17.780847397513487,33.23842410066493,12.936939971364154,12.936939971364154,,,8.449867677542478,23.090296013091546,12.915862763034207,34.24053898257008,21.10944396405273,25.535762446406423,0.8333333333333334,0.9166666666666666,19226.136203616657,520041.7500651535,520041.7500651535,533,1.0,0.0,0.0,0.0,8.908713197462863,1.7691273463419748,25.835241169053006,8.693715459323856,12.82118358671041,95.97714257806733,1663.089663975558,825.9859684320464,0.4966575082052736,1169.6873890509123,0.05230954639242884,576.1225404452786,6,3,0,0,0.0,533,207.0,0.5761225404452786,399.1528036247841,265084.2465953125,783.0571797702439,500000.0,0.35404606016599577,0,0,0.0,22,E7,night_fraction,0.3,pooled_greedy
23.216308032360857,97.46546184716856,10.23065239106806,18.723284195198364,29.622963842074274,95.96602024845733,10.913613253386359,12.932838271019966,,,8.001559589105558,16.190474146221828,12.054906704830966,27.693872089868364,16.96475708881629,97.46546184716856,0.7692307692307693,0.8088235294117647,44840.47463850063,546785.5630729868,534074.9817859603,584,0.9767539925238847,12710.581287026522,0.023246007476115223,0.0,9.57375388812983,1.9570931445780388,24.28125028825416,8.810297511059984,23.216308032360857,124.63294954305852,2031.0098994902894,992.2570132118994,0.48855350900107397,1374.8941801620344,0.04370856974960404,500.76093985804874,2,1,0,0,0.0,584,207.0,0.5007609398580487,388.52364933098016,247304.5660663091,839.0494532325838,500000.0,0.431776328606513,0,0,0.0,23,E7,night_fraction,0.3,pooled_greedy
24.295184972450468,47.606408921968246,27.48541782233201,51.39320739753593,27.251575621074,53.091905109047545,39.52960344815119,42.55039926875988,,,7.5843758690050604,23.424469034209814,6.929473239352723,12.006806293375128,28.951003918353095,47.606408921968246,0.5263157894736842,0.8235294117647058,34421.87232108315,535140.8176419535,523443.16914699145,543,0.9781409899799709,11697.648494961977,0.021859010020029008,0.0,8.748483916958675,1.7691273463419748,31.248557678303406,8.699694553985118,24.295184972450468,107.43475828580799,1714.327078901249,847.6235291957039,0.4944351282947505,1167.0412351715183,0.04629120108536292,506.888651884724,4,2,0,0,0.0,543,207.0,0.506888651884724,396.42677731383935,258211.24940470455,803.6322551022985,500000.0,0.08885700781731898,0,0,0.0,24,E7,night_fraction,0.3,pooled_greedy
2.5503240170628487,2.5503240170628487,,,,,,,,,6.494512385686318,22.708915074689607,,,,2.5503240170628487,1.0,1.0,209.99028817615883,500209.99028817617,500209.99028817617,501,1.0,0.0,0.0,0.0,6.486639754212019,1.7691273463418042,22.65685577826025,6.492856598580444,2.5503240170628487,70.6619348530154,1462.7659375788135,730.8458012673111,0.4996327727435431,1015.1249244033129,0.035477627406115333,388.4800200969629,6,0,0,0,0.0,501,207.0,0.3884800200969629,414.6028349026342,284156.8734511942,729.8379852694898,500000.0,0.2476727730569077,0,0,0.0,25,E7,night_fraction,0.3,pooled_greedy
11.71482350540377,31.96071655677315,5.670349215140656,11.153837550778917,10.992924282188207,26.362053582434964,,,,,6.180861437847203,13.450032310038665,10.230732462081733,21.983508196293137,8.536351174320107,31.96071655677315,0.8181818181818182,1.0,8275.236379187336,508449.34756596206,508449.34756596206,528,1.0,0.0,0.0,0.0,6.3848281677983545,1.7691273463419748,14.52285109803853,6.253738328135841,11.71482350540377,68.47140340670481,1632.9764875400224,813.1442435681917,0.4979522055416382,1130.5731170508338,0.03735531827100327,416.8161088967378,5,0,0,0,0.0,528,207.0,0.4168161088967378,407.939978882534,274169.8306645639,756.526768850301,500000.0,0.49644909486427213,0,0,0.0,26,E7,night_fraction,0.3,pooled_greedy
9.347042721984318,15.404433882096704,21.294258143164498,48.26463468116042,20.95222193059044,48.967617869808464,,,,,8.889271213586758,31.991830108391827,18.233937254121926,50.494809193543276,21.147671194918473,15.404433882096704,0.9285714285714286,0.8928571428571429,12370.949722949961,513597.1255335828,513597.1255335828,536,1.0,0.0,0.0,0.0,9.360882648624989,1.7691273463419748,32.335364126653644,9.177360417944564,9.347042721984318,119.75997801919591,1690.1263412385952,835.1804989312134,0.4941527024063528,1160.2211127923672,0.04398108864909843,503.3648487741021,7,1,0,0,0.0,536,207.0,0.5033648487741021,404.0197161017911,268378.5469528702,773.1741870009217,500000.0,0.4478149293289668,0,0,0.0,27,E7,night_fraction,0.3,pooled_greedy
9.792999313596376,23.80783115714621,7.689481205688526,13.399466651495228,9.11223274744593,18.007372894901522,9.338548294393362,12.128158862656866,7.903489301740194,7.903489301740194,6.467303615141911,13.980948334614204,11.728827530655849,31.01216413747042,8.429146419935657,23.80783115714621,0.8333333333333334,1.0,26590.43369586375,528937.8456762048,528937.8456762048,537,1.0,0.0,0.0,0.0,6.681132684543891,1.7691273463419748,20.198073252966083,6.663190367369328,9.792999313596376,74.13922017939741,1702.7196758256048,842.4915893361723,0.4947917154523218,1177.4052755825696,0.040148040423016736,446.6880817585139,2,1,0,0,0.0,537,207.0,0.4466880817585139,392.1948292744197,251848.68384169956,823.6957403047217,500000.0,0.42949193500734983,0,0,0.0,28,E7,night_fraction,0.3,pooled_greedy
5.691626205106285,13.032870312412115,7.1718571977196195,16.678729916211523,10.429083002970435,28.721372988925935,30.115895004009605,34.89598033120137,15.688282150690364,30.527404440310285,7.386779461382647,21.74541656502535,6.065630179641025,12.136119271656492,10.23447246323815,13.032870312412115,0.9230769230769231,1.0,77164.28456252046,584688.0408818187,584688.0408818187,599,1.0,0.0,0.0,0.0,7.534449750690638,2.09122761285289,22.286580128668,8.641021172651792,5.691626205106285,123.166663354546,2119.107920362984,1038.4990632599852,0.4900642639673112,1447.0459017426913,0.047658547530357774,545.9236038296816,4,1,0,0,0.0,599,207.0,0.5459236038296816,354.96864839378566,210947.8097177672,983.8733281066583,500000.0,0.44186973442985594,0,0,0.0,29,E7,night_fraction,0.3,pooled_greedy
2.7932664316646516,4.429751362455772,3.9803799763338055,6.724966088159093,2.696198340675162,4.169552715478176,,,,,26.15070831380716,35.223960295003565,10.061116214897224,25.516025169385102,3.574848933494234,4.429751362455772,1.0,1.0,13968.57625752051,515078.73700219905,515078.73700219905,554,1.0,0.0,0.0,0.0,24.045102814736087,25.704708293040312,33.55458274974099,25.47942436985131,2.7932664316646516,477.4676644710933,1718.3174902825815,850.426652629676,0.49491823102482724,1062.3111679932035,0.035168713904344034,404.446536769364,3,0,0,31,102.4925070669722,519,207.0,0.40444653676936404,402.6655181766586,267476.3606800735,775.4122495514446,500000.0,0.4553329814569264,0,7,27.986440436218945,0,E7,night_fraction,0.3,marketplace
3.4393978847711955,4.224535753230975,10.130787616727957,23.456516083026145,4.446788411955867,5.739475942319951,11.812385565633727,20.39504574601324,,,25.753561766757297,35.395034458577896,5.153507869113388,8.91572368983889,8.46113031836059,4.224535753230975,1.0,1.0,22776.714596747763,525519.2910413912,524519.2910413912,535,0.9980971202826477,0.0,0.0,1000.0,24.405885363409904,25.704708293040312,34.579914089211535,24.867348317392366,3.4393978847711955,461.7066178829684,1624.2572723733542,818.1011912801928,0.5036770991856411,1046.7188465035033,0.03608418656709305,401.19677989544783,4,0,4,35,0.0,489,207.0,0.40119677989544783,395.41195209067894,255472.3704887594,811.8341579682526,500000.0,0.4781690573731767,0,8,24.89486980003212,1,E7,night_fraction,0.3,marketplace
11.12808201672629,25.473584323249373,9.382092857082426,18.850852341222616,10.79348740383663,23.326355111425073,4.724169815304435,4.763271150264086,,,26.14254468689333,32.40992246697033,7.77930848434132,16.296928600022966,9.329125431893004,25.473584323249373,0.8636363636363636,1.0,29310.196036041838,532277.3226155266,516873.34282247716,548,0.9710602365748803,14403.979793049497,0.02706104352195697,1000.0,24.68026642949962,25.704708293039857,32.2728193658545,25.550326087347333,11.12808201672629,456.47338295447514,1611.814825046819,800.6480361867616,0.4967369847609541,993.6478774626946,0.038727889129915004,461.0734161626793,7,0,1,39,0.0,487,207.0,0.4610734161626793,401.37700327760234,264041.7773876463,785.7130620340581,500000.0,0.4816574576710592,0,10,29.132934254741205,2,E7,night_fraction,0.3,marketplace
4.420608037453684,6.410736561050908,5.200064376832345,11.409264892318063,6.026985802575837,13.078595942571473,25.443828654480058,25.443828654480058,53.04494901963517,53.04494901963517,26.72541293771832,36.00424679753505,7.244202400331233,17.83786083793967,6.388105149127455,6.410736561050908,0.9565217391304348,1.0,28096.063942230638,531327.860284328,530327.860284328,561,0.998117922897051,0.0,0.0,1000.0,24.501663720118014,25.704708293040312,34.17451300185462,26.25183440954927,4.420608037453684,502.12310171990174,1799.1559572046942,888.790707209175,0.4940042599698072,1096.5906271182414,0.03636435651005502,455.044422548414,2,0,3,29,0.0,514,207.0,0.455044422548414,391.1826248602595,249613.29805467892,831.1057385135965,500000.0,0.4413609498307937,0,4,12.984768772447053,3,E7,night_fraction,0.3,marketplace
11.513290484754963,35.8402028721951,12.383661419008263,26.977891705121685,16.919472548280332,64.5328335867287,,,63.940551502789276,106.76810503139441,26.915205656330507,43.96780589180709,3.9445883832607844,6.282661955739424,14.78497319332877,35.8402028721951,0.8333333333333334,0.8857142857142857,32491.15341102122,538255.453584505,538255.4535845051,550,1.0000000000000002,0.0,0.0,0.0,25.627904278482546,25.704708293039857,43.96780589180709,28.369618672458127,11.513290484754963,548.0316881421513,1642.2400554338271,820.6558465074044,0.4997173487469306,1034.6425586714256,0.036291964419632394,427.5875163089679,4,0,1,40,0.0,490,207.0,0.4275875163089679,385.37015488639764,249539.39366509486,831.2418511150834,500000.0,0.4668520374692499,0,8,27.24470125298512,4,E7,night_fraction,0.3,marketplace
12.741652015022092,62.18717276685907,24.884472881143836,81.64709746673991,17.376918201253556,33.02429976021238,29.27081749286678,54.04262756152548,,,25.12714117863377,34.11467632418262,6.380611101512002,10.475059909356787,23.259223576858332,62.18717276685907,0.8518518518518519,0.8245614035087719,43452.69323580841,547328.4080016714,546328.4080016714,572,0.998172943363837,0.0,0.0,1000.0,23.92016527530383,25.704708293039857,34.79840168831201,25.018640156685365,12.741652015022092,485.8368292206515,1754.962304121612,866.2196673932236,0.49358306178934197,1116.0285006975723,0.03772759370548993,435.21005783061446,5,0,0,39,0.0,518,207.0,0.43521005783061445,379.6895914978596,234074.77419681827,886.1920758851692,500000.0,0.462962516502231,0,6,16.537231397386044,5,E7,night_fraction,0.3,marketplace
2.5472575018503556,3.87388735891193,4.796352574906625,7.947497090326216,4.197092462477973,7.85049484157676,71.35122322221804,97.55499664876014,,,25.31185251023371,32.400841832367554,6.009328506496541,10.79298538992744,15.714046816666837,3.87388735891193,1.0,0.9423076923076923,31608.77227884693,533346.8920584851,533346.8920584851,565,1.0,0.0,0.0,0.0,23.331872317439156,25.704708293040312,32.232986687195535,26.34048334415823,2.5472575018503556,492.41224158510494,1798.045859515301,909.7517359724418,0.5059669257922507,1103.0222260281207,0.037263436274583714,428.94243509096384,4,0,0,33,0.0,517,207.0,0.42894243509096386,388.9193797202159,248068.03473885736,836.177634306865,500000.0,0.4753891181258541,0,11,37.728788527020185,6,E7,night_fraction,0.3,marketplace
18.61559874643566,99.68532690231203,34.126361375041,104.74440127074745,14.081198157135978,23.80801069659273,6.063349301183067,6.718543137484451,11.838310601135902,11.838310601135902,27.97782594367807,50.27367806266966,5.0574025955233735,11.332904095626146,24.270840828838455,99.68532690231203,0.8378378378378378,0.819672131147541,40773.60461111535,544565.4292464787,543565.4292464787,581,0.9981636733690867,0.0,0.0,1000.0,26.41170196543408,25.704708293039857,51.345773787395046,26.785879535293574,18.61559874643566,518.3662357804252,1774.7442224080962,876.3691659392948,0.4938002642150745,1085.7967684022558,0.03614424647029766,429.2471815445317,2,0,1,31,126.28636364892148,516,207.0,0.42924718154453173,381.6086086804577,238746.38909426358,868.8267410806611,500000.0,0.4580167508323605,0,7,20.11344243157353,7,E7,night_fraction,0.3,marketplace
5.978297652637115,17.01562305282187,5.759713345899769,9.172785796018433,6.35949720692248,16.644721219748963,24.657597999748873,28.315831043842287,,,26.24034776401256,35.22609074704336,3.621558811995792,5.2006351826865735,7.742015932899484,17.01562305282187,0.96,1.0,38363.5914215517,540361.5398106,526845.8481339898,560,0.9749876875372228,13515.69167661024,0.02501231246277737,0.0,24.091350706290797,25.704708293040312,33.31297306930574,25.442299734243786,5.978297652637115,476.9884794031156,1702.2885365520956,846.3711804156341,0.4971960758955227,1052.415297544324,0.03771699893706126,423.7726010909458,6,0,0,29,0.0,519,207.0,0.4237726010909458,393.70865944138177,254239.70541226238,815.8590817462714,500000.0,0.4804481796522381,0,14,41.25353263228447,8,E7,night_fraction,0.3,marketplace
10.646751043477042,22.252845867206002,11.806579670888093,27.508316425599332,14.72800288057568,34.64053240305057,36.08419072951983,36.08419072951983,41.101748138852145,51.03419246237836,28.35275604483568,40.4207360997403,9.915587285949652,24.442819606250584,13.594096620492937,22.252845867206002,0.9210526315789473,0.9753086419753086,47374.080402398526,549779.8663554897,548779.8663554897,604,0.9981810901759116,0.0,0.0,1000.0,25.558765525289612,25.704708293039857,38.64664019770159,27.847060921451188,10.646751043477042,528.1182845074148,1862.1198483912035,909.360897127832,0.48834713722292533,1221.1109952891195,0.04834435188151555,573.117024448171,7,1,2,51,0.0,523,207.0,0.573117024448171,378.2447749094098,234338.4286764946,885.7835148796868,500000.0,0.4904163188902464,0,10,30.555139374664193,9,E7,night_fraction,0.3,marketplace
18.753131808078884,53.691204201895516,26.17693752070042,75.86901996031027,22.02015530092862,58.97390394817293,,,,,24.707470178405785,32.27281936585496,3.1484674982850493,4.871471088371775,24.09854641081452,53.691204201895516,0.7142857142857143,0.7666666666666667,13819.243346008723,516514.44304295897,516514.44304295897,540,1.0,0.0,0.0,0.0,24.135815466799777,25.704708293039857,33.39490582631962,24.515207765516475,18.753131808078884,449.8836004166924,1533.453048041562,762.0394402795541,0.49694344489567976,956.0526903777394,0.034262555282681864,383.9611910494766,3,0,1,41,0.0,485,207.0,0.3839611910494766,401.5066064160401,264070.0711028435,785.3368627688319,500000.0,0.47505962158911047,0,7,20.75102428561904,10,E7,night_fraction,0.3,marketplace
26.51786891848431,73.6241059037909,21.74471908191299,33.67767633238209,29.774577324426126,83.92419080602684,,,6.75338177253343,6.75338177253343,26.672597395848527,39.16783352705582,3.6800374157805567,6.4552635638458025,27.480332112279516,73.6241059037909,0.6190476190476191,0.7714285714285715,26006.043708159235,531772.2574830158,531772.2574830158,543,1.0,0.0,0.0,0.0,26.35435034708535,25.704708293040312,39.75991721885966,25.945345605784375,26.51786891848431,496.4147490521439,1572.744773085257,781.9882035935543,0.4972124002418563,1012.3094327623468,0.03553351968359301,398.77612120721614,5,0,0,35,0.0,498,207.0,0.3987761212072161,390.0142837515951,248434.91858959434,834.8213580387329,500000.0,0.4697582836036179,0,4,11.95812100330965,11,E7,night_fraction,0.3,marketplace
22.185736184881275,56.82798830864413,27.8490158040471,63.344912624552876,7.654280676244525,7.654280676244525,,,,,27.62276002882378,44.2994073618484,2.3666319941093468,3.8400365864956263,24.964053642932445,56.82798830864413,0.7142857142857143,0.7142857142857143,3605.0987133016765,503977.3460501888,503977.3460501888,521,1.0,0.0,0.0,0.0,27.174654447534266,25.704708293040312,44.52015315123219,27.498048718901693,22.185736184881275,489.10312989397863,1426.8719992390113,710.9992523740588,0.49829224538238437,913.9299332076091,0.03504106918811557,386.9129017261462,6,0,0,40,0.0,464,207.0,0.3869129017261462,411.50046629491436,280139.3146062472,740.2992086034801,500000.0,0.4835661727343492,0,2,5.908785513585686,12,E7,night_fraction,0.3,marketplace
5.6979770682305455,11.06850373170364,3.234318318252464,4.878364672661701,5.122915770916279,6.00105370870092,,,,,25.06732506056532,32.12787424592501,5.092481858046,9.423077866868448,4.073694963880826,11.06850373170364,1.0,1.0,6216.486291594783,506496.9548278934,506496.9548278934,522,1.0,0.0,0.0,0.0,24.217187760141112,25.704708293040312,32.11176923259927,24.817052491001327,5.6979770682305455,452.1783682268285,1472.4633852095717,734.9386194511704,0.49912183001179933,926.9524774013854,0.03115972526878925,350.52313001658285,2,0,0,34,0.0,477,207.0,0.35052313001658286,409.3815790076642,275450.7953782033,752.7679230162225,500000.0,0.45963155718027987,0,5,13.65311362866234,13,E7,night_fraction,0.3,marketplace
8.156218196802024,23.741510181529158,7.298923717241532,11.143443989962634,6.475928529838249,15.508266639299563,6.9323037216808245,10.107940073339703,,,24.84854939880358,33.08421687579285,3.833641651189623,7.450990399498462,6.811018172910072,23.741510181529158,0.9310344827586207,0.9838709677419355,58929.484502104126,566652.9292862886,566652.9292862886,576,1.0,0.0,0.0,0.0,22.463957656131488,25.70470829303963,32.27281936585496,22.747385173490148,8.156218196802024,452.4676106164278,1790.1927981312747,886.2422064737418,0.49505405641161215,1146.3008197401853,0.036363175543910914,427.7998407189337,1,0,1,40,0.0,525,207.0,0.4277998407189337,366.05793267843626,217087.19218703615,955.5045498124322,500000.0,0.47108702523024365,0,11,34.21738897357168,14,E7,night_fraction,0.3,marketplace
15.14087217720901,32.463392565759754,31.612868870948596,78.13974047375041,16.773743723092096,45.56055136494251,32.237924113185535,90.19996386315125,7.143042659128923,8.176248719180558,27.55776223368272,42.03202610090864,9.374117358216381,25.059064280836544,27.539664000929033,32.463392565759754,0.8,0.8648648648648649,64862.71277757866,573615.9384122625,573615.9384122626,603,1.0000000000000002,0.0,0.0,0.0,25.953973122835833,25.704708293040312,42.9653375849829,26.82158853649489,15.14087217720901,529.573560812816,1854.4762108677792,910.7386578550844,0.49110290685741154,1296.618586514741,0.04234078356842332,476.69753031248854,4,0,1,39,61.990462880279,516,207.0,0.47669753031248857,361.6996733120711,210314.8516575424,986.5052129944141,500000.0,0.5010119500247576,0,6,18.89355428603274,15,E7,night_fraction,0.3,marketplace
10.380958396874867,25.14999983495197,9.016953378544963,17.43374288554878,34.01967026822209,65.23908835396979,,,,,26.244576618124047,38.16972115789996,2.959320575187197,3.9671929699394695,17.351192341770673,25.14999983495197,0.8947368421052632,0.8928571428571429,8440.199489225186,509188.49886297405,509188.49886297405,531,1.0,0.0,0.0,0.0,25.394661415073717,25.704708293040312,38.134583706529156,25.97858761495978,10.380958396874867,479.77098763571513,1481.4258898277205,736.7541706262921,0.4973277270805436,912.373037752817,0.03153737832861991,365.96199216607016,1,0,1,37,0.0,478,207.0,0.36596199216607017,407.2479297062238,275247.2501087308,753.3806855845077,500000.0,0.4600051717083278,0,5,15.62037060221714,16,E7,night_fraction,0.3,marketplace
5.8907536337263195,11.633884945971657,3.9414563776063005,6.34581459105757,3.934788512062221,5.198242028367235,,,,,26.121462537190105,32.63280423342117,13.345775788221461,41.145313589739544,3.938678100296267,11.633884945971657,0.9333333333333333,1.0,10188.61735102234,511539.3687118152,511539.3687118152,538,1.0,0.0,0.0,0.0,24.801413092890225,25.704708293040312,32.59961318011278,25.673750208545744,5.8907536337263195,469.08941002291436,1556.5932707786599,770.0974066139754,0.4947325811248991,988.6812634638403,0.03715406970498053,422.9893585751681,7,0,0,30,0.0,497,207.0,0.4229893585751681,405.48783152490967,271001.1456747775,765.3952489466554,500000.0,0.4889177940880642,0,5,11.62174548848287,17,E7,night_fraction,0.3,marketplace
6.5825833663208035,14.701077153763618,20.981753283250875,35.42396070464699,33.59843420345854,118.21029575940756,49.65550674872399,100.97151020310866,13.042049187152315,17.784691243431826,24.767200151282665,32.3294255456085,5.739743397937536,11.159301719188631,32.63635762505583,14.701077153763618,1.0,0.8703703703703703,68261.72443658626,577118.2182746406,576118.2182746406,575,0.9982672527597732,0.0,0.0,1000.0,23.76145799239168,25.704708293039857,32.57715124793831,24.532581931165666,6.5825833663208035,493.64608354469783,1740.979376227435,862.5719637442853,0.4954521435017862,1127.2753965353068,0.0365411365868248,421.3917988190144,2,0,2,43,0.0,517,207.0,0.4213917988190144,360.032689853143,214758.6295838914,965.83495713635,500000.0,0.45376876351245965,0,4,9.764275488896569,18,E7,night_fraction,0.3,marketplace
17.5987089160961,64.76586871920045,17.206741495484643,75.49709227116786,18.847408430651683,62.689921472433355,,,118.04171895060063,118.04171895060063,27.79069021699774,40.708371095925855,5.4023126355828515,10.569563901601855,17.785800413778894,64.76586871920045,0.7428571428571429,0.8260869565217391,37728.11627304937,538786.9281851918,536786.9281851918,582,0.9962879574552103,0.0,0.0,2000.0,26.20981073890976,25.704708293040312,45.967769570181495,29.70203630257163,17.5987089160961,561.2059758711838,1809.6640936626573,893.3371093210822,0.49364802697334764,1109.9841243881178,0.0418878139024186,488.53266488830025,2,1,2,37,0.0,506,207.0,0.4885326648883002,386.53797581543313,243445.24619944612,852.3006133991225,500000.0,0.41447930906555425,0,9,26.114757945572915,19,E7,night_fraction,0.3,marketplace
5.209526057646335,10.469560638249368,5.475942466273295,8.095482255990987,9.954910185526614,19.679141158978293,7.597944494584681,7.597944494584681,7.993984659122418,10.533077766998042,25.29308380606699,32.795771890438346,4.785483887933487,5.158200432538479,7.704746159416748,10.469560638249368,0.9642857142857143,1.0,42968.20466135957,546796.3875473237,546796.3875473237,559,1.0,0.0,0.0,0.0,23.218761215925262,25.704708293039857,32.11176923259889,23.784825233599953,5.209526057646335,460.4816743986049,1671.4300464073203,832.6676872842817,0.4981768091785064,1058.1838655163697,0.036054886775992646,429.90690305801724,4,0,1,32,0.0,513,207.0,0.42990690305801726,379.35493289100333,242097.05901310136,856.8047366979073,500000.0,0.45513862469524263,0,5,14.628494265144889,20,E7,night_fraction,0.3,marketplace
7.159075120922699,20.14757823901819,10.316941995281558,22.88925536549614,16.92162063625983,28.84542746707848,4.820118274277775,4.820118274277775,,,26.031296499620666,34.78145271798776,6.470797226826692,15.186914332755169,11.281008690400654,20.14757823901819,0.95,1.0,17327.275816339392,521285.84829559,521285.84829558997,535,0.9999999999999999,0.0,0.0,0.0,24.84929607913977,25.704708293040312,33.23165395977394,25.384401300482555,7.159075120922699,477.25953295791453,1536.0551503543552,772.8591075429706,0.5031454159472584,943.1801302494433,0.03142189897507694,356.7843696538704,1,0,0,33,0.0,486,207.0,0.3567843696538704,397.77942379911735,263537.6404960001,786.8203721464262,500000.0,0.4464487392326806,0,8,23.613214656247408,21,E7,night_fraction,0.3,marketplace
8.059403203965303,17.84083304701735,20.9228832563223,37.30092971617305,15.571664925103883,30.592473901617723,7.730157945016799,7.730157945016799,,,25.79709936920344,35.17035263373309,6.220653890975478,13.644476789818874,17.14788031477097,17.84083304701735,1.0,1.0,19226.136203616657,520041.7500651535,519041.7500651535,532,0.998077077465656,0.0,0.0,1000.0,24.870725324203253,25.704708293040312,34.93582079281359,25.362493385612563,8.059403203965303,464.6182575875852,1485.980843675263,736.6554160761717,0.4957368186888658,975.5270283315275,0.0356204092463783,399.3674937495855,6,0,0,38,0.0,477,207.0,0.39936749374958547,399.5812812123793,265140.37203668,782.2247736193776,500000.0,0.4671146190397992,0,2,6.297851428677579,22,E7,night_fraction,0.3,marketplace
18.689929962820305,75.04778109055489,17.203758737990306,47.18871421542793,23.539457348627515,90.69962441870474,5.252203588423285,6.129757111263141,6.547612990429059,6.547612990429059,25.638812281652754,33.79158934977181,5.759578993486226,15.072157591105508,18.56423721410196,75.04778109055489,0.7948717948717948,0.8235294117647058,44840.47463850063,546785.5630729868,546785.5630729868,585,1.0,0.0,0.0,0.0,24.248507975165015,25.704708293039857,36.302592367145074,24.493624829403586,18.689929962820305,473.6253494356679,1896.2608155279243,935.2627761712654,0.49321420793630943,1158.301251292128,0.03723585591449252,447.5738568547073,2,0,3,37,0.0,525,207.0,0.4475738568547073,379.3947533855496,239103.92151465832,867.6042305903255,500000.0,0.4581193445268788,0,5,12.48591588338666,23,E7,night_fraction,0.3,marketplace
19.58912146951477,38.80890724991586,25.385615843825462,48.25585406436376,36.03727870981402,77.49456620188212,68.26929329918448,77.27689628124054,157.08011049577908,157.08011049577908,25.94794235448057,36.24377088011593,8.341985068739733,14.590123393982877,37.49443722413313,38.80890724991586,0.5789473684210527,0.7941176470588235,34421.87232108315,535140.8176419535,535140.8176419535,544,1.0,0.0,0.0,0.0,25.99400555080423,25.704708293040312,39.131498680455614,29.715754123307686,19.58912146951477,557.2404993515804,1555.4244098542167,780.3075332666656,0.5016685660345271,994.5076422703623,0.03589011668767701,393.9531091432046,3,0,1,37,0.0,480,207.0,0.3939531091432046,387.55024149158476,249898.8958008874,829.9114425635119,500000.0,0.48082211036149464,0,8,26.996185314031507,24,E7,night_fraction,0.3,marketplace
2.5503240170628487,2.5503240170628487,,,,,,,,,26.006492850997606,37.50409204034549,,,,2.5503240170628487,1.0,1.0,209.99028817615883,500209.99028817617,500209.99028817617,501,1.0,0.0,0.0,0.0,25.959674150730272,25.704708293040312,37.44146935751678,25.996645851240345,2.5503240170628487,463.3971032727092,1341.2910050412295,675.304691852553,0.503473660312659,852.5074861863583,0.03281483205994545,358.9212850520221,6,0,0,37,0.0,450,207.0,0.3589212850520221,414.5437422503105,284116.37304474576,729.8379852694898,500000.0,0.23704788845795144,0,2,6.686917343769473,25,E7,night_fraction,0.3,marketplace
13.113624400641667,38.635354261312386,10.868188828789394,26.43270415583811,8.065053878166964,20.34798745530934,,,,,26.04067188827225,33.52838606641183,7.343871996397638,10.754881041389217,9.358808470761932,38.635354261312386,0.8181818181818182,1.0,8275.236379187336,508449.34756596206,507449.34756596206,527,0.9980332357494661,0.0,0.0,1000.0,25.217429105807224,25.704708293040312,33.285577162547376,25.76006629262191,13.113624400641667,465.9920569018706,1477.145130756967,734.0762711545865,0.4969560917676431,953.0187220092256,0.03520511524519221,394.81978269231075,5,0,0,31,105.47841022133834,482,207.0,0.3948197826923108,408.700534895719,274442.72449228296,755.6943626994347,500000.0,0.4956780170383716,0,2,8.102631027998768,26,E7,night_fraction,0.3,marketplace
4.914678412459587,12.521280091282415,7.967083360774531,14.968631445585379,7.865370283392849,16.56262266389558,,,,,29.178380409645193,46.68802327880075,17.897800178798235,47.0792344048704,7.923492041896667,12.521280091282415,1.0,1.0,12370.949722949961,513597.1255335828,512597.1255335828,535,0.9980529486044901,0.0,0.0,1000.0,27.818558153652948,25.704708293040312,44.869060158854744,28.599023928295914,4.914678412459587,524.5564259922097,1579.7720859805022,781.5118234121221,0.49469909637444226,954.1666688530814,0.03571179411742997,422.50405667921837,6,0,2,27,33.50503363981419,485,207.0,0.42250405667921836,404.65015062416677,268563.10146576003,772.3417808500554,500000.0,0.4750742292458832,0,7,20.502508346665422,27,E7,night_fraction,0.3,marketplace
7.207183179845752,14.205008302981698,7.012507837217758,13.582845130682106,8.560239835650444,19.808684074916727,5.1634388386792835,5.713915834987043,7.903489301740194,7.903489301740194,26.19528238380663,34.861475087441065,9.108139238027746,19.41120850308525,7.361773711812706,14.205008302981698,0.9166666666666666,1.0,26590.43369586375,528937.8456762048,527937.8456762048,536,0.9981094186998066,0.0,0.0,1000.0,24.918822929613107,25.704708293040312,34.276589220198616,25.198080384739047,7.207183179845752,476.9294466794121,1596.6215532400765,786.5988582779748,0.4926645620445897,996.2177414266921,0.0337160169108888,391.95884474042657,2,0,3,32,0.0,493,207.0,0.3919588447404266,392.8340438998158,252036.9425112375,822.8633341538552,500000.0,0.4652233611490881,0,3,8.381909969122162,28,E7,night_fraction,0.3,marketplace
6.129685873083627,8.313736373395528,14.732678823342198,50.282422025919004,8.206384230773272,14.689539200921438,16.067391473493256,29.28175575824471,10.323623225348229,18.03582783592383,25.85644770225035,36.134796010012636,4.195180871488932,6.385124302733382,11.552951067692177,8.313736373395528,0.9230769230769231,0.9459459459459459,77164.28456252046,584688.0408818187,584688.0408818187,599,1.0,0.0,0.0,0.0,22.98063803659996,25.70470829303963,35.43856758827096,23.637559322502003,6.129685873083627,483.53174308814454,1973.478591106371,971.0637925668647,0.4920569176392571,1205.430319488823,0.039627282774615906,484.6239576351578,3,0,5,41,0.0,539,207.0,0.4846239576351578,354.8638067655867,210885.50530881196,983.8733281066583,500000.0,0.44679672432656936,0,4,13.714880626906258,29,E7,night_fraction,0.3,marketplace
23.28626729475575,87.49620256322201,18.84109878354511,55.05300682676535,17.682690843333074,42.27685978942509,,,,,11.337783198373849,39.3096668223318,10.804457616326907,27.706700192815333,18.47528574979394,87.49620256322201,0.7083333333333334,0.813953488372093,13968.57625752051,515078.73700219905,515078.73700219905,554,1.0,0.0,0.0,0.0,12.08960555466921,4.006517566321918,41.93494654312352,11.611240622520345,23.28626729475575,156.41850433429326,1828.547718857365,908.8739626463624,0.49704689315644746,1456.7696111408397,0.0547257304171635,606.3137871944207,5,1,0,0,0.0,554,207.0,0.6063137871944208,403.0574335012941,267736.6960701087,775.4122495514446,500000.0,0.4998515071970459,0,0,0.0,0,E7,night_fraction,0.5,pooled_greedy
9.616398048483074,29.809440504399298,15.176720278354338,30.00086241598001,17.531809347689112,38.718079107422184,38.59579352447387,55.033398493119606,,,10.231949497663289,33.99725759754536,19.701139499863334,48.07815436398961,21.036196355856656,29.809440504399298,0.8,0.896551724137931,22776.714596747763,525519.2910413912,525519.2910413911,536,0.9999999999999998,0.0,0.0,0.0,10.620588516865537,4.0065175663216905,34.953857426984314,10.908422837248544,9.616398048483074,144.4428045306086,1703.986584287584,849.3649046095381,0.4984575069085108,1378.9106526441449,0.05290195633697874,582.1050949099126,5,1,0,0,0.0,536,207.0,0.5821050949099127,395.0037774703884,255433.30347289023,812.6665641191189,500000.0,0.4923508465903594,0,0,0.0,1,E7,night_fraction,0.5,pooled_greedy
8.368197404994806,17.313486265957366,6.851919703978865,14.320559760208925,7.474266648660053,13.646233204655346,20.38280195983009,32.56520419397559,,,7.869281843560037,24.034664510621937,11.642711296199382,25.375057235574786,8.776660090215714,17.313486265957366,0.9545454545454546,1.0,29310.196036041838,532277.3226155266,517873.34282247716,549,0.9729389564780431,14403.979793049497,0.02706104352195697,0.0,7.991325410549268,4.006517566320326,23.232407654377486,7.971923792343413,8.368197404994806,91.68037701698907,1776.2293542722628,869.1781751634295,0.48933893197567363,1358.8309193417347,0.0471425919297801,542.559124237401,7,0,0,0,0.0,549,207.0,0.5425591242374009,400.75930147920616,263865.93975701625,786.5454681849244,500000.0,0.5627744313714005,0,0,0.0,2,E7,night_fraction,0.5,pooled_greedy
3.289078278854148,4.827662175262777,4.621399808876399,6.6517710353839,22.354485098448414,92.09936015339008,96.60078489552507,96.60078489552507,53.04494901963517,53.04494901963517,9.284777790742627,26.182060969838332,10.012610828300483,26.073860235377083,15.842659724808433,4.827662175262777,1.0,0.9361702127659575,28096.063942230638,531327.860284328,531327.860284328,562,1.0,0.0,0.0,0.0,9.415450230954097,4.0065175663216905,26.076828316923372,10.872414442430467,3.289078278854148,143.74257857606133,1913.3530620770748,945.6767219060946,0.49425103011542376,1491.2818233209832,0.055560999391634676,635.2175581670384,4,1,0,0,0.0,562,207.0,0.6352175581670384,390.7854887320529,249580.11468738515,831.9381446644628,500000.0,0.49529634243537934,0,0,0.0,3,E7,night_fraction,0.5,pooled_greedy
24.868999573608082,68.48964031915278,19.697358072294264,44.11666223850597,35.01441385299225,59.01112377231893,,,21.962247656296768,21.962247656296768,11.142163854240419,40.89558930759387,4.498120439018919,9.605129971139924,27.80638760325202,68.48964031915278,0.6666666666666666,0.7714285714285715,32491.15341102122,534209.4492904893,521325.49254426855,548,0.9758821998312972,12883.956746220842,0.02411780016870289,0.0,11.984255842381318,4.006517566321804,42.92970985465439,11.765545898278504,24.868999573608082,175.13131076533412,1767.3114160297673,875.1638084608342,0.49519501799341825,1421.8383504396734,0.04762313396975691,541.676878042058,6,0,0,0,0.0,548,207.0,0.541676878042058,398.1038331065665,261648.46355541493,793.2080856040895,500000.0,0.5732651454578653,0,0,0.0,4,E7,night_fraction,0.5,pooled_greedy
17.685888420728897,74.93719861795483,25.308243483400872,56.68059295823665,16.421484591579826,37.3447964302681,29.07644597904785,53.504657640078676,,,10.211589827571109,31.30748316716063,15.255426391894332,45.81131541469858,23.09963101858992,74.93719861795483,0.7777777777777778,0.8070175438596491,43452.69323580841,547328.4080016714,547328.4080016714,573,1.0,0.0,0.0,0.0,11.37938857586953,4.006517566320326,39.204518452174526,11.476622095261012,17.685888420728897,181.17935030400264,1931.8296652570073,953.4069205966985,0.4935253546123896,1517.613560071588,0.04726822304027623,537.1910486694273,4,0,0,0,0.0,573,207.0,0.5371910486694274,379.182202156106,233970.0822826198,887.0244820360355,500000.0,0.5496723293775344,0,0,0.0,5,E7,night_fraction,0.5,pooled_greedy
20.07298861206982,70.97968177416355,44.91966099830534,89.39493273693898,32.222348631461436,79.7308859507761,29.18011817806132,32.96001059272421,,,13.161401718989426,40.365794612208674,10.135935475940292,11.707917846214517,38.5930210879352,70.97968177416355,0.75,0.7692307692307693,31608.77227884693,533346.8920584851,533346.8920584851,565,1.0,0.0,0.0,0.0,14.514591518460772,4.0065175663216905,42.379638174003254,13.97858475345183,20.07298861206982,182.32055973005419,1889.796248281349,937.6537138157037,0.49616656540007464,1531.339048999747,0.07448722853830925,831.2903612337275,7,3,0,0,0.0,565,207.0,0.8312903612337275,389.6737629033444,248549.20992177923,836.177634306865,500000.0,0.4755550817352627,0,0,0.0,6,E7,night_fraction,0.5,pooled_greedy
21.842672056625418,69.66138300937577,37.026860437758664,91.26291755312361,19.514984490748937,45.563262768098696,6.504395574288608,7.159589410589993,,,14.162424041282398,44.53073863955251,10.732837485677049,35.2353450268594,27.916368219007513,69.66138300937577,0.8108108108108109,0.819672131147541,40773.60461111535,544565.4292464787,533094.6781879223,581,0.9789359543545969,11470.75105855638,0.021064045645403137,0.0,15.101618715500964,4.303691019512371,45.256917057050124,14.344803197374773,21.842672056625418,211.698026170223,1966.4855776842371,970.0746948285353,0.49330374239047803,1529.9162619651518,0.06426203143635979,744.929951905998,4,2,0,0,0.0,581,207.0,0.7449299519059981,389.696124257075,247484.26700318628,839.426814752759,500000.0,0.43707120884349643,0,0,0.0,7,E7,night_fraction,0.5,pooled_greedy
17.71282300526661,46.77847397122352,10.530000080303267,18.47861495196041,11.154275927255021,20.998541333534288,29.80243834357634,32.67495075762845,,,10.88334975599538,33.09661316161888,5.4063903327920855,9.021080693182649,12.558715842778003,46.77847397122352,0.72,0.9375,38363.5914215517,540361.5398106,526845.8481339897,560,0.9749876875372225,13515.69167661024,0.02501231246277737,0.0,11.139683216976348,4.0065175663216905,33.40368511725578,11.20467492525187,17.71282300526661,135.64301198128322,1814.7624692399474,895.4477735745883,0.4934242297558736,1441.685265494425,0.06443677822393694,721.7250592587827,6,2,0,0,0.0,560,207.0,0.7217250592587827,394.2741995499793,254604.90629662355,815.8590817462714,500000.0,0.44520898438303913,0,0,0.0,8,E7,night_fraction,0.5,pooled_greedy
94.743998047614,239.20949855719854,82.86224491995836,213.69913973814914,69.04226741957112,188.36155260897442,38.921462078284094,38.921462078284094,194.1326026729953,265.3392712989401,22.332520468869852,52.06497114893668,26.630845466358355,42.25818471454704,76.05525938859454,239.20949855719854,0.2894736842105263,0.3950617283950617,47374.080402398526,549736.351411949,549736.351411949,604,1.0,0.0,0.0,0.0,31.431161049823405,4.811768232597387,96.48001050853807,29.97232694541844,94.743998047614,569.1535400371811,2148.7120543833826,1063.3427818985167,0.4948744899202722,1789.3089187820328,0.07072071097639174,792.2391026709624,7,2,0,0,0.0,604,207.0,0.7922391026709624,377.98526251534037,234389.53713659715,886.5252333408301,500000.0,0.4679366374041787,0,0,0.0,9,E7,night_fraction,0.5,pooled_greedy
26.787104067084005,63.455753622688874,46.39466998364145,76.10982107993077,24.199381501428462,61.15752759446766,,,,,10.139395841010018,35.900267878417225,3.7368238800152995,5.6819074381768795,35.297025742534956,63.455753622688874,0.6428571428571429,0.6666666666666666,13819.243346008723,516514.44304295897,516514.44304295897,540,1.0,0.0,0.0,0.0,11.19784820023129,4.0065175663216905,39.50111756058046,10.528993616137054,26.787104067084005,148.81538275673063,1716.4722752378304,848.1139353293468,0.4941029037080334,1391.6527661361458,0.04575602064525354,507.6840405024864,5,0,0,0,0.0,540,207.0,0.5076840405024864,401.74614056870405,264227.6122234994,785.3368627688319,500000.0,0.5604831533672203,0,0,0.0,10,E7,night_fraction,0.5,pooled_greedy
34.41934009113383,103.57748739257545,18.746741856641165,32.27352551676259,34.072951696012026,98.47814448460691,,,6.75338177253343,6.75338177253343,12.518986270773182,39.90408878966332,3.9963574977145657,5.881017290611272,29.694034599048923,103.57748739257545,0.5714285714285714,0.7714285714285715,26006.043708159235,531772.2574830158,531772.2574830158,543,1.0,0.0,0.0,0.0,13.688294007262654,4.303691019512371,41.17860124892814,12.918410290317135,34.41934009113383,203.36350891694252,1728.2016743287836,859.221709757811,0.4971767603983628,1406.4653216575662,0.04652036234700353,513.9841826989284,6,0,0,0,0.0,543,207.0,0.5139841826989284,390.23093300298143,248572.92184068792,834.8213580387329,500000.0,0.5575249572112004,0,0,0.0,11,E7,night_fraction,0.5,pooled_greedy
55.9341101376384,114.41241072242211,66.20206054763112,118.97754307355626,93.83206479521687,93.83206479521687,,,,,13.24874054135767,41.163535265352955,2.923334967732639,4.471768003489797,70.14920401157194,114.41241072242211,0.42857142857142855,0.35714285714285715,3605.0987133016765,503977.3460501888,503977.3460501888,521,1.0,0.0,0.0,0.0,14.448016918421182,4.006517566321918,43.359319371767924,13.731894526855276,55.9341101376384,191.65419488264146,1588.444437026522,789.945717981583,0.49730774307744535,1261.0161404367,0.054736091353417816,599.3602003199251,10,1,0,0,0.0,521,207.0,0.5993602003199251,411.9220076603325,280426.28951601987,740.2992086034801,500000.0,0.25453792324775626,0,0,0.0,12,E7,night_fraction,0.5,pooled_greedy
6.819163788377101,12.854441151722858,6.094405916647673,10.205370023319634,5.487710366695865,7.343931761092563,,,,,7.5905338554318345,25.10559067240311,3.1676567591943012,5.502301677011087,5.8247634500024255,12.854441151722858,1.0,1.0,6216.486291594783,506496.9548278934,506496.9548278934,522,1.0,0.0,0.0,0.0,7.505903051473041,4.006517566320326,24.065907234653537,7.570953694348852,6.819163788377101,90.26819862343156,1590.6967447036702,792.0728270739127,0.4979408109755498,1237.0581835445228,0.03938247113159251,431.23805889093796,2,0,0,0,0.0,522,207.0,0.43123805889093797,409.54093816689505,275558.01956564066,752.7679230162225,500000.0,0.33861870434636976,0,0,0.0,13,E7,night_fraction,0.5,pooled_greedy
11.702946269727699,45.18412883541982,8.635486990959357,14.132718025931307,5.48999455850954,13.145156485335633,6.2177514660940005,8.07569883577837,,,8.228035143413196,24.08471292471078,4.523588652758333,6.96982181557171,6.524282047986026,45.18412883541982,0.8620689655172413,0.967741935483871,58929.484502104126,566652.9292862886,566652.9292862886,576,1.0,0.0,0.0,0.0,8.215337781685514,4.0065175663216905,22.000274848761023,8.039122338036396,11.702946269727699,92.58759416521708,1952.2837616992888,970.2382363705777,0.49697603156114556,1523.6269393634836,0.05301583050178106,599.1298179472127,1,1,0,0,0.0,576,207.0,0.5991298179472128,366.36028702688037,217266.50057155607,955.5045498124322,500000.0,0.4846320253181539,0,0,0.0,14,E7,night_fraction,0.5,pooled_greedy
46.714721275055275,155.87693875672176,53.002644903416204,142.7677178290396,37.34362701882665,57.30787442527344,64.74809649285953,112.92690714411077,44.8082895576315,74.61287442498465,14.440505695045308,42.680753960476814,18.258728845626734,51.166848743274215,50.69415681099616,155.87693875672176,0.37142857142857144,0.6486486486486487,64862.71277757866,573615.9384122625,573615.9384122625,603,1.0,0.0,0.0,0.0,18.930252845316126,4.811768232599206,52.87225936441695,18.50733873059648,46.714721275055275,332.4696006648606,2199.6080090603327,1088.0248561553556,0.4946448874861831,1917.4739366446993,0.06333005911447395,701.2544685779677,6,1,0,0,0.0,603,207.0,0.7012544685779677,362.09114942566566,210542.48039716543,986.5052129944141,500000.0,0.5147678298116315,0,0,0.0,15,E7,night_fraction,0.5,pooled_greedy
22.5727144503861,64.00634611857022,22.83553281712194,59.519023601437766,51.927962096155476,75.3521558080276,,,,,9.243781281093604,29.559243794433247,5.730240845456517,8.665945582544373,32.53300924346645,64.00634611857022,0.7368421052631579,0.7142857142857143,8440.199489225186,509188.49886297405,509188.49886297405,531,1.0,0.0,0.0,0.0,10.095593259570066,4.0065175663216905,33.06788525252341,9.625758617566213,22.5727144503861,131.4093951172899,1630.3657764774773,811.8555952628815,0.4979591739327073,1284.7984017428164,0.042955963837315606,477.94148810123517,4,0,0,0,0.0,531,207.0,0.47794148810123516,407.46784727346113,275395.88611450826,753.3806855845077,500000.0,0.5625128298969638,0,0,0.0,16,E7,night_fraction,0.5,pooled_greedy
10.899407403807515,31.232142939035473,13.714266838465212,29.71081207137832,15.390735816195274,35.101412395826266,,,,,9.576267157988656,32.75002472510314,9.017108848036143,9.128458463429979,14.412795579186072,31.232142939035473,0.8,1.0,10188.61735102234,511539.3687118152,511539.3687118152,538,1.0,0.0,0.0,0.0,9.709603037788236,4.0065175663216905,32.92299924891068,9.674390762861522,10.899407403807515,126.32006763405731,1676.031362055143,833.6866233809384,0.4974170783765497,1342.2164109461123,0.04643912789108663,520.90006855457,7,0,0,0,0.0,538,207.0,0.52090006855457,405.67923558091803,271129.0674382248,765.3952489466554,500000.0,0.5582750023373849,0,0,0.0,17,E7,night_fraction,0.5,pooled_greedy
22.91658527462756,76.37878844088831,22.832600997867758,41.11484732064242,30.055658883796543,98.03579469763699,87.69912945648078,149.41498002210164,90.49848760258465,90.49848760258465,9.708989114298017,29.691393938752118,5.408057139251516,8.931235680058853,38.88244096691969,76.37878844088831,0.782608695652174,0.7962962962962963,68261.72443658626,572191.6285267603,561368.4124093493,574,0.9810846304318052,10823.216117411037,0.01891536956819503,0.0,11.812165961129471,4.0065175663216905,33.13850372789437,14.348223042903358,22.91658527462756,239.54770039813954,1935.754296674356,964.1493097265617,0.4980742191211866,1495.6520836973893,0.05365230600473698,610.7070613553909,2,1,0,0,0.0,574,207.0,0.610707061355391,369.8296920026306,224405.88383257564,925.157146130131,500000.0,0.477069657708385,0,0,0.0,18,E7,night_fraction,0.5,pooled_greedy
35.75065475624894,87.45592994513609,37.308107981761424,70.82978517096012,33.03602343298593,77.13051604762613,,,,,10.304498318543711,33.12563973909472,8.747389601018304,9.5278410859386,35.80031343513478,87.45592994513609,0.6285714285714286,0.7101449275362319,37728.11627304937,538786.9281851918,526296.1270711955,582,0.9768168074231693,11490.801113996251,0.021327171304435642,1000.0,13.286755478747189,4.0065175663216905,40.247615927520656,12.158438120292264,35.75065475624894,185.47038600644146,2054.4057512842396,1020.1900058996166,0.4965864242065525,1604.814417916731,0.06389695872641823,719.4481905249644,3,2,0,0,0.0,582,207.0,0.7194481905249643,394.68169630369596,255577.24053345894,812.7462670657145,500000.0,0.5076865865319683,0,0,0.0,19,E7,night_fraction,0.5,pooled_greedy
7.161974941644729,18.738010507724823,4.043600944467744,6.514920147176986,9.054282523792972,17.862914577102494,7.597944494584681,7.597944494584681,4.820118274277888,4.820118274277888,8.85296262457511,29.045523755754544,9.34122289491697,9.464552864375769,6.644305621444388,18.738010507724823,0.9285714285714286,1.0,42968.20466135957,546796.3875473237,534781.0123534314,558,0.978025869468912,12015.37519389233,0.021974130531088105,0.0,8.733093374323081,4.0065175663216905,26.98718575150202,8.7269736336898,7.161974941644729,102.8407848519343,1771.8679098531834,876.1836595745523,0.49449716578881586,1368.537975110022,0.05295486287749306,604.3533364526511,4,1,0,0,0.0,558,207.0,0.6043533364526511,388.2044211383649,250182.46564311607,829.811764796495,500000.0,0.48074800741597395,0,0,0.0,20,E7,night_fraction,0.5,pooled_greedy
9.729788595582573,28.068773488026643,20.119848724590973,27.33756415236876,12.734064189516175,17.453427750131777,10.396502918834813,10.396502918834813,,,13.023464522029416,37.152847557142195,6.026803043873713,15.332319735881399,17.057984365102755,28.068773488026643,0.8,1.0,17327.275816339392,522304.8254134355,522304.8254134355,536,1.0,0.0,0.0,0.0,12.856355097384647,4.006517566321634,35.54434176219762,12.926115666888684,9.729788595582573,162.0039953967002,1683.93842189926,840.3297711791968,0.4990264253436393,1331.3335931499848,0.06666729936593095,730.0069280569439,3,3,0,0,0.0,536,207.0,0.7300069280569439,397.7179547664072,262765.7323180563,790.5521206875518,500000.0,0.07486276159655492,0,0,0.0,21,E7,night_fraction,0.5,pooled_greedy
35.87716850513343,96.28578095031571,45.88477598697013,82.08799391651847,33.68358286449643,72.0684359343536,14.006848590521258,14.006848590521258,,,11.579957529308828,35.26326319503658,20.59682091556685,66.34874433260721,37.12768547602921,96.28578095031571,0.6666666666666666,0.7083333333333334,19226.136203616657,520041.7500651535,520041.7500651535,533,1.0,0.0,0.0,0.0,12.854424766732583,4.006517566321918,38.96533208161819,12.098976974546114,35.87716850513343,183.11681992634837,1663.790900875897,826.6872053323857,0.496869651647439,1343.09919063302,0.04473315018879387,489.8279945672929,6,0,0,0,0.0,533,207.0,0.48982799456729287,398.98686589792436,264974.0444949968,783.0571797702439,500000.0,0.3320390924741594,0,0,0.0,22,E7,night_fraction,0.5,pooled_greedy
28.838503070959305,97.46546184716856,12.59357587039055,33.76541814469629,34.874598281735715,95.93381022180624,10.913613253386359,12.932838271019966,,,11.337652537914611,37.81225788895491,13.28716951382216,30.973378008243117,20.16082755588859,97.46546184716856,0.6666666666666666,0.75,44840.47463850063,546785.5630729868,534074.9817859603,584,0.9767539925238847,12710.581287026522,0.023246007476115223,0.0,12.997922260388087,4.006517566320326,41.36450980564442,12.142708084692309,28.838503070959305,179.61597181594766,2053.714570472552,1014.9616841941626,0.49420776323392573,1606.1272271170444,0.05483608404658317,616.5946288828067,2,1,0,0,0.0,584,207.0,0.6165946288828066,388.7405358974271,247442.61953691024,839.0494532325838,500000.0,0.4961923588151575,0,0,0.0,23,E7,night_fraction,0.5,pooled_greedy
24.236298268173204,47.606408921968246,27.48541782233201,51.39320739753593,26.985183387438763,53.091905109047545,39.52960344815119,42.55039926875988,,,9.760966442267737,33.13997602179105,7.937907003033262,17.34111932412198,28.791168578171952,47.606408921968246,0.5263157894736842,0.8235294117647058,34421.87232108315,535140.8176419535,523443.16914699145,543,0.9781409899799709,11697.648494961977,0.021859010020029008,0.0,10.762949502631745,4.0065175663216905,38.21674426941919,10.776234706928642,24.236298268173204,157.69101811112273,1714.6264661232763,847.9229164177314,0.4945234038844985,1325.6011512495463,0.043627119197582026,477.7169552135232,4,0,0,0,0.0,543,207.0,0.4777169552135232,396.3710469148378,258174.94959656967,803.6322551022985,500000.0,0.333726112522823,0,0,0.0,24,E7,night_fraction,0.5,pooled_greedy
6.126633341751813,6.126633341751813,,,,,,,,,11.077369725634634,36.10625038959361,,,,6.126633341751813,1.0,1.0,209.99028817615883,500209.99028817617,500209.99028817617,501,1.0,0.0,0.0,0.0,11.067488016285568,4.006517566320326,36.07936339409753,11.075291385377302,6.126633341751813,124.76400277204445,1462.9156311898273,730.9954948783248,0.4996839730831143,1150.645686899878,0.058230032639954396,637.6188574075006,7,2,0,0,0.0,501,207.0,0.6376188574075006,415.10090339816145,284498.23529086134,729.8379852694898,500000.0,0.26197988030215935,0,0,0.0,25,E7,night_fraction,0.5,pooled_greedy
11.71482350540377,31.96071655677315,5.670349215140656,11.153837550778917,7.564352853616778,16.32139588603132,,,,,10.725597047338466,29.586573493965087,17.80039974098804,32.86707076301072,6.69019732816626,31.96071655677315,0.8181818181818182,1.0,8275.236379187336,508449.34756596206,508449.34756596206,528,1.0,0.0,0.0,0.0,10.70044648950528,4.006517566321662,29.662982892166298,10.706774848364429,11.71482350540377,106.98506693176518,1635.6120893697926,815.7798453979617,0.49876119814710146,1291.8470912755824,0.06762044587319778,745.0300973107554,4,3,0,0,0.0,528,207.0,0.7450300973107554,408.5854984214718,274603.67385680525,756.526768850301,500000.0,0.3906403184771599,0,0,0.0,26,E7,night_fraction,0.5,pooled_greedy
15.686648898855964,49.767421402036064,21.973178370201495,48.0230594812773,19.609936000221523,35.49229093362328,,,,,13.230024304525399,40.12035211966669,26.609828331061976,70.8630185121909,20.96036021163865,49.767421402036064,0.7857142857142857,0.8928571428571429,12370.949722949961,513597.1255335828,513597.1255335828,536,1.0,0.0,0.0,0.0,13.695800198615894,4.006517566321804,41.10988458293036,13.46665955515332,15.686648898855964,176.98599161587376,1689.9766476275806,835.0308053201998,0.4941078958057976,1349.3096791408336,0.06342563468308803,711.4191160701129,8,2,0,0,0.0,536,207.0,0.7114191160701129,404.4248084532716,268647.63802030875,773.1741870009217,500000.0,0.5174755844534668,0,0,0.0,27,E7,night_fraction,0.5,pooled_greedy
11.692705093955452,27.417022155863563,12.381428338144179,26.036567298496173,9.044768516528435,18.007372894901522,9.338548294393362,12.128158862656866,7.903489301740194,7.903489301740194,8.38695813629802,30.094451764511543,56.192108588055305,144.86723425586666,10.749820899569423,27.417022155863563,0.75,1.0,26590.43369586375,528937.8456762048,528937.8456762048,537,1.0,0.0,0.0,0.0,9.242512144647614,4.006517566320326,30.124631597661942,8.532477726393855,11.692705093955452,112.54652084728971,1708.8572994635022,848.6292129740701,0.49660624865546016,1361.430137449496,0.04969664818743601,817.0153367789048,1,1,0,0,0.0,537,207.0,0.8170153367789049,392.89496305771326,252298.2761327601,823.6957403047217,500000.0,0.4951348008498962,0,0,0.0,28,E7,night_fraction,0.5,pooled_greedy
5.935330519239823,13.032870312412115,7.419702815492531,16.678729916211523,10.574848292883308,28.721372988925935,30.115895004009605,34.89598033120137,15.688282150690364,30.527404440310285,11.194195856647644,32.50754685219623,15.14855206298226,49.10896925622594,10.415787565970236,13.032870312412115,0.9230769230769231,1.0,77164.28456252046,584688.0408818187,584688.0408818187,599,1.0,0.0,0.0,0.0,11.071297690865292,4.006517566320326,32.547219252916165,11.945407444808614,5.935330519239823,171.92204129352479,2112.290663182286,1031.6818060792878,0.48841848523109993,1614.7407106815772,0.06540586261388853,734.690800868861,4,2,0,0,0.0,599,207.0,0.734690800868861,355.2914995277929,211139.67099873358,983.8733281066583,500000.0,0.5089732432831063,0,0,0.0,29,E7,night_fraction,0.5,pooled_greedy
33.36146332091285,147.31703709861011,32.950869636664066,137.96269034030834,16.858840799781195,44.15810183390067,,,,,29.722550587340848,52.09813752121509,9.942603719435835,23.018791314580085,27.86917631975368,147.31703709861011,0.7083333333333334,0.7674418604651163,13968.57625752051,515078.73700219905,515078.73700219905,554,1.0,0.0,0.0,0.0,29.423887011482755,25.76912834634186,52.84453181361381,29.543010978524578,33.36146332091285,522.7533910729582,1568.879613752204,780.5111813683595,0.49749590378171427,1124.8281150633475,0.042817694933924275,478.11339015930537,5,0,0,61,102.4925070669722,462,207.0,0.4781133901593054,402.80853874438526,267571.3641487865,775.4122495514446,500000.0,0.5555144248417294,0,5,18.062732055583837,0,E7,night_fraction,0.5,marketplace
12.124972780241395,44.02130460962789,19.398039220991905,43.94207746415077,29.84326838155066,68.2792134751207,11.705828672179754,20.1393092017237,,,28.662113660636336,48.631344788933525,11.232157174231848,23.67864876511535,21.480147375017427,44.02130460962789,0.8,0.8620689655172413,22776.714596747763,525519.2910413912,524519.2910413912,535,0.9980971202826477,0.0,0.0,1000.0,27.782460695011256,25.76912834634186,48.84824930121305,28.0321402549594,12.124972780241395,509.3076965275198,1488.5963001708483,746.2605553646794,0.501318292460508,1114.6441004284059,0.041655676582848085,460.4592478349266,4,0,3,61,0.0,450,207.0,0.4604592478349266,395.5249364345375,255545.36873274532,811.8341579682526,500000.0,0.5562833236636955,0,6,17.181304687125248,1,E7,night_fraction,0.5,marketplace
11.872725325411682,25.803584323249474,11.20357244076402,22.730860699607273,10.845697464374704,22.77635511142489,4.724169815304435,4.763271150264086,,,28.785729026492607,49.79775404033498,12.988276096031417,25.553014375866496,10.259443996435579,25.803584323249474,0.8636363636363636,1.0,29310.196036041838,532277.3226155266,516873.34282247716,548,0.9710602365748803,14403.979793049497,0.02706104352195697,1000.0,27.24872423791639,25.76912834634186,46.03516233437113,28.099383750480968,11.872725325411682,496.9343630793683,1525.4065832406288,756.5022017689512,0.49593479540504576,1052.3954660448476,0.0440894816829885,520.0630360070068,7,0,1,57,0.0,461,207.0,0.5200630360070068,401.49113108214766,264116.855202557,785.7130620340581,500000.0,0.5438609520589854,0,10,27.71722057051191,2,E7,night_fraction,0.5,marketplace
3.3255529814506666,5.876677713125901,5.215355447705615,11.568292029400075,6.026985802575837,13.078595942571473,26.80138854996494,26.80138854996494,53.04494901963517,53.04494901963517,29.63262841913931,46.12634066256104,12.159086463388121,27.804395128513455,6.452952808162347,5.876677713125901,1.0,1.0,28096.063942230638,531327.860284328,530327.860284328,561,0.998117922897051,0.0,0.0,1000.0,27.168114664218976,25.76912834634186,43.91634474506827,29.005717380608132,3.3255529814506666,522.843899469206,1741.7779648260098,863.8143158067348,0.4959382500243211,1197.5111304815205,0.051717450470258546,618.4686055192744,4,1,3,49,0.0,492,207.0,0.6184686055192745,391.4907817481199,249809.93270102746,831.1057385135965,500000.0,0.540336690838107,0,5,15.231304687125249,3,E7,night_fraction,0.5,marketplace
18.04791236336448,51.45797041065998,15.377313659576203,35.11977842460191,40.917996785994674,70.10389068173936,,,109.10525290896214,190.03573631891106,30.318024608143656,56.055075038173804,7.721926470860091,9.04499272331632,28.898851785327157,51.45797041065998,0.7222222222222222,0.7714285714285715,32491.15341102122,538255.453584505,538255.4535845051,550,1.0000000000000002,0.0,0.0,0.0,29.625001376185555,25.76912834634186,57.0688457846872,34.18197265201031,18.04791236336448,651.9867406482831,1546.5182449138265,777.0391977149421,0.502444248731278,1114.3273942370845,0.042193719209794985,483.7965388148775,4,0,2,60,416.11922992464497,457,207.0,0.4837965388148775,385.4745830387398,249607.01420468933,831.2418511150834,500000.0,0.5468109166090653,0,7,24.60909942321503,4,E7,night_fraction,0.5,marketplace
15.960273218377331,62.18717276685907,29.0711005826926,81.64709746673991,17.376918201253556,33.02429976021238,29.27081749286678,54.04262756152548,,,29.238551180166226,50.234147422067416,16.021212698572384,48.868074160950755,25.21298317091442,62.18717276685907,0.7777777777777778,0.7894736842105263,43452.69323580841,547328.4080016714,546328.4080016714,572,0.998172943363837,0.0,0.0,1000.0,28.030932367314207,25.76912834634186,52.24256940157442,28.84123869943068,15.960273218377331,543.2109272498886,1631.225640181163,801.6468621283367,0.4914383653504283,1200.527807919938,0.04432964091666406,507.78229982992593,5,0,0,62,56.736875061503326,478,207.0,0.507782299829926,379.82242779364145,234156.6664230908,886.1920758851692,500000.0,0.5404198505901551,0,4,11.521035112493177,5,E7,night_fraction,0.5,marketplace
19.071756834557487,54.639879658413975,31.27400349152432,76.26965731415915,13.165402901926265,31.047191274986112,32.35122322221804,39.152079217506504,,,28.38613359973959,44.97876405317973,4.848542997091071,8.8469177616239,26.171864941340505,54.639879658413975,0.7142857142857143,0.8846153846153846,31608.77227884693,533346.8920584851,533346.8920584851,565,1.0,0.0,0.0,0.0,27.2889058562686,25.76912834634186,46.49849868610778,28.112891309668733,19.071756834557487,520.0840827351487,1601.6861550868246,800.1662660090396,0.4995774381065709,1208.5785166099786,0.04423630148028876,505.0826022268675,4,0,0,62,0.0,469,207.0,0.5050826022268675,389.0621389042847,248159.09214581497,836.177634306865,500000.0,0.5608171115367955,0,4,12.688232857768856,6,E7,night_fraction,0.5,marketplace
19.937205693985334,99.68532690231203,35.587779604579666,104.74440127074745,17.81223032077112,35.50933704449545,6.063349301183067,6.718543137484451,11.838310601135902,11.838310601135902,31.835594640874284,59.87892103956637,10.058084843975553,25.437135934631172,26.46157943120174,99.68532690231203,0.8378378378378378,0.819672131147541,40773.60461111535,544565.4292464787,543565.4292464787,581,0.9981636733690867,0.0,0.0,1000.0,30.07180077504856,25.76912834634186,60.18705864894673,30.464606756038943,19.937205693985334,572.4594302370823,1675.968280184795,834.3359928237088,0.4978232599555605,1206.7984787111227,0.044806467257932414,524.138786060843,4,0,1,61,99.38937189467718,479,207.0,0.5241387860608431,381.78318123310856,238855.60719268248,868.8267410806611,500000.0,0.550209021231819,0,5,13.426525087804059,7,E7,night_fraction,0.5,marketplace
14.29475402216071,36.85990515488425,10.519662334439715,21.639364111701248,10.829304918983249,29.532080140568826,48.11207200333649,56.973038193078104,,,29.122760938657308,49.38526451922653,5.2868645277340205,10.125659277901834,13.963582896911866,36.85990515488425,0.76,0.9791666666666666,38363.5914215517,540361.5398106,526845.8481339898,560,0.9749876875372228,13515.69167661024,0.02501231246277737,0.0,27.327418037222238,25.76912834634186,47.06594317360659,28.645861584265987,14.29475402216071,515.7888094249809,1555.6985016505794,765.0299113504832,0.49175975328046834,1138.3887376210769,0.04453595819489631,497.37078265787426,6,0,0,56,22.17601231743464,472,207.0,0.49737078265787427,393.8483552970625,254329.91484084335,815.8590817462714,500000.0,0.5601673586931505,0,11,37.19917263579002,8,E7,night_fraction,0.5,marketplace
73.63510422558902,226.79257302679858,90.78512194414562,256.1538064762505,70.89617923455405,164.96240102146388,208.194955334493,208.194955334493,184.01141152800437,253.39676283099388,33.98816411131177,61.41746399680068,11.485629606570022,30.717134130304885,85.18997926083631,226.79257302679858,0.34210526315789475,0.48148148148148145,47374.080402398526,549736.351411949,548736.351411949,603,0.9981809461982428,0.0,0.0,1000.0,39.85177115278093,25.76912834634186,79.64870853686848,41.503873140528384,73.63510422558902,802.254693297574,1612.7022739832407,798.6983022948211,0.49525465126436674,1232.3724108762192,0.04958673741346569,566.3672576062424,7,0,2,73,142.23182396687668,455,207.0,0.5663672576062424,378.26246925963426,234354.8021227085,885.6928271899639,500000.0,0.5607569969256327,0,8,24.89486980003212,9,E7,night_fraction,0.5,marketplace
34.79171801522369,58.69394939895563,50.02461263995747,69.36596644462534,31.857994412398313,70.80687363594055,,,,,28.250922041077107,45.658991675516816,3.206918015202291,4.758830607773484,40.94130352617789,58.69394939895563,0.35714285714285715,0.5333333333333333,13819.243346008723,516514.44304295897,516514.44304295897,540,1.0,0.0,0.0,0.0,28.332731683930657,25.76912834634186,49.008028870171316,28.269691195710713,34.79171801522369,504.98373377410553,1396.3636508474192,688.5924956571304,0.49313264151443664,1028.4888474843754,0.04109284984144596,458.87062545024264,4,0,0,60,0.0,452,207.0,0.45887062545024265,401.6516351473945,264165.4562018399,785.3368627688319,500000.0,0.5537903275620759,0,4,13.622350626492562,10,E7,night_fraction,0.5,marketplace
28.694830221323752,96.0165671919865,20.702714062880204,31.59366629431652,27.80598063882121,115.067371746009,,,6.75338177253343,6.75338177253343,30.80228589631056,53.44018528709539,5.52947450795734,10.084425330914929,25.776475902838065,96.0165671919865,0.7142857142857143,0.8285714285714286,26006.043708159235,531772.2574830158,531772.2574830158,543,1.0,0.0,0.0,0.0,30.221113717810397,25.76912834634186,53.98300387295136,29.958077298921854,28.694830221323752,537.2523511589656,1427.7725067611882,714.8394226163662,0.500667591812602,1045.3991601085388,0.041816886504077354,467.16679474627034,5,0,0,66,115.1419552151774,443,207.0,0.4671667947462703,390.1428927051023,248516.84111455196,834.8213580387329,500000.0,0.5553234044269327,0,7,22.696353861078506,11,E7,night_fraction,0.5,marketplace
36.33623138945794,80.49184254304146,43.24231773018956,94.98944624607975,4.841800004591278,4.841800004591278,,,,,32.162774633184384,63.71993459651076,8.528059062715784,20.96952849159999,37.75652948367552,80.49184254304146,0.42857142857142855,0.5714285714285714,3605.0987133016765,503977.3460501888,503977.3460501888,521,1.0,0.0,0.0,0.0,31.976455002194122,25.76912834634186,64.22530210752484,32.06491139349085,36.33623138945794,558.7282951615218,1329.2310888682775,662.8599258081274,0.4986792224160916,953.0875792333418,0.04254585171967005,468.4026783567722,9,0,0,57,119.82331162423326,436,207.0,0.4684026783567722,411.6621596275003,280249.391418006,740.2992086034801,500000.0,0.558435879072682,0,4,13.622350626492562,12,E7,night_fraction,0.5,marketplace
7.18036386828611,13.100541128275472,4.729455418160161,7.739203827158963,5.122915770916279,6.00105370870092,,,,,28.258155537786052,45.4361405521589,5.189597855229209,9.745178133379273,4.904326686051769,13.100541128275472,1.0,1.0,6216.486291594783,506496.9548278934,506496.9548278934,522,1.0,0.0,0.0,0.0,27.31150883005733,25.76912834634186,44.93743434787237,27.9706094366823,7.18036386828611,500.81064819006497,1396.7023321903812,696.2753892939536,0.4985138015786215,1012.330494680967,0.0369023732055821,413.87049259570307,2,0,0,52,0.0,455,207.0,0.4138704925957031,409.5066485899693,275534.9479578261,752.7679230162225,500000.0,0.5436684743879594,0,2,4.330594455122777,13,E7,night_fraction,0.5,marketplace
8.150407886941853,23.741510181529158,9.07042205042336,16.393550451284455,5.96965823492183,14.558438370941985,6.9323037216808245,10.107940073339703,,,26.701166438040325,37.450522974105354,4.125786408405377,7.075202648259735,7.04868969654564,23.741510181529158,0.9310344827586207,0.9838709677419355,58929.484502104126,566652.9292862886,566652.9292862886,576,1.0,0.0,0.0,0.0,24.092556974731174,25.704708293040312,34.91468972160908,24.361558560559242,8.150407886941853,468.367969261216,1715.7813673395556,855.535975225986,0.49862761742922823,1237.5009633419625,0.042510619285883705,494.2984897331309,1,0,1,65,0.0,493,207.0,0.4942984897331309,366.1752860804525,217156.78751133604,955.5045498124322,500000.0,0.5485433489987833,0,12,40.75908591666235,14,E7,night_fraction,0.5,marketplace
28.599604042300506,52.84532714691305,67.53666654612422,165.0498268729616,38.240466610401946,71.84586863360892,74.9082276251924,176.2643833376569,10.946505445947423,14.008710562488432,30.869465711503583,55.36645165890071,9.270924483831946,22.418704657034507,60.596736501522486,52.84532714691305,0.5428571428571428,0.6891891891891891,64862.71277757866,573615.9384122625,573615.9384122626,603,1.0000000000000002,0.0,0.0,0.0,31.627196837059774,25.76912834634186,61.678268366114594,32.42872055981012,28.599604042300506,622.6539038984185,1697.116090674529,833.9451583403466,0.4913895772497744,1397.0152630163157,0.05038861922231462,566.3382061673353,6,0,0,66,0.0,470,207.0,0.5663382061673353,361.8559462986673,210405.71856293135,986.5052129944141,500000.0,0.5693527204494898,0,4,10.883453258447668,15,E7,night_fraction,0.5,marketplace
17.804955505404312,73.84027153425305,8.362447965315923,13.952665735914707,34.64648134036846,62.11549355382959,,,,,28.336261102228775,48.43679513189101,3.5725897269022275,5.2468884761078245,17.123792423666767,73.84027153425305,0.8421052631578947,0.8571428571428571,8440.199489225186,509188.49886297405,509188.49886297405,531,1.0,0.0,0.0,0.0,27.629485135048544,25.76912834634186,49.06175642779817,28.092731493427344,17.804955505404312,501.06684607304373,1414.3736169978704,706.6441030835913,0.4996162927469647,1032.7112047346263,0.037868154377896125,426.2844514423232,1,0,1,56,0.0,450,207.0,0.4262844514423232,407.36639754163434,275327.31913682044,753.3806855845077,500000.0,0.5585989495318139,0,2,6.686917343769473,16,E7,night_fraction,0.5,marketplace
10.98369789319963,30.785727072290314,12.893037721342044,26.308632565952955,14.844335274658851,33.61956647028055,,,,,28.16018791912167,41.727670452822714,5.659337091688661,9.134949426019944,13.70607836855738,30.785727072290314,0.8666666666666667,0.9629629629629629,10188.61735102234,511539.3687118152,511539.3687118152,538,1.0,0.0,0.0,0.0,26.898838431951848,25.76912834634186,41.70047511822618,27.800148450870303,10.98369789319963,498.97395533842604,1479.5852510010975,737.361014043321,0.4983565587345626,1103.4384119534138,0.04116175414605071,468.1957083033377,4,0,0,52,0.0,471,207.0,0.4681957083033377,405.57620468344487,271060.20842672215,765.3952489466554,500000.0,0.5453459537869003,0,4,8.986143658712782,17,E7,night_fraction,0.5,marketplace
7.747817626937673,18.460392978810162,22.523794869956873,41.50147661379839,38.30361585932466,142.64965123258952,68.10600696258386,155.45629174180294,13.475408738594979,18.56473843602862,27.63604520554885,41.7516614452179,7.765026864393894,15.683029132638977,38.9815557537078,18.460392978810162,0.9565217391304348,0.8703703703703703,68261.72443658626,577118.2182746406,576118.2182746406,575,0.9982672527597732,0.0,0.0,1000.0,26.711766862814702,25.704708293040312,41.92956147445694,27.647097135039708,7.747817626937673,538.0339236984674,1661.4697919637813,823.0354632471011,0.4953658906276658,1191.8078167254184,0.042985015646815235,498.2382374098783,2,0,4,64,0.0,477,207.0,0.49823823740987827,360.1660764327603,214838.19435634353,965.83495713635,500000.0,0.5235946911898529,0,5,12.010811403574765,18,E7,night_fraction,0.5,marketplace
18.884427026470064,64.76586871920045,22.815272829932812,75.49709227116786,33.34570029411828,65.25360893663759,,,118.04171895060063,118.04171895060063,29.894666855274284,55.83662276114672,9.991997609574819,32.51241476600138,26.531894287880625,64.76586871920045,0.7428571428571429,0.782608695652174,37728.11627304937,538786.9281851918,536786.9281851918,582,0.9962879574552103,0.0,0.0,2000.0,28.708785448669474,25.76912834634186,60.0085944862481,32.04319108842021,18.884427026470064,597.8954458105685,1712.040932031201,851.3159045953051,0.4972520742160564,1236.0076564870374,0.0438753507543149,494.5263310445505,3,0,1,59,90.03610445643714,469,207.0,0.49452633104455046,386.54914163531714,243452.2785376399,852.3006133991225,500000.0,0.542551683354891,0,7,20.205972431987227,19,E7,night_fraction,0.5,marketplace
5.408037587581325,10.516645641662171,5.475942466273295,8.095482255990987,21.77305581152582,49.6554051559464,7.597944494584681,7.597944494584681,19.993984659122418,32.13307776699804,27.77358679397603,44.04461369868788,5.769866790390084,9.026842545118711,13.076630534870931,10.516645641662171,0.9642857142857143,0.9743589743589743,42968.20466135957,546796.3875473237,546796.3875473237,559,1.0,0.0,0.0,0.0,25.6277405310718,25.76912834634186,41.420626404940776,26.79750937639129,5.408037587581325,493.92039330811497,1610.7222962582287,804.5603481244138,0.49950283173793475,1144.269780218261,0.0432909894638746,519.8161398830006,4,0,1,47,52.85736538885602,486,207.0,0.5198161398830006,379.51936198905986,242201.994517043,856.8047366979073,500000.0,0.5373226738862521,0,7,15.429215488069175,20,E7,night_fraction,0.5,marketplace
8.564042355867883,23.595501352913015,19.191099210894937,29.977758250172155,19.090866446493237,29.27927662912516,9.916996898291472,9.916996898291472,,,29.94710712833119,52.26853420839671,5.80284003263588,12.918240744911055,18.00677823071908,23.595501352913015,0.9,1.0,17327.275816339392,521285.84829559,521285.84829558997,535,0.9999999999999999,0.0,0.0,0.0,28.653286948331136,25.76912834634186,50.211037856207014,29.20781489577783,8.564042355867883,531.356764718342,1411.385913101184,710.5244889163849,0.5034232539243478,1003.382909805553,0.038857836579765125,438.207886425206,3,0,0,56,0.0,449,207.0,0.43820788642520603,397.9356212424923,263641.124746858,786.8203721464262,500000.0,0.5451913856832347,0,8,23.613214656247408,21,E7,night_fraction,0.5,marketplace
57.3626663744638,194.41718566758317,63.90028346490112,145.59282623916152,55.2027675880291,134.24960274302907,7.730157945016799,7.730157945016799,,,28.92473142884371,48.928710759316154,8.697981944586193,18.407912517860133,54.87068173314142,194.41718566758317,0.75,0.7083333333333334,19226.136203616657,520041.7500651535,519041.7500651535,532,0.998077077465656,0.0,0.0,1000.0,29.809253755236,25.76912834634186,50.66218887205972,29.335350430981293,57.3626663744638,524.0883219815919,1376.084999935554,685.7125447201095,0.4983068231629757,1039.7179446897883,0.041828049102513726,464.61044167645855,6,0,0,63,0.0,441,207.0,0.4646104416764586,399.7069800562944,265223.7789423767,782.2247736193776,500000.0,0.5454356424153732,0,2,6.297851428677579,22,E7,night_fraction,0.5,marketplace
23.255150077811656,75.04778109055489,21.455951937129065,78.76581471770952,30.8843738092473,90.6676573506685,5.252203588423285,6.129757111263141,6.547612990429059,6.547612990429059,28.802888937091737,48.46488410002094,7.344661995159466,15.132306405160392,23.58963200691426,75.04778109055489,0.6923076923076923,0.7941176470588235,44840.47463850063,546785.5630729868,546785.5630729868,585,1.0,0.0,0.0,0.0,27.549669837083794,25.76912834634186,51.94429634425971,27.6379985337194,23.255150077811656,523.578589866104,1781.2579113754311,878.6847397390561,0.493294505039174,1257.4165761488891,0.04429222951608058,523.4479287603008,2,0,3,64,0.0,491,207.0,0.5234479287603008,379.53351723929734,239191.3739143014,867.6042305903255,500000.0,0.5325185562207145,0,5,15.317343251845248,23,E7,night_fraction,0.5,marketplace
19.70130022869219,38.80890724991586,25.385615843825462,48.25585406436376,36.16575131181298,77.49456620188212,68.26929329918448,77.27689628124054,133.08011049577908,133.08011049577908,28.93522432640288,49.414818053180085,3.192974952411128,5.012968533705135,37.57152078533251,38.80890724991586,0.5789473684210527,0.7941176470588235,34421.87232108315,535140.8176419535,535140.8176419535,544,1.0,0.0,0.0,0.0,28.616409125724378,25.76912834634186,50.46034379097509,31.97003376252701,19.70130022869219,594.6217743413985,1473.3166015667332,737.161170155867,0.5003413179298771,1078.998308731811,0.041484792403337606,456.9501563010191,4,0,1,59,0.0,452,207.0,0.4569501563010191,387.6679619963211,249974.8039567784,829.9114425635119,500000.0,0.5561877543701333,0,8,26.055576109614105,24,E7,night_fraction,0.5,marketplace
4.84180000459196,4.84180000459196,,,,,,,,,28.723402226704355,49.801338372993,,,,4.84180000459196,1.0,1.0,209.99028817615883,500209.99028817617,500209.99028817617,501,1.0,0.0,0.0,0.0,28.675734357997545,25.76912834634186,49.76912834634186,28.713376628195537,4.84180000459196,488.68694262245924,1237.7932802512194,618.3594726035144,0.49956602808347267,917.3404625125696,0.038546935355446496,421.5679396326227,6,0,0,60,0.0,411,207.0,0.4215679396326227,414.6689829608059,284202.2094301423,729.8379852694896,500000.0,0.340813726216028,0,1,4.051315513999384,25,E7,night_fraction,0.5,marketplace
13.113624400641667,38.635354261312386,6.749977035247563,14.809523018712753,8.065053878166964,20.34798745530934,,,,,28.661250815797747,46.17207472400969,12.097307095216593,22.07968541001783,7.458095335281087,38.635354261312386,0.8181818181818182,1.0,8275.236379187336,508449.34756596206,507449.34756596206,527,0.9980332357494661,0.0,0.0,1000.0,27.687966780321922,25.76912834634186,44.06416086302562,28.334889582226914,13.113624400641667,501.241039410949,1402.9753408981267,698.2343303345444,0.49768111383024294,1036.4735177976477,0.040705388269403744,451.8586134774148,5,0,0,54,105.47841022133834,451,207.0,0.45185861347741474,408.8129378992083,274518.2031958442,755.6943626994347,500000.0,0.5601592357498234,0,2,8.102631027998768,26,E7,night_fraction,0.5,marketplace
20.477865528737386,59.88475288713687,39.168074023448334,122.32126098275639,35.46503179023648,94.72717625598057,,,,,31.742114833092984,55.97626970757227,10.813166757822088,24.454207668921217,37.581055923500394,59.88475288713687,0.8571428571428571,0.8214285714285714,12370.949722949961,513597.1255335828,512597.1255335828,535,0.9980529486044901,0.0,0.0,1000.0,31.287187917957574,25.76912834634186,57.15447813964556,31.788132985946394,20.477865528737386,568.5148820550345,1490.9641204656984,737.4317194942596,0.4946005805048648,1050.3023046775093,0.04330680784622419,501.1391243940983,7,0,2,53,61.08749929765477,455,207.0,0.5011391243940982,404.80355583031775,268664.9152866157,772.3417808500554,500000.0,0.5456566173574301,0,4,10.542407319080354,27,E7,night_fraction,0.5,marketplace
7.976815262212246,14.225736947320275,12.329381245560743,26.456915840845976,8.560239835650444,19.808684074916727,5.1634388386792835,5.713915834987043,7.903489301740194,7.903489301740194,28.093760234053896,43.19259971266729,9.095511758892599,17.910121267592935,10.020210415984199,14.225736947320275,0.9166666666666666,1.0,26590.43369586375,528937.8456762048,527937.8456762048,536,0.9981094186998066,0.0,0.0,1000.0,26.78264755591058,25.76912834634186,41.14816975965624,27.004981112486846,7.976815262212246,495.8151082433656,1503.5077371241348,744.9270328203517,0.49545939433955033,1075.2444828489588,0.038485959381273666,430.423104774453,1,0,3,54,171.52673641514082,461,207.0,0.43042310477445306,392.9069014536909,252083.68691998383,822.8633341538552,500000.0,0.5441714130994716,0,4,12.433225483121547,28,E7,night_fraction,0.5,marketplace
4.776035225434691,7.22842993531745,12.591812442463517,32.70771724369661,8.13444164603913,24.454880802664132,16.067391473493256,29.28175575824471,10.323623225348229,18.03582783592383,29.109122052843286,48.96305798155292,6.7133570266975395,16.380452345315792,10.580350733690683,7.22842993531745,0.9615384615384616,1.0,77164.28456252046,584688.0408818187,584688.0408818187,599,1.0,0.0,0.0,0.0,25.651518366883955,25.76912834634095,45.88111156747176,26.390837941221033,4.776035225434691,524.7312512898292,1867.9826525868955,916.0118434600628,0.4903749198053387,1291.70669296596,0.04643668402535723,553.824151211124,4,0,5,61,0.0,507,207.0,0.553824151211124,354.9821608086617,210955.8397630543,983.8733281066583,500000.0,0.5256523526205235,0,6,20.30926797026203,29,E7,night_fraction,0.5,marketplace
3.881018834241111,5.309912788821543,3.785763900501846,6.341939095743284,3.749298030309584,4.951248541225965,,,,,3.878711707205412,4.972818365854437,4.300280664809903,8.35818186959932,3.774248362546395,5.309912788821543,0.9583333333333334,1.0,13968.57625752051,515078.73700219905,515078.73700219905,554,1.0,0.0,0.0,0.0,3.883599479829934,1.76912734634152,5.181420061635865,3.8691005588639085,3.881018834241111,22.87876965650533,1803.4103145704967,883.7365583594939,0.4900363224161586,1082.8998362916866,0.036535664119200124,423.83938502299515,10,0,0,0,0.0,554,207.0,0.4238393850229951,402.7031684364354,267501.3704065317,775.4122495514446,500000.0,0.38196129912874116,0,0,0.0,0,E7,mtbf_mult,0.25,pooled_greedy
3.041777260592494,4.583509021308783,4.895583241111571,8.040596365991377,14.614916982963631,35.11736734735824,20.63901402518938,39.049650098778514,,,5.521810052809442,5.814562371434849,10.03122094602041,21.182791538663608,11.740366174075408,4.583509021308783,1.0,0.9655172413793104,22776.714596747763,525519.2910413912,525519.2910413912,536,1.0,0.0,0.0,0.0,5.673722683531356,1.76912734634152,8.201042586200629,6.008369154560564,3.041777260592494,53.37988043974947,1691.857998709611,837.2363190315649,0.4948620508755046,1043.7172512243765,0.04364619365007608,489.68302774611607,10,3,0,0,0.0,536,207.0,0.48968302774611605,394.82790939334654,255319.57655062663,812.6665641191189,500000.0,0.37038260472485246,0,0,0.0,1,E7,mtbf_mult,0.25,pooled_greedy
12.51653412103853,17.017759808938173,6.851919703978865,14.320559760208925,6.841240747335708,13.646233204655346,20.38280195983009,32.56520419397559,,,4.6086412315776295,5.778069032130588,6.986237341481063,5.647050670868339,8.539275377219084,17.017759808938173,0.9545454545454546,0.9736842105263158,29310.196036041838,532277.3226155266,517873.34282247716,549,0.9729389564780431,14403.979793049497,0.02706104352195697,0.0,5.087725652538178,1.76912734634152,8.759225648358402,4.805265005238698,12.51653412103853,29.773529331295578,1784.1095063953485,877.0583272865149,0.4915944476180398,1086.7819203954264,0.046356377205372425,533.950073005137,13,3,0,0,0.0,549,207.0,0.5339500730051371,400.74267762445174,263854.99436151085,786.5454681849244,500000.0,0.3834505406705868,0,0,0.0,2,E7,mtbf_mult,0.25,pooled_greedy
4.792918322280378,6.076547880768887,4.367527758558411,6.2879729971518845,22.56332138583416,92.09936015339008,96.60078489552507,96.60078489552507,53.04494901963517,53.04494901963517,5.4169887908246634,11.033015520288545,4.930813245696397,4.565968919972239,15.792160817296917,6.076547880768887,0.9130434782608695,0.9361702127659575,28096.063942230638,531327.860284328,531327.860284328,562,1.0,0.0,0.0,0.0,5.90715251049696,1.7691273463419748,11.68239780498297,7.219786759727432,4.792918322280378,76.82702004200956,1910.103774496334,942.4274343253543,0.49339069788177264,1191.8187400575143,0.04811951349868019,565.922446469199,16,2,0,0,0.0,562,207.0,0.565922446469199,390.6550699889801,249496.82110102626,831.9381446644628,500000.0,0.37368552457605225,0,0,0.0,3,E7,mtbf_mult,0.25,pooled_greedy
4.289523918354159,6.570455352585036,5.295792164459044,7.812154817398094,3.3543695203147763,5.059609104144875,,,6.1163852357155974,6.1163852357155974,4.468002945101156,5.787838852139478,3.3147878641722364,4.62981113767637,4.267980176382667,6.570455352585036,0.9444444444444444,1.0,32491.15341102122,534209.4492904893,521325.49254426855,548,0.9758821998312972,12883.956746220842,0.02411780016870289,0.0,4.433690521323432,1.7691273463416337,5.947952633259709,4.456060292951615,4.289523918354159,27.94459760528577,1758.055580958761,865.907973389828,0.49253731381894217,1061.4055536442324,0.04017898696803811,465.94902324914835,12,1,0,0,0.0,548,207.0,0.46594902324914833,397.9585728883805,261552.99320385486,793.2080856040895,500000.0,0.3712345489266891,0,0,0.0,4,E7,mtbf_mult,0.25,pooled_greedy
7.377238300368258,19.45704947314045,7.968064084461004,17.713987071401068,12.975666046482013,31.915475095418422,31.36835452677663,58.08847473553624,,,4.843745426235813,7.335977885678538,2.5633963706849627,4.2961373484045,14.317322826931132,19.45704947314045,0.8888888888888888,0.9298245614035088,43452.69323580841,547328.4080016714,547328.4080016714,573,1.0,0.0,0.0,0.0,5.395448820186288,1.7691273463417474,13.046831769221644,6.492512463491694,7.377238300368258,78.64214771521185,1920.8804464963346,942.4577018360255,0.4906383963432281,1195.2416248730203,0.039285904868229284,467.91886679185507,11,0,0,0,0.0,573,207.0,0.46791886679185507,379.05563795650505,233891.98727703598,887.0244820360355,500000.0,0.391658593903155,0,0,0.0,5,E7,mtbf_mult,0.25,pooled_greedy
3.3742890376419115,4.366366833367488,4.65705373347569,7.239951461762349,7.056260878574449,15.059035597591272,28.70061215751798,32.48050457218087,,,5.028818041131435,5.826027299220197,9.94737490997825,24.494129370735216,9.364082221469877,4.366366833367488,0.9642857142857143,1.0,31608.77227884693,533346.8920584851,533346.8920584851,565,1.0,0.0,0.0,0.0,5.244146833211833,1.7691273463416337,7.6533812407582085,5.865468327288001,3.3742890376419115,63.553205344120265,1883.4113635926424,931.2688291269968,0.4944585379110085,1171.3038583072967,0.039149800398608374,444.34552310400295,11,0,0,0,0.0,565,207.0,0.44434552310400294,388.948259776034,248086.45557120338,836.177634306865,500000.0,0.43786084969760025,0,0,0.0,6,E7,mtbf_mult,0.25,pooled_greedy
8.34245598046304,5.826564684305463,17.641729863111387,55.04696322329656,2.699590129002931,3.237984456112435,6.504395574288608,7.159589410589993,,,5.818399188458349,14.466428181341243,6.210894163945025,16.570019207349258,11.110316272085484,5.826564684305463,0.9459459459459459,0.9180327868852459,40773.60461111535,544565.4292464787,533094.6781879223,581,0.9789359543545969,11470.75105855638,0.021064045645403137,0.0,6.211249465258621,1.76912734634152,14.649199455899065,5.88429540210032,8.34245598046304,63.30774386605298,1955.6905269451593,959.2796440894574,0.4905068725714379,1139.8222802615453,0.0435612558000461,531.3929469121877,13,2,0,0,0.0,581,207.0,0.5313929469121876,389.2955631302604,247229.88270042045,839.426814752759,500000.0,0.3777494678464919,0,0,0.0,7,E7,mtbf_mult,0.25,pooled_greedy
8.984258396402613,35.28866222279619,9.860468651070732,20.434904140300972,7.521753359268545,8.012397582978158,6.292066744717658,7.315476233871732,,,4.826563859284786,6.421374861412957,2.3467591346466654,3.276655636503392,8.228290276890968,35.28866222279619,0.88,0.8958333333333334,38363.5914215517,540361.5398106,526845.8481339897,560,0.9749876875372225,13515.69167661024,0.02501231246277737,0.0,5.098750313458411,1.7691273463416337,6.855353216773715,5.029490144864041,8.984258396402613,45.690611893087656,1813.6879885921858,894.3732929268264,0.4931241197782059,1102.4241242480366,0.038179609622636786,423.88055694329614,11,0,0,0,0.0,560,207.0,0.4238805569432962,393.70886435113437,254239.8377339522,815.8590817462714,500000.0,0.42297582550050655,0,0,0.0,8,E7,mtbf_mult,0.25,pooled_greedy
13.486493462639134,27.770806132074334,6.1281834832384305,8.93969229563927,24.7096248465553,52.13180789203789,31.567716745013968,31.567716745013968,44.423955798850784,52.08223881081276,4.9139942738177,8.32765316153199,11.221000836483556,9.476924167585821,14.49807831583097,27.770806132074334,0.8947368421052632,0.9259259259259259,47374.080402398526,549736.351411949,549736.351411949,604,1.0,0.0,0.0,0.0,6.4857453397909355,1.7691273463419748,16.76811174514769,7.12753377965389,13.486493462639134,75.23775852392995,2124.231453499845,1038.8621810149798,0.4890531958291877,1335.2986420294837,0.05874630797235865,766.4491290605532,20,4,0,0,0.0,604,207.0,0.7664491290605533,377.93834916579715,234360.44605983986,886.5252333408301,500000.0,0.40987845457503,0,0,0.0,9,E7,mtbf_mult,0.25,pooled_greedy
2.6734994232392637,4.4741970760142085,3.726265060606039,5.307476470933943,14.429251064714464,48.006721769712385,,,,,4.536837579541258,5.778069032130588,6.7474237664249355,11.125460442261566,9.077758062660251,4.4741970760142085,1.0,0.9666666666666667,13819.243346008723,516514.44304295897,516514.44304295897,540,1.0,0.0,0.0,0.0,4.664011385857022,1.76912734634152,5.778069032130725,4.823313630743351,2.6734994232392637,39.54441501132798,1717.5743664330712,849.2160265245874,0.4944275154083576,1046.9678900131598,0.03679672831437726,402.924175042431,11,0,0,0,0.0,540,207.0,0.402924175042431,401.5433197824297,264094.21740857797,785.3368627688319,500000.0,0.11763501280832034,0,0,0.0,10,E7,mtbf_mult,0.25,pooled_greedy
9.649585252429645,24.272538053979588,8.541695359427194,18.203169166372575,7.874955669608335,13.804916303707262,,,6.75338177253343,6.75338177253343,5.2069506108267065,7.335503674338696,2.515073832670396,3.658122941105695,8.065452723842295,24.272538053979588,0.8571428571428571,0.9714285714285714,26006.043708159235,531772.2574830158,531772.2574830158,543,1.0,0.0,0.0,0.0,5.4206111094832305,1.76912734634152,10.618257878410809,5.357262939327328,9.649585252429645,47.373724425510254,1722.6575793814975,853.6776148105242,0.4955585050843525,1055.5873294617904,0.04021193342565169,444.90688601012573,13,1,0,0,0.0,543,207.0,0.44490688601012573,390.1010328517104,248490.1768365938,834.8213580387329,500000.0,0.35233740336927494,0,0,0.0,11,E7,mtbf_mult,0.25,pooled_greedy
9.620483835912703,23.680093771625632,12.711051679358926,31.062367718477276,4.995980005050114,4.995980005050114,,,,,5.686307536299205,10.052581167684997,5.471319227178161,12.44576260643681,11.608898583029097,23.680093771625632,0.8571428571428571,0.8571428571428571,3605.0987133016765,503977.3460501888,503977.3460501888,521,1.0,0.0,0.0,0.0,5.815851592461501,1.76912734634152,12.154777490083092,5.691867309874388,9.620483835912703,47.65840941694021,1584.2292276368257,785.7305085918865,0.4959702137069839,937.35014140362,0.04103389724089832,472.2555037614644,17,1,0,0,0.0,521,207.0,0.4722555037614644,411.66980446597347,280254.5958344905,740.2992086034801,500000.0,0.39610368116615735,0,0,0.0,12,E7,mtbf_mult,0.25,pooled_greedy
5.693895066561628,11.316201641489915,3.8887699263846742,5.3734970777848945,15.559299468916606,33.63657852385104,,,,,3.788228460315723,4.972818365853527,1.786158674066678,1.9585423353671103,9.075671945287755,11.316201641489915,0.875,1.0,6216.486291594783,506496.9548278934,506496.9548278934,522,1.0,0.0,0.0,0.0,3.8894199838472754,1.76912734634152,4.972818365854243,3.924581135314647,5.693895066561628,15.943885877458163,1591.500444060295,792.8765264305364,0.49819434822633185,951.1231964220034,0.037649870372085045,412.2660805743312,10,2,0,0,0.0,522,207.0,0.41226608057433123,409.50348092626257,275532.81660768174,752.7679230162225,500000.0,0.031647489002509355,0,0,0.0,13,E7,mtbf_mult,0.25,pooled_greedy
6.98379433452117,14.08714518207734,8.687221184621194,14.248463550138922,11.078945502730239,29.940565833851565,14.004615038831957,35.80880597674004,,,4.484739345282545,6.406613160370497,3.2685563495992125,5.124655625303239,11.135910273210007,14.08714518207734,0.9310344827586207,0.9838709677419355,58929.484502104126,566652.9292862886,566652.9292862886,576,1.0,0.0,0.0,0.0,4.962056486549836,1.7691273463416337,9.516561159532102,5.386442267856946,6.98379433452117,52.06932175307197,1941.4506066767801,959.4050813480693,0.49416919392572245,1237.0219927905823,0.040033855597531726,456.8790562673753,7,1,0,0,0.0,576,207.0,0.4568790562673753,366.1092501852302,217117.62554871314,955.5045498124322,500000.0,0.3899940897577068,0,0,0.0,14,E7,mtbf_mult,0.25,pooled_greedy
22.507075071388712,69.02299932733277,13.135022114451983,22.590652464484265,11.161181813102798,26.384802623898395,23.295346727344103,43.28133051381519,25.888973573326666,41.9189243647365,6.126826076833046,12.09434914311789,7.670846690011045,9.065179975124924,14.401945934334131,69.02299932733277,0.6571428571428571,0.8513513513513513,64862.71277757866,573615.9384122626,573615.9384122626,603,1.0,0.0,0.0,0.0,7.747474900714943,1.7691273463417474,24.06526361406659,7.705690545037438,22.507075071388712,99.80180408577581,2159.209649257619,1047.6264963526426,0.4851897992919948,1322.056443245169,0.049400539419878785,590.3767742910031,16,2,0,0,0.0,603,207.0,0.5903767742910031,361.8978533771041,210430.08596394153,986.5052129944141,500000.0,0.40001998287580703,0,0,0.0,15,E7,mtbf_mult,0.25,pooled_greedy
13.336585637224902,55.28481657614901,15.880597394330843,41.519023601437766,49.24336762830626,75.3521558080276,,,,,5.508246908452275,9.290587534399071,2.9502766516553343,3.945487553462999,27.001520805655982,55.28481657614901,0.8421052631578947,0.7857142857142857,8440.199489225186,509188.49886297405,509188.49886297405,531,1.0,0.0,0.0,0.0,6.138197925686027,1.76912734634152,11.805295795647908,5.853413815055453,13.336585637224902,57.39961347037598,1630.2618982606539,811.751717046057,0.497927184529139,988.1345010182137,0.03831747739453537,428.8387884124268,12,1,0,0,0.0,531,207.0,0.42883878841242684,407.37141402762296,275330.7096364961,753.3806855845077,500000.0,0.355377027398994,0,0,0.0,16,E7,mtbf_mult,0.25,pooled_greedy
6.008625837067624,13.873096527031883,3.6965818743840697,5.734077835606515,12.42914861285393,26.9432005263765,,,,,4.264530513573942,5.840529933914391,2.656748778314419,5.3319304191190895,7.335151348746511,13.873096527031883,0.9333333333333333,1.0,10188.61735102234,511539.3687118152,511539.3687118152,538,1.0,0.0,0.0,0.0,4.348774529905952,1.76912734634152,6.47128116624516,4.362826932168474,6.008625837067624,22.889741799086824,1666.4113627529719,824.0666240787671,0.4945157255273267,985.6015744917797,0.04035405652692943,453.90805130703177,11,2,0,0,0.0,538,207.0,0.45390805130703177,405.5482739749399,271041.54139551707,765.3952489466554,500000.0,0.38438753892246275,0,0,0.0,17,E7,mtbf_mult,0.25,pooled_greedy
5.198352687654693,10.601166577393453,4.605379348680617,5.665633182058349,6.798820281807336,16.38349611932517,11.34845477671388,16.050523338912626,7.889961656120249,7.889961656120249,4.480121650063005,6.009765790328629,6.1889380059781045,12.60123270446455,6.971833108845145,10.601166577393453,1.0,1.0,68261.72443658626,572191.6285267603,561368.4124093493,574,0.9810846304318052,10823.216117411037,0.01891536956819503,0.0,4.70597482054262,1.76912734634152,8.173413110587461,5.082865352627999,5.198352687654693,45.54089159628318,1925.6931687372958,954.0881817895014,0.4954518182224796,1176.7889755779588,0.04011673070906975,455.8799088184587,9,1,0,0,0.0,574,207.0,0.45587990881845875,369.55388889523374,224238.53155822467,925.157146130131,500000.0,0.3788702790500702,0,0,0.0,18,E7,mtbf_mult,0.25,pooled_greedy
12.900155242194199,50.405671383634086,9.147733751892988,7.3028378366372655,24.5172726037231,73.62859490099443,,,,,5.31237823334844,8.33799959264924,4.0350835024643095,6.511771365619464,14.572276876068322,50.405671383634086,0.8285714285714286,0.8840579710144928,37728.11627304937,538786.9281851918,526296.1270711955,582,0.9768168074231693,11490.801113996251,0.021327171304435642,1000.0,6.278918822574728,1.7691273463416337,11.68275686340483,6.11201387109292,12.900155242194199,60.68390745988592,2027.3212305799111,993.1054851952879,0.48986094074061076,1208.5166784970802,0.048294623116602986,549.9862872903059,12,3,0,0,0.0,582,207.0,0.5499862872903059,394.3597066584791,255368.73523469394,812.7462670657145,500000.0,0.40616336939425796,0,0,0.0,19,E7,mtbf_mult,0.25,pooled_greedy
3.791749057983781,6.478915903031067,6.443600944467744,13.714920147176986,7.183289896714814,12.250490930700199,7.597944494584681,7.597944494584681,4.820118274277888,4.820118274277888,4.006054383172406,4.97281836585446,4.982822854403076,5.2617927915182925,6.884763518227043,6.478915903031067,1.0,1.0,42968.20466135957,546796.3875473237,534781.0123534314,558,0.978025869468912,12015.37519389233,0.021974130531088105,0.0,4.08501701355516,1.76912734634152,5.613786208151487,4.116098468931605,3.791749057983781,22.60494729238212,1773.5028875605874,877.8186372819556,0.49496318468890405,1073.8244364699917,0.0398600314023267,457.4984761926312,8,2,0,0,0.0,558,207.0,0.4574984761926312,387.92981366938665,250005.49194077766,829.811764796495,500000.0,0.33467238415920963,0,0,0.0,20,E7,mtbf_mult,0.25,pooled_greedy
6.573006754745717,16.3386443003201,3.830752807113913,5.16314878446874,3.757922279369268,5.150770424675466,4.820118274277775,4.820118274277775,,,6.242624470870141,15.623829405990746,2.8274322291874037,4.60029409687486,3.9362158585732345,16.3386443003201,0.9,1.0,17327.275816339392,522341.9832740221,522341.9832740221,537,1.0,0.0,0.0,0.0,6.163331447786327,1.76912734634152,15.237470624308482,6.3120283985840455,6.573006754745717,53.86720755945994,1681.1719578247616,829.8861346387419,0.4936354849223851,990.5845089333143,0.04735471158810854,518.5340918897886,19,3,0,0,0.0,537,207.0,0.5185340918897886,397.2848071509982,262403.54495487886,790.8373879917411,500000.0,0.00010373782460493253,0,0,0.0,21,E7,mtbf_mult,0.25,pooled_greedy
16.756488071182048,65.90461274653963,31.41336316072816,72.33843849648584,27.878912920450983,79.5202538692979,4.675293146604872,4.675293146604872,,,5.5424046456841785,15.759345918539477,5.05266716531777,8.412370795180873,27.41796553941263,65.90461274653963,0.75,0.75,19226.136203616657,520041.7500651535,520041.7500651535,533,1.0,0.0,0.0,0.0,6.279117768587402,1.76912734634152,18.550045529041405,5.784811637207378,16.756488071182048,54.694448616605406,1648.5644341737443,811.4607386302321,0.49222264038283337,977.9127122611459,0.040451021415156475,456.58351019419234,12,2,0,0,0.0,533,207.0,0.45658351019419235,398.92293932978066,264931.5897608701,783.0571797702439,500000.0,0.331468083608862,0,0,0.0,22,E7,mtbf_mult,0.25,pooled_greedy
4.048943852928904,7.045284114546761,5.586082175446501,11.496048070293773,21.753604499021264,56.40001758317193,10.913613253386359,12.932838271019966,,,4.5853564936186135,6.311076209617306,5.084851605647589,10.806284024551587,11.52850580964055,7.045284114546761,0.9743589743589743,0.9558823529411765,44840.47463850063,546785.5630729868,534074.9817859603,584,0.9767539925238847,12710.581287026522,0.023246007476115223,0.0,4.907998889115534,1.769127346341751,8.349101512883948,5.226980716307368,4.048943852928904,49.80744696415536,2029.549520237594,990.7966339592034,0.4881854934208324,1195.4909208624852,0.039970552479847224,496.0532165412757,11,0,0,0,0.0,584,207.0,0.49605321654127565,388.5148346074351,247298.95528461007,839.0494532325838,500000.0,0.3990216210958553,0,0,0.0,23,E7,mtbf_mult,0.25,pooled_greedy
27.078593235840966,62.832245350076114,30.273211596298324,57.13832869672679,28.104547036183856,63.16067662967216,72.00620879087,72.34317621849114,,,4.843167405725678,4.972818365854437,1.975510202368797,3.0659087451194864,34.53641248617253,62.832245350076114,0.5263157894736842,0.5294117647058824,34421.87232108315,535140.8176419535,523443.16914699145,543,0.9781409899799709,11697.648494961977,0.021859010020029008,0.0,6.3939277227582405,1.76912734634152,13.785165455941055,6.722898404257998,27.078593235840966,68.59889708770466,1711.4452297613243,844.7416800557797,0.49358382340613155,1000.2738668161313,0.039675087656237694,434.44220983580277,10,2,0,0,0.0,543,207.0,0.4344422098358028,396.2883736698163,258121.10065620797,803.6322551022985,500000.0,0.028451678392239277,0,0,0.0,24,E7,mtbf_mult,0.25,pooled_greedy
2.5503240170628487,2.5503240170628487,,,,,,,,,5.397138618976708,7.407983941719164,,,,2.5503240170628487,1.0,1.0,209.99028817615883,500209.99028817617,500209.99028817617,501,1.0,0.0,0.0,0.0,5.391456354302229,1.76912734634152,7.382636044777428,5.39594351406028,2.5503240170628487,47.36513462666529,1462.7659375788137,730.8458012673111,0.49963277274354306,884.1576158882737,0.03571589959966781,391.08910061636254,11,1,0,0,0.0,501,207.0,0.39108910061636254,414.60805087306676,284160.4483274984,729.8379852694898,500000.0,0.08191429482875834,0,0,0.0,25,E7,mtbf_mult,0.25,pooled_greedy
5.3162755223001605,10.614393078742069,5.4152971737442686,10.388681426589756,12.273490407600613,29.19108363765301,,,,,4.120056753608118,5.8194444709751885,3.363526970487783,5.228599001612747,9.10817045351307,10.614393078742069,1.0,0.9583333333333334,8275.236379187336,508449.34756596206,508449.34756596206,528,1.0,0.0,0.0,0.0,4.262060097210193,1.76912734634152,6.307845832250224,4.282135294950978,5.3162755223001605,25.66259746857838,1633.3768687663835,813.544624794553,0.4980752699216237,1003.1149272584519,0.03703734288220023,413.3342783893445,12,0,0,0,0.0,528,207.0,0.4133342783893445,407.9331309427657,274165.22827552666,756.526768850301,500000.0,0.4406020378562768,0,0,0.0,26,E7,mtbf_mult,0.25,pooled_greedy
2.8886514120639393,4.596824218402122,5.735194049254135,9.278829473183348,9.615245324457797,19.439908737924725,,,,,5.416536845829136,13.684511877198236,6.355919373332185,13.735910152426602,7.398073167198562,4.596824218402122,1.0,1.0,12370.949722949961,513597.1255335828,513597.1255335828,536,1.0,0.0,0.0,0.0,5.4162871679307845,1.76912734634152,13.087563104081255,5.485984129591323,2.8886514120639393,49.32625204468925,1687.0445098831335,832.0986675757516,0.49322863901995895,1030.4371519180513,0.0390712699887755,451.38919778150665,12,1,0,0,0.0,536,207.0,0.45138919778150666,403.9185168379934,268311.32322519476,773.1741870009217,500000.0,0.4053982705634824,0,0,0.0,27,E7,mtbf_mult,0.25,pooled_greedy
12.205810464921283,31.75072415508603,7.790137538973159,13.641041851378345,13.24644119182544,25.14784700782843,9.338548294393362,12.128158862656866,7.903489301740194,7.903489301740194,4.5777320303994,4.972818365854437,4.881234175140634,9.455718985942958,10.02980275322029,31.75072415508603,0.75,1.0,26590.43369586375,528937.8456762048,528937.8456762048,537,1.0,0.0,0.0,0.0,4.9213518576036215,1.76912734634152,6.382513472393532,4.8996413181941785,12.205810464921283,41.86843409518577,1702.7196758256048,842.4915893361723,0.4947917154523218,1072.1296022742665,0.037187970495008014,414.2753160468184,8,1,0,0,0.0,537,207.0,0.4142753160468184,392.1335503056777,251809.3334309524,823.6957403047217,500000.0,0.3960357871181124,0,0,0.0,28,E7,mtbf_mult,0.25,pooled_greedy
3.2721641836286937,4.62887444886681,5.8374097431696415,14.213650794396926,8.609302248913778,23.910633860537562,30.27573034419072,34.89598033120137,15.688282150690364,30.527404440310285,5.90336125234383,11.963073322036204,7.718343513950908,21.381797960840967,8.750751033605527,4.62887444886681,1.0,1.0,77164.28456252046,584688.0408818187,584688.0408818189,599,1.0000000000000002,0.0,0.0,0.0,6.132990564805204,1.7691273463419748,15.720881768494493,7.295143384526675,3.2721641836286937,93.72790049808995,2112.2355660567287,1031.6267089537291,0.48840514075787633,1304.2213439885493,0.0458602741376551,532.6108278396118,9,2,0,0,0.0,599,207.0,0.5326108278396118,354.945879369863,210934.2787320094,983.8733281066583,500000.0,0.37234147722389493,0,0,0.0,29,E7,mtbf_mult,0.25,pooled_greedy
2.0705361610386355,2.4820641782353956,3.584576399416479,3.4888691817423023,2.696198340675162,4.169552715478176,,,,,23.6513306171609,28.972819365853866,4.644175187357462,11.495840005034097,3.304035959813958,2.4820641782353956,1.0,1.0,13968.57625752051,515078.73700219905,515078.73700219905,554,1.0,0.0,0.0,0.0,21.641192755853385,25.704708293036674,28.972819365853866,23.03472097408056,2.0705361610386355,431.02839642855383,1780.7960545732676,884.6656466984488,0.4967810010733887,979.8289222710627,0.03382578585643028,389.65480273441995,9,0,0,12,102.4925070669722,536,207.0,0.38965480273441994,402.6368007535302,267457.28471881093,775.4122495514446,500000.0,0.34521806784156056,0,8,30.232976350897143,0,E7,mtbf_mult,0.25,marketplace
2.4506482383385824,3.682174166529512,3.3798045432138983,3.856809707903949,4.446788411955867,5.739475942319951,11.705828672179754,20.1393092017237,,,24.16649187241864,31.684188479059177,3.751405634504116,5.519366636115501,5.545018238257285,3.682174166529512,1.0,1.0,22776.714596747763,525519.2910413912,524519.2910413912,535,0.9980971202826477,0.0,0.0,1000.0,22.80323226670862,25.704708293039744,31.04236051876779,23.3415236014141,2.4506482383385824,433.78064294239766,1686.007749643663,847.9565905688148,0.5029375403215258,962.7371527117958,0.035284369805886756,395.5782492099129,10,0,4,18,0.0,510,207.0,0.3955782492099129,395.40124031938376,255465.44970249978,811.8341579682526,500000.0,0.4063004358447914,0,8,25.191405714710314,1,E7,mtbf_mult,0.25,marketplace
9.035166972857548,20.43693228021084,12.411419164845967,23.60494583315642,7.462305205366647,13.33280851601512,4.724169815304435,4.763271150264086,,,23.774339846278927,28.972819365853866,6.916310848693022,13.959860960440892,9.59459526134853,20.43693228021084,1.0,1.0,29310.196036041838,532277.3226155266,516873.34282247716,548,0.9710602365748803,14403.979793049497,0.02706104352195697,1000.0,22.430222993089874,25.70470829303855,28.811769232599318,23.185864329749162,9.035166972857548,418.9867019106815,1700.7147752990238,842.7187141436519,0.4955085511005119,959.4728887482152,0.03872177489923145,464.7586089986598,14,0,1,19,0.0,522,207.0,0.4647586089986598,401.3841330568551,264046.4676403785,785.7130620340581,500000.0,0.4015788727835837,0,9,22.980303226742436,2,E7,mtbf_mult,0.25,marketplace
4.879730803381809,5.876677713125901,7.256484444642131,13.939075608932217,11.23353150810326,36.12264576217458,31.904242373104353,31.904242373104353,52.21622767800909,52.21622767800909,24.815839976984932,30.51114057989288,4.495873864401574,10.235143410239294,9.94057730143686,5.876677713125901,0.9565217391304348,1.0,28096.063942230638,531327.860284328,530327.860284328,561,0.998117922897051,0.0,0.0,1000.0,22.903868581118324,25.704708293039857,29.8419536533022,24.63622559556191,4.879730803381809,468.48939084757563,1846.5526059134227,908.1138372100007,0.49178877130380466,1012.3204607877149,0.0425003149755151,526.59743815283,16,1,2,17,0.0,541,207.0,0.52659743815283,391.31754708660844,249699.3918118131,831.1057385135965,500000.0,0.3642563030952772,0,5,14.842238772033356,3,E7,mtbf_mult,0.25,marketplace
6.605547884337006,15.145002057790872,4.829749116334483,7.8188074815539945,2.712325841679002,3.1912030147092088,,,73.2959205834934,127.83917884753524,24.826517896723804,29.778070032130927,5.489098871657339,3.7527501291084264,3.7087603238698166,15.145002057790872,0.8888888888888888,1.0,32491.15341102122,538255.453584505,538255.4535845051,550,1.0000000000000002,0.0,0.0,0.0,23.296650658698702,25.704708293039516,29.255463601999068,26.949194221134256,6.605547884337006,516.7933437932465,1736.9390865228722,869.8717485732042,0.5008072852540701,938.1461687749013,0.03632421815920345,420.09477620644833,12,0,1,18,4046.004294015581,525,207.0,0.4200947762064483,385.3562344698879,249530.37975405023,831.2418511150834,500000.0,0.3577986148513017,0,12,35.934308997019706,4,E7,mtbf_mult,0.25,marketplace
7.4118660731252834,10.829123951848604,9.061121675325515,24.27444248459074,9.270260705501949,25.83152982657666,29.27081749286678,54.04262756152548,,,24.12514421081027,30.5175352802431,3.4344701968644884,7.095360532367977,13.172773848892579,10.829123951848604,0.9259259259259259,0.9298245614035088,43452.69323580841,547328.4080016714,546328.4080016714,572,0.998172943363837,0.0,0.0,1000.0,22.18304560102328,25.704708293039516,30.326509323720572,23.917435160738087,7.4118660731252834,462.30275418097807,1829.4110344702149,899.7254405791158,0.49181153039216813,1042.7346946014738,0.03737262035522692,447.43132018385757,11,0,0,24,0.0,541,207.0,0.44743132018385756,379.7119613072531,234088.56495695456,886.1920758851692,500000.0,0.38769825037028055,0,8,18.766510338509438,5,E7,mtbf_mult,0.25,marketplace
3.4970570694590157,4.477285544141864,4.860475960693258,7.947497090326216,4.197092462477973,7.85049484157676,32.35122322221804,39.152079217506504,,,24.411178445764453,30.283533352060573,5.445627911183028,9.470170627984595,9.248780317301263,4.477285544141864,0.9642857142857143,1.0,31608.77227884693,533346.8920584851,533346.8920584851,565,1.0,0.0,0.0,0.0,22.294284444756975,25.704708293039857,29.809431838684578,24.07825863222866,3.4970570694590157,453.99731623321037,1838.54504385039,927.4405731157234,0.5044426712404186,1033.4544902540106,0.0374217706601819,434.96774158558713,11,0,0,22,0.0,535,207.0,0.43496774158558715,388.93067688268997,248075.2405121852,836.177634306865,500000.0,0.41376973015416346,0,10,34.69280547088866,6,E7,mtbf_mult,0.25,marketplace
5.68524302423861,10.616305007669816,23.78811131528856,86.58882379519346,2.3043640538892967,2.525976828063057,6.063349301183067,6.718543137484451,11.838310601135902,11.838310601135902,24.896068723628623,33.38376575598484,3.3048253528857487,5.29359729646176,14.254642591088379,10.616305007669816,0.9459459459459459,0.9344262295081968,40773.60461111535,544565.4292464787,543565.4292464787,581,0.9981636733690867,0.0,0.0,1000.0,22.467364070279665,25.70470829303963,32.130697663185856,23.38781775313825,5.68524302423861,457.22640810452026,1913.0052907790819,948.5987504712363,0.4958683360906515,1053.3338753677258,0.03824027976329619,473.55208366055206,13,0,1,12,99.38937189467718,561,207.0,0.47355208366055207,381.69011662730685,238797.38303818955,868.8267410806611,500000.0,0.37729176209590376,0,9,25.38464609111371,7,E7,mtbf_mult,0.25,marketplace
9.385489452367842,36.724080029803986,14.244183989075879,31.118806411414138,7.6113127687591335,4.770199028066146,5.159550367641145,5.271609509385485,,,24.569245723628672,31.639084812102563,2.9282267156408373,4.813738966824076,9.705201680076437,36.724080029803986,0.88,0.8958333333333334,38363.5914215517,540361.5398106,526845.8481339898,560,0.9749876875372228,13515.69167661024,0.02501231246277737,0.0,22.817175816701752,25.70470829303963,31.091045687832516,23.773651149455556,9.385489452367842,443.07511366330533,1751.702127676247,867.9990339121654,0.4955174856490159,981.896003154641,0.03694829534776648,425.3513104589473,11,0,1,19,0.0,535,207.0,0.4253513104589473,393.7116559713414,254241.64043928278,815.8590817462714,500000.0,0.4159551110320696,0,14,43.301198525779085,8,E7,mtbf_mult,0.25,marketplace
9.994507658478414,29.581167738996772,9.199048614051492,26.940351291055382,11.498814214523994,39.77386186732975,36.08419072951983,36.08419072951983,41.101748138852145,51.03419246237836,24.326159448040958,32.11176923259886,7.096186140236623,10.960266073355342,10.786977054143897,29.581167738996772,0.8947368421052632,0.9506172839506173,47374.080402398526,549736.351411949,548736.351411949,603,0.9981809461982428,0.0,0.0,1000.0,21.913114882496647,25.704708293036674,32.11176923259923,24.20211183526845,9.994507658478414,470.65644592903607,2016.0217346714214,985.732673244249,0.4889494276235605,1146.6560540499574,0.0463905080905341,567.7856746381365,19,0,3,24,0.0,567,207.0,0.5677856746381366,378.2650541385625,234356.40360009248,885.692827189964,500000.0,0.39084603580201477,0,9,25.011671366921902,9,E7,mtbf_mult,0.25,marketplace
2.255321545161288,2.4544228129545447,4.2094377072941995,7.053902860730363,5.620095667489039,10.274981424893209,,,,,23.43098065642159,28.972819365853912,3.180677524936141,4.871471088371775,4.914766687391619,2.4544228129545447,1.0,1.0,13819.243346008723,516514.44304295897,516514.44304295897,540,1.0,0.0,0.0,0.0,21.95834791127904,25.70470829303963,28.81176923259934,22.837493974722374,2.255321545161288,422.8224589515498,1669.419934611275,830.1162347859223,0.4972483061784063,920.0212141082958,0.032729203397484995,367.009084514801,8,0,2,17,0.0,519,207.0,0.36700908451480097,401.4737862175674,264048.48532565875,785.3368627688319,500000.0,0.3878076700123037,0,9,24.947560200297236,10,E7,mtbf_mult,0.25,marketplace
6.723724421504536,15.487674115822301,8.339612141673797,16.146526323644416,7.012455853269489,11.436118831112468,,,7.552558473439603,7.552558473439603,24.58763600565148,31.41481938690768,5.486303684152582,10.526411670163274,7.391643364242149,15.487674115822301,0.9047619047619048,1.0,26006.043708159235,531772.2574830158,531772.2574830158,543,1.0,0.0,0.0,0.0,23.175793567291407,25.70470829303963,29.778070032131836,23.528786196817585,6.723724421504536,438.98766978684205,1636.0358041993202,811.7958294759318,0.4961968603573603,935.9127957403309,0.036524107791648115,428.2194291746328,13,0,0,20,0.0,514,207.0,0.42821942917463285,390.0696520179029,248470.1875817972,834.8213580387329,500000.0,0.39283182520189036,0,6,20.060752031308418,11,E7,mtbf_mult,0.25,marketplace
19.46574687506271,53.35099947752863,28.090430984267073,65.26835584184312,4.995980005050114,4.995980005050114,,,,,25.357726764738686,32.858795816752014,4.350956870611753,9.055987774180636,24.791223701521794,53.35099947752863,0.8571428571428571,0.8571428571428571,3605.0987133016765,503977.3460501888,503977.3460501888,521,1.0,0.0,0.0,0.0,24.988711851247057,25.704708293040312,32.83993583198935,25.233535794792587,19.46574687506271,460.8108671791925,1510.686646625205,751.1883511276335,0.4972496134825505,842.8850367457259,0.03588053945902078,422.53311639663525,16,0,0,19,0.0,497,207.0,0.42253311639663527,411.5711445008887,280187.430576461,740.2992086034801,500000.0,0.3756710486235589,0,2,5.908785513585686,12,E7,mtbf_mult,0.25,marketplace
2.506526562123656,4.336806901857493,3.234318318252464,4.878364672661701,5.122915770916279,6.00105370870092,,,,,23.400244637191644,28.972819365854775,2.452918581063983,3.858154202847493,4.073694963880826,4.336806901857493,1.0,1.0,6216.486291594783,506496.9548278934,506496.9548278934,522,1.0,0.0,0.0,0.0,22.546173139220418,25.70470829303963,28.97281936585432,23.162819945166614,2.506526562123656,429.0193939449261,1549.9308590482324,774.8502897546588,0.4999257129640427,879.8257747559328,0.03040181647953218,342.26584019764545,8,0,0,15,0.0,505,207.0,0.34226584019764544,409.3652762643995,275439.82614111644,752.7679230162225,500000.0,0.3446611314059946,0,5,13.264047713570447,13,E7,mtbf_mult,0.25,marketplace
8.375965236112334,23.841152000377768,8.149841584978661,13.537164342926145,7.076314160233061,10.785727401671465,5.598540772079986,6.260903690555369,,,24.00635248487583,30.247431374853665,3.712662997344978,5.588284318816115,7.010846272884145,23.841152000377768,0.896551724137931,0.9516129032258065,58929.484502104126,566652.9292862886,566652.9292862886,576,1.0,0.0,0.0,0.0,21.75245563064788,25.443074334106768,28.972819365854093,21.942349394934574,8.375965236112334,438.14987499812736,1870.197596734779,929.9018193530433,0.49722116046805975,1087.3578900222105,0.037767245089956235,455.24223392752566,7,1,1,23,0.0,550,207.0,0.45524223392752566,366.1063616051925,217115.91250366258,955.5045498124322,500000.0,0.36935935658080776,0,6,18.255972431987228,14,E7,mtbf_mult,0.25,marketplace
14.24191654760292,64.93887514963936,17.235781650666986,38.11166489157495,3.578616075149884,4.1552616848730395,10.740147876639574,20.624378540214835,25.143042659128923,40.576248719180555,25.61191864200119,32.14915292221036,5.064663824321702,10.092671893889117,12.21787760582391,64.93887514963936,0.8285714285714286,0.9054054054054054,64862.71277757866,573615.9384122626,573615.9384122626,603,1.0,0.0,0.0,0.0,23.164105531291497,25.704708293039516,32.41083874948793,23.795479836668495,14.24191654760292,472.08994383994485,2057.533728819969,1014.0486869743688,0.4928466895927598,1196.1288830452888,0.046437023128580335,593.183033580486,17,1,2,21,0.0,562,207.0,0.5931830335804861,361.9027456039437,210432.93061113905,986.5052129944141,500000.0,0.3585668302319173,0,10,28.657829774929304,15,E7,mtbf_mult,0.25,marketplace
6.133992528657549,15.951195338504839,8.149493716340151,17.43374288554878,34.01967026822209,65.23908835396979,,,,,24.415080433213163,31.812915140420234,2.959320575187197,3.9671929699394695,16.7728859003008,15.951195338504839,0.9473684210526315,0.9642857142857143,8440.199489225186,509188.49886297405,509188.49886297405,531,1.0,0.0,0.0,0.0,23.510207174160723,25.70470829303963,30.65946141461791,24.155676782293902,6.133992528657549,446.4775857020189,1554.9796136542298,773.6058793450536,0.4975022646934039,870.6939154490054,0.03350273869992077,387.80389656610464,11,0,1,18,0.0,503,207.0,0.38780389656610464,407.2908252241878,275276.2419647977,753.3806855845077,500000.0,0.36706682901239257,0,4,12.984768772447051,16,E7,mtbf_mult,0.25,marketplace
4.179922436558214,7.775537946342591,3.9414563776063005,6.34581459105757,3.934788512062221,5.198242028367235,,,,,24.04554426401514,28.972819365853866,3.0562359808021298,4.8137389668245305,3.938678100296267,7.775537946342591,1.0,1.0,10188.61735102234,511539.3687118152,511539.3687118152,538,1.0,0.0,0.0,0.0,22.614040337450408,25.70470829303963,28.811769232599225,23.598107261389316,4.179922436558214,436.987855929761,1626.6500802965663,805.255396703039,0.49503910303574755,907.8500219736363,0.034540958987408436,398.59755861197743,11,0,0,13,0.0,522,207.0,0.39859755861197743,405.44014839149884,270969.27743415703,765.3952489466554,500000.0,0.3840617662985415,0,6,13.31673811383556,17,E7,mtbf_mult,0.25,marketplace
4.256535127092518,7.408573888392858,5.636602777817461,7.7544440106938906,5.902794030719936,10.786981461431784,14.840409691260598,30.520907126276597,6.202531654856557,6.931503624413653,24.144747635765825,28.98886189124423,7.822402069593909,17.295447973981695,7.546786980210879,7.408573888392858,1.0,1.0,68261.72443658626,577118.2182746406,576118.2182746406,575,0.9982672527597732,0.0,0.0,1000.0,21.824231094362446,25.382608026528942,28.972819365853866,22.019559612222782,4.256535127092518,450.62029010873243,1882.3893760744477,932.1054110136889,0.49517141504352846,1077.6932357450826,0.03697988866182461,446.34187989964175,9,0,4,19,0.0,551,207.0,0.44634187989964175,360.0759970777528,214784.46223873194,965.83495713635,500000.0,0.3725159199377949,0,4,9.467739574218374,18,E7,mtbf_mult,0.25,marketplace
9.819299704503075,35.80854814767081,12.85218977884992,28.493174570129195,9.848907359680444,29.218179789552053,,,114.13478743119595,114.13478743119595,24.760672451182895,31.271245436512302,4.733812928677001,10.569563901601855,11.792207748554812,35.80854814767081,0.8285714285714286,0.9710144927536232,37728.11627304937,538786.9281851918,536786.9281851918,582,0.9962879574552103,0.0,0.0,2000.0,22.776346395584582,25.46373795403359,31.540238811201014,26.011795982023102,9.819299704503075,499.6302531592254,1940.0965681606174,965.7098846315458,0.4977638229354346,1068.0530788484514,0.040521007733197535,489.34314228036817,10,1,2,19,0.0,542,207.0,0.4893431422803682,386.53948568340775,243446.19712847198,852.3006133991225,500000.0,0.3750933086906348,0,13,36.56463526423957,19,E7,mtbf_mult,0.25,marketplace
3.5802957582485737,7.346655591424872,10.796831713108258,20.549980027159677,4.757867333636841,5.3507600914026625,7.597944494584681,7.597944494584681,7.993984659122418,10.533077766998042,23.71319222595282,28.994098042140028,4.531582093813553,4.669195515163051,7.761039975300926,7.346655591424872,1.0,1.0,42968.20466135957,546796.3875473237,546796.3875473237,559,1.0,0.0,0.0,0.0,21.71694504640889,25.70470829303963,28.972819365853866,22.252772343742024,3.5802957582485737,431.9475428953469,1741.5501534763682,866.3437913786137,0.4974555511073138,977.4737355587719,0.03605379713625415,441.6865843052304,11,0,2,16,331.7308444098579,537,207.0,0.4416865843052304,379.3764759763555,242110.80739793475,856.8047366979073,500000.0,0.3854869477135578,0,4,15.777773042220606,20,E7,mtbf_mult,0.25,marketplace
5.37248394886563,15.459649520369032,8.171646744231657,18.37763300403867,21.258153538232364,36.65118669062904,4.820118274277775,4.820118274277775,,,24.545747624221697,31.337714649524923,3.4181684622259922,4.593940695298625,11.024332383987598,15.459649520369032,0.95,1.0,17327.275816339392,521323.0061561766,521323.00615617656,536,0.9999999999999999,0.0,0.0,0.0,23.31317816764528,25.70470829303963,30.212635803156445,23.96974715012526,5.37248394886563,448.6669042969171,1665.0167646359907,835.2566338170367,0.5016505848814334,901.6437566200224,0.035178127782907215,404.88883475777646,13,0,0,12,0.0,520,207.0,0.4048888347577765,397.84334546061444,263503.2433251557,787.1056394506154,500000.0,0.3921273543612666,0,8,20.23024399846331,21,E7,mtbf_mult,0.25,marketplace
12.365461713867868,52.63819670218674,29.36102504407295,69.35095515950124,14.309324704458353,39.318012202655154,4.675293146604872,4.675293146604872,,,24.590474410199416,31.374356223909853,4.542589661423183,12.064161887697992,19.778030549476643,52.63819670218674,0.8333333333333334,0.7916666666666666,19226.136203616657,520041.7500651535,519041.7500651535,532,0.998077077465656,0.0,0.0,1000.0,23.867014933839194,25.70470829303963,31.59402901151589,23.974364592688698,12.365461713867868,433.7923703229653,1545.626571445674,763.7700679312675,0.49414915739762993,902.5737606186922,0.03835210198476627,434.8757002225169,14,1,0,19,0.0,498,207.0,0.4348757002225169,399.6496922919667,265185.76590257435,782.2247736193776,500000.0,0.3969950462893889,0,3,8.155321428263882,22,E7,mtbf_mult,0.25,marketplace
4.556329529640256,7.566352577477953,4.738915604884967,8.329105334128872,7.211289488346452,13.90290312767738,6.077203588423558,7.614757111263631,6.547612990429059,6.547612990429059,23.80571177156454,29.3889966836955,3.9257639335122256,8.405494494816452,5.6837540463226235,7.566352577477953,0.9487179487179487,1.0,44840.47463850063,546785.5630729868,546785.5630729868,585,1.0,0.0,0.0,0.0,21.0508400695867,25.640670607010634,28.913181012009595,22.303259552926882,4.556329529640256,433.89802996412845,1998.3311261963831,990.2873605971442,0.4955571915061214,1077.2531335879432,0.03855775279584716,488.0675255004187,12,0,2,21,0.0,558,207.0,0.48806752550041865,379.4688110625997,239150.59448744703,867.6042305903255,500000.0,0.34359612808322665,0,7,16.682451798064857,23,E7,mtbf_mult,0.25,marketplace
20.680950699893618,60.779464486519096,28.609990516111793,53.606710173294054,31.639247131794694,76.66778998481023,103.34957020354523,134.38660876214743,160.13542559379493,160.13542559379493,24.112604831956737,29.784216875792573,2.6160784622100235,4.465416594975613,40.39282177717932,60.779464486519096,0.6842105263157895,0.6470588235294118,34421.87232108315,535140.8176419535,535140.8176419535,544,1.0,0.0,0.0,0.0,24.3360531942789,25.704708293039857,31.57548782553449,28.560305804151785,20.680950699893618,552.0553750834449,1661.4158918148876,828.0886605865613,0.4984234619797568,942.196841486017,0.03590055757555551,400.4084495884025,11,0,3,19,0.0,512,207.0,0.40040844958840255,387.562304373414,249906.6741494125,829.9114425635119,500000.0,0.38683113869092417,0,9,30.658434912938997,24,E7,mtbf_mult,0.25,marketplace
2.5503240170628487,2.5503240170628487,,,,,,,,,24.169652420896437,32.11176923259897,,,,2.5503240170628487,1.0,1.0,209.99028817615883,500209.99028817617,500209.99028817617,501,1.0,0.0,0.0,0.0,24.12650006879298,25.704708293039857,32.11176923259893,24.160576534589,2.5503240170628487,435.8678421357863,1411.6850739378553,710.5017263008655,0.503300445274909,795.0087252358013,0.03233659286181966,353.6845658325448,12,0,0,17,0.0,481,207.0,0.3536845658325448,414.53327320866566,284109.19786432874,729.8379852694898,500000.0,0.10985428411355858,0,2,6.686917343769473,25,E7,mtbf_mult,0.25,marketplace
8.514831523926288,24.97030311807248,12.749977035247563,32.80952301871275,14.876529495258117,44.347987455309344,,,,,24.24480641146295,28.97281936585432,7.0093071057167435,13.070663442605294,13.895043744484015,24.97030311807248,0.8181818181818182,0.9583333333333334,8275.236379187336,508449.34756596206,507449.34756596206,527,0.9980332357494661,0.0,0.0,1000.0,23.53034979731377,25.704708293039857,28.97281936585432,24.076232995385947,8.514831523926288,432.4425650239384,1541.3966790290913,766.9099021327634,0.4975422047852286,887.2790429663577,0.0355695323684127,407.7234782812866,13,0,0,18,0.0,504,207.0,0.4077234782812866,408.72596343484486,274459.79977592395,755.6943626994347,500000.0,0.4299770206248672,0,3,10.349166942676964,26,E7,mtbf_mult,0.25,marketplace
3.277104840780996,5.120099041881759,6.241395113308535,12.96752255761462,4.41195563169678,7.199373650947564,,,,,24.5112840459712,32.11176923259882,11.023905844918914,24.961239357898343,5.457349621189211,5.120099041881759,1.0,1.0,12370.949722949961,513597.1255335828,512597.1255335828,535,0.9980529486044901,0.0,0.0,1000.0,23.255335230217874,25.7047082930396,31.50706193955948,23.97343712810966,3.277104840780996,443.9662660933192,1657.1025380820709,827.420714653707,0.49931775230479286,897.5192657200445,0.035150951153035785,416.2223720589178,12,0,2,17,33.50503363981419,511,207.0,0.4162223720589178,404.6378960009795,268554.96816936706,772.3417808500554,500000.0,0.3664154030001698,0,8,25.191405714710314,27,E7,mtbf_mult,0.25,marketplace
8.515388288002981,24.42409078236342,7.012507837217758,13.582845130682106,8.560239835650444,19.808684074916727,5.1634388386792835,5.713915834987043,7.903489301740194,7.903489301740194,24.224566076138302,28.972819365853866,5.535681341533589,9.466409842682717,7.361773711812706,24.42409078236342,0.8333333333333334,1.0,26590.43369586375,528937.8456762048,527937.8456762048,536,0.9981094186998066,0.0,0.0,1000.0,23.060112781477724,25.704708293039687,28.972819365853866,23.328196630367117,8.515388288002981,443.3643776017211,1644.3357597237746,808.3719029793797,0.4916100000860985,926.3828928249003,0.03395223857837581,407.59748950123526,10,0,3,18,0.0,511,207.0,0.40759748950123526,392.8636660322106,252055.94766569234,822.8633341538552,500000.0,0.3716721878507734,0,3,8.544387343355776,28,E7,mtbf_mult,0.25,marketplace
4.173527352074488,6.304580208342259,12.165872498981273,31.661027665117217,4.854776436278158,7.288781734480669,16.067391473493256,29.28175575824471,10.323623225348229,18.03582783592383,25.150459805219647,31.72638514247621,5.443694834146604,6.297560234204177,8.754169403536714,6.304580208342259,0.9615384615384616,0.972972972972973,77164.28456252046,584688.0408818187,584688.0408818187,599,1.0,0.0,0.0,0.0,22.12800317389114,25.704708293036674,31.50706193955923,22.918180012121027,4.173527352074488,477.8884277170366,2071.8015058650303,1020.9726853576785,0.4927946439209659,1151.2723031167745,0.03931122211630087,486.9465790698336,9,0,5,20,0.0,571,207.0,0.48694657906983363,354.8677791769792,210887.86600034442,983.8733281066582,500000.0,0.3740890745840071,0,7,25.77629716849071,29,E7,mtbf_mult,0.25,marketplace
3.013773801521875,5.309912788821543,3.785763900501846,6.341939095743284,3.749298030309584,4.951248541225965,,,,,3.6760773489702077,4.972818365854437,4.300280664809903,8.35818186959932,3.774248362546395,5.309912788821543,1.0,1.0,13968.57625752051,515078.73700219905,515078.73700219905,554,1.0,0.0,0.0,0.0,3.6631463031099627,1.76912734634152,4.972818365854596,3.6698570168287468,3.013773801521875,22.940009067372912,1802.456921602859,882.7831653918565,0.48976658183144245,1078.7651257850612,0.03371372791454976,397.1649127712961,6,0,0,0,0.0,554,207.0,0.3971649127712961,402.6513812622901,267466.9700314189,775.4122495514446,500000.0,0.3698798410334529,0,0,0.0,0,E7,mtbf_mult,0.5,pooled_greedy
2.6762850278658714,4.33117286180859,4.842304794384584,8.040596365991377,14.614916982963631,35.11736734735824,20.63901402518938,39.049650098778514,,,4.599861686946956,4.972818365854664,10.143359175008722,25.671006174780644,11.717532554049557,4.33117286180859,1.0,0.9655172413793104,22776.714596747763,525519.2910413912,525519.2910413912,536,1.0,0.0,0.0,0.0,4.80433598670377,1.76912734634152,5.778069032130588,5.160108453677133,2.6762850278658714,44.22580003054579,1692.6888209400602,838.0671412620138,0.4951099876683658,1041.4871496154637,0.03807083096366406,428.63280632990444,6,2,0,0,0.0,536,207.0,0.4286328063299044,394.71173816527374,255244.45321700902,812.6665641191189,500000.0,0.4025831309812286,0,0,0.0,1,E7,mtbf_mult,0.5,pooled_greedy
12.345681119958716,17.017759808938173,6.851919703978865,14.320559760208925,12.841240747335709,31.646233204655346,20.38280195983009,32.56520419397559,,,4.315109366920479,4.972818365853618,3.6193773752107434,5.647050670868339,10.789275377219084,17.017759808938173,0.9545454545454546,0.9473684210526315,29310.196036041838,532277.3226155266,517873.34282247716,549,0.9729389564780431,14403.979793049497,0.02706104352195697,0.0,4.811659791005747,1.76912734634152,7.201149430528219,4.551569445445641,12.345681119958716,25.671935943016422,1770.958150612723,863.9069715038895,0.48781896466892316,1062.173014751251,0.045143548057824376,520.6695938394857,9,4,0,0,0.0,549,207.0,0.5206695938394857,400.7170333634568,263838.1097951344,786.5454681849244,500000.0,0.42119667850325165,0,0,0.0,2,E7,mtbf_mult,0.5,pooled_greedy
3.1612650704756837,4.430082974086872,4.3429377062228784,6.2879729971518845,32.527943595173156,125.20640564728546,129.70783038942045,129.70783038942045,134.15199451353055,134.15199451353055,4.620068888945153,6.465495679503555,9.914129297381253,36.48702789182932,21.31022735508539,4.430082974086872,1.0,0.9361702127659575,28096.063942230638,531327.860284328,531327.860284328,562,1.0,0.0,0.0,0.0,5.635478295894012,1.7691273463418042,7.184124657473195,8.12237564186235,3.1612650704756837,106.51955754472479,1910.1037744963348,942.4274343253543,0.4933906978817724,1190.2451654229922,0.04191720623416427,489.00718192274974,7,2,0,0,0.0,562,207.0,0.4890071819227497,390.51030953070995,249404.3679961413,831.9381446644628,500000.0,0.36161557786077864,0,0,0.0,3,E7,mtbf_mult,0.5,pooled_greedy
5.58958242068987,4.587921021970761,5.255833329413804,7.812154817398094,3.3543695203147763,5.059609104144875,,,6.1163852357155974,6.1163852357155974,4.712731836939812,6.0281482057242215,2.6205741568224425,3.908790381335598,4.249176018714318,4.587921021970761,0.9444444444444444,0.9714285714285714,32491.15341102122,534209.4492904893,521325.49254426855,548,0.9758821998312972,12883.956746220842,0.02411780016870289,0.0,4.683900856711774,1.76912734634152,5.9060671886858485,4.70477074371994,5.58958242068987,33.3571341121994,1763.476478229315,871.3288706603818,0.4940972456492713,1054.600860381851,0.03955263745250983,457.6588792033464,10,1,0,0,0.0,548,207.0,0.45765887920334636,397.94267083838605,261542.54179243298,793.2080856040895,500000.0,0.41483612910959683,0,0,0.0,4,E7,mtbf_mult,0.5,pooled_greedy
6.5014828357758905,9.712328164996713,7.990897704486883,17.713987071401068,10.290145729695553,31.915475095418422,29.07644597904785,53.504657640078676,,,4.641484431458208,6.257651703012016,2.5812865234848132,4.439258570803304,12.974423367801966,9.712328164996713,0.9259259259259259,0.9473684210526315,43452.69323580841,547328.4080016714,547328.4080016714,573,1.0,0.0,0.0,0.0,5.107880519554745,1.76912734634152,10.099463921419972,6.106869659415834,6.5014828357758905,76.57200532224176,1916.2709058620796,937.8481612017706,0.48941314003818137,1189.3991511569723,0.035389560367589716,403.7863197284533,5,0,0,0,0.0,573,207.0,0.4037863197284533,378.93846416079884,233819.68651379642,887.0244820360355,500000.0,0.40367320716705485,0,0,0.0,5,E7,mtbf_mult,0.5,pooled_greedy
3.3742890376419115,4.366366833367488,4.65705373347569,7.239951461762349,7.056260878574449,15.059035597591272,28.70061215751798,32.48050457218087,,,4.557724917145162,5.053343432482275,8.101221063824404,14.410523024765105,9.364082221469877,4.366366833367488,0.9642857142857143,1.0,31608.77227884693,533346.8920584851,533346.8920584851,565,1.0,0.0,0.0,0.0,4.784772387206281,1.7691273463416337,5.7780690321319526,5.405158622489048,3.3742890376419115,56.91811315891268,1883.4113635926424,931.2688291269968,0.4944585379110085,1181.4980492590626,0.036859746755956435,419.2694357169642,7,0,0,0,0.0,565,207.0,0.4192694357169642,388.9012433074646,248056.46662345086,836.177634306865,500000.0,0.43745229697105614,0,0,0.0,6,E7,mtbf_mult,0.5,pooled_greedy
4.427058438553599,5.634305585629886,18.56480678618831,55.04696322329656,2.7351090934875892,3.237984456112435,6.504395574288608,7.159589410589993,,,5.173612935777479,9.52631771974916,3.9222549555172947,5.145313589738317,11.62363588376723,5.634305585629886,0.972972972972973,0.9344262295081968,40773.60461111535,544565.4292464787,533094.6781879223,581,0.9789359543545969,11470.75105855638,0.021064045645403137,0.0,5.349431997308059,1.76912734634152,9.306863561233513,5.151898281752788,4.427058438553599,53.955100111522086,1958.173583856567,961.7627010008644,0.49115293400429816,1158.784358571388,0.03732757893219106,454.13418520917503,6,1,0,0,0.0,581,207.0,0.45413418520917503,389.1506381012475,247137.8451810737,839.426814752759,500000.0,0.344654263112246,0,0,0.0,7,E7,mtbf_mult,0.5,pooled_greedy
5.559239157260883,18.731645214764132,5.3604686510707324,9.634904140300977,8.770755692919598,26.158668905476592,23.34177645320733,25.58605074034576,,,4.448343944043644,5.778069032130588,2.395112644342712,3.276655636502983,8.851614179258057,18.731645214764132,0.88,1.0,38363.5914215517,540361.5398106,526845.8481339897,560,0.9749876875372225,13515.69167661024,0.02501231246277737,0.0,4.634788265729271,1.76912734634152,6.379096427205978,4.841238885780824,5.559239157260883,45.02433446087171,1813.9873758142132,894.6726801488538,0.4932077764583546,1095.0462927347626,0.035074434281006095,389.87888695243976,6,0,0,0,0.0,560,207.0,0.3898788869524397,393.64432617528786,254198.16182355103,815.8590817462714,500000.0,0.4321611030895152,0,0,0.0,8,E7,mtbf_mult,0.5,pooled_greedy
13.197073244855403,23.065605358443918,7.52418437954141,20.074553717484058,11.156048459264387,31.113211383783096,31.567716745013968,31.567716745013968,44.423955798850784,52.08223881081276,4.720226928225036,6.977543576353937,4.842654164583977,7.37589485589565,9.603651491180623,23.065605358443918,0.9210526315789473,0.9506172839506173,47374.080402398526,549779.8663554897,549779.8663554897,605,1.0,0.0,0.0,0.0,5.735447214473287,1.7691273463419748,12.682374034830906,6.419542646400233,13.197073244855403,71.86043174974388,2139.5481690712236,1052.0948380459122,0.4917369252325017,1374.017169026152,0.050162342771166414,672.0729713955828,9,3,0,0,0.0,605,207.0,0.6720729713955829,377.73677371647153,234230.02908633667,886.615921030553,500000.0,0.40772640679057687,0,0,0.0,9,E7,mtbf_mult,0.5,pooled_greedy
2.6734994232392637,4.4741970760142085,3.726265060606039,5.307476470933943,14.429251064714464,48.006721769712385,,,,,4.077498405428647,4.97281836585446,3.1796337930759817,4.835668919120802,9.077758062660251,4.4741970760142085,1.0,0.9666666666666667,13819.243346008723,516514.44304295897,516514.44304295897,540,1.0,0.0,0.0,0.0,4.172627151061105,1.76912734634152,5.082611836342519,4.333418409918921,2.6734994232392637,35.62744980657215,1715.327830518393,846.9694906099093,0.4937653756564684,1052.999554046874,0.03288484881949928,360.0890945735172,5,0,0,0,0.0,540,207.0,0.3600890945735172,401.460388741399,264039.67383307597,785.3368627688319,500000.0,0.1020548111928401,0,0,0.0,10,E7,mtbf_mult,0.5,pooled_greedy
7.362204186482002,16.704250863907873,8.541695359427194,18.203169166372575,4.274955669608334,6.338584103369815,,,6.75338177253343,6.75338177253343,4.34584132839976,4.98402160187866,2.4690595088831224,3.464862781199555,5.494024152413723,16.704250863907873,0.9047619047619048,1.0,26006.043708159235,531772.2574830158,531772.2574830158,543,1.0,0.0,0.0,0.0,4.47233902133427,1.76912734634152,6.342684845790249,4.4963128013553195,7.362204186482002,40.64479978126485,1722.807272992511,853.8273084215379,0.49560233567997564,1044.5522448513084,0.03266529029947574,362.2711437784991,6,0,0,0,0.0,543,207.0,0.3622711437784991,389.94563598572347,248391.1906984986,834.8213580387329,500000.0,0.3594106873034031,0,0,0.0,11,E7,mtbf_mult,0.5,pooled_greedy
10.609555851079742,25.709025091654816,21.899575440183185,53.61461580767457,4.995980005050114,4.995980005050114,,,,,5.7541229961696265,8.129158754288612,4.644788581203946,10.140629140754578,19.484776092307033,25.709025091654816,0.8571428571428571,0.8571428571428571,3605.0987133016765,503977.3460501888,503977.3460501888,521,1.0,0.0,0.0,0.0,5.98893539684635,1.76912734634152,9.195188334954537,5.772879464339073,10.609555851079742,57.97717294689249,1581.4467835033913,782.948064458452,0.4950834088289592,946.4830378894072,0.037372695202296656,442.4771596888223,11,1,0,0,0.0,521,207.0,0.44247715968882234,411.6107177941101,280214.37109329586,740.2992086034801,500000.0,0.3885228896662373,0,0,0.0,12,E7,mtbf_mult,0.5,pooled_greedy
2.608486598615774,3.2899407481302245,3.8887699263846742,5.3734970777848945,5.487710366695865,7.343931761092563,,,,,3.7735297279129343,4.812411731922521,1.721738620764495,1.9585423353670648,4.599410122078536,3.2899407481302245,1.0,1.0,6216.486291594783,506496.9548278934,506496.9548278934,522,1.0,0.0,0.0,0.0,3.750260806413645,1.76912734634152,4.972818365853527,3.7921776704583525,2.608486598615774,15.235354535481868,1592.6035306389456,793.9796130091873,0.49854191437755146,957.8108604317963,0.03637010378769896,398.25263647530363,4,3,0,0,0.0,522,207.0,0.3982526364753036,409.4758135455104,275514.2007186799,752.7679230162225,500000.0,0.06193871671361384,0,0,0.0,13,E7,mtbf_mult,0.5,pooled_greedy
6.98379433452117,14.08714518207734,8.722740149105853,14.248463550138922,5.127605546627667,11.322170745935296,6.2177514660940005,8.07569883577837,,,3.7829329983355664,4.985067666777857,3.2685563495992125,5.124655625303239,6.372374600507495,14.08714518207734,0.9310344827586207,1.0,58929.484502104126,566652.9292862886,566652.9292862886,576,1.0,0.0,0.0,0.0,4.0799386902431145,1.7691273463417474,6.790845798786904,4.07817990541232,6.98379433452117,32.65290935277125,1941.1512194547531,959.105694126042,0.494091178736422,1235.7458047613143,0.0341628880536308,392.5919616616601,2,0,0,0,0.0,576,207.0,0.3925919616616601,365.995799620902,217050.3447653633,955.5045498124322,500000.0,0.40533932813181145,0,0,0.0,14,E7,mtbf_mult,0.5,pooled_greedy
13.817528851378555,41.518209376541485,10.690228155157932,22.299745491155818,5.677768447507788,5.1547991671477575,20.149619556643692,44.04376553881739,14.878928475875227,22.100843189323903,5.184329028152036,9.096823212560313,8.615824626039183,14.218679027887287,10.97429695070277,41.518209376541485,0.7714285714285715,0.9459459459459459,64862.71277757866,573615.9384122626,573615.9384122626,603,1.0,0.0,0.0,0.0,6.24570601460445,1.7691273463417474,17.224107532476005,6.161589998780054,13.817528851378555,69.15196727941107,2162.0464258123525,1050.4632729073767,0.48586527114591577,1362.4812779658923,0.04573556081309569,550.2452585467279,9,2,0,0,0.0,603,207.0,0.5502452585467278,361.82789103286495,210389.40547364543,986.5052129944141,500000.0,0.40902489664046104,0,0,0.0,15,E7,mtbf_mult,0.5,pooled_greedy
13.336585637224902,55.28481657614901,15.880597394330843,41.519023601437766,49.24336762830626,75.3521558080276,,,,,4.976384224219302,5.977470525729958,2.9502766516553343,3.945487553462999,27.001520805655982,55.28481657614901,0.8421052631578947,0.7857142857142857,8440.199489225186,509188.49886297405,509188.49886297405,531,1.0,0.0,0.0,0.0,5.637385605315997,1.76912734634152,8.494304337401445,5.33114879392808,13.336585637224902,49.42268221700479,1630.2618982606534,811.751717046057,0.49792718452913914,994.9524526220654,0.036616906800115805,410.2175404035325,5,2,0,0,0.0,531,207.0,0.4102175404035325,407.33484358651816,275305.9927193183,753.3806855845077,500000.0,0.3400986494249669,0,0,0.0,16,E7,mtbf_mult,0.5,pooled_greedy
5.7967112143230715,13.118380755128236,4.0881806951626585,6.374137152674668,4.649425659288534,5.588153567489826,,,,,4.310221523740944,5.7780690321306905,2.6511607386227585,5.3319304191190895,4.32203276354844,13.118380755128236,0.9333333333333333,1.0,10188.61735102234,511539.3687118152,511539.3687118152,538,1.0,0.0,0.0,0.0,4.318008534150093,1.76912734634152,5.793284319067926,4.318143543506597,5.7967112143230715,25.92205231224953,1666.66351882027,824.3187801460649,0.4945922022278079,1027.566773066769,0.03844043318234292,433.3143614938263,10,1,0,0,0.0,538,207.0,0.4333143614938263,405.50801570534657,271014.63544092496,765.3952489466554,500000.0,0.42525648604590244,0,0,0.0,17,E7,mtbf_mult,0.5,pooled_greedy
5.120858701424566,12.12202921773769,5.311410892338881,6.015869349275992,5.047138257589237,8.140910581438037,11.428372446804437,16.290276349184296,7.889961656120249,7.889961656120249,4.1140621531801145,4.972818365854357,5.954785202475777,12.505331500355883,6.367465079614645,12.12202921773769,1.0,1.0,68261.72443658626,572191.6285267603,561368.4124093493,574,0.9810846304318052,10823.216117411037,0.01891536956819503,0.0,4.343611715494837,1.76912734634152,6.13024549413987,4.741140028628906,5.120858701424566,42.429988012758976,1920.1429588904195,948.5379719426248,0.493993412079458,1189.1930273593073,0.037265196118099156,427.65790387158836,4,1,0,0,0.0,574,207.0,0.42765790387158836,369.50361530604886,224208.02646504683,925.157146130131,500000.0,0.3766436637831105,0,0,0.0,18,E7,mtbf_mult,0.5,pooled_greedy
10.063456290199971,33.71229105931634,9.201977197942016,7.3606924165754215,21.624342048486458,50.270992262957606,,,,,4.285782539046254,4.9748335037684,5.421641328554732,13.349355938310882,13.586341262840055,33.71229105931634,0.8,0.9565217391304348,37728.11627304937,538786.9281851918,526296.1270711955,582,0.9768168074231693,11490.801113996251,0.021327171304435642,1000.0,5.2038918190333465,1.7691273463416906,7.550329118153535,4.995657251163695,10.063456290199971,44.6910505346318,2025.7558232846682,991.540077900045,0.4894667296536802,1241.192255046832,0.04404993261234447,503.5069262686751,5,3,0,0,0.0,582,207.0,0.5035069262686751,394.2713925732505,255311.5472008572,812.7462670657145,500000.0,0.3968697070236152,0,0,0.0,19,E7,mtbf_mult,0.5,pooled_greedy
3.791749057983781,6.478915903031067,6.443600944467744,13.714920147176986,7.183289896714814,12.250490930700199,7.597944494584681,7.597944494584681,4.820118274277888,4.820118274277888,3.6432283361411266,4.972818365853527,3.1166013313304197,5.111271667178971,6.884763518227043,6.478915903031067,1.0,1.0,42968.20466135957,546796.3875473237,534781.0123534314,558,0.978025869468912,12015.37519389233,0.021974130531088105,0.0,3.699703373893964,1.76912734634152,5.1481592629610535,3.775589751812213,3.791749057983781,17.387193423069487,1773.5028875605874,877.8186372819556,0.49496318468890405,1077.1317828785297,0.03781028441448551,435.0537466757702,5,2,0,0,0.0,558,207.0,0.4350537466757702,387.88784372468336,249978.44396379177,829.811764796495,500000.0,0.33468854221291594,0,0,0.0,20,E7,mtbf_mult,0.5,pooled_greedy
10.093709875361133,7.4950447223876955,3.7028845349695074,5.035280512324698,3.757922279369268,5.150770424675466,4.820118274277775,4.820118274277775,,,4.741464319188433,5.784215875791416,3.174251334427178,5.060857042470889,3.856298188482981,7.4950447223876955,0.95,0.9642857142857143,17327.275816339392,522341.9832740221,522341.9832740221,537,1.0,0.0,0.0,0.0,4.901350101711634,1.76912734634152,5.861674787922586,4.8516632502680315,10.093709875361133,44.18935806270014,1686.1067323198477,834.8209091338282,0.4951174757396473,987.8299159353463,0.03718128566852765,407.1350780703778,5,3,0,0,0.0,537,207.0,0.4071350780703778,397.0715387992544,262262.68285666377,790.8373879917411,500000.0,0.02148951669455834,0,0,0.0,21,E7,mtbf_mult,0.5,pooled_greedy
8.969665255615306,15.433112817583519,34.81039456957292,68.40138026665754,6.057348739653662,13.895725986724756,4.675293146604872,4.675293146604872,,,5.243597090977599,6.987848197619801,5.619435386797401,11.204129071309403,17.922613202699285,15.433112817583519,0.9166666666666666,0.875,19226.136203616657,520041.7500651535,520041.7500651535,533,1.0,0.0,0.0,0.0,5.619288565609289,1.76912734634152,9.94887083992981,5.2859794046823225,8.969665255615306,43.211525361894196,1645.8858682571345,808.7821727136219,0.49139626769507383,1002.2975869176554,0.04050614451358093,457.99589327075097,8,3,0,0,0.0,533,207.0,0.457995893270751,398.92565523302574,264933.3934389578,783.0571797702439,500000.0,0.33807458194528167,0,0,0.0,22,E7,mtbf_mult,0.5,pooled_greedy
4.022985410422088,7.045284114546761,5.207616449580799,11.192995679201386,11.105524599159867,21.690054541844667,10.913613253386359,12.932838271019966,,,4.26565348136308,5.778069032130588,3.5647203389906856,7.665676793752027,7.63489490142224,7.045284114546761,0.9743589743589743,0.9852941176470589,44840.47463850063,546785.5630729868,534074.9817859603,584,0.9767539925238847,12710.581287026522,0.023246007476115223,0.0,4.39755248159777,1.7691273463417474,7.166347141599938,4.583012629505524,4.022985410422088,45.6127872280257,2026.5683992581216,987.8155129797311,0.48743260446642056,1199.8116330882578,0.03494965184576718,436.21084282192385,3,0,0,0,0.0,584,207.0,0.43621084282192385,388.4027859705204,247227.6336557254,839.0494532325838,500000.0,0.38463746927698833,0,0,0.0,23,E7,mtbf_mult,0.5,pooled_greedy
22.718137041434794,48.0881677749956,27.552673826707178,51.864873979640194,23.270930515452065,53.22666698964877,40.20341285115728,43.22420867176597,,,4.214894415886048,4.811768232599206,2.221464021912703,3.4846430607900403,26.670393043214123,48.0881677749956,0.5263157894736842,0.8235294117647058,34421.87232108315,535140.8176419535,523443.16914699145,543,0.9781409899799709,11697.648494961977,0.021859010020029008,0.0,5.449614886879764,1.76912734634152,5.788768026791604,5.4001297443374625,22.718137041434794,56.92375843996961,1708.627042276417,841.9234925708721,0.49274854707272514,1019.3320741142704,0.03410040883207985,373.3994767112743,5,1,0,0,0.0,543,207.0,0.3733994767112743,396.171755980022,258045.1421157973,803.6322551022985,500000.0,0.037119433676596536,0,0,0.0,24,E7,mtbf_mult,0.5,pooled_greedy
2.5503240170628487,2.5503240170628487,,,,,,,,,5.015362262612567,5.584716827367452,,,,2.5503240170628487,1.0,1.0,209.99028817615883,500209.99028817617,500209.99028817617,501,1.0,0.0,0.0,0.0,5.0104420265935055,1.76912734634152,5.563233249060431,5.014327429039471,2.5503240170628487,39.81422143945849,1462.7659375788135,730.8458012673111,0.4996327727435431,899.0923453054565,0.035495208693523815,388.67253519408575,7,2,0,0,0.0,501,207.0,0.38867253519408573,414.6032197711911,284157.13722904766,729.8379852694898,500000.0,0.10081390272185864,0,0,0.0,25,E7,mtbf_mult,0.5,pooled_greedy
5.3162755223001605,10.614393078742069,9.437056526697384,22.171697903896074,7.127120782651543,14.791083637652996,,,,,3.7525637178805953,4.97281836585446,3.2762189612112707,5.220459470434071,8.193244972211163,10.614393078742069,1.0,1.0,8275.236379187336,508449.34756596206,508449.34756596206,528,1.0,0.0,0.0,0.0,3.89086732986589,1.76912734634152,6.019439084151464,3.8232353080583077,5.3162755223001605,24.388081053345168,1634.5090027911406,814.6767588193106,0.49842292543396344,1007.7028728895413,0.033241309754225276,368.5785568080065,7,0,0,0,0.0,528,207.0,0.3685785568080065,407.8451069895526,274106.06880698685,756.526768850301,500000.0,0.41952760024317987,0,0,0.0,26,E7,mtbf_mult,0.5,pooled_greedy
2.8886514120639393,4.596824218402122,5.735194049254135,9.278829473183348,9.615245324457797,19.439908737924725,,,,,5.3845396664168295,8.436118172220361,9.436444439959857,28.134960749933736,7.398073167198562,4.596824218402122,1.0,1.0,12370.949722949961,513597.1255335828,513597.1255335828,536,1.0,0.0,0.0,0.0,5.432417038876434,1.76912734634152,8.641893743080345,5.455557961779829,2.8886514120639393,53.35793177956891,1687.044509883133,832.0986675757516,0.49322863901995906,1019.7881945937842,0.03705951878306216,429.3605220789456,9,1,0,0,0.0,536,207.0,0.4293605220789456,403.8756258742256,268282.83200539864,773.1741870009217,500000.0,0.4170340156163211,0,0,0.0,27,E7,mtbf_mult,0.5,pooled_greedy
9.205810464921283,24.613081823423272,16.79013753897316,49.193414736671315,9.24644119182544,18.409998228040052,9.338548294393362,12.128158862656866,7.903489301740194,7.903489301740194,4.738140525540274,4.97281836585446,5.194779175255434,9.455718985942958,13.02980275322029,24.613081823423272,0.8333333333333334,0.9642857142857143,26590.43369586375,528937.8456762048,528937.8456762048,537,1.0,0.0,0.0,0.0,5.097725428500001,1.76912734634152,6.382513472393532,5.026993978711667,9.205810464921283,48.3245073925318,1700.7395748180804,840.5114883286476,0.49420352226386743,1062.7718313258258,0.03581278438621923,399.21702815558115,6,1,0,0,0.0,537,207.0,0.39921702815558113,392.1050813881776,251791.05205937984,823.6957403047217,500000.0,0.3885672708402776,0,0,0.0,28,E7,mtbf_mult,0.5,pooled_greedy
3.2721641836286937,4.62887444886681,5.8374097431696415,14.213650794396926,10.109302248913778,29.57063703361708,30.27573034419072,34.89598033120137,15.688282150690364,30.527404440310285,5.474028201813057,7.416135238627824,6.627434423041817,16.694985645192194,9.500751033605527,4.62887444886681,1.0,1.0,77164.28456252046,584688.0408818187,584688.0408818189,599,1.0000000000000002,0.0,0.0,0.0,5.794649120288699,1.7691273463418042,12.026047447596586,7.043266621049006,3.2721641836286937,91.36979115028275,2112.235566056728,1031.6267089537291,0.48840514075787644,1289.3520874793908,0.042525299230851146,496.09285261010854,5,2,0,0,0.0,599,207.0,0.49609285261010855,354.88342217444233,210897.16219049308,983.8733281066583,500000.0,0.3580195210171267,0,0,0.0,29,E7,mtbf_mult,0.5,pooled_greedy
4.235928440237008,5.35620242643407,3.5399540400877902,4.070548278710885,2.696198340675162,4.169552715478176,,,,,23.489616458206026,28.972819365853866,4.902209947162894,11.495840005034097,3.2735048718522237,5.35620242643407,0.9166666666666666,1.0,13968.57625752051,515078.73700219905,515078.73700219905,554,1.0,0.0,0.0,0.0,21.59312529540196,25.704708293036674,28.81176923259868,22.902089218727117,4.235928440237008,429.5151679139946,1777.204208468511,881.0738005936921,0.49576396251781846,980.3566869359499,0.03404697561120964,399.08621295563114,5,1,0,12,102.4925070669722,536,207.0,0.3990862129556311,402.65511137197296,267469.4478104137,775.4122495514446,500000.0,0.32802061305486535,0,8,30.232976350897143,0,E7,mtbf_mult,0.5,marketplace
2.4506482383385824,3.682174166529512,3.3798045432138983,3.856809707903949,4.446788411955867,5.739475942319951,16.68526544023886,32.08995744506556,,,23.839697747702754,30.932351758411276,3.751405634504116,5.519366636115501,6.612040402841379,3.682174166529512,1.0,1.0,22776.714596747763,525519.2910413912,524519.2910413912,535,0.9980971202826477,0.0,0.0,1000.0,22.526350102355252,25.70470829303963,29.755917335326014,23.114319639491,2.4506482383385824,435.0665711621155,1676.719050922088,844.1446473588937,0.5034502631163332,966.1755822617902,0.03408878826181411,382.4866313023174,5,1,3,19,0.0,509,207.0,0.38248663130231736,395.376281050714,255449.32372679518,811.8341579682526,500000.0,0.40411550056686457,0,8,25.191405714710314,1,E7,mtbf_mult,0.5,marketplace
9.41586770185591,20.464653948305568,12.411419164845967,23.217312201408774,7.301444762567674,12.59326052018605,4.963922825576105,5.116623898833791,,,23.083899228497142,28.811769232599545,4.3076207578006604,10.960266073355342,9.564241721582874,20.464653948305568,1.0,1.0,29310.196036041838,532277.3226155266,516873.34282247716,548,0.9710602365748803,14403.979793049497,0.02706104352195697,1000.0,21.763552007923426,25.60208088138893,28.811769232598134,22.51939323999076,9.41586770185591,420.6639853607057,1698.4810231475656,844.6859711172067,0.4973184625588953,962.7877324311297,0.035249537214720295,422.2389167748713,9,0,1,19,0.0,521,207.0,0.4222389167748713,401.30186978517696,263992.3515841764,785.7130620340581,500000.0,0.38557278179772414,0,9,22.428759937416928,2,E7,mtbf_mult,0.5,marketplace
4.81624900404311,11.33848183196715,7.162929589874553,13.785739799725162,11.761868853226588,28.74618275756684,31.988709870812272,31.988709870812272,53.04494901963517,53.04494901963517,24.301383872682063,28.972819365853866,4.2273373410100055,5.847768676378475,10.113561794643639,11.33848183196715,1.0,1.0,28096.063942230638,531327.860284328,530327.860284328,561,0.998117922897051,0.0,0.0,1000.0,22.44584212910261,25.70470829303963,28.972819365853866,24.144160568456396,4.81624900404311,471.1363961683563,1856.5050358080855,916.2465371431551,0.49353302009457695,1027.0425815506583,0.0335838842882839,408.6903196875222,6,0,3,15,0.0,541,207.0,0.4086903196875222,391.0952183588624,249557.524040961,831.1057385135965,500000.0,0.353279285478956,0,4,11.179989173125865,3,E7,mtbf_mult,0.5,marketplace
3.272214551003673,5.982461980018889,4.829749116334483,7.8188074815539945,2.712325841679002,3.1912030147092088,,,61.2959205834934,106.23917884753523,24.192169267687706,29.778070032130927,2.707502787261564,4.226363144102061,3.7087603238698166,5.982461980018889,1.0,1.0,32491.15341102122,538255.453584505,538255.4535845051,550,1.0000000000000002,0.0,0.0,0.0,22.50149599758017,25.704708293039516,28.97281936585432,25.460748399619398,3.272214551003673,503.15141706951493,1740.6316268364396,871.1664754406625,0.500488708816574,948.6435291499257,0.033261170640313156,390.7801350638224,8,0,1,20,0.0,527,207.0,0.39078013506382236,385.30177214916756,249495.11367462546,831.2418511150834,500000.0,0.3658563766548711,0,12,35.934308997019706,4,E7,mtbf_mult,0.5,marketplace
7.438346275908943,11.258103236943889,9.94302793540794,25.23857821735308,9.270260705501949,25.83152982657666,29.27081749286678,54.04262756152548,,,23.67301529592933,30.252211372508462,3.414338930207556,7.095360532367977,13.584330103597711,11.258103236943889,0.9259259259259259,0.9298245614035088,43452.69323580841,547328.4080016714,546328.4080016714,572,0.998172943363837,0.0,0.0,1000.0,21.810890398792882,25.704708293038095,30.01634793623961,23.505757480173408,7.438346275908943,463.46535843429194,1824.2670371209454,896.979256675955,0.49169295855477707,1042.8172950530093,0.03422779100076889,404.0706702340237,6,0,0,24,0.0,540,207.0,0.40407067023402365,379.63259393533036,234039.63577881167,886.1920758851692,500000.0,0.3748866472928019,0,7,16.81651033850944,5,E7,mtbf_mult,0.5,marketplace
2.5472575018503556,3.87388735891193,4.796352574906625,7.947497090326216,4.197092462477973,7.85049484157676,104.35122322221804,123.1520792175065,,,23.875440345013832,28.972819365854775,5.445627911183028,9.470170627984595,21.214046816666837,3.87388735891193,1.0,0.9230769230769231,31608.77227884693,533346.8920584851,533346.8920584851,565,1.0,0.0,0.0,0.0,22.281369325670987,25.70470829303963,28.97281936585432,25.996032107275443,2.5472575018503556,501.1436723863218,1840.0601625411086,928.123285655576,0.5043983368314681,1034.720431865368,0.034249795629887184,396.07155336525284,6,0,0,21,0.0,536,207.0,0.39607155336525285,388.8577483838096,248028.72385516824,836.177634306865,500000.0,0.4108523335979042,0,10,35.09318669725009,6,E7,mtbf_mult,0.5,marketplace
4.48096513399202,6.114953332318805,15.711188238365484,56.2203190180493,2.3043640538892967,2.525976828063057,6.063349301183067,6.718543137484451,11.838310601135902,11.838310601135902,24.497946657092772,32.346723743670914,3.139356175269589,4.455033760785916,9.879642591088379,6.114953332318805,0.972972972972973,0.9508196721311475,40773.60461111535,544565.4292464787,543565.4292464787,581,0.9981636733690867,0.0,0.0,1000.0,21.862320048433126,25.704708293036674,31.73214975884457,22.995559662979733,4.48096513399202,455.2650414168299,1896.7547877877148,938.0756855294434,0.49456877165633545,1048.8620160152554,0.0341086333723276,419.43043218458183,6,0,1,16,99.38937189467718,556,207.0,0.4194304321845818,381.59054875826297,238735.09023697043,868.8267410806611,500000.0,0.3680539486677077,0,9,23.968932406884413,7,E7,mtbf_mult,0.5,marketplace
4.17570270522076,10.675146294068513,8.991542462391152,18.5124667473708,4.3253119313346575,4.770199028066146,5.159550367641145,5.271609509385485,,,24.013399421882472,29.805371753848892,3.176194509884842,4.813738966824485,6.020891110511394,10.675146294068513,1.0,1.0,38363.5914215517,540361.5398106,526845.8481339898,560,0.9749876875372228,13515.69167661024,0.02501231246277737,0.0,21.94229840755738,25.70470829303963,28.972819365853866,23.04728344073253,4.17570270522076,439.8677705076,1761.34249786265,872.7443721998598,0.49549952565098254,981.489462028813,0.033933336970105414,395.94782044867674,6,0,1,16,0.0,539,207.0,0.39594782044867677,393.65584554763876,254205.60052667026,815.8590817462714,500000.0,0.4168683673357368,0,14,43.301198525779085,8,E7,mtbf_mult,0.5,marketplace
7.539905623234598,18.153312239167466,6.34093713340999,10.793483887250021,6.504104290510479,10.783074033757522,168.08419072951983,168.08419072951983,101.10174813885214,130.23419246237836,23.98000725319474,29.382478273630113,7.300741536762341,10.960266073355342,10.170710678152284,18.153312239167466,0.9473684210526315,0.9876543209876543,47374.080402398526,549736.351411949,548736.351411949,603,0.9981809461982428,0.0,0.0,1000.0,21.63416195810506,25.382608026528942,28.889201248581553,26.38072363455023,7.539905623234598,515.4285043061479,2016.149057389451,985.3715250406964,0.4887394220329,1154.462048571055,0.04308672077296105,539.7860759025459,10,1,3,23,0.0,568,207.0,0.5397860759025459,378.2140285437326,234324.79038400218,885.6928271899639,500000.0,0.37887066365870536,0,10,28.1988164860175,9,E7,mtbf_mult,0.5,marketplace
2.255321545161288,2.4544228129545447,4.2094377072941995,7.053902860730363,5.620095667489039,10.274981424893209,,,,,23.17513047758252,28.972819365853866,3.180677524936141,4.871471088371775,4.914766687391619,2.4544228129545447,1.0,1.0,13819.243346008723,516514.44304295897,516514.44304295897,540,1.0,0.0,0.0,0.0,21.72144959753916,25.704708293039616,28.81176923259911,22.589824057370432,2.255321545161288,422.65648345856323,1666.0903100078096,828.4514224841898,0.49724280701224804,918.7126716391339,0.030351002163396916,340.9677810015365,4,0,2,19,0.0,517,207.0,0.34096778100153646,401.4233688403497,264015.3259201249,785.3368627688319,500000.0,0.3769099746963748,0,9,24.947560200297236,10,E7,mtbf_mult,0.5,marketplace
11.005925539662424,39.4876741158223,17.339612141673797,41.34652632364442,3.4124558532694893,5.841484531760078,,,7.552558473439603,7.552558473439603,23.981403611828842,29.77807003213102,3.124464243634228,4.517128374656022,7.391643364242149,39.4876741158223,0.8571428571428571,0.9428571428571428,26006.043708159235,531772.2574830158,531772.2574830158,543,1.0,0.0,0.0,0.0,22.752731229328912,25.70470829303963,29.702052966815067,23.277202375950026,11.005925539662424,451.2798264555493,1669.1875092642356,830.5802898575855,0.4975955578673714,941.0271261533213,0.031143370435700472,364.0030741685753,5,0,1,17,0.0,519,207.0,0.36400307416857536,389.94889288821463,248393.26531047808,834.8213580387329,500000.0,0.3648459271879312,0,7,21.755744656661108,11,E7,mtbf_mult,0.5,marketplace
16.73172414203873,43.60866030768651,19.230018920461248,50.99726408577783,4.995980005050114,4.995980005050114,,,,,24.99118806314799,32.120526749524515,4.094993965811357,8.294620633396704,17.196584789688227,43.60866030768651,0.8571428571428571,0.8571428571428571,3605.0987133016765,503977.3460501888,503977.3460501888,521,1.0,0.0,0.0,0.0,24.49473541623179,25.704708293040312,32.11176923259927,24.857633157420477,16.73172414203873,447.434860777934,1515.2344802694206,755.0031836274723,0.4982748171710208,849.0343774646907,0.0331301138364181,379.3633849401387,10,0,0,19,0.0,496,207.0,0.3793633849401387,411.48548642162217,280129.11667992466,740.2992086034801,500000.0,0.40187978350695247,0,2,5.908785513585686,12,E7,mtbf_mult,0.5,marketplace
2.506526562123656,4.336806901857493,3.234318318252464,4.878364672661701,5.122915770916279,6.00105370870092,,,,,23.046230260101822,28.972819365853866,2.452918581063983,3.858154202847493,4.073694963880826,4.336806901857493,1.0,1.0,6216.486291594783,506496.9548278934,506496.9548278934,522,1.0,0.0,0.0,0.0,22.20707890829147,25.70470829303963,28.8117692325995,22.813346593238855,2.506526562123656,427.03476481639683,1549.9308590482324,774.8502897546588,0.4999257129640427,880.6698345929112,0.027448024482723876,309.92181783259446,3,0,0,15,0.0,505,207.0,0.3099218178325944,409.30141798833927,275396.85934965767,752.7679230162225,500000.0,0.3611740976693576,0,5,13.264047713570447,13,E7,mtbf_mult,0.5,marketplace
8.342895855385207,23.841152000377768,8.149841584978661,13.537164342926145,7.076314160233061,10.785727401671465,5.598540772079986,6.260903690555369,,,22.952285094622138,28.972819365853866,2.855520140202121,4.604215810605456,7.010846272884145,23.841152000377768,0.896551724137931,0.9516129032258065,58929.484502104126,566652.9292862886,566652.9292862886,576,1.0,0.0,0.0,0.0,20.81496829181466,25.382608026528942,28.828065429561093,21.00577139324676,8.342895855385207,429.12554097202207,1872.0121026475254,930.8839191149232,0.4972638359540542,1088.6361263113677,0.03210952224471917,384.2901687721798,2,0,1,23,0.0,551,207.0,0.3842901687721798,365.9811490429902,217041.65637880238,955.5045498124322,500000.0,0.37795782361717256,0,6,18.255972431987228,14,E7,mtbf_mult,0.5,marketplace
15.8248151344459,43.740203532702445,17.95150947981089,54.31746096660618,3.6258916625800093,4.675293146604417,5.597290733782431,6.26401410258095,7.143042659128923,8.176248719180558,25.19106986096602,29.778070032130994,6.020826650018559,10.092671893889117,11.693526730791945,43.740203532702445,0.7714285714285715,0.9324324324324325,64862.71277757866,573615.9384122626,573615.9384122626,603,1.0,0.0,0.0,0.0,22.85621792298219,25.704708293036674,30.660397407739268,22.975041476258614,15.8248151344459,472.49235120176667,2074.005395958117,1018.4318818754814,0.49104591717081914,1196.1494818027847,0.038664322422836794,507.78961957358024,8,0,2,18,0.0,569,207.0,0.5077896195735803,361.7538769824697,210346.36906753836,986.5052129944141,500000.0,0.38510572145147837,0,9,24.69904426134362,15,E7,mtbf_mult,0.5,marketplace
4.887659406571334,14.479178295617384,8.149493716340151,17.43374288554878,34.01967026822209,65.23908835396979,,,,,24.02862868129657,29.16898751983463,2.959320575187197,3.9671929699394695,16.7728859003008,14.479178295617384,1.0,0.9642857142857143,8440.199489225186,509188.49886297405,509188.49886297405,531,1.0,0.0,0.0,0.0,23.10172091186706,25.70470829303963,28.97281936585432,23.7635338517683,4.887659406571334,445.86079773455714,1556.4947323449485,774.2885918849062,0.4974566092609874,869.2021344588667,0.02907370842991494,339.3060151095408,4,0,1,17,0.0,504,207.0,0.3393060151095408,407.1955797864671,275211.8682923841,753.3806855845077,500000.0,0.3537479335826255,0,4,12.984768772447051,16,E7,mtbf_mult,0.5,marketplace
4.179922436558214,7.775537946342591,3.9414563776063005,6.34581459105757,3.934788512062221,5.198242028367235,,,,,23.921955695678314,28.947145081317263,5.434551378030981,4.841800004591278,3.938678100296267,7.775537946342591,1.0,1.0,10188.61735102234,511539.3687118152,511539.3687118152,538,1.0,0.0,0.0,0.0,22.54780833968295,25.70470829303963,28.811769232598134,23.47890298383322,4.179922436558214,437.0775794088336,1629.268285565936,807.0411958215425,0.49533965828176174,910.3271448506829,0.03482533578716995,404.5870770001443,8,1,0,13,0.0,523,207.0,0.4045870770001443,405.4518572036734,270977.1028268498,765.3952489466554,500000.0,0.3503122620649714,0,6,15.283995087390362,17,E7,mtbf_mult,0.5,marketplace
4.092012096165174,6.2965545228415065,5.4474012922510155,7.565242525127445,4.302794030719936,6.210268317580085,8.840409691260598,16.056121004371107,6.202531654856557,6.931503624413653,23.245351759864604,28.972819365853866,6.022402069593909,9.46030108739188,5.550270371963639,6.2965545228415065,1.0,1.0,68261.72443658626,577118.2182746406,576118.2182746406,575,0.9982672527597732,0.0,0.0,1000.0,20.866883987159483,25.382608026528942,28.811769232598476,21.047317064731356,4.092012096165174,436.7356265836578,1885.5201906649331,933.670818308932,0.495179432674052,1086.1722410299167,0.03228988309619316,394.98631895597737,2,0,4,20,0.0,551,207.0,0.3949863189559774,359.98685641301654,214731.29004759903,965.83495713635,500000.0,0.3555557182551641,0,4,9.467739574218374,18,E7,mtbf_mult,0.5,marketplace
9.819299704503075,35.80854814767081,5.83818977884988,7.2283021708975,9.848907359680444,29.218179789552053,,,114.13478743119595,114.13478743119595,24.03020431959858,29.21439456573763,3.8536629096405073,6.633736609513929,7.253737160319491,35.80854814767081,0.8285714285714286,0.9855072463768116,37728.11627304937,538786.9281851918,536786.9281851918,582,0.9962879574552103,0.0,0.0,2000.0,21.86500063992221,25.382608026528942,29.75446744666369,25.30780481735955,9.819299704503075,494.5576160138894,1937.4135290336724,962.1944393537345,0.4966386498981713,1068.7651223498733,0.0339803490993132,408.8560997616598,4,0,2,19,0.0,543,207.0,0.4088560997616598,386.3895434283107,243351.7620884716,852.3006133991225,500000.0,0.3724804083172966,0,13,34.46331975024019,19,E7,mtbf_mult,0.5,marketplace
3.569548403751213,7.346655591424872,8.39683171310826,15.749980027159678,9.493933197564365,18.904944132466337,7.597944494584681,7.597944494584681,7.993984659122418,10.533077766998042,23.14556823219697,28.82787424592498,4.531582093813553,4.669195515163051,8.822888095267983,7.346655591424872,1.0,1.0,42968.20466135957,546796.3875473237,546796.3875473237,559,1.0,0.0,0.0,0.0,21.229587991875412,25.70470829303963,28.811769232597726,21.81241809250026,3.569548403751213,430.206176494048,1741.6998470873818,866.4934849896273,0.49749874321838583,975.9503419000552,0.03297940114064962,398.9467166718793,5,0,2,16,331.7308444098579,537,207.0,0.3989467166718793,379.298311839564,242060.92454154664,856.8047366979073,500000.0,0.3775008832041052,0,5,17.727773042220605,20,E7,mtbf_mult,0.5,marketplace
3.699389424091561,5.981290297295897,3.371646744231657,3.977633004038671,3.2581535382323636,4.251186690629038,4.820118274277775,4.820118274277775,,,23.884917884125404,28.980882519933314,3.2852308833484027,4.562540942223495,3.5243323839875984,5.981290297295897,1.0,1.0,17327.275816339392,522341.9832740221,522341.98327402206,537,0.9999999999999999,0.0,0.0,0.0,22.484559529919125,25.70470829303963,28.972819365854047,23.159818204484377,3.699389424091561,441.0014934134785,1664.6480423400535,833.8741579062223,0.5009312098994911,904.7720745448414,0.03153444498376497,364.54082956137376,4,1,0,13,0.0,518,207.0,0.36454082956137374,396.98999404529457,262208.8231768412,790.8373879917411,500000.0,0.33532632523368217,0,8,23.061671366921903,21,E7,mtbf_mult,0.5,marketplace
4.870621171823662,12.405762915333073,11.645922395761726,25.09086171117906,5.367105977984011,12.318012202655154,4.675293146604872,4.675293146604872,,,23.895387380664566,28.97281936585432,5.272899913970984,12.817691217894572,7.925628416109798,12.405762915333073,1.0,1.0,19226.136203616657,520041.7500651535,519041.7500651535,532,0.998077077465656,0.0,0.0,1000.0,22.79099510758,25.70470829303956,28.972819365853866,23.170950617283854,4.870621171823662,427.89181458528606,1543.6878436969482,760.1665278808092,0.492435391639997,899.6369919137313,0.03239118045145364,372.8376287496169,8,0,0,19,66.95580926203557,499,207.0,0.3728376287496169,399.5301680504869,265106.45612670796,782.2247736193776,500000.0,0.3784751960097809,0,2,6.297851428677579,22,E7,mtbf_mult,0.5,marketplace
3.4220611908341563,6.0277576482663795,5.243029849861492,11.643939684659586,5.6387775194973475,8.752335613554168,5.252203588423285,6.129757111263141,6.547612990429059,6.547612990429059,23.25623824574429,28.972819365853866,3.376278951780364,7.669301037684193,5.38012723515398,6.0277576482663795,1.0,1.0,44840.47463850063,546785.5630729868,546785.5630729868,585,1.0,0.0,0.0,0.0,20.475506453594967,25.46772273167149,28.265039987530873,21.723147336734634,3.4220611908341563,429.8373958561096,2005.5231088138694,989.3767121866323,0.49332600947778726,1079.8103777274034,0.03350126926251649,435.5644068504092,3,0,3,21,0.0,559,207.0,0.4355644068504092,379.3727896564109,239090.07943138937,867.6042305903255,500000.0,0.3568334104327042,0,7,16.682451798064857,23,E7,mtbf_mult,0.5,marketplace
18.450061487110048,44.520035958018155,29.160719391956263,55.14875102565857,29.803100272226757,62.2859093370651,103.34957020354523,134.38660876214743,148.6674458381949,148.6674458381949,23.681922240487793,28.97281936585432,2.249665818050087,3.817662831524649,39.43799469499709,44.520035958018155,0.6842105263157895,0.7352941176470589,34421.87232108315,535140.8176419535,535140.8176419535,544,1.0,0.0,0.0,0.0,23.80881736603785,25.704708293039857,31.130081603013803,27.873824274483315,18.450061487110048,545.0589103223746,1659.9007731241688,827.2562544356948,0.49837693182025644,935.6395892533831,0.034016000948778394,376.16225030007456,5,1,3,19,0.0,511,207.0,0.37616225030007455,387.51699630030686,249877.45874395495,829.9114425635119,500000.0,0.3589845230617441,0,9,30.658434912938997,24,E7,mtbf_mult,0.5,marketplace
1.7167200018366202,1.7167200018366202,,,,,,,,,23.96282200882859,28.972819365853912,,,,1.7167200018366202,1.0,1.0,209.99028817615883,500209.99028817617,500209.99028817617,501,1.0,0.0,0.0,0.0,23.91841861160904,25.704708293039857,28.972819365853866,23.953483000288287,1.7167200018366202,435.32850891867554,1404.7490579765824,704.398116490459,0.5014405330907162,796.2296389376745,0.02924346496957498,319.7991394092329,7,0,0,18,0.0,480,207.0,0.3197991394092329,414.4655308063123,284062.7691676766,729.8379852694898,500000.0,0.11772880377245531,0,2,8.102631027998768,25,E7,mtbf_mult,0.5,marketplace
6.333013342108106,12.97030311807248,6.749977035247563,14.809523018712753,8.019386638115261,20.34798745530934,,,,,23.715552773812927,28.972819365853866,4.0093071057167435,5.3395177123869875,7.433505282945554,12.97030311807248,1.0,1.0,8275.236379187336,508449.34756596206,507449.34756596206,527,0.9980332357494661,0.0,0.0,1000.0,22.80151191270778,25.70470829303963,28.876189285901006,23.451124972892714,6.333013342108106,430.265568858651,1535.0356448416298,762.9466813914112,0.49702212711166366,884.6133565682691,0.03190406111439402,358.586568049782,7,0,0,19,0.0,503,207.0,0.358586568049782,408.6291322723511,274394.7775756048,755.6943626994347,500000.0,0.4220719775154597,0,3,10.349166942676964,26,E7,mtbf_mult,0.5,marketplace
4.917331013754919,9.94711371192685,6.241395113308535,12.96752255761462,8.41195563169678,18.695973600394154,,,,,24.679725426762833,31.509510617483464,6.497209289359631,14.01173864676636,7.171635335474925,9.94711371192685,0.9285714285714286,1.0,12370.949722949961,513597.1255335828,512597.1255335828,535,0.9980529486044901,0.0,0.0,1000.0,23.43253493674532,25.70470829303963,29.97709244356093,24.189685297051277,4.917331013754919,451.6958324987232,1665.720254813438,828.8449910467468,0.49758954941661443,902.8892459071343,0.033063320129008596,393.50326650600425,9,0,2,13,33.50503363981419,514,207.0,0.39350326650600426,404.59357443844783,268525.55229919637,772.3417808500554,500000.0,0.36124603713292264,0,7,20.502508346665422,27,E7,mtbf_mult,0.5,marketplace
6.515388288003095,14.205008302981698,7.012507837217758,13.582845130682106,8.560239835650444,19.808684074916727,5.1634388386792835,5.713915834987043,7.903489301740194,7.903489301740194,24.31853644292822,28.972819365853866,4.035681341533589,5.866409842682719,7.361773711812706,14.205008302981698,0.9166666666666666,1.0,26590.43369586375,528937.8456762048,527937.8456762048,536,0.9981094186998066,0.0,0.0,1000.0,23.08043220876909,25.70470829303963,28.898271423548522,23.409053960513877,6.515388288003095,446.5763647395249,1644.3357597237746,808.3719029793797,0.4916100000860985,920.4634676024008,0.03161473960062005,373.00187569480966,6,0,3,18,0.0,511,207.0,0.37300187569480964,392.79813632243554,252013.90470136216,822.8633341538552,500000.0,0.3748535612211197,0,3,8.544387343355776,28,E7,mtbf_mult,0.5,marketplace
3.120748558938658,5.841939682142083,8.89516448640568,20.92820902675612,3.7916838390424012,5.499826257547824,16.067391473493256,29.28175575824471,10.323623225348229,18.03582783592383,24.445098858658298,29.785092017685475,4.28827360130563,6.297560234204177,6.791688349417014,5.841939682142083,1.0,1.0,77164.28456252046,584688.0408818187,584688.0408818187,599,1.0,0.0,0.0,0.0,21.293827748811918,25.382608026528942,28.972819365853958,22.16989147988262,3.120748558938658,462.4846858853622,2051.4667953155395,1005.5330067068961,0.49015319624134274,1147.8130289629546,0.03745883350033214,466.66292372497594,6,0,5,23,0.0,567,207.0,0.466662923724976,354.83308776219627,210867.24987551878,983.8733281066583,500000.0,0.37036119064593703,0,7,25.77629716849071,29,E7,mtbf_mult,0.5,marketplace
2.881018834241111,4.877613295574156,3.785763900501846,6.341939095743284,3.749298030309584,4.951248541225965,,,,,3.4676184052324595,4.972818365853527,4.300280664809903,8.35818186959932,3.774248362546395,4.877613295574156,1.0,1.0,13968.57625752051,515078.73700219905,515078.73700219905,554,1.0,0.0,0.0,0.0,3.469255344475283,1.76912734634152,4.972818365853527,3.4658608437984775,2.881018834241111,22.10698880456016,1803.4103145704964,883.7365583594939,0.49003632241615863,1080.3676567807513,0.03171776661829163,371.0834073880471,3,0,0,0,0.0,554,207.0,0.37108340738804707,402.60074530411595,267433.334368069,775.4122495514446,500000.0,0.3718293995193019,0,0,0.0,0,E7,mtbf_mult,1.0,pooled_greedy
2.6828362669722763,4.372685973347506,4.72112164918272,8.040596365991377,16.63051847444717,38.87702465563507,20.63901402518938,39.049650098778514,,,4.549630700083192,4.97281836585446,5.000502032151579,9.548779326795378,12.38545459592145,4.372685973347506,1.0,0.9655172413793104,22776.714596747763,525519.2910413912,525519.2910413912,536,1.0,0.0,0.0,0.0,4.707943605623399,1.76912734634152,5.778069032130588,5.093599576344924,2.6828362669722763,45.14315691710478,1692.838514551074,838.2168348730274,0.4951546338696785,1032.7108945825512,0.03652536605238068,411.70996555135144,4,2,0,0,0.0,536,207.0,0.4117099655513514,394.6795360347963,255223.62937421084,812.6665641191189,500000.0,0.39731422330114513,0,0,0.0,1,E7,mtbf_mult,1.0,pooled_greedy
12.958121279501825,18.752018301418506,7.317173940003272,15.143887402138898,7.303763866089336,15.033802560916229,20.38280195983009,32.56520419397559,,,3.7337510819150688,4.972818365853527,4.004035704817108,5.647050670868339,8.945348664763898,18.752018301418506,0.9545454545454546,0.9736842105263158,29310.196036041838,532277.3226155266,517873.34282247716,549,0.9729389564780431,14403.979793049497,0.02706104352195697,0.0,4.260699782323835,1.76912734634152,5.778069032130793,3.96859242450407,12.958121279501825,25.31880259624351,1776.2293542722634,869.1781751634296,0.4893389319756735,1055.3933625363713,0.03791530525173888,442.1051298105452,5,2,0,0,0.0,549,207.0,0.44210512981054517,400.5653274200677,263738.22432480013,786.5454681849244,500000.0,0.39529194972655785,0,0,0.0,2,E7,mtbf_mult,1.0,pooled_greedy
3.1612650704756837,4.430082974086872,4.3429377062228784,6.2879729971518845,22.30653449639408,92.09936015339008,96.60078489552507,96.60078489552507,53.04494901963517,53.04494901963517,4.388275912379852,5.778069032130725,4.579643775295835,4.565968919972239,15.67184666834847,4.430082974086872,1.0,0.9361702127659575,28096.063942230638,531327.860284328,531327.860284328,562,1.0,0.0,0.0,0.0,4.911265720151257,1.7691273463419748,6.644698191119602,6.230637018973053,3.1612650704756837,69.58339282512381,1910.1037744963346,942.4274343253543,0.4933906978817725,1189.4876398202737,0.039340153291040965,460.78845219554955,3,2,0,0,0.0,562,207.0,0.46078845219554954,390.4571997056161,249370.44873194103,831.9381446644628,500000.0,0.35433028285115364,0,0,0.0,3,E7,mtbf_mult,1.0,pooled_greedy
2.9561905850208254,4.587921021970761,5.255833329413804,7.812154817398094,3.3543695203147763,5.059609104144875,,,6.1163852357155974,6.1163852357155974,3.937842169558903,5.286838840287576,3.2879461752963643,4.62981113767637,4.249176018714318,4.587921021970761,1.0,1.0,32491.15341102122,534209.4492904893,521325.49254426855,548,0.9758821998312972,12883.956746220842,0.02411780016870289,0.0,3.9050004506701494,1.76912734634152,5.686533495421498,3.943048488493035,2.9561905850208254,24.571478246559145,1758.2052745697752,866.0576670008417,0.49258051919606605,1067.3826115893671,0.035412610390217106,413.75719972200835,4,1,0,0,0.0,548,207.0,0.41375719972200836,397.8584591892164,261487.19480306396,793.2080856040895,500000.0,0.39100484049877693,0,0,0.0,4,E7,mtbf_mult,1.0,pooled_greedy
6.5014828357758905,9.712328164996713,7.990897704486883,17.713987071401068,10.290145729695553,31.915475095418422,29.07644597904785,53.504657640078676,,,4.588933975751774,6.257651703012016,2.5812865234848132,4.439258570803304,12.974423367801966,9.712328164996713,0.9259259259259259,0.9473684210526315,43452.69323580841,547328.4080016714,547328.4080016714,573,1.0,0.0,0.0,0.0,5.062024973563093,1.76912734634152,9.482008116640648,6.058863329999919,6.5014828357758905,76.57475847474377,1916.2709058620796,937.8481612017706,0.48941314003818137,1188.5550913199938,0.03478816074399921,397.2009938501372,4,0,0,0,0.0,573,207.0,0.39720099385013724,378.92643239745155,233812.26245052458,887.0244820360355,500000.0,0.40215810515031203,0,0,0.0,5,E7,mtbf_mult,1.0,pooled_greedy
3.0968922139459494,5.185127312283726,5.532894857861982,11.38361945943066,7.056260878574449,15.059035597591272,37.70061215751798,52.38322422016689,,,4.502450603089464,4.972818365854437,7.672754695221363,12.028947025922806,11.338496163845784,5.185127312283726,1.0,0.9807692307692307,31608.77227884693,533346.8920584851,533346.8920584851,565,1.0,0.0,0.0,0.0,4.796120358416629,1.7691273463417474,5.778069032130588,5.731704703750485,3.0968922139459494,59.53335936357007,1877.498104868722,925.3555704030765,0.49286631395443087,1158.2156484464297,0.03528371538302723,414.6808071074958,4,0,0,0,0.0,565,207.0,0.4146808071074958,388.8926398475442,248050.97899926527,836.177634306865,500000.0,0.4402174949603042,0,0,0.0,6,E7,mtbf_mult,1.0,pooled_greedy
4.425821635439333,5.634305585629886,18.56480678618831,55.04696322329656,2.699590129002931,3.237984456112435,6.504395574288608,7.159589410589993,,,5.050923129293183,8.358319209941753,3.810894163945025,5.145313589738317,11.610316272085484,5.634305585629886,0.972972972972973,0.9344262295081968,40773.60461111535,544565.4292464787,533094.6781879223,581,0.9789359543545969,11470.75105855638,0.021064045645403137,0.0,5.239384576534939,1.7691273463416337,8.025354262585097,5.033145610754438,4.425821635439333,54.677370075802884,1955.391139723132,958.98025686743,0.4904288647862105,1155.507181316788,0.03547205311913349,424.8161775561946,2,1,0,0,0.0,581,207.0,0.4248161775561946,389.0956422274327,247102.91895863507,839.426814752759,500000.0,0.3553027587967595,0,0,0.0,7,E7,mtbf_mult,1.0,pooled_greedy
5.662493413471687,18.731645214764132,5.607170859795303,9.634904140300977,4.752522590037776,8.012397582978158,6.292066744717658,7.315476233871732,,,4.214532246645169,5.11149854787065,2.522912517989397,3.3077655029878317,5.183664958186471,18.731645214764132,0.88,1.0,38363.5914215517,540361.5398106,526845.8481339897,560,0.9749876875372225,13515.69167661024,0.02501231246277737,0.0,4.282728040917032,1.7691273463415769,5.7780690321306905,4.294376213271462,5.662493413471687,35.55377435086813,1811.2049316807786,891.8902360154191,0.49242922234523434,1101.3363450734919,0.03432615749215395,388.3356312286244,5,0,0,0,0.0,560,207.0,0.38833563122862436,393.6413969394796,254196.27025212854,815.8590817462714,500000.0,0.4099901226491321,0,0,0.0,8,E7,mtbf_mult,1.0,pooled_greedy
12.172212131029875,20.014284004264177,6.906854986888779,8.93969229563927,11.41262027197187,31.136332093964548,31.567716745013968,31.567716745013968,44.423955798850784,52.08223881081276,4.358260421566798,5.86217686049127,4.457041437706018,7.37589485589565,9.366497705252055,20.014284004264177,0.9473684210526315,0.9506172839506173,47374.080402398526,549779.8663554897,549779.8663554897,605,1.0,0.0,0.0,0.0,5.341052060025795,1.7691273463419748,9.560436410205513,6.0895301350269735,12.172212131029875,72.66833778263596,2141.787354814149,1054.3340237888378,0.4922683017149135,1370.0892139340501,0.045466433926568496,619.3457813995173,6,2,0,0,0.0,605,207.0,0.6193457813995172,377.6408677125911,234170.55892711057,886.615921030553,500000.0,0.42570405801274863,0,0,0.0,9,E7,mtbf_mult,1.0,pooled_greedy
2.6734994232392637,4.4741970760142085,3.726265060606039,5.307476470933943,14.429251064714464,48.006721769712385,,,,,4.058768756643982,4.972818365853527,3.11521373977389,4.835668919120802,9.077758062660251,4.4741970760142085,1.0,0.9666666666666667,13819.243346008723,516514.44304295897,516514.44304295897,540,1.0,0.0,0.0,0.0,4.1540919197178585,1.76912734634152,4.972818365854437,4.314858678374781,2.6734994232392637,39.14949123780818,1718.4584747096346,850.100134801151,0.49468762109296305,1049.076160591274,0.03072644655294636,336.45458975476265,2,0,0,0,0.0,540,207.0,0.33645458975476267,401.4146310571037,264009.57909801486,785.3368627688319,500000.0,0.08901658637210175,0,0,0.0,10,E7,mtbf_mult,1.0,pooled_greedy
7.362204186482002,16.704250863907873,9.461968362331845,19.21159556574958,4.015474823480235,6.338584103369815,,,6.75338177253343,6.75338177253343,4.290263252066711,5.7043887924820424,2.515073832670396,3.658122941105695,5.571615834580696,16.704250863907873,0.9047619047619048,1.0,26006.043708159235,531772.2574830158,531772.2574830158,543,1.0,0.0,0.0,0.0,4.423755864152548,1.76912734634152,6.736798603472518,4.445114964535706,7.362204186482002,40.44206264216092,1722.6575793814975,853.677614810524,0.4955585050843524,1047.8025807587949,0.03217408109830722,356.89240302570374,5,0,0,0,0.0,543,207.0,0.35689240302570374,389.9355212407794,248384.74771437873,834.8213580387329,500000.0,0.3761994285125028,0,0,0.0,11,E7,mtbf_mult,1.0,pooled_greedy
9.61394644802301,23.680093771625632,18.711051679358928,49.062367718477276,4.995980005050114,4.995980005050114,,,,,4.586942312878384,5.778069032130588,3.7635709007821396,7.673219635573518,16.751755725886238,23.680093771625632,0.8571428571428571,0.8571428571428571,3605.0987133016765,503977.3460501888,503977.3460501888,521,1.0,0.0,0.0,0.0,4.806863854053804,1.76912734634152,5.7780690321319526,4.6080599400011915,9.61394644802301,38.841549216990806,1581.2970898923775,782.7983708474383,0.4950356108609011,955.6129180884104,0.03386224551290137,384.7259173398978,5,1,0,0,0.0,521,207.0,0.3847259173398978,411.49612684512886,280136.3604164266,740.2992086034801,500000.0,0.3748976775163843,0,0,0.0,12,E7,mtbf_mult,1.0,pooled_greedy
2.608486598615774,3.2899407481302245,3.8887699263846742,5.3734970777848945,5.487710366695865,7.343931761092563,,,,,3.5007027644679765,4.811768232599206,1.721738620764495,1.9585423353670648,4.599410122078536,3.2899407481302245,1.0,1.0,6216.486291594783,506496.9548278934,506496.9548278934,522,1.0,0.0,0.0,0.0,3.4889322973667505,1.76912734634152,4.913038035299227,3.5228503222439254,2.608486598615774,14.980959463711864,1592.6035306389456,793.9796130091873,0.49854191437755146,957.8108604317964,0.033395035294548285,365.6756364753037,3,2,0,0,0.0,522,207.0,0.36567563647530366,409.41149529109754,275470.9244325844,752.7679230162225,500000.0,0.026745633961212878,0,0,0.0,13,E7,mtbf_mult,1.0,pooled_greedy
6.972771207612139,14.08714518207734,8.713800326410011,14.248463550138922,6.387415234268435,18.395120409813103,14.72836942980598,38.91466478409884,,,3.678145226193192,4.972818365853618,3.0442870273519054,5.04182826771048,9.043933397710088,14.08714518207734,0.9310344827586207,1.0,58929.484502104126,566652.9292862886,566652.9292862886,576,1.0,0.0,0.0,0.0,4.136029164279005,1.7691273463417474,6.618593199074439,4.617001680449413,6.972771207612139,39.87719911418902,1944.3917581985581,962.3462328698463,0.49493433039514717,1242.0455327799773,0.03369528180045447,387.4716731893793,1,0,0,0,0.0,576,207.0,0.3874716731893793,365.9867635986605,217044.98603790012,955.5045498124322,500000.0,0.4200912562101718,0,0,0.0,14,E7,mtbf_mult,1.0,pooled_greedy
13.348333274689093,40.65149027365616,11.102684408862213,25.767453902684792,5.653397722870936,5.1547991671477575,7.67738529545217,9.006345367876566,7.226108561704905,8.325767343817324,4.917667734439672,8.025316547597056,9.08261857746171,9.065179975124924,8.950908836047487,40.65149027365616,0.7714285714285715,0.9459459459459459,64862.71277757866,573615.9384122626,573615.9384122626,603,1.0,0.0,0.0,0.0,5.862013093125509,1.7691273463417474,10.69820198748258,5.317763335308641,13.348333274689093,55.602931221040286,2157.063953155315,1045.4808002503394,0.4846777021705956,1365.2102994165455,0.043949726804881864,530.6903761567864,6,2,0,0,0.0,603,207.0,0.5306903761567865,361.79380048363083,210369.58309244324,986.5052129944141,500000.0,0.4088084078635624,0,0,0.0,15,E7,mtbf_mult,1.0,pooled_greedy
13.336585637224902,55.28481657614901,15.880597394330843,41.519023601437766,49.24336762830626,75.3521558080276,,,,,4.591085617192776,5.791236986017068,2.9502766516553343,3.945487553462999,27.001520805655982,55.28481657614901,0.8421052631578947,0.7857142857142857,8440.199489225186,509188.49886297405,509188.49886297405,531,1.0,0.0,0.0,0.0,5.2745808906017535,1.76912734634152,7.076294516734379,4.952803045853542,13.336585637224902,49.42268221700479,1630.2618982606537,811.751717046057,0.4979271845291391,994.1083927850867,0.03221852087515545,362.0552145252166,2,1,0,0,0.0,531,207.0,0.3620552145252166,407.24025714949954,275242.064446667,753.3806855845077,500000.0,0.35887642421045785,0,0,0.0,16,E7,mtbf_mult,1.0,pooled_greedy
4.18261587757584,10.28489029375105,3.6965818743840697,5.734077835606515,4.649425659288534,5.588153567489826,,,,,3.9701199913269694,5.327296708068294,2.6511607386227585,5.3319304191190895,4.093600118094263,10.28489029375105,1.0,1.0,10188.61735102234,511539.3687118152,511539.3687118152,538,1.0,0.0,0.0,0.0,3.9518312330280745,1.76912734634152,5.688986974189187,3.982006962661153,4.18261587757584,22.819088559807774,1666.66351882027,824.3187801460649,0.4945922022278079,1016.6002095666963,0.035646127874767675,402.7167183758774,6,1,0,0,0.0,538,207.0,0.4027167183758774,405.4482008699899,270974.65917616495,765.3952489466554,500000.0,0.43151474097676745,0,0,0.0,17,E7,mtbf_mult,1.0,pooled_greedy
5.120858701424566,12.12202921773769,5.279443824302598,6.015869349275992,5.047138257589237,8.140910581438037,11.428372446804437,16.290276349184296,7.889961656120249,7.889961656120249,3.5205959407022283,4.972818365854357,4.779009212830188,6.287024089019358,6.357153122183585,12.12202921773769,1.0,1.0,68261.72443658626,572191.6285267603,561368.4124093493,574,0.9810846304318052,10823.216117411037,0.01891536956819503,0.0,3.7871787525635265,1.76912734634152,5.783253631824346,4.158339624367795,5.120858701424566,31.818735209399005,1920.2926525014332,948.6876655536385,0.4940328570844909,1188.3521337005907,0.035602936375924474,409.4561596947756,2,1,0,0,0.0,574,207.0,0.4094561596947756,369.47119142224193,224188.35224618253,925.157146130131,500000.0,0.359944042526418,0,0,0.0,18,E7,mtbf_mult,1.0,pooled_greedy
9.102010696412448,30.05985809395389,9.238303411619485,7.3606924165754215,21.690940106895155,50.350909933048044,,,,,4.206809072425132,4.972818365854346,3.5281870427748294,6.511771365619464,13.633351657010898,30.05985809395389,0.8285714285714286,0.9565217391304348,37728.11627304937,538786.9281851918,526296.1270711955,582,0.9768168074231693,11490.801113996251,0.021327171304435642,1000.0,5.035561299745352,1.7691273463416337,7.360692416575409,4.920330553187596,9.102010696412448,44.92764751341578,2028.391425114438,994.1756797298151,0.49013009393575285,1234.6513689332453,0.04159425949279046,476.61730560955874,2,3,0,0,0.0,582,207.0,0.4766173056095588,394.22030038526736,255278.4623110844,812.7462670657145,500000.0,0.3860631928147635,0,0,0.0,19,E7,mtbf_mult,1.0,pooled_greedy
4.2203204865552095,6.478915903031067,4.043600944467744,6.514920147176986,7.183289896714814,12.250490930700199,7.597944494584681,7.597944494584681,4.820118274277888,4.820118274277888,3.6663600182191702,4.972818365853527,4.982822854403076,5.2958347140775,5.793854427317952,6.478915903031067,1.0,1.0,42968.20466135957,546796.3875473237,534781.0123534314,558,0.978025869468912,12015.37519389233,0.021974130531088105,0.0,3.780631381876634,1.76912734634152,5.1481592629610535,3.8024281298115805,4.2203204865552095,20.339295616717727,1773.5028875605874,877.8186372819556,0.49496318468890405,1075.5125561439484,0.03722369482103282,428.6305906274632,4,2,0,0,0.0,558,207.0,0.4286305906274632,387.87583290922817,249970.70346610204,829.811764796495,500000.0,0.3296041974606501,0,0,0.0,20,E7,mtbf_mult,1.0,pooled_greedy
3.5570311990753964,5.570508013450582,3.830752807113913,5.16314878446874,3.757922279369268,5.150770424675466,4.820118274277775,4.820118274277775,,,4.378974960748438,5.038053019121268,3.023411346039969,4.600294096875587,3.9362158585732345,5.570508013450582,1.0,1.0,17327.275816339392,522341.9832740221,522341.9832740221,537,1.0,0.0,0.0,0.0,4.319047548116708,1.76912734634152,5.549455436009434,4.4996125570572625,3.5570311990753964,43.8547149519513,1675.1090054898275,823.8231823038078,0.4918027302127179,984.0458216966913,0.03022958301408165,331.0139340041941,1,1,0,0,0.0,537,207.0,0.3310139340041941,396.92580832668347,262166.4290057179,790.8373879917411,500000.0,0.0026054665896007023,0,0,0.0,21,E7,mtbf_mult,1.0,pooled_greedy
7.552637463656083,15.433112817583519,15.187203151604127,33.747106090481246,6.004070292926599,13.895725986724756,4.675293146604872,4.675293146604872,,,4.806369087302127,6.054228821570134,5.353791864553386,10.086354130712065,9.719644221848759,15.433112817583519,0.9166666666666666,1.0,19226.136203616657,520041.7500651535,520041.7500651535,533,1.0,0.0,0.0,0.0,4.988060132566797,1.76912734634152,7.413492093215474,4.841261434000367,7.552637463656083,41.123030668870896,1655.6501437460306,818.5464482025185,0.4943957824027344,1018.7703541369885,0.03591249681644633,396.57484758827013,5,2,0,0,0.0,533,207.0,0.39657484758827016,398.8075473201999,264854.9559413277,783.0571797702439,500000.0,0.33575380602424776,0,0,0.0,22,E7,mtbf_mult,1.0,pooled_greedy
4.079313358561595,7.045284114546761,5.381548416016538,11.85402787871517,11.105524599159867,21.690054541844667,10.913613253386359,12.932838271019966,,,4.19047910395633,4.972818365854437,3.1408062825036005,4.528693806884576,7.736855019677674,7.045284114546761,0.9743589743589743,0.9852941176470589,44840.47463850063,546785.5630729868,534074.9817859603,584,0.9767539925238847,12710.581287026522,0.023246007476115223,0.0,4.330401488104071,1.7691273463416906,6.7568554315432285,4.508373681693225,4.079313358561595,45.597273017965776,2037.0813019036282,998.3284156252372,0.49007784553925815,1200.8093007738187,0.03403814582580232,419.6657517347452,2,0,0,0,0.0,584,207.0,0.4196657517347452,388.37180700379963,247207.9148048002,839.0494532325838,500000.0,0.3795707145300047,0,0,0.0,23,E7,mtbf_mult,1.0,pooled_greedy
22.57380983138175,47.741170802569464,36.65387017308353,77.0648739796402,32.60426384878539,70.02666698964879,40.20341285115728,43.22420867176597,,,3.9777877219236117,4.811768232599206,2.24209759498793,3.521783492325449,34.697378735581154,47.741170802569464,0.5263157894736842,0.8235294117647058,34421.87232108315,535140.8176419535,523443.16914699145,543,0.9781409899799709,11697.648494961977,0.021859010020029008,0.0,5.448316403585023,1.76912734634152,5.190721777068259,5.455638169964438,22.57380983138175,60.889706743017015,1712.3628793774888,845.6593296719441,0.4938552101639662,1018.2387060829,0.03333665730644895,365.036397505616,4,1,0,0,0.0,543,207.0,0.36503639750561595,396.15577892711804,258034.7355160714,803.6322551022985,500000.0,0.02316494110901557,0,0,0.0,24,E7,mtbf_mult,1.0,pooled_greedy
2.5503240170628487,2.5503240170628487,,,,,,,,,4.564644462532067,5.584716827367452,,,,2.5503240170628487,1.0,1.0,209.99028817615883,500209.99028817617,500209.99028817617,501,1.0,0.0,0.0,0.0,4.560623862840512,1.76912734634152,5.563233249060431,4.5637988422145295,2.5503240170628487,36.66998632303435,1462.7659375788137,730.8458012673111,0.49963277274354306,896.4946928864972,0.03207289688425279,351.1982208825681,5,1,0,0,0.0,501,207.0,0.3511982208825681,414.5283026063222,284105.7911562646,729.8379852694898,500000.0,0.07831894371449688,0,0,0.0,25,E7,mtbf_mult,1.0,pooled_greedy
5.3162755223001605,10.614393078742069,5.4152971737442686,10.388681426589756,7.127120782651543,14.791083637652996,,,,,4.195617391452317,4.993140743660233,3.363526970487783,5.228599001612747,6.337048347771263,10.614393078742069,1.0,1.0,8275.236379187336,508449.34756596206,508449.34756596206,528,1.0,0.0,0.0,0.0,4.265385346353102,1.76912734634152,6.138014358792987,4.255669720870948,5.3162755223001605,28.21197050042579,1632.8267939290085,812.9945499571779,0.497906179014187,1016.4717830032215,0.03568085688682951,398.4807567400351,6,1,0,0,0.0,528,207.0,0.3984807567400351,407.9039175673912,274145.5944406633,756.526768850301,500000.0,0.4012090630404792,0,0,0.0,26,E7,mtbf_mult,1.0,pooled_greedy
2.8886514120639393,4.596824218402122,5.735194049254135,9.278829473183348,9.615245324457797,19.439908737924725,,,,,5.365242441021593,7.782427499565075,6.12692847398381,13.186331993990503,7.398073167198562,4.596824218402122,1.0,1.0,12370.949722949961,513597.1255335828,513597.1255335828,536,1.0,0.0,0.0,0.0,5.3650201350976525,1.76912734634152,8.024084214591767,5.43592820071643,2.8886514120639393,55.454494808550834,1687.0445098831335,832.0986675757515,0.4932286390199589,1028.9991484529787,0.035195333152551724,408.9476894248563,5,1,0,0,0.0,536,207.0,0.4089476894248563,403.8358810399201,268256.43066790275,773.1741870009217,500000.0,0.44105884210799545,0,0,0.0,27,E7,mtbf_mult,1.0,pooled_greedy
9.205810464921283,24.613081823423272,7.790137538973159,13.641041851378345,9.24644119182544,18.409998228040052,9.338548294393362,12.128158862656866,7.903489301740194,7.903489301740194,4.189595150041968,4.972818365853527,5.235041708569298,9.455718985942958,8.52980275322029,24.613081823423272,0.8333333333333334,1.0,26590.43369586375,528937.8456762048,528937.8456762048,537,1.0,0.0,0.0,0.0,4.453497146409419,1.76912734634152,5.535000121783107,4.494341242839446,9.205810464921283,41.774884385880384,1702.719675825605,842.4915893361723,0.49479171545232176,1069.3979532348603,0.03150320367108205,352.0271193248291,3,0,0,0,0.0,537,207.0,0.3520271193248291,392.01586502898425,251733.76159820383,823.6957403047217,500000.0,0.40835326859413934,0,0,0.0,28,E7,mtbf_mult,1.0,pooled_greedy
3.2721641836286937,4.62887444886681,5.8374097431696415,14.213650794396926,8.609302248913778,23.910633860537562,30.27573034419072,34.89598033120137,15.688282150690364,30.527404440310285,5.405142155317535,6.3966396634630875,6.50926101427326,16.694985645192194,8.750751033605527,4.62887444886681,1.0,1.0,77164.28456252046,584688.0408818187,584688.0408818189,599,1.0000000000000002,0.0,0.0,0.0,5.672707821055529,1.7691273463419748,10.888038764812931,6.8664323298715,3.2721641836286937,89.96218992955839,2112.235566056728,1031.6267089537291,0.48840514075787644,1298.951461347947,0.04162894286228301,486.27775037428745,3,2,0,0,0.0,599,207.0,0.48627775037428744,354.86663527005993,210887.18620887486,983.8733281066583,500000.0,0.36270713030619195,0,0,0.0,29,E7,mtbf_mult,1.0,pooled_greedy
2.0705361610386355,2.4820641782353956,3.611244679505253,3.4888691817423023,2.696198340675162,4.169552715478176,,,,,23.283999759406722,28.895018437183445,4.644175187357462,11.495840005034097,3.322282677769435,2.4820641782353956,1.0,1.0,13968.57625752051,515078.73700219905,515078.73700219905,554,1.0,0.0,0.0,0.0,21.31029250091487,25.704708293036674,28.811769232597726,22.678179202714645,2.0705361610386355,429.51516791399456,1780.7960545732678,884.6656466984488,0.49678100107338863,985.2902753985934,0.030461677533880828,352.904488512792,3,0,0,12,102.4925070669722,536,207.0,0.352904488512792,402.5654518284406,267409.8901693402,775.4122495514446,500000.0,0.3666483147840685,0,7,27.986440436218945,0,E7,mtbf_mult,1.0,marketplace
2.4506482383385824,3.682174166529512,3.3798045432138983,3.856809707903949,4.446788411955867,5.739475942319951,11.705828672179754,20.1393092017237,,,23.478508227496544,29.313524265155273,3.751405634504116,5.519366636115501,5.545018238257285,3.682174166529512,1.0,1.0,22776.714596747763,525519.2910413912,524519.2910413912,535,0.9980971202826477,0.0,0.0,1000.0,22.16154284836072,25.70470829303963,28.972819365854594,22.687012233234448,2.4506482383385824,431.56620611536795,1681.2121227514442,845.5587771227056,0.5029459196016728,963.5228918714919,0.03101167849461826,348.7922793515229,4,0,4,19,0.0,509,207.0,0.3487922793515229,395.3120425135881,255407.81974273626,811.8341579682526,500000.0,0.3885545062960956,0,8,25.191405714710314,1,E7,mtbf_mult,1.0,marketplace
13.384272851022915,52.43470646064241,8.215264970242771,14.837135565105836,7.462305205366647,13.33280851601512,4.724169815304435,4.763271150264086,,,22.65171852123333,28.811769232597726,7.865055980045492,10.960266073355342,7.4965181640469325,52.43470646064241,0.8636363636363636,0.9210526315789473,29310.196036041838,532277.3226155266,516873.34282247716,548,0.9710602365748803,14403.979793049497,0.02706104352195697,1000.0,21.540367611721148,25.704708293036674,28.811769232597726,22.122199624832,13.384272851022915,421.215736048504,1705.383329047913,844.8900494399429,0.4954253011911585,957.3028363864952,0.03212131280174714,392.67627403178057,4,0,1,19,0.0,525,207.0,0.39267627403178057,401.2446746460706,263954.7263439054,785.7130620340581,500000.0,0.3934250881706234,0,8,20.344701396972347,2,E7,mtbf_mult,1.0,marketplace
3.3132957992793903,5.876677713125901,5.216449562135285,11.409264892318063,5.992317038460442,13.078595942571473,24.55243582804178,24.55243582804178,53.04494901963517,53.04494901963517,24.024028908943606,28.972819365853866,4.643372239968325,10.235143410239294,6.345393771683537,5.876677713125901,1.0,1.0,28096.063942230638,531327.860284328,530327.860284328,561,0.998117922897051,0.0,0.0,1000.0,21.98669846674845,25.704708293039516,28.81176923259909,23.653989989769553,3.3132957992793903,464.50053194422117,1866.148090169385,917.454991135067,0.4916303245000198,1023.2480201836235,0.03208682229442655,408.63975348651,3,0,3,14,0.0,545,207.0,0.40863975348651,391.09512300991923,249557.463198882,831.1057385135965,500000.0,0.33686245608748583,0,4,11.179989173125865,3,E7,mtbf_mult,1.0,marketplace
3.272214551003673,5.982461980018889,4.829749116334483,7.8188074815539945,2.712325841679002,3.1912030147092088,,,78.12752061520246,136.53605890461154,24.49655841395653,29.255463601999068,5.048437984073066,5.2617572738364755,3.7087603238698166,5.982461980018889,1.0,1.0,32491.15341102122,538255.453584505,538255.4535845051,550,1.0000000000000002,0.0,0.0,0.0,22.894750417137224,25.704708293036674,28.972819365853912,26.778038214570817,3.272214551003673,517.6645683981275,1733.4366025776947,867.201670778893,0.5002788504000244,942.5757481906902,0.033291227843158015,391.2690967751548,6,0,1,19,4046.004294015581,524,207.0,0.3912690967751548,385.30268056859563,249495.70190500712,831.2418511150834,500000.0,0.37398318146406195,0,12,33.102881628561114,4,E7,mtbf_mult,1.0,marketplace
7.438346275908943,11.258103236943889,8.203978818182659,19.42449661577726,9.270260705501949,25.83152982657666,29.27081749286678,54.04262756152548,,,23.61068628327203,29.33087804323768,3.414338930207556,7.095360532367977,12.772773848892578,11.258103236943889,0.9259259259259259,0.9298245614035088,43452.69323580841,547328.4080016714,546328.4080016714,572,0.998172943363837,0.0,0.0,1000.0,21.713951823692977,25.382608026528942,28.972819365854775,23.445532476860052,7.438346275908943,461.88718826028713,1829.460150872181,898.1097446793485,0.4909151720255736,1041.2619347888897,0.033483020054259315,395.84019688826237,5,0,0,22,0.0,543,207.0,0.39584019688826233,379.617528869657,234030.34831893732,886.1920758851692,500000.0,0.3827294227733626,0,8,18.766510338509438,5,E7,mtbf_mult,1.0,marketplace
2.5230844294632635,3.8414839936979437,4.860475960693258,7.947497090326216,4.197092462477973,7.85049484157676,32.35122322221804,39.152079217506504,,,24.360105707878752,29.87307100904919,5.445627911183028,9.470170627984595,9.248780317301263,3.8414839936979437,1.0,1.0,31608.77227884693,533346.8920584851,533346.8920584851,565,1.0,0.0,0.0,0.0,22.20081966092913,25.70470829303963,29.778070032130927,24.01249050046609,2.5230844294632635,462.8653961170958,1835.065725635911,925.6260672029771,0.5044103076374646,1029.1780688119834,0.0336971868914056,389.95782012826425,5,0,0,20,0.0,533,207.0,0.38995782012826424,388.84628542540855,248021.41233069525,836.177634306865,500000.0,0.4143794545867833,0,10,34.69280547088866,6,E7,mtbf_mult,1.0,marketplace
4.156640809667695,6.048402105854166,15.711188238365484,56.2203190180493,2.3043640538892967,2.525976828063057,6.063349301183067,6.718543137484451,11.838310601135902,11.838310601135902,23.978217978593193,29.837231829892595,3.139356175269589,4.455033760785916,9.879642591088379,6.048402105854166,0.972972972972973,0.9508196721311475,40773.60461111535,544565.4292464787,543565.4292464787,581,0.9981636733690867,0.0,0.0,1000.0,21.395289737639168,25.704708293036674,28.972819365853866,22.516853030232674,4.156640809667695,449.86198583241435,1901.5995310818987,940.4232103710284,0.49454324898575397,1054.5543970466815,0.031403481057553785,380.6891378326727,1,0,1,15,99.38937189467718,559,207.0,0.38068913783267266,381.5192762080465,238690.49988020526,868.8267410806611,500000.0,0.36909100006622947,0,9,25.38464609111371,7,E7,mtbf_mult,1.0,marketplace
4.057661658969341,10.675146294068513,8.991542462391152,18.5124667473708,6.331162455104847,21.78268976605274,5.016140661867894,5.018809284742156,,,23.78942831668601,29.33601025198592,6.176194509884842,4.813738966824485,7.142162301705566,10.675146294068513,1.0,1.0,38363.5914215517,540361.5398106,526845.8481339898,560,0.9749876875372228,13515.69167661024,0.02501231246277737,0.0,21.84739244084837,25.70470829303963,28.972819365853866,22.887851308844063,4.057661658969341,440.4269972163557,1753.868305053821,870.7469349026848,0.4964722450332234,983.3766400708737,0.03297371948370077,381.82970474742785,5,0,0,17,0.0,538,207.0,0.38182970474742783,393.62904811580694,254188.29592589158,815.8590817462714,500000.0,0.41474792051655224,0,14,43.301198525779085,8,E7,mtbf_mult,1.0,marketplace
5.818094879992986,12.95555132952145,6.090234874272009,15.239382974414047,5.637550077094273,10.783074033757522,36.08419072951983,36.08419072951983,41.101748138852145,51.03419246237836,23.450025534132227,28.974883277469964,4.0583044178583085,5.5934091747244565,6.598272769761511,12.95555132952145,1.0,1.0,47374.080402398526,549779.8663554897,548779.8663554897,604,0.9981810901759116,0.0,0.0,1000.0,20.493149452884182,25.382608026528942,28.39306245991275,23.064802337535124,5.818094879992986,460.5211813401822,2035.2491178920106,999.0686072409025,0.49088271232156483,1183.1522260816928,0.03643799235184943,457.1554495367533,4,0,2,24,0.0,571,207.0,0.4571554495367533,378.0334669113931,234207.51455022846,885.7835148796868,500000.0,0.3852731295646287,0,12,31.97786765181477,9,E7,mtbf_mult,1.0,marketplace
2.255321545161288,2.4544228129545447,4.2094377072941995,7.053902860730363,5.620095667489039,10.274981424893209,,,,,23.034489944875947,28.811769232599318,3.180677524936141,4.871471088371775,4.914766687391619,2.4544228129545447,1.0,1.0,13819.243346008723,516514.44304295897,516514.44304295897,540,1.0,0.0,0.0,0.0,21.59122688207011,25.704708293039516,28.811769232597726,22.453680204472526,2.255321545161288,427.430596989955,1667.755122309542,829.283828635056,0.4972455593400586,917.6788231997579,0.02798328792458262,315.04131008651996,1,0,2,18,0.0,518,207.0,0.31504131008652,401.3731737852758,263982.31273540866,785.3368627688319,500000.0,0.36102333905178624,0,9,24.947560200297236,10,E7,mtbf_mult,1.0,marketplace
6.19523655151951,15.487674115822301,8.339612141673797,16.146526323644416,5.812455853269489,8.24148453176007,,,7.552558473439603,7.552558473439603,23.559522151424584,28.972819365853912,3.124464243634228,4.517128374656022,6.534500507099291,15.487674115822301,0.9523809523809523,1.0,26006.043708159235,531772.2574830158,531772.2574830158,543,1.0,0.0,0.0,0.0,22.156110236781718,25.704708293036674,28.94060933920264,22.565341305827197,6.19523655151951,430.75004350253323,1640.2542098847339,816.1136401678348,0.4975531446587086,935.6163840816013,0.02993091712783692,345.86319867129407,3,0,0,20,0.0,512,207.0,0.34586319867129406,389.9147807749141,248371.53625991818,834.8213580387329,500000.0,0.3766229997412068,0,7,21.755744656661108,11,E7,mtbf_mult,1.0,marketplace
11.602531615069633,29.245130384302886,18.55865381805283,43.3964710902402,4.995980005050114,4.995980005050114,,,,,24.237571765681476,31.072389008008404,2.4400510419471044,3.6467764265893496,16.62112898762387,29.245130384302886,0.8571428571428571,0.8571428571428571,3605.0987133016765,503977.3460501888,503977.3460501888,521,1.0,0.0,0.0,0.0,23.6726139430964,25.704708293039857,31.02409201561386,24.10274576181569,11.602531615069633,445.5812925711051,1505.5105234343291,746.1116329432471,0.4955871256490707,855.2442426303135,0.030006663142770076,342.9183037079884,5,0,0,20,0.0,495,207.0,0.3429183037079884,411.4131715020771,280079.88647569285,740.2992086034801,500000.0,0.39672003302794884,0,2,5.908785513585686,12,E7,mtbf_mult,1.0,marketplace
2.506526562123656,4.336806901857493,3.234318318252464,4.878364672661701,5.122915770916279,6.00105370870092,,,,,23.050912867128353,28.972819365853866,2.452918581063983,3.858154202847493,4.073694963880826,4.336806901857493,1.0,1.0,6216.486291594783,506496.9548278934,506496.9548278934,522,1.0,0.0,0.0,0.0,22.21156416406401,25.70470829303963,28.972819365853866,22.81796913537054,2.506526562123656,427.03476481639683,1549.9308590482324,774.8502897546588,0.4999257129640427,881.5138944298895,0.027501478900834934,310.50714371091055,3,0,0,15,0.0,505,207.0,0.3105071437109106,409.3025736238722,275397.63691450923,752.7679230162225,500000.0,0.36094038944456236,0,5,13.264047713570447,13,E7,mtbf_mult,1.0,marketplace
8.342895855385207,23.841152000377768,8.149841584978661,13.537164342926145,7.076314160233061,10.785727401671465,5.598540772079986,6.260903690555369,,,22.86985773683051,28.972819365853866,2.855520140202121,4.604215810605456,7.010846272884145,23.841152000377768,0.896551724137931,0.9516129032258065,58929.484502104126,566652.9292862886,566652.9292862886,576,1.0,0.0,0.0,0.0,20.743416765953878,25.382608026528942,28.811769232598408,20.933039608470285,8.342895855385207,429.84936701995866,1872.0121026475254,930.8839191149232,0.4972638359540542,1089.480186148346,0.030785759761768304,369.79496958386784,0,0,1,23,0.0,551,207.0,0.3697949695838678,365.95556865958594,217026.48617454627,955.5045498124322,500000.0,0.3744400971400938,0,6,18.255972431987228,14,E7,mtbf_mult,1.0,marketplace
10.362129722258533,38.95879406211971,14.991214998465564,38.11166489157495,5.7645944128978295,12.849609973797214,5.753063021697861,6.660540946378023,7.143042659128923,8.176248719180558,24.409459535299767,29.004672619616994,4.175774935432797,6.94208837345596,10.730704991321486,38.95879406211971,0.8285714285714286,0.972972972972973,64862.71277757866,573615.9384122626,573615.9384122626,603,1.0,0.0,0.0,0.0,21.746158890821583,25.591524170120465,28.97281936585432,22.124161082832504,10.362129722258533,455.817965998975,2071.771049052552,1022.5585691573777,0.49356736094222725,1218.0412571109177,0.0372635088444347,483.733052169091,5,0,2,20,0.0,567,207.0,0.483733052169091,361.7119385254055,210321.98342102824,986.5052129944141,500000.0,0.3889337123969468,0,10,28.657829774929304,15,E7,mtbf_mult,1.0,marketplace
4.887659406571334,14.479178295617384,8.149493716340151,17.43374288554878,34.01967026822209,65.23908835396979,,,,,23.88462868129657,28.972819365853912,2.959320575187197,3.9671929699394695,16.7728859003008,14.479178295617384,1.0,0.9642857142857143,8440.199489225186,509188.49886297405,509188.49886297405,531,1.0,0.0,0.0,0.0,22.966127691528076,25.70470829303963,28.972819365853866,23.622132386179864,4.887659406571334,445.8607977345572,1556.4947323449485,774.2885918849062,0.4974566092609874,869.2021344588667,0.027429872813476582,321.3060151095408,1,0,1,17,0.0,504,207.0,0.32130601510954077,407.1602294200699,275187.9759888722,753.3806855845077,500000.0,0.37313431396718827,0,4,12.984768772447051,16,E7,mtbf_mult,1.0,marketplace
6.579922436558214,11.633884945971657,3.9414563776063005,6.34581459105757,3.934788512062221,5.198242028367235,,,,,23.552909816874095,28.81176923259909,3.252733196212799,4.8137389668245305,3.938678100296267,11.633884945971657,0.9333333333333333,1.0,10188.61735102234,511539.3687118152,511539.3687118152,538,1.0,0.0,0.0,0.0,22.22713373112884,25.70470829303963,28.811769232597726,23.122643413243015,6.579922436558214,437.43130635847785,1624.4726586737174,804.643382375433,0.49532590042628055,908.0118199351197,0.03050800182340619,357.3122700969311,5,0,0,14,0.0,522,207.0,0.3573122700969311,405.3594404518166,270915.3376055889,765.3952489466554,500000.0,0.37664369062938974,0,6,15.283995087390362,17,E7,mtbf_mult,1.0,marketplace
4.092012096165174,6.2965545228415065,5.4474012922510155,7.565242525127445,4.302794030719936,6.210268317580085,8.840409691260598,16.056121004371107,6.202531654856557,6.931503624413653,23.250043750873147,28.972819365853866,6.022402069593909,9.46030108739188,5.550270371963639,6.2965545228415065,1.0,1.0,68261.72443658626,577118.2182746406,576118.2182746406,575,0.9982672527597732,0.0,0.0,1000.0,20.87095581935646,25.382608026528942,28.811769232598476,21.051380993694192,4.092012096165174,436.7356265836578,1885.5201906649331,933.670818308932,0.495179432674052,1087.016300866895,0.03234333751430421,395.57164483429335,2,0,4,20,0.0,551,207.0,0.39557164483429336,359.9878723952572,214731.8960785508,965.83495713635,500000.0,0.35687670782104625,0,4,9.467739574218374,18,E7,mtbf_mult,1.0,marketplace
9.819299704503075,35.80854814767081,5.83818977884988,7.2283021708975,9.848907359680444,29.218179789552053,,,114.13478743119595,114.13478743119595,24.28545452309105,29.778070032131133,3.8536629096405073,6.633736609513929,7.253737160319491,35.80854814767081,0.8285714285714286,0.9855072463768116,37728.11627304937,538786.9281851918,536786.9281851918,582,0.9962879574552103,0.0,0.0,2000.0,22.083410607859065,25.382608026528942,29.77807003213154,25.544611257056225,9.819299704503075,495.54346724418036,1937.4135290336724,962.1944393537345,0.4966386498981713,1071.75206823331,0.035109439779958576,421.2196427147266,2,1,2,19,0.0,543,207.0,0.4212196427147266,386.41257592464007,243366.26817090155,852.3006133991225,500000.0,0.3481403900170907,0,13,34.46331975024019,19,E7,mtbf_mult,1.0,marketplace
5.044287036938097,10.253718906725862,5.475942466273295,8.095482255990987,4.693933197564365,5.3507600914026625,7.597944494584681,7.597944494584681,7.993984659122418,10.533077766998042,23.018674290781266,28.811769232599136,3.066125406429958,4.669195515163051,5.313392983070272,10.253718906725862,0.9642857142857143,1.0,42968.20466135957,546796.3875473237,546796.3875473237,559,1.0,0.0,0.0,0.0,21.073707928215846,25.704708293039573,28.811769232597726,21.614690196217364,5.044287036938097,429.1511624451397,1739.6487909821012,864.6802172680074,0.4970429788761333,988.8587169767736,0.03150344105633094,380.2966926322499,4,0,2,17,0.0,538,207.0,0.3802966926322499,379.26420403551776,242039.15759367528,856.8047366979073,500000.0,0.36726771825996885,0,4,12.085422435788498,20,E7,mtbf_mult,1.0,marketplace
4.902294311309111,10.272912737426493,3.2460404566067154,3.6806715899593656,3.2581535382323636,4.251186690629038,4.820118274277775,4.820118274277775,,,23.481083975878917,28.972819365853912,3.2852308833484027,4.562540942223495,3.44582845422201,10.272912737426493,0.95,1.0,17327.275816339392,522341.9832740221,522341.98327402206,537,0.9999999999999999,0.0,0.0,0.0,22.152181712755223,25.70470829303963,28.972819365853866,22.789117928245023,4.902294311309111,441.00149341347844,1665.6014353076912,834.8275508738595,0.501216877685771,904.3687010989703,0.027467317125868557,319.91910760711954,1,0,0,13,0.0,518,207.0,0.31991910760711956,396.90456778552016,262152.3997924238,790.8373879917411,500000.0,0.34823748262622506,0,9,25.308207281600097,21,E7,mtbf_mult,1.0,marketplace
4.870621171823662,12.405762915333073,11.645922395761726,25.09086171117906,5.309324704458352,12.318012202655154,4.675293146604872,4.675293146604872,,,23.656732848117986,28.972819365853866,5.603523639629758,12.817691217894572,7.896737779346968,12.405762915333073,1.0,1.0,19226.136203616657,520041.7500651535,519041.7500651535,532,0.998077077465656,0.0,0.0,1000.0,22.572085923649606,25.704708293039516,28.82796472713383,22.941524484632644,4.870621171823662,427.8918145852861,1543.6878436969478,760.1665278808092,0.49243539163999717,892.7081615026455,0.03261691108593277,378.8330115119934,5,1,0,19,66.95580926203557,499,207.0,0.37883301151199333,399.5417189185272,265114.1206535353,782.2247736193776,500000.0,0.33468651255604726,0,3,8.544387343355774,22,E7,mtbf_mult,1.0,marketplace
3.4220611908341563,6.0277576482663795,4.738915604884967,8.329105334128872,5.682021920156527,8.752335613554168,5.252203588423285,6.129757111263141,6.547612990429059,6.547612990429059,23.20653070492772,28.972819365853866,3.0643486661434416,4.277988585787483,5.099523850395044,6.0277576482663795,1.0,1.0,44840.47463850063,546785.5630729868,546785.5630729868,585,1.0,0.0,0.0,0.0,20.410579696096704,25.467722731671486,28.126844590263868,21.67771424319506,3.4220611908341563,429.72523089438596,2013.4032609369544,997.2568643097175,0.49530905390787705,1089.324477525987,0.03269094193231117,411.6022675039916,2,0,3,21,0.0,559,207.0,0.4116022675039916,379.3289660060355,239062.46068714914,867.6042305903255,500000.0,0.36386999090039396,0,7,16.682451798064857,23,E7,mtbf_mult,1.0,marketplace
25.617480524374443,53.10181584297242,37.68833406995964,53.606710173294054,27.639247131794694,60.116005222782405,101.60291150903959,131.24262311203728,124.13542559379493,124.13542559379493,23.179867266164397,28.972819365853866,2.8898962350839006,4.465416594975613,40.180825565604664,53.10181584297242,0.631578947368421,0.6764705882352942,34421.87232108315,535140.8176419535,535140.8176419535,544,1.0,0.0,0.0,0.0,23.583681320292158,25.704708293039857,31.18945681797977,26.828577228507058,25.617480524374443,529.3028374237269,1644.7968200876965,818.8257317553282,0.49782789081004575,936.4391924407624,0.03328967312339344,374.66330314167783,4,1,2,20,0.0,511,207.0,0.3746633031416778,387.5141952671788,249875.65259081437,829.9114425635119,500000.0,0.39818312417913254,0,10,33.29403674270909,24,E7,mtbf_mult,1.0,marketplace
26.55032401706285,26.55032401706285,,,,,,,,,23.93243773222446,28.972819365853866,,,,26.55032401706285,0.0,1.0,209.99028817615883,500209.99028817617,500209.99028817617,501,1.0,0.0,0.0,0.0,23.93766305415029,25.704708293039857,28.972819365853866,23.93353673205661,26.55032401706285,436.25519866406967,1410.0202616361225,709.6693201499992,0.5033043421138726,799.8735793955925,0.02880369802461553,314.99936736515957,6,0,0,17,0.0,480,207.0,0.31499936736515954,414.45593529215364,284056.19267790637,729.8379852694898,500000.0,0.11298581764967475,0,2,6.686917343769473,25,E7,mtbf_mult,1.0,marketplace
6.333013342108106,12.97030311807248,6.749977035247563,14.809523018712753,8.019386638115261,20.34798745530934,,,,,23.372576364563173,28.81176923259909,4.0093071057167435,5.3395177123869875,7.433505282945554,12.97030311807248,1.0,1.0,8275.236379187336,508449.34756596206,507449.34756596206,527,0.9980332357494661,0.0,0.0,1000.0,22.476758158977937,25.70470829303963,28.811769232597726,23.11385933438801,6.333013342108106,425.17600791663517,1535.0356448416298,762.9466813914112,0.49702212711166366,885.9121827777489,0.03078543632884038,346.33762664796967,5,0,0,19,0.0,503,207.0,0.34633762664796963,408.6049940180395,274378.568719212,755.6943626994347,500000.0,0.4336673566319873,0,3,10.349166942676964,26,E7,mtbf_mult,1.0,marketplace
3.2101739973918555,4.490489874186506,9.280566890232457,18.238590015651923,4.769364968034172,7.768201609406333,,,,,23.918850829259743,28.97281936585432,6.5239058449189145,14.161239357898348,7.347194637861763,4.490489874186506,1.0,1.0,12370.949722949961,513597.1255335828,512597.1255335828,535,0.9980529486044901,0.0,0.0,1000.0,22.683179385894416,25.7047082930396,28.972819365853866,23.39930629756969,3.2101739973918555,438.8131681985772,1661.8490485723235,829.8688167043404,0.4993647391845076,903.046995327655,0.03125534174056834,373.3727239918254,5,0,2,17,33.50503363981419,510,207.0,0.3733727239918254,404.5543027736033,268499.48800614197,772.3417808500554,500000.0,0.39204397437810795,0,9,27.827007544480402,27,E7,mtbf_mult,1.0,marketplace
11.368013074556993,40.376889217336256,9.41047504520657,19.337966429855253,12.303806821645574,31.039385032902118,5.1634388386792835,5.713915834987043,7.903489301740194,7.903489301740194,24.022543226188553,28.81416008232809,4.035681341533589,5.866409842682719,9.964594935555287,40.376889217336256,0.8333333333333334,0.9285714285714286,26590.43369586375,528937.8456762048,527937.8456762048,536,0.9981094186998066,0.0,0.0,1000.0,22.991208368965797,25.70470829303963,28.817746356921248,23.23867874116112,11.368013074556993,452.71614239987747,1668.900055787161,819.4925517880846,0.49103752435406267,922.318506757606,0.028985181022893325,347.6694255528047,2,0,4,16,0.0,516,207.0,0.34766942555280467,392.75015254868356,251983.11896928423,822.8633341538552,500000.0,0.3616390370812497,0,3,8.544387343355776,28,E7,mtbf_mult,1.0,marketplace
3.120748558938658,5.841939682142083,7.752307343548536,20.13400609184606,3.7916838390424012,5.499826257547824,16.067391473493256,29.28175575824471,10.323623225348229,18.03582783592383,24.134674242526707,29.390918246632072,5.379182692214721,9.54737260973662,6.291688349417014,5.841939682142083,1.0,1.0,77164.28456252046,584688.0408818187,584688.0408818187,599,1.0,0.0,0.0,0.0,21.03470870362695,25.382608026528942,28.811769232597975,21.902101681746647,3.120748558938658,461.00408553818266,2051.4667953155395,1005.5330067068961,0.49015319624134274,1147.8130289629546,0.034726461360298125,436.74344879160344,2,0,5,23,0.0,567,207.0,0.43674344879160343,354.781916072609,210836.83999034492,983.8733281066583,500000.0,0.36150947246295057,0,7,25.77629716849071,29,E7,mtbf_mult,1.0,marketplace
2.881018834241111,4.877613295574156,3.785763900501846,6.341939095743284,3.749298030309584,4.951248541225965,,,,,3.4172667243241532,4.972818365853527,4.300280664809903,8.35818186959932,3.774248362546395,4.877613295574156,1.0,1.0,13968.57625752051,515078.73700219905,515078.73700219905,554,1.0,0.0,0.0,0.0,3.4238115891428764,1.76912734634152,4.972818365853527,3.416983189479685,2.881018834241111,21.891268048523973,1803.4103145704964,883.7365583594939,0.49003632241615863,1084.1986625011666,0.03126117889433535,366.08377181072586,2,0,0,0,0.0,554,207.0,0.3660837718107259,402.5910387578772,267426.8866551522,775.4122495514446,500000.0,0.38135874720221025,0,0,0.0,0,E7,mtbf_mult,2.0,pooled_greedy
2.6828362669722763,4.372685973347506,4.842304794384584,8.040596365991377,19.49358986520715,44.60316743715503,20.63901402518938,39.049650098778514,,,4.420060200323942,4.97281836585446,5.000502032151579,9.548779326795378,13.459915726279386,4.372685973347506,1.0,0.9655172413793104,22776.714596747763,525519.2910413912,525519.2910413912,536,1.0,0.0,0.0,0.0,4.615139885372253,1.76912734634152,5.778069032130588,5.024033061881404,2.6828362669722763,43.61397584984981,1692.838514551074,838.2168348730274,0.4951546338696785,1032.7158700055336,0.03655447677001671,412.028727909466,4,2,0,0,0.0,536,207.0,0.41202872790946604,394.6801426012222,255224.02161670267,812.6665641191189,500000.0,0.3993791030301632,0,0,0.0,1,E7,mtbf_mult,2.0,pooled_greedy
12.345681119958716,17.017759808938173,6.851919703978865,14.320559760208925,6.841240747335708,13.646233204655346,20.38280195983009,32.56520419397559,,,3.588191757361385,4.972818365853527,3.6193773752107434,5.647050670868339,8.539275377219084,17.017759808938173,0.9545454545454546,0.9736842105263158,29310.196036041838,532277.3226155266,517873.34282247716,549,0.9729389564780431,14403.979793049497,0.02706104352195697,0.0,4.084048124740634,1.76912734634152,5.673254343120787,3.8180912406756056,12.345681119958716,24.386819077201956,1770.958150612723,863.9069715038895,0.48781896466892316,1062.173014751251,0.036727657646865475,428.5155938394858,3,2,0,0,0.0,549,207.0,0.4285155938394858,400.5390863783933,263720.94682906626,786.5454681849244,500000.0,0.4033159599954302,0,0,0.0,2,E7,mtbf_mult,2.0,pooled_greedy
3.1612650704756837,4.430082974086872,4.3429377062228784,6.2879729971518845,22.30653449639408,92.09936015339008,96.60078489552507,96.60078489552507,53.04494901963517,53.04494901963517,4.244275912379852,5.778069032130588,4.579643775295835,4.565968919972239,15.67184666834847,4.430082974086872,1.0,0.9361702127659575,28096.063942230638,531327.860284328,531327.860284328,562,1.0,0.0,0.0,0.0,4.783151841147698,1.7691273463418042,6.020821717150293,6.095127467560728,3.1612650704756837,69.58339282512381,1910.1037744963346,942.4274343253543,0.4933906978817725,1189.4876398202737,0.03769631767460261,442.78845219554955,0,2,0,0,0.0,562,207.0,0.4427884521955496,390.42332231776305,249348.81250800364,831.9381446644628,500000.0,0.3503027501454053,0,0,0.0,3,E7,mtbf_mult,2.0,pooled_greedy
5.084646974971999,11.327937833595298,10.444645115055664,20.89633685747367,4.699121374394104,7.480162441487667,,,6.1163852357155974,6.1163852357155974,3.9570379232326305,5.778069032130588,3.0722651558873886,4.887850649376469,7.402897252352485,11.327937833595298,1.0,1.0,32491.15341102122,534209.4492904893,521325.49254426855,548,0.9758821998312972,12883.956746220842,0.02411780016870289,0.0,4.085539101390817,1.7691273463415769,6.125925576605027,4.002019644398731,5.084646974971999,25.508398395039347,1753.82311459551,861.6755070265766,0.4913126642337062,1078.160124417847,0.03630158308802486,435.2207518997443,4,1,0,0,0.0,548,207.0,0.43522075189974435,397.89963030492953,261514.25397274125,793.2080856040895,500000.0,0.40420735473704444,0,0,0.0,4,E7,mtbf_mult,2.0,pooled_greedy
6.5014828357758905,9.712328164996713,7.990897704486883,17.713987071401068,10.290145729695553,31.915475095418422,29.07644597904785,53.504657640078676,,,4.539569078823763,5.387041551228231,2.5812865234848132,4.439258570803304,12.974423367801966,9.712328164996713,0.9259259259259259,0.9473684210526315,43452.69323580841,547328.4080016714,547328.4080016714,573,1.0,0.0,0.0,0.0,5.018949147273379,1.76912734634152,7.220655773255392,6.013767098737005,6.5014828357758905,78.07221911866597,1916.2709058620796,937.8481612017706,0.48941314003818137,1180.893079879164,0.033404108143128455,382.0456178706025,2,0,0,0,0.0,573,207.0,0.3820456178706025,378.8987426671946,233795.17681615206,887.0244820360355,500000.0,0.3969327559547926,0,0,0.0,5,E7,mtbf_mult,2.0,pooled_greedy
2.6044910372129095,4.366366833367488,4.862354341304651,7.239951461762349,7.056260878574449,15.059035597591272,28.70061215751798,32.48050457218087,,,4.453236538705665,4.972818365854437,8.101221063824404,14.410523024765105,9.47528671737723,4.366366833367488,1.0,1.0,31608.77227884693,533346.8920584851,533346.8920584851,565,1.0,0.0,0.0,0.0,4.658879245029318,1.76912734634152,5.778069032131202,5.299070716671939,2.6044910372129095,58.77227563496264,1880.7786130702218,928.636078604576,0.49375087112919225,1184.268196564004,0.034219803268395195,390.3620545281686,3,0,0,0,0.0,565,207.0,0.3903620545281686,388.8470433456401,248021.89576194636,836.177634306865,500000.0,0.4328648213619333,0,0,0.0,6,E7,mtbf_mult,2.0,pooled_greedy
4.425821635439333,5.634305585629886,15.795576016957542,55.04696322329656,2.699590129002931,3.237984456112435,6.504395574288608,7.159589410589993,,,4.903600147922639,8.341313641672162,3.810894163945025,5.145313589738317,10.110316272085486,5.634305585629886,0.972972972972973,0.9344262295081968,40773.60461111535,544565.4292464787,533094.6781879223,581,0.9789359543545969,11470.75105855638,0.021064045645403137,0.0,5.050638465200564,1.7691273463416337,8.025354262585097,4.891496272791059,4.425821635439333,52.231675281413864,1955.3911397231323,958.98025686743,0.49042886478621045,1167.8442583150115,0.03430847285383816,412.0749736512107,0,1,0,0,0.0,581,207.0,0.4120749736512107,389.07174177517476,247087.74050152474,839.426814752759,500000.0,0.34745820115478604,0,0,0.0,7,E7,mtbf_mult,2.0,pooled_greedy
8.984258396402613,35.28866222279619,9.860468651070732,20.434904140300972,7.521753359268545,8.012397582978158,6.292066744717658,7.315476233871732,,,4.342753995508778,5.010498712057961,2.3467591346466654,3.276655636503392,8.228290276890968,35.28866222279619,0.88,0.8958333333333334,38363.5914215517,540361.5398106,526845.8481339897,560,0.9749876875372225,13515.69167661024,0.02501231246277737,0.0,4.666777220801261,1.76912734634152,5.778069032130588,4.570333196498981,8.984258396402613,44.120650254163714,1813.6879885921858,894.3732929268264,0.4931241197782059,1100.2812382015782,0.033516918925060764,372.82409380483875,4,0,0,0,0.0,560,207.0,0.3728240938048388,393.6119546700212,254177.25773174255,815.8590817462714,500000.0,0.4173299047543888,0,0,0.0,8,E7,mtbf_mult,2.0,pooled_greedy
11.999837951601796,18.4346768841234,6.125813732199077,8.93969229563927,10.724350866574241,26.06972076135128,31.567716745013968,31.567716745013968,44.423955798850784,52.08223881081276,4.185288343128277,5.778069032130725,4.373260941680769,7.37589485589565,8.642454928282051,18.4346768841234,0.9473684210526315,0.9506172839506173,47374.080402398526,549779.8663554897,549779.8663554897,605,1.0,0.0,0.0,0.0,5.132765666042666,1.7691273463419748,8.634402451145618,5.895410528838432,11.999837951601796,71.04228744603311,2134.233684791357,1046.7803537660463,0.4904712924481743,1367.8312928755026,0.04343716621473481,598.4322881026567,3,2,0,0,0.0,605,207.0,0.5984322881026567,377.6028279541775,234146.97093054882,886.615921030553,500000.0,0.4198418811496037,0,0,0.0,9,E7,mtbf_mult,2.0,pooled_greedy
2.6734994232392637,4.4741970760142085,3.726265060606039,5.307476470933943,14.429251064714464,48.006721769712385,,,,,3.7706688487697813,4.972818365853527,3.147423766424936,4.835668919120802,9.077758062660251,4.4741970760142085,1.0,0.9666666666666667,13819.243346008723,516514.44304295897,516514.44304295897,540,1.0,0.0,0.0,0.0,3.8879292277352846,1.76912734634152,4.972818365854437,4.036163748761829,2.6734994232392637,34.20730121335973,1717.5743664330712,849.2160265245874,0.4944275154083576,1053.7858416170113,0.030153038035050764,330.1757664838059,1,0,0,0,0.0,540,207.0,0.3301757664838059,401.4024749144139,264001.5840279136,785.3368627688319,500000.0,0.0967559379464158,0,0,0.0,10,E7,mtbf_mult,2.0,pooled_greedy
6.219347043624858,14.104054227136658,8.541695359427194,18.203169166372575,4.274955669608334,6.338584103369815,,,6.75338177253343,6.75338177253343,4.3081899851090375,4.973104360379784,2.515073832670396,3.658122941105695,5.494024152413723,14.104054227136658,0.9523809523809523,1.0,26006.043708159235,531772.2574830158,531772.2574830158,543,1.0,0.0,0.0,0.0,4.3940635675978985,1.76912734634152,5.838380386402696,4.453646536906946,6.219347043624858,42.546167580847744,1722.8072729925111,853.8273084215379,0.4956023356799756,1054.7464358030736,0.030653043756808166,340.2370441362891,2,0,0,0,0.0,543,207.0,0.3402370441362891,389.9042007672966,248364.79690846198,834.8213580387329,500000.0,0.3739371989742117,0,0,0.0,11,E7,mtbf_mult,2.0,pooled_greedy
9.61394644802301,23.680093771625632,12.711051679358926,31.062367718477276,4.995980005050114,4.995980005050114,,,,,4.277118676199732,5.778069032130588,3.7635709007821396,7.673219635573518,11.608898583029097,23.680093771625632,0.8571428571428571,0.8571428571428571,3605.0987133016765,503977.3460501888,503977.3460501888,521,1.0,0.0,0.0,0.0,4.440430421540702,1.76912734634152,5.7780690321319526,4.293391124435594,9.61394644802301,33.73790491482459,1581.2970898923777,782.7983708474383,0.495035610860901,956.4569779253887,0.032300045625062626,367.61982856806355,3,1,0,0,0.0,521,207.0,0.3676198285680636,411.4621846671601,280113.2534232365,740.2992086034801,500000.0,0.3589251742587541,0,0,0.0,12,E7,mtbf_mult,2.0,pooled_greedy
2.608486598615774,3.2899407481302245,3.8887699263846742,5.3734970777848945,5.487710366695865,7.343931761092563,,,,,3.4649756111813357,4.811768232599206,1.721738620764495,1.9585423353670648,4.599410122078536,3.2899407481302245,1.0,1.0,6216.486291594783,506496.9548278934,506496.9548278934,522,1.0,0.0,0.0,0.0,3.4547108861726503,1.76912734634152,4.817559726509034,3.487581449503337,2.608486598615774,15.236643770240184,1592.6035306389456,793.9796130091873,0.49854191437755146,957.8108604317964,0.03284709008906883,359.6756364753037,2,2,0,0,0.0,522,207.0,0.35967563647530365,409.39964921790244,275462.9538485351,752.7679230162225,500000.0,0.019608898188422597,0,0,0.0,13,E7,mtbf_mult,2.0,pooled_greedy
6.98379433452117,14.08714518207734,8.722740149105853,14.248463550138922,5.127605546627667,11.322170745935296,6.2177514660940005,8.07569883577837,,,3.6582503913090387,4.972818365853618,3.2685563495992125,5.124655625303239,6.372374600507495,14.08714518207734,0.9310344827586207,1.0,58929.484502104126,566652.9292862886,566652.9292862886,576,1.0,0.0,0.0,0.0,3.9717072605325856,1.7691273463416906,6.426431604882964,3.96816317331533,6.98379433452117,32.65290935277125,1941.151219454753,959.105694126042,0.49409117873642205,1234.9017449243358,0.03273957062182112,377.0066357833441,0,0,0,0,0.0,576,207.0,0.3770066357833441,365.9682954378778,217034.0336699516,955.5045498124322,500000.0,0.4025225785031532,0,0,0.0,14,E7,mtbf_mult,2.0,pooled_greedy
17.372430457470188,67.32133903895392,14.162682493653847,57.43302638827049,8.871703074518212,5.1547991671477575,7.67738529545217,9.006345367876566,7.226108561704905,8.325767343817324,4.800412402591435,7.280541918060184,7.737102066882404,9.065179975124924,11.506327262938367,67.32133903895392,0.8,0.8513513513513513,64862.71277757866,573615.9384122626,573615.9384122626,603,1.0,0.0,0.0,0.0,6.103386407116094,1.7691273463417474,9.857925644522968,5.319986427565886,17.372430457470188,58.1607690792935,2157.553353982996,1045.9702010780202,0.48479459344404396,1349.7944267408682,0.04110740913988723,490.56699772509563,2,2,0,0,0.0,603,207.0,0.49056699772509565,361.7238523253862,210328.91085077313,986.5052129944141,500000.0,0.3884062802978748,0,0,0.0,15,E7,mtbf_mult,2.0,pooled_greedy
13.336585637224902,55.28481657614901,15.880597394330843,41.519023601437766,49.24336762830626,75.3521558080276,,,,,4.4950856171927756,5.7780690321319526,2.9502766516553343,3.945487553462999,27.001520805655982,55.28481657614901,0.8421052631578947,0.7857142857142857,8440.199489225186,509188.49886297405,509188.49886297405,531,1.0,0.0,0.0,0.0,5.184185410375765,1.76912734634152,6.257651703012016,4.8585354021279175,13.336585637224902,49.42268221700479,1630.2618982606534,811.751717046057,0.49792718452913914,994.108392785087,0.031122630464196544,350.0552145252166,0,1,0,0,0.0,531,207.0,0.3500552145252166,407.21669023856816,275226.1362443257,753.3806855845077,500000.0,0.37009496947892656,0,0,0.0,16,E7,mtbf_mult,2.0,pooled_greedy
4.18261587757584,10.28489029375105,3.6965818743840697,5.734077835606515,4.649425659288534,5.588153567489826,,,,,4.05845175204064,4.972818365854664,2.6511607386227585,5.3319304191190895,4.093600118094263,10.28489029375105,1.0,1.0,10188.61735102234,511539.3687118152,511539.3687118152,538,1.0,0.0,0.0,0.0,4.033923947445984,1.76912734634152,5.374997101061401,4.068346124528706,4.18261587757584,22.144507696359955,1666.66351882027,824.3187801460649,0.4945922022278079,1021.6645685885668,0.03702411465740655,417.8056736457731,4,2,0,0,0.0,538,207.0,0.4178056736457731,405.47769802346977,270994.37311519275,765.3952489466554,500000.0,0.4083705178701778,0,0,0.0,17,E7,mtbf_mult,2.0,pooled_greedy
5.120858701424566,12.12202921773769,5.279443824302598,6.015869349275992,5.047138257589237,8.140910581438037,11.428372446804437,16.290276349184296,7.889961656120249,7.889961656120249,3.685856141235251,4.972818365854357,4.762056567224374,6.287024089019358,6.357153122183585,12.12202921773769,1.0,1.0,68261.72443658626,572191.6285267603,561368.4124093493,574,0.9810846304318052,10823.216117411037,0.01891536956819503,0.0,3.9305724807865245,1.76912734634152,5.783253631824346,4.305475900594196,5.120858701424566,31.818735209399005,1920.2926525014332,948.6876655536385,0.4940328570844909,1188.3521337005907,0.03748211445811628,430.0331596947758,1,2,0,0,0.0,574,207.0,0.43003315969477585,369.5078464949983,224210.5938730089,925.157146130131,500000.0,0.3830959635419801,0,0,0.0,18,E7,mtbf_mult,2.0,pooled_greedy
10.158714126905853,30.05985809395389,9.184714603320838,9.774115804111089,21.91119706554841,50.350909933048044,,,,,4.203161527485494,4.972818365853527,4.26608520220086,4.077361358586587,13.676414295871746,30.05985809395389,0.8,0.9565217391304348,37728.11627304937,538786.9281851918,526296.1270711955,582,0.9768168074231693,11490.801113996251,0.021327171304435642,1000.0,5.11624720884436,1.7691273463417474,7.425052275834498,4.935378301775674,10.158714126905853,45.64299397588032,2036.695005347831,1002.479259963207,0.49220882720827486,1237.897326856504,0.041780738994314934,477.8504710024402,2,3,0,0,0.0,582,207.0,0.4778504710024402,394.2226434870488,255279.97959322136,812.7462670657145,500000.0,0.38720110998663076,0,0,0.0,19,E7,mtbf_mult,2.0,pooled_greedy
3.791749057983781,6.478915903031067,4.043600944467744,6.514920147176986,7.183289896714814,12.250490930700199,7.597944494584681,7.597944494584681,4.820118274277888,4.820118274277888,3.561649376346434,4.911915285978741,2.982822854403076,5.111271667178971,5.793854427317952,6.478915903031067,1.0,1.0,42968.20466135957,546796.3875473237,534781.0123534314,558,0.978025869468912,12015.37519389233,0.021974130531088105,0.0,3.600783136470956,1.76912734634152,5.009956284409715,3.6958982950403976,3.791749057983781,17.511203476037053,1773.5028875605874,877.8186372819556,0.49496318468890405,1078.4995020273848,0.03648211697719647,411.5103132374552,2,2,0,0,0.0,558,207.0,0.4115103132374552,387.8438192868397,249950.07194686317,829.811764796495,500000.0,0.33482778363901716,0,0,0.0,20,E7,mtbf_mult,2.0,pooled_greedy
3.5570311990753964,5.570508013450582,3.830752807113913,5.16314878446874,3.757922279369268,5.150770424675466,4.820118274277775,4.820118274277775,,,4.378215851281262,5.038053019121268,3.023411346039969,4.600294096875587,3.9362158585732345,5.570508013450582,1.0,1.0,17327.275816339392,522341.9832740221,522341.9832740221,537,1.0,0.0,0.0,0.0,4.318340742281349,1.76912734634152,5.549455436009434,4.498885916760788,3.5570311990753964,43.83890017138515,1675.1090054898275,823.8231823038078,0.4918027302127179,984.0458216966913,0.03022958301408165,331.0139340041941,1,1,0,0,0.0,537,207.0,0.3310139340041941,396.92580832668347,262166.4290057179,790.8373879917411,500000.0,0.0026054665896011464,0,0,0.0,21,E7,mtbf_mult,2.0,pooled_greedy
7.552637463656083,15.433112817583519,15.187203151604127,33.747106090481246,6.004070292926599,13.895725986724756,4.675293146604872,4.675293146604872,,,4.710369087302128,5.928858047684209,5.353791864553386,10.086354130712065,9.719644221848759,15.433112817583519,0.9166666666666666,1.0,19226.136203616657,520041.7500651535,520041.7500651535,533,1.0,0.0,0.0,0.0,4.89800384738856,1.76912734634152,6.787680569513404,4.7489611523518525,7.552637463656083,41.123030668870896,1655.6501437460306,818.5464482025185,0.4943957824027344,1018.7703541369882,0.03481660640548743,384.57484758827013,3,2,0,0,0.0,533,207.0,0.38457484758827015,398.78447224978777,264839.63138992834,783.0571797702439,500000.0,0.338824075841994,0,0,0.0,22,E7,mtbf_mult,2.0,pooled_greedy
4.05507717823609,7.045284114546761,4.74776154794375,8.366243249361492,11.105524599159867,21.690054541844667,10.913613253386359,12.932838271019966,,,4.14393816087105,4.972818365854437,3.1408062825036005,4.528693806884576,7.365324786669487,7.045284114546761,0.9743589743589743,0.9852941176470589,44840.47463850063,546785.5630729868,534074.9817859603,584,0.9767539925238847,12710.581287026522,0.023246007476115223,0.0,4.270487002945557,1.7691273463416906,6.677262669120417,4.467184353718797,4.05507717823609,45.58031195135951,2037.2309955146416,998.4781092362509,0.4901153140878937,1204.4540353399377,0.03326379900935149,400.8748358445624,1,0,0,0,0.0,584,207.0,0.40087483584456246,388.3366229631105,247185.51932403588,839.0494532325838,500000.0,0.37863308977770166,0,0,0.0,23,E7,mtbf_mult,2.0,pooled_greedy
22.718137041434794,48.0881677749956,27.552673826707178,51.864873979640194,23.270930515452065,53.22666698964877,40.20341285115728,43.22420867176597,,,3.8653724035231853,4.811768232599206,2.221464021912703,3.4846430607900403,26.670393043214123,48.0881677749956,0.5263157894736842,0.8235294117647058,34421.87232108315,535140.8176419535,523443.16914699145,543,0.9781409899799709,11697.648494961977,0.021859010020029008,0.0,5.1277714132491345,1.76912734634152,4.972818365854619,5.066261587329657,22.718137041434794,54.642049849076614,1708.627042276417,841.9234925708721,0.49274854707272514,1019.3320741142704,0.031360682804682585,343.3994767112743,1,1,0,0,0.0,543,207.0,0.3433994767112743,396.11444316791886,258007.81160820564,803.6322551022985,500000.0,0.008617135604262804,0,0,0.0,24,E7,mtbf_mult,2.0,pooled_greedy
2.5503240170628487,2.5503240170628487,,,,,,,,,4.363343284943908,5.252585780895109,,,,2.5503240170628487,1.0,1.0,209.99028817615883,500209.99028817617,500209.99028817617,501,1.0,0.0,0.0,0.0,4.359724484010013,1.76912734634152,5.237399425121566,4.362582171719616,2.5503240170628487,33.7494016194831,1462.7659375788137,730.8458012673111,0.49963277274354306,901.624524816392,0.03137525862149366,343.5590819053556,4,1,0,0,0.0,501,207.0,0.34355908190535556,414.51303074225405,284095.32425932115,729.8379852694898,500000.0,0.06624757203111797,0,0,0.0,25,E7,mtbf_mult,2.0,pooled_greedy
5.3162755223001605,10.614393078742069,5.4152971737442686,10.388681426589756,7.127120782651543,14.791083637652996,,,,,3.486818787765595,4.972818365853527,3.363526970487783,5.228599001612747,6.337048347771263,10.614393078742069,1.0,1.0,8275.236379187336,508449.34756596206,508449.34756596206,528,1.0,0.0,0.0,0.0,3.5941745474073423,1.76912734634152,5.185264108641423,3.558649843591267,5.3162755223001605,21.889142710536177,1632.8267939290085,812.9945499571779,0.497906179014187,1010.1085977718714,0.031054111798107815,347.81789801853256,3,0,0,0,0.0,528,207.0,0.3478178980185325,407.80427566802786,274078.6267393108,756.526768850301,500000.0,0.41663859564484707,0,0,0.0,26,E7,mtbf_mult,2.0,pooled_greedy
2.8886514120639393,4.596824218402122,5.735194049254135,9.278829473183348,9.615245324457797,19.439908737924725,,,,,4.837698600774134,7.166956877219053,6.12692847398381,13.186331993990503,7.398073167198562,4.596824218402122,1.0,1.0,12370.949722949961,513597.1255335828,513597.1255335828,536,1.0,0.0,0.0,0.0,4.872908343822038,1.76912734634152,7.870239080982628,4.922350715543216,2.8886514120639393,45.661394539564476,1687.0445098831335,832.0986675757516,0.49322863901995895,1032.830154173394,0.03453922553455956,401.76331100784216,4,1,0,0,0.0,536,207.0,0.4017633110078422,403.82189268589735,268247.1386111608,773.1741870009217,500000.0,0.43451876108718546,0,0,0.0,27,E7,mtbf_mult,2.0,pooled_greedy
9.205810464921283,24.613081823423272,7.790137538973159,13.641041851378345,9.24644119182544,18.409998228040052,9.338548294393362,12.128158862656866,7.903489301740194,7.903489301740194,4.19252957868135,4.972818365853527,5.235041708569298,9.455718985942958,8.52980275322029,24.613081823423272,0.8333333333333334,1.0,26590.43369586375,528937.8456762048,528937.8456762048,537,1.0,0.0,0.0,0.0,4.456229389090409,1.76912734634152,5.386701026011002,4.497115130795631,9.205810464921283,41.46518404398956,1702.719675825605,842.4915893361723,0.49479171545232176,1070.6967794443403,0.03170640053238505,354.2521249560969,0,1,0,0,0.0,537,207.0,0.3542521249560969,392.02007158302365,251736.46284518426,823.6957403047217,500000.0,0.3693398571338384,0,0,0.0,28,E7,mtbf_mult,2.0,pooled_greedy
3.2721641836286937,4.62887444886681,5.8374097431696415,14.213650794396926,8.622621860595538,23.910633860537562,30.27573034419072,34.89598033120137,15.688282150690364,30.527404440310285,5.33725432393497,6.113527763833831,6.627434423041817,16.694985645192194,8.757410839446408,4.62887444886681,1.0,1.0,77164.28456252046,584688.0408818187,584688.0408818189,599,1.0000000000000002,0.0,0.0,0.0,5.620914114848497,1.7691273463419748,10.606652664769994,6.811322703743938,3.2721641836286937,89.96218992955839,2112.0858724457144,1031.4770153427155,0.4883688815873309,1302.0752917638297,0.040920622542237065,478.52164286978433,2,2,0,0,0.0,599,207.0,0.4785216428697843,354.8533698926925,210879.3029709794,983.8733281066583,500000.0,0.35823546580831217,0,0,0.0,29,E7,mtbf_mult,2.0,pooled_greedy
2.0705361610386355,2.4820641782353956,3.584576399416479,3.4888691817423023,2.696198340675162,4.169552715478176,,,,,23.23131715238019,28.819229698294933,4.644175187357462,11.495840005034097,3.304035959813958,2.4820641782353956,1.0,1.0,13968.57625752051,515078.73700219905,515078.73700219905,554,1.0,0.0,0.0,0.0,21.26211923168307,25.704708293036674,28.811769232597726,22.62700324608307,2.0705361610386355,429.51516791399456,1780.7960545732678,884.6656466984488,0.49678100107338863,983.6599279914776,0.029860277910290313,346.2324907241873,2,0,0,12,102.4925070669722,536,207.0,0.34623249072418727,402.5524984733333,267401.2857169441,775.4122495514446,500000.0,0.37208106635510996,0,8,30.232976350897143,0,E7,mtbf_mult,2.0,marketplace
2.4506482383385824,3.682174166529512,3.3265260964869108,3.856809707903949,4.446788411955867,5.739475942319951,19.705828672179752,39.3393092017237,,,23.616583486161577,29.03188107273066,3.751405634504116,5.519366636115501,7.236470332517148,3.682174166529512,1.0,1.0,22776.714596747763,525519.2910413912,524519.2910413912,535,0.9980971202826477,0.0,0.0,1000.0,22.334589359376587,25.70470829303963,28.972819365854594,22.952761087613805,2.4506482383385824,434.8471103096994,1681.361816362458,845.7084707337193,0.5029901729083911,961.2690538114723,0.031800534403975046,357.43025155897965,4,0,4,19,0.0,509,207.0,0.3574302515589796,395.3285108730079,255418.45981266024,811.8341579682526,500000.0,0.389387485446915,0,8,25.191405714710314,1,E7,mtbf_mult,2.0,marketplace
8.475181941932005,20.43693228021084,9.411419164845967,19.62175234351862,7.462305205366647,13.33280851601512,4.724169815304435,4.763271150264086,,,22.704997395975724,28.811769232598,4.665533313343406,10.960266073355342,8.09459526134853,20.43693228021084,1.0,1.0,29310.196036041838,532277.3226155266,516873.34282247716,548,0.9710602365748803,14403.979793049497,0.02706104352195697,1000.0,21.345040317413773,25.672689450023654,28.45611518343822,22.140005542815413,8.475181941932005,419.1021910598114,1705.660095802256,846.8316284960179,0.4964832269806437,973.1656465344083,0.03154816534128497,386.20758433914585,3,0,1,18,0.0,523,207.0,0.38620758433914587,401.2321596077494,263946.49345329276,785.7130620340581,500000.0,0.39064454044035024,0,9,22.980303226742436,2,E7,mtbf_mult,2.0,marketplace
4.356774060148956,6.410736561050908,5.216449562135285,11.409264892318063,5.992317038460442,13.078595942571473,48.55243582804178,48.55243582804178,53.04494901963517,53.04494901963517,23.92783652417407,28.900243608528033,4.643372239968325,10.235143410239294,7.345393771683537,6.410736561050908,0.9565217391304348,0.9787234042553191,28096.063942230638,531327.860284328,530327.860284328,561,0.998117922897051,0.0,0.0,1000.0,21.98669846674845,25.70470829303963,28.811769232598976,23.73590994716051,4.356774060148956,468.1586658597364,1866.1480901693844,917.454991135067,0.49163032450002,1023.2480201836239,0.031538877088947107,402.63975348651013,2,0,3,14,0.0,545,207.0,0.40263975348651015,391.08380925394044,249550.243900877,831.1057385135965,500000.0,0.34978596605354184,0,4,11.179989173125865,3,E7,mtbf_mult,2.0,marketplace
3.272214551003673,5.982461980018889,7.829749116334483,16.014748209980006,2.712325841679002,3.1912030147092088,,,61.2959205834934,106.23917884753523,24.18697263552042,28.8831958388716,2.707502787261564,4.226363144102061,5.120525029752169,5.982461980018889,1.0,1.0,32491.15341102122,538255.453584505,538255.4535845051,550,1.0000000000000002,0.0,0.0,0.0,22.540408150155358,25.704708293038095,28.81176923259909,25.456726856679577,3.272214551003673,504.6274648489429,1743.9612514399048,872.831287742395,0.5004877757586301,944.8222396891929,0.03247713876972553,382.19498608088793,3,1,1,18,0.0,529,207.0,0.3821949860808879,385.28582219654606,249484.7855746009,831.2418511150834,500000.0,0.3381462729289191,0,12,35.934308997019706,4,E7,mtbf_mult,2.0,marketplace
7.438346275908943,11.258103236943889,8.203978818182659,19.42449661577726,9.270260705501949,25.83152982657666,29.27081749286678,54.04262756152548,,,23.477758773234306,29.551701786297777,3.414338930207556,7.095360532367977,12.772773848892578,11.258103236943889,0.9259259259259259,0.9298245614035088,43452.69323580841,547328.4080016714,546328.4080016714,572,0.998172943363837,0.0,0.0,1000.0,21.597988838537688,25.704708293036674,28.972819365854775,23.32412047166807,7.438346275908943,466.08914621431995,1834.4545877773783,900.6069631319474,0.4909399061347826,1040.6253896788817,0.031973739478606926,379.3135745848687,3,0,0,22,0.0,546,207.0,0.37931357458486875,379.5872785256124,234011.69928928209,886.1920758851692,500000.0,0.37298033792178414,0,8,18.766510338509438,5,E7,mtbf_mult,2.0,marketplace
3.808798715177549,3.87388735891193,4.860475960693258,7.947497090326216,4.197092462477973,7.85049484157676,32.35122322221804,39.152079217506504,,,23.5828786991763,28.97281936585432,7.2917817573368735,22.774980303233324,9.248780317301263,3.87388735891193,0.9642857142857143,1.0,31608.77227884693,533346.8920584851,533346.8920584851,565,1.0,0.0,0.0,0.0,21.619202839068553,25.70470829303963,28.972819365853866,23.310622146923222,3.808798715177549,452.2184083021702,1840.0601625411086,928.123285655576,0.5043983368314681,1032.3725294223902,0.0323319874107091,375.00888581463755,3,0,0,21,0.0,536,207.0,0.37500888581463754,388.8182568861291,248003.5346289961,836.177634306865,500000.0,0.40216224930047684,0,10,34.69280547088866,6,E7,mtbf_mult,2.0,marketplace
4.156640809667695,6.048402105854166,15.711188238365484,56.2203190180493,2.3043640538892967,2.525976828063057,6.063349301183067,6.718543137484451,11.838310601135902,11.838310601135902,23.911922110178953,29.095782624987958,3.139356175269589,4.455033760785916,9.879642591088379,6.048402105854166,0.972972972972973,0.9508196721311475,40773.60461111535,544565.4292464787,543565.4292464787,581,0.9981636733690867,0.0,0.0,1000.0,21.338350601083736,25.704708293036674,28.972819365853866,22.45599257708619,4.156640809667695,448.66673215703656,1896.605094176701,937.9259919184295,0.4945288794162892,1055.920883801845,0.030784721941861572,373.913725515843,0,0,1,16,99.38937189467718,556,207.0,0.373913725515843,381.50681144860397,238682.7015333123,868.8267410806611,500000.0,0.36440098763556855,0,9,25.38464609111371,7,E7,mtbf_mult,2.0,marketplace
6.281776990405274,19.05616903237806,5.377658033292761,9.172785796018433,4.852637631859258,4.770199028066146,5.159550367641145,5.271609509385485,,,24.066736832177188,29.33601025198592,2.955068404516709,4.813738966824076,5.061941487643249,19.05616903237806,0.92,1.0,38363.5914215517,540361.5398106,526845.8481339898,560,0.9749876875372228,13515.69167661024,0.02501231246277737,0.0,22.039818421283428,25.704708293039616,28.972819365853866,23.13345554330303,6.281776990405274,444.8996263006753,1768.9663842824918,878.2714163160375,0.49648847152755365,985.2821367966462,0.03210428851706017,372.0927558869916,4,0,1,16,0.0,540,207.0,0.37209275588699164,393.61056652599297,254176.361329491,815.8590817462714,500000.0,0.40270145273140373,0,15,45.54773444045728,8,E7,mtbf_mult,2.0,marketplace
5.84799604914883,12.95555132952145,6.090234874272009,15.239382974414047,5.637550077094273,10.783074033757522,36.08419072951983,36.08419072951983,41.101748138852145,51.03419246237836,23.40733137342366,28.972819365853866,4.0583044178583085,5.5934091747244565,6.598272769761511,12.95555132952145,1.0,1.0,47374.080402398526,549779.8663554897,548779.8663554897,604,0.9981810901759116,0.0,0.0,1000.0,20.459758489696018,25.382608026528942,28.274702995526336,23.026161779902516,5.84799604914883,460.52118134018224,2035.2491178920106,999.0686072409023,0.4908827123215648,1186.3425710801716,0.03595159084058059,452.9655974162817,3,0,2,24,0.0,571,207.0,0.4529655974162817,378.0258320611055,234202.7844417425,885.7835148796868,500000.0,0.3900709267758044,0,11,30.28287502646208,9,E7,mtbf_mult,2.0,marketplace
2.255321545161288,2.4544228129545447,4.2094377072941995,7.053902860730363,5.620095667489039,10.274981424893209,,,,,22.83985573732295,28.81176923259911,3.180677524936141,4.871471088371775,4.914766687391619,2.4544228129545447,1.0,1.0,13819.243346008723,516514.44304295897,516514.44304295897,540,1.0,0.0,0.0,0.0,21.411010023224737,25.704708293039516,28.811769232597726,22.265269008837464,2.255321545161288,421.48014514758376,1667.7551223095422,829.283828635056,0.4972455593400585,920.2110027106932,0.028175351879522997,317.144410393117,1,0,2,18,0.0,518,207.0,0.317144410393117,401.3772455016333,263984.9906949014,785.3368627688319,500000.0,0.3634764439843381,0,9,24.947560200297236,10,E7,mtbf_mult,2.0,marketplace
5.623807980090938,11.414764079273482,8.339612141673797,16.146526323644416,3.4124558532694893,5.841484531760078,,,7.552558473439603,7.552558473439603,23.58595574930012,28.97281936585432,3.124464243634228,4.517128374656022,4.8202147928135775,11.414764079273482,0.9523809523809523,1.0,26006.043708159235,531772.2574830158,531772.2574830158,543,1.0,0.0,0.0,0.0,22.11415222377576,25.704708293039516,28.94060933920291,22.54415413816079,5.623807980090938,431.20318914522045,1640.2542098847339,816.1136401678348,0.4975531446587086,936.4604439185797,0.029436426340468516,340.44852454961006,2,0,0,20,0.0,512,207.0,0.34044852454961005,389.90459845711644,248365.0502326148,834.8213580387329,500000.0,0.38188456296971607,0,7,21.755744656661108,11,E7,mtbf_mult,2.0,marketplace
11.269942628483866,27.86917795075608,12.623443108488763,32.10463577444045,14.99599520772881,14.99599520772881,,,,,24.294392124717195,30.42773835459244,4.5100255097294655,9.844492957946482,12.962379122665912,27.86917795075608,0.8571428571428571,0.8571428571428571,3605.0987133016765,503977.3460501888,503977.3460501888,521,1.0,0.0,0.0,0.0,23.701329161583022,25.704708293039857,30.380290152942507,24.192236628547313,11.269942628483866,447.57090594346454,1515.7122964697364,753.0831863816787,0.4968510106671918,844.2585478926287,0.028094387358328265,322.68127521765774,3,0,0,18,0.0,497,207.0,0.3226812752176577,411.3730168628876,280052.550192937,740.2992086034801,500000.0,0.3700620018899296,0,2,5.908785513585686,12,E7,mtbf_mult,2.0,marketplace
2.506526562123656,4.336806901857493,3.234318318252464,4.878364672661701,5.122915770916279,6.00105370870092,,,,,23.015894334428033,28.972819365853866,2.452918581063983,3.858154202847493,4.073694963880826,4.336806901857493,1.0,1.0,6216.486291594783,506496.9548278934,506496.9548278934,522,1.0,0.0,0.0,0.0,22.178021508220795,25.70470829303963,28.972819365853866,22.783399793574386,2.506526562123656,427.29044912292517,1549.9308590482324,774.8502897546588,0.4999257129640427,883.6567804763476,0.026961622971455074,304.5957212842011,2,0,0,15,0.0,505,207.0,0.3045957212842011,409.2909024334131,275389.7839996254,752.7679230162225,500000.0,0.3688557420023786,0,5,13.264047713570447,13,E7,mtbf_mult,2.0,marketplace
8.342895855385207,23.841152000377768,8.149841584978661,13.537164342926145,7.076314160233061,10.785727401671465,5.598540772079986,6.260903690555369,,,22.86985773683051,28.972819365853866,2.855520140202121,4.604215810605456,7.010846272884145,23.841152000377768,0.896551724137931,0.9516129032258065,58929.484502104126,566652.9292862886,566652.9292862886,576,1.0,0.0,0.0,0.0,20.743416765953878,25.382608026528942,28.811769232598408,20.933039608470285,8.342895855385207,429.84936701995866,1872.0121026475254,930.8839191149232,0.4972638359540542,1089.480186148346,0.030785759761768304,369.79496958386784,0,0,1,23,0.0,551,207.0,0.3697949695838678,365.95556865958594,217026.48617454627,955.5045498124322,500000.0,0.3744400971400938,0,6,18.255972431987228,14,E7,mtbf_mult,2.0,marketplace
14.728801917857586,64.93887514963936,19.664353079238417,68.79624588401134,5.248200838385318,4.1552616848730395,5.597290733782431,6.26401410258095,7.143042659128923,8.176248719180558,24.43902059203112,28.97281936585432,4.297912483486125,6.94208837345596,13.073401513403136,64.93887514963936,0.8285714285714286,0.8783783783783784,64862.71277757866,573615.9384122626,573615.9384122626,603,1.0,0.0,0.0,0.0,22.181112345830318,25.58774008997898,29.227645395955665,22.22558413358011,14.728801917857586,458.1996476412651,2060.465866564417,1016.9808247188172,0.49356839209111114,1198.5520889190034,0.035617354944387426,469.3179711886921,3,0,2,21,0.0,562,207.0,0.4693179711886921,361.6868083293717,210307.37115057034,986.5052129944141,500000.0,0.36768904918504336,0,10,28.657829774929304,15,E7,mtbf_mult,2.0,marketplace
4.887659406571334,14.479178295617384,8.149493716340151,17.43374288554878,34.01967026822209,65.23908835396979,,,,,23.83662868129657,28.972819365853866,2.959320575187197,3.9671929699394695,16.7728859003008,14.479178295617384,1.0,0.9642857142857143,8440.199489225186,509188.49886297405,509188.49886297405,531,1.0,0.0,0.0,0.0,22.92092995141508,25.70470829303963,28.972819365853866,23.574998564317053,4.887659406571334,445.8607977345572,1556.4947323449485,774.2885918849062,0.4974566092609874,869.2021344588667,0.02688192760799713,315.3060151095408,0,0,1,17,0.0,504,207.0,0.31530601510954076,407.14844596460426,275180.0118877015,753.3806855845077,500000.0,0.3800774173167601,0,4,12.984768772447051,16,E7,mtbf_mult,2.0,marketplace
4.179922436558214,7.775537946342591,3.9414563776063005,6.34581459105757,3.934788512062221,5.198242028367235,,,,,23.58980819442165,28.81176923259909,3.252733196212799,4.8137389668245305,3.938678100296267,7.775537946342591,1.0,1.0,10188.61735102234,511539.3687118152,511539.3687118152,538,1.0,0.0,0.0,0.0,22.19451140542954,25.70470829303963,28.811769232597726,23.153142248139677,4.179922436558214,437.5970999065575,1627.6034732642036,806.2087896706762,0.49533489139944037,910.5169334530805,0.030029689588236964,352.07475112182806,4,0,0,14,0.0,522,207.0,0.35207475112182807,405.3492017110755,270908.4947110422,765.3952489466554,500000.0,0.38402824452603923,0,6,15.283995087390362,17,E7,mtbf_mult,2.0,marketplace
4.092012096165174,6.2965545228415065,5.4474012922510155,7.565242525127445,4.302794030719936,6.210268317580085,8.840409691260598,16.056121004371107,6.202531654856557,6.931503624413653,23.15385136610361,28.843979259250226,7.222402069593909,16.052645623457753,5.550270371963639,6.2965545228415065,1.0,1.0,68261.72443658626,577118.2182746406,576118.2182746406,575,0.9982672527597732,0.0,0.0,1000.0,20.829216688921676,25.382608026528942,28.811769232597726,20.971213132105255,4.092012096165174,436.73562658365785,1885.5201906649331,933.670818308932,0.495179432674052,1087.016300866895,0.03179539230882475,389.57164483429324,1,0,4,20,0.0,551,207.0,0.38957164483429324,359.9774578660692,214725.68383705377,965.83495713635,500000.0,0.3634697061932443,0,4,9.467739574218374,18,E7,mtbf_mult,2.0,marketplace
9.819299704503075,35.80854814767081,5.83818977884988,7.2283021708975,9.848907359680444,29.218179789552053,,,114.13478743119595,114.13478743119595,24.01526284484061,29.399601307223662,3.8536629096405073,6.633736609513929,7.253737160319491,35.80854814767081,0.8285714285714286,0.9855072463768116,37728.11627304937,538786.9281851918,536786.9281851918,582,0.9962879574552103,0.0,0.0,2000.0,21.852215666675704,25.382608026528942,29.75446744666369,25.29394297751441,9.819299704503075,496.6164899204837,1937.4135290336724,962.1944393537345,0.4966386498981713,1071.75206823331,0.032682316492287346,394.6426427147266,2,0,2,19,0.0,543,207.0,0.3946426427147266,386.3630646593604,243335.08551118948,852.3006133991225,500000.0,0.37191367000032455,0,13,34.46331975024019,19,E7,mtbf_mult,2.0,marketplace
3.569548403751213,7.346655591424872,8.39683171310826,15.068233370406643,4.693933197564365,5.3507600914026625,7.597944494584681,7.597944494584681,7.993984659122418,10.533077766998042,22.946497837045236,28.81176923259909,2.963938234040711,4.669195515163051,6.6410699134498,7.346655591424872,1.0,1.0,42968.20466135957,546796.3875473237,546796.3875473237,559,1.0,0.0,0.0,0.0,20.958116100906224,25.70470829303963,28.791827781942267,21.528974297358484,3.569548403751213,429.0840074079456,1746.4954739796005,868.8912984357365,0.49750561131192794,980.2902176926689,0.030296252031794195,369.56623392991236,2,0,2,16,0.0,539,207.0,0.3695662339299124,379.24457980436574,242026.6337848741,856.8047366979073,500000.0,0.35959078723357685,0,5,17.727773042220605,20,E7,mtbf_mult,2.0,marketplace
3.6820550420338636,5.981290297295897,3.371646744231657,3.977633004038671,3.2581535382323636,4.251186690629038,4.820118274277775,4.820118274277775,,,23.480301884125407,28.972819365853912,5.95189755001507,9.550939460673913,3.5243323839875984,5.981290297295897,1.0,1.0,17327.275816339392,522341.9832740221,522341.98327402206,537,0.9999999999999999,0.0,0.0,0.0,22.15186923636018,25.70470829303963,28.972819365853866,22.77397772790416,3.6820550420338636,441.0014934134784,1664.6480423400535,833.8741579062223,0.5009312098994911,903.985786974704,0.027463486079655382,319.87715765108527,1,0,0,13,0.0,518,207.0,0.31987715765108526,396.9044874742349,262152.3467474405,790.8373879917411,500000.0,0.34828246192206375,0,9,25.308207281600097,21,E7,mtbf_mult,2.0,marketplace
4.870621171823662,12.405762915333073,11.645922395761726,25.09086171117906,5.309324704458352,12.318012202655154,4.675293146604872,4.675293146604872,,,23.367834880429612,28.972819365853866,5.603523639629758,12.817691217894572,7.896737779346968,12.405762915333073,1.0,1.0,19226.136203616657,520041.7500651535,519041.7500651535,532,0.998077077465656,0.0,0.0,1000.0,22.301108318618592,25.704708293038095,28.82796472713383,22.663781729144468,4.870621171823662,428.31464434043187,1543.687843696948,760.1665278808092,0.4924353916399971,892.7081615026453,0.029093897387302628,340.2560115119933,3,0,0,19,66.95580926203557,499,207.0,0.3402560115119933,399.467395417585,265064.8036268941,782.2247736193776,500000.0,0.36134934652359235,0,3,8.544387343355774,22,E7,mtbf_mult,2.0,marketplace
3.4220611908341563,6.0277576482663795,4.738915604884967,8.329105334128872,5.682021920156527,8.752335613554168,5.252203588423285,6.129757111263141,6.547612990429059,6.547612990429059,23.37114670492772,28.83863306970425,3.0643486661434416,4.277988585787483,5.099523850395044,6.0277576482663795,1.0,1.0,44840.47463850063,546785.5630729868,546785.5630729868,585,1.0,0.0,0.0,0.0,20.55127713199414,25.46466331555257,28.006518566322484,21.82824491839691,3.4220611908341563,429.72523089438596,2013.4032609369544,997.2568643097175,0.49530905390787705,1089.324477525987,0.03457012001450295,432.1792675039916,1,1,3,21,0.0,559,207.0,0.4321792675039916,379.3665986748359,239086.17772226088,867.6042305903255,500000.0,0.33508308268871767,0,7,16.682451798064857,23,E7,mtbf_mult,2.0,marketplace
18.759164734900757,47.074793975173264,28.688334069959637,53.606710173294054,27.639247131794694,60.116005222782405,101.60291150903959,131.24262311203728,124.13542559379493,124.13542559379493,23.21480488244262,28.972819365853866,2.249665818050087,3.817662831524649,37.780825565604665,47.074793975173264,0.6842105263157895,0.7058823529411765,34421.87232108315,535140.8176419535,535140.8176419535,544,1.0,0.0,0.0,0.0,23.29948781732489,25.704708293039857,30.401759522371766,26.822681600612594,18.759164734900757,530.8927199891456,1652.124503293525,826.1534149611566,0.5000551794457454,940.2617462878575,0.0289078273889412,319.8908654823348,1,0,2,20,0.0,511,207.0,0.3198908654823348,387.411843819011,249809.65466037233,829.9114425635119,500000.0,0.3781770412124798,0,11,37.34535225670847,24,E7,mtbf_mult,2.0,marketplace
2.5503240170628487,2.5503240170628487,,,,,,,,,23.746770202569337,28.811769232599136,,,,2.5503240170628487,1.0,1.0,209.99028817615883,500209.99028817617,500209.99028817617,501,1.0,0.0,0.0,0.0,23.70446192674996,25.704708293039857,28.81176923259909,23.737871844021477,2.5503240170628487,436.4014933592807,1414.8158885283412,712.0671335961084,0.5032931417930174,797.5138387537625,0.027206629489965807,297.51146691074507,4,0,0,17,0.0,481,207.0,0.2975114669107451,414.4209741742353,284032.2313319537,729.8379852694898,500000.0,0.10052252372566706,0,2,6.686917343769473,25,E7,mtbf_mult,2.0,marketplace
6.333013342108106,12.97030311807248,6.749977035247563,14.809523018712753,8.019386638115261,20.34798745530934,,,,,23.336572374330938,28.972819365853866,4.0093071057167435,5.3395177123869875,7.433505282945554,12.97030311807248,1.0,1.0,8275.236379187336,508449.34756596206,507449.34756596206,527,0.9980332357494661,0.0,0.0,1000.0,22.442667094222937,25.70470829303963,28.81176923259909,23.078454833008585,6.333013342108106,427.4724807536407,1535.0356448416298,762.9466813914112,0.49702212711166366,885.912182777749,0.029951174465666627,337.2024592462171,4,0,0,19,0.0,503,207.0,0.3372024592462171,408.58699189143204,274366.4802773066,755.6943626994347,500000.0,0.424168224447864,0,3,10.349166942676964,26,E7,mtbf_mult,2.0,marketplace
3.1877901248639,4.271127923412541,6.241395113308535,12.96752255761462,4.41195563169678,7.199373650947564,,,,,24.260343824328494,29.47075106162101,11.023905844918914,36.16370935366801,5.457349621189211,4.271127923412541,1.0,1.0,12370.949722949961,513597.1255335828,512597.1255335828,535,0.9980529486044901,0.0,0.0,1000.0,23.01894349821311,25.70470829303963,28.97281936585432,23.735590809824227,3.1877901248639,448.30108759330517,1658.7182339818376,828.3034094090974,0.49936354013587525,895.6197878724805,0.030301202521634266,362.9248995444973,4,0,2,16,33.50503363981419,510,207.0,0.3629248995444973,404.53392063736635,268485.9605436813,772.3417808500554,500000.0,0.38512255841803594,0,9,27.827007544480402,27,E7,mtbf_mult,2.0,marketplace
6.488749064639563,14.205008302981698,7.012507837217758,13.582845130682106,8.560239835650444,19.808684074916727,5.1634388386792835,5.713915834987043,7.903489301740194,7.903489301740194,23.663393429543127,28.811769232598046,4.035681341533589,5.866409842682719,7.361773711812706,14.205008302981698,0.9166666666666666,1.0,26590.43369586375,528937.8456762048,527937.8456762048,536,0.9981094186998066,0.0,0.0,1000.0,22.469917219292366,25.70470829303963,28.557730626055218,22.789173320949516,6.488749064639563,443.182876630694,1649.281080227007,810.9194100365027,0.4916805387259325,925.7144380352884,0.027835755550809044,331.62200034937916,0,0,3,17,0.0,512,207.0,0.33162200034937916,392.7197561197576,251963.61703677935,822.8633341538552,500000.0,0.3689598906372747,0,3,8.544387343355776,28,E7,mtbf_mult,2.0,marketplace
3.051835469184705,5.841939682142083,8.179801169998514,20.13400609184606,3.757994565793323,5.3115190052699734,28.067391473493256,58.08175575824471,22.32362322534823,46.83582783592383,24.118427619267436,29.014190821799513,4.588970927597281,9.54737260973662,7.21187226186434,5.841939682142083,1.0,0.9864864864864865,77164.28456252046,584688.0408818187,584688.0408818187,599,1.0,0.0,0.0,0.0,21.12297100247946,25.382608026528942,28.811769232597975,22.77776515158365,3.051835469184705,469.98608716464065,2061.412404739701,1011.81636653215,0.4908364596068851,1137.689485143752,0.03507020784790249,454.07511142459055,2,0,6,23,0.0,567,207.0,0.4540751114245905,354.81155865364565,210854.4557363336,983.8733281066583,500000.0,0.35319656615281714,0,9,31.6850826820764,29,E7,mtbf_mult,2.0,marketplace
4.111085189423865,5.385709623206868,4.580988891860639,6.232353204531137,2.720381554870715,3.9880766030080865,,,,,,,4.421334412591179,11.211992328402903,3.857419371920113,5.385709623206868,0.95,1.0,13241.643205544335,14368.778013761575,14368.778013761577,46,1.0000000000000002,0.0,0.0,0.0,4.0657810387775815,2.495531212973674,6.300334297877498,3.2053336049971723,4.111085189423865,0.0873308267692772,283.52703427832387,119.66411564019688,0.42205539921363827,155.26328089384566,0.004147202607652204,72.52961101542331,1,0,0,0,0.0,46,207.0,0.07252961101542332,14411.283229004823,4888191.129931694,42.361790712939865,0.0,0.26644866805329387,0,0,0.0,0,E7,bulk_t_per_year,0.0,pooled_greedy
5.46607648627571,7.9438683801156005,4.417055263168508,8.919709063074151,7.849547684931655,5.792205835797268,40.783000101635935,50.72979458395903,,,,,3.8742916716453064,7.20630392217663,8.973927212692212,7.9438683801156005,0.96875,0.9649122807017544,28155.773678386977,34969.780480685586,34969.780480685586,83,1.0,0.0,0.0,0.0,6.024026642661518,3.585783646036816,9.148602467020282,18.18590080504154,5.46607648627571,20.80204414901699,462.48662167708807,192.63328133485257,0.41651644027305657,231.82354895090435,0.0066113275878242695,124.35259615354991,1,0,0,0,0.0,83,207.0,0.1243525961535499,5922.95261077066,1906426.6341006332,108.64533095125665,0.0,0.27506054881343306,0,0,0.0,1,E7,bulk_t_per_year,0.0,pooled_greedy
8.189760532303461,23.315991697223954,7.056827433684349,17.36024483381225,10.796642388629985,22.395581396179665,5.2996242948215695,5.2996242948215695,4.692446216563894,4.692446216563894,,,8.204261982995211,27.734537415861723,8.735834352402662,23.315991697223954,0.8695652173913043,0.9523809523809523,29603.0727028406,35720.12207173271,35720.12207173271,54,1.0,0.0,0.0,0.0,8.320086536447063,3.1460615085986774,23.701741233586315,12.965390100117167,8.189760532303461,12.13619584796472,304.0144319364753,125.51136759621325,0.4128467415074532,211.45716642084986,0.006504955867326296,95.4769796494021,2,0,0,0,0.0,54,207.0,0.0954769796494021,5797.725902609258,1839222.0820077045,112.59949464807582,0.0,0.5107818766337923,0,0,0.0,2,E7,bulk_t_per_year,0.0,pooled_greedy
3.886712329515001,4.213090231668995,6.032702684924584,11.009148439995897,14.27542045371257,38.67573424963134,61.745991822497366,90.37162182616302,4.995980005050114,4.995980005050114,,,2.8083032801623884,4.725205555976209,20.600303282613474,4.213090231668995,1.0,0.8846153846153846,31791.11949139164,34684.96303781698,34684.96303781698,36,1.0,0.0,0.0,0.0,11.076185703985479,2.641993810050735,28.16910483642414,25.2517630262101,3.886712329515001,29.76588371128293,212.28277666907886,80.24943973776722,0.3780308558092097,167.12809700135747,0.0030230532205947906,33.10243276551296,0,0,0,0,0.0,36,207.0,0.03310243276551296,5968.958427519081,1789417.7574117992,115.69858495883973,0.0,0.2312537086099593,0,0,0.0,3,E7,bulk_t_per_year,0.0,pooled_greedy
2.5299705623981197,4.683792583630748,10.247943445228216,19.842121054577547,10.790116015815453,6.744491960738742,5.393601846437832,6.023162864577989,5.339600405736746,5.339600405736746,,,3.6875930739820206,6.786152101718107,10.118812930706797,4.683792583630748,1.0,0.9555555555555556,35758.56491587799,37094.956119753304,37094.956119753304,56,1.0,0.0,0.0,0.0,6.716797055971857,3.1031719821542083,7.558828738477132,8.599203375281025,2.5299705623981197,3.3730686697178855,344.3703078732014,140.36046605339345,0.4075858540773927,251.26442542574418,0.005587837426926627,67.00065140026925,1,0,0,0,0.0,56,207.0,0.06700065140026924,5582.079676356208,1746255.6365032564,118.57771355059796,0.0,0.5275287155896634,0,0,0.0,4,E7,bulk_t_per_year,0.0,pooled_greedy
3.6731958005429344,5.65192942107342,5.630364061969012,11.882051991570007,8.99965400769087,20.40739623497848,47.916851733188196,47.916851733188196,,,,,3.521147294842791,4.903955543785287,8.407372351182023,5.65192942107342,1.0,1.0,42283.98498874685,45482.16296284329,31242.3345246787,77,0.686914000774373,14239.828438164604,0.3130859992256272,0.0,5.5475684885768235,3.312088125749142,11.973205979703565,11.167621376324238,3.6731958005429344,8.785278958968862,530.4767275030921,237.82777700418168,0.448328389680008,354.41925975641277,0.006873422878037459,101.26835561080598,0,0,0,0,0.0,77,207.0,0.10126835561080598,6628.866616610197,1998527.3011399014,103.62693981587658,0.0,0.4364658379216408,0,0,0.0,5,E7,bulk_t_per_year,0.0,pooled_greedy
2.622453025134716,4.6124128845634,3.858093532688502,5.056886292164564,13.098905230573369,40.62053069898629,14.493312290800077,15.563768223763418,10.952756039037695,10.952756039037695,,,6.409122560265342,8.045978558323625,9.230350995277078,4.6124128845634,1.0,1.0,29735.77259190671,31320.024576109645,31320.024576109645,47,1.0,0.0,0.0,0.0,6.096567376047033,2.957752207912563,11.833750573260973,12.68563902683756,2.622453025134716,8.148384056492116,277.0426885705193,95.31499192453725,0.34404442296002147,169.9166981824875,0.004277666982118468,56.74064698341441,1,0,0,0,0.0,47,207.0,0.05674064698341441,6611.001857416249,1978628.5679100181,104.64659411326144,0.0,0.40838510469893574,0,0,0.0,6,E7,bulk_t_per_year,0.0,pooled_greedy
5.319713043927914,4.9230835897607,7.094910573741794,9.287076393081497,3.6482508854100475,5.504344806904913,5.5752125641897265,5.6804104779504225,,,,,5.244130433235174,7.593826104431582,5.390092714540812,4.9230835897607,0.9428571428571428,0.9824561403508771,30854.334212980168,36849.580768609136,36849.580768609136,72,1.0,0.0,0.0,0.0,5.325471566054201,2.936835919375625,5.7583374504689315,5.828726797341834,5.319713043927914,2.207286067359155,421.9765231339377,179.5207989106136,0.4254284043513783,280.65630338189135,0.005631869718738412,73.05465147455538,0,0,0,0,0.0,72,207.0,0.0730546514745554,5619.414124457905,1739240.7081626197,119.05945719855653,0.0,0.4260602684329647,0,0,0.0,7,E7,bulk_t_per_year,0.0,pooled_greedy
2.5641390213823136,3.520263135228699,4.684431515869599,7.775411433039608,8.68419325973251,20.09853872402214,5.212163049457558,5.212163049457558,,,,,2.4210622229804164,3.2826679233047344,6.706301201700552,3.520263135228699,1.0,1.0,34367.77231512135,35833.068068885324,24302.850605229007,63,0.6782241073666737,11530.21746365632,0.32177589263332634,0.0,4.110310722176142,2.5165276192249166,6.346224369683569,7.770201318810658,2.5641390213823136,0.5410480017137403,375.32135710863923,148.32397121605896,0.3951919292808206,230.1861555288752,0.005426995883180218,64.51846487621293,1,0,0,0,0.0,63,207.0,0.06451846487621293,8520.17410749026,2524403.409339012,82.02513025408004,0.0,0.4671204517594371,0,0,0.0,8,E7,bulk_t_per_year,0.0,pooled_greedy
5.895589447015381,11.470130381379114,7.142618845727611,15.27650003529834,13.840131776526391,33.42186455350456,47.740402856355104,68.43994686061214,,,,,3.509429219880864,6.743555966816711,12.188681678595296,11.470130381379114,0.9487179487179487,0.9866666666666667,35500.09287549975,39180.20230362319,39180.20230362319,90,1.0,0.0,0.0,0.0,8.01513296845826,3.9743304075059314,22.398137774879434,15.695535448901103,5.895589447015381,17.503914992838318,540.9206382281268,230.4787508401224,0.4260860735413847,353.0364106841005,0.009278299480939578,137.77010811931308,2,0,0,0,0.0,90,207.0,0.1377701081193131,5286.796849667217,1622166.3087311545,127.69206769566115,0.0,0.39585828564400377,0,0,0.0,9,E7,bulk_t_per_year,0.0,pooled_greedy
2.5188548021666293,3.7672065827070584,4.010658228312434,6.316018430360236,16.75999184514268,37.43536676299134,,,,,,,3.796519265473549,7.392190690158145,7.7882385592251,3.7672065827070584,1.0,0.9830508474576272,14686.415795636483,17115.887317164703,17115.887317164703,75,1.0,0.0,0.0,0.0,4.688401373546488,2.65011675084952,6.087057846301106,9.827583665375398,2.5188548021666293,0.23631570082961906,480.86201823498993,198.08572253267215,0.4119387995328645,245.45496441160603,0.007606905656483023,100.58819936946298,0,1,0,0,0.0,75,207.0,0.10058819936946298,12099.903695420933,3730762.501284111,55.51159799855564,0.0,0.3790510898038266,0,0,0.0,10,E7,bulk_t_per_year,0.0,pooled_greedy
9.02332981081039,17.021851842562956,17.262682435461574,45.824283085161184,7.3913045675125115,15.130107372261234,80.78518270162022,124.2796397907172,146.35982656094802,146.35982656094802,,,9.238557065821752,27.863722408858393,17.224949736902147,17.021851842562956,0.9565217391304348,0.9473684210526315,32615.321276962924,38726.61052827503,38726.61052827503,74,1.0,0.0,0.0,0.0,14.694075896181188,4.903955543785742,42.156319926028395,50.969782331126346,9.02332981081039,72.62761388685607,472.9634305775366,193.35203972504337,0.4088097032976541,320.6519861471094,0.008101028134719624,139.41789761978433,1,0,0,0,0.0,74,207.0,0.13941789761978432,5348.761873864055,1600768.604143491,129.3999753377547,0.0,0.4282242945529138,0,0,0.0,11,E7,bulk_t_per_year,0.0,pooled_greedy
10.618405715219788,28.160320528725492,25.432349638220558,43.65813594811739,5.227203935846774,5.227203935846774,,,,,,,2.4258447001807326,3.6312220899522805,18.69730107076263,28.160320528725492,0.8333333333333334,0.7777777777777778,3542.3388862170746,4041.693416991769,4041.693416991769,13,1.0,0.0,0.0,0.0,9.96197817725612,2.2455536267448224,39.617106807642664,6.0281841678802275,10.618405715219788,0.36061958000735556,64.39496098630634,25.231563070564352,0.39182511619084404,48.61653207109458,0.001036197330515069,11.346360769140006,0,0,0,0,0.0,13,207.0,0.011346360769140007,51218.96319262326,16887860.958954602,12.257996845420715,0.0,0.2506453332630729,0,0,0.0,12,E7,bulk_t_per_year,0.0,pooled_greedy
3.3876426836314417,5.595260133576901,13.480562403478118,17.623317327268342,13.299714948697783,22.099736572651363,,,,,,,2.8523761100681497,5.149394898390893,13.444392912522051,5.595260133576901,1.0,1.0,5913.524112323665,6109.786904918191,6109.786904918191,22,1.0,0.0,0.0,0.0,7.861571592479302,2.851721197677481,17.209469768393685,9.645181445941704,3.3876426836314417,1.4978571913956307,145.25256730605471,56.914291920891316,0.3918298517985568,120.2677414677882,0.001803597562717679,19.749393311758585,0,0,0,0,0.0,22,207.0,0.019749393311758585,33883.3011060774,10763330.86992724,19.23379963833735,0.0,0.201253995513758,0,0,0.0,13,E7,bulk_t_per_year,0.0,pooled_greedy
7.02505993880612,7.536967736820043,5.912382718289143,7.049971398067944,9.890299859067099,22.955218375128496,7.909278111040042,11.66068046241944,,,,,4.298857640840864,6.121030800565404,8.211204366863605,7.536967736820043,0.9772727272727273,0.9607843137254902,87662.17051623568,98772.05997559967,86096.36795061016,124,0.8716672303066184,12675.692024989481,0.12833276969338134,0.0,7.096188376484333,3.8267491133390195,9.881161739898676,8.13355780834241,7.02505993880612,13.481991639702398,752.785143716634,343.920193187799,0.4568636828960304,493.4399439486817,0.012802778112200415,258.5787516942889,0,1,0,0,0.0,124,207.0,0.2585787516942889,2407.2859713500316,747363.8411617582,277.31951605996363,0.0,0.3646800980512303,0,0,0.0,14,E7,bulk_t_per_year,0.0,pooled_greedy
15.494639437369399,58.22461292853228,14.104916951116204,34.45716719065848,9.936935462474665,7.503014223598073,7.43714325180099,9.628263591863835,,,,,5.697539111176287,5.399095492083416,11.243761732698633,58.22461292853228,0.8620689655172413,0.9090909090909091,48441.70044091566,57653.897366659425,57653.897366659425,88,1.0,0.0,0.0,0.0,11.258063502720914,3.5721242606691703,10.851936148827097,9.956006376116965,15.494639437369399,7.470382933637906,532.4839482177447,235.56906405103405,0.4423965545618749,386.30267044296585,0.013279963586996799,246.22272533509914,1,2,0,0,0.0,88,207.0,0.24622272533509915,3594.6611103724476,1058689.1471302449,195.75738854706395,0.0,0.4430547897450457,0,0,0.0,15,E7,bulk_t_per_year,0.0,pooled_greedy
17.80912410223407,75.19050492117677,24.013773078206743,78.73235037204358,41.93009455275296,80.90663291896854,,,,,,,14.412620272833314,31.492159594940315,28.4928534468433,75.19050492117677,0.8,0.7419354838709677,8034.577169511982,8159.026429470758,8159.026429470758,34,1.0,0.0,0.0,0.0,22.537069926514818,3.930954501074666,80.16486943452946,23.732876921779873,17.80912410223407,6.907383094958284,224.17365613670552,96.20305235984887,0.42914521722919285,148.50036935502223,0.003025626096037508,39.54309077198004,0,0,0,0,0.0,34,207.0,0.03954309077198004,25375.520582080255,8149659.67980763,25.404685744578117,0.0,0.4791448379614522,0,0,0.0,16,E7,bulk_t_per_year,0.0,pooled_greedy
4.8420240308143265,7.221642909828008,5.139432069321897,8.595441368041975,4.155135223299467,7.130056257514752,,,,,,,2.613992701285224,3.9541419789449206,4.781505943495559,7.221642909828008,0.9411764705882353,1.0,8266.032746005529,9913.241667442135,9913.241667442135,38,1.0,0.0,0.0,0.0,4.238181603030182,2.1370271610439886,8.126889084908727,4.528222553582054,4.8420240308143265,0.18637510047206562,204.93666457891283,68.48254002871589,0.33416441206081027,120.41938328126355,0.003549384325569118,51.2573765121532,1,0,0,0,0.0,38,207.0,0.051257376512153195,20886.33207203316,7204301.234027218,28.739950017438414,0.0,0.4780007020431505,0,0,0.0,17,E7,bulk_t_per_year,0.0,pooled_greedy
3.68599705087095,7.269099717811969,4.702001748308392,8.34661799912064,4.3288183316226005,6.084789464808182,8.300300903252264,13.290129687928767,4.768267242598995,4.768267242598995,,,4.694310458152743,11.85276358825513,4.839405336145905,7.269099717811969,1.0,1.0,61464.82955769612,70003.53568262912,57418.570698988275,98,0.8202238663958837,12584.964983640832,0.17977613360411596,0.0,4.494178597997763,3.269697612236996,10.320822905004205,5.4235232300705265,3.68599705087095,3.370334533892282,659.9445853542824,298.07784805453946,0.4516710261279292,394.61852089383933,0.008376848470728579,134.8579743863031,0,0,0,0,0.0,98,207.0,0.1348579743863031,3607.4540946042052,1145045.4059689778,180.89663247816927,0.0,0.4097114685869035,0,0,0.0,18,E7,bulk_t_per_year,0.0,pooled_greedy
17.050497551102577,85.99737009597447,13.394044472182594,34.787427971999215,31.226204810687733,94.6809898751677,59.416955219019655,85.79481407065141,,,,,4.815523724070573,9.485518578003166,25.597475409066384,85.99737009597447,0.8461538461538461,0.8148148148148148,33540.68134201277,35724.57027638356,35724.57027638356,70,1.0,0.0,0.0,0.0,17.672723248109357,3.8138204963622684,84.54787740710908,37.79951834887821,17.050497551102577,46.79509112614904,417.98910993559105,178.63981816502755,0.42737912045735976,300.84765948114824,0.0071690316224641325,96.00329364758244,1,0,0,0,0.0,70,207.0,0.09600329364758244,5797.0187378447645,1735784.3096982168,119.30975648100728,0.0,0.48877497633709394,0,0,0.0,19,E7,bulk_t_per_year,0.0,pooled_greedy
6.592075767658433,16.78940575903503,7.035009013089014,8.984181316617105,7.571868849048607,9.02758978157051,13.137480010457125,16.21386841698818,4.444069215808213,4.444069215808213,,,2.8031786463625568,4.772654283778138,7.925472830176553,16.78940575903503,0.9090909090909091,0.9838709677419355,54347.01964599673,58806.131371238946,46190.68771590423,76,0.7854740082170291,12615.443655334719,0.214525991782971,0.0,6.424507947715392,2.812698014604166,11.825133731330425,7.699573895181964,6.592075767658433,7.0387946058930115,430.3317673656484,194.27620055822644,0.4514567951781073,242.76630802451237,0.005647060439804366,92.23989473036852,1,0,0,0,0.0,76,207.0,0.09223989473036852,4483.419713697509,1501167.0097618583,137.95416402574887,0.0,0.37863885134172354,0,0,0.0,20,E7,bulk_t_per_year,0.0,pooled_greedy
3.4798023637222117,6.716812557268534,35.80608892930026,113.5796197321386,3.0685748072637127,5.024514933148657,7.588066436162308,9.551725593356831,,,,,3.0312037704897343,4.354055685596222,15.605500181582293,6.716812557268534,1.0,0.9487179487179487,17415.203795806032,18714.207029698056,18714.207029698056,45,1.0,0.0,0.0,0.0,8.539728296609916,2.3591110760326046,8.281577528619529,5.781693255218063,3.4798023637222117,0.6973674116327105,251.91259776867525,108.98382033820457,0.4326255268832627,152.26996378658646,0.008354140585149003,183.89152650845602,0,2,0,0,0.0,45,207.0,0.18389152650845603,11070.941515059816,3581371.841011147,57.85042735691281,0.0,0.4053103477165448,0,0,0.0,21,E7,bulk_t_per_year,0.0,pooled_greedy
3.9291347169954087,5.19179106957363,4.675972265073613,8.760838557468242,5.3612937915261,9.908225845223997,6.654219669018175,8.435238325193996,,,,,2.847545872744751,5.785756000810035,5.149600319753559,5.19179106957363,0.9629629629629629,1.0,27011.325507455826,28721.545211643785,28721.545211643785,71,1.0,0.0,0.0,0.0,4.134283462378632,2.589811681749552,8.549980027159563,5.997809518094114,3.9291347169954087,2.35699227527652,412.8470298149795,174.91352608803774,0.4236763582056689,243.336196006651,0.005359109185644772,79.93531948498031,0,0,0,0,0.0,71,207.0,0.07993531948498031,7209.916242094602,2282968.415431998,90.70643900270515,0.0,0.3890691962429645,0,0,0.0,22,E7,bulk_t_per_year,0.0,pooled_greedy
3.1186831871616816,4.995980005051479,5.886682882010759,9.476623621797719,10.83803921678605,32.40757444890369,12.426506304271262,17.805452735778818,9.492689774192655,9.492689774192655,,,4.145251386483937,7.748169484989194,8.630549176429637,4.995980005051479,1.0,1.0,65447.64074832962,74483.0174257896,51722.513892776544,66,0.6944202273264473,22760.503533013027,0.3055797726735524,0.0,5.703424267269251,3.127041517848511,10.353927541554413,9.962998665522184,3.1186831871616816,11.626797394567566,404.0477047681588,171.26900265234642,0.42388312229275005,269.09605477605993,0.0060015253644934265,79.65103171483011,1,0,0,0,0.0,66,207.0,0.07965103171483011,4003.6656273320687,1208709.1313539303,171.3229805749506,0.0,0.4433797305231841,0,0,0.0,23,E7,bulk_t_per_year,0.0,pooled_greedy
15.733232591680375,50.461846517596676,55.66677836186,57.36932160306797,33.9377416977585,52.35142114104347,63.810887220533914,92.07292559195267,,,,,2.195597046520182,3.141072177001206,44.174473228260744,50.461846517596676,0.7058823529411765,0.6333333333333333,24560.83511692602,26047.293369351963,26047.293369351963,36,1.0,0.0,0.0,0.0,23.747408008474366,3.00074231076087,53.28540665243827,44.80494628014994,15.733232591680375,43.639803840200116,191.72212240105893,86.80491744045179,0.45276422122464643,133.1007723499175,0.0028769006846614768,31.50206249704317,0,0,0,0,0.0,36,207.0,0.03150206249704317,7948.292328372844,2532016.12803937,81.76547525501304,0.0,0.2760204143410432,0,0,0.0,24,E7,bulk_t_per_year,0.0,pooled_greedy
2.145538631557656,2.145538631557656,,,2.299687918755126,2.299687918755126,,,,,,,,,2.299687918755126,2.145538631557656,1.0,1.0,496.3448715636828,496.3448715636828,496.3448715636828,2,1.0,0.0,0.0,0.0,2.222613275156391,2.222613275156391,2.2842729900353786,2.246242535012377,2.145538631557656,0.0,10.27172689129561,4.168117080889163,0.4057854268322961,4.887910519384564,0.00010148919064641054,1.1113066375781955,0,0,0,0,0.0,2,207.0,0.0011113066375781954,417050.97235013655,131172734.11461496,1.578080328231673,0.0,0.017338743644755628,0,0,0.0,25,E7,bulk_t_per_year,0.0,pooled_greedy
4.466007732612127,10.149396602558227,4.579040450376245,7.224439443833035,4.044324670099741,5.2330845119689,,,,,,,5.940626068855961,13.532836380698798,4.273488575932528,10.149396602558227,1.0,1.0,8310.258084616062,8979.096078806211,8979.096078806211,30,1.0,0.0,0.0,0.0,4.765164207843782,2.3077279803001147,9.322651058908198,4.344919251167703,4.466007732612127,0.23594880883416952,143.4328677520211,54.27468045003703,0.378397791947322,84.21443833319428,0.0027524019904136745,39.23611121722536,1,0,0,0,0.0,30,207.0,0.03923611121722535,23057.915217089816,8266813.842770673,25.044623000948906,0.0,0.37242075827825855,0,0,0.0,26,E7,bulk_t_per_year,0.0,pooled_greedy
2.3552710647572384,2.8216259099791836,6.137740436474928,8.94098878826403,6.85557962852472,11.559572301751032,,,,,,,6.069957305847311,13.414318382745023,6.650482716510494,2.8216259099791836,1.0,1.0,13554.06371017116,14467.555937832827,14467.555937832827,30,1.0,0.0,0.0,0.0,5.102640417126772,2.537535738253382,9.201020184379104,7.134885233358983,2.3552710647572384,2.0788905184427886,162.53389305995756,66.85742197475852,0.41134449385332394,116.52494690048849,0.0022528360810876095,31.190721366104057,0,0,0,0,0.0,30,207.0,0.031190721366104058,14310.0321582291,4297550.002999418,48.17423661781048,0.0,0.4199282661399513,0,0,0.0,27,E7,bulk_t_per_year,0.0,pooled_greedy
4.012772392465493,5.651809973183617,3.6380647843866027,4.323702574276558,5.54652251462385,7.996780994339588,5.244357005806336,5.244357005806336,,,,,3.325056058425889,6.503938469619334,4.7261513346235375,5.651809973183617,1.0,1.0,24910.916435449522,25553.109162555444,14097.921180974756,23,0.5517105997274615,11455.187981580686,0.4482894002725384,0.0,4.235466550539342,3.96938846247167,6.117576929825828,5.0888161783853505,4.012772392465493,0.16178926615971917,148.16077467837837,60.766607148935236,0.41013964243130485,106.18879158940499,0.002118463495533158,27.78339027532744,0,0,0,0,0.0,23,207.0,0.027783390275327443,14684.986582962372,4169970.0585432467,49.64730693116756,0.0,0.46290164614717827,0,0,0.0,28,E7,bulk_t_per_year,0.0,pooled_greedy
9.8423952730216,16.544086606221665,5.773616983505431,13.735582770117617,4.895174116649044,9.117720428504708,11.915076156362526,21.096534807374066,35.85105138178869,35.85105138178869,,,10.137840727013145,30.013816442931052,5.954573346116654,16.544086606221665,0.9411764705882353,0.9782608695652174,69588.8438247753,83830.8933914554,71561.0741869974,62,0.8536360677064116,12269.819204458014,0.1463639322935885,0.0,8.514871112350582,4.4440692158079855,18.263463685887196,19.962882571146864,9.8423952730216,31.97204495039965,378.9267492445445,162.8426975265236,0.4297471684202249,265.8279770678022,0.006123496172260874,78.4379611406266,1,0,0,0,0.0,62,207.0,0.07843796114062661,2893.730150277239,991665.9256760586,208.81874893499736,0.0,0.5255342353455764,0,0,0.0,29,E7,bulk_t_per_year,0.0,pooled_greedy
2.75411192708775,5.453731581653779,3.6500363769025936,4.614955045472016,5.915742259495403,12.834131966356845,,,,,,,3.920443832001226,7.188799262063275,4.531144220133131,5.453731581653779,1.0,1.0,13241.643205544335,14368.778013761575,14368.778013761575,46,1.0,0.0,0.0,0.0,3.6523127208730686,2.334171282328498,5.3695517561315,3.852287190399959,2.75411192708775,0.020498462911053852,309.01974179715717,147.79242498880035,0.47826208166924294,145.47264126407407,0.00374937379928769,55.54461331503425,1,0,0,1,0.0,45,207.0,0.05554461331503425,14410.101152304624,4887790.179041409,42.361790712939865,0.0,0.34761541053461736,0,6,18.18015832265134,0,E7,bulk_t_per_year,0.0,marketplace
4.207062648589697,5.203311540944287,3.2557896880870927,3.5851978404953115,6.836126415284103,6.044532557716138,37.80074252913528,49.6947289136986,,,,,3.414083611887953,4.875903972830656,7.737947544425513,5.203311540944287,0.96875,0.9824561403508771,28155.773678386977,34969.780480685586,34969.780480685586,83,1.0,0.0,0.0,0.0,5.022179123790299,3.4855599175534735,5.379960522072724,15.46190573895006,4.207062648589697,16.007663530007218,443.748646497621,187.07208204905945,0.42157217498141114,217.74466252869144,0.006427524950525494,120.73251839903932,1,0,1,6,0.0,75,207.0,0.12073251839903933,5922.84909059682,1906393.3139595576,108.64533095125665,0.0,0.31760949329237115,0,3,6.832137744448285,1,E7,bulk_t_per_year,0.0,marketplace
3.389610535756931,7.252825661627504,7.030410557284085,17.39393144615915,6.031054791848545,11.322124937368608,5.2996242948215695,5.2996242948215695,4.692446216563894,4.692446216563894,,,4.96454913600953,6.4846823682337345,6.4659374966850125,7.252825661627504,1.0,1.0,29603.0727028406,35720.12207173271,35720.12207173271,54,1.0,0.0,0.0,0.0,4.816969286520248,3.353356150808395,9.6565965155407,7.775970747338856,3.389610535756931,4.704364047385892,316.6276429105579,139.67351771297925,0.44112862802833275,185.047370431044,0.00484911547595619,88.10849801960222,0,0,2,3,0.0,51,207.0,0.08810849801960222,5797.519618834108,1839156.6422679187,112.59949464807582,0.0,0.33113300031318643,0,4,9.050254825337447,2,E7,bulk_t_per_year,0.0,marketplace
2.992352886363676,3.520522731543857,6.0405732829075305,11.009148439995897,7.006617396831871,18.690637328099502,13.653696673495384,25.598251656861066,4.225080002754112,4.225080002754112,,,2.76622214650835,3.920128431946069,7.951055975604923,3.520522731543857,1.0,1.0,31791.11949139164,34684.96303781698,34684.96303781698,36,1.0,0.0,0.0,0.0,5.173930660962355,2.6039884603142127,12.013458035619351,8.784872542789136,2.992352886363676,6.390723501764941,258.27935618435663,112.03005210121472,0.43375534830297874,163.99720880829778,0.003431917283090613,36.72597587290852,0,0,4,1,0.0,35,207.0,0.036725975872908524,5969.062897663779,1789449.076231374,115.69858495883973,0.0,0.015107151287539367,0,3,8.085374054443966,3,E7,bulk_t_per_year,0.0,marketplace
2.4705175125564125,4.769265140911557,9.32228312809059,14.935185082726207,3.6533164115612844,6.1101247472761315,5.364087104001783,6.017259916090779,5.339600405736746,5.339600405736746,,,7.369245302674154,11.480432681490207,6.899006371883694,4.769265140911557,1.0,0.9777777777777777,35758.56491587799,37094.956119753304,37094.956119753304,56,1.0,0.0,0.0,0.0,5.689848543178714,2.912046703354463,8.065613659982318,4.807372998107347,2.4705175125564125,0.6109313603890281,338.72568490741395,138.40372048370315,0.4086011975192667,210.6917434288079,0.005511536974075714,72.42533954736479,1,0,1,1,0.0,54,207.0,0.07242533954736478,5582.2259142471385,1746301.3844603107,118.57771355059796,0.0,0.5008322582724637,0,6,15.214047713570446,4,E7,bulk_t_per_year,0.0,marketplace
3.0938008684476417,5.634735009703491,5.800702979566033,11.363972489575463,5.470110353404712,8.39907139267125,46.68612190982458,46.68612190982458,,,,,4.830184297581781,6.806117938907846,6.980951843764787,5.634735009703491,1.0,1.0,42283.98498874685,45482.16296284329,31242.3345246787,77,0.686914000774373,14239.828438164604,0.3130859992256272,0.0,5.019564700927872,3.1180722721974234,8.481115430755928,8.620485029442978,3.0938008684476417,5.372974928496415,536.6591483046203,239.85215276753695,0.44693573849483925,307.1829964731513,0.007155370582732279,106.37705582413797,1,0,2,2,0.0,75,207.0,0.10637705582413796,6629.030135127331,1998576.6000984772,103.62693981587658,0.0,0.33477811839668875,0,7,16.191674265115527,5,E7,bulk_t_per_year,0.0,marketplace
2.9557545193387416,5.054378415617293,3.50376686884452,4.115060912413629,2.7836138033206743,4.428932879807326,10.175841304696064,11.304978356134347,6.0847762834359855,6.0847762834359855,,,6.951387679212548,11.906268037926571,4.022709207159281,5.054378415617293,1.0,1.0,29735.77259190671,31320.024576109645,31320.024576109645,47,1.0,0.0,0.0,0.0,4.4907231969469406,3.103171982153526,6.0520860114040715,6.084996242676475,2.9557545193387416,1.2879382624642688,301.10323081104934,122.05568400209482,0.4053615886927768,166.34640060058553,0.003676143831174218,53.4332518129804,0,0,1,2,0.0,45,207.0,0.0534332518129804,6610.896257397883,1978596.9625319506,104.64659411326143,0.0,0.30445166870580787,0,5,12.773270180621118,6,E7,bulk_t_per_year,0.0,marketplace
4.34594268110677,3.976248125502708,7.962271983004814,9.947805268926093,3.190511611503888,5.280890926132389,5.5752125641897265,5.6804104779504225,,,,,4.883911370785199,6.815669257142371,5.5762845942484764,3.976248125502708,0.9428571428571428,1.0,30854.334212980168,36849.580768609136,36849.580768609136,72,1.0,0.0,0.0,0.0,4.833957298249741,2.4764149217620286,5.691979092334876,5.6493170276237885,4.34594268110677,2.031535441753273,434.2596217722732,196.9254075974754,0.4534739075988593,244.88003549112562,0.0052602009072480384,73.42385988898326,0,0,0,1,0.0,70,207.0,0.07342385988898327,5619.424143796164,1739243.8092049316,119.05945719855653,0.0,0.3340045984605295,0,5,22.93619567275687,7,E7,bulk_t_per_year,0.0,marketplace
2.475126221178424,3.273288483084162,5.55051447136291,9.66537141208346,7.612942541211268,8.453173522458293,5.019476440460721,5.019476440460721,6.260793578882613,6.260793578882613,,,3.361414033216988,4.744345243297039,6.5596019216661645,3.273288483084162,1.0,1.0,34367.77231512135,35833.068068885324,35833.068068885324,64,1.0,0.0,0.0,0.0,4.25983112020889,2.8728895674785235,6.650782920682742,6.954692693320989,2.475126221178424,0.15004259099823453,395.8082437720048,165.7334997342973,0.41872169754443983,215.39752155437918,0.0063123995648716865,96.90244902367937,1,0,1,1,0.0,63,207.0,0.09690244902367937,5779.4912244439,1918839.9776344565,107.9281778902337,0.0,0.38932044743336275,0,8,22.76576015242143,8,E7,bulk_t_per_year,0.0,marketplace
5.702946237262873,10.78812854065509,8.485234073322832,17.42846612175926,8.692372903073366,18.065384555204492,22.336729938553617,28.890874636125954,,,,,4.667591941083052,5.68012576927922,9.341069467120597,10.78812854065509,0.9487179487179487,1.0,35500.09287549975,39180.20230362319,39180.20230362319,90,1.0,0.0,0.0,0.0,6.98563647984266,4.465439103911422,17.154156682503736,9.93989305608706,5.702946237262873,4.975682428689323,501.698625349431,213.51070614599965,0.42557562520186365,282.2388201162293,0.010034132393632036,172.0306757111998,2,0,3,8,0.0,78,207.0,0.1720306757111998,5287.671285366307,1622434.6148852494,127.69206769566115,0.0,0.31189237332140857,0,7,23.53819234819734,9,E7,bulk_t_per_year,0.0,marketplace
2.3727791377497596,3.4228934521844168,3.9880381677906276,6.022019175370768,6.736838143656229,13.284404000831564,,,,,,,3.7553368821993587,7.5114330383984225,4.802497419898954,3.4228934521844168,1.0,1.0,14686.415795636483,17115.887317164703,17115.887317164703,75,1.0,0.0,0.0,0.0,3.5424233714727174,2.65011675084952,5.2652560955397405,4.8273277018191,2.3727791377497596,1.1956696569543437,476.3669159538984,197.77152109568976,0.4151663654048334,227.01479888771973,0.005146993493120239,81.72476500742829,0,0,0,2,0.0,73,207.0,0.08172476500742828,12098.801594547489,3730422.690595135,55.51159799855564,0.0,0.40293696216263086,0,5,9.884058540444581,10,E7,bulk_t_per_year,0.0,marketplace
6.342358990981033,14.247505754248232,12.081299027713738,29.668793571209594,5.108649378041211,10.08520366647554,32.263946828446024,40.57859237715875,13.60729217651351,13.60729217651351,,,7.904856789488505,12.2230487436982,10.602500502882023,14.247505754248232,1.0,0.9824561403508771,32615.321276962924,38726.61052827503,38726.61052827503,74,1.0,0.0,0.0,0.0,8.735733441876786,3.223024177597381,21.105477422709836,12.484376025949361,6.342358990981033,7.222098062929953,389.01460460998203,150.321213200545,0.38641534641418906,255.01428035921137,0.006980726413307033,104.28707688421036,1,0,0,7,0.0,61,207.0,0.10428707688421038,5347.854724483917,1600497.1139778718,129.3999753377547,0.0,0.4301371508036695,0,1,2.0840585404445817,11,E7,bulk_t_per_year,0.0,marketplace
8.849152968382478,23.110930861568363,27.08599401744368,46.63469583071901,6.317852242663321,6.317852242663321,,,,,,,3.158932844685978,4.511022098489912,20.163280092516896,23.110930861568363,0.8333333333333334,0.8888888888888888,3542.3388862170746,4041.693416991769,4041.693416991769,13,1.0,0.0,0.0,0.0,9.709268420506882,2.65011675084952,34.54909579066482,6.349150058210761,8.849152968382478,0.3168802644170711,60.12153014178357,23.444040444797967,0.3899441745662542,34.97802593328846,0.0010286904638766579,21.240366585029278,0,0,0,1,0.0,12,207.0,0.02124036658502928,51221.41117785992,16888668.10599018,12.257996845420715,0.0,0.32414159698230405,0,2,3.644992625352689,12,E7,bulk_t_per_year,0.0,marketplace
2.966915440433316,4.985706902125546,11.375214025191369,17.655424507839232,9.049397280823996,14.449164770478546,,,,,,,2.561261981187414,3.642957730573744,10.910050676317894,4.985706902125546,1.0,1.0,5913.524112323665,6109.786904918191,6109.786904918191,22,1.0,0.0,0.0,0.0,6.503676282336143,3.3733154248195127,15.346862456561034,6.957141410275824,2.966915440433316,0.3913025132470763,96.01682271012847,29.151994314199758,0.30361340327005654,66.62226658544736,0.0014478024782360465,18.2835212626948,0,0,0,2,0.0,16,207.0,0.0182835212626948,33883.06118411746,10763254.656590477,19.23379963833735,0.0,0.4043860505611649,0,4,8.942051771786318,13,E7,bulk_t_per_year,0.0,marketplace
5.424094506374274,8.670277697400596,6.351928289525961,14.37118378121741,5.949938165712683,15.449627305432477,8.207779489097094,14.073263569099073,8.152664145288327,8.152664145288327,,,4.003435761109369,6.320884125481325,6.438910137897601,8.670277697400596,0.9772727272727273,1.0,87662.17051623568,98772.05997559967,98772.05997559965,125,0.9999999999999999,0.0,0.0,0.0,5.666761577345787,3.8568097079041763,11.979363677825406,6.489484723290528,5.424094506374274,5.124203810156113,785.0448054211612,365.6576086434442,0.4657792856132282,464.23540222763177,0.012120900330078748,198.62947308716127,0,0,7,6,0.0,115,207.0,0.19862947308716128,2097.745349487222,640297.1074535656,323.59763469353675,0.0,0.3974047106781544,0,5,10.56966037021467,14,E7,bulk_t_per_year,0.0,marketplace
11.904485136042851,30.786076143676564,12.620043832793629,44.11605907281937,4.251550735502047,6.802644839129789,6.530922804970487,8.97824378671412,,,,,6.767451971944328,10.10027371759703,7.664426185230584,30.786076143676564,0.8620689655172413,0.9393939393939394,48441.70044091566,57653.897366659425,57653.897366659425,88,1.0,0.0,0.0,0.0,8.837474786153972,2.936565062758291,12.05023969699168,7.46866627489135,11.904485136042851,6.619057600372101,526.8035009239493,236.1895859064607,0.44834475376912436,341.23650069981596,0.008850288110898753,146.51463758980026,2,0,1,2,0.0,84,207.0,0.14651463758980027,3592.931685436763,1058179.8019224582,195.75738854706395,0.0,0.4163981729885566,0,3,6.7239346908971545,15,E7,bulk_t_per_year,0.0,marketplace
5.873323321773726,17.701394743124183,16.799712635150627,32.082345724487645,13.269535583922789,24.80627525844975,,,,,,,14.90250029519757,32.66787164861453,15.917168372343667,17.701394743124183,1.0,0.967741935483871,8034.577169511982,8159.026429470758,8159.026429470759,34,1.0000000000000002,0.0,0.0,0.0,11.396530725579332,4.098436315683102,27.44943503380764,9.033306870770621,5.873323321773726,0.7855484603569485,189.52785121550858,77.84778201427571,0.410745869353821,110.01974357449684,0.003170164481698812,58.83027413607683,0,0,0,2,0.0,27,207.0,0.05883027413607683,25377.88448953059,8150418.877679946,25.404685744578117,0.0,0.394474441259047,0,2,3.3899852507053776,16,E7,bulk_t_per_year,0.0,marketplace
2.6832962692141575,4.2269368332412345,9.381543385572261,21.62311430519859,12.297430809022345,29.928483897538815,,,,,,,2.5116606094240352,4.276964739622054,10.441866085008655,4.2269368332412345,1.0,1.0,8266.032746005529,9913.241667442135,9913.241667442135,38,1.0,0.0,0.0,0.0,4.884030779104638,2.0730808091466315,6.224036763240761,9.639150122313055,2.6832962692141575,2.58636796614741,215.94763129248398,79.49350674228704,0.3681147427573279,106.8019794548136,0.0034090143954434065,52.659329611993414,1,0,0,0,0.0,38,207.0,0.05265932961199342,20886.47349429914,7204350.014665285,28.739950017438414,0.0,0.4056940460189831,0,3,5.636521165383574,17,E7,bulk_t_per_year,0.0,marketplace
3.9811512723032627,9.108508240248739,4.324522149770545,7.2921001803488235,3.8156460998091215,5.732551088197943,8.658339466039934,13.972930094793448,6.317055988170523,7.556086984627745,,,4.393256718047794,10.125677133411955,4.460966509013351,9.108508240248739,1.0,1.0,61464.82955769612,70003.53568262912,70003.53568262912,99,1.0,0.0,0.0,0.0,4.354668814455245,3.196846792213364,9.718525425038571,5.630211452155856,3.9811512723032627,2.9661414453843733,710.5304210748343,329.16649864624907,0.46326869178706237,409.75784672710705,0.009005032505872363,141.68560733230402,0,0,5,2,0.0,97,207.0,0.141685607332304,2959.0174780090865,913147.9370577865,226.84351264566655,0.0,0.33668151150373005,0,2,3.7790511657972705,18,E7,bulk_t_per_year,0.0,marketplace
5.813553685838678,15.607091634607968,7.78835400420482,14.603886998674898,19.196094287367565,61.587240305977325,23.19146642855685,25.620014132877806,,,,,5.792533159231532,13.585815847371283,14.592446461811337,15.607091634607968,0.9615384615384616,0.9444444444444444,33540.68134201277,35981.12184603892,35981.121846038914,71,0.9999999999999998,0.0,0.0,0.0,9.270619161541678,3.585783646036816,22.92707682468972,16.75379315389397,5.813553685838678,12.39545326841298,380.0803991188454,161.39004964683681,0.42462081712446476,229.1756051525124,0.006268056936217203,108.09864219898036,0,0,1,4,0.0,61,207.0,0.10809864219898037,5756.021158217419,1722364.0994362305,120.24640940320937,0.0,0.3873398679716531,0,8,18.428445883800354,19,E7,bulk_t_per_year,0.0,marketplace
6.641717570500425,17.072493390974074,4.907632697458705,10.37182303587372,4.4179252025440245,7.904865471559925,11.087340775043268,13.426765558261877,7.275615354191132,9.290152892584365,,,2.7465955549108596,4.783255675311557,5.310502328629331,17.072493390974074,0.9090909090909091,1.0,54347.01964599673,58806.131371238946,58806.131371238946,77,1.0,0.0,0.0,0.0,5.499197665960884,3.1421815405883535,10.694420564261147,6.6973834795875815,6.641717570500425,4.965001460599846,423.8534709012618,188.7363993471072,0.44528690291431877,236.46998513698875,0.006092236645746723,101.70229336414121,1,0,3,6,0.0,69,207.0,0.1017022933641412,3521.770561405336,1156320.400376519,179.1040806907221,0.0,0.3429271183558888,0,2,3.9415285400308844,20,E7,bulk_t_per_year,0.0,marketplace
4.069051609045419,6.9556835747827925,6.1624077486256805,12.485831634106217,2.928591252379147,4.991748269842082,4.52009986217513,5.010813964170348,,,,,2.595789360095523,4.115172112610935,4.287524552027446,6.9556835747827925,1.0,1.0,17415.203795806032,18714.207029698056,18714.207029698056,45,1.0,0.0,0.0,0.0,3.964860774000067,2.735231455992107,5.6723403181604235,3.735556448411096,4.069051609045419,0.11883631435424381,255.9612739093155,114.44662624265673,0.44712477202002054,147.0749042772183,0.0034816603423444784,49.576571656830566,0,0,1,2,0.0,43,207.0,0.04957657165683056,11063.764349891211,3579050.0784764825,57.85042735691281,0.0,0.4097211235783879,0,2,6.103609810406447,21,E7,bulk_t_per_year,0.0,marketplace
3.366925630124157,5.658567397157462,4.917260008026217,11.879790840975515,5.194294554049293,6.899056100872571,5.418145829081141,6.238155289007773,,,,,3.2295365925831314,4.8137389668245305,5.075519375559384,5.658567397157462,1.0,1.0,27011.325507455826,28721.545211643785,28721.545211643785,71,1.0,0.0,0.0,0.0,3.983776580667167,3.1421815405883535,6.925810042656849,5.310359240522333,3.366925630124157,1.0890840286003465,406.83393177962796,173.62008842290086,0.4267591143723642,218.11837266054752,0.005418868176703751,96.48470379455847,0,0,0,2,0.0,69,207.0,0.09648470379455848,7210.492443137673,2283150.865371512,90.70643900270515,0.0,0.3360936913416128,0,2,3.7790511657972705,22,E7,bulk_t_per_year,0.0,marketplace
4.467068047138572,8.620205327809256,4.308699006198747,6.514053612689714,5.257958795606904,6.341575081855353,12.419439278064013,17.794852196467946,12.314922307987493,21.03204710423851,,,6.656474402393221,18.513270907900488,5.596627839498211,8.620205327809256,0.9565217391304348,1.0,65447.64074832962,84020.1565989486,84020.15659894858,70,0.9999999999999998,0.0,0.0,0.0,5.770804978789801,3.428294430263577,13.443903476894969,11.910580840394234,4.467068047138572,22.508145134035143,455.72628653833056,199.13023437642158,0.4369513900306319,281.3921323288711,0.006951387621926059,99.8416584895885,1,0,4,2,0.0,68,207.0,0.09984165848958851,2464.8828333781184,732153.9400608984,282.86379452013006,0.0,0.34691580298567787,0,3,5.8500000000000005,23,E7,bulk_t_per_year,0.0,marketplace
6.846182294551748,19.341397465077716,49.691302209681,50.831813160215006,32.50135926445023,56.01625476737981,34.82889089804879,44.030412350961704,,,,,2.2304164037858905,3.141072177001206,35.6830885560854,19.341397465077716,0.9411764705882353,0.8333333333333334,24560.83511692602,26047.293369351963,26047.293369351963,36,1.0,0.0,0.0,0.0,16.49021524053348,2.1879865868850175,49.691302209681,28.068543913656693,6.846182294551748,18.36396157029111,110.35010646789976,46.04406266836533,0.41725435653983073,67.37991121461162,0.002392136857161722,25.64484672897322,0,0,0,2,0.0,23,207.0,0.02564484672897322,7948.067459873649,2531944.49370043,81.76547525501303,0.0,0.30725427522149396,0,6,12.842051771786318,24,E7,bulk_t_per_year,0.0,marketplace
2.145538631557656,2.145538631557656,,,2.299687918755126,2.299687918755126,,,,,,,,,2.299687918755126,2.145538631557656,1.0,1.0,496.3448715636828,496.3448715636828,496.3448715636828,2,1.0,0.0,0.0,0.0,2.222613275156391,2.222613275156391,2.2842729900353786,2.246242535012377,2.145538631557656,0.0,10.27172689129561,4.168117080889163,0.4057854268322961,4.887910519384564,0.00010148919064641054,1.1113066375781955,0,0,0,0,0.0,2,207.0,0.0011113066375781954,417050.97235013655,131172734.11461496,1.578080328231673,0.0,0.017338743644755628,0,0,0.0,25,E7,bulk_t_per_year,0.0,marketplace
4.806822933554315,12.235771653737174,2.8336187393730747,3.2761680781663016,4.044324670099741,5.2330845119689,,,,,,,6.271891493382684,13.985887496669973,3.5254506997883124,12.235771653737174,1.0,1.0,8310.258084616062,8979.096078806211,8979.096078806211,30,1.0,0.0,0.0,0.0,4.849685409635534,2.3866732193682765,11.96355177210644,5.016380442423846,4.806822933554315,0.07302521787591483,146.70138101129618,62.03626553866849,0.4228744481545925,77.62058860506167,0.002631867348720299,36.3074174494609,1,0,0,1,0.0,28,207.0,0.0363074174494609,23057.5890490945,8266696.903746769,25.044623000948906,0.0,0.3374484100667379,0,2,4.585601829770089,26,E7,bulk_t_per_year,0.0,marketplace
2.3632602859830003,2.8216259099791836,7.758231039766997,12.099453507629597,3.7673940336956546,5.621222000256465,,,,,,,6.986910608717229,16.280087342877323,4.907633178287467,2.8216259099791836,1.0,1.0,13554.06371017116,14467.555937832827,14467.555937832827,30,1.0,0.0,0.0,0.0,4.475364366938597,2.4892606956955206,9.56829701506954,4.0696033109653715,2.3632602859830003,0.37207624172557824,179.48903669219663,80.3445576263612,0.447629332169981,100.39264354007574,0.002543179929028384,51.03049146765498,0,0,1,0,0.0,30,207.0,0.05103049146765498,14311.403486612884,4297961.83661619,48.17423661781048,0.0,0.23858438897826817,0,2,3.9415285400308844,27,E7,bulk_t_per_year,0.0,marketplace
2.7874171048060767,4.5446226980989195,3.422454312649512,4.25902314857359,4.8005853395544165,7.62734882047971,5.244357005806336,5.244357005806336,7.234434223197383,7.234434223197383,,,4.264448286631955,7.349613589676529,4.2633450505317,4.5446226980989195,1.0,1.0,24910.916435449522,25553.109162555444,25553.109162555444,24,1.0,0.0,0.0,0.0,4.018388287148917,3.5238492181103993,6.67791450068299,5.893888819413437,2.7874171048060767,0.09296456420011473,157.7413457090603,65.075974520077,0.4125486201956446,104.68388161165358,0.0023122986270026013,34.20827915696387,0,0,1,0,0.0,24,207.0,0.034208279156963874,8102.114187440526,2593158.609395585,79.83862133578192,0.0,0.44158099828869624,0,3,5.729051165797271,28,E7,bulk_t_per_year,0.0,marketplace
10.719606920083194,23.427914088410855,6.73044793362755,12.776208026315544,5.794701402883796,9.407659665263235,16.602445391960828,32.50081411417532,25.717488978102665,33.82433890105149,,,9.909616485049218,29.498941070873656,7.267682223760085,23.427914088410855,0.8823529411764706,0.9782608695652174,69588.8438247753,83830.8933914554,83830.8933914554,63,1.0,0.0,0.0,0.0,9.413894085117468,4.444069215808213,24.504512062355673,20.144175307726858,10.719606920083194,36.88267004353319,349.1429023667054,145.83682923641464,0.4176995386354495,224.42408903040777,0.006400409812271029,90.17511009725487,1,0,1,4,0.0,54,207.0,0.09017511009725487,2470.3324363140478,858735.5263475692,241.1571068812151,0.0,0.4702656886576951,0,4,8.272122995153662,29,E7,bulk_t_per_year,0.0,marketplace
2.881018834241111,4.877613295574156,3.785763900501846,6.341939095743284,3.749298030309584,4.951248541225965,,,,,3.4676184052324595,4.972818365853527,4.300280664809903,8.35818186959932,3.774248362546395,4.877613295574156,1.0,1.0,13968.57625752051,515078.73700219905,515078.73700219905,554,1.0,0.0,0.0,0.0,3.469255344475283,1.76912734634152,4.972818365853527,3.4658608437984775,2.881018834241111,22.10698880456016,1803.4103145704964,883.7365583594939,0.49003632241615863,1080.3676567807513,0.03171776661829163,371.0834073880471,3,0,0,0,0.0,554,207.0,0.37108340738804707,402.60074530411595,267433.334368069,775.4122495514446,500000.0,0.3718293995193019,0,0,0.0,0,E7,bulk_t_per_year,500.0,pooled_greedy
2.6828362669722763,4.372685973347506,4.72112164918272,8.040596365991377,16.63051847444717,38.87702465563507,20.63901402518938,39.049650098778514,,,4.549630700083192,4.97281836585446,5.000502032151579,9.548779326795378,12.38545459592145,4.372685973347506,1.0,0.9655172413793104,22776.714596747763,525519.2910413912,525519.2910413912,536,1.0,0.0,0.0,0.0,4.707943605623399,1.76912734634152,5.778069032130588,5.093599576344924,2.6828362669722763,45.14315691710478,1692.838514551074,838.2168348730274,0.4951546338696785,1032.7108945825512,0.03652536605238068,411.70996555135144,4,2,0,0,0.0,536,207.0,0.4117099655513514,394.6795360347963,255223.62937421084,812.6665641191189,500000.0,0.39731422330114513,0,0,0.0,1,E7,bulk_t_per_year,500.0,pooled_greedy
12.958121279501825,18.752018301418506,7.317173940003272,15.143887402138898,7.303763866089336,15.033802560916229,20.38280195983009,32.56520419397559,,,3.7337510819150688,4.972818365853527,4.004035704817108,5.647050670868339,8.945348664763898,18.752018301418506,0.9545454545454546,0.9736842105263158,29310.196036041838,532277.3226155266,517873.34282247716,549,0.9729389564780431,14403.979793049497,0.02706104352195697,0.0,4.260699782323835,1.76912734634152,5.778069032130793,3.96859242450407,12.958121279501825,25.31880259624351,1776.2293542722634,869.1781751634296,0.4893389319756735,1055.3933625363713,0.03791530525173888,442.1051298105452,5,2,0,0,0.0,549,207.0,0.44210512981054517,400.5653274200677,263738.22432480013,786.5454681849244,500000.0,0.39529194972655785,0,0,0.0,2,E7,bulk_t_per_year,500.0,pooled_greedy
3.1612650704756837,4.430082974086872,4.3429377062228784,6.2879729971518845,22.30653449639408,92.09936015339008,96.60078489552507,96.60078489552507,53.04494901963517,53.04494901963517,4.388275912379852,5.778069032130725,4.579643775295835,4.565968919972239,15.67184666834847,4.430082974086872,1.0,0.9361702127659575,28096.063942230638,531327.860284328,531327.860284328,562,1.0,0.0,0.0,0.0,4.911265720151257,1.7691273463419748,6.644698191119602,6.230637018973053,3.1612650704756837,69.58339282512381,1910.1037744963346,942.4274343253543,0.4933906978817725,1189.4876398202737,0.039340153291040965,460.78845219554955,3,2,0,0,0.0,562,207.0,0.46078845219554954,390.4571997056161,249370.44873194103,831.9381446644628,500000.0,0.35433028285115364,0,0,0.0,3,E7,bulk_t_per_year,500.0,pooled_greedy
2.9561905850208254,4.587921021970761,5.255833329413804,7.812154817398094,3.3543695203147763,5.059609104144875,,,6.1163852357155974,6.1163852357155974,3.937842169558903,5.286838840287576,3.2879461752963643,4.62981113767637,4.249176018714318,4.587921021970761,1.0,1.0,32491.15341102122,534209.4492904893,521325.49254426855,548,0.9758821998312972,12883.956746220842,0.02411780016870289,0.0,3.9050004506701494,1.76912734634152,5.686533495421498,3.943048488493035,2.9561905850208254,24.571478246559145,1758.2052745697752,866.0576670008417,0.49258051919606605,1067.3826115893671,0.035412610390217106,413.75719972200835,4,1,0,0,0.0,548,207.0,0.41375719972200836,397.8584591892164,261487.19480306396,793.2080856040895,500000.0,0.39100484049877693,0,0,0.0,4,E7,bulk_t_per_year,500.0,pooled_greedy
6.5014828357758905,9.712328164996713,7.990897704486883,17.713987071401068,10.290145729695553,31.915475095418422,29.07644597904785,53.504657640078676,,,4.588933975751774,6.257651703012016,2.5812865234848132,4.439258570803304,12.974423367801966,9.712328164996713,0.9259259259259259,0.9473684210526315,43452.69323580841,547328.4080016714,547328.4080016714,573,1.0,0.0,0.0,0.0,5.062024973563093,1.76912734634152,9.482008116640648,6.058863329999919,6.5014828357758905,76.57475847474377,1916.2709058620796,937.8481612017706,0.48941314003818137,1188.5550913199938,0.03478816074399921,397.2009938501372,4,0,0,0,0.0,573,207.0,0.39720099385013724,378.92643239745155,233812.26245052458,887.0244820360355,500000.0,0.40215810515031203,0,0,0.0,5,E7,bulk_t_per_year,500.0,pooled_greedy
3.0968922139459494,5.185127312283726,5.532894857861982,11.38361945943066,7.056260878574449,15.059035597591272,37.70061215751798,52.38322422016689,,,4.502450603089464,4.972818365854437,7.672754695221363,12.028947025922806,11.338496163845784,5.185127312283726,1.0,0.9807692307692307,31608.77227884693,533346.8920584851,533346.8920584851,565,1.0,0.0,0.0,0.0,4.796120358416629,1.7691273463417474,5.778069032130588,5.731704703750485,3.0968922139459494,59.53335936357007,1877.498104868722,925.3555704030765,0.49286631395443087,1158.2156484464297,0.03528371538302723,414.6808071074958,4,0,0,0,0.0,565,207.0,0.4146808071074958,388.8926398475442,248050.97899926527,836.177634306865,500000.0,0.4402174949603042,0,0,0.0,6,E7,bulk_t_per_year,500.0,pooled_greedy
4.425821635439333,5.634305585629886,18.56480678618831,55.04696322329656,2.699590129002931,3.237984456112435,6.504395574288608,7.159589410589993,,,5.050923129293183,8.358319209941753,3.810894163945025,5.145313589738317,11.610316272085484,5.634305585629886,0.972972972972973,0.9344262295081968,40773.60461111535,544565.4292464787,533094.6781879223,581,0.9789359543545969,11470.75105855638,0.021064045645403137,0.0,5.239384576534939,1.7691273463416337,8.025354262585097,5.033145610754438,4.425821635439333,54.677370075802884,1955.391139723132,958.98025686743,0.4904288647862105,1155.507181316788,0.03547205311913349,424.8161775561946,2,1,0,0,0.0,581,207.0,0.4248161775561946,389.0956422274327,247102.91895863507,839.426814752759,500000.0,0.3553027587967595,0,0,0.0,7,E7,bulk_t_per_year,500.0,pooled_greedy
5.662493413471687,18.731645214764132,5.607170859795303,9.634904140300977,4.752522590037776,8.012397582978158,6.292066744717658,7.315476233871732,,,4.214532246645169,5.11149854787065,2.522912517989397,3.3077655029878317,5.183664958186471,18.731645214764132,0.88,1.0,38363.5914215517,540361.5398106,526845.8481339897,560,0.9749876875372225,13515.69167661024,0.02501231246277737,0.0,4.282728040917032,1.7691273463415769,5.7780690321306905,4.294376213271462,5.662493413471687,35.55377435086813,1811.2049316807786,891.8902360154191,0.49242922234523434,1101.3363450734919,0.03432615749215395,388.3356312286244,5,0,0,0,0.0,560,207.0,0.38833563122862436,393.6413969394796,254196.27025212854,815.8590817462714,500000.0,0.4099901226491321,0,0,0.0,8,E7,bulk_t_per_year,500.0,pooled_greedy
12.172212131029875,20.014284004264177,6.906854986888779,8.93969229563927,11.41262027197187,31.136332093964548,31.567716745013968,31.567716745013968,44.423955798850784,52.08223881081276,4.358260421566798,5.86217686049127,4.457041437706018,7.37589485589565,9.366497705252055,20.014284004264177,0.9473684210526315,0.9506172839506173,47374.080402398526,549779.8663554897,549779.8663554897,605,1.0,0.0,0.0,0.0,5.341052060025795,1.7691273463419748,9.560436410205513,6.0895301350269735,12.172212131029875,72.66833778263596,2141.787354814149,1054.3340237888378,0.4922683017149135,1370.0892139340501,0.045466433926568496,619.3457813995173,6,2,0,0,0.0,605,207.0,0.6193457813995172,377.6408677125911,234170.55892711057,886.615921030553,500000.0,0.42570405801274863,0,0,0.0,9,E7,bulk_t_per_year,500.0,pooled_greedy
2.6734994232392637,4.4741970760142085,3.726265060606039,5.307476470933943,14.429251064714464,48.006721769712385,,,,,4.058768756643982,4.972818365853527,3.11521373977389,4.835668919120802,9.077758062660251,4.4741970760142085,1.0,0.9666666666666667,13819.243346008723,516514.44304295897,516514.44304295897,540,1.0,0.0,0.0,0.0,4.1540919197178585,1.76912734634152,4.972818365854437,4.314858678374781,2.6734994232392637,39.14949123780818,1718.4584747096346,850.100134801151,0.49468762109296305,1049.076160591274,0.03072644655294636,336.45458975476265,2,0,0,0,0.0,540,207.0,0.33645458975476267,401.4146310571037,264009.57909801486,785.3368627688319,500000.0,0.08901658637210175,0,0,0.0,10,E7,bulk_t_per_year,500.0,pooled_greedy
7.362204186482002,16.704250863907873,9.461968362331845,19.21159556574958,4.015474823480235,6.338584103369815,,,6.75338177253343,6.75338177253343,4.290263252066711,5.7043887924820424,2.515073832670396,3.658122941105695,5.571615834580696,16.704250863907873,0.9047619047619048,1.0,26006.043708159235,531772.2574830158,531772.2574830158,543,1.0,0.0,0.0,0.0,4.423755864152548,1.76912734634152,6.736798603472518,4.445114964535706,7.362204186482002,40.44206264216092,1722.6575793814975,853.677614810524,0.4955585050843524,1047.8025807587949,0.03217408109830722,356.89240302570374,5,0,0,0,0.0,543,207.0,0.35689240302570374,389.9355212407794,248384.74771437873,834.8213580387329,500000.0,0.3761994285125028,0,0,0.0,11,E7,bulk_t_per_year,500.0,pooled_greedy
9.61394644802301,23.680093771625632,18.711051679358928,49.062367718477276,4.995980005050114,4.995980005050114,,,,,4.586942312878384,5.778069032130588,3.7635709007821396,7.673219635573518,16.751755725886238,23.680093771625632,0.8571428571428571,0.8571428571428571,3605.0987133016765,503977.3460501888,503977.3460501888,521,1.0,0.0,0.0,0.0,4.806863854053804,1.76912734634152,5.7780690321319526,4.6080599400011915,9.61394644802301,38.841549216990806,1581.2970898923775,782.7983708474383,0.4950356108609011,955.6129180884104,0.03386224551290137,384.7259173398978,5,1,0,0,0.0,521,207.0,0.3847259173398978,411.49612684512886,280136.3604164266,740.2992086034801,500000.0,0.3748976775163843,0,0,0.0,12,E7,bulk_t_per_year,500.0,pooled_greedy
2.608486598615774,3.2899407481302245,3.8887699263846742,5.3734970777848945,5.487710366695865,7.343931761092563,,,,,3.5007027644679765,4.811768232599206,1.721738620764495,1.9585423353670648,4.599410122078536,3.2899407481302245,1.0,1.0,6216.486291594783,506496.9548278934,506496.9548278934,522,1.0,0.0,0.0,0.0,3.4889322973667505,1.76912734634152,4.913038035299227,3.5228503222439254,2.608486598615774,14.980959463711864,1592.6035306389456,793.9796130091873,0.49854191437755146,957.8108604317964,0.033395035294548285,365.6756364753037,3,2,0,0,0.0,522,207.0,0.36567563647530366,409.41149529109754,275470.9244325844,752.7679230162225,500000.0,0.026745633961212878,0,0,0.0,13,E7,bulk_t_per_year,500.0,pooled_greedy
6.972771207612139,14.08714518207734,8.713800326410011,14.248463550138922,6.387415234268435,18.395120409813103,14.72836942980598,38.91466478409884,,,3.678145226193192,4.972818365853618,3.0442870273519054,5.04182826771048,9.043933397710088,14.08714518207734,0.9310344827586207,1.0,58929.484502104126,566652.9292862886,566652.9292862886,576,1.0,0.0,0.0,0.0,4.136029164279005,1.7691273463417474,6.618593199074439,4.617001680449413,6.972771207612139,39.87719911418902,1944.3917581985581,962.3462328698463,0.49493433039514717,1242.0455327799773,0.03369528180045447,387.4716731893793,1,0,0,0,0.0,576,207.0,0.3874716731893793,365.9867635986605,217044.98603790012,955.5045498124322,500000.0,0.4200912562101718,0,0,0.0,14,E7,bulk_t_per_year,500.0,pooled_greedy
13.348333274689093,40.65149027365616,11.102684408862213,25.767453902684792,5.653397722870936,5.1547991671477575,7.67738529545217,9.006345367876566,7.226108561704905,8.325767343817324,4.917667734439672,8.025316547597056,9.08261857746171,9.065179975124924,8.950908836047487,40.65149027365616,0.7714285714285715,0.9459459459459459,64862.71277757866,573615.9384122626,573615.9384122626,603,1.0,0.0,0.0,0.0,5.862013093125509,1.7691273463417474,10.69820198748258,5.317763335308641,13.348333274689093,55.602931221040286,2157.063953155315,1045.4808002503394,0.4846777021705956,1365.2102994165455,0.043949726804881864,530.6903761567864,6,2,0,0,0.0,603,207.0,0.5306903761567865,361.79380048363083,210369.58309244324,986.5052129944141,500000.0,0.4088084078635624,0,0,0.0,15,E7,bulk_t_per_year,500.0,pooled_greedy
13.336585637224902,55.28481657614901,15.880597394330843,41.519023601437766,49.24336762830626,75.3521558080276,,,,,4.591085617192776,5.791236986017068,2.9502766516553343,3.945487553462999,27.001520805655982,55.28481657614901,0.8421052631578947,0.7857142857142857,8440.199489225186,509188.49886297405,509188.49886297405,531,1.0,0.0,0.0,0.0,5.2745808906017535,1.76912734634152,7.076294516734379,4.952803045853542,13.336585637224902,49.42268221700479,1630.2618982606537,811.751717046057,0.4979271845291391,994.1083927850867,0.03221852087515545,362.0552145252166,2,1,0,0,0.0,531,207.0,0.3620552145252166,407.24025714949954,275242.064446667,753.3806855845077,500000.0,0.35887642421045785,0,0,0.0,16,E7,bulk_t_per_year,500.0,pooled_greedy
4.18261587757584,10.28489029375105,3.6965818743840697,5.734077835606515,4.649425659288534,5.588153567489826,,,,,3.9701199913269694,5.327296708068294,2.6511607386227585,5.3319304191190895,4.093600118094263,10.28489029375105,1.0,1.0,10188.61735102234,511539.3687118152,511539.3687118152,538,1.0,0.0,0.0,0.0,3.9518312330280745,1.76912734634152,5.688986974189187,3.982006962661153,4.18261587757584,22.819088559807774,1666.66351882027,824.3187801460649,0.4945922022278079,1016.6002095666963,0.035646127874767675,402.7167183758774,6,1,0,0,0.0,538,207.0,0.4027167183758774,405.4482008699899,270974.65917616495,765.3952489466554,500000.0,0.43151474097676745,0,0,0.0,17,E7,bulk_t_per_year,500.0,pooled_greedy
5.120858701424566,12.12202921773769,5.279443824302598,6.015869349275992,5.047138257589237,8.140910581438037,11.428372446804437,16.290276349184296,7.889961656120249,7.889961656120249,3.5205959407022283,4.972818365854357,4.779009212830188,6.287024089019358,6.357153122183585,12.12202921773769,1.0,1.0,68261.72443658626,572191.6285267603,561368.4124093493,574,0.9810846304318052,10823.216117411037,0.01891536956819503,0.0,3.7871787525635265,1.76912734634152,5.783253631824346,4.158339624367795,5.120858701424566,31.818735209399005,1920.2926525014332,948.6876655536385,0.4940328570844909,1188.3521337005907,0.035602936375924474,409.4561596947756,2,1,0,0,0.0,574,207.0,0.4094561596947756,369.47119142224193,224188.35224618253,925.157146130131,500000.0,0.359944042526418,0,0,0.0,18,E7,bulk_t_per_year,500.0,pooled_greedy
9.102010696412448,30.05985809395389,9.238303411619485,7.3606924165754215,21.690940106895155,50.350909933048044,,,,,4.206809072425132,4.972818365854346,3.5281870427748294,6.511771365619464,13.633351657010898,30.05985809395389,0.8285714285714286,0.9565217391304348,37728.11627304937,538786.9281851918,526296.1270711955,582,0.9768168074231693,11490.801113996251,0.021327171304435642,1000.0,5.035561299745352,1.7691273463416337,7.360692416575409,4.920330553187596,9.102010696412448,44.92764751341578,2028.391425114438,994.1756797298151,0.49013009393575285,1234.6513689332453,0.04159425949279046,476.61730560955874,2,3,0,0,0.0,582,207.0,0.4766173056095588,394.22030038526736,255278.4623110844,812.7462670657145,500000.0,0.3860631928147635,0,0,0.0,19,E7,bulk_t_per_year,500.0,pooled_greedy
4.2203204865552095,6.478915903031067,4.043600944467744,6.514920147176986,7.183289896714814,12.250490930700199,7.597944494584681,7.597944494584681,4.820118274277888,4.820118274277888,3.6663600182191702,4.972818365853527,4.982822854403076,5.2958347140775,5.793854427317952,6.478915903031067,1.0,1.0,42968.20466135957,546796.3875473237,534781.0123534314,558,0.978025869468912,12015.37519389233,0.021974130531088105,0.0,3.780631381876634,1.76912734634152,5.1481592629610535,3.8024281298115805,4.2203204865552095,20.339295616717727,1773.5028875605874,877.8186372819556,0.49496318468890405,1075.5125561439484,0.03722369482103282,428.6305906274632,4,2,0,0,0.0,558,207.0,0.4286305906274632,387.87583290922817,249970.70346610204,829.811764796495,500000.0,0.3296041974606501,0,0,0.0,20,E7,bulk_t_per_year,500.0,pooled_greedy
3.5570311990753964,5.570508013450582,3.830752807113913,5.16314878446874,3.757922279369268,5.150770424675466,4.820118274277775,4.820118274277775,,,4.378974960748438,5.038053019121268,3.023411346039969,4.600294096875587,3.9362158585732345,5.570508013450582,1.0,1.0,17327.275816339392,522341.9832740221,522341.9832740221,537,1.0,0.0,0.0,0.0,4.319047548116708,1.76912734634152,5.549455436009434,4.4996125570572625,3.5570311990753964,43.8547149519513,1675.1090054898275,823.8231823038078,0.4918027302127179,984.0458216966913,0.03022958301408165,331.0139340041941,1,1,0,0,0.0,537,207.0,0.3310139340041941,396.92580832668347,262166.4290057179,790.8373879917411,500000.0,0.0026054665896007023,0,0,0.0,21,E7,bulk_t_per_year,500.0,pooled_greedy
7.552637463656083,15.433112817583519,15.187203151604127,33.747106090481246,6.004070292926599,13.895725986724756,4.675293146604872,4.675293146604872,,,4.806369087302127,6.054228821570134,5.353791864553386,10.086354130712065,9.719644221848759,15.433112817583519,0.9166666666666666,1.0,19226.136203616657,520041.7500651535,520041.7500651535,533,1.0,0.0,0.0,0.0,4.988060132566797,1.76912734634152,7.413492093215474,4.841261434000367,7.552637463656083,41.123030668870896,1655.6501437460306,818.5464482025185,0.4943957824027344,1018.7703541369885,0.03591249681644633,396.57484758827013,5,2,0,0,0.0,533,207.0,0.39657484758827016,398.8075473201999,264854.9559413277,783.0571797702439,500000.0,0.33575380602424776,0,0,0.0,22,E7,bulk_t_per_year,500.0,pooled_greedy
4.079313358561595,7.045284114546761,5.381548416016538,11.85402787871517,11.105524599159867,21.690054541844667,10.913613253386359,12.932838271019966,,,4.19047910395633,4.972818365854437,3.1408062825036005,4.528693806884576,7.736855019677674,7.045284114546761,0.9743589743589743,0.9852941176470589,44840.47463850063,546785.5630729868,534074.9817859603,584,0.9767539925238847,12710.581287026522,0.023246007476115223,0.0,4.330401488104071,1.7691273463416906,6.7568554315432285,4.508373681693225,4.079313358561595,45.597273017965776,2037.0813019036282,998.3284156252372,0.49007784553925815,1200.8093007738187,0.03403814582580232,419.6657517347452,2,0,0,0,0.0,584,207.0,0.4196657517347452,388.37180700379963,247207.9148048002,839.0494532325838,500000.0,0.3795707145300047,0,0,0.0,23,E7,bulk_t_per_year,500.0,pooled_greedy
22.57380983138175,47.741170802569464,36.65387017308353,77.0648739796402,32.60426384878539,70.02666698964879,40.20341285115728,43.22420867176597,,,3.9777877219236117,4.811768232599206,2.24209759498793,3.521783492325449,34.697378735581154,47.741170802569464,0.5263157894736842,0.8235294117647058,34421.87232108315,535140.8176419535,523443.16914699145,543,0.9781409899799709,11697.648494961977,0.021859010020029008,0.0,5.448316403585023,1.76912734634152,5.190721777068259,5.455638169964438,22.57380983138175,60.889706743017015,1712.3628793774888,845.6593296719441,0.4938552101639662,1018.2387060829,0.03333665730644895,365.036397505616,4,1,0,0,0.0,543,207.0,0.36503639750561595,396.15577892711804,258034.7355160714,803.6322551022985,500000.0,0.02316494110901557,0,0,0.0,24,E7,bulk_t_per_year,500.0,pooled_greedy
2.5503240170628487,2.5503240170628487,,,,,,,,,4.564644462532067,5.584716827367452,,,,2.5503240170628487,1.0,1.0,209.99028817615883,500209.99028817617,500209.99028817617,501,1.0,0.0,0.0,0.0,4.560623862840512,1.76912734634152,5.563233249060431,4.5637988422145295,2.5503240170628487,36.66998632303435,1462.7659375788137,730.8458012673111,0.49963277274354306,896.4946928864972,0.03207289688425279,351.1982208825681,5,1,0,0,0.0,501,207.0,0.3511982208825681,414.5283026063222,284105.7911562646,729.8379852694898,500000.0,0.07831894371449688,0,0,0.0,25,E7,bulk_t_per_year,500.0,pooled_greedy
5.3162755223001605,10.614393078742069,5.4152971737442686,10.388681426589756,7.127120782651543,14.791083637652996,,,,,4.195617391452317,4.993140743660233,3.363526970487783,5.228599001612747,6.337048347771263,10.614393078742069,1.0,1.0,8275.236379187336,508449.34756596206,508449.34756596206,528,1.0,0.0,0.0,0.0,4.265385346353102,1.76912734634152,6.138014358792987,4.255669720870948,5.3162755223001605,28.21197050042579,1632.8267939290085,812.9945499571779,0.497906179014187,1016.4717830032215,0.03568085688682951,398.4807567400351,6,1,0,0,0.0,528,207.0,0.3984807567400351,407.9039175673912,274145.5944406633,756.526768850301,500000.0,0.4012090630404792,0,0,0.0,26,E7,bulk_t_per_year,500.0,pooled_greedy
2.8886514120639393,4.596824218402122,5.735194049254135,9.278829473183348,9.615245324457797,19.439908737924725,,,,,5.365242441021593,7.782427499565075,6.12692847398381,13.186331993990503,7.398073167198562,4.596824218402122,1.0,1.0,12370.949722949961,513597.1255335828,513597.1255335828,536,1.0,0.0,0.0,0.0,5.3650201350976525,1.76912734634152,8.024084214591767,5.43592820071643,2.8886514120639393,55.454494808550834,1687.0445098831335,832.0986675757515,0.4932286390199589,1028.9991484529787,0.035195333152551724,408.9476894248563,5,1,0,0,0.0,536,207.0,0.4089476894248563,403.8358810399201,268256.43066790275,773.1741870009217,500000.0,0.44105884210799545,0,0,0.0,27,E7,bulk_t_per_year,500.0,pooled_greedy
9.205810464921283,24.613081823423272,7.790137538973159,13.641041851378345,9.24644119182544,18.409998228040052,9.338548294393362,12.128158862656866,7.903489301740194,7.903489301740194,4.189595150041968,4.972818365853527,5.235041708569298,9.455718985942958,8.52980275322029,24.613081823423272,0.8333333333333334,1.0,26590.43369586375,528937.8456762048,528937.8456762048,537,1.0,0.0,0.0,0.0,4.453497146409419,1.76912734634152,5.535000121783107,4.494341242839446,9.205810464921283,41.774884385880384,1702.719675825605,842.4915893361723,0.49479171545232176,1069.3979532348603,0.03150320367108205,352.0271193248291,3,0,0,0,0.0,537,207.0,0.3520271193248291,392.01586502898425,251733.76159820383,823.6957403047217,500000.0,0.40835326859413934,0,0,0.0,28,E7,bulk_t_per_year,500.0,pooled_greedy
3.2721641836286937,4.62887444886681,5.8374097431696415,14.213650794396926,8.609302248913778,23.910633860537562,30.27573034419072,34.89598033120137,15.688282150690364,30.527404440310285,5.405142155317535,6.3966396634630875,6.50926101427326,16.694985645192194,8.750751033605527,4.62887444886681,1.0,1.0,77164.28456252046,584688.0408818187,584688.0408818189,599,1.0000000000000002,0.0,0.0,0.0,5.672707821055529,1.7691273463419748,10.888038764812931,6.8664323298715,3.2721641836286937,89.96218992955839,2112.235566056728,1031.6267089537291,0.48840514075787644,1298.951461347947,0.04162894286228301,486.27775037428745,3,2,0,0,0.0,599,207.0,0.48627775037428744,354.86663527005993,210887.18620887486,983.8733281066583,500000.0,0.36270713030619195,0,0,0.0,29,E7,bulk_t_per_year,500.0,pooled_greedy
2.0705361610386355,2.4820641782353956,3.611244679505253,3.4888691817423023,2.696198340675162,4.169552715478176,,,,,23.283999759406722,28.895018437183445,4.644175187357462,11.495840005034097,3.322282677769435,2.4820641782353956,1.0,1.0,13968.57625752051,515078.73700219905,515078.73700219905,554,1.0,0.0,0.0,0.0,21.31029250091487,25.704708293036674,28.811769232597726,22.678179202714645,2.0705361610386355,429.51516791399456,1780.7960545732678,884.6656466984488,0.49678100107338863,985.2902753985934,0.030461677533880828,352.904488512792,3,0,0,12,102.4925070669722,536,207.0,0.352904488512792,402.5654518284406,267409.8901693402,775.4122495514446,500000.0,0.3666483147840685,0,7,27.986440436218945,0,E7,bulk_t_per_year,500.0,marketplace
2.4506482383385824,3.682174166529512,3.3798045432138983,3.856809707903949,4.446788411955867,5.739475942319951,11.705828672179754,20.1393092017237,,,23.478508227496544,29.313524265155273,3.751405634504116,5.519366636115501,5.545018238257285,3.682174166529512,1.0,1.0,22776.714596747763,525519.2910413912,524519.2910413912,535,0.9980971202826477,0.0,0.0,1000.0,22.16154284836072,25.70470829303963,28.972819365854594,22.687012233234448,2.4506482383385824,431.56620611536795,1681.2121227514442,845.5587771227056,0.5029459196016728,963.5228918714919,0.03101167849461826,348.7922793515229,4,0,4,19,0.0,509,207.0,0.3487922793515229,395.3120425135881,255407.81974273626,811.8341579682526,500000.0,0.3885545062960956,0,8,25.191405714710314,1,E7,bulk_t_per_year,500.0,marketplace
13.384272851022915,52.43470646064241,8.215264970242771,14.837135565105836,7.462305205366647,13.33280851601512,4.724169815304435,4.763271150264086,,,22.65171852123333,28.811769232597726,7.865055980045492,10.960266073355342,7.4965181640469325,52.43470646064241,0.8636363636363636,0.9210526315789473,29310.196036041838,532277.3226155266,516873.34282247716,548,0.9710602365748803,14403.979793049497,0.02706104352195697,1000.0,21.540367611721148,25.704708293036674,28.811769232597726,22.122199624832,13.384272851022915,421.215736048504,1705.383329047913,844.8900494399429,0.4954253011911585,957.3028363864952,0.03212131280174714,392.67627403178057,4,0,1,19,0.0,525,207.0,0.39267627403178057,401.2446746460706,263954.7263439054,785.7130620340581,500000.0,0.3934250881706234,0,8,20.344701396972347,2,E7,bulk_t_per_year,500.0,marketplace
3.3132957992793903,5.876677713125901,5.216449562135285,11.409264892318063,5.992317038460442,13.078595942571473,24.55243582804178,24.55243582804178,53.04494901963517,53.04494901963517,24.024028908943606,28.972819365853866,4.643372239968325,10.235143410239294,6.345393771683537,5.876677713125901,1.0,1.0,28096.063942230638,531327.860284328,530327.860284328,561,0.998117922897051,0.0,0.0,1000.0,21.98669846674845,25.704708293039516,28.81176923259909,23.653989989769553,3.3132957992793903,464.50053194422117,1866.148090169385,917.454991135067,0.4916303245000198,1023.2480201836235,0.03208682229442655,408.63975348651,3,0,3,14,0.0,545,207.0,0.40863975348651,391.09512300991923,249557.463198882,831.1057385135965,500000.0,0.33686245608748583,0,4,11.179989173125865,3,E7,bulk_t_per_year,500.0,marketplace
3.272214551003673,5.982461980018889,4.829749116334483,7.8188074815539945,2.712325841679002,3.1912030147092088,,,78.12752061520246,136.53605890461154,24.49655841395653,29.255463601999068,5.048437984073066,5.2617572738364755,3.7087603238698166,5.982461980018889,1.0,1.0,32491.15341102122,538255.453584505,538255.4535845051,550,1.0000000000000002,0.0,0.0,0.0,22.894750417137224,25.704708293036674,28.972819365853912,26.778038214570817,3.272214551003673,517.6645683981275,1733.4366025776947,867.201670778893,0.5002788504000244,942.5757481906902,0.033291227843158015,391.2690967751548,6,0,1,19,4046.004294015581,524,207.0,0.3912690967751548,385.30268056859563,249495.70190500712,831.2418511150834,500000.0,0.37398318146406195,0,12,33.102881628561114,4,E7,bulk_t_per_year,500.0,marketplace
7.438346275908943,11.258103236943889,8.203978818182659,19.42449661577726,9.270260705501949,25.83152982657666,29.27081749286678,54.04262756152548,,,23.61068628327203,29.33087804323768,3.414338930207556,7.095360532367977,12.772773848892578,11.258103236943889,0.9259259259259259,0.9298245614035088,43452.69323580841,547328.4080016714,546328.4080016714,572,0.998172943363837,0.0,0.0,1000.0,21.713951823692977,25.382608026528942,28.972819365854775,23.445532476860052,7.438346275908943,461.88718826028713,1829.460150872181,898.1097446793485,0.4909151720255736,1041.2619347888897,0.033483020054259315,395.84019688826237,5,0,0,22,0.0,543,207.0,0.39584019688826233,379.617528869657,234030.34831893732,886.1920758851692,500000.0,0.3827294227733626,0,8,18.766510338509438,5,E7,bulk_t_per_year,500.0,marketplace
2.5230844294632635,3.8414839936979437,4.860475960693258,7.947497090326216,4.197092462477973,7.85049484157676,32.35122322221804,39.152079217506504,,,24.360105707878752,29.87307100904919,5.445627911183028,9.470170627984595,9.248780317301263,3.8414839936979437,1.0,1.0,31608.77227884693,533346.8920584851,533346.8920584851,565,1.0,0.0,0.0,0.0,22.20081966092913,25.70470829303963,29.778070032130927,24.01249050046609,2.5230844294632635,462.8653961170958,1835.065725635911,925.6260672029771,0.5044103076374646,1029.1780688119834,0.0336971868914056,389.95782012826425,5,0,0,20,0.0,533,207.0,0.38995782012826424,388.84628542540855,248021.41233069525,836.177634306865,500000.0,0.4143794545867833,0,10,34.69280547088866,6,E7,bulk_t_per_year,500.0,marketplace
4.156640809667695,6.048402105854166,15.711188238365484,56.2203190180493,2.3043640538892967,2.525976828063057,6.063349301183067,6.718543137484451,11.838310601135902,11.838310601135902,23.978217978593193,29.837231829892595,3.139356175269589,4.455033760785916,9.879642591088379,6.048402105854166,0.972972972972973,0.9508196721311475,40773.60461111535,544565.4292464787,543565.4292464787,581,0.9981636733690867,0.0,0.0,1000.0,21.395289737639168,25.704708293036674,28.972819365853866,22.516853030232674,4.156640809667695,449.86198583241435,1901.5995310818987,940.4232103710284,0.49454324898575397,1054.5543970466815,0.031403481057553785,380.6891378326727,1,0,1,15,99.38937189467718,559,207.0,0.38068913783267266,381.5192762080465,238690.49988020526,868.8267410806611,500000.0,0.36909100006622947,0,9,25.38464609111371,7,E7,bulk_t_per_year,500.0,marketplace
4.057661658969341,10.675146294068513,8.991542462391152,18.5124667473708,6.331162455104847,21.78268976605274,5.016140661867894,5.018809284742156,,,23.78942831668601,29.33601025198592,6.176194509884842,4.813738966824485,7.142162301705566,10.675146294068513,1.0,1.0,38363.5914215517,540361.5398106,526845.8481339898,560,0.9749876875372228,13515.69167661024,0.02501231246277737,0.0,21.84739244084837,25.70470829303963,28.972819365853866,22.887851308844063,4.057661658969341,440.4269972163557,1753.868305053821,870.7469349026848,0.4964722450332234,983.3766400708737,0.03297371948370077,381.82970474742785,5,0,0,17,0.0,538,207.0,0.38182970474742783,393.62904811580694,254188.29592589158,815.8590817462714,500000.0,0.41474792051655224,0,14,43.301198525779085,8,E7,bulk_t_per_year,500.0,marketplace
5.818094879992986,12.95555132952145,6.090234874272009,15.239382974414047,5.637550077094273,10.783074033757522,36.08419072951983,36.08419072951983,41.101748138852145,51.03419246237836,23.450025534132227,28.974883277469964,4.0583044178583085,5.5934091747244565,6.598272769761511,12.95555132952145,1.0,1.0,47374.080402398526,549779.8663554897,548779.8663554897,604,0.9981810901759116,0.0,0.0,1000.0,20.493149452884182,25.382608026528942,28.39306245991275,23.064802337535124,5.818094879992986,460.5211813401822,2035.2491178920106,999.0686072409025,0.49088271232156483,1183.1522260816928,0.03643799235184943,457.1554495367533,4,0,2,24,0.0,571,207.0,0.4571554495367533,378.0334669113931,234207.51455022846,885.7835148796868,500000.0,0.3852731295646287,0,12,31.97786765181477,9,E7,bulk_t_per_year,500.0,marketplace
2.255321545161288,2.4544228129545447,4.2094377072941995,7.053902860730363,5.620095667489039,10.274981424893209,,,,,23.034489944875947,28.811769232599318,3.180677524936141,4.871471088371775,4.914766687391619,2.4544228129545447,1.0,1.0,13819.243346008723,516514.44304295897,516514.44304295897,540,1.0,0.0,0.0,0.0,21.59122688207011,25.704708293039516,28.811769232597726,22.453680204472526,2.255321545161288,427.430596989955,1667.755122309542,829.283828635056,0.4972455593400586,917.6788231997579,0.02798328792458262,315.04131008651996,1,0,2,18,0.0,518,207.0,0.31504131008652,401.3731737852758,263982.31273540866,785.3368627688319,500000.0,0.36102333905178624,0,9,24.947560200297236,10,E7,bulk_t_per_year,500.0,marketplace
6.19523655151951,15.487674115822301,8.339612141673797,16.146526323644416,5.812455853269489,8.24148453176007,,,7.552558473439603,7.552558473439603,23.559522151424584,28.972819365853912,3.124464243634228,4.517128374656022,6.534500507099291,15.487674115822301,0.9523809523809523,1.0,26006.043708159235,531772.2574830158,531772.2574830158,543,1.0,0.0,0.0,0.0,22.156110236781718,25.704708293036674,28.94060933920264,22.565341305827197,6.19523655151951,430.75004350253323,1640.2542098847339,816.1136401678348,0.4975531446587086,935.6163840816013,0.02993091712783692,345.86319867129407,3,0,0,20,0.0,512,207.0,0.34586319867129406,389.9147807749141,248371.53625991818,834.8213580387329,500000.0,0.3766229997412068,0,7,21.755744656661108,11,E7,bulk_t_per_year,500.0,marketplace
11.602531615069633,29.245130384302886,18.55865381805283,43.3964710902402,4.995980005050114,4.995980005050114,,,,,24.237571765681476,31.072389008008404,2.4400510419471044,3.6467764265893496,16.62112898762387,29.245130384302886,0.8571428571428571,0.8571428571428571,3605.0987133016765,503977.3460501888,503977.3460501888,521,1.0,0.0,0.0,0.0,23.6726139430964,25.704708293039857,31.02409201561386,24.10274576181569,11.602531615069633,445.5812925711051,1505.5105234343291,746.1116329432471,0.4955871256490707,855.2442426303135,0.030006663142770076,342.9183037079884,5,0,0,20,0.0,495,207.0,0.3429183037079884,411.4131715020771,280079.88647569285,740.2992086034801,500000.0,0.39672003302794884,0,2,5.908785513585686,12,E7,bulk_t_per_year,500.0,marketplace
2.506526562123656,4.336806901857493,3.234318318252464,4.878364672661701,5.122915770916279,6.00105370870092,,,,,23.050912867128353,28.972819365853866,2.452918581063983,3.858154202847493,4.073694963880826,4.336806901857493,1.0,1.0,6216.486291594783,506496.9548278934,506496.9548278934,522,1.0,0.0,0.0,0.0,22.21156416406401,25.70470829303963,28.972819365853866,22.81796913537054,2.506526562123656,427.03476481639683,1549.9308590482324,774.8502897546588,0.4999257129640427,881.5138944298895,0.027501478900834934,310.50714371091055,3,0,0,15,0.0,505,207.0,0.3105071437109106,409.3025736238722,275397.63691450923,752.7679230162225,500000.0,0.36094038944456236,0,5,13.264047713570447,13,E7,bulk_t_per_year,500.0,marketplace
8.342895855385207,23.841152000377768,8.149841584978661,13.537164342926145,7.076314160233061,10.785727401671465,5.598540772079986,6.260903690555369,,,22.86985773683051,28.972819365853866,2.855520140202121,4.604215810605456,7.010846272884145,23.841152000377768,0.896551724137931,0.9516129032258065,58929.484502104126,566652.9292862886,566652.9292862886,576,1.0,0.0,0.0,0.0,20.743416765953878,25.382608026528942,28.811769232598408,20.933039608470285,8.342895855385207,429.84936701995866,1872.0121026475254,930.8839191149232,0.4972638359540542,1089.480186148346,0.030785759761768304,369.79496958386784,0,0,1,23,0.0,551,207.0,0.3697949695838678,365.95556865958594,217026.48617454627,955.5045498124322,500000.0,0.3744400971400938,0,6,18.255972431987228,14,E7,bulk_t_per_year,500.0,marketplace
10.362129722258533,38.95879406211971,14.991214998465564,38.11166489157495,5.7645944128978295,12.849609973797214,5.753063021697861,6.660540946378023,7.143042659128923,8.176248719180558,24.409459535299767,29.004672619616994,4.175774935432797,6.94208837345596,10.730704991321486,38.95879406211971,0.8285714285714286,0.972972972972973,64862.71277757866,573615.9384122626,573615.9384122626,603,1.0,0.0,0.0,0.0,21.746158890821583,25.591524170120465,28.97281936585432,22.124161082832504,10.362129722258533,455.817965998975,2071.771049052552,1022.5585691573777,0.49356736094222725,1218.0412571109177,0.0372635088444347,483.733052169091,5,0,2,20,0.0,567,207.0,0.483733052169091,361.7119385254055,210321.98342102824,986.5052129944141,500000.0,0.3889337123969468,0,10,28.657829774929304,15,E7,bulk_t_per_year,500.0,marketplace
4.887659406571334,14.479178295617384,8.149493716340151,17.43374288554878,34.01967026822209,65.23908835396979,,,,,23.88462868129657,28.972819365853912,2.959320575187197,3.9671929699394695,16.7728859003008,14.479178295617384,1.0,0.9642857142857143,8440.199489225186,509188.49886297405,509188.49886297405,531,1.0,0.0,0.0,0.0,22.966127691528076,25.70470829303963,28.972819365853866,23.622132386179864,4.887659406571334,445.8607977345572,1556.4947323449485,774.2885918849062,0.4974566092609874,869.2021344588667,0.027429872813476582,321.3060151095408,1,0,1,17,0.0,504,207.0,0.32130601510954077,407.1602294200699,275187.9759888722,753.3806855845077,500000.0,0.37313431396718827,0,4,12.984768772447051,16,E7,bulk_t_per_year,500.0,marketplace
6.579922436558214,11.633884945971657,3.9414563776063005,6.34581459105757,3.934788512062221,5.198242028367235,,,,,23.552909816874095,28.81176923259909,3.252733196212799,4.8137389668245305,3.938678100296267,11.633884945971657,0.9333333333333333,1.0,10188.61735102234,511539.3687118152,511539.3687118152,538,1.0,0.0,0.0,0.0,22.22713373112884,25.70470829303963,28.811769232597726,23.122643413243015,6.579922436558214,437.43130635847785,1624.4726586737174,804.643382375433,0.49532590042628055,908.0118199351197,0.03050800182340619,357.3122700969311,5,0,0,14,0.0,522,207.0,0.3573122700969311,405.3594404518166,270915.3376055889,765.3952489466554,500000.0,0.37664369062938974,0,6,15.283995087390362,17,E7,bulk_t_per_year,500.0,marketplace
4.092012096165174,6.2965545228415065,5.4474012922510155,7.565242525127445,4.302794030719936,6.210268317580085,8.840409691260598,16.056121004371107,6.202531654856557,6.931503624413653,23.250043750873147,28.972819365853866,6.022402069593909,9.46030108739188,5.550270371963639,6.2965545228415065,1.0,1.0,68261.72443658626,577118.2182746406,576118.2182746406,575,0.9982672527597732,0.0,0.0,1000.0,20.87095581935646,25.382608026528942,28.811769232598476,21.051380993694192,4.092012096165174,436.7356265836578,1885.5201906649331,933.670818308932,0.495179432674052,1087.016300866895,0.03234333751430421,395.57164483429335,2,0,4,20,0.0,551,207.0,0.39557164483429336,359.9878723952572,214731.8960785508,965.83495713635,500000.0,0.35687670782104625,0,4,9.467739574218374,18,E7,bulk_t_per_year,500.0,marketplace
9.819299704503075,35.80854814767081,5.83818977884988,7.2283021708975,9.848907359680444,29.218179789552053,,,114.13478743119595,114.13478743119595,24.28545452309105,29.778070032131133,3.8536629096405073,6.633736609513929,7.253737160319491,35.80854814767081,0.8285714285714286,0.9855072463768116,37728.11627304937,538786.9281851918,536786.9281851918,582,0.9962879574552103,0.0,0.0,2000.0,22.083410607859065,25.382608026528942,29.77807003213154,25.544611257056225,9.819299704503075,495.54346724418036,1937.4135290336724,962.1944393537345,0.4966386498981713,1071.75206823331,0.035109439779958576,421.2196427147266,2,1,2,19,0.0,543,207.0,0.4212196427147266,386.41257592464007,243366.26817090155,852.3006133991225,500000.0,0.3481403900170907,0,13,34.46331975024019,19,E7,bulk_t_per_year,500.0,marketplace
5.044287036938097,10.253718906725862,5.475942466273295,8.095482255990987,4.693933197564365,5.3507600914026625,7.597944494584681,7.597944494584681,7.993984659122418,10.533077766998042,23.018674290781266,28.811769232599136,3.066125406429958,4.669195515163051,5.313392983070272,10.253718906725862,0.9642857142857143,1.0,42968.20466135957,546796.3875473237,546796.3875473237,559,1.0,0.0,0.0,0.0,21.073707928215846,25.704708293039573,28.811769232597726,21.614690196217364,5.044287036938097,429.1511624451397,1739.6487909821012,864.6802172680074,0.4970429788761333,988.8587169767736,0.03150344105633094,380.2966926322499,4,0,2,17,0.0,538,207.0,0.3802966926322499,379.26420403551776,242039.15759367528,856.8047366979073,500000.0,0.36726771825996885,0,4,12.085422435788498,20,E7,bulk_t_per_year,500.0,marketplace
4.902294311309111,10.272912737426493,3.2460404566067154,3.6806715899593656,3.2581535382323636,4.251186690629038,4.820118274277775,4.820118274277775,,,23.481083975878917,28.972819365853912,3.2852308833484027,4.562540942223495,3.44582845422201,10.272912737426493,0.95,1.0,17327.275816339392,522341.9832740221,522341.98327402206,537,0.9999999999999999,0.0,0.0,0.0,22.152181712755223,25.70470829303963,28.972819365853866,22.789117928245023,4.902294311309111,441.00149341347844,1665.6014353076912,834.8275508738595,0.501216877685771,904.3687010989703,0.027467317125868557,319.91910760711954,1,0,0,13,0.0,518,207.0,0.31991910760711956,396.90456778552016,262152.3997924238,790.8373879917411,500000.0,0.34823748262622506,0,9,25.308207281600097,21,E7,bulk_t_per_year,500.0,marketplace
4.870621171823662,12.405762915333073,11.645922395761726,25.09086171117906,5.309324704458352,12.318012202655154,4.675293146604872,4.675293146604872,,,23.656732848117986,28.972819365853866,5.603523639629758,12.817691217894572,7.896737779346968,12.405762915333073,1.0,1.0,19226.136203616657,520041.7500651535,519041.7500651535,532,0.998077077465656,0.0,0.0,1000.0,22.572085923649606,25.704708293039516,28.82796472713383,22.941524484632644,4.870621171823662,427.8918145852861,1543.6878436969478,760.1665278808092,0.49243539163999717,892.7081615026455,0.03261691108593277,378.8330115119934,5,1,0,19,66.95580926203557,499,207.0,0.37883301151199333,399.5417189185272,265114.1206535353,782.2247736193776,500000.0,0.33468651255604726,0,3,8.544387343355774,22,E7,bulk_t_per_year,500.0,marketplace
3.4220611908341563,6.0277576482663795,4.738915604884967,8.329105334128872,5.682021920156527,8.752335613554168,5.252203588423285,6.129757111263141,6.547612990429059,6.547612990429059,23.20653070492772,28.972819365853866,3.0643486661434416,4.277988585787483,5.099523850395044,6.0277576482663795,1.0,1.0,44840.47463850063,546785.5630729868,546785.5630729868,585,1.0,0.0,0.0,0.0,20.410579696096704,25.467722731671486,28.126844590263868,21.67771424319506,3.4220611908341563,429.72523089438596,2013.4032609369544,997.2568643097175,0.49530905390787705,1089.324477525987,0.03269094193231117,411.6022675039916,2,0,3,21,0.0,559,207.0,0.4116022675039916,379.3289660060355,239062.46068714914,867.6042305903255,500000.0,0.36386999090039396,0,7,16.682451798064857,23,E7,bulk_t_per_year,500.0,marketplace
25.617480524374443,53.10181584297242,37.68833406995964,53.606710173294054,27.639247131794694,60.116005222782405,101.60291150903959,131.24262311203728,124.13542559379493,124.13542559379493,23.179867266164397,28.972819365853866,2.8898962350839006,4.465416594975613,40.180825565604664,53.10181584297242,0.631578947368421,0.6764705882352942,34421.87232108315,535140.8176419535,535140.8176419535,544,1.0,0.0,0.0,0.0,23.583681320292158,25.704708293039857,31.18945681797977,26.828577228507058,25.617480524374443,529.3028374237269,1644.7968200876965,818.8257317553282,0.49782789081004575,936.4391924407624,0.03328967312339344,374.66330314167783,4,1,2,20,0.0,511,207.0,0.3746633031416778,387.5141952671788,249875.65259081437,829.9114425635119,500000.0,0.39818312417913254,0,10,33.29403674270909,24,E7,bulk_t_per_year,500.0,marketplace
26.55032401706285,26.55032401706285,,,,,,,,,23.93243773222446,28.972819365853866,,,,26.55032401706285,0.0,1.0,209.99028817615883,500209.99028817617,500209.99028817617,501,1.0,0.0,0.0,0.0,23.93766305415029,25.704708293039857,28.972819365853866,23.93353673205661,26.55032401706285,436.25519866406967,1410.0202616361225,709.6693201499992,0.5033043421138726,799.8735793955925,0.02880369802461553,314.99936736515957,6,0,0,17,0.0,480,207.0,0.31499936736515954,414.45593529215364,284056.19267790637,729.8379852694898,500000.0,0.11298581764967475,0,2,6.686917343769473,25,E7,bulk_t_per_year,500.0,marketplace
6.333013342108106,12.97030311807248,6.749977035247563,14.809523018712753,8.019386638115261,20.34798745530934,,,,,23.372576364563173,28.81176923259909,4.0093071057167435,5.3395177123869875,7.433505282945554,12.97030311807248,1.0,1.0,8275.236379187336,508449.34756596206,507449.34756596206,527,0.9980332357494661,0.0,0.0,1000.0,22.476758158977937,25.70470829303963,28.811769232597726,23.11385933438801,6.333013342108106,425.17600791663517,1535.0356448416298,762.9466813914112,0.49702212711166366,885.9121827777489,0.03078543632884038,346.33762664796967,5,0,0,19,0.0,503,207.0,0.34633762664796963,408.6049940180395,274378.568719212,755.6943626994347,500000.0,0.4336673566319873,0,3,10.349166942676964,26,E7,bulk_t_per_year,500.0,marketplace
3.2101739973918555,4.490489874186506,9.280566890232457,18.238590015651923,4.769364968034172,7.768201609406333,,,,,23.918850829259743,28.97281936585432,6.5239058449189145,14.161239357898348,7.347194637861763,4.490489874186506,1.0,1.0,12370.949722949961,513597.1255335828,512597.1255335828,535,0.9980529486044901,0.0,0.0,1000.0,22.683179385894416,25.7047082930396,28.972819365853866,23.39930629756969,3.2101739973918555,438.8131681985772,1661.8490485723235,829.8688167043404,0.4993647391845076,903.046995327655,0.03125534174056834,373.3727239918254,5,0,2,17,33.50503363981419,510,207.0,0.3733727239918254,404.5543027736033,268499.48800614197,772.3417808500554,500000.0,0.39204397437810795,0,9,27.827007544480402,27,E7,bulk_t_per_year,500.0,marketplace
11.368013074556993,40.376889217336256,9.41047504520657,19.337966429855253,12.303806821645574,31.039385032902118,5.1634388386792835,5.713915834987043,7.903489301740194,7.903489301740194,24.022543226188553,28.81416008232809,4.035681341533589,5.866409842682719,9.964594935555287,40.376889217336256,0.8333333333333334,0.9285714285714286,26590.43369586375,528937.8456762048,527937.8456762048,536,0.9981094186998066,0.0,0.0,1000.0,22.991208368965797,25.70470829303963,28.817746356921248,23.23867874116112,11.368013074556993,452.71614239987747,1668.900055787161,819.4925517880846,0.49103752435406267,922.318506757606,0.028985181022893325,347.6694255528047,2,0,4,16,0.0,516,207.0,0.34766942555280467,392.75015254868356,251983.11896928423,822.8633341538552,500000.0,0.3616390370812497,0,3,8.544387343355776,28,E7,bulk_t_per_year,500.0,marketplace
3.120748558938658,5.841939682142083,7.752307343548536,20.13400609184606,3.7916838390424012,5.499826257547824,16.067391473493256,29.28175575824471,10.323623225348229,18.03582783592383,24.134674242526707,29.390918246632072,5.379182692214721,9.54737260973662,6.291688349417014,5.841939682142083,1.0,1.0,77164.28456252046,584688.0408818187,584688.0408818187,599,1.0,0.0,0.0,0.0,21.03470870362695,25.382608026528942,28.811769232597975,21.902101681746647,3.120748558938658,461.00408553818266,2051.4667953155395,1005.5330067068961,0.49015319624134274,1147.8130289629546,0.034726461360298125,436.74344879160344,2,0,5,23,0.0,567,207.0,0.43674344879160343,354.781916072609,210836.83999034492,983.8733281066583,500000.0,0.36150947246295057,0,7,25.77629716849071,29,E7,bulk_t_per_year,500.0,marketplace
2.537430529322222,3.26920669666233,4.341131708438492,6.578000480688076,2.781802329286474,3.7534799934511067,,,,,4.97780715495539,9.051539964412042,4.6938134998997,9.87626007825857,3.7666419371719586,3.26920669666233,1.0,1.0,12756.46507048887,1514396.0016481364,1514396.0016481364,1551,1.0,0.0,0.0,0.0,4.930694832234153,1.76912734634152,8.948893968271136,4.959834676559784,2.537430529322222,146.1159572810675,4719.782948857164,2346.940559320067,0.4972560358709608,2813.902779843373,0.09419598816593631,1056.5590464800682,6,4,0,0,0.0,1551,207.0,1.0565590464800683,137.38583489394415,93252.14106916497,2231.118306357865,1500000.0,0.33815757134223573,0,0,0.0,0,E7,bulk_t_per_year,1500.0,pooled_greedy
6.312895163483728,13.855570251892825,8.684371648917022,13.221064423199095,6.169617845471445,11.083954138055924,35.37938940623826,35.37938940623826,56.07017673118389,56.07017673118389,5.152927077673206,10.710630176415497,8.969846595099728,18.231980102596026,10.599447283615472,13.855570251892825,0.9565217391304348,1.0,31854.657610772472,1534277.7282251199,1522740.5659760707,1545,0.9924803951482789,11537.16224904912,0.007519604851721024,0.0,5.2655793963646405,1.76912734634152,11.573946069592976,5.479324648327924,6.312895163483728,178.03313596560184,4652.037002865039,2322.338123770777,0.49920886750052174,2792.3474481987696,0.09479482075320045,1057.3874883735482,10,3,0,0,0.0,1545,207.0,1.0573874883735483,136.63350943501632,92045.28653349626,2260.3806813362385,1500000.0,0.3759856778692942,0,0,0.0,1,E7,bulk_t_per_year,1500.0,pooled_greedy
4.656825990520178,11.952207569297304,13.333348390494757,29.385153951475516,22.328323284076053,46.69222253963909,32.99916415305605,48.59873786845746,,,4.391325842033664,7.009900941223444,7.515073301862815,25.594357495582813,21.565831998136847,11.952207569297304,1.0,0.9459459459459459,27829.64633530708,1532235.3302252044,1532235.3302252044,1551,1.0,0.0,0.0,0.0,4.6111898472310155,1.76912734634152,7.41551015737241,4.812097470999275,4.656825990520178,136.1120600526732,4694.251010493152,2334.160149652644,0.49723803529786753,2801.7651515819116,0.09622136574201008,1073.3973614332258,10,4,0,0,0.0,1551,207.0,1.0733973614332257,135.79728469702567,90723.01782723279,2293.5017192403707,1500000.0,0.34740141163903865,0,0,0.0,2,E7,bulk_t_per_year,1500.0,pooled_greedy
4.2157612331247325,7.403325882512127,3.619413309653828,5.6583837545756985,10.67144674626843,24.048780780520246,122.8535988418189,127.69198217823596,120.38589968572796,120.38589968572796,6.132131981313824,16.317373378067284,7.237675185294421,16.235583611794027,32.1918959679526,7.403325882512127,1.0,0.9117647058823529,34562.85244356448,1546531.2926139233,1546531.2926139233,1551,1.0,0.0,0.0,0.0,6.427716597572538,1.76912734634152,17.14559842269682,8.005560120814279,4.2157612331247325,344.2072864143642,4665.446610454516,2322.8122069062115,0.49787563782236033,2776.659097998183,0.09273442851652798,1043.7243508502315,10,3,0,0,0.0,1551,207.0,1.0437243508502314,134.52280296198722,88206.07160553624,2358.6100204216823,1500000.0,0.35549023860341206,0,0,0.0,3,E7,bulk_t_per_year,1500.0,pooled_greedy
5.006143251805469,4.733761489411154,3.4643507534276146,5.611137730671089,5.149277569730328,8.830646671569642,5.928364892040008,5.928364892040008,,,5.443212079337118,11.81764527295317,4.4097900170504705,3.875548292784994,4.566122971261166,4.733761489411154,0.9583333333333334,0.975,27303.121564091023,1529658.661557586,1529658.661557586,1554,1.0,0.0,0.0,0.0,5.418121354458103,1.76912734634152,11.186207772245586,5.473879418339336,5.006143251805469,185.4237666879849,4667.122296512317,2321.392074092883,0.4973925958245471,2759.778159809706,0.09023377645462351,1006.7997742896019,10,2,0,0,0.0,1554,207.0,1.006799774289602,135.98249400456777,91455.25617926441,2274.410552921843,1500000.0,0.34696199055706217,0,0,0.0,4,E7,bulk_t_per_year,1500.0,pooled_greedy
7.918054806994609,22.375966028880157,5.772392326065415,13.551202477370682,18.896003509843187,48.113636033302285,70.00049336160782,71.47061127674833,,,6.392842321842024,18.920452000968304,13.924255066023166,45.453133941163834,16.848805194961557,22.375966028880157,0.8846153846153846,0.9056603773584906,31231.338486458,1536407.935483198,1536407.935483198,1570,1.0,0.0,0.0,0.0,6.6794668688734085,1.76912734634152,21.569264663207456,7.02731703899111,7.918054806994609,275.11429786447803,4803.241218557464,2389.681162132678,0.4975142936607211,2832.533255591497,0.09838767706045246,1116.3393637195218,8,5,0,0,0.0,1570,207.0,1.1163393637195218,135.456433514363,89947.26380816195,2313.7595358941285,1500000.0,0.35977331766178294,0,0,0.0,5,E7,bulk_t_per_year,1500.0,pooled_greedy
3.8358874044312694,7.260102359521056,4.222256758395093,7.623951606586253,12.548571063364756,40.33319987203502,38.48166331886,46.52302145104204,,,5.667745756694725,9.116107872421422,7.334762004253076,12.10234423756863,10.556443987802302,7.260102359521056,1.0,1.0,33825.73578406178,1536344.715510055,1536344.715510055,1587,1.0,0.0,0.0,0.0,5.744724175987457,1.76912734634152,9.471693779789897,5.961339890980918,3.8358874044312694,197.15779314719245,4917.788217324434,2452.946828740619,0.49879065960981256,2921.9407403083737,0.10484831635669017,1175.6707722762703,8,7,0,0,0.0,1587,207.0,1.1756707722762705,135.50062604482844,90512.682683819,2299.9613380091755,1500000.0,0.36435704167213706,0,0,0.0,6,E7,bulk_t_per_year,1500.0,pooled_greedy
4.774534960298144,9.162473157121497,4.770407229344239,10.722058452406866,10.242169948457757,18.281220979387857,12.995608846064926,17.658791499759996,,,6.5952715618963245,21.27575519429272,8.082231532014305,23.722185408311816,6.8896416714559505,9.162473157121497,0.975609756097561,0.9861111111111112,33681.77519393501,1539077.0168821898,1539077.0168821898,1598,1.0,0.0,0.0,0.0,6.578460693281737,1.76912734634152,19.106484146317126,6.678946678915806,4.774534960298144,262.2040847247629,5026.471705070283,2498.6906541577546,0.4971062806614996,2918.008795863663,0.09559322379396527,1110.3361340069641,7,4,0,0,0.0,1598,207.0,1.110336134006964,135.21762319314587,90110.65040651034,2309.4976586582416,1500000.0,0.3296202086845949,0,0,0.0,7,E7,bulk_t_per_year,1500.0,pooled_greedy
6.691162131299141,16.808694312624635,11.014142355694908,37.445854009717365,9.578854256145283,16.77345067005607,46.62703637406621,74.17717807341238,,,5.446884426776408,8.519250897347643,3.590596644320105,5.567174661734861,15.975099601039156,16.808694312624635,0.9090909090909091,0.9393939393939394,44044.65529015393,1548577.0501139853,1548577.0501139853,1581,1.0,0.0,0.0,0.0,5.674998246044641,1.76912734634152,8.931427218017722,6.2106937438554075,6.691162131299141,233.30014236165627,4919.462333041595,2449.6352061501166,0.49794775126076857,2973.3970631306825,0.090697193127964,1017.9156334402678,7,1,0,0,0.0,1581,207.0,1.0179156334402677,134.32842467743455,88855.18769024545,2341.0891478683643,1500000.0,0.4118960797375218,0,0,0.0,8,E7,bulk_t_per_year,1500.0,pooled_greedy
7.647514083339183,20.588334056784333,14.787159751460598,26.768186530193248,18.931728938801996,48.50179070830116,39.919977150998115,52.515578233785526,79.70547480722325,81.329467961519,6.10951178273783,14.515566688211008,4.613020993649178,10.960266073355342,18.467550411657932,20.588334056784333,0.9375,0.9090909090909091,49112.7439249177,1550838.1471805954,1550838.1471805954,1579,1.0,0.0,0.0,0.0,6.489575059730562,1.76912734634152,16.930558666656548,7.259358464336315,7.647514083339183,296.8404911162664,4916.056328168273,2437.110471731278,0.4957450258995197,2969.6215207852906,0.09845670176072271,1212.9612131925978,11,3,0,0,0.0,1579,207.0,1.2129612131925978,134.25834384569478,88660.23172962505,2348.436916431158,1500000.0,0.3713166858023674,0,0,0.0,9,E7,bulk_t_per_year,1500.0,pooled_greedy
4.4900737356424445,7.002699273166217,3.0470467841923132,4.199390482783542,3.1955307289794694,4.3752012114866385,,,,,5.253810988053266,8.400595567397485,9.874515590456163,16.83899567156569,3.136137151064607,7.002699273166217,1.0,1.0,15393.873189050206,1517293.8993470722,1517293.8993470722,1547,1.0,0.0,0.0,0.0,5.2488047030250495,1.76912734634152,8.277675077168542,5.2389242743603255,4.4900737356424445,163.84135759236932,4654.169288959902,2319.909009402735,0.4984582350508313,2709.5141029254814,0.09350165434908708,1036.3988116948487,9,4,0,0,0.0,1547,207.0,1.0363988116948486,137.11015308320813,92789.81889339622,2242.0175111097305,1500000.0,0.3441261811051917,0,0,0.0,10,E7,bulk_t_per_year,1500.0,pooled_greedy
18.032340980547854,45.00956315137301,9.961496222935239,22.437013265140926,36.07215196872676,133.72355502070133,81.9570060538008,81.9570060538008,,,5.624376436433904,9.659812133653192,10.074512890198953,24.38735769811474,28.467166627867503,45.00956315137301,0.7647058823529411,0.8285714285714286,30657.90467816867,1532069.1501862705,1518840.7179123296,1544,0.9913656428155788,13228.432273940785,0.008634357184421121,0.0,6.053234499115009,1.76912734634152,11.2499269372685,6.113721543334067,18.032340980547854,220.85252676061071,4678.448243178023,2328.787791873102,0.4977692753722075,2736.9353940923315,0.09593534512500415,1166.6955807069787,10,5,0,0,0.0,1544,207.0,1.1666955807069788,137.05630427582648,92489.80184639433,2250.698903284787,1500000.0,0.3306971331557209,0,0,0.0,11,E7,bulk_t_per_year,1500.0,pooled_greedy
19.92611907903203,43.41037303841013,57.9674889192579,57.9674889192579,4.026369969358711,5.262383777634023,,,,,6.901785155026341,17.14172889735113,2.100324818271474,2.100324818271474,22.006742952658442,43.41037303841013,0.6666666666666666,0.6666666666666666,3627.167163716978,1504595.0091170291,1504595.0091170291,1507,1.0,0.0,0.0,0.0,6.954596312841975,1.76912734634152,17.943643362925457,6.904350519080343,19.92611907903203,265.2911268240726,4419.661498496794,2206.8942395552804,0.4993355804072065,2570.1999827642444,0.09210084700168052,1011.8372821165841,13,4,0,0,0.0,1507,207.0,1.0118372821165842,138.25104830314984,94336.77857204876,2204.9919493832367,1500000.0,0.3480466472851278,0,0,0.0,12,E7,bulk_t_per_year,1500.0,pooled_greedy
12.078535668251096,23.476501991129773,12.831097574312025,17.20572779923832,4.466522993903527,8.03251532793438,,,,,4.2460877891049575,6.510610439417408,3.7970815659792456,7.816501181000149,6.856401445448812,23.476501991129773,1.0,1.0,6686.674693074587,1507747.954277136,1507747.954277136,1527,1.0,0.0,0.0,0.0,4.328099857581512,1.76912734634152,6.841629606600512,4.263834945797743,12.078535668251096,108.34196678203443,4541.791734699541,2266.6296968943966,0.499060685583009,2680.2567928959256,0.08884908151747907,972.8974426163958,5,4,0,0,0.0,1527,207.0,0.9728974426163958,137.93611647931266,93994.66638337982,2212.6031768052558,1500000.0,0.015263926931243788,0,0,0.0,13,E7,bulk_t_per_year,1500.0,pooled_greedy
11.724869447920861,44.623242065476106,5.011297757443334,8.760819040769912,10.32771931159897,26.058704274940165,9.538756512502074,18.544888462505334,9.511709374496377,9.511709374496377,5.500508478178542,9.960790467381397,8.905950473443141,24.11064398872692,8.095828248797503,44.623242065476106,0.8333333333333334,0.9714285714285714,94783.01527062026,1607784.4091641337,1607784.4091641337,1643,1.0,0.0,0.0,0.0,5.851521934170034,1.76912734634152,11.159390179369618,5.857748794035723,11.724869447920861,214.81065279655985,5275.962052388845,2618.3342922019315,0.4962761798137658,3163.5685915049985,0.10012959926911122,1213.0011207752898,3,5,0,0,0.0,1643,207.0,1.2130011207752898,129.5030601951306,82065.48023862358,2537.1569204901966,1500000.0,0.33890233273313086,0,0,0.0,14,E7,bulk_t_per_year,1500.0,pooled_greedy
9.61722859426596,21.45574469357223,13.404299340506418,22.332921624821278,5.733287543887527,12.55202128644178,8.267391849412434,10.615419207125706,,,6.177753404038066,18.000453268289352,21.340220341850923,77.05031723151205,9.024806122176992,21.45574469357223,0.8888888888888888,0.9772727272727273,63012.04443561154,1571356.8204464498,1571356.8204464498,1619,1.0,0.0,0.0,0.0,6.636001905127397,1.76912734634152,18.993957640644116,6.347864044254474,9.61722859426596,252.851951452159,5216.050542688094,2587.301237897443,0.49602687257782524,3054.884855446252,0.09807869098285855,1239.0938956623438,12,3,0,0,0.0,1619,207.0,1.2390938956623438,132.52183793398243,85526.30971195301,2434.7957324126096,1500000.0,0.32949261208043623,0,0,0.0,15,E7,bulk_t_per_year,1500.0,pooled_greedy
40.05958510732636,93.43667701496125,66.612619762894,102.69861135623523,31.436052053011643,71.59757288817273,,,,,5.799260424306018,13.01397344667013,3.7635604344935323,6.338752533059233,52.541992678941064,93.43667701496125,0.5384615384615384,0.5652173913043478,7763.732410436828,1507961.7067894156,1507961.7067894156,1526,1.0,0.0,0.0,0.0,6.393431094985035,1.76912734634152,14.941517596061885,5.962187638874914,40.05958510732636,227.70478916808108,4554.829507660174,2271.577328736159,0.49871840974857323,2627.5460960949895,0.08278830540428622,932.2693147248358,8,1,0,0,0.0,1526,207.0,0.9322693147248358,137.88962171820071,94018.95600870725,2211.599427837381,1500000.0,0.3362062001168928,0,0,0.0,16,E7,bulk_t_per_year,1500.0,pooled_greedy
3.1206916390622967,4.988832632000051,4.89296728825957,7.651891205588072,4.809482219581208,8.847652856887361,,,,,4.865584850479128,8.521029257298254,3.4873562019632423,6.585960418211926,4.844267664863859,4.988832632000051,1.0,1.0,8902.286025128731,1509784.4695621233,1509784.4695621233,1525,1.0,0.0,0.0,0.0,4.85198522385723,1.76912734634152,8.53226346558568,4.867125780868809,3.1206916390622967,146.5347562896549,4541.598819384664,2262.8432772287656,0.4982481648467919,2694.061020585452,0.08863544212453829,986.8495169113821,9,2,0,0,0.0,1525,207.0,0.9868495169113821,137.75929856877715,93674.77498257441,2220.307970375179,1500000.0,0.3679337403097991,0,0,0.0,17,E7,bulk_t_per_year,1500.0,pooled_greedy
3.882007859630236,7.813906147417218,5.608863361494514,8.318859017256727,8.410221665889468,14.176502618870481,10.67656046797462,20.225337045879314,,,5.032755727116447,7.464722525690939,2.549798649999585,4.177641169561866,8.389783730416275,7.813906147417218,1.0,0.9714285714285714,61446.15498035865,1565606.4957059373,1539489.0868872188,1546,0.9833180247460955,26117.408818718646,0.016681975253904538,0.0,5.0473526315183985,1.76912734634152,7.689415736555475,5.178519452141791,3.882007859630236,167.76643914115442,4676.007101027395,2331.4882146972473,0.4986066454400767,2729.0410176554683,0.08974111276475681,995.0568029212584,4,4,0,0,0.0,1546,207.0,0.9950568029212584,135.10654838319016,89788.27385340765,2316.505796096529,1500000.0,0.3364737882440673,0,0,0.0,18,E7,bulk_t_per_year,1500.0,pooled_greedy
12.673704865350313,49.578822572455465,9.390857411759201,26.34656214429316,8.136668388725237,5.230020261040229,43.72740320310428,67.59935660026277,,,5.965093541454479,11.790454405286294,2.387330197762926,2.9765973548941473,12.281030080912325,49.578822572455465,0.8095238095238095,0.9019607843137255,32272.52527952094,1533762.5488846751,1530762.5488846751,1560,0.9980440257834033,0.0,0.0,3000.0,6.149340832391177,1.76912734634152,14.190452452511455,6.334962122995147,12.673704865350313,253.33587242615133,4801.268242429496,2386.509450745816,0.4970581376095361,2817.312795960478,0.08478994951489831,934.2637787635601,5,1,0,0,0.0,1560,207.0,0.9342637787635601,135.83704666034976,90294.9060643336,2302.83493102716,1500000.0,0.35766700953173824,0,0,0.0,19,E7,bulk_t_per_year,1500.0,pooled_greedy
8.433836259608844,24.40980861148419,5.628211048328064,7.38807863997954,5.810012475016165,9.1596389206572,7.092519641473899,8.781381973934696,,,4.764794861878763,7.6132756361283604,7.477488072190803,26.050503303476244,5.907831630399347,24.40980861148419,0.8695652173913043,1.0,64893.07318483063,1569326.6467093606,1546410.7902943941,1569,0.9853976503470341,22915.856414966394,0.014602349652965786,0.0,4.866096859128488,1.76912734634152,7.859994494453716,4.87467188609266,8.433836259608844,148.8146626900907,4803.652387068592,2387.6885061667444,0.4970568879201979,2860.227885066776,0.09189866909933686,1031.581852285426,5,3,0,0,0.0,1569,207.0,1.031581852285426,134.52543344752652,89194.31379751732,2332.341300641027,1500000.0,0.3840128829630481,0,0,0.0,20,E7,bulk_t_per_year,1500.0,pooled_greedy
3.3025917689197843,3.61461673261506,8.9867044730245,11.794533390608468,4.074004797163127,8.18140022528155,9.635760676912014,9.635760676912014,,,5.972467830804312,13.419656770243655,7.447215922399317,15.06855348462868,6.472054840447259,3.61461673261506,1.0,0.9795918367346939,35426.848992680265,1539604.8116695387,1527622.8636223204,1568,0.9922175171469975,11981.948047218251,0.00778248285300245,0.0,5.969565816726069,1.76912734634152,13.320931629029063,5.96030968015188,3.3025917689197843,221.38168636569955,4829.913437841332,2407.4640731927334,0.49844869979051193,2789.922454726501,0.09060030145831989,1008.0493275407996,9,3,0,0,0.0,1568,207.0,1.0080493275407996,136.16453005574246,91448.13920680188,2274.6012235103985,1500000.0,0.3355947387869794,0,0,0.0,21,E7,bulk_t_per_year,1500.0,pooled_greedy
8.143367527340574,32.27785550458702,7.613155467061802,13.31137103332776,19.620396972066537,42.883427528752144,12.24642148010986,15.066243775505631,5.2996242948215695,5.2996242948215695,6.824170125725082,17.29285159180424,6.762931068877813,15.086663332602257,13.647493972192706,32.27785550458702,0.8181818181818182,1.0,31740.57931509192,1534737.11151318,1534737.11151318,1540,1.0,0.0,0.0,0.0,6.9074879837455345,1.76912734634152,19.342498429178967,6.948846902629546,8.143367527340574,276.3933000172615,4652.405776472409,2310.0934700846456,0.4965374004492416,2695.459188930068,0.09199322350451096,1035.2853226975635,11,4,0,0,0.0,1540,207.0,1.0352853226975636,135.5510880411202,90345.82347332909,2302.6552564891003,1500000.0,0.3450946309441303,0,0,0.0,22,E7,bulk_t_per_year,1500.0,pooled_greedy
3.5473817655682387,6.212824206542792,6.917876799985338,15.87946201453151,16.053598405261774,26.532600823946268,5.2634141153340295,5.618050788178897,4.959777620700947,4.988739528180281,5.766713962056049,9.114877969963832,6.020025288667914,13.425892412484792,11.335331904018892,6.212824206542792,1.0,0.9722222222222222,67039.48439806515,1570752.3096016916,1543528.8265555836,1550,0.9826685067532951,27223.48304610793,0.017331493246704955,0.0,5.826626740900556,1.76912734634152,9.560123916879302,5.837625732825843,3.5473817655682387,216.4816977361596,4698.270282323392,2344.9464821203906,0.4991084678425026,2793.70824159838,0.08724621573853815,974.4698247755005,5,2,0,0,0.0,1550,207.0,0.9744698247755005,134.7396085169817,90068.21152281507,2309.0773793381445,1500000.0,0.39693381151134294,0,0,0.0,23,E7,bulk_t_per_year,1500.0,pooled_greedy
27.61140883594795,58.94007340449061,26.044914071947527,59.94037718574327,67.5749545509039,109.3443551981346,96.82032283876985,111.38866083799385,,,5.118820341581238,7.194538012551632,6.752786721032874,17.831170898504443,60.0803234552049,58.94007340449061,0.5517241379310345,0.4444444444444444,30609.27939591157,1534812.2141579702,1534812.2141579702,1565,1.0,0.0,0.0,0.0,6.118404011704974,1.76912734634152,8.860361845216703,6.394837912562483,27.61140883594795,235.46774182840844,4724.171399080719,2355.493140726386,0.49860450473595086,2736.2354549928973,0.0957771206189843,1061.7934028748627,6,6,0,0,0.0,1565,207.0,1.0617934028748628,135.56172636860455,90568.69199466374,2297.281641377064,1500000.0,0.359571393456353,0,0,0.0,24,E7,bulk_t_per_year,1500.0,pooled_greedy
2.2306533367004704,2.2306533367004704,,,5.571387229703305,5.571387229703305,,,,,5.359840235671643,8.813212177305525,,,5.571387229703305,2.2306533367004704,1.0,1.0,505.61694219882474,1500505.616942199,1500505.616942199,1502,1.0,0.0,0.0,0.0,5.3578977324060375,1.76912734634152,8.79983446908905,5.359866991363818,2.2306533367004704,175.07700741442693,4388.306093755802,2193.7655729668045,0.4999117030802277,2565.5504184220304,0.08780169443213745,961.4285540319052,9,3,0,0,0.0,1502,207.0,0.9614285540319052,138.59423530704638,94965.0330406924,2189.873702933591,1500000.0,0.02949032209128255,0,0,0.0,25,E7,bulk_t_per_year,1500.0,pooled_greedy
16.620950590686075,50.379304762540784,16.645175073125603,36.08600850933663,26.802320350946594,66.9108156809838,,,,,5.385206259086452,8.759559223893131,16.856937642286386,36.19496329808663,22.993390871763722,50.379304762540784,0.7142857142857143,0.8666666666666667,7469.678076444188,1508306.79198925,1508306.79198925,1518,1.0,0.0,0.0,0.0,5.5524861545885695,1.76912734634152,8.992565136893152,5.512535849764848,16.620950590686075,189.1049050920469,4480.719527478962,2235.772809428267,0.49897629068655525,2669.555175606292,0.0869564091097889,961.8008158273133,10,1,0,0,0.0,1518,207.0,0.9618008158273132,137.87765322037313,93883.92944226712,2215.0947670305077,1500000.0,0.38033408975893374,0,0,0.0,26,E7,bulk_t_per_year,1500.0,pooled_greedy
3.862847742481728,5.475486025594407,5.061395728243269,9.904841156189109,8.658767524730422,18.763739149142925,,,,,6.594662985988575,21.396315819600947,9.279710363028881,14.817744850748934,6.36953092696587,5.475486025594407,1.0,1.0,14042.678234041305,1516484.2886528876,1515484.2886528876,1545,0.9993405800459111,0.0,0.0,1000.0,6.594600036425111,1.76912734634152,21.070095883556146,6.626299975933964,3.862847742481728,253.7011123966217,4703.878492669206,2334.5746861032644,0.49630845901772325,2674.016336627262,0.09274076417699843,1062.732585041315,10,4,0,0,0.0,1545,207.0,1.0627325850413147,137.29125015871202,92807.13680167514,2241.882895597377,1500000.0,0.32906631036422435,0,0,0.0,27,E7,bulk_t_per_year,1500.0,pooled_greedy
17.731998929975834,52.35139990383341,24.967140602364484,57.914038586081006,20.527052144751213,53.34479949178149,6.850222281004695,8.631989173156432,,,5.738838811148074,12.584684390382801,4.229442037034715,8.17505923914606,21.11041271142358,52.35139990383341,0.6666666666666666,0.7692307692307693,35664.22945697985,1538615.3778011622,1525279.9505976054,1547,0.9913328389953996,13335.427203556845,0.008667161004600465,0.0,6.0792426636702315,1.76912734634152,17.93206354332666,5.823590455675361,17.731998929975834,214.3261945622013,4723.456052035927,2349.866940227954,0.4974888967613243,2804.643697050479,0.08679684308077151,968.6933470811886,8,1,0,0,0.0,1547,207.0,0.9686933470811886,136.34788372167284,91331.76383047542,2277.068619118101,1500000.0,0.3571194084167826,0,0,0.0,28,E7,bulk_t_per_year,1500.0,pooled_greedy
4.045435934977604,10.403174556375873,7.148461441495935,17.036652422951466,11.670251581523322,27.542451930446532,11.898951503828597,21.682456074517315,5.387555160207739,5.758739099293052,5.951581226003931,9.797542832250414,3.18807598216434,5.141869018216312,10.06034274987753,10.403174556375873,1.0,1.0,79981.09013705606,1586200.9867135365,1572509.2064448255,1560,0.9913681933226639,13691.780268710983,0.00863180667733608,0.0,5.967579331754675,1.76912734634152,10.172958369876362,6.122758797838277,4.045435934977604,227.57004343693106,4753.677020659068,2369.0301898634457,0.49835741460091754,2841.1370363072006,0.09157577209228356,1019.0476957366992,7,3,0,0,0.0,1560,207.0,1.0190476957366992,132.28478844078262,85853.3040775763,2422.9591386229295,1500000.0,0.34578625026222404,0,0,0.0,29,E7,bulk_t_per_year,1500.0,pooled_greedy
2.4339493136480668,4.513649681846345,3.5413568968057754,3.796130686202264,2.9501847213890966,4.312736581341733,,,,,18.20162642516542,31.6036920195138,3.6820985738024206,5.404319864175159,3.323556621652262,4.513649681846345,1.0,1.0,12756.46507048887,1514396.0016481364,1512396.0016481364,1549,0.9986793414682663,0.0,0.0,2000.0,17.70387106464037,16.130754370632594,30.642798936733396,18.05583174732038,2.4339493136480668,905.5653055114216,4287.022881310149,2150.5674125050414,0.5016458908770298,2373.751178425538,0.08338141299815356,939.6425490961178,7,0,0,86,0.0,1387,207.0,0.9396425490961179,137.49020912677202,93334.86892127423,2227.88808676089,1500000.0,0.41170463247033595,0,12,35.13424976874059,0,E7,bulk_t_per_year,1500.0,marketplace
3.97307807821252,6.3211086141425765,6.454430591142227,10.987852786233361,4.9962514753991245,8.507827910450033,31.609299487600765,31.609299487600765,32.33785402599824,54.768067796759716,17.81096036034347,29.8486486475742,9.411225279805587,16.956461460311402,8.532463746065151,6.3211086141425765,1.0,1.0,31854.657610772472,1534277.7282251199,1532277.7282251199,1544,0.998696455039914,0.0,0.0,2000.0,17.50370676112948,15.663402525969104,29.28460892354724,18.000764466240696,3.97307807821252,928.2677209707462,4268.713760241429,2136.8511148188813,0.5005843059146758,2375.494847323774,0.0816151608470463,927.2168726557259,6,0,1,74,0.0,1408,207.0,0.9272168726557259,135.69812641831166,91011.15088642342,2284.634518380464,1500000.0,0.40865146206425296,0,9,31.047500828030888,1,E7,bulk_t_per_year,1500.0,marketplace
5.220226357701381,15.5721082945891,9.74844388802594,20.03172670983004,8.712856892402113,25.20051892181491,32.83932881287493,48.59873786845746,,,18.523701924043195,30.027131010704338,4.705541224869519,9.233465964721155,13.275053994727855,15.5721082945891,1.0,0.972972972972973,27829.64633530708,1532235.3302252044,1530235.3302252044,1549,0.9986947174754768,0.0,0.0,2000.0,18.16944060970257,16.642198837231263,29.10190378603016,18.56559972554927,5.220226357701381,926.1036370991665,4240.008048194392,2123.3785074243206,0.500795867198545,2410.024303856534,0.08736706348280959,967.9747726630231,11,0,0,87,0.0,1386,207.0,0.9679747726630231,135.90587713202024,90804.94378288537,2290.2714996433947,1500000.0,0.4291151926930481,0,8,25.915887924389345,2,E7,bulk_t_per_year,1500.0,marketplace
4.218565334953223,6.61689601861781,3.1857372866242257,4.0205499719555515,7.29109218155304,12.852965176220778,54.92806795849204,116.1912890868278,50.82184908556701,50.82184908556701,18.24714749760985,31.60369201951289,7.311051262725556,19.067810706008913,16.03281738556539,6.61689601861781,1.0,0.9705882352941176,34562.85244356448,1546531.292613923,1544531.292613923,1549,0.9987067833612214,0.0,0.0,2000.0,17.954071252941066,15.555170677825117,31.318095990120508,18.676282207486857,4.218565334953223,928.1985026682236,4203.725265681612,2097.0779994082927,0.498861811100841,2398.2286691309814,0.0854017448799287,965.7755106547381,9,0,1,74,81.89828992333132,1383,207.0,0.9657755106547382,134.6465277234358,88293.9453916681,2355.3798008247068,1500000.0,0.42424585528999836,0,4,10.628445883800357,3,E7,bulk_t_per_year,1500.0,marketplace
2.762551666638482,4.30882738609971,2.9209393514962585,3.398317342365317,3.5249783100676066,5.061021939537932,4.045947612793043,4.045947612793043,,,18.965129521029247,32.272819365854346,2.959011831769122,3.968877892240745,3.331024282023691,4.30882738609971,1.0,1.0,27303.121564091023,1529658.661557586,1527658.661557586,1552,0.998692518762347,0.0,0.0,2000.0,18.409012768465388,16.235823215374737,32.19149336937895,18.676924500993003,2.762551666638482,943.6859829419982,4257.087081236151,2122.9628451797594,0.4986890812116778,2388.2413166192823,0.08972166465976145,1003.2948490636243,9,2,2,71,76.49860964323919,1408,207.0,1.0032948490636242,136.15822701976205,91520.7060479676,2272.7457406201115,1500000.0,0.4125161564826496,0,8,18.766510338509434,4,E7,bulk_t_per_year,1500.0,marketplace
8.780189920205043,29.711357488807153,10.469790789591485,13.747554339366527,13.892631135996961,39.06122504041924,77.98374485936847,81.20814555589104,,,18.666511823198395,32.27281936585496,5.954130641882824,11.611538856809787,17.118858665251675,29.711357488807153,0.8461538461538461,0.9056603773584906,31231.338486458,1536407.935483198,1535407.935483198,1569,0.9993491311930217,0.0,0.0,1000.0,18.338314573469425,15.991085361356454,32.285180853662496,18.95477902453713,8.780189920205043,942.8113926647395,4303.611311096163,2151.679051705796,0.499970581952427,2402.9294335467916,0.08804424179842735,1011.9427166945587,8,1,1,71,54.652357067030486,1397,207.0,1.0119427166945587,135.47666252697366,89995.40863573016,2311.361722448019,1500000.0,0.4050889732413303,0,7,17.15755627787675,5,E7,bulk_t_per_year,1500.0,marketplace
3.106475217201541,4.813738966824076,4.293019530017212,7.56204126242219,5.374522458396825,7.623283124278055,37.75164722959888,46.11783447156067,,,18.841955896709898,32.30308503303268,7.13583766223811,14.110732059216206,7.835329474995348,4.813738966824076,1.0,1.0,33825.73578406178,1536344.715510055,1535344.7155100547,1586,0.9993491044100293,0.0,0.0,1000.0,18.122469392036425,15.293306124522587,32.19229429922598,18.755829124485295,3.106475217201541,929.8894500294715,4409.803312700246,2204.083594260143,0.4998144901184993,2484.794132545025,0.0895791425036906,1042.0757864833467,9,0,1,85,237.05524171198607,1413,207.0,1.0420757864833468,135.50186722554355,90487.34627436918,2299.128931858309,1500000.0,0.43995842874040036,0,7,16.271458484877623,6,E7,bulk_t_per_year,1500.0,marketplace
4.529954660090036,6.484682368233365,5.621332115272139,11.3973842181672,4.346068409394172,6.366444756578204,9.811319371886597,13.124268348847952,,,18.70033542690993,33.16924961090399,6.781283312144383,17.793624248301967,5.521416023669791,6.484682368233365,0.975609756097561,0.9861111111111112,33681.77519393501,1539077.0168821898,1536077.0168821898,1595,0.9980507798069279,0.0,0.0,3000.0,17.885647359246,14.451022175989237,32.29213240927657,18.38293758776672,4.529954660090036,930.2753040508861,4627.7148221515545,2308.376324364473,0.4988155954024937,2552.2800924519024,0.08668435100470313,1035.0863241123184,8,0,4,50,0.0,1453,207.0,1.0350863241123183,135.43271856665484,90236.80275279203,2305.4350329103995,1500000.0,0.387730776370649,0,11,28.315618052907276,7,E7,bulk_t_per_year,1500.0,marketplace
5.085094895068881,8.146316675893742,9.472215836565876,18.343508498110562,5.77844032894996,15.485600738539231,7.276954687927036,8.89341088434212,,,18.78202807772909,30.91923821210933,6.369311742028526,14.210001711577656,8.020274599615774,8.146316675893742,0.9696969696969697,0.9848484848484849,44044.65529015393,1548577.0501139853,1548577.0501139853,1581,1.0,0.0,0.0,0.0,18.15373749908201,15.855554152728473,30.2923859923917,18.424757401197702,5.085094895068881,957.7795398308547,4506.719466474684,2258.004599456961,0.5010306535062082,2539.5630253223094,0.08698293216344348,985.2442315906609,7,0,3,80,134.4691546004808,1432,207.0,0.9852442315906609,134.30732698530022,88841.2320483258,2341.0891478683643,1500000.0,0.4314367247977187,0,11,33.50012115308229,8,E7,bulk_t_per_year,1500.0,marketplace
6.480953588157,10.762718025040071,9.266101694194901,16.232064914037977,13.622625706400015,33.36702581137611,40.19240619577795,75.05915935973317,19.755184991591705,21.379178145887455,19.47787979877924,31.6036920195138,3.6932811219481376,5.598419352926044,13.532489978054034,10.762718025040071,0.90625,0.9393939393939394,49112.7439249177,1553887.578578761,1550838.1471805954,1579,0.9980375469627251,0.0,0.0,3049.431398165723,18.976853283450495,16.387640099474083,31.603692019513073,19.64034225876693,6.480953588157,985.2760542053717,4499.634679356077,2247.971158529861,0.4995897042138448,2564.167750760198,0.09231180384541501,1048.1555164247998,11,0,5,76,0.0,1418,207.0,1.0481555164247998,134.15207505351464,88590.05496838668,2348.436916431158,1500000.0,0.4363467136905797,0,11,37.07795812931524,9,E7,bulk_t_per_year,1500.0,marketplace
3.704141194223548,6.575300716697711,3.1809270751216445,3.8785050093468953,7.330588846479259,12.842858258969642,,,,,18.877014405691096,28.992073380645646,6.937713230578589,12.67155066091528,5.670724137936213,6.575300716697711,1.0,1.0,15393.873189050206,1517293.8993470722,1515293.8993470722,1545,0.9986818638097334,0.0,0.0,2000.0,18.453374180153176,16.163042987901463,28.80124187179545,18.710157630280683,3.704141194223548,952.2460968918159,4282.927100969168,2148.0445307446357,0.5015365613527633,2375.2524806171723,0.08294020740196352,927.333746921111,8,0,1,71,0.0,1410,207.0,0.927333746921111,137.21914530013964,92874.98394116039,2238.787291512755,1500000.0,0.41750142335113766,0,9,24.622605451830008,10,E7,bulk_t_per_year,1500.0,marketplace
11.400823684619267,38.42119715993632,10.026480047057182,19.8635763930457,15.53119038238474,62.920976005811276,54.1345050940954,54.1345050940954,,,18.745167252389095,31.6036920195138,6.686294905444053,17.490432978155148,15.53509829151906,38.42119715993632,0.8235294117647058,0.8571428571428571,30657.90467816867,1532069.1501862705,1515840.7179123296,1541,0.989407506657276,13228.432273940785,0.008634357184421121,3000.0,18.556221805880167,15.846280660233788,31.6036920195138,18.803479791860937,11.400823684619267,957.2787078599853,4333.048099902646,2161.802728334664,0.49891039252096814,2409.036517146913,0.08394413296961199,952.3233332548743,9,0,4,67,102.49789091873578,1415,207.0,0.9523233332548743,137.1861310201868,92561.63332377025,2246.6362775369453,1500000.0,0.41268873492719127,0,4,9.050254825337447,11,E7,bulk_t_per_year,1500.0,marketplace
36.756507996954724,85.01813975539054,112.54398093156306,112.54398093156306,4.026369969358711,5.262383777634023,,,,,19.437591720290435,34.777656632159236,2.100324818271474,2.100324818271474,40.19890695676016,85.01813975539054,0.6666666666666666,0.6666666666666666,3627.167163716978,1504595.0091170291,1504595.0091170291,1507,1.0,0.0,0.0,0.0,19.501893928410794,16.448588439462583,34.80706193955848,19.414240369890525,36.756507996954724,988.6485794829737,4053.521928412682,2032.3688418565948,0.50138345807653,2257.8566054072044,0.08610319918744168,956.042327382524,13,1,0,69,0.0,1384,207.0,0.956042327382524,138.21396526459398,94311.4746453158,2204.9919493832363,1500000.0,0.42926825106788913,0,5,17.848987548695373,12,E7,bulk_t_per_year,1500.0,marketplace
10.881808079767657,20.363472112279943,10.165258039418859,15.78371923848472,4.458937930800857,7.2616153256383775,,,,,17.594322388251552,30.44246006452113,5.423349172131187,7.962785213081588,6.089315104691715,20.363472112279943,1.0,1.0,6686.674693074587,1507747.954277136,1503747.954277136,1523,0.9973470366922714,0.0,0.0,4000.0,17.431790483720746,15.996165851415753,30.0872285624964,17.540532629424813,10.881808079767657,874.6965673959863,4069.697946913896,2044.939287064538,0.5024793765383108,2274.610957515335,0.07868634297862226,867.6511987626845,4,0,0,88,0.0,1354,207.0,0.8676511987626846,138.2330400566938,94222.21312109243,2206.142737611305,1500000.0,0.40747454820462137,0,8,22.975632802201897,13,E7,bulk_t_per_year,1500.0,marketplace
10.416528457438838,43.597173363689336,9.093856471986925,20.156693851273957,4.537514297112577,8.354865732428017,7.950219438226633,13.05685805257672,5.133492489669379,5.133492489669379,18.526683813182338,31.99838380291731,6.863571777432608,13.442493079483572,7.0744387652129,43.597173363689336,0.875,0.9523809523809523,94783.01527062026,1607784.4091641337,1606784.4091641337,1642,0.999378026062263,0.0,0.0,1000.0,17.621084689274788,15.291453377185235,31.603692019513677,17.778063241280698,10.416528457438838,936.5326765693037,4805.2670210173765,2396.700790514701,0.4987653714209765,2706.5034539443873,0.0871274850397166,1017.7703611054542,2,0,5,77,0.0,1472,207.0,1.017770361105454,129.46215383638088,82066.09053421477,2534.759107044087,1500000.0,0.41316251190154896,0,8,21.333330577114324,14,E7,bulk_t_per_year,1500.0,marketplace
8.66763258154105,11.534148994742736,15.950159074793032,41.193561732210554,12.041814446337948,27.299272072850563,17.39783518448946,43.691826601378494,,,18.93549685690333,33.19369010174207,16.96995196562497,59.03935912537008,14.266026710494915,11.534148994742736,0.9166666666666666,0.9545454545454546,63012.04443561154,1571356.8204464498,1571356.8204464498,1619,1.0,0.0,0.0,0.0,18.519568843836062,15.036264090398618,33.39877555779914,18.729097483124942,8.66763258154105,967.7343185221534,4729.767736787769,2346.488933830154,0.49611081651628347,2683.965541770012,0.09193462379985246,1077.7730742444153,12,0,4,71,154.49058057111307,1462,207.0,1.0777730742444154,132.41917454186242,85460.05330314206,2434.795732412609,1500000.0,0.40628950184663326,0,7,17.368053627834946,15,E7,bulk_t_per_year,1500.0,marketplace
14.816496880233549,27.769942935419387,43.52742257080748,90.75790548681744,24.655303189132972,62.504017664752716,,,,,19.050413972232242,32.27281936585469,5.943043411508067,10.905268884356337,35.97857481813768,27.769942935419387,0.7692307692307693,0.8260869565217391,7763.732410436828,1507961.7067894156,1504961.7067894156,1523,0.9980105595609671,0.0,0.0,3000.0,19.099605419757456,16.83798226843237,32.27281936585496,19.07512038493696,14.816496880233549,985.1213560879942,4147.778787830525,2073.161112018112,0.49982441640829844,2300.339230629984,0.07921049945587172,880.6511496791377,7,0,0,53,0.0,1402,207.0,0.8806511496791377,138.13019308853896,94168.60047493211,2207.5368020895394,1500000.0,0.4072933599179452,0,6,15.603113628662339,16,E7,bulk_t_per_year,1500.0,marketplace
6.6874097746087875,14.450458362560092,5.298900061101085,8.025740992321698,5.366793941941231,9.798199214714442,,,,,18.59195804452177,32.272819365854296,4.296173938409311,6.9492089837358435,5.338504824924503,14.450458362560092,0.8571428571428571,1.0,8902.286025128731,1509784.4695621233,1509784.4695621233,1525,1.0,0.0,0.0,0.0,18.37677904048162,16.369508881326055,31.962455632745566,18.510820493186632,6.6874097746087875,916.0059326106775,4115.466181888967,2061.7923779769258,0.5009863492622795,2315.0156165078924,0.08453468407808469,940.8431734837551,10,0,1,79,0.0,1370,207.0,0.9408431734837551,137.72882644222193,93654.05427894159,2220.30797037518,1500000.0,0.43131863471932147,0,9,24.651024285619037,17,E7,bulk_t_per_year,1500.0,marketplace
3.9778984506833392,6.854031013672647,3.1042111008870052,3.837501769583105,3.2967309508724916,4.421772303154831,8.54925582857959,14.24684856433305,7.2344342231972405,7.2344342231972405,18.126572498229006,28.88608471513908,4.4483993395372385,6.10432563082486,4.82435845168825,6.854031013672647,1.0,1.0,61446.15498035865,1565606.4957059373,1550617.4826326729,1546,0.9904260661191842,13989.013073264461,0.00893520377670429,1000.0,17.71284259223635,16.288080741177282,28.114032120590082,17.763927063818684,3.9778984506833392,915.2823187227466,4284.552767379878,2138.391933666005,0.4990933826154487,2396.9097493591357,0.08134275058640969,904.5751527215148,4,0,2,68,0.0,1402,207.0,0.9045751527215148,134.07857029945032,88559.0050655796,2347.6390119645575,1500000.0,0.41740074265239047,0,6,16.240695482707846,18,E7,bulk_t_per_year,1500.0,marketplace
6.409773569373618,17.782937035440682,6.466292490827889,14.87810129457553,15.519113443938453,32.116393180682486,25.709545011458733,30.52798748026289,,,19.53719953377162,33.11399474168357,3.448782978751647,6.473162590399921,12.313506822572217,17.782937035440682,1.0,0.9803921568627451,32272.52527952094,1533762.5488846751,1528762.5488846751,1558,0.9967400429723389,0.0,0.0,5000.0,19.097245923214125,16.470122722068936,32.47486016666161,19.509942148028667,6.409773569373618,989.0912336506392,4319.369094722944,2161.7380130110196,0.5004754087007883,2430.6041671153944,0.08773260455403749,1001.1476298391309,5,1,1,75,0.0,1401,207.0,1.0011476298391309,136.05850547659514,90450.82687297059,2299.6047114301846,1500000.0,0.4189523036315692,0,11,37.29170263620371,19,E7,bulk_t_per_year,1500.0,marketplace
7.350290537251785,7.489957137079911,4.98071182287298,11.530957548266542,6.64141500899363,9.276344464265824,6.508050559289018,7.788785514573056,21.812948086219023,31.25326959336754,18.458212953030166,31.6036920195138,9.708061650614923,21.174284347331703,6.05387773255158,7.489957137079911,0.9130434782608695,0.9818181818181818,64893.07318483063,1569326.6467093606,1566326.6467093606,1568,0.9980883520927332,0.0,0.0,3000.0,17.96828081617707,15.680266057658628,31.537556507485256,18.247624428034523,7.350290537251785,947.7923381972021,4445.397138941455,2216.9890144848246,0.49871562544190096,2521.8688170244163,0.08847241524139858,1003.5256016719197,8,1,4,77,0.0,1429,207.0,1.0035256016719196,132.79702930334426,86992.02152552425,2391.0643982522215,1500000.0,0.4253880552504545,0,6,21.189736118480976,20,E7,bulk_t_per_year,1500.0,marketplace
7.557270650674992,4.984846464258408,11.48864686376543,9.33075399660661,4.990765011659249,9.957009543869162,11.725480058685207,11.725480058685207,8.812611798688977,8.812611798688977,18.551361683646803,30.85018599728761,5.8786020820514535,11.97340321366555,8.14254117219191,4.984846464258408,0.9444444444444444,0.9591836734693877,35426.848992680265,1539604.8116695387,1539604.8116695387,1569,1.0,0.0,0.0,0.0,18.059909639820248,15.889200762145265,30.444323146265017,18.259096109482197,7.557270650674992,947.7929854407505,4473.403363122743,2235.6499707457956,0.49976489694082904,2464.0391848444037,0.08411873329845426,952.4496975731649,8,0,1,64,0.0,1435,207.0,0.9524496975731649,135.06871901242678,90354.43142147425,2301.519100126281,1500000.0,0.4001767704225137,0,8,25.162721208649245,21,E7,bulk_t_per_year,1500.0,marketplace
4.305185528148368,9.096147178682259,5.359715420064579,8.002422135830102,12.48298227583723,25.857781265117602,7.104707358007431,8.834400650338466,4.820118274278229,4.820118274278229,20.275152513758087,38.26958084399167,8.967252415027815,19.297224707835994,8.703411640192812,9.096147178682259,1.0,1.0,31740.57931509192,1534737.11151318,1531737.11151318,1537,0.9980452678328459,0.0,0.0,3000.0,19.94188565167752,16.502969297324853,37.68049893446171,20.009043932514448,4.305185528148368,1006.22056507927,4239.997644783598,2123.680500419407,0.5008683207718612,2386.5388110462827,0.08841778582661317,987.961471283146,13,1,1,63,258.8868955919056,1386,207.0,0.987961471283146,135.78567752126537,90484.9161568096,2298.592630741258,1500000.0,0.40433453611670817,0,4,12.595702857355159,22,E7,bulk_t_per_year,1500.0,marketplace
3.492707462367349,5.836651760013411,18.630942922632094,39.60966289954642,5.27573534880993,11.782972525606965,5.2634141153340295,5.618050788178897,10.456553485345466,18.770885629302395,19.00339749123466,32.170053174389984,2.9859698433621182,5.4747493791892285,10.738109244148461,5.836651760013411,1.0,0.9722222222222222,67039.48439806515,1570752.3096016916,1555224.3074199224,1550,0.9901142897662161,14528.002181769123,0.009249072621419928,1000.0,18.605438997278416,15.38675714000874,31.743619047067405,18.631551496526512,3.492707462367349,976.7703677145179,4314.238349852344,2160.779109102241,0.5008483384271512,2399.540597283008,0.08112657993221083,918.1950346694803,5,0,2,71,0.0,1410,207.0,0.9181950346694803,133.6901654910477,88361.89977124838,2353.0299322777,1500000.0,0.41325921270959326,0,10,24.496727286961423,23,E7,bulk_t_per_year,1500.0,marketplace
40.227126065320654,91.08766146746656,34.539609018848296,85.09306279971916,66.91222593696062,98.30961562499188,128.8501644748958,145.74273557862307,,,18.752839338979317,32.27281936585464,8.627548503583318,17.635395569435357,68.40914662591337,91.08766146746656,0.5517241379310345,0.4444444444444444,30609.27939591157,1534812.2141579702,1532812.2141579702,1563,0.9986969089888972,0.0,0.0,2000.0,19.53003026344952,15.143016885347606,34.87802997296721,19.95442449966714,40.227126065320654,1012.5794584225594,4325.248407335587,2164.6793307326407,0.5004751465976756,2378.2882354538724,0.08875832958358269,1001.611293177629,8,2,5,67,34.71902101480977,1410,207.0,1.001611293177629,135.69934358034882,90669.9864346445,2294.0514217800896,1500000.0,0.4035214295913339,0,9,24.488546911385423,24,E7,bulk_t_per_year,1500.0,marketplace
1.7167200018366202,1.7167200018366202,,,2.6142581531353244,2.6142581531353244,,,,,18.647296044084495,31.612800127313314,,,2.6142581531353244,1.7167200018366202,1.0,1.0,505.61694219882474,1500505.616942199,1499505.616942199,1501,0.9993335579762521,0.0,0.0,1000.0,18.625334942196957,15.68482716644803,31.6036920195138,18.64187790742411,1.7167200018366202,912.0269638448466,3940.845904262833,1969.2527745727132,0.4997030643706628,2227.561336871733,0.0806401437505452,882.881090734754,8,0,0,74,0.0,1347,207.0,0.882881090734754,138.63427968656148,94965.26237136967,2189.0412967827247,1500000.0,0.15607245462641828,0,1,2.6356018297700885,25,E7,bulk_t_per_year,1500.0,marketplace
4.325986328365096,9.692034364645226,7.548838558854034,14.137975494707554,7.698661218788129,13.303582437692603,,,,,17.12391485063647,28.006518566320665,17.423423698998704,37.81221004740492,7.642477721312844,9.692034364645226,1.0,1.0,7469.678076444188,1508306.79198925,1506306.79198925,1516,0.9986740098164232,0.0,0.0,2000.0,17.015380239722617,16.112933103448995,28.006518566320665,17.066030937305364,4.325986328365096,844.6801458040779,4053.566668737309,2025.8371476129455,0.4997665792046776,2288.5676147380527,0.08084904259820053,887.9172884664846,8,0,0,86,0.0,1362,207.0,0.8879172884664847,138.0116709252348,93987.63478969934,2211.8645474335326,1500000.0,0.42901075275803774,0,1,4.051315513999384,26,E7,bulk_t_per_year,1500.0,marketplace
3.900234064635392,9.643120903810996,4.743541790230958,8.358181869600093,3.6702153830034376,5.3710557420097755,,,,,19.677636400437304,35.10911711659406,9.501601700670413,13.234233084531667,4.3532412785118595,9.643120903810996,1.0,1.0,14042.678234041305,1516484.2886528876,1515484.2886528876,1545,0.9993405800459111,0.0,0.0,1000.0,19.261470336053392,15.66160430963646,34.82919057673762,19.524409524581152,3.900234064635392,989.6848055482618,4336.327886474718,2170.0617257468884,0.5004376473733568,2367.614121495933,0.08842259906621308,1007.7581763955884,12,1,0,66,169.38852248765306,1406,207.0,1.0077581763955885,137.25497501613393,92782.61526723029,2241.882895597377,1500000.0,0.4077574578280596,0,11,34.47874894649512,27,E7,bulk_t_per_year,1500.0,marketplace
13.69445316155622,51.59881050511176,17.629948442775643,45.16874258970357,21.229192188465948,54.90974834654389,6.33286147062833,7.390323228253157,,,19.332913640721284,31.851055662368545,6.536189454311781,14.081685378665291,17.044434231237542,51.59881050511176,0.7777777777777778,0.8461538461538461,35664.22945697985,1538615.3778011622,1524279.9505976054,1546,0.9906829039860218,13335.427203556845,0.008667161004600465,1000.0,19.169961409340036,16.684475643148744,32.25055141549268,19.192165977216828,13.69445316155622,977.1787424752011,4293.866113001046,2135.9019361527844,0.49743095847484897,2436.093265634732,0.08313370861567078,934.6067746644347,7,0,2,63,0.0,1396,207.0,0.9346067746644348,136.41497199588704,91350.18834605347,2276.236212967235,1500000.0,0.4184674369081141,0,2,4.493071829356391,28,E7,bulk_t_per_year,1500.0,marketplace
4.724719237578393,10.2826907856831,6.808455051181732,14.757039871159213,5.33724728617985,10.29097024820885,11.724696416597176,23.80358751797169,5.387555160207739,5.758739099293052,19.602189113552253,32.2728193658545,4.118385370232596,5.860319861279823,8.284243621962053,10.2826907856831,0.96,1.0,79981.09013705606,1586200.9867135365,1569509.2064448255,1557,0.9894768819282511,13691.780268710983,0.00863180667733608,3000.0,19.081090243742313,16.109127032868855,32.192203685760944,19.10319566849005,4.724719237578393,985.7501352809303,4282.3521108609175,2143.282968041746,0.5004919989194592,2446.762306459095,0.08535068501013843,964.8564748966899,7,0,0,80,729.5928305632317,1395,207.0,0.9648564748966899,132.50311347071892,85975.094580508,2418.8965128750883,1500000.0,0.42703220578670137,0,8,26.850005693113044,29,E7,bulk_t_per_year,1500.0,marketplace
3.103614399233762,5.263298279291028,5.533209690712887,9.832037017028785,3.909148220653882,6.167499256350107,,,,,8.672625835083556,32.711537915979505,9.260317190756858,6.4767578969476745,4.775314338018685,5.263298279291028,1.0,1.0,14226.272197636124,3016520.95336675,3016520.95336675,3045,1.0,0.0,0.0,0.0,8.62080111100319,1.76912734634152,32.54299161127036,8.65767599742692,3.103614399233762,776.9816336991357,9075.329132313786,4528.053742485903,0.4989409944773497,5214.51900448909,0.17297450976045012,1924.685816333105,12,7,0,0,0.0,3045,207.0,1.924685816333105,69.26014738374401,47189.59926632493,4427.346047954772,3000000.0,0.34164534876437563,0,0,0.0,0,E7,bulk_t_per_year,3000.0,pooled_greedy
6.672979517094758,12.360333582362552,6.944229699249172,14.803801517817101,16.000399271095255,50.6221033010079,52.09873394117676,54.41143490794438,,,8.722639452620456,30.827720676721622,13.263022778244638,48.50484324063337,16.682449590010012,12.360333582362552,0.92,0.9019607843137255,32029.441339073703,3036614.678198846,3036614.678198846,3065,1.0,0.0,0.0,0.0,8.794182334102585,1.7691273463416337,31.084736821966132,8.967771211135279,6.672979517094758,826.2490856040597,9136.89347404065,4559.800041620813,0.49905365040929084,5191.343136100679,0.17091207418870685,1931.7615364264416,16,5,0,0,0.0,3065,207.0,1.9317615364264416,68.80417296156698,46526.44628429048,4490.6021891246755,3000000.0,0.332274762437172,0,0,0.0,1,E7,bulk_t_per_year,3000.0,pooled_greedy
9.8423119194331,21.88418088827484,21.594544753538983,45.7742273390839,14.533374545188906,31.178821173767936,4.675293146604872,4.675293146604872,11.917030053059989,11.917030053059989,7.7738769004341535,27.764516824136848,7.70632027037507,13.932840541939559,18.25778960473286,21.88418088827484,0.875,0.9473684210526315,33921.618957825915,3035238.453501558,3035238.453501558,3048,1.0,0.0,0.0,0.0,7.861565936943553,1.76912734634152,27.81739040050334,7.810394013639563,9.8423119194331,655.8320571335329,9118.031943651527,4549.7099877291785,0.4989793867630542,5249.366767173802,0.1838348840862183,2068.8435612497697,16,10,0,0,0.0,3048,207.0,2.06884356124977,68.88053336305771,46665.34708571959,4480.17333241326,3000000.0,0.3475134577408105,0,0,0.0,2,E7,bulk_t_per_year,3000.0,pooled_greedy
8.603898394143153,11.20620612441251,3.516485104327728,4.603545577817022,24.249983465095738,72.4114282213593,6.05089325024619,6.05089325024619,5.4754860255934545,5.4754860255934545,9.70382696125403,37.221639561507786,2.5246646806956052,3.640466348851624,17.507777887900964,11.20620612441251,0.9,0.84,37268.624413644,3041987.026541414,3031076.537383606,3031,0.9964133676236573,10910.489157808068,0.003586632376342756,0.0,9.72558078041937,1.76912734634152,37.3846561814089,9.74793443543532,8.603898394143153,925.640710600105,8941.375914018749,4466.320852822518,0.49951158476851315,5098.899035730482,0.16661786691618927,1832.6621619566301,16,5,0,0,0.0,3031,207.0,1.8326621619566301,68.8971919997173,46666.100914566974,4475.039869824839,3000000.0,0.3359027686459413,0,0,0.0,3,E7,bulk_t_per_year,3000.0,pooled_greedy
10.341402332441241,24.9425718459374,33.9816535923441,107.52828008088899,33.703439268853636,99.95119895216067,88.61475431834083,117.07211214450471,10.668568748956432,10.668568748956432,9.445886207048584,33.201775669183476,8.170972277226076,16.679535181425496,40.31906669074386,24.9425718459374,0.8787878787878788,0.8059701492537313,44298.78112751127,3047984.2042568373,3047984.2042568373,3085,1.0,0.0,0.0,0.0,9.7890918194695,1.7691273463417474,34.31885152946051,10.030356794344174,10.341402332441241,947.2461826287274,9284.075137982181,4625.581109525777,0.4982274530073557,5329.555094048458,0.18356688108792446,2135.3184164738354,14,9,0,0,0.0,3085,207.0,2.1353184164738352,68.61430519370603,46243.48546367502,4522.481735957228,3000000.0,0.3513872190911749,0,0,0.0,4,E7,bulk_t_per_year,3000.0,pooled_greedy
15.590586213847148,57.973081590554855,16.675458392165364,50.79947300073164,21.655258171840917,60.98771465967748,20.488226665807815,21.291601762850405,22.227548434687378,22.227548434687378,9.597305138845433,35.52543713662262,5.965373700257006,6.422557313227482,18.548448912321252,57.973081590554855,0.7777777777777778,0.8545454545454545,41510.935620636825,3049623.8518043132,3049623.8518043132,3073,1.0,0.0,0.0,0.0,9.715540746890408,1.7691273463416337,36.6390126227099,9.74407596766421,15.590586213847148,933.5227250224157,9256.894836834155,4616.669878083176,0.4987277007526284,5260.671174835738,0.16788603909535346,1899.9091788286178,14,4,0,0,0.0,3073,207.0,1.8999091788286178,68.50022144705903,46094.63694547191,4531.978620982496,3000000.0,0.34777190834600197,0,0,0.0,5,E7,bulk_t_per_year,3000.0,pooled_greedy
5.8939603238573,10.330669112417945,6.847946087862089,12.212269026467066,12.34946779027645,28.780781947509148,32.10546032684427,36.06401089944679,,,8.873241988199652,31.145349748309748,8.433588694138356,18.134474907725107,11.737284127376533,10.330669112417945,1.0,1.0,30637.37673131991,3036028.679392842,3036028.679392842,3069,1.0,0.0,0.0,0.0,8.876369803816301,1.7691273463417474,30.70671046375167,9.00029794539717,5.8939603238573,808.6570821937329,9210.67076162649,4596.288269398224,0.49901775759343026,5336.621543575352,0.1832401116559596,2052.0721009568656,15,9,0,0,0.0,3069,207.0,2.0520721009568654,68.85708080424457,46551.970060006475,4490.724492035124,3000000.0,0.36243867655613543,0,0,0.0,6,E7,bulk_t_per_year,3000.0,pooled_greedy
6.147703560432636,9.257918370584923,18.34454582136018,62.05592006612628,3.000654248348885,5.559774459007353,6.4624853140182665,6.4624853140182665,5.851535084063983,5.851535084063983,9.831773323635083,39.361669000217695,9.51770784195389,17.566424261375623,10.805747383534127,9.257918370584923,0.9583333333333334,0.94,30524.45940287883,3032374.06450192,3032374.06450192,3065,1.0,0.0,0.0,0.0,9.808454725350387,1.76912734634152,39.22286561768486,9.789092891882284,6.147703560432636,917.9744164540381,9223.572503358038,4597.110932585393,0.4984089332969104,5166.532385805522,0.17765340496113002,1990.998541506295,12,11,0,0,0.0,3065,207.0,1.990998541506295,68.91992679532231,46570.44797888485,4487.631268573223,3000000.0,0.35198252409599756,0,0,0.0,7,E7,bulk_t_per_year,3000.0,pooled_greedy
10.865118819995304,45.90757841991792,7.115160203605378,5.118855047003034,19.135144733979818,66.02679730352057,11.61589138370247,15.10632792258416,,,9.227466642116765,32.70076356840362,5.23826613192756,7.806343384042797,11.6219029559632,45.90757841991792,0.8695652173913043,0.88,33256.091587729024,3037542.1123756366,3037542.1123756366,3064,1.0,0.0,0.0,0.0,9.242632103416508,1.7691273463417474,32.669156756914994,9.260997509382909,10.865118819995304,859.4653551603709,9178.034320308447,4574.946807517471,0.49846695358224813,5311.650690856523,0.17253327314870673,1912.6387062758156,12,6,0,0,0.0,3064,207.0,1.9126387062758157,68.77686990910126,46434.109201149855,4499.120200654188,3000000.0,0.3564270417886834,0,0,0.0,8,E7,bulk_t_per_year,3000.0,pooled_greedy
18.800567018243335,55.26773087182192,29.981767177102835,60.43252231951747,15.33699218470252,47.67092585122445,35.28359926447047,49.105198142564404,,,9.156070254105446,34.99298043985818,7.806115262267408,21.23185653207122,25.552068728757146,55.26773087182192,0.6949152542372882,0.7238095238095238,49469.967780100145,3052344.226425781,3041721.6327371392,3130,0.9965198572308208,10622.593688641686,0.003480142769179241,0.0,9.56804864519879,1.7691273463417474,36.82569696800486,9.304113297980464,18.800567018243335,845.5898219738319,9614.076479608873,4775.485638388363,0.4967180829606468,5548.192659551603,0.19028761177409895,2211.8746570840776,21,8,0,0,0.0,3130,207.0,2.2118746570840777,68.78074324928333,46354.31604055641,4513.320280123215,3000000.0,0.3694131176618802,0,0,0.0,9,E7,bulk_t_per_year,3000.0,pooled_greedy
2.9477814649700202,5.348943527634493,5.595496446056927,12.417455444523739,7.401242197372113,15.686352299676395,,,,,8.673918442400144,28.833915258170595,9.971960542308855,9.655455086754735,6.398050113308121,5.348943527634493,1.0,1.0,12920.61050059897,3014008.907185246,3014008.907185246,3055,1.0,0.0,0.0,0.0,8.623347512447335,1.7691273463417474,28.61785190331197,8.668820990126585,2.9477814649700202,775.6634616271306,9115.9684793113,4547.772285564674,0.4988797729923978,5234.515665759206,0.17486708970627385,1950.8613270793917,12,7,0,0,0.0,3055,207.0,1.9508613270793915,69.32655733994383,47283.98400674331,4419.06209293363,3000000.0,0.3421828158857436,0,0,0.0,10,E7,bulk_t_per_year,3000.0,pooled_greedy
31.77795430996595,74.26855831344965,26.326537349326248,71.59294591054277,40.84082862344158,73.60480444604691,138.57132860048523,139.51459326154628,,,9.726443426959245,36.35478711809428,9.728189398345512,31.199794128112252,42.21789769801153,74.26855831344965,0.5416666666666666,0.6,36892.1896035841,3039521.1653384916,3026806.489110244,3065,0.9958168818255847,12714.676228247681,0.004183118174415387,0.0,10.174743675510733,1.7691273463418042,37.98627270478946,10.122095672402093,31.77795430996595,945.3930166259237,9190.807641759027,4581.927969400623,0.4985337685213144,5221.299198561308,0.18645091302399255,2133.7718360517815,16,11,0,0,0.0,3065,207.0,2.1337718360517814,69.09386926070998,46761.79223899573,4472.321564733576,3000000.0,0.3327937109857653,0,0,0.0,11,E7,bulk_t_per_year,3000.0,pooled_greedy
17.974980981334543,48.155226429052924,70.63012202331682,105.03416404558929,4.026369969358711,5.262383777634023,,,,,9.932866764313069,34.5223149333254,18.300328664967008,40.61214937783025,43.98862120173358,48.155226429052924,0.8571428571428571,0.75,3561.83029355119,3003699.5206949105,3003699.5206949105,3015,1.0,0.0,0.0,0.0,10.016341377052111,1.76912734634152,34.92027191863343,9.931433953931082,17.974980981334543,947.7987205147292,8843.46986235295,4417.555467373884,0.49952739548303515,5051.784690822791,0.1627507853349691,1805.0718032733844,18,3,0,0,0.0,3015,207.0,1.8050718032733846,69.51596535027778,47588.30536462419,4387.739176745159,3000000.0,0.35136150545030126,0,0,0.0,12,E7,bulk_t_per_year,3000.0,pooled_greedy
9.078985134370972,23.338198157317947,13.145329001125743,22.485001482753432,16.165987035614194,23.18901021235215,,,,,8.090032787510678,27.161411751458196,4.593369524900128,7.2123321027668705,13.950837810322664,23.338198157317947,0.9375,1.0,6381.513375449237,3006924.7312860684,3006924.7312860684,3040,1.0,0.0,0.0,0.0,8.113804282092406,1.76912734634152,26.92515402838165,8.101862584522936,9.078985134370972,677.6918916281631,9032.20566546545,4511.269399841152,0.499464866825381,5163.556874522971,0.18809922334044477,2097.4061440615787,17,13,0,0,0.0,3040,207.0,2.097406144061579,69.53862328792984,47539.547310381,4398.388667415895,3000000.0,0.34018496257177944,0,0,0.0,13,E7,bulk_t_per_year,3000.0,pooled_greedy
9.406584658325496,25.28179258287341,17.021175837778173,24.651796367214644,15.68709795774762,48.7369474556617,16.948309060003613,25.770908441797133,,,8.522628363061342,30.075625046331684,11.022561629352143,40.42287044993109,16.367297986943004,25.28179258287341,0.8571428571428571,0.9545454545454546,84828.00960392416,3099077.3991802847,3087476.617290974,3116,0.9962566982378759,11600.781889310409,0.00374330176212406,0.0,8.672814209837913,1.7691273463416337,29.988364328052285,8.757365311357649,9.406584658325496,810.2411274627106,9436.498197293107,4703.388599577329,0.4984252104161385,5396.664822532315,0.17634396901337837,2101.2425106995006,7,8,0,0,0.0,3116,207.0,2.101242510699501,67.7256116984523,44901.86573323065,4656.849756600412,3000000.0,0.3384203457717718,0,0,0.0,14,E7,bulk_t_per_year,3000.0,pooled_greedy
19.70179349752749,67.19891915644075,13.630045424526493,35.02030898251418,13.752923318756727,46.16345153102651,8.805808610588278,10.46912248531944,5.851535084063471,5.851535084063471,9.24902470379314,35.30034848843005,9.904725043626899,27.151983471090915,13.279224812627572,67.19891915644075,0.75,0.8333333333333334,62524.754954108124,3066970.0548774805,3042473.375416448,3074,0.9920127425365387,24496.67946103233,0.007987257463461255,0.0,9.379499742754028,1.7691273463416337,35.82414920205568,9.282844775919889,19.70179349752749,867.1442569932206,9260.507717450417,4618.044266673241,0.4986815418306968,5275.483288609467,0.1721193524113936,1943.597754466232,20,5,0,0,0.0,3074,207.0,1.943597754466232,68.67557147508856,46166.82303997627,4525.83877330134,3000000.0,0.33936457780305646,0,0,0.0,15,E7,bulk_t_per_year,3000.0,pooled_greedy
34.76759513891716,89.14731984787032,36.286716102172974,86.60948798690188,24.177249519150244,59.957394138562094,,,,,9.306327793907492,33.978043109971004,2.390242708284177,3.329417104203185,30.231982810661613,89.14731984787032,0.6153846153846154,0.6521739130434783,8593.195723657987,3009262.4260027404,3009262.4260027404,3027,1.0,0.0,0.0,0.0,9.475666639401437,1.76912734634152,34.40435234972542,9.350339602826462,34.76759513891716,883.7917736267352,8909.585995243651,4450.808817827972,0.49955282099572523,5026.103351064383,0.1595230146926255,1764.5184771506495,15,3,0,0,0.0,3027,207.0,1.7645184771506495,69.3739823663224,47398.17001279286,4404.484781180469,3000000.0,0.3428746496090184,0,0,0.0,16,E7,bulk_t_per_year,3000.0,pooled_greedy
5.794941120502397,17.36289257440785,9.106762071007585,17.997545621701097,9.032000979989318,21.985685331889183,,,,,8.497432306083258,30.624043866611462,14.643694288608927,41.21748648195134,9.075978092353004,17.36289257440785,0.875,1.0,10652.556594058138,3011712.9254826526,3011712.9254826526,3041,1.0,0.0,0.0,0.0,8.502616625470797,1.7691273463416337,30.545185971021965,8.502815986075618,5.794941120502397,742.089025092879,9006.715669972617,4499.056198073921,0.49952239672373266,5166.393749428753,0.1808861318017364,2025.1291002479256,13,10,0,0,0.0,3041,207.0,2.0251291002479257,69.40406814064123,47398.711118187384,4409.932763341381,3000000.0,0.3329459822481257,0,0,0.0,17,E7,bulk_t_per_year,3000.0,pooled_greedy
5.406988446424787,10.991592474621033,6.902543355095183,15.651110813024571,5.690689617568664,7.10432947393474,10.709319596484724,16.63261885613756,,,7.9761896378196955,28.855782013596944,13.420008450995434,39.545335070473364,7.090033944126012,10.991592474621033,0.9428571428571428,1.0,72767.37775706497,3080425.119117155,3080425.119117155,3112,1.0,0.0,0.0,0.0,7.986389896525623,1.7691273463416337,28.316578095403774,8.008898954499681,5.406988446424787,701.9986712176627,9519.12677986463,4738.919072931582,0.4978312803812635,5449.350267079314,0.18274249120225866,2090.926813786281,11,9,0,0,0.0,3112,207.0,2.090926813786281,67.87729573952812,44945.06900818612,4652.143859779218,3000000.0,0.3355811806965474,0,0,0.0,18,E7,bulk_t_per_year,3000.0,pooled_greedy
11.906926710732058,44.90025345585545,6.346932550025599,11.550927149332258,20.751570267917092,86.20942532128356,99.7763959374206,99.7763959374206,74.69033416293678,74.69033416293678,9.3125489949088,33.97449112802488,11.04781529731557,21.961670506142127,18.341241039749477,44.90025345585545,0.8518518518518519,0.875,32248.185102675016,3035618.366107374,3027618.366107374,3062,0.9973646226122098,0.0,0.0,8000.0,9.43059899777864,1.76912734634152,34.27122053551117,9.661228205868793,11.906926710732058,922.5630076241534,9195.292079118042,4582.734730256051,0.49837837567587084,5249.8537511299955,0.16711053718925606,1852.8021829841566,10,6,0,0,0.0,3062,207.0,1.8528021829841566,68.98253905478431,46637.717818807454,4478.195159428678,3000000.0,0.3394496710678367,0,0,0.0,19,E7,bulk_t_per_year,3000.0,pooled_greedy
14.375446347397538,69.61420892431724,12.798424994816648,13.933820654787134,11.945439236898231,37.927452298208436,7.38333348390654,8.881323408090088,,,8.51266807511532,32.02839811115918,16.209326135757586,51.30345393595075,11.834133167093261,69.61420892431724,0.8378378378378378,0.8676470588235294,54731.525915837796,3061004.956879254,3048508.1657506027,3087,0.9959174221196323,12496.791128651228,0.004082577880367733,0.0,8.663664096196618,1.76912734634152,32.57878294244477,8.55048201814103,14.375446347397538,777.9900400957226,9275.390486928309,4627.395488074429,0.49888956099430626,5270.983929201001,0.17228095581092503,1968.725512302692,12,6,0,0,0.0,3087,207.0,1.968725512302692,68.54786477531067,46269.611190421514,4516.327674600436,3000000.0,0.36130534859679936,0,0,0.0,20,E7,bulk_t_per_year,3000.0,pooled_greedy
3.06440092314315,4.974258574440546,2.5793666962431416,3.5203362323292824,7.472764060610946,13.435090689580466,,,,,9.360101772424375,35.10979087034415,4.89089588737188,8.868415997311969,4.676536995257915,4.974258574440546,1.0,1.0,17595.62090963077,3017887.8166857953,3006960.373257887,3026,0.9963791088033522,10927.443427908021,0.0036208911966477257,0.0,9.31275517799101,1.76912734634152,34.61348763361457,9.34782594159159,3.06440092314315,855.3014775336551,8888.624397463085,4438.514862401545,0.4993477802558906,4991.0059153539205,0.17458855451693234,1927.4588970963564,18,9,0,0,0.0,3026,207.0,1.9274588970963564,69.48128108210958,47550.01760281722,4393.846089443255,3000000.0,0.3422794103002434,0,0,0.0,21,E7,bulk_t_per_year,3000.0,pooled_greedy
19.569733328300853,59.84882557636466,30.175585633854098,52.825883892506134,32.10417376371424,38.8028072914125,5.498982461004061,5.498982461004061,,,9.856605485666861,37.268664897408954,2.438300426462547,3.8895476322243674,26.01170025122815,59.84882557636466,0.6923076923076923,0.8333333333333334,25979.8525281932,3026234.4653184,3011498.333315631,3022,0.9951305385713997,14736.132002769235,0.004869461428600444,0.0,9.915299369037223,1.76912734634152,37.591002156574454,9.886160117695791,19.569733328300853,922.5661404940802,8868.888094903066,4434.278494088494,0.4999813332447915,4986.985222811062,0.1749067145841358,1925.7821405947066,20,9,0,0,0.0,3022,207.0,1.9257821405947066,69.37602449561027,47333.670658291565,4413.893518820025,3000000.0,0.35837868441603415,0,0,0.0,22,E7,bulk_t_per_year,3000.0,pooled_greedy
7.063585144152248,12.37265310016437,8.623723356094635,19.54140783784711,20.16729276860508,36.669031481509336,26.455228712433183,33.42853061823062,,,9.56901490367505,34.63557837232358,2.622809195082631,2.9570221389420226,15.67866200805316,12.37265310016437,0.9523809523809523,0.98,51759.94446805039,3055290.4787775124,3044281.2753987336,3066,0.9963966753880685,11009.203378778333,0.003603324611931286,0.0,9.573394045794917,1.7691273463417474,34.08813060375212,9.659792801760164,7.063585144152248,897.3721677900854,9186.460200437978,4578.068266644851,0.4983495456091548,5245.954310642912,0.18208226041818526,2050.2066017535503,12,11,0,0,0.0,3066,207.0,2.0502066017535503,68.669806660481,46235.87893714796,4521.384937570492,3000000.0,0.33441068481485453,0,0,0.0,23,E7,bulk_t_per_year,3000.0,pooled_greedy
15.487916841627289,68.91116306537515,32.32260726072508,82.84001279581389,55.713485881971664,80.88520975394987,105.40208624937077,127.65887691129156,128.28836689136097,128.28836689136097,8.481149367184004,29.94947188609228,28.157585451315526,79.29756034454385,53.59897322265081,68.91116306537515,0.8125,0.5882352941176471,29610.749921654082,3035875.1487811157,3035875.1487811157,3041,1.0,0.0,0.0,0.0,8.863291735818814,1.76912734634152,31.219229785398966,9.267607459858324,15.487916841627289,863.4449209012994,9030.005459453865,4512.627245798193,0.49973693438620764,5124.223835853004,0.16936213625913954,1862.181084609005,13,7,0,0,0.0,3041,207.0,1.862181084609005,68.79801403179107,46535.49229623737,4488.2340505828615,3000000.0,0.3459992507621236,0,0,0.0,24,E7,bulk_t_per_year,3000.0,pooled_greedy
2.3904886768816596,2.518356949026611,,,,,,,,,8.721862010219358,31.638290381336304,,,,2.518356949026611,1.0,1.0,381.0593257879957,3000381.059325788,3000381.059325788,3002,1.0,0.0,0.0,0.0,8.717643906732789,1.76912734634152,31.606249455853572,8.721062153041968,2.3904886768816596,789.0057619927474,8759.317078760685,4378.338668210496,0.4998493180281089,4967.88190926379,0.1651650392736506,1808.557180046474,14,6,0,0,0.0,3002,207.0,1.8085571800464741,69.59401257751159,47709.00614898221,4376.711527546692,3000000.0,0.0012412869308255914,0,0,0.0,25,E7,bulk_t_per_year,3000.0,pooled_greedy
32.91979310593425,60.45429268451517,45.58970329270596,63.38673290315437,15.293154501421123,37.431792656810835,,,,,9.022514825381084,34.08160865538102,6.195019028665683,7.453481604187163,33.93718452682718,60.45429268451517,0.45454545454545453,0.4583333333333333,8190.6778005479755,3008524.983939622,3008524.983939622,3026,1.0,0.0,0.0,0.0,9.214552424723932,1.76912734634152,35.01759557472951,9.046275303735799,32.91979310593425,816.3373982148969,8932.738090594274,4460.5111776205085,0.49934422484828067,5131.980298264205,0.17557704987308623,1950.160993392646,14,8,0,0,0.0,3026,207.0,1.950160993392646,69.4526926347061,47419.017566183385,4406.463307717373,3000000.0,0.3404482762607783,0,0,0.0,26,E7,bulk_t_per_year,3000.0,pooled_greedy
3.2732123851645545,4.924954462653796,6.189651833807905,14.04465483336071,5.1881910570299965,9.208412931852763,,,,,10.327600848444463,39.34185179712259,6.269796959417525,12.528659630774884,5.789067523096742,4.924954462653796,1.0,1.0,13595.972684481518,3015453.7485576156,3012453.7485576156,3049,0.9990051248501374,0.0,0.0,3000.0,10.23755200840105,1.7691273463416337,38.31938074693676,10.296127095545808,3.2732123851645545,972.7009313551202,9090.86775523629,4537.372826163056,0.49911328030809315,5140.1207754175475,0.1791879538210589,2018.4550544057047,14,10,0,0,0.0,3049,207.0,2.0184550544057047,69.38478479694012,47275.7899239464,4421.257802157474,3000000.0,0.3324016605751113,0,0,0.0,27,E7,bulk_t_per_year,3000.0,pooled_greedy
16.954774260929476,51.458234873066615,23.07399049263017,57.790786996619865,12.679100057407776,31.944362006408678,11.800403236927915,14.036822505681954,12.320362324389748,12.320362324389748,8.619535283434738,30.567591616665027,11.366283077578828,21.825224722869265,18.98850411438166,51.458234873066615,0.7222222222222222,0.7692307692307693,29356.204497115443,3032783.3362535285,3032783.3362535285,3049,1.0,0.0,0.0,0.0,8.749480906338327,1.76912734634152,31.020014082761456,8.685598083308738,16.954774260929476,795.2996305041166,9103.84508382177,4528.07690908179,0.4973807075351633,5187.154449204034,0.1680534671509311,1902.723204299079,10,6,0,0,0.0,3049,207.0,1.902723204299079,68.88151906768313,46583.233871662225,4484.504527526587,3000000.0,0.33737295446116483,0,0,0.0,28,E7,bulk_t_per_year,3000.0,pooled_greedy
5.352109293856296,18.76708697880081,4.524364332205356,7.3444924334703305,6.8492043370581355,21.91515301046066,16.99085844676231,32.83556971099489,16.84358797537965,25.93806953520751,8.87109017067593,30.91739057083749,11.018435959224831,30.466000720797638,8.283970608497777,18.76708697880081,1.0,1.0,66487.11408145115,3075522.2629487338,3062453.9529238,3062,0.9957508647612896,13068.310024933995,0.004249135238710458,0.0,8.859931464339393,1.7691273463417474,30.789821426314642,8.924834444308635,5.352109293856296,830.1838146060154,9106.591242836186,4544.90038953454,0.49907811477866026,5190.819882469795,0.16783379768061657,1887.9545236490342,9,6,0,0,0.0,3062,207.0,1.887954523649034,68.20933726177942,45835.77447362232,4557.312643290458,3000000.0,0.3372665049634403,0,0,0.0,29,E7,bulk_t_per_year,3000.0,pooled_greedy
2.6556199614461953,3.8284463116578076,6.667469103163157,11.039413750973493,4.385761358971629,6.368924359822087,,,,,18.377579627777916,39.07575969149756,10.19634843329925,15.897464897655823,5.602672155873777,3.8284463116578076,1.0,1.0,14226.272197636124,3016520.95336675,3011520.95336675,3040,0.9983424613727879,0.0,0.0,5000.0,18.186680157752214,13.145053903677763,38.872819365854,18.310197608706325,2.6556199614461953,1645.6954030371417,7772.536296644446,3891.1694412114507,0.5006305911869905,4229.438378454807,0.1550710521282201,1735.5713924043969,11,0,0,139,0.0,2606,207.0,1.7355713924043967,69.31234237604991,47224.673963008005,4420.053202609954,3000000.0,0.4082672952111864,0,10,29.789851578450218,0,E7,bulk_t_per_year,3000.0,marketplace
5.451022074659328,7.772218597631946,5.387344454285722,11.719694280391195,14.06712789168058,45.160266935853194,46.17180103185607,58.86160875753048,,,18.584901422394335,41.371735400613375,10.237991946638333,30.797965457367887,14.433135008856652,7.772218597631946,0.92,0.9411764705882353,32029.441339073703,3036614.678198846,3032614.678198846,3061,0.9986827436392514,0.0,0.0,4000.0,18.404192620334246,12.613403301131257,41.250977542500095,18.67674995464358,5.451022074659328,1679.3241188904435,7913.109024776388,3948.02017193976,0.49892149338247305,4250.16432894532,0.1572536262946903,1765.9118418076798,13,0,2,130,0.0,2638,207.0,1.7659118418076798,68.84023655975956,46556.49252056606,4484.141749930723,3000000.0,0.40424734569597226,0,3,6.2805944551227775,1,E7,bulk_t_per_year,3000.0,marketplace
13.458283052863479,33.4849594753191,20.311054973402705,45.95458681565543,19.396446859250403,49.42302909257323,4.675293146604872,4.675293146604872,7.472960837251321,7.472960837251321,19.372114106147475,44.7183325708993,7.358209024103265,13.21716380003673,19.26775375794742,33.4849594753191,0.75,0.868421052631579,33921.618957825915,3035238.453501558,3032238.453501558,3045,0.9990116097809254,0.0,0.0,3000.0,19.300868942429826,13.975089613865748,44.73873120071493,19.258811446047527,13.458283052863479,1709.692142202864,7704.64412690172,3846.877243744176,0.49929330678782785,4210.591125002878,0.16210065804791762,1815.972944194657,19,0,2,147,112.29039174964775,2591,207.0,1.815972944194657,68.86528752481813,46651.208298589416,4476.110706665418,3000000.0,0.41395149142685356,0,6,26.760922645897974,2,E7,bulk_t_per_year,3000.0,marketplace
5.06688445347063,7.620521065195994,5.016517226402016,8.609036959309607,9.73266685156408,27.67538202202777,6.05089325024619,6.05089325024619,57.385082656149734,98.91275996059476,20.67330205962729,48.23527825988566,3.539359700987643,5.322872566386832,8.22957537809967,7.620521065195994,1.0,1.0,37268.624413644,3041987.026541414,3036987.026541414,3027,0.9983563375003329,0.0,0.0,5000.0,20.556035384079014,14.304619708979999,47.98209687737773,20.857414015438312,5.06688445347063,1951.7302397728024,7705.157105542693,3846.737428970336,0.4992419202203147,4214.056006954239,0.15792010168694232,1754.8478587528377,18,0,2,130,339.7922384626411,2628,207.0,1.7548478587528376,68.73748423498778,46426.047176927845,4496.502729668031,3000000.0,0.41023680585793665,0,4,9.212732199571061,3,E7,bulk_t_per_year,3000.0,marketplace
4.613728438671794,7.835238087695325,25.80437975604016,87.12402555577437,26.668136242733908,90.3193637936024,68.18484805973935,98.94415430532882,7.518121086403198,7.518121086403198,18.8987481485894,41.72721502310279,8.533862699170413,10.111316433319416,31.06976783158216,7.835238087695325,0.9696969696969697,0.8507462686567164,44298.78112751127,3047903.1247829543,3043903.1247829543,3080,0.9986876223304227,0.0,0.0,4000.0,18.8225112085055,13.10537629167493,42.03263587533106,19.155375513242095,4.613728438671794,1774.9030652335582,8033.520425646657,4016.0430024755037,0.499910722782812,4387.0575276676955,0.16179995905485833,1821.5814478018658,14,1,0,139,0.0,2669,207.0,1.821581447801866,68.60322844955583,46241.897772496726,4515.852322393277,3000000.0,0.40601302311513726,0,8,22.197500972018116,4,E7,bulk_t_per_year,3000.0,marketplace
20.107833514031775,75.2046311643646,26.118399444997248,87.0174226944102,28.81373554058046,92.74426587635341,6.231422807150011,7.034797904192601,7.970744576029574,7.970744576029574,19.65404065104531,42.64464528556482,6.067110024008082,12.267016992311348,25.56425914444562,75.2046311643646,0.7777777777777778,0.7818181818181819,41510.935620636825,3049623.8518043132,3049623.851804313,3073,0.9999999999999999,0.0,0.0,0.0,19.632913872126075,13.095671665218106,43.46033281544972,19.578717863052326,20.107833514031775,1839.6977292144857,8098.578267870472,4038.531265907488,0.49867163498679423,4369.160308946707,0.1586210655924466,1829.8148802446478,15,0,1,122,0.0,2702,207.0,1.829814880244648,68.47723687519374,46079.17034590336,4531.978620982496,3000000.0,0.39859717195112293,0,5,10.384600369387277,5,E7,bulk_t_per_year,3000.0,marketplace
8.201874504064056,21.120987158127747,7.413823946909669,13.726805707626575,19.111458347581916,46.86090047977678,47.54099467498062,63.936734154099256,,,20.34670756808739,46.16624431183819,8.46545419554031,10.67948074384117,16.405311015608973,21.120987158127747,0.9545454545454546,0.9411764705882353,30637.37673131991,3036028.679392842,3034028.679392842,3067,0.999341244694566,0.0,0.0,2000.0,20.15259299745282,14.164967035062546,45.98603543115134,20.425621176800416,8.201874504064056,1882.5519620397868,7797.183765354729,3892.2813218942597,0.49919066152946856,4240.854077300252,0.1630759038186661,1847.736613121979,16,1,0,140,418.0461386305004,2616,207.0,1.847736613121979,68.8351227632152,46539.944996888145,4487.494272438148,3000000.0,0.41374042500710734,0,3,6.669660370214671,6,E7,bulk_t_per_year,3000.0,marketplace
6.418992874588031,14.0908777421833,11.375814698571114,34.815038666740456,3.0276953139548177,5.451026336328718,9.766858569085798,9.766858569085798,5.851535084063983,5.851535084063983,19.355038916663954,44.338108822707255,6.934493204615491,18.4663997359743,7.460953592998773,14.0908777421833,0.9583333333333334,1.0,30524.45940287883,3032374.06450192,3032374.06450192,3065,1.0,0.0,0.0,0.0,19.091710216100694,12.433121191731516,43.759502290646004,19.21046714641413,6.418992874588031,1813.8088988242166,8157.447393346631,4095.2686065699527,0.5020281969467718,4356.6351572258045,0.1549379319245024,1759.1963899519856,15,0,1,118,291.59497992561063,2709,207.0,1.7591963899519856,68.84348432924669,46518.794414302225,4487.631268573222,3000000.0,0.38554766756947484,0,16,48.86873153758239,7,E7,bulk_t_per_year,3000.0,marketplace
8.233289858317699,25.15489044445103,5.437993335267362,8.583031831789683,9.69923663268717,28.220960964424922,9.27403185081956,10.492744503753784,,,19.86543656455743,45.3119826417068,6.027331523063339,9.91536415611868,7.284634269468653,25.15489044445103,0.8260869565217391,0.98,33256.091587729024,3037542.1123756366,3034542.1123756366,3061,0.9990123593718166,0.0,0.0,3000.0,19.603772236954743,14.422005524906126,44.64907475626569,19.717965291698995,8.233289858317699,1877.970774241669,7948.800960645378,3966.274186140358,0.4989776704407917,4325.123852800002,0.15652801220753584,1763.452503336467,12,0,2,143,124.19407684993521,2670,207.0,1.7634525033364672,68.795701220275,46442.887332246486,4495.057574906345,3000000.0,0.41554289420736285,0,9,24.384701599702193,8,E7,bulk_t_per_year,3000.0,marketplace
17.116966715768225,56.634192613673996,32.92231039298347,70.19534206723684,16.423585215986243,47.518393274959074,9.91544491614392,14.133852335717894,87.72135821757183,87.72135821757183,19.482521497304774,43.85795063225499,6.353537414549714,11.982248519871064,26.041843565038313,56.634192613673996,0.7796610169491526,0.7523809523809524,49469.967780100145,3057816.7887262735,3057816.7887262735,3132,1.0,0.0,0.0,0.0,19.44709567788387,13.908417973900299,44.9269329386219,19.620867487306615,17.116966715768225,1822.0386445487118,8084.200830216253,4030.9617347829826,0.49862216679680804,4418.458695897496,0.16827372585396808,1967.8964025971404,22,0,3,162,331.32134384540757,2671,207.0,1.9678964025971406,68.33891983752312,45705.18798414008,4572.0826369888255,3000000.0,0.4158716640674041,0,7,21.63453015018634,9,E7,bulk_t_per_year,3000.0,marketplace
3.227012405836218,5.1329372567305205,6.645318899049949,12.480604417748623,4.030643396860029,6.868650335046457,,,,,19.847120853292903,42.97479602050445,9.096040994101909,4.640227818788685,5.483240898076651,5.1329372567305205,1.0,1.0,12920.61050059897,3014008.907185246,3013008.907185246,3054,0.9996682159771937,0.0,0.0,1000.0,19.58800904860591,14.254221357192023,42.44876997879833,19.776116051512762,3.227012405836218,1815.6922185467233,7864.629072148255,3939.442026980814,0.5009062717187678,4259.625187448584,0.15714423778583683,1743.6381836607284,12,0,1,150,34.2988289359625,2615,207.0,1.7436381836607284,69.28079027110117,47262.736077346104,4416.6642794875215,3000000.0,0.4114113901500498,0,11,38.75192634512212,10,E7,bulk_t_per_year,3000.0,marketplace
23.542182741446904,79.92792585447158,32.442161595016344,95.27534032971744,37.76977656945001,92.19722792657358,91.14002699437833,92.53437767630048,198.47482711965677,198.47482711965677,19.55527678990761,44.08973187273269,6.727932788474803,11.585949200514733,39.621189497568714,79.92792585447158,0.75,0.7,36892.1896035841,3046186.1602880065,3044186.1602880065,3065,0.9993434413083241,0.0,0.0,2000.0,19.748125572792752,14.26475522612418,45.228557700782765,20.457322278354248,23.542182741446904,1992.926454906782,8115.838895298491,4054.0479396551186,0.49952296884597236,4376.737479880699,0.1577968421905261,1834.212866933956,15,0,5,125,98.97223036982602,2683,207.0,1.8342128669339561,68.60099937093743,46200.53777834472,4520.168441953061,3000000.0,0.39215429880742053,0,3,7.221203659540177,11,E7,bulk_t_per_year,3000.0,marketplace
15.333827140032229,39.34590713049241,69.49059070250989,103.64867280983376,4.152978948508917,5.128219040517888,,,,,20.236059303558207,47.602961317254284,17.562531496633103,38.64817601392261,43.3555460009095,39.34590713049241,0.8571428571428571,0.75,3561.83029355119,3003699.5206949105,3001699.5206949105,3013,0.9993341544364807,0.0,0.0,2000.0,20.26037434667845,13.386639924044403,47.80305058661064,20.221492547995336,15.333827140032229,1882.017610569888,7616.423241904657,3809.0366992809877,0.5001083288444529,4110.182044535943,0.1561724960986776,1722.7932628508918,20,0,0,129,104.80348279694503,2623,207.0,1.7227932628508917,69.53487243604263,47604.599580658745,4384.508957148183,3000000.0,0.4121897430761239,0,1,5.642350606432107,12,E7,bulk_t_per_year,3000.0,marketplace
9.05139292493545,31.429297181130096,18.834892909832938,64.08557559762812,14.210831453349101,30.59416787061255,,,,,19.274531829541143,42.15941764787513,3.5062514204711683,5.582612039899778,17.601809854770583,31.429297181130096,0.8125,0.9354838709677419,6381.513375449237,3006924.7312860684,2999924.7312860684,3033,0.9976720401654331,0.0,0.0,7000.0,19.165538893248073,14.00371798689207,42.073048626195316,19.25877287891978,9.05139292493545,1753.7117236985482,7733.637331351063,3872.0407531018072,0.5006752433819344,4201.044371177626,0.16130200824407465,1796.6473674942044,16,2,0,136,0.0,2606,207.0,1.7966473674942045,69.60062870576859,47585.0142834284,4387.8656024741,3000000.0,0.3998934366336842,0,4,14.96486977997167,13,E7,bulk_t_per_year,3000.0,marketplace
9.335394893967157,21.38434460795542,11.919300133833698,15.597170764290876,18.623053370318623,35.565225295341065,15.68662032055297,29.849895308785857,33.58260479767796,33.58260479767796,19.27977322544481,43.19053335456783,10.241011655058303,21.26402911979021,15.944425635352415,21.38434460795542,0.9285714285714286,0.9431818181818182,84828.00960392416,3101645.506215281,3101645.506215281,3118,1.0,0.0,0.0,0.0,19.017133349551518,12.998372898519051,42.81070777116294,19.273507928660532,9.335394893967157,1866.9546923568844,8276.397669759803,4128.956665307175,0.49888331011371106,4538.476526041558,0.15849010771203617,1817.4029310352068,7,0,7,131,346.8210283162477,2727,207.0,1.817402931035207,67.32471602979554,44348.280757846274,4708.579438991903,3000000.0,0.40585536026388525,0,10,27.56123463197199,14,E7,bulk_t_per_year,3000.0,marketplace
18.467811922415404,83.04056222078152,16.29766092444864,41.38159218923529,11.568706884233128,22.325784093481158,7.481801279950711,9.189604782499192,12.105646833773108,16.84819483474225,19.56573181077511,46.08313026843166,8.684857723603342,17.28771540760846,13.592608437317349,83.04056222078152,0.8333333333333334,0.8833333333333333,62524.754954108124,3066970.0548774805,3049003.866013885,3071,0.9941420396866858,13966.18886359562,0.0045537415148168255,4000.0,19.436212419094108,13.200856229474084,46.105974595439875,19.454900910695113,18.467811922415404,1813.6879269473748,7939.122567489725,3956.4259743813686,0.49834549608576617,4326.666427653414,0.16181622924505532,1823.9201885286386,19,0,2,133,576.2816504371752,2646,207.0,1.8239201885286385,68.48922774949924,45785.12777817273,4560.955277885711,3000000.0,0.4034372694108164,0,8,22.25485503067705,15,E7,bulk_t_per_year,3000.0,marketplace
27.993207142985327,108.51522497641275,25.261018949015853,63.23970161087492,28.489087597720207,75.44749622201235,,,,,20.16362639048947,46.84946892849547,4.679851366286357,6.957765711513275,26.87505327336803,108.51522497641275,0.7692307692307693,0.782608695652174,8593.195723657987,3009262.4260027404,3004262.4260027404,3022,0.9983384632869519,0.0,0.0,5000.0,20.199021399925083,14.128513014720227,47.189464723614606,20.164065369346012,27.993207142985327,1887.08674401472,7644.393546906444,3823.3335926521772,0.5001487128039628,4179.152864432489,0.1599619540707063,1780.388158672417,16,2,0,144,0.0,2617,207.0,1.7803881586724168,69.49472401332825,47446.60789676248,4400.322750426139,3000000.0,0.40689305745828097,0,5,12.492407319080353,16,E7,bulk_t_per_year,3000.0,marketplace
6.819579210485259,16.52214691035715,9.360340322130304,17.997545621701097,7.389729094068684,17.520075787660247,,,,,19.197686819127945,40.61431555781576,13.791284378251206,35.039818226436545,8.548912169399049,16.52214691035715,0.9375,1.0,10652.556594058138,3011712.9254826526,3009712.9254826526,3039,0.9993359260827692,0.0,0.0,2000.0,19.05871672689014,14.418290611636621,40.48363944189023,19.158688692697183,6.819579210485259,1745.705223774622,7772.333136038041,3889.2745894458894,0.5003998826829048,4217.753739933164,0.15967695124450118,1791.9108934520555,12,1,1,143,0.0,2617,207.0,1.7919108934520556,69.37269967698636,47380.53200115482,4406.7025437444045,3000000.0,0.4203582798508256,0,6,23.328860780893866,17,E7,bulk_t_per_year,3000.0,marketplace
5.041566213092483,8.90291816690642,11.418824649424737,23.79572409139746,6.757123614150606,7.023744913662995,15.307404029308701,32.75405304181004,,,18.46238384371883,41.265267308714726,11.631267468729856,22.0892681760909,10.080558536194927,8.90291816690642,0.9714285714285714,0.9878048780487805,72767.37775706497,3080425.119117155,3078425.119117155,3110,0.99935073896535,0.0,0.0,2000.0,18.118780018067635,13.142206638583957,40.6624228603213,18.272401871311644,5.041566213092483,1702.6280908027973,8260.710839192454,4094.629454223636,0.495675194778264,4529.538092419333,0.16431680223429576,1943.864234641892,10,1,3,134,110.95174532292552,2700,207.0,1.943864234641892,67.87362243671002,44944.664583283404,4648.913640182241,3000000.0,0.3949207091008164,0,2,3.9000000000000004,18,E7,bulk_t_per_year,3000.0,marketplace
8.34424909786269,14.177847029741134,4.498184729164829,8.333746085323401,11.120876647310267,26.016862097736407,16.998080240860872,16.998080240860872,10.802357635280714,10.802357635280714,20.598093224133564,46.171514858199316,10.283052853635386,20.695655287869158,8.562446948750345,14.177847029741134,0.9259259259259259,0.9583333333333334,32248.185102675016,3036805.135067402,3026618.366107374,3061,0.9966455638386551,0.0,0.0,10186.76896002817,20.333469262499563,14.553299500220419,45.474871346690634,20.475973343203094,8.34424909786269,1955.885942028979,7907.207154972203,3947.0888135734185,0.49917609798440826,4320.181488505894,0.15664466286901604,1751.5913684378581,11,0,0,145,87.90010954405012,2651,207.0,1.7515913684378581,68.97189077621293,46640.090073741,4475.797345982568,3000000.0,0.4175190548290342,0,8,19.503113628662337,19,E7,bulk_t_per_year,3000.0,marketplace
14.769451634850482,62.59403649094217,16.457737330545342,20.56234676401564,14.436057273252679,48.65509160005644,26.784111899474397,39.92040263531355,18.434049487353604,18.434049487353604,18.78761628770629,41.90360090396189,10.916916962881384,27.934750177423947,16.413616130226135,62.59403649094217,0.8108108108108109,0.8676470588235294,54731.525915837796,3067602.8619220047,3063602.8619220043,3085,0.9986960502450782,0.0,0.0,4000.0,18.664428718716206,13.383566827464165,42.267588172895,18.757490369483335,14.769451634850482,1720.2437883495377,7896.539915615898,3940.8102397275356,0.49905531813172227,4298.0667648784365,0.15855921423722616,1814.804954090416,12,0,3,145,0.0,2626,207.0,1.8148049540904159,68.15988049543955,45865.50012099499,4552.764156135412,3000000.0,0.4083294310900423,0,6,19.706457548281673,20,E7,bulk_t_per_year,3000.0,marketplace
5.585748326797337,5.369856708731094,2.940629869355348,3.6920964464280135,14.449566996505837,20.214446921011312,,,,,20.023011102768205,44.707061939558116,5.252004698306716,9.567140790248686,7.873031495276986,5.369856708731094,0.9333333333333333,1.0,17595.62090963077,3023129.185237817,3023129.185237817,3028,1.0,0.0,0.0,0.0,19.894135661117353,13.713694348999525,44.70144238047301,20.074923216655854,5.585748326797337,1889.0499826745177,7814.708622425804,3916.503366309982,0.5011707480776475,4202.476676515032,0.16130346733226106,1786.0172357983677,18,2,2,127,0.0,2672,207.0,1.7860172357983677,69.06288300722221,47128.218929270726,4430.169906253853,3000000.0,0.39799000143505997,0,12,35.87085305889349,21,E7,bulk_t_per_year,3000.0,marketplace
36.63013308230826,93.44732275325714,48.46336254322705,79.12307167371509,55.872519704092156,80.3389385488359,5.498982461004061,5.498982461004061,,,20.214844649653475,45.17314501128837,4.1465026327759915,5.437687460610869,42.83414939112849,93.44732275325714,0.6153846153846154,0.6111111111111112,25979.8525281932,3026234.4653184,3004498.333315631,3015,0.9928174329346018,14736.132002769235,0.004869461428600444,7000.0,20.301817089210484,14.529394280000815,45.410887320916835,20.24862775602126,36.63013308230826,1899.9935778989088,7615.409858151354,3811.4845665114603,0.5004963143817844,4129.855544672065,0.15850263362142772,1776.1637000586304,18,1,2,138,0.0,2608,207.0,1.7761637000586303,69.48786137939457,47412.80932113736,4403.37045387823,3000000.0,0.39867690137190026,0,3,10.349166942676964,22,E7,bulk_t_per_year,3000.0,marketplace
4.082362435219801,6.826780618494013,7.3135850107675635,14.269940367952907,6.251019883767308,10.32252365300537,10.281794811722268,16.90124050716313,14.688437448026889,14.688437448026889,19.22540861843471,41.40706193955905,3.392421298421094,6.346077591073345,7.458943553345873,6.826780618494013,1.0,1.0,51759.94446805039,3058448.684809419,3056448.6848094184,3066,0.9993460737105272,0.0,0.0,2000.0,18.921126422627232,13.181032071310483,41.076390977942026,19.02483864224586,4.082362435219801,1772.3720544088735,7898.344523752418,3942.401353872859,0.4991427433960385,4281.463415077404,0.15849793102022958,1787.9782116755794,13,1,5,144,0.0,2640,207.0,1.7879782116755794,68.31064406523623,45687.85700199502,4569.878998757998,3000000.0,0.4059058320595678,0,6,13.112732199571063,23,E7,bulk_t_per_year,3000.0,marketplace
16.25033625040517,61.40814404455659,38.346577507855386,94.91270871291654,72.55235845474401,116.76329357763534,69.79774915989371,79.39245681935081,69.03358300317632,69.03358300317632,18.92020856556696,42.90597304034659,13.275685096826086,34.47722109654137,56.89068759587402,61.40814404455659,0.75,0.5882352941176471,29610.749921654082,3035875.1487811157,3033875.1487811157,3039,0.9993412113799203,0.0,0.0,2000.0,19.136397081239252,13.386445454075783,43.83826122894116,19.314551371860244,16.25033625040517,1791.0981836683948,7810.404294516101,3911.35080821896,0.5007872397803051,4244.308154520034,0.15471772026876307,1710.3426983730112,13,0,5,131,0.0,2630,207.0,1.7103426983730112,68.79331958740099,46535.15371747066,4485.003830985886,3000000.0,0.4073385631101732,0,8,28.989130355525937,24,E7,bulk_t_per_year,3000.0,marketplace
3.2414325550248577,4.050055929684367,,,,,,,,,19.57969092671763,43.440249915459226,,,,4.050055929684367,1.0,1.0,381.0593257879957,3000381.059325788,2999381.059325788,3001,0.9996667090012145,0.0,0.0,1000.0,19.568802383984078,13.767291613534326,43.424713048819285,19.57758832920448,3.2414325550248577,1814.6525712673,7568.361058545734,3790.1293542552207,0.5007860123131463,4127.46057770627,0.1532199674493929,1680.0653150035087,14,0,0,135,0.0,2607,207.0,1.6800653150035088,69.57437590871211,47705.78402786342,4374.313714100584,3000000.0,0.41915092219756483,0,3,10.18668956844335,25,E7,bulk_t_per_year,3000.0,marketplace
36.67575765241649,73.81468264804971,63.132110656568955,92.18352818162184,18.109785830010786,44.85154886436794,,,,,17.816208722301205,37.66162170247225,7.126389808150634,7.639755760084154,45.81583187712351,73.81468264804971,0.45454545454545453,0.4583333333333333,8190.6778005479755,3008524.983939622,3008524.983939622,3026,1.0,0.0,0.0,0.0,17.99799011734934,13.386045078361576,38.836260862126665,17.82566544014566,36.67575765241649,1533.6393639386902,7548.594318928304,3777.7889338348564,0.5004625727947717,4107.763406016622,0.15999529905073545,1798.218177447158,14,2,0,136,0.0,2563,207.0,1.7982181774471582,69.40218854490905,47384.53575949742,4406.463307717373,3000000.0,0.42318570279186823,0,4,11.01751179889225,26,E7,bulk_t_per_year,3000.0,marketplace
3.153811266955739,4.703379862648307,7.417571783663486,14.469744942912211,7.96301916186701,13.908539611839018,,,,,20.27166014663697,46.6682276270044,18.345781445592074,69.09262903182724,7.635750734944895,4.703379862648307,1.0,1.0,13595.972684481518,3015453.7485576156,3011453.7485576156,3048,0.9986734998001832,0.0,0.0,4000.0,20.078811796937913,13.976109234260093,46.520669823265585,20.19609014730147,3.153811266955739,1906.4572911353257,7890.738598344232,3937.5699416168686,0.4990115807971533,4284.0253127411,0.16075760508093187,1843.5512276570494,14,1,0,136,475.5683703537194,2658,207.0,1.8435512276570494,69.34974555982673,47245.12519006097,4420.425396006608,3000000.0,0.4134104202900086,0,7,24.46941123799027,27,E7,bulk_t_per_year,3000.0,marketplace
12.887627306214641,51.201095941758105,18.347256327614502,57.16815163273605,11.053146053288822,28.20626848868015,6.466355970507379,7.6907742113446265,7.286151650991684,7.286151650991684,19.940279286353604,41.76166029487422,7.091040890357261,14.559633820525415,14.913291925569276,51.201095941758105,0.8333333333333334,0.8461538461538461,29356.204497115443,3032783.3362535285,3028783.3362535285,3045,0.9986810795376694,0.0,0.0,4000.0,19.821786102965,14.490613389858481,41.94152715129675,19.822640885354044,12.887627306214641,1827.3237043705924,7803.934790537975,3893.7733210681654,0.4989500073461971,4280.26502879336,0.1571818272075776,1787.0056797809234,12,0,1,151,0.0,2612,207.0,1.7870056797809233,68.93428235049697,46592.02334271461,4481.174902923121,3000000.0,0.41463882228166593,0,3,10.913554265972286,28,E7,bulk_t_per_year,3000.0,marketplace
6.218878658327614,19.350083103791125,5.037968311765399,7.98408381790737,3.6595778005607116,4.388671422392304,9.865281612736794,18.281176519731765,13.98752428524051,21.180759709391737,19.86134792739027,42.596619237688905,7.441315105478836,12.088432213835404,5.354463327198762,19.350083103791125,0.95,1.0,66487.11408145115,3075522.2629487338,3059453.9529238,3059,0.9947754206761853,13068.310024933995,0.004249135238710458,3000.0,19.58953269750445,14.342523356117681,42.05158989667639,19.624484351847926,6.218878658327614,1834.4919694418682,7774.705451701938,3883.08048036243,0.4994504942322151,4229.348410456753,0.15538910605452083,1768.3331804588354,9,0,3,149,131.2915017910498,2615,207.0,1.7683331804588354,68.23712217696466,45850.39968728334,4553.250017542616,3000000.0,0.409289951534441,0,7,18.78376731206424,29,E7,bulk_t_per_year,3000.0,marketplace
