delay_mean_consumables,delay_p90_consumables,delay_mean_science,delay_p90_science,delay_mean_equipment,delay_p90_equipment,delay_mean_infrastructure,delay_p90_infrastructure,delay_mean_element,delay_p90_element,delay_mean_bulk,delay_p90_bulk,delay_mean_return,delay_p90_return,delay_prio2_mean_h,delay_prio1_p90_h,sl24_prio1,sl48_prio12,landed_kg,ready_kg,delivered_kg,delivered_items,delivered_share,stranded_kg,stranded_share,backlog_kg,delay_mean_h,delay_median_h,delay_p90_h,delay_mass_weighted_h,delay_prio1_mean_h,tonne_days_waiting,km_total,km_empty,empty_km_share,energy_kwh,utilisation,operator_hours,faults,night_strandings,team_lifts,bundled_jobs,backhaul_kg,jobs,fleet_cost_musd,operator_cost_musd,cost_per_kg_usd,cost_per_tkm_usd,delivered_tkm,bulk_kg,revenue_gini,unmet_operator_waits,repositions,km_reposition,seed,exp,phase,variant,batch_h,mechanism
3.043026970381677,4.893294742330999,5.357218716400325,11.295703315100539,6.675958953060558,15.6808746003627,,,,,24.450225275361067,31.068703874723543,4.214547194749059,11.495840005034097,5.773663001661451,4.893294742330999,1.0,1.0,13968.57625752051,515078.73700219905,515078.73700219905,554,1.0,0.0,0.0,0.0,22.48051426199188,25.704708293040312,29.660279913913243,23.892838147584907,3.043026970381677,450.5658912088961,1758.2404474421394,877.6222071159881,0.4991480024206809,1030.1707814111835,0.040571409202747384,380.05365573093417,3,0,0,21,102.4925070669722,529,162.0,0.3800536557309342,315.2528768723716,209411.25672139367,775.4122495514446,500000.0,0.4782005041527719,0,6,19.798987548695372,0,E8,P2,marketplace,0.0,marketplace
3.080082064653853,4.62147986814889,3.4330829899409516,4.01664504808511,4.384329954068926,5.644061312779013,5.565633569867411,7.387352518747503,,,24.721434036292074,31.12036284531577,14.16738402719089,39.38165818458438,4.229789172828041,4.62147986814889,1.0,1.0,22776.714596747763,525519.2910413912,524519.2910413912,535,0.9980971202826477,0.0,0.0,1000.0,23.440346825587813,25.704708293040312,30.619449402238935,23.921070195631412,3.080082064653853,459.67951488687225,1673.3886372608913,843.2058948286807,0.5038912515916767,1009.6850929963177,0.0400059662567345,372.6128325647145,2,0,2,18,0.0,515,162.0,0.3726128325647145,309.56461584127226,200007.12120678526,811.8341579682526,500000.0,0.49301173078243493,0,10,26.51678011587135,1,E8,P2,marketplace,0.0,marketplace
10.544367512260248,23.60354418525504,4.352672986672587,7.067526679890397,4.483620541595883,8.95968310182434,4.68371236716564,5.106472912999175,,,24.292146478414097,28.97281936585432,7.853793816165638,14.27953164080327,4.443158242330455,23.60354418525504,0.9090909090909091,1.0,29310.196036041838,532277.3226155266,516873.34282247716,548,0.9710602365748803,14403.979793049497,0.02706104352195697,1000.0,22.83072890849173,25.704708293039857,28.972819365854,23.704468513872026,10.544367512260248,449.3919763293265,1695.6412592832978,844.4497429504072,0.49801202838584707,999.0140586150529,0.039646049215439426,369.18794333836604,2,0,0,21,0.0,520,162.0,0.3691879433383661,314.13728372349993,206652.01558823034,785.7130620340581,500000.0,0.4763315456119,0,5,12.48591588338666,2,E8,P2,marketplace,0.0,marketplace
3.683672506138889,6.882972157178757,5.02762485706952,7.73805439734224,6.28305886348794,13.078595942571473,34.10937453661609,34.10937453661609,50.02432245581622,50.02432245581622,24.707493366944135,29.79084675636518,4.125123269098075,4.676887630746478,6.762461929724968,6.882972157178757,1.0,1.0,28096.063942230638,531327.860284328,530327.860284328,561,0.998117922897051,0.0,0.0,1000.0,22.609338310664718,25.704708293039857,28.97281936585432,24.334299020705327,3.683672506138889,470.95528251036916,1837.6786731511102,912.9083140263507,0.4967725464544711,1089.420297589054,0.04282051097393583,398.7493589801373,4,0,2,21,0.0,533,162.0,0.39874935898013725,306.22330358414933,195400.82787711776,831.1057385135965,500000.0,0.47356725049268,0,6,19.282620201124633,3,E8,P2,marketplace,0.0,marketplace
3.3612328204474884,6.82627785885925,4.735814988002289,7.8188074815539945,2.5500981997106464,2.9339288334962474,,,60.95953131467718,106.17190099377198,25.202692252915796,31.731465799026427,3.2023795439490814,5.208471792655292,3.578670805965537,6.82627785885925,1.0,1.0,32491.15341102122,538255.453584505,538255.4535845051,550,1.0000000000000002,0.0,0.0,0.0,23.429519486596472,25.704708293039857,30.593689750441353,26.391819420359205,3.3612328204474884,515.210039067845,1731.5611249076046,872.6190384536195,0.5039493125027175,1002.6912458438952,0.04189944878491383,396.5632813349931,4,0,1,21,0.0,520,162.0,0.39656328133499313,301.7090903582253,195366.20186229242,831.2418511150834,500000.0,0.4767924817529085,0,12,33.8810134587449,4,E8,P2,marketplace,0.0,marketplace
7.721524517348366,15.634949015859473,8.62512587774711,13.0113619901917,18.96472038862431,72.28306856140907,63.27263731718904,94.7322586485434,,,25.30593929384582,31.50706193955939,3.5547629385230763,5.270174942417157,23.00115966926123,15.634949015859473,0.9259259259259259,0.8771929824561403,43452.69323580841,547328.4080016714,546328.4080016714,572,0.998172943363837,0.0,0.0,1000.0,23.746601165544885,25.704708293039857,31.59402901151734,26.676029687150283,7.721524517348366,531.5711504974056,1843.9702193279204,918.835722106243,0.4982920615936709,1113.2808553553764,0.04367270732612659,433.8930612685714,3,0,0,25,0.0,536,162.0,0.4338930612685714,297.319141165311,183294.22873593422,886.1920758851692,500000.0,0.505913635540813,0,11,27.01436176718701,5,E8,P2,marketplace,0.0,marketplace
6.017439397494412,16.168582768866653,15.311435887290441,41.92576804684197,4.114813563708789,7.107798410137185,8.996946876740196,13.10204705109452,,,25.125928309317068,31.64725557920183,6.044016915853219,9.674022816582788,10.993339541154086,16.168582768866653,0.9285714285714286,0.9807692307692307,31608.77227884693,533346.8920584851,533346.8920584851,565,1.0,0.0,0.0,0.0,23.13958376403923,25.704708293039857,31.50706193955931,24.024233970637237,6.017439397494412,452.3088949032464,1758.6352840630677,880.4419206730283,0.5006392903927738,1058.31453340727,0.044975900560420876,445.2459505088701,6,0,0,30,0.0,521,162.0,0.4452459505088701,304.5770930126572,194271.21616947462,836.177634306865,500000.0,0.49623278481978,0,7,19.864926492619915,6,E8,P2,marketplace,0.0,marketplace
6.704314262627302,13.35464835492451,6.3327982970425385,12.47958512259575,2.504203767682785,2.9199910145446895,6.191021358897288,6.846215195198672,11.965982658850123,11.965982658850123,24.803368356808544,30.28349000935394,6.6815075045214085,4.516320925530689,4.885260603687193,13.35464835492451,0.918918918918919,0.9672131147540983,40773.60461111535,544565.4292464787,543565.4292464787,581,0.9981636733690867,0.0,0.0,1000.0,22.182070266785615,25.70470829303963,28.97281936585432,23.353972806901297,6.704314262627302,460.7301269464183,1907.3318721575747,952.7815470119425,0.49953632135038756,1115.091296769482,0.04310110818464093,408.4400126856906,2,0,1,22,0.0,555,162.0,0.4084400126856906,298.7836077762074,186928.45458540952,868.8267410806611,500000.0,0.4754026026110975,0,12,35.733813033790675,7,E8,P2,marketplace,0.0,marketplace
9.99190584621406,40.71694706329687,13.27200259706089,27.603806339421578,9.226779981952188,23.416616142648415,5.159550367641145,5.271609509385485,,,24.965391251264034,31.507061939557595,3.326006380857251,5.1003007447654,10.280141794658602,40.71694706329687,0.88,0.8958333333333334,38363.5914215517,540361.5398106,526845.8481339898,560,0.9749876875372228,13515.69167661024,0.02501231246277737,0.0,23.230086802919292,25.704708293040312,31.418742628307886,24.228547003459504,9.99190584621406,463.9487095722678,1764.3757179185523,875.996620940685,0.49649097527487235,1028.6948012010462,0.04290360893589722,408.05379361467647,4,0,2,18,0.0,533,162.0,0.4080537936146765,308.26484515127146,199063.85480933194,815.8590817462714,500000.0,0.48740075919358256,0,13,36.82924239409328,8,E8,P2,marketplace,0.0,marketplace
9.65068117734708,33.84813570320948,7.826008902164555,15.524368780616713,10.548258879227124,39.550092391076404,5.8515350840643805,5.8515350840643805,7.253474718233974,8.758631242005777,25.955153889618522,33.590078344502395,7.849412586385002,27.688697438364215,8.919637408420975,33.84813570320948,0.8421052631578947,0.9506172839506173,47374.080402398526,549736.351411949,548736.351411949,603,0.9981809461982428,0.0,0.0,1000.0,23.020293031461833,25.70470829303963,33.07807003213202,24.528713436016783,9.65068117734708,475.69332948294897,2001.1198656747144,994.1874708213898,0.4968155520689817,1228.6095847728625,0.051203977606263454,500.0936602922721,8,0,0,32,178.53283875621773,558,162.0,0.5000936602922721,296.13509883601586,183472.29273139316,885.6928271899639,500000.0,0.5125626827939102,0,11,27.543977658417184,9,E8,P2,marketplace,0.0,marketplace
4.407650246298236,6.476964833212451,9.923216396700354,14.705089802385007,12.197989350892271,27.358308819704316,,,,,23.583232081505624,29.08163704456706,3.284656626271931,6.173492218649471,11.060602873796313,6.476964833212451,0.9285714285714286,0.9666666666666667,13819.243346008723,516514.44304295897,516514.44304295897,540,1.0,0.0,0.0,0.0,22.339146956378602,25.70470829303963,28.972819365854342,23.164496081136424,4.407650246298236,435.9618778066813,1658.992878247087,833.1188713503717,0.5021835128253569,969.1411781192894,0.039459136269793,380.50140765488794,2,0,0,20,0.0,516,162.0,0.38050140765488794,314.37746532510715,206765.41380619293,785.3368627688319,500000.0,0.4852497738767423,0,10,31.483627498607714,10,E8,P2,marketplace,0.0,marketplace
5.568056653593273,11.414764079273482,8.027010635963961,15.771404516792611,2.8942754921459484,3.446821946636873,,,7.552558473439603,7.552558473439603,24.165518657437183,31.50706193955923,8.500375075429767,20.154083671643832,4.360771247522523,11.414764079273482,0.9523809523809523,1.0,26006.043708159235,531772.2574830158,531772.2574830158,543,1.0,0.0,0.0,0.0,22.703120625986767,25.704708293039857,31.349859672675485,23.37150526361548,5.568056653593273,448.85398479965846,1655.632150733077,829.588980330785,0.5010708326505146,1023.6084790906551,0.04045317112553539,366.5778735036264,2,0,0,27,0.0,514,162.0,0.36657787350362636,305.331042732498,194492.6016926011,834.8213580387329,500000.0,0.505406701262796,0,6,19.28262020112463,11,E8,P2,marketplace,0.0,marketplace
3.9457815168548223,6.779362171676441,5.809663365019939,11.283432104655958,22.84797085817354,22.84797085817354,,,,,24.628449549673068,31.51672494755458,6.0016602111318855,11.108922206832359,8.24370729261331,6.779362171676441,1.0,1.0,3605.0987133016765,503977.3460501888,503977.3460501888,521,1.0,0.0,0.0,0.0,23.88015895965592,25.704708293040312,31.02409201561386,24.541130185155648,3.9457815168548223,454.9077462086278,1521.195889146374,756.7635833794133,0.4974793770998649,902.2446221629463,0.03788303451736422,357.2226410444572,4,0,0,20,0.0,497,162.0,0.3572226410444572,322.1518266911863,219312.97609694788,740.29920860348,500000.0,0.45811019494086924,0,6,16.792238772033354,12,E8,P2,marketplace,0.0,marketplace
2.8637364107309047,5.285668359866468,4.414290973514563,7.353748542629181,14.1392168153983,34.094116605673534,,,,,23.861900365044495,28.97281936585432,2.788388094073298,3.874433265204789,8.736480236574002,5.285668359866468,1.0,1.0,6216.486291594783,506496.9548278934,506496.9548278934,522,1.0,0.0,0.0,0.0,23.077452751738747,25.704708293039857,28.97281936585432,23.741942557972315,2.8637364107309047,444.3786593305533,1531.7835305834599,762.2315893264821,0.4976105135665914,889.9106821872797,0.03603701399881332,342.1265115208805,2,0,0,17,0.0,504,162.0,0.3421265115208805,320.51945221799883,215660.26068305562,752.7679230162225,500000.0,0.463766727267132,0,6,18.731076911799125,13,E8,P2,marketplace,0.0,marketplace
11.052276264328405,45.98421321318919,7.042370494130618,11.143443989962634,8.444817806717133,20.262468538886424,16.825217801567476,49.34532864705006,,,24.171541156541878,29.903394551351905,4.879825500468054,4.82357776137942,10.093944295975438,45.98421321318919,0.8275862068965517,0.9193548387096774,58929.484502104126,566652.9292862886,566652.9292862886,576,1.0,0.0,0.0,0.0,22.235597758177434,25.704708293039758,30.100826667878916,23.01243864856767,11.052276264328405,472.72044973561214,1833.9984728912607,914.6455545402468,0.4987166391138413,1098.5828663241161,0.040372267563183184,383.666927252002,0,0,0,25,0.0,546,162.0,0.383666927252002,286.5663592911761,169945.4669882297,955.5045498124324,500000.0,0.47685484241965276,0,8,25.070191208235546,14,E8,P2,marketplace,0.0,marketplace
9.746201400485532,21.722915273722993,12.651878994016075,36.972013405504185,6.084643779379307,4.1552616848730395,6.087254561683819,6.903809601991452,6.517839647709252,8.051208116896623,24.370815821016183,29.18786047602271,5.988712628993434,6.544651577301924,9.621315958443505,21.722915273722993,0.9142857142857143,0.972972972972973,64862.71277757866,573615.9384122626,573615.9384122626,603,1.0,0.0,0.0,0.0,21.685716753205014,25.70470829303963,28.972819365853866,22.091345138700714,9.746201400485532,449.01620064650405,2068.3182657215243,1026.3979103104145,0.4962475685299621,1247.5910653462333,0.04779651203295163,505.94320432369767,4,0,0,28,0.0,563,162.0,0.5059432043236977,283.3009550852636,164728.9249603224,986.5052129944141,500000.0,0.45291852897201873,0,7,21.140090200710937,15,E8,P2,marketplace,0.0,marketplace
5.357513481669191,16.483410976476442,9.125499341271668,19.425859225978456,15.050466933501108,22.597653204122253,,,,,24.360006256148132,32.11176923259882,2.959320575187197,3.9671929699394695,11.100488538681482,16.483410976476442,1.0,1.0,8440.199489225186,509188.49886297405,509188.49886297405,531,1.0,0.0,0.0,0.0,23.33442230282387,25.704708293039857,31.507061939559208,24.05807602246034,5.357513481669191,443.8142360225172,1523.5126145730378,758.4585419495313,0.49783541973630996,927.4645921621094,0.0395667094301245,365.1550230894213,3,0,0,26,0.0,497,162.0,0.3651550230894213,318.87042889942205,215515.42019838083,753.3806855845077,500000.0,0.5064511377581922,0,5,15.961416541584455,16,E8,P2,marketplace,0.0,marketplace
4.522908086307003,9.136371234546457,10.891896988919664,24.396268237011828,6.309778232182009,12.520810186587735,,,,,24.95079789348493,30.749414926224926,10.999531755750105,15.677494538902465,8.982680840278974,9.136371234546457,1.0,1.0,10188.61735102234,511539.3687118152,511539.3687118152,538,1.0,0.0,0.0,0.0,23.739831946902726,25.704708293040312,29.778070032131268,24.522243997311048,4.522908086307003,456.03604449141005,1590.9068812597254,786.6514373370409,0.49446730453145554,959.5069692666171,0.043245238007965744,424.75098482362415,5,1,0,20,0.0,508,162.0,0.4247509848236241,317.52150649489596,212210.29423471622,765.3952489466554,500000.0,0.4848576029532509,0,4,10.79092325803397,17,E8,P2,marketplace,0.0,marketplace
4.813560475122042,8.616021868250757,5.564760158734316,7.142741622721125,3.930366384305489,6.462837424303689,40.58114060857573,110.45072929519392,32.56412070491433,52.750756528789225,25.033092365390885,31.785017028382935,9.766150780748195,28.376664386509873,11.551288419463866,8.616021868250757,1.0,0.9629629629629629,68261.72443658626,577118.2182746406,576118.2182746406,575,0.9982672527597732,0.0,0.0,1000.0,22.992636833540924,25.70470829303963,31.60368044623881,24.581588045956163,4.813560475122042,513.982374624487,1861.800514753519,923.6556511861843,0.4961088171728568,1158.909101492384,0.04273670689800035,402.7581090629329,1,0,4,22,56.10770373854109,544,162.0,0.4027581090629329,281.89137742497866,168147.52552607813,965.8349571363498,500000.0,0.4811922171223664,0,6,13.571745488482872,18,E8,P2,marketplace,0.0,marketplace
9.142971799950958,29.582944459312788,4.99796044407485,7.044824986157164,6.96817285832248,17.700529303758234,,,114.13478743119595,114.13478743119595,24.464466088519824,29.910122324557044,5.64793803586556,11.542118464345151,5.693329531456366,29.582944459312788,0.8571428571428571,1.0,37728.11627304937,538786.9281851918,537786.9281851918,583,0.9981439787276052,0.0,0.0,1000.0,22.151889734429687,25.70470829303963,29.423169398748488,25.606475143072267,9.142971799950958,500.6448535943697,1979.1132140488398,992.5651934715181,0.5015201689452334,1183.8058093039576,0.04893203256633192,465.91458596584397,4,1,1,22,0.0,554,162.0,0.465914585965844,302.10089920597557,190085.6600212101,854.6984268452318,500000.0,0.43847714953153255,0,10,31.11952669795951,19,E8,P2,marketplace,0.0,marketplace
3.6819226690699502,5.975218301627228,5.206550658701326,8.549980027159881,8.65752290647797,16.76821660583046,7.118438474041341,7.118438474041341,7.754231648850748,10.101522348509036,24.85444447273237,29.672637523137247,9.667802779208083,29.431872152535522,6.9489823909034385,5.975218301627228,1.0,1.0,42968.20466135957,546796.3875473237,546796.3875473237,559,1.0,0.0,0.0,0.0,22.8913842410081,25.704708293039857,28.972819365853866,23.426809883668675,3.6819226690699502,462.1680520523961,1698.2649649126497,834.988467925389,0.49167149130249926,1013.2391629143639,0.04118440324576863,403.01029807012077,2,0,1,21,0.0,529,162.0,0.40301029807012073,297.00819902365316,189544.94920740646,856.8047366979073,500000.0,0.47804176815373917,0,5,15.868886541170758,20,E8,P2,marketplace,0.0,marketplace
3.1435041872077365,5.559401315831747,4.834297056210289,8.64283843164776,3.518169269097598,4.7192150061864595,34.98303365036054,34.98303365036054,,,24.411450299007814,31.549917903322967,3.6726619974655375,6.067252807532533,8.273857183700898,5.559401315831747,1.0,1.0,17327.275816339392,522341.9832740221,522341.98327402206,537,0.9999999999999999,0.0,0.0,0.0,23.031359494776275,25.704708293039857,31.500079118528085,23.75715937627175,3.1435041872077365,449.811409767679,1623.3705724921567,808.6483810367131,0.49812925941813574,960.3148938658791,0.03972516817790195,380.3100486260218,3,0,0,20,0.0,510,162.0,0.38031004862602175,310.86972758887134,205327.05270925027,790.8373879917411,500000.0,0.4727310293535781,0,9,24.21744834583803,21,E8,P2,marketplace,0.0,marketplace
8.431965753620185,21.774664683307403,17.802525912143164,38.825063239740665,12.384209706322736,33.036144226913166,4.675293146604872,4.675293146604872,,,24.124000093492388,28.97281936585432,6.858794777261058,12.503306625348166,13.999431745438093,21.774664683307403,0.9166666666666666,1.0,19226.136203616657,520041.7500651535,519041.75006515346,532,0.9980770774656559,0.0,0.0,1000.0,23.249590168490133,25.704708293039857,28.97281936585432,23.461214037827535,8.431965753620185,440.26587495785697,1561.3972680173658,774.0900932077276,0.4957675468400513,931.3676053195716,0.039633430348087396,363.5094492900108,5,0,0,15,66.95580926203557,505,162.0,0.36350944929001083,312.81396810354676,207566.30948675936,782.2247736193776,500000.0,0.46619629902469645,0,1,2.6356018297700885,22,E8,P2,marketplace,0.0,marketplace
2.9042794999920547,5.240616098767077,5.557950818683288,8.725907737595545,5.319456004829417,6.719298048396243,8.999916789952294,11.587097059177358,7.158755276702067,7.158755276702067,25.904128073085797,31.973034874121097,3.399281321431829,4.804122361553709,5.713088191234988,5.240616098767077,1.0,1.0,44840.47463850063,546785.5630729868,546785.5630729868,585,1.0,0.0,0.0,0.0,22.722320941894047,25.704708293039857,31.507061939559343,24.18027312702107,2.9042794999920547,479.1919468395073,1989.1766630760435,980.3861841613667,0.49286028856044745,1171.3645369486937,0.046377594049526606,470.3606182201475,3,0,2,26,0.0,559,162.0,0.4703606182201475,297.1372537802961,187263.21851574408,867.6042305903255,500000.0,0.49295965070352343,0,9,25.67767205475644,23,E8,P2,marketplace,0.0,marketplace
15.919727643367645,46.06256522505555,28.542926985245686,52.94845606219361,14.62674862432065,25.45468480019736,7.019287159740543,7.065998427650902,91.58399742831261,91.58399742831261,24.46847766543344,29.4363360316961,2.0480234037874854,3.449195245952797,17.32340132528998,46.06256522505555,0.7368421052631579,0.9411764705882353,34421.87232108315,535140.8176419535,535140.8176419535,544,1.0,0.0,0.0,0.0,23.72533251081333,25.704708293040312,30.34553549588076,25.36806540281701,15.919727643367645,492.83322189301634,1648.6709267954213,826.0383765820471,0.5010329005968744,999.6275521061598,0.042674998962895686,403.5810740265035,4,0,1,25,0.0,513,162.0,0.4035810740265035,303.47821679841627,195687.8442022421,829.9114425635119,500000.0,0.501649947258652,0,6,17.704429142661724,24,E8,P2,marketplace,0.0,marketplace
1.7167200018366202,1.7167200018366202,,,,,,,,,24.297504723783035,28.97281936585432,,,,1.7167200018366202,1.0,1.0,209.99028817615883,500209.99028817617,500209.99028817617,501,1.0,0.0,0.0,0.0,24.252433297192326,25.704708293040312,28.97281936585432,24.288025214011004,1.7167200018366202,440.5863711533673,1405.9126155935132,705.5616741073901,0.501853149535566,839.1852567340833,0.03744074505798675,327.5798007035834,5,0,0,19,0.0,480,162.0,0.3275798007035834,324.51886798019564,222415.9102115859,729.8379852694898,500000.0,0.2770519293383493,0,2,6.686917343769473,25,E8,P2,marketplace,0.0,marketplace
9.629229339440165,16.033513024206513,8.20398675348171,18.400114785176584,11.976460219425267,20.18668815155725,,,,,24.235383244135058,31.513002449937538,4.435319555525666,9.469285134881012,10.23531861975901,16.033513024206513,1.0,1.0,8275.236379187336,508449.34756596206,507449.34756596206,527,0.9980332357494661,0.0,0.0,1000.0,23.434873210315384,25.704708293040312,31.507061939559367,24.01195476066175,9.629229339440165,440.66109538533686,1532.3622812462083,764.7612317066296,0.49907338562567605,937.6683110913617,0.04068200847364393,379.77197042657303,4,0,0,26,0.0,497,162.0,0.379771970426573,319.9920795036971,214874.92825854325,755.6943626994346,500000.0,0.5042172649923392,0,4,11.01751179889225,26,E8,P2,marketplace,0.0,marketplace
4.9889260739227925,13.662391245941276,3.264502481267563,4.084253309174391,3.4221542281463826,5.227203935847001,,,,,25.446424044237506,31.599862815864793,6.7501635623485186,13.275196331830644,3.3320675156442,13.662391245941276,1.0,1.0,12370.949722949961,513597.1255335828,512597.1255335828,535,0.9980529486044901,0.0,0.0,1000.0,24.05282395668643,25.704708293040312,30.858248270854354,24.90610005602801,4.9889260739227925,467.14577821541536,1623.1099371273976,809.860546832962,0.4989560647175042,969.7019095763947,0.03985480539343985,365.4308109389125,4,0,0,21,33.50503363981419,504,162.0,0.3654308109389125,316.75056827898953,210224.84453998608,772.3417808500554,500000.0,0.45329175186982634,0,10,30.2521120242923,27,E8,P2,marketplace,0.0,marketplace
18.853100312698842,57.45821682543938,10.950409743466881,20.034389198537788,12.95690865500445,31.46860877706189,7.761678526098066,9.673398096160074,7.423983281196769,7.423983281196769,25.45332426978846,32.07248461431409,3.630871003198564,4.6667625005401305,11.304255433122368,57.45821682543938,0.6666666666666666,0.8928571428571429,26590.43369586375,528937.8456762048,527937.8456762048,536,0.9981094186998066,0.0,0.0,1000.0,24.523852710099945,25.704708293040085,32.11176923259893,24.654878334959466,18.853100312698842,472.02051772561686,1612.1037506190912,797.8589386489406,0.49491786018272166,976.8731878497593,0.04100082992352333,381.85429936800017,4,0,2,26,0.0,503,162.0,0.3818542993680002,307.57759768364883,197337.57424778704,822.8633341538552,500000.0,0.4873745362334178,0,3,8.770975884214055,28,E8,P2,marketplace,0.0,marketplace
3.737816235311094,6.544292385307472,8.210929680726606,24.021962742495816,5.87524588377286,13.145995755170645,18.115967123842058,33.489558352454324,9.202010169381083,13.006149943614037,25.183070019911458,31.516724947554806,4.880255145148479,7.2007258020312,7.662152622444449,6.544292385307472,1.0,1.0,77164.28456252046,584688.0408818187,584688.0408818189,599,1.0000000000000002,0.0,0.0,0.0,22.022492824127813,25.70470829303963,29.6593922091408,22.864105684711863,3.737816235311094,476.3023909827981,2036.3628417495815,1006.9734887770541,0.4944961026257446,1192.4537631319256,0.04839009950413695,482.9598781251121,4,1,4,29,129.34383220056782,560,162.0,0.4829598781251121,277.89684159277556,165146.21876253455,983.8733281066582,500000.0,0.4317811308165383,0,10,29.684477544066706,29,E8,P2,marketplace,0.0,marketplace
2.9522322871221007,5.5327602753604594,6.090256034788668,11.145265198768724,6.494973352434452,14.860950268343913,,,,,3.963148786849806,4.972818365854335,3.8961210453084307,7.44662117286498,6.218061503518916,5.5327602753604594,1.0,1.0,13968.57625752051,515078.73700219905,515078.73700219905,554,1.0,0.0,0.0,0.0,3.9953582461752446,1.76912734634152,5.332294321638515,4.007525585475096,2.9522322871221007,33.0768467773219,1836.4650526671464,916.7912964561436,0.4992152151899997,1073.6594007275023,0.039949274748746856,370.2983125578265,3,0,0,0,0.0,554,162.0,0.37029831255782647,315.2339373540566,209398.6758740073,775.4122495514446,500000.0,0.45400460376850793,0,9,24.558494285205338,0,E8,P2,no_bundling,0.0,no_bundling
2.8240826234107845,4.62147986814889,4.027187875817002,5.145716860292822,4.287394628332822,5.196918898820241,5.59689736480171,7.470044931780467,,,4.27011722062892,6.391857029815588,15.871071482146297,43.959208815782596,4.456485177926518,4.62147986814889,1.0,1.0,22776.714596747763,525519.2910413912,525519.2910413912,536,1.0,0.0,0.0,0.0,4.386022653976898,1.76912734634152,6.353988860624668,4.4795115318285275,2.8240826234107845,42.878438236707034,1737.516147063581,872.1019602070835,0.5019245212085909,1027.3345634760774,0.03858365558278047,360.66622936171484,2,0,3,0,818.5948957851573,535,162.0,0.36066622936171483,308.95281866365167,199787.5554352981,812.6665641191189,500000.0,0.448206690408729,0,6,15.765591002895954,1,E8,P2,no_bundling,0.0,no_bundling
7.744251538749433,15.87559494798871,7.431056240958412,14.014296982703216,4.34855431378666,8.272677035229663,4.943728098031215,5.15847605917229,,,4.240320769160259,5.434629495288938,10.174245504629653,14.27953164080327,5.964202000403105,15.87559494798871,0.9090909090909091,1.0,29310.196036041838,532277.3226155266,517873.34282247716,549,0.9729389564780431,14403.979793049497,0.02706104352195697,0.0,4.549868581038239,1.76912734634152,7.741386192693242,4.350754331370082,7.744251538749433,38.230024145095776,1787.351391013793,880.3002119049602,0.4925165898159792,1025.6558968897718,0.04209117130863811,416.54588076962506,2,1,0,0,623.53889851945,548,162.0,0.41654588076962507,313.6221397216128,206493.52446918422,786.5454681849244,500000.0,0.4032068048197999,0,6,17.656409166937145,2,E8,P2,no_bundling,0.0,no_bundling
4.766298687775153,5.931016274173453,8.129983098283954,10.681588661842216,5.722986003064079,9.873697443555736,33.46614659203442,33.46614659203442,49.38109451123455,49.38109451123455,3.8831987104805976,5.778069032130588,8.893513295807647,4.548859367088699,8.18274112084861,5.931016274173453,0.9565217391304348,1.0,28096.063942230638,531327.860284328,531327.860284328,562,1.0,0.0,0.0,0.0,4.308719381871949,1.76912734634152,6.770754437316243,4.734015203229592,4.766298687775153,48.85085251613977,1923.5296796028022,948.3340159371861,0.4930176154770909,1133.985149522572,0.04276602530006205,414.2758979802553,4,0,2,0,0.0,562,162.0,0.4142758979802553,305.6761898596244,195223.98021968946,831.9381446644628,500000.0,0.43155345034197284,0,1,2.6356018297700885,3,E8,P2,no_bundling,0.0,no_bundling
5.004088055253685,4.8731143395081755,5.730161689728902,9.91123416024975,5.384583747304633,7.927487368813677,,,61.43903733522052,106.65140701431532,5.624506590323479,11.404407541680703,3.2254745880688565,5.635610907696628,5.547208661386642,4.8731143395081755,0.9444444444444444,0.9714285714285714,32491.15341102122,538255.453584505,538255.4535845051,550,1.0000000000000002,0.0,0.0,0.0,5.7480703122094825,1.76912734634152,11.039793907181807,8.27899267790256,5.004088055253685,126.11097058358622,1803.6086355392058,902.4748843115591,0.5003717916008734,1048.0265442146322,0.04103624084608521,389.42510798949075,4,0,1,0,0.0,550,162.0,0.3894251079894907,301.6958286749521,195357.61450190394,831.2418511150834,500000.0,0.4474541848904094,0,10,26.805030199883536,4,E8,P2,no_bundling,0.0,no_bundling
7.857256548099444,11.937992160719027,24.365346150820507,75.55472794534663,19.64727733723904,76.92422053869977,55.00069159789564,88.02791421531265,,,4.281602857855547,5.778069032130725,3.295456465617967,6.240880384327738,28.919725635708378,11.937992160719027,0.9259259259259259,0.8245614035087719,43452.69323580841,547328.4080016714,547328.4080016714,573,1.0,0.0,0.0,0.0,5.712506855580449,1.76912734634152,9.072833429517814,7.1676966151781585,7.857256548099444,103.8428701765252,1952.3782933049713,970.4875406640264,0.49707966124802194,1148.8781939295402,0.04363690686551721,445.2231010171208,3,0,1,0,0.0,573,162.0,0.4452231010171208,296.7966228796972,183134.993893458,887.0244820360355,500000.0,0.46913031119018117,0,10,28.922436904783005,5,E8,P2,no_bundling,0.0,no_bundling
6.044646946519235,13.297165636239203,11.759945416326218,36.15169135835947,4.289998968587854,6.2019504729095845,11.156726300150979,17.874703125644988,,,4.850588370410163,5.778069032130588,8.358577585147408,26.87286434384716,9.480674516373321,13.297165636239203,0.8928571428571429,1.0,31608.77227884693,533346.8920584851,533346.8920584851,565,1.0,0.0,0.0,0.0,5.187153976473445,1.76912734634152,7.093553621564132,5.065411561940749,6.044646946519235,49.11613655625017,1889.8534686946887,937.710934229043,0.4961818203168496,1129.2300212281607,0.04678788808362457,473.0601218526866,5,1,0,0,0.0,565,162.0,0.47306012185268664,304.62924325813157,194304.47964149617,836.177634306865,500000.0,0.43455398493983993,0,7,23.723001630215908,6,E8,P2,no_bundling,0.0,no_bundling
3.941639227826632,5.801051352528929,7.130216524107558,14.563595160661322,2.5448114806699937,3.0929867587245785,6.670527379440713,7.325721215742098,12.445488679393549,12.445488679393549,3.966530739901588,4.972818365853618,7.310590782710136,5.3968473103289885,5.372382204096234,5.801051352528929,1.0,1.0,40773.60461111535,544565.4292464787,544565.4292464787,582,1.0,0.0,0.0,0.0,4.152406355003928,1.76912734634152,5.145313589739407,4.227932221182877,3.941639227826632,36.246872161237654,1999.8416256860944,998.1595391708529,0.49911929342325295,1236.7090084387432,0.04339789270394462,409.59088685705376,2,0,1,0,0.0,582,162.0,0.4095908868570538,298.23705686125726,186750.85682002158,869.6591472315274,500000.0,0.45901810353637523,0,10,27.77173198193018,7,E8,P2,no_bundling,0.0,no_bundling
9.87574654470087,39.322878283109986,15.56736991028663,32.13326330205096,11.635964302809631,24.590087028018125,5.159550367641145,5.271609509385485,,,4.362496299705777,6.000526987336929,5.730813241483456,16.599107906100407,12.440243302352195,39.322878283109986,0.88,0.8958333333333334,38363.5914215517,540361.5398106,526845.8481339897,560,0.9749876875372225,13515.69167661024,0.02501231246277737,0.0,4.969709229146986,1.76912734634152,7.4619139389103575,4.78035178435742,9.87574654470087,46.71808200772282,1861.9144779682867,935.858590638476,0.5026324257705332,1093.0890426586343,0.044180623991685763,434.3117182673426,5,0,2,0,31.470807485902668,559,162.0,0.4343117182673426,308.31468501381516,199096.0391966118,815.8590817462714,500000.0,0.45339681647878766,0,13,42.85944221042209,8,E8,P2,no_bundling,0.0,no_bundling
9.782653768053791,41.96365279384282,12.717179824750735,38.77621401141673,9.939203569310248,40.00320920777986,4.601129061224128,4.601129061224128,6.628271706813848,7.63326582144955,4.836658145454851,8.87685159093572,8.737264267405212,30.474205200192955,11.365560676809912,41.96365279384282,0.868421052631579,0.9506172839506173,47374.080402398526,549736.351411949,549736.351411949,604,1.0,0.0,0.0,0.0,5.754185625903034,1.7691273463418042,12.9428650550762,5.303502735116355,9.782653768053791,61.092538271408735,2144.7193180308,1059.3500455459346,0.49393411839018153,1255.8364049872434,0.04887888149164832,501.93768570867223,7,0,0,0,0.0,604,162.0,0.5019376857086723,295.59976754008875,183302.10080239622,886.5252333408301,500000.0,0.4689887810809325,0,12,34.20013200001688,9,E8,P2,no_bundling,0.0,no_bundling
4.531504343001318,12.554220347906869,10.034244460439709,16.61820880467794,7.4055306559465635,13.933421082353785,,,,,3.9048042723991156,4.972818365853527,4.049581516559033,6.844465148394851,8.719887558193136,12.554220347906869,1.0,1.0,13819.243346008723,516514.44304295897,516514.44304295897,540,1.0,0.0,0.0,0.0,4.066402246478253,1.76912734634152,5.267474061817555,3.9929745788992417,4.531504343001318,36.24675650867381,1732.7486027826242,864.3902628741401,0.49885497612637764,1016.3273720556377,0.037192903124067464,359.8820528681772,1,0,0,0,68.26385342396665,539,162.0,0.3598820528681772,314.3375451349471,206739.1583790454,785.3368627688319,500000.0,0.4492910073067855,0,10,30.30013200001688,10,E8,P2,no_bundling,0.0,no_bundling
5.9906613846373515,15.869848172390448,12.308817888215799,26.776976564147304,10.529748285980531,12.355324812805472,,,6.75338177253343,6.75338177253343,3.7344934716555045,5.667790738015199,9.254944318536413,20.65669827288385,11.03805388661918,15.869848172390448,1.0,0.9714285714285714,26006.043708159235,531772.2574830158,531772.2574830158,543,1.0,0.0,0.0,0.0,4.086779689355605,1.76912734634152,6.088776597089056,4.2932299453524525,5.9906613846373515,38.786851048633324,1726.7890180943498,857.8090535233765,0.4967654094013394,1077.0622414741963,0.03879210862332156,359.3543192650706,1,0,0,0,0.0,543,162.0,0.3593543192650706,305.3174588079196,194483.9488782367,834.8213580387329,500000.0,0.4666523457118932,0,5,15.620370602217141,11,E8,P2,no_bundling,0.0,no_bundling
3.483195665012285,5.49895295004867,6.57589653229915,11.626162705381489,22.3684648376302,22.3684648376302,,,,,4.480256125998389,7.839820694760785,5.902767779891227,10.693573995621591,8.831977718775013,5.49895295004867,1.0,1.0,3605.0987133016765,503977.3460501888,503977.3460501888,521,1.0,0.0,0.0,0.0,4.544440789145766,1.76912734634152,7.9382838669716875,4.552723989687821,3.483195665012285,42.61542718953988,1598.9432975802124,800.4445785352734,0.5006084829566124,970.4223673862292,0.03848143511100668,365.8496716282221,4,0,0,0,0.0,521,162.0,0.36584967162822213,322.16894458478083,219324.62953448162,740.2992086034801,500000.0,0.4446252628525718,0,4,11.179989173125863,12,E8,P2,no_bundling,0.0,no_bundling
3.48788133075372,5.761270527496237,4.650349304790614,7.353748542629181,14.166905449590217,34.094116605673534,,,,,3.641377497901547,4.972818365853527,2.7979138479540326,3.874433265204789,8.879929813590438,5.761270527496237,1.0,1.0,6216.486291594783,506496.9548278934,506496.9548278934,522,1.0,0.0,0.0,0.0,3.721265779997869,1.76912734634152,4.972818365853527,3.7818825768429485,3.48788133075372,31.342762538868495,1604.0816016645986,805.4576840348406,0.5021301180681802,905.2083856070775,0.03490345807345665,336.2155539633081,2,0,0,0,0.0,522,162.0,0.3362155539633081,320.50778194535206,215652.4083857182,752.7679230162225,500000.0,0.40812744596094114,0,5,16.64701837135454,13,E8,P2,no_bundling,0.0,no_bundling
12.424536309153886,56.41134841051157,8.878468831482369,21.075117124955387,8.17219243254858,18.260395699105857,16.565951662754827,50.02511094228703,,,3.70198357785495,5.616664151748687,5.401983693709228,5.9263472232028125,10.399663991095673,56.41134841051157,0.8275862068965517,0.8870967741935484,58929.484502104126,566652.9292862886,566652.9292862886,576,1.0,0.0,0.0,0.0,4.566180599498306,1.76912734634152,6.3092212526830735,4.95054772128,12.424536309153886,58.44564560815441,1947.627303128809,965.5817778000983,0.49577338346454586,1146.8466661965724,0.03896612312812562,368.34185200622284,0,0,0,0,0.0,576,162.0,0.3683418520062228,286.53931438510796,169929.42826266965,955.5045498124324,500000.0,0.4476865540398374,0,8,26.874970807556736,14,E8,P2,no_bundling,0.0,no_bundling
12.511674142745628,40.35743617118906,16.581835725603078,71.73273543959567,4.2504859687382615,5.386813108692877,6.953897395337923,8.494358093195661,6.600905550285233,8.20072674153339,3.952483314632067,6.178110330553865,4.82798163438464,9.261424290585097,11.375671222080795,40.35743617118906,0.8,0.9459459459459459,64862.71277757866,573615.9384122626,573615.9384122626,603,1.0,0.0,0.0,0.0,4.97737768690255,1.7691273463417474,9.44163409374373,4.356488624310209,12.511674142745628,40.44311704225088,2191.9565984962073,1076.7225113035934,0.4912152512701571,1311.0025098999126,0.04717744079672658,489.3236116642097,4,0,1,0,311.7446466534872,600,162.0,0.4893236116642097,283.27198170508603,164712.07802181607,986.5052129944141,500000.0,0.433005411879899,0,8,28.654785292434234,15,E8,P2,no_bundling,0.0,no_bundling
6.736478255401341,22.628160226657926,12.43607564882322,27.961622039802933,8.970874654548425,11.416461436651662,,,,,4.151939141474717,5.8084589855700015,2.959320575187197,3.9671929699394695,11.281008650731621,22.628160226657926,0.8947368421052632,1.0,8440.199489225186,509188.49886297405,509188.49886297405,531,1.0,0.0,0.0,0.0,4.3585116707573075,1.76912734634152,7.419196806992659,4.19552982876014,6.736478255401341,32.30646788195027,1630.424831755218,811.9146505406218,0.4979773582487473,976.3799202625098,0.04135321965800343,384.9130501098938,3,1,0,0,0.0,531,162.0,0.3849130501098938,318.9092318713364,215541.6460194014,753.3806855845077,500000.0,0.44454677624577377,0,4,14.400482456676347,16,E8,P2,no_bundling,0.0,no_bundling
3.311044465334495,5.523983756496091,4.161317934873035,6.104059675789359,3.998892692482707,5.588153567489826,,,,,4.454352441386896,8.805021719561443,5.301193890038224,15.677494538902465,4.093640750543732,5.523983756496091,1.0,1.0,10188.61735102234,511539.3687118152,511539.3687118152,538,1.0,0.0,0.0,0.0,4.431744813142028,1.76912734634152,8.674298512885516,4.442458407834665,3.311044465334495,41.719466554873335,1666.820993069299,824.4762543950936,0.49463995103451136,977.7076509717834,0.03897695208617969,379.3791554863539,5,0,0,0,0.0,538,162.0,0.3793791554863539,317.43280984296183,212151.0152812609,765.3952489466554,500000.0,0.43634191495998653,0,5,14.453172856941462,17,E8,P2,no_bundling,0.0,no_bundling
4.4738848179949855,8.669246280574226,7.248478144131968,13.75544298845652,3.8985195031355033,6.436844514357471,20.529580963498574,50.88389305386272,34.179097261192055,55.98552706390101,4.768305996002933,8.718541036237733,9.24255361871542,30.548678633194324,8.198066444172376,8.669246280574226,1.0,0.9629629629629629,68261.72443658626,577118.2182746406,577118.2182746406,576,1.0,0.0,0.0,0.0,5.198614019932965,1.7691273463416337,9.62474697737207,6.337269524422137,4.4738848179949855,88.28061030891872,1958.2833108674317,969.5346922336932,0.4950941913528502,1196.3126381096945,0.042213061825739,415.26992822867555,1,0,4,0,56.10770373854109,575,162.0,0.4152699282286756,281.4246107388314,168015.6753983344,966.6673632872161,500000.0,0.4313441509162545,0,5,17.673666140491946,18,E8,P2,no_bundling,0.0,no_bundling
9.16207085946847,26.538710245679795,12.678390743565576,16.961035804959934,5.437100994019076,11.07184112328223,,,113.6552814106526,113.6552814106526,4.032571954856776,5.295827568133703,3.8565874941542284,4.8137389668245305,10.122641420196222,26.538710245679795,0.8571428571428571,0.9710144927536232,37728.11627304937,538786.9281851918,538786.9281851918,584,1.0,0.0,0.0,0.0,4.878040705693951,1.7691273463417474,7.687789665069296,6.6444545326484095,9.16207085946847,89.56039912311873,2074.385816479097,1032.0357963683314,0.49751390901815445,1259.226670379256,0.045176844035906855,435.30552208774327,4,0,1,0,0.0,584,162.0,0.43530552208774326,301.4833824369538,189864.93444454102,855.5308329960981,500000.0,0.4394001617007322,0,6,15.765591002895952,19,E8,P2,no_bundling,0.0,no_bundling
5.158458849540247,7.842398261358949,5.206550658701326,8.549980027159881,4.904715204287095,7.960177486654175,7.049795901199104,7.049795901199104,7.71991036242963,10.039744032951024,4.416760903724775,5.778069032130725,10.30864600035794,32.68235064707996,5.236920474194656,7.842398261358949,0.9642857142857143,1.0,42968.20466135957,546796.3875473237,546796.3875473237,559,1.0,0.0,0.0,0.0,4.671590113769155,1.76912734634152,6.813891108331151,4.696880888258488,5.158458849540247,48.55564032137282,1790.9121311599895,888.4882731373235,0.4961093610783919,1035.6290609098899,0.04037679436265827,408.49253070399664,2,0,1,0,331.7308444098579,558,162.0,0.40849253070399666,297.01822511884825,189551.3476695053,856.8047366979073,500000.0,0.45309866623812506,0,4,10.494387343355775,20,E8,P2,no_bundling,0.0,no_bundling
2.877534598848547,5.559401315831747,4.834297056210289,8.64283843164776,3.2581535382323636,4.251186690629038,71.9825711326348,71.9825711326348,,,4.23570199610645,5.523404755568306,3.547400782711318,6.067252807532533,12.833795436268872,5.559401315831747,1.0,0.9642857142857143,17327.275816339392,522341.9832740221,522341.9832740221,537,1.0,0.0,0.0,0.0,4.3016734833607995,1.76912734634152,5.644350215154562,4.7287893966762375,2.877534598848547,43.828682344342226,1690.5375522171053,839.2517290310852,0.49644074923412607,980.8624441510834,0.03868902105967336,365.21978928346823,3,0,0,0,0.0,537,162.0,0.3652197892834682,310.84083797282324,205307.97134110596,790.837387991741,500000.0,0.45613913350574115,0,9,28.853655313617807,21,E8,P2,no_bundling,0.0,no_bundling
13.509236067984546,43.59667877893353,26.633760371607742,61.46918005020016,11.932481769325856,31.8543042364995,4.675293146604872,4.675293146604872,,,3.8158617249105076,4.972818365853607,6.546056506394355,11.016786586759558,17.45324880171656,43.59667877893353,0.75,0.9166666666666666,19226.136203616657,520041.7500651535,520041.7500651535,533,1.0,0.0,0.0,0.0,4.387233000842808,1.76912734634152,4.972818365854619,3.9606786127795166,13.509236067984546,29.988951833672562,1666.4235182313764,829.3198226878653,0.49766449741902735,1002.8175393678287,0.03969467313355203,367.1792298747581,5,0,0,0,66.95580926203557,532,162.0,0.3671792298747581,312.21950777900537,207350.34863930978,783.0571797702439,500000.0,0.44754959530571314,0,4,13.23328471140067,22,E8,P2,no_bundling,0.0,no_bundling
3.3274740591539977,5.58158056592538,6.177405890769518,12.137372462532426,6.020017496103233,8.404231283349963,8.648617318075196,11.827276655251728,7.913706294049604,7.913706294049604,5.278857795403153,9.362616082390382,3.5799790079605316,4.804122361553709,6.293562404836708,5.58158056592538,1.0,1.0,44840.47463850063,546785.5630729868,546785.5630729868,585,1.0,0.0,0.0,0.0,5.1571060960175465,1.7691273463417545,8.931670319014865,5.363212143276533,3.3274740591539977,60.193163937627745,2091.3875699516684,1037.7924449012444,0.49622196278293246,1240.6169372960355,0.04622930533716827,469.457945258663,4,0,3,0,0.0,585,162.0,0.469457945258663,297.1356029083227,187262.17809555054,867.6042305903255,500000.0,0.4635863935551745,0,9,27.913046109200405,23,E8,P2,no_bundling,0.0,no_bundling
18.091131416266816,44.64510096697704,31.745280407601285,60.42619948368574,16.272156028877614,48.61928310095555,6.74382514857416,6.978632661847496,96.0862390402599,96.0862390402599,3.538944538633232,4.972818365853527,2.815160721499271,4.13947404229657,19.1278784124968,44.64510096697704,0.6842105263157895,0.8823529411764706,34421.87232108315,535140.8176419535,535140.8176419535,544,1.0,0.0,0.0,0.0,4.635192330784726,1.76912734634152,6.442105867730834,5.940897164545178,18.091131416266816,72.75162133486369,1746.486379071892,873.0432216223126,0.4998855027350744,1056.1949272048448,0.04087863104504635,381.406918024754,4,0,1,0,0.0,544,162.0,0.381406918024754,303.43678068427454,195661.12550086688,829.9114425635119,500000.0,0.4596526016230634,0,7,19.816906516895337,24,E8,P2,no_bundling,0.0,no_bundling
1.7167200018366202,1.7167200018366202,,,,,,,,,4.553130516058008,7.279660578532596,,,,1.7167200018366202,1.0,1.0,209.99028817615883,500209.99028817617,500209.99028817617,501,1.0,0.0,0.0,0.0,4.54746901802563,1.76912734634152,7.221032800626745,4.5519397788219855,1.7167200018366202,41.313661770538175,1463.9294951957443,732.0093588842423,0.500030473657725,876.640649062061,0.036737101280616115,321.6885238844812,5,0,0,0,0.0,501,162.0,0.32168852388448116,324.5070903729237,222407.838177877,729.8379852694898,500000.0,0.24373565744192516,0,1,2.6356018297700885,25,E8,P2,no_bundling,0.0,no_bundling
9.611093015115909,20.418843294942235,9.11822406338691,20.525172715199915,8.121198281566194,13.279795648766598,,,,,4.325560916612731,7.393080822606022,2.649128960982125,4.467951470159097,8.581364027021909,20.418843294942235,1.0,1.0,8275.236379187336,508449.34756596206,508449.34756596206,528,1.0,0.0,0.0,0.0,4.527758957704267,1.76912734634152,8.565744808080035,4.387106038353622,9.611093015115909,37.87155726058779,1644.5656509091434,824.733406937313,0.5014901086383426,1031.4847935699327,0.04042019734554048,373.40553821447475,4,0,0,0,0.0,528,162.0,0.37340553821447475,319.3502092499971,214630.08610385918,756.526768850301,500000.0,0.47258946814254016,0,2,4.8821377444482845,26,E8,P2,no_bundling,0.0,no_bundling
3.4704363433174286,4.772849535539991,6.483559034462793,11.21077215835739,3.4332340184090904,5.100607966454163,,,,,4.39776506190489,5.778069032130725,6.389675343760459,12.592612127455467,5.176276884725492,4.772849535539991,1.0,1.0,12370.949722949961,513597.1255335828,513597.1255335828,536,1.0,0.0,0.0,0.0,4.423608057640167,1.76912734634152,5.778069032130588,4.37679846830566,3.4704363433174286,38.609254311602854,1712.0933403620684,853.6794900740501,0.4986173767217134,1030.4216027099214,0.040574194482654,392.733062250334,5,0,1,0,33.50503363981419,535,162.0,0.392733062250334,316.1869975295099,210033.82651994398,773.1741870009217,500000.0,0.4191742497581563,0,7,19.654429142661723,27,E8,P2,no_bundling,0.0,no_bundling
19.703825447630162,59.18063540326202,10.984855617062639,20.883772325771126,13.280283091062978,31.621809632368965,8.280267096707803,10.708995169428977,12.0795082635386,12.0795082635386,4.862296863642692,6.379845918773129,4.143867650957077,6.308797722137841,11.507567354768412,59.18063540326202,0.6666666666666666,0.8214285714285714,26590.43369586375,528937.8456762048,528937.8456762048,537,1.0,0.0,0.0,0.0,5.394685036015638,1.76912734634152,8.383723609238043,5.275389642066158,19.703825447630162,56.809532553613664,1723.297716756798,856.1568276071816,0.4968130690838764,1039.576597253364,0.04118643321487245,388.04741274719015,5,0,2,0,171.52673641514082,536,162.0,0.3880474127471902,307.0078058134544,197145.66856042336,823.6957403047217,500000.0,0.4529454858584406,0,4,14.400482456676347,28,E8,P2,no_bundling,0.0,no_bundling
4.7984851483649456,7.0544006330521825,8.966258270583305,24.09651050127701,5.983673596614341,14.898544498019792,18.638844947917203,34.744465130234666,9.365510918657188,13.814576911261792,5.123286930571792,8.722157011423633,4.936843264035236,10.605613025943576,8.07950260093219,7.0544006330521825,0.9615384615384616,1.0,77164.28456252046,584688.0408818187,584688.0408818189,599,1.0000000000000002,0.0,0.0,0.0,5.3604796136108135,1.7691273463417474,11.358483698089199,5.763371970699269,4.7984851483649456,75.74866486316992,2151.9199612987572,1057.4622855743016,0.4914040970817925,1259.626356185098,0.04557697160813238,473.55409918880673,4,0,4,0,129.34383220056782,598,162.0,0.4735540991888067,277.8807547596635,165136.65881343582,983.8733281066582,500000.0,0.42322273874867217,0,10,28.743868339649307,29,E8,P2,no_bundling,0.0,no_bundling
2.8422548963366245,5.360122137593066,5.6797053069713,11.295703315100539,6.592453716479383,15.44112159009103,,,,,3.974924226223073,4.972818365853607,3.906515605914339,7.5609613395299675,5.967941646815958,5.360122137593066,1.0,1.0,13968.57625752051,515078.73700219905,515078.73700219905,554,1.0,0.0,0.0,0.0,3.9928498079028456,1.76912734634152,5.154816515335889,4.017197980543942,2.8422548963366245,30.99069465199597,1807.897853005761,904.086351887834,0.5000760139101471,1057.7818278427787,0.03983439164690807,369.1634532520027,3,0,0,6,0.0,543,162.0,0.36916345325200267,315.2317340806068,209397.21231793574,775.4122495514446,500000.0,0.45720740537007004,0,10,27.194096114975427,0,E8,P2,no_consolidate,0.0,no_consolidate
2.8240826234107845,4.62147986814889,3.973909429089938,5.145716860292822,4.38329583244149,5.484622511146244,5.59689736480171,7.470044931780467,,,4.264357681983706,6.431278125020813,15.871071482146297,43.959208815782596,4.4679019879394435,4.62147986814889,1.0,1.0,22776.714596747763,525519.2910413912,525519.2910413912,536,1.0,0.0,0.0,0.0,4.380948150278342,1.76912734634152,6.353988860624668,4.475778695054745,2.8240826234107845,41.2471013018974,1721.2656440722142,863.9767087113997,0.501942690651387,1014.1751408195873,0.03847480927351069,359.7127356925116,2,0,3,4,818.5948957851573,529,162.0,0.3597127356925116,308.9510042798879,199786.38214515513,812.6665641191189,500000.0,0.4484970051006611,0,6,15.765591002895954,1,E8,P2,no_consolidate,0.0,no_consolidate
8.223876765384581,18.606745777651213,5.474844281103799,9.590599169877622,4.049931528341631,7.498780721880394,4.943728098031215,5.15847605917229,,,3.853578063234271,5.446380986963395,8.920508762377722,14.27953164080327,4.874112475933913,18.606745777651213,1.0,1.0,29310.196036041838,532277.3226155266,517873.34282247716,549,0.9729389564780431,14403.979793049497,0.02706104352195697,0.0,4.159973982616929,1.76912734634152,7.301556771920332,3.9561736242204955,8.223876765384581,31.246454241814302,1746.9464588815868,862.2615208251709,0.4935821109120881,988.1729275255045,0.038595541185742405,384.41051465450624,2,0,0,8,0.0,534,162.0,0.3844105146545062,313.5600871626995,206452.6681329456,786.5454681849244,500000.0,0.4301418976384677,0,6,17.656409166937145,2,E8,P2,no_consolidate,0.0,no_consolidate
4.174700485786803,5.915107960402384,9.90640422994226,26.025282366035405,5.537415496777475,8.945844912122718,33.46614659203442,33.46614659203442,49.38109451123455,49.38109451123455,3.5905806596187175,5.315461392311866,6.106274665277949,4.676887630746478,9.067648189544107,5.915107960402384,1.0,1.0,28096.063942230638,531327.860284328,531327.860284328,562,1.0,0.0,0.0,0.0,3.9925283582858357,1.76912734634152,6.432777429973523,4.449132163721496,4.174700485786803,42.60372539892039,1880.1719645797923,926.4809066136847,0.49276391950709036,1128.235323576045,0.04222373680246237,394.5076593621193,4,0,2,7,0.0,551,162.0,0.3945076593621193,305.6389845103556,195200.2185509345,831.9381446644628,500000.0,0.43704096815792637,0,1,2.6356018297700885,3,E8,P2,no_consolidate,0.0,no_consolidate
2.965470286732827,4.8731143395081755,5.730161689728902,9.91123416024975,5.31054393380287,7.788752195435886,,,61.43903733522052,106.65140701431532,5.1877447280899425,10.146122641335134,3.2254745880688565,5.635610907696628,5.508011113062179,4.8731143395081755,1.0,1.0,32491.15341102122,538255.453584505,538255.4535845051,550,1.0000000000000002,0.0,0.0,0.0,5.283084113533738,1.76912734634152,9.898150007641885,7.857604661943846,2.965470286732827,111.48095567643765,1757.847251167051,878.5920359738562,0.4998113660845963,1018.7909456926859,0.04092972785101788,388.31076958093405,4,0,1,8,0.0,535,162.0,0.388310769580934,301.6937583969807,195356.27393127812,831.2418511150834,500000.0,0.4516788624115229,0,11,29.144096114975426,4,E8,P2,no_consolidate,0.0,no_consolidate
8.180405465054575,17.757859784906234,8.920812047382109,16.67914760114627,9.926350637206236,20.820039045427528,70.42008699996056,107.3739200645905,,,4.427661517172008,5.87354865527269,3.4640972543874895,5.104387630960332,21.555846567839172,17.757859784906234,0.9259259259259259,0.8947368421052632,43452.69323580841,547328.4080016714,547328.4080016714,573,1.0,0.0,0.0,0.0,5.474350190659428,1.76912734634152,9.748765850753633,7.844373113627424,8.180405465054575,114.33964869311377,1877.110435559305,931.781332068573,0.49639132275717107,1129.1787419724833,0.04283891854687176,422.07554839104034,3,0,0,8,0.0,558,162.0,0.42207554839104033,296.7543309900608,183108.89816206068,887.0244820360355,500000.0,0.47690851237829185,0,9,26.67590099010481,5,E8,P2,no_consolidate,0.0,no_consolidate
5.70775281478891,11.24499896986913,13.027780412776496,40.6730738812488,5.787951159234775,11.529478368520905,10.067879662514372,12.368646986263002,,,5.164064278811315,5.778069032130588,9.151238635188843,33.05196646234665,10.422846755449806,11.24499896986913,0.9285714285714286,0.9807692307692307,31608.77227884693,533346.8920584851,533346.8920584851,565,1.0,0.0,0.0,0.0,5.506130340899111,1.76912734634152,7.789710341369621,5.362602053635551,5.70775281478891,57.198299145163084,1831.152412427132,907.5957612527445,0.49564184559042596,1076.304800178625,0.04380880585037724,448.9986515013636,6,0,0,8,0.0,551,162.0,0.4489986515013636,304.58412914814124,194275.70409266045,836.177634306865,500000.0,0.4604021916276088,0,7,23.723001630215908,6,E8,P2,no_consolidate,0.0,no_consolidate
3.816711215208809,5.644234707761643,6.607863173684553,14.563595160661322,2.5448114806699937,3.0929867587245785,6.670527379440713,7.325721215742098,12.445488679393549,12.445488679393549,4.013807947221432,4.972818365853527,4.033830181589042,5.3968473103289885,5.0894408059504395,5.644234707761643,1.0,1.0,40773.60461111535,544565.4292464787,544565.4292464787,582,1.0,0.0,0.0,0.0,4.060809210012761,1.76912734634152,5.138241332945209,4.225627107730458,3.816711215208809,33.258028597168206,1965.7006673023066,980.6123634951401,0.49886148985283474,1204.8190567034235,0.043104022047984754,407.01657991084534,2,0,1,6,0.0,571,162.0,0.40701657991084533,298.2323295928558,186747.896686785,869.6591472315274,500000.0,0.45739651670792175,0,10,27.77173198193018,7,E8,P2,no_consolidate,0.0,no_consolidate
9.87574654470087,39.322878283109986,15.56736991028663,32.13326330205096,11.635964302809631,24.590087028018125,5.159550367641145,5.271609509385485,,,4.303904712479117,6.120871882223074,5.771075774797339,16.62803421441952,12.440243302352195,39.322878283109986,0.88,0.8958333333333334,38363.5914215517,540361.5398106,526845.8481339897,560,0.9749876875372225,13515.69167661024,0.02501231246277737,0.0,4.918258080551337,1.76912734634152,7.19471823906825,4.725381741210907,9.87574654470087,42.93205507176502,1836.0727211924825,922.9377122505739,0.5026694757771628,1076.6027718034804,0.04407163527469742,433.3569771065247,5,0,2,5,31.470807485902668,551,162.0,0.4333569771065247,308.31287283067996,199094.8689685881,815.8590817462714,500000.0,0.45628619567920287,0,13,42.85944221042209,8,E8,P2,no_consolidate,0.0,no_consolidate
10.087644190213187,41.99521059854116,11.31090337683455,34.88310875111386,11.384904475113425,39.30363897421249,4.601129061224128,4.601129061224128,6.628271706813848,7.63326582144955,5.002007103547812,8.083397069852122,7.652010508152043,26.7466502811767,11.185839317611512,41.99521059854116,0.8421052631578947,0.9259259259259259,47374.080402398526,549736.351411949,549736.351411949,604,1.0,0.0,0.0,0.0,5.859724976397554,1.7691273463418042,12.918553244882647,5.517490355506786,10.087644190213187,59.19282261119636,2046.3038555974445,1001.7720603232672,0.48955195856325406,1210.4227645438768,0.05106998933723712,512.3638333831757,7,1,0,8,0.0,590,162.0,0.5123638333831757,295.6187332636537,183313.8614915254,886.5252333408301,500000.0,0.4903515213417573,0,12,34.200132000016886,9,E8,P2,no_consolidate,0.0,no_consolidate
4.063802907482925,10.663046685314484,9.340164896773672,14.70508980238485,7.818577312829916,14.92473305887383,,,,,3.912139863380456,4.972818365853527,4.084250280674428,6.844465148394851,8.579371104801794,10.663046685314484,1.0,1.0,13819.243346008723,516514.44304295897,516514.44304295897,540,1.0,0.0,0.0,0.0,4.057547431256596,1.76912734634152,5.267474061817555,4.004255219447744,4.063802907482925,33.696658674445125,1697.175056623333,846.2916991016796,0.4986472643461102,973.0491589475656,0.03682105434967936,360.29705546012576,1,0,0,5,68.26385342396665,530,162.0,0.3602970554601258,314.33834860249294,206739.6868180015,785.3368627688319,500000.0,0.44690168031380767,0,10,30.30013200001688,10,E8,P2,no_consolidate,0.0,no_consolidate
5.574028417495973,14.970298517344418,9.482697791085457,18.863840292182342,8.749378716333604,10.574955243158552,,,6.75338177253343,6.75338177253343,3.743428390931119,5.482056403708619,9.254944318536413,20.65669827288385,8.95889845197699,14.970298517344418,1.0,0.9714285714285714,26006.043708159235,531772.2574830158,531772.2574830158,543,1.0,0.0,0.0,0.0,4.025287960521069,1.76912734634152,6.252553994314533,4.196849591944305,5.574028417495973,35.71775885782301,1701.2980043755322,844.9138530529542,0.49662895676121305,1051.8037502805557,0.038526249491213485,357.0253932678039,1,0,0,5,0.0,537,162.0,0.35702539326780386,305.313079252641,194481.15914846418,834.8213580387329,500000.0,0.46512055519167533,0,5,15.620370602217141,11,E8,P2,no_consolidate,0.0,no_consolidate
3.483195665012285,5.49895295004867,6.57589653229915,11.626162705381489,22.3684648376302,22.3684648376302,,,,,4.469977407306625,7.692888657218377,5.902767779891227,10.693573995621591,8.831977718775013,5.49895295004867,1.0,1.0,3605.0987133016765,503977.3460501888,503977.3460501888,521,1.0,0.0,0.0,0.0,4.534576375813939,1.76912734634152,7.9382838669716875,4.542526389763617,3.483195665012285,41.54327470917157,1589.1532337827962,795.5495466365653,0.5006122315485281,960.9674579480211,0.03835022444516502,364.70026619544916,4,0,0,3,0.0,517,162.0,0.36470026619544915,322.1666639159338,219323.07691167804,740.2992086034801,500000.0,0.4437214626186175,0,4,11.179989173125863,12,E8,P2,no_consolidate,0.0,no_consolidate
3.48788133075372,5.761270527496237,4.650349304790614,7.353748542629181,14.166905449590217,34.094116605673534,,,,,3.3493261253389384,4.827873245924642,2.7979138479540326,3.874433265204789,8.879929813590438,5.761270527496237,1.0,1.0,6216.486291594783,506496.9548278934,506496.9548278934,522,1.0,0.0,0.0,0.0,3.441523085972381,1.76912734634152,4.972818365853527,3.4935774155001256,3.48788133075372,23.820845978939,1592.6267255654498,799.7302459852662,0.5021454388198391,900.3431550560066,0.03493789796123114,336.5172473802126,2,0,0,3,0.0,517,162.0,0.3365172473802126,320.508377592402,215652.80916450766,752.7679230162225,500000.0,0.40905508651321537,0,5,16.64701837135454,13,E8,P2,no_consolidate,0.0,no_consolidate
12.246014949154809,58.56928628794208,7.799044790198796,14.065074431389302,7.776799934520664,17.1591591418985,16.68027625289116,49.34532864705006,,,3.730555118795104,5.616664151748687,5.166269407994865,5.9263472232028125,9.941285214765124,58.56928628794208,0.8275862068965517,0.9032258064516129,58929.484502104126,566652.9292862886,566652.9292862886,576,1.0,0.0,0.0,0.0,4.55000377903163,1.76912734634152,6.21025486527742,4.958802541222647,12.246014949154809,57.04727101270302,1904.7218625039056,943.9045170711263,0.4955602892226428,1124.7382619101363,0.03860501067246272,365.17850689461585,0,0,0,7,0.0,567,162.0,0.36517850689461584,286.533731876048,169926.11760851086,955.5045498124324,500000.0,0.44594821765115417,0,8,26.874970807556736,14,E8,P2,no_consolidate,0.0,no_consolidate
10.885072277830432,26.462555170107045,13.69114511676872,37.29832029053887,5.752546490440967,5.386813108692877,6.953897395337923,8.494358093195661,6.600905550285233,8.20072674153339,3.8710390967991306,6.168207555178379,6.914770186329423,12.098304719592312,10.242803605496391,26.462555170107045,0.8571428571428571,0.9594594594594594,64862.71277757866,573615.9384122626,573615.9384122626,603,1.0,0.0,0.0,0.0,4.835600372917835,1.7691273463416337,9.627353320129084,4.312155270231205,10.885072277830432,36.66737654707175,2120.3524533347727,1045.5216874841076,0.49308863054336516,1275.5132031917901,0.04685572003845732,485.0699263954032,4,0,1,12,299.63701356149386,581,162.0,0.48506992639540314,283.26456614184247,164707.76614873845,986.5052129944141,500000.0,0.43076268983206134,0,9,30.901321207112428,15,E8,P2,no_consolidate,0.0,no_consolidate
4.88086898100871,9.24611646651719,10.396575127475833,21.49656038028388,11.04665386127302,14.487302671793078,,,,,4.215927177423636,5.84354567355455,2.959320575187197,3.9671929699394695,10.61326803874156,9.24611646651719,1.0,1.0,8440.199489225186,509188.49886297405,509188.49886297405,531,1.0,0.0,0.0,0.0,4.341049855791374,1.76912734634152,7.550466871556637,4.252826610183009,4.88086898100871,30.535592507292712,1592.9126334047678,793.1585513653966,0.49792972617089587,950.120051095929,0.04111915896421964,382.86267843234776,3,1,0,8,0.0,518,162.0,0.3828626784323478,318.9052051274447,215538.9244581552,753.3806855845077,500000.0,0.4450014607807587,0,4,14.400482456676347,16,E8,P2,no_consolidate,0.0,no_consolidate
3.2050461308192513,5.277633662505286,5.0474745916504355,9.021856955915611,3.941341153402766,5.415498950250003,,,,,4.44693771151524,8.637358499129338,5.301193890038224,15.677494538902465,4.58658565904724,5.277633662505286,1.0,1.0,10188.61735102234,511539.3687118152,511539.3687118152,538,1.0,0.0,0.0,0.0,4.432893510072298,1.76912734634152,8.674298512885516,4.435551350945559,3.2050461308192513,40.27554185825602,1645.3886193821652,813.6852207460198,0.49452464369879645,967.6392615683798,0.03881966942366595,378.0013593627336,5,0,0,5,0.0,531,162.0,0.3780013593627336,317.4301164117073,212149.2151706311,765.3952489466554,500000.0,0.43986600748415255,0,5,14.453172856941462,17,E8,P2,no_consolidate,0.0,no_consolidate
5.093996292949748,9.187504164288658,6.259089979194232,10.250238873797382,3.971852836468861,6.436844514357471,22.17060041179002,54.40515366558702,32.674583064568196,50.95398455044151,4.7312921823582474,7.897003307854707,6.115457752362909,13.989839039164696,8.232009509990817,9.187504164288658,1.0,0.9814814814814815,68261.72443658626,577118.2182746406,577118.2182746406,576,1.0,0.0,0.0,0.0,5.079268440803954,1.7691273463416337,9.786790179355648,6.3276083770597,5.093996292949748,83.7035864473553,1917.3110099800942,948.6281677512261,0.4947701039702864,1187.8349354775467,0.041690705847242784,395.8690234784598,1,0,4,10,0.0,561,162.0,0.3958690234784598,281.39099387466763,167995.60551133187,966.6673632872161,500000.0,0.4387618786033977,0,4,15.038064310721857,18,E8,P2,no_consolidate,0.0,no_consolidate
7.959999519747248,18.086252286643322,8.060516492048755,19.847069860889142,7.01258233088997,13.391831587186518,,,113.6552814106526,113.6552814106526,4.052791658230967,5.30956693475494,3.8795946560478325,4.8137389668245305,7.690657376345655,18.086252286643322,0.9142857142857143,1.0,37728.11627304937,538786.9281851918,538786.9281851918,584,1.0,0.0,0.0,0.0,4.6822735782495055,1.7691273463417474,7.785255521610208,6.593293588488328,7.959999519747248,87.41006744724571,2010.9535796030316,1001.5856980035139,0.49806505140771573,1205.7679445989693,0.044478477763021634,428.78516359513185,4,0,1,9,0.0,569,162.0,0.42878516359513186,301.47128051288786,189857.31302607062,855.5308329960981,500000.0,0.4394185878469501,0,7,21.40794160932806,19,E8,P2,no_consolidate,0.0,no_consolidate
4.17774530582413,7.842398261358949,5.206550658701326,8.549980027159881,7.407375122820303,15.468157242253803,7.049795901199104,7.049795901199104,7.71991036242963,10.039744032951024,4.667720501128889,5.72592174581538,9.803486535991219,29.770077432371984,6.374493164437023,7.842398261358949,1.0,1.0,42968.20466135957,546796.3875473237,546796.3875473237,559,1.0,0.0,0.0,0.0,4.8530574638801935,1.76912734634152,7.116040366914054,4.9615360274253,4.17774530582413,49.21478498436429,1757.6393451959193,872.8801199284326,0.49662072160266474,1015.52179896511,0.040352980266937746,409.55452705302224,2,0,1,6,0.0,547,162.0,0.40955452705302225,297.0201673342199,189552.58715419017,856.8047366979073,500000.0,0.45431705109134296,0,3,9.96010102758507,20,E8,P2,no_consolidate,0.0,no_consolidate
2.877534598848547,5.559401315831747,4.834297056210289,8.64283843164776,3.2581535382323636,4.251186690629038,35.9825711326348,35.9825711326348,,,4.38502742883065,5.669328796987159,3.547400782711318,6.067252807532533,8.333795436268872,5.559401315831747,1.0,1.0,17327.275816339392,522341.9832740221,522341.9832740221,537,1.0,0.0,0.0,0.0,4.373671092973647,1.76912734634152,5.703057354837259,4.6019942365336375,2.877534598848547,42.801715313947405,1656.5705439456178,822.2682248953413,0.4963677688828535,949.4875251336056,0.03822001913196189,361.11133239671574,3,0,0,8,0.0,526,162.0,0.3611113323967158,310.83297251873705,205302.77626946528,790.837387991741,500000.0,0.45399598234627164,0,9,28.853655313617807,21,E8,P2,no_consolidate,0.0,no_consolidate
7.003671849425568,17.768147116987077,16.686433196529244,34.81854567342034,10.990922577356969,29.02962666059284,4.675293146604872,4.675293146604872,,,3.8731316061353325,4.972818365853527,8.852387147818567,17.34798028871083,12.837749549449407,17.768147116987077,0.9166666666666666,1.0,19226.136203616657,520041.7500651535,520041.7500651535,533,1.0,0.0,0.0,0.0,4.229520345561975,1.76912734634152,4.972818365854619,3.9609228173873907,7.003671849425568,25.814944017946257,1605.6647156300462,796.4790047859552,0.49604316332841947,949.7930660059372,0.039863781367608465,388.116009200554,5,0,0,5,66.95580926203557,520,162.0,0.388116009200554,312.25976758376754,207377.08586855268,783.0571797702439,500000.0,0.4405018389980044,0,4,13.23328471140067,22,E8,P2,no_consolidate,0.0,no_consolidate
3.146527070195664,5.342580581472976,6.0026237448512845,10.529906055687048,6.094852599525462,8.903133830173463,5.2798439697481285,5.763484628263006,7.913706294049604,7.913706294049604,5.026520157871771,9.367549417905325,3.5799790079605316,4.804122361553709,5.984579917145611,5.342580581472976,1.0,1.0,44840.47463850063,546785.5630729868,546785.5630729868,585,1.0,0.0,0.0,0.0,4.914052688362663,1.7691273463417545,8.549788186578374,5.092931825914134,3.146527070195664,50.575889787812336,2035.8981474035122,1008.9907870597792,0.49559983555493586,1188.6828387333237,0.04556085151069209,463.6022897387317,4,0,2,10,0.0,570,162.0,0.4636022897387317,297.1248936725357,187255.428871292,867.6042305903255,500000.0,0.45991108057525326,0,9,27.913046109200405,23,E8,P2,no_consolidate,0.0,no_consolidate
9.597622869964706,19.868264419711693,25.669910404107668,53.55026484470828,18.209467959087355,43.72057124929506,17.882859664638545,24.38889479076397,96.0862390402599,96.0862390402599,3.57722059518553,4.972818365854437,3.1815733656592076,4.8137389668245305,20.155371505166265,19.868264419711693,0.8947368421052632,0.9411764705882353,34421.87232108315,535140.8176419535,535140.8176419535,544,1.0,0.0,0.0,0.0,4.4081178382918775,1.76912734634152,6.490679825799224,6.205175205054472,9.597622869964706,74.93490590053241,1686.7853542522735,843.907205940875,0.5003050351447748,1018.8352730328512,0.04051502009062717,374.6866133204051,4,0,1,6,0.0,531,162.0,0.37468661332040515,303.42422267247116,195653.02788423008,829.9114425635119,500000.0,0.4579341233348149,0,6,17.866906516895337,24,E8,P2,no_consolidate,0.0,no_consolidate
1.7167200018366202,1.7167200018366202,,,,,,,,,4.428242642138674,6.0826479987031,,,,1.7167200018366202,1.0,1.0,209.99028817615883,500209.99028817617,500209.99028817617,501,1.0,0.0,0.0,0.0,4.422830421299747,1.76912734634152,5.983134800073913,4.427104333364981,1.7167200018366202,33.66327543048544,1435.82649607927,717.9578593260051,0.50003107010944,860.9202355970654,0.03667952675752485,321.1841710622017,5,0,0,10,0.0,486,162.0,0.3211841710622017,324.5060820907381,222407.1471302302,729.8379852694898,500000.0,0.24456091614390285,0,1,2.6356018297700885,25,E8,P2,no_consolidate,0.0,no_consolidate
8.443155234696322,13.811967987180651,7.66048716815006,16.15196202948937,9.33195615150141,16.041413290845597,,,,,4.281213099752419,7.929302059147626,2.649128960982125,4.467951470159097,8.560508928416171,13.811967987180651,1.0,1.0,8275.236379187336,508449.34756596206,508449.34756596206,528,1.0,0.0,0.0,0.0,4.460917404112136,1.76912734634152,9.135057615987359,4.349711763573965,8.443155234696322,33.080184605571255,1606.5451476082537,805.4769864210776,0.5013721448290654,998.841443474351,0.040140281914463276,370.95347903823836,4,0,0,8,0.0,516,162.0,0.37095347903823833,319.3453866276691,214626.84489776153,756.526768850301,500000.0,0.47437592587838173,0,2,4.8821377444482845,26,E8,P2,no_consolidate,0.0,no_consolidate
3.4704363433174286,4.772849535539991,6.483559034462793,11.21077215835739,3.4332340184090904,5.100607966454163,,,,,4.395297716398674,5.7780690321319526,5.888860647970247,11.390656857558959,5.176276884725492,4.772849535539991,1.0,1.0,12370.949722949961,513597.1255335828,513597.1255335828,536,1.0,0.0,0.0,0.0,4.41383158316362,1.76912734634152,5.77806903213127,4.374135074779997,3.4704363433174286,35.378333182684926,1692.314402754257,843.7900212701444,0.49860121730150647,1011.6448300154077,0.040326404019131686,390.56241778987857,5,0,1,5,0.0,526,162.0,0.39056241778987855,316.182771173184,210031.01907435548,773.1741870009217,500000.0,0.41734400971155045,0,7,19.654429142661723,27,E8,P2,no_consolidate,0.0,no_consolidate
19.388174161373183,60.67289787358696,10.355581542793178,19.373514547524422,13.83028309106298,33.27180963236897,7.220321824285804,8.801093679069378,12.0795082635386,12.0795082635386,4.7391608205923585,6.269406688756388,4.1841301842708845,6.308797722137841,11.266687158580933,60.67289787358696,0.6666666666666666,0.8928571428571429,26590.43369586375,528937.8456762048,528937.8456762048,537,1.0,0.0,0.0,0.0,5.266402317518915,1.76912734634152,8.636641205117146,5.155477947733809,19.388174161373183,51.52327832412071,1692.6540786816527,842.6826095264997,0.49784691399133063,1011.9205789642068,0.039710977066140116,372.042939312107,4,0,2,8,171.52673641514082,524,162.0,0.372042939312107,306.9775480552586,197126.23848126672,823.6957403047217,500000.0,0.4473000363536528,0,4,14.400482456676347,28,E8,P2,no_consolidate,0.0,no_consolidate
4.928861958493398,6.2414871992884855,8.81743342587959,24.09651050127701,5.844713358996366,13.758292163186217,18.452811693695292,34.29798532010208,9.365510918657188,13.814576911261792,5.010019878722179,8.600707382110661,4.838139712484235,7.152410762054541,7.933284534176459,6.2414871992884855,0.9230769230769231,1.0,77164.28456252046,584688.0408818187,584688.0408818189,599,1.0000000000000002,0.0,0.0,0.0,5.256249773544261,1.7691273463417474,10.732315930074979,5.65646804075158,4.928861958493398,70.05482561106815,2069.9126285371262,1019.1588223806405,0.49236803927367345,1206.0818662679956,0.044369266397619324,447.8855464640428,4,0,4,13,129.34383220056782,579,162.0,0.44788554646404277,277.83685348081053,165110.5695273545,983.8733281066582,500000.0,0.4214824743680971,0,10,28.743868339649307,29,E8,P2,no_consolidate,0.0,no_consolidate
3.043026970381677,4.893294742330999,5.357218716400325,11.295703315100539,6.675958953060558,15.6808746003627,,,,,24.450225275361067,31.068703874723543,4.214547194749059,11.495840005034097,5.773663001661451,4.893294742330999,1.0,1.0,13968.57625752051,515078.73700219905,515078.73700219905,554,1.0,0.0,0.0,0.0,22.48051426199188,25.704708293040312,29.660279913913243,23.892838147584907,3.043026970381677,450.5658912088961,1758.2404474421394,877.6222071159881,0.4991480024206809,1030.1707814111835,0.040571409202747384,380.05365573093417,3,0,0,21,102.4925070669722,529,162.0,0.3800536557309342,315.2528768723716,209411.25672139367,775.4122495514446,500000.0,0.4782005041527719,0,6,19.798987548695372,0,E8,P2,no_team_lift,0.0,no_team_lift
3.0928295940558694,4.62147986814889,3.4330829899409516,4.01664504808511,8.373102927006357,16.431422037508312,6.3161585297608935,7.670741521223135,,,24.710073478581656,31.12036284531577,13.7539969546865,37.773859405636,5.815177725997155,4.62147986814889,1.0,1.0,22776.714596747763,525519.2910413912,524519.2910413912,535,0.9980971202826477,0.0,0.0,1000.0,23.46618612442963,25.704708293040312,30.619449402238935,23.976908253078353,3.0928295940558694,460.62030396627716,1671.1856481116029,848.1331632589362,0.5075038576458007,1016.9220063516624,0.03988980176891996,371.59523165145913,2,0,0,18,0.0,515,162.0,0.37159523165145913,309.56267577742585,200005.86774768488,811.8341579682526,500000.0,0.4961594208167955,0,10,26.51678011587135,1,E8,P2,no_team_lift,0.0,no_team_lift
10.544367512260248,23.60354418525504,4.352672986672587,7.067526679890397,4.483620541595883,8.95968310182434,4.68371236716564,5.106472912999175,,,24.292146478414097,28.97281936585432,7.853793816165638,14.27953164080327,4.443158242330455,23.60354418525504,0.9090909090909091,1.0,29310.196036041838,532277.3226155266,516873.34282247716,548,0.9710602365748803,14403.979793049497,0.02706104352195697,1000.0,22.83072890849173,25.704708293039857,28.972819365854,23.704468513872026,10.544367512260248,449.3919763293265,1695.6412592832978,844.4497429504072,0.49801202838584707,999.0140586150529,0.039646049215439426,369.18794333836604,2,0,0,21,0.0,520,162.0,0.3691879433383661,314.13728372349993,206652.01558823034,785.7130620340581,500000.0,0.4763315456119,0,5,12.48591588338666,2,E8,P2,no_team_lift,0.0,no_team_lift
3.386592851362514,5.915107960402384,4.884885510896704,7.73805439734224,16.291042457348293,46.30951720042393,77.76866103688008,77.76866103688008,49.36987938865241,49.36987938865241,24.694097618085802,29.582984388760813,4.125123269098075,4.676887630746478,12.674274885500841,5.915107960402384,1.0,0.9574468085106383,28096.063942230638,531327.860284328,530327.860284328,561,0.998117922897051,0.0,0.0,1000.0,22.836988501629587,25.704708293039857,28.97281936585432,24.952957157525756,3.386592851362514,476.9384360014184,1817.5185161133122,903.7354884638248,0.4972359183423482,1081.5095126868937,0.04251384637579071,396.06297710038604,4,0,0,22,0.0,532,162.0,0.39606297710038607,306.21823807264053,195397.5955785603,831.1057385135965,500000.0,0.4740420913481995,0,6,19.282620201124633,3,E8,P2,no_team_lift,0.0,no_team_lift
3.389784672384394,6.82627785885925,4.735814988002289,7.8188074815539945,2.5500981997106464,2.9339288334962474,,,4.444069215808668,4.444069215808668,25.186008769829577,31.731465799026427,3.1075725956562983,5.24605470991437,3.578670805965537,6.82627785885925,1.0,1.0,32491.15341102122,534209.4492904893,521325.49254426855,548,0.9758821998312972,12883.956746220842,0.02411780016870289,0.0,23.278454111464974,25.704708293039857,30.600487820943364,24.296173269270174,3.389784672384394,456.62869922322153,1718.73296810639,866.2798068585192,0.5040223367641228,993.0788339929344,0.04130100557799236,391.449402176077,4,0,0,21,0.0,521,162.0,0.391449402176077,311.4972348841862,204727.42568994666,793.2080856040895,500000.0,0.4764695866185786,0,11,31.24541162897481,4,E8,P2,no_team_lift,0.0,no_team_lift
7.721524517348366,15.634949015859473,8.62512587774711,13.0113619901917,18.96472038862431,72.28306856140907,63.27263731718904,94.7322586485434,,,25.30593929384582,31.50706193955939,3.5547629385230763,5.270174942417157,23.00115966926123,15.634949015859473,0.9259259259259259,0.8771929824561403,43452.69323580841,547328.4080016714,546328.4080016714,572,0.998172943363837,0.0,0.0,1000.0,23.746601165544885,25.704708293039857,31.59402901151734,26.676029687150283,7.721524517348366,531.5711504974056,1843.9702193279204,918.835722106243,0.4982920615936709,1113.2808553553764,0.04367270732612659,433.8930612685714,3,0,0,25,0.0,536,162.0,0.4338930612685714,297.319141165311,183294.22873593422,886.1920758851692,500000.0,0.505913635540813,0,11,27.01436176718701,5,E8,P2,no_team_lift,0.0,no_team_lift
6.017439397494412,16.168582768866653,15.311435887290441,41.92576804684197,4.114813563708789,7.107798410137185,8.996946876740196,13.10204705109452,,,25.125928309317068,31.64725557920183,6.044016915853219,9.674022816582788,10.993339541154086,16.168582768866653,0.9285714285714286,0.9807692307692307,31608.77227884693,533346.8920584851,533346.8920584851,565,1.0,0.0,0.0,0.0,23.13958376403923,25.704708293039857,31.50706193955931,24.024233970637237,6.017439397494412,452.3088949032464,1758.6352840630677,880.4419206730283,0.5006392903927738,1058.31453340727,0.044975900560420876,445.2459505088701,6,0,0,30,0.0,521,162.0,0.4452459505088701,304.5770930126572,194271.21616947462,836.177634306865,500000.0,0.49623278481978,0,7,19.864926492619915,6,E8,P2,no_team_lift,0.0,no_team_lift
6.589340505018311,13.132810933375774,6.3327982970425385,12.47958512259575,2.504203767682785,2.9199910145446895,6.191021358897288,6.846215195198672,,,24.7768446097784,31.338201746621085,6.6815075045214085,4.516320925530689,4.885260603687193,13.132810933375774,0.918918918918919,0.9672131147540983,40773.60461111535,544565.4292464787,532094.6781879223,580,0.9770996277236836,11470.75105855638,0.021064045645403137,1000.0,22.169530109558657,25.70470829303963,28.98299663145017,23.572715498698567,6.589340505018311,457.58380562442227,1895.2743461477753,946.8276308125497,0.4995728627557359,1103.7571554820058,0.042625805167660506,399.4128464807671,2,0,0,23,0.0,553,162.0,0.3994128464807671,305.20773746420633,193656.6845434059,838.5944086018927,500000.0,0.47539607402749234,0,12,35.733813033790675,7,E8,P2,no_team_lift,0.0,no_team_lift
10.030360856552154,41.94722992879546,12.720580096012924,26.28039233690646,11.850038372182144,5.8774615898583775,5.016140661867894,5.018809284742156,,,24.95340706905978,31.418742628307886,4.322864784612733,5.7116157921773265,11.558583518704653,41.94722992879546,0.84,0.8958333333333334,38363.5914215517,540361.5398106,526845.8481339898,560,0.9749876875372228,13515.69167661024,0.02501231246277737,0.0,23.294972061230812,25.704708293040312,31.22006297635981,24.311728793223708,10.030360856552154,467.4677480681125,1751.365843756715,869.7279384433,0.496599806113448,1030.1443100696922,0.041904334039359274,396.2444348497579,4,0,0,18,0.0,533,162.0,0.3962444348497579,308.2424299442299,199049.3800562415,815.8590817462714,500000.0,0.48786529273700924,0,13,36.82924239409328,8,E8,P2,no_team_lift,0.0,no_team_lift
9.65068117734708,33.84813570320948,7.826008902164555,15.524368780616713,10.548258879227124,39.550092391076404,5.8515350840643805,5.8515350840643805,7.253474718233974,8.758631242005777,25.955153889618522,33.590078344502395,7.849412586385002,27.688697438364215,8.919637408420975,33.84813570320948,0.8421052631578947,0.9506172839506173,47374.080402398526,549736.351411949,548736.351411949,603,0.9981809461982428,0.0,0.0,1000.0,23.020293031461833,25.70470829303963,33.07807003213202,24.528713436016783,9.65068117734708,475.69332948294897,2001.1198656747144,994.1874708213898,0.4968155520689817,1228.6095847728625,0.051203977606263454,500.0936602922721,8,0,0,32,178.53283875621773,558,162.0,0.5000936602922721,296.13509883601586,183472.29273139316,885.6928271899639,500000.0,0.5125626827939102,0,11,27.543977658417184,9,E8,P2,no_team_lift,0.0,no_team_lift
4.407650246298236,6.476964833212451,9.923216396700354,14.705089802385007,12.197989350892271,27.358308819704316,,,,,23.583232081505624,29.08163704456706,3.284656626271931,6.173492218649471,11.060602873796313,6.476964833212451,0.9285714285714286,0.9666666666666667,13819.243346008723,516514.44304295897,516514.44304295897,540,1.0,0.0,0.0,0.0,22.339146956378602,25.70470829303963,28.972819365854342,23.164496081136424,4.407650246298236,435.9618778066813,1658.992878247087,833.1188713503717,0.5021835128253569,969.1411781192894,0.039459136269793,380.50140765488794,2,0,0,20,0.0,516,162.0,0.38050140765488794,314.37746532510715,206765.41380619293,785.3368627688319,500000.0,0.4852497738767423,0,10,31.483627498607714,10,E8,P2,no_team_lift,0.0,no_team_lift
5.568056653593273,11.414764079273482,8.027010635963961,15.771404516792611,2.8942754921459484,3.446821946636873,,,7.552558473439603,7.552558473439603,24.165518657437183,31.50706193955923,8.500375075429767,20.154083671643832,4.360771247522523,11.414764079273482,0.9523809523809523,1.0,26006.043708159235,531772.2574830158,531772.2574830158,543,1.0,0.0,0.0,0.0,22.703120625986767,25.704708293039857,31.349859672675485,23.37150526361548,5.568056653593273,448.85398479965846,1655.632150733077,829.588980330785,0.5010708326505146,1023.6084790906551,0.04045317112553539,366.5778735036264,2,0,0,27,0.0,514,162.0,0.36657787350362636,305.331042732498,194492.6016926011,834.8213580387329,500000.0,0.505406701262796,0,6,19.28262020112463,11,E8,P2,no_team_lift,0.0,no_team_lift
3.9457815168548223,6.779362171676441,5.809663365019939,11.283432104655958,22.84797085817354,22.84797085817354,,,,,24.628449549673068,31.51672494755458,6.0016602111318855,11.108922206832359,8.24370729261331,6.779362171676441,1.0,1.0,3605.0987133016765,503977.3460501888,503977.3460501888,521,1.0,0.0,0.0,0.0,23.88015895965592,25.704708293040312,31.02409201561386,24.541130185155648,3.9457815168548223,454.9077462086278,1521.195889146374,756.7635833794133,0.4974793770998649,902.2446221629463,0.03788303451736422,357.2226410444572,4,0,0,20,0.0,497,162.0,0.3572226410444572,322.1518266911863,219312.97609694788,740.29920860348,500000.0,0.45811019494086924,0,6,16.792238772033354,12,E8,P2,no_team_lift,0.0,no_team_lift
2.8637364107309047,5.285668359866468,4.414290973514563,7.353748542629181,14.1392168153983,34.094116605673534,,,,,23.861900365044495,28.97281936585432,2.788388094073298,3.874433265204789,8.736480236574002,5.285668359866468,1.0,1.0,6216.486291594783,506496.9548278934,506496.9548278934,522,1.0,0.0,0.0,0.0,23.077452751738747,25.704708293039857,28.97281936585432,23.741942557972315,2.8637364107309047,444.3786593305533,1531.7835305834599,762.2315893264821,0.4976105135665914,889.9106821872797,0.03603701399881332,342.1265115208805,2,0,0,17,0.0,504,162.0,0.3421265115208805,320.51945221799883,215660.26068305562,752.7679230162225,500000.0,0.463766727267132,0,6,18.731076911799125,13,E8,P2,no_team_lift,0.0,no_team_lift
11.052276264328405,45.98421321318919,7.042370494130618,11.143443989962634,8.444817806717133,20.262468538886424,16.825217801567476,49.34532864705006,,,24.171541156541878,29.903394551351905,4.879825500468054,4.82357776137942,10.093944295975438,45.98421321318919,0.8275862068965517,0.9193548387096774,58929.484502104126,566652.9292862886,566652.9292862886,576,1.0,0.0,0.0,0.0,22.235597758177434,25.704708293039758,30.100826667878916,23.01243864856767,11.052276264328405,472.72044973561214,1833.9984728912607,914.6455545402468,0.4987166391138413,1098.5828663241161,0.040372267563183184,383.666927252002,0,0,0,25,0.0,546,162.0,0.383666927252002,286.5663592911761,169945.4669882297,955.5045498124324,500000.0,0.47685484241965276,0,8,25.070191208235546,14,E8,P2,no_team_lift,0.0,no_team_lift
9.746201400485532,21.722915273722993,12.651878994016075,36.972013405504185,6.084643779379307,4.1552616848730395,6.087254561683819,6.903809601991452,6.517839647709252,8.051208116896623,24.370815821016183,29.18786047602271,5.988712628993434,6.544651577301924,9.621315958443505,21.722915273722993,0.9142857142857143,0.972972972972973,64862.71277757866,573615.9384122626,573615.9384122626,603,1.0,0.0,0.0,0.0,21.685716753205014,25.70470829303963,28.972819365853866,22.091345138700714,9.746201400485532,449.01620064650405,2068.3182657215243,1026.3979103104145,0.4962475685299621,1247.5910653462333,0.04779651203295163,505.94320432369767,4,0,0,28,0.0,563,162.0,0.5059432043236977,283.3009550852636,164728.9249603224,986.5052129944141,500000.0,0.45291852897201873,0,7,21.140090200710937,15,E8,P2,no_team_lift,0.0,no_team_lift
5.357513481669191,16.483410976476442,9.125499341271668,19.425859225978456,15.050466933501108,22.597653204122253,,,,,24.360006256148132,32.11176923259882,2.959320575187197,3.9671929699394695,11.100488538681482,16.483410976476442,1.0,1.0,8440.199489225186,509188.49886297405,509188.49886297405,531,1.0,0.0,0.0,0.0,23.33442230282387,25.704708293039857,31.507061939559208,24.05807602246034,5.357513481669191,443.8142360225172,1523.5126145730378,758.4585419495313,0.49783541973630996,927.4645921621094,0.0395667094301245,365.1550230894213,3,0,0,26,0.0,497,162.0,0.3651550230894213,318.87042889942205,215515.42019838083,753.3806855845077,500000.0,0.5064511377581922,0,5,15.961416541584455,16,E8,P2,no_team_lift,0.0,no_team_lift
4.522908086307003,9.136371234546457,10.891896988919664,24.396268237011828,6.309778232182009,12.520810186587735,,,,,24.95079789348493,30.749414926224926,10.999531755750105,15.677494538902465,8.982680840278974,9.136371234546457,1.0,1.0,10188.61735102234,511539.3687118152,511539.3687118152,538,1.0,0.0,0.0,0.0,23.739831946902726,25.704708293040312,29.778070032131268,24.522243997311048,4.522908086307003,456.03604449141005,1590.9068812597254,786.6514373370409,0.49446730453145554,959.5069692666171,0.043245238007965744,424.75098482362415,5,1,0,20,0.0,508,162.0,0.4247509848236241,317.52150649489596,212210.29423471622,765.3952489466554,500000.0,0.4848576029532509,0,4,10.79092325803397,17,E8,P2,no_team_lift,0.0,no_team_lift
4.377571247757576,6.480476177754644,4.527322723424004,6.126661431858243,12.062863339797211,5.422433224855013,92.664372979993,143.89185568171297,57.79741548475795,57.79741548475795,25.01719654669402,31.639869496798564,8.71108397610236,19.34365250933987,25.232335974553425,6.480476177754644,1.0,0.9074074074074074,68261.72443658626,572191.6285267603,560368.4124093493,573,0.9793369641778008,10823.216117411037,0.01891536956819503,1000.0,23.716885936720068,25.70470829303963,31.748401928652868,26.811472511315813,4.377571247757576,552.1465339666595,1822.7959351797977,903.03868544101,0.4954140329218672,1109.3725805758615,0.041562316720679233,393.7227021084339,1,0,0,21,56.10770373854109,541,162.0,0.3937227021084339,289.79813834238706,175689.03619928146,924.3247399792645,500000.0,0.47865865516157236,0,8,19.67535529888932,18,E8,P2,no_team_lift,0.0,no_team_lift
9.142971799950958,29.582944459312788,4.99796044407485,7.044824986157164,6.96817285832248,17.700529303758234,,,,,24.465033143243858,29.910122324557044,5.64793803586556,11.542118464345151,5.693329531456366,29.582944459312788,0.8571428571428571,1.0,37728.11627304937,538786.9281851918,526296.1270711955,582,0.9768168074231693,11490.801113996251,0.021327171304435642,1000.0,21.994329704550864,25.70470829303963,28.97281936585432,23.674144242571998,9.142971799950958,449.902374414478,1964.8088641203155,985.5627121182695,0.5016074235595053,1166.6993429582806,0.0484747732060784,461.9089939700231,4,1,0,22,0.0,553,162.0,0.4619089939700231,308.6891592724807,199892.53174980645,812.7462670657145,500000.0,0.4387971926219982,0,10,31.11952669795951,19,E8,P2,no_team_lift,0.0,no_team_lift
3.717137990565618,5.975218301627228,4.043600944467744,6.514920147176986,8.75342411058664,16.76821660583046,7.118438474041341,7.118438474041341,4.820118274277888,4.820118274277888,24.95515887471292,29.0533444324825,9.453647086126036,29.431872152535522,6.4639603408466595,5.975218301627228,1.0,1.0,42968.20466135957,546796.3875473237,534781.0123534314,558,0.978025869468912,12015.37519389233,0.021974130531088105,0.0,22.988796829150818,25.704708293039857,28.972819365853866,23.808537222318865,3.717137990565618,460.1651363942868,1693.9790609705933,838.2745778782332,0.49485533628611084,1011.9557146222762,0.04055545470458704,385.8616482931123,2,0,0,22,0.0,527,162.0,0.3858616482931123,303.6492655819536,195689.99686105558,829.811764796495,500000.0,0.48393224548866476,0,5,14.156636942263267,20,E8,P2,no_team_lift,0.0,no_team_lift
3.1435041872077365,5.559401315831747,4.834297056210289,8.64283843164776,3.518169269097598,4.7192150061864595,34.98303365036054,34.98303365036054,,,24.411450299007814,31.549917903322967,3.6726619974655375,6.067252807532533,8.273857183700898,5.559401315831747,1.0,1.0,17327.275816339392,522341.9832740221,522341.98327402206,537,0.9999999999999999,0.0,0.0,0.0,23.031359494776275,25.704708293039857,31.500079118528085,23.75715937627175,3.1435041872077365,449.811409767679,1623.3705724921567,808.6483810367131,0.49812925941813574,960.3148938658791,0.03972516817790195,380.3100486260218,3,0,0,20,0.0,510,162.0,0.38031004862602175,310.86972758887134,205327.05270925027,790.8373879917411,500000.0,0.4727310293535781,0,9,24.21744834583803,21,E8,P2,no_team_lift,0.0,no_team_lift
8.431965753620185,21.774664683307403,17.802525912143164,38.825063239740665,12.384209706322736,33.036144226913166,4.675293146604872,4.675293146604872,,,24.124000093492388,28.97281936585432,6.858794777261058,12.503306625348166,13.999431745438093,21.774664683307403,0.9166666666666666,1.0,19226.136203616657,520041.7500651535,519041.75006515346,532,0.9980770774656559,0.0,0.0,1000.0,23.249590168490133,25.704708293039857,28.97281936585432,23.461214037827535,8.431965753620185,440.26587495785697,1561.3972680173658,774.0900932077276,0.4957675468400513,931.3676053195716,0.039633430348087396,363.5094492900108,5,0,0,15,66.95580926203557,505,162.0,0.36350944929001083,312.81396810354676,207566.30948675936,782.2247736193776,500000.0,0.46619629902469645,0,1,2.6356018297700885,22,E8,P2,no_team_lift,0.0,no_team_lift
2.782386007793123,4.782531518583802,4.446041981466699,5.944649592205451,5.507090366718674,7.37817746156194,6.9509904034839565,7.89902956353435,,,25.580948839340987,32.11176923259882,3.399281321431829,4.804122361553709,4.98467579858926,4.782531518583802,1.0,1.0,44840.47463850063,546785.5630729868,534074.9817859603,584,0.9767539925238847,12710.581287026522,0.023246007476115223,0.0,22.427965022733602,25.704708293039857,31.507061939559435,24.26720347806581,2.782386007793123,468.6302187352769,1956.1399404608267,962.8857230918783,0.49223764781626106,1158.3137321818176,0.045229223508711856,441.0350140913768,3,0,0,29,0.0,553,162.0,0.4410350140913768,304.1539869006491,193601.26436917283,839.0494532325838,500000.0,0.5044739708051287,0,9,25.67767205475644,23,E8,P2,no_team_lift,0.0,no_team_lift
15.919727643367645,46.06256522505555,28.542926985245686,52.94845606219361,14.62674862432065,25.45468480019736,7.019287159740543,7.065998427650902,,,24.46847766543344,29.4363360316961,2.0480234037874854,3.449195245952797,17.32340132528998,46.06256522505555,0.7368421052631579,0.9411764705882353,34421.87232108315,535140.8176419535,523443.16914699145,543,0.9781409899799709,11697.648494961977,0.021859010020029008,0.0,23.6003625938382,25.704708293040312,29.84419088647392,23.88830457441076,15.919727643367645,451.15260408816783,1635.191711307352,819.2987688380125,0.5010414150050791,989.5128876418411,0.042155469256569926,399.0299937990898,4,0,0,25,0.0,512,162.0,0.3990299937990898,310.25150305895914,202081.27406872995,803.6322551022985,500000.0,0.5023374669261095,0,6,17.704429142661724,24,E8,P2,no_team_lift,0.0,no_team_lift
1.7167200018366202,1.7167200018366202,,,,,,,,,24.297504723783035,28.97281936585432,,,,1.7167200018366202,1.0,1.0,209.99028817615883,500209.99028817617,500209.99028817617,501,1.0,0.0,0.0,0.0,24.252433297192326,25.704708293040312,28.97281936585432,24.288025214011004,1.7167200018366202,440.5863711533673,1405.9126155935132,705.5616741073901,0.501853149535566,839.1852567340833,0.03744074505798675,327.5798007035834,5,0,0,19,0.0,480,162.0,0.3275798007035834,324.51886798019564,222415.9102115859,729.8379852694898,500000.0,0.2770519293383493,0,2,6.686917343769473,25,E8,P2,no_team_lift,0.0,no_team_lift
9.629229339440165,16.033513024206513,8.20398675348171,18.400114785176584,11.976460219425267,20.18668815155725,,,,,24.235383244135058,31.513002449937538,4.435319555525666,9.469285134881012,10.23531861975901,16.033513024206513,1.0,1.0,8275.236379187336,508449.34756596206,507449.34756596206,527,0.9980332357494661,0.0,0.0,1000.0,23.434873210315384,25.704708293040312,31.507061939559367,24.01195476066175,9.629229339440165,440.66109538533686,1532.3622812462083,764.7612317066296,0.49907338562567605,937.6683110913617,0.04068200847364393,379.77197042657303,4,0,0,26,0.0,497,162.0,0.379771970426573,319.9920795036971,214874.92825854325,755.6943626994346,500000.0,0.5042172649923392,0,4,11.01751179889225,26,E8,P2,no_team_lift,0.0,no_team_lift
4.9889260739227925,13.662391245941276,3.264502481267563,4.084253309174391,3.4221542281463826,5.227203935847001,,,,,25.446424044237506,31.599862815864793,6.7501635623485186,13.275196331830644,3.3320675156442,13.662391245941276,1.0,1.0,12370.949722949961,513597.1255335828,512597.1255335828,535,0.9980529486044901,0.0,0.0,1000.0,24.05282395668643,25.704708293040312,30.858248270854354,24.90610005602801,4.9889260739227925,467.14577821541536,1623.1099371273976,809.860546832962,0.4989560647175042,969.7019095763947,0.03985480539343985,365.4308109389125,4,0,0,21,33.50503363981419,504,162.0,0.3654308109389125,316.75056827898953,210224.84453998608,772.3417808500554,500000.0,0.45329175186982634,0,10,30.2521120242923,27,E8,P2,no_team_lift,0.0,no_team_lift
19.29256511640234,55.31509225264163,10.313466103063778,19.156554241944463,14.759606727779607,35.753538605430535,8.01105227132446,10.12227083756758,6.607330700210412,6.607330700210412,25.130695334450074,31.629383567379953,3.5906084698847565,4.6667625005401305,11.6929671083648,55.31509225264163,0.6666666666666666,0.8571428571428571,26590.43369586375,528937.8456762048,527937.8456762048,536,0.9981094186998066,0.0,0.0,1000.0,24.242812360971158,25.704708293039857,31.8847832620429,24.374848427399048,19.29256511640234,466.41007798230237,1596.8226796294841,788.8012210179572,0.49398172450868827,983.0933053534569,0.040709793300444844,379.3048185498326,4,0,0,26,0.0,503,162.0,0.37930481854983256,307.57276855302473,197334.4759437159,822.8633341538552,500000.0,0.4924884620046317,0,3,8.770975884214055,28,E8,P2,no_team_lift,0.0,no_team_lift
3.3812904979492417,5.276698289661908,8.210929680726606,24.021962742495816,10.328910200871412,30.8957501613378,20.47259730545655,39.145470788329106,11.008640350995696,17.342062379489107,24.982816350699796,31.62534363839823,6.789058657370344,14.086637302857962,10.036274167344631,5.276698289661908,1.0,0.9864864864864865,77164.28456252046,584688.0408818187,584688.0408818187,599,1.0,0.0,0.0,0.0,22.109262270190744,25.704708293039857,30.961997101561096,23.319631408981678,3.3812904979492417,490.69599842613707,2003.1778418441381,991.2882417807056,0.49485783092933944,1185.6582863870697,0.04468448166757888,445.6351541006881,4,0,0,29,129.34383220056782,559,162.0,0.4456351541006881,277.83300460379235,165108.28224880036,983.8733281066582,500000.0,0.4624730386182437,0,10,29.684477544066706,29,E8,P2,no_team_lift,0.0,no_team_lift
3.043026970381677,4.893294742330999,5.357218716400325,11.295703315100539,6.675958953060558,15.6808746003627,,,,,24.4493899929228,30.93189998673843,4.214547194749059,11.495840005034097,5.773663001661451,4.893294742330999,1.0,1.0,13968.57625752051,515078.73700219905,515078.73700219905,554,1.0,0.0,0.0,0.0,22.479760396975394,25.704708293040312,29.660279913913243,23.892027317726996,3.043026970381677,450.58300112681195,1758.2404474421394,877.6222071159881,0.4991480024206809,1029.280849422059,0.040571409202747384,380.05365573093417,3,0,0,21,0.0,530,162.0,0.3800536557309342,315.2528768723716,209411.25672139367,775.4122495514446,500000.0,0.4782005041527719,0,6,19.798987548695372,0,E8,P2,no_backhaul,0.0,no_backhaul
3.080082064653853,4.62147986814889,3.4330829899409516,4.01664504808511,4.384329954068926,5.644061312779013,5.565633569867411,7.387352518747503,,,24.721434036292074,31.12036284531577,14.16738402719089,39.38165818458438,4.229789172828041,4.62147986814889,1.0,1.0,22776.714596747763,525519.2910413912,524519.2910413912,535,0.9980971202826477,0.0,0.0,1000.0,23.440346825587813,25.704708293040312,30.619449402238935,23.921070195631412,3.080082064653853,459.67951488687225,1673.3886372608913,843.2058948286807,0.5038912515916767,1009.6850929963177,0.0400059662567345,372.6128325647145,2,0,2,18,0.0,515,162.0,0.3726128325647145,309.56461584127226,200007.12120678526,811.8341579682526,500000.0,0.49301173078243493,0,10,26.51678011587135,1,E8,P2,no_backhaul,0.0,no_backhaul
10.544367512260248,23.60354418525504,4.352672986672587,7.067526679890397,4.483620541595883,8.95968310182434,4.68371236716564,5.106472912999175,,,24.292146478414097,28.97281936585432,7.853793816165638,14.27953164080327,4.443158242330455,23.60354418525504,0.9090909090909091,1.0,29310.196036041838,532277.3226155266,516873.34282247716,548,0.9710602365748803,14403.979793049497,0.02706104352195697,1000.0,22.83072890849173,25.704708293039857,28.972819365854,23.704468513872026,10.544367512260248,449.3919763293265,1695.6412592832978,844.4497429504072,0.49801202838584707,999.0140586150529,0.039646049215439426,369.18794333836604,2,0,0,21,0.0,520,162.0,0.3691879433383661,314.13728372349993,206652.01558823034,785.7130620340581,500000.0,0.4763315456119,0,5,12.48591588338666,2,E8,P2,no_backhaul,0.0,no_backhaul
3.683672506138889,6.882972157178757,5.02762485706952,7.73805439734224,6.28305886348794,13.078595942571473,34.10937453661609,34.10937453661609,50.02432245581622,50.02432245581622,24.707493366944135,29.79084675636518,4.125123269098075,4.676887630746478,6.762461929724968,6.882972157178757,1.0,1.0,28096.063942230638,531327.860284328,530327.860284328,561,0.998117922897051,0.0,0.0,1000.0,22.609338310664718,25.704708293039857,28.97281936585432,24.334299020705327,3.683672506138889,470.95528251036916,1837.6786731511102,912.9083140263507,0.4967725464544711,1089.420297589054,0.04282051097393583,398.7493589801373,4,0,2,21,0.0,533,162.0,0.39874935898013725,306.22330358414933,195400.82787711776,831.1057385135965,500000.0,0.47356725049268,0,6,19.282620201124633,3,E8,P2,no_backhaul,0.0,no_backhaul
3.3612328204474884,6.82627785885925,4.735814988002289,7.8188074815539945,2.5500981997106464,2.9339288334962474,,,60.95953131467718,106.17190099377198,25.202692252915796,31.731465799026427,3.2023795439490814,5.208471792655292,3.578670805965537,6.82627785885925,1.0,1.0,32491.15341102122,538255.453584505,538255.4535845051,550,1.0000000000000002,0.0,0.0,0.0,23.429519486596472,25.704708293039857,30.593689750441353,26.391819420359205,3.3612328204474884,515.210039067845,1731.5611249076046,872.6190384536195,0.5039493125027175,1002.6912458438952,0.04189944878491383,396.5632813349931,4,0,1,21,0.0,520,162.0,0.39656328133499313,301.7090903582253,195366.20186229242,831.2418511150834,500000.0,0.4767924817529085,0,12,33.8810134587449,4,E8,P2,no_backhaul,0.0,no_backhaul
7.721524517348366,15.634949015859473,8.62512587774711,13.0113619901917,18.96472038862431,72.28306856140907,63.27263731718904,94.7322586485434,,,25.30593929384582,31.50706193955939,3.5547629385230763,5.270174942417157,23.00115966926123,15.634949015859473,0.9259259259259259,0.8771929824561403,43452.69323580841,547328.4080016714,546328.4080016714,572,0.998172943363837,0.0,0.0,1000.0,23.746601165544885,25.704708293039857,31.59402901151734,26.676029687150283,7.721524517348366,531.5711504974056,1843.9702193279204,918.835722106243,0.4982920615936709,1113.2808553553764,0.04367270732612659,433.8930612685714,3,0,0,25,0.0,536,162.0,0.4338930612685714,297.319141165311,183294.22873593422,886.1920758851692,500000.0,0.505913635540813,0,11,27.01436176718701,5,E8,P2,no_backhaul,0.0,no_backhaul
6.017439397494412,16.168582768866653,15.311435887290441,41.92576804684197,4.114813563708789,7.107798410137185,8.996946876740196,13.10204705109452,,,25.125928309317068,31.64725557920183,6.044016915853219,9.674022816582788,10.993339541154086,16.168582768866653,0.9285714285714286,0.9807692307692307,31608.77227884693,533346.8920584851,533346.8920584851,565,1.0,0.0,0.0,0.0,23.13958376403923,25.704708293039857,31.50706193955931,24.024233970637237,6.017439397494412,452.3088949032464,1758.6352840630677,880.4419206730283,0.5006392903927738,1058.31453340727,0.044975900560420876,445.2459505088701,6,0,0,30,0.0,521,162.0,0.4452459505088701,304.5770930126572,194271.21616947462,836.177634306865,500000.0,0.49623278481978,0,7,19.864926492619915,6,E8,P2,no_backhaul,0.0,no_backhaul
6.704314262627302,13.35464835492451,6.3327982970425385,12.47958512259575,2.504203767682785,2.9199910145446895,6.191021358897288,6.846215195198672,11.965982658850123,11.965982658850123,24.803368356808544,30.28349000935394,6.6815075045214085,4.516320925530689,4.885260603687193,13.35464835492451,0.918918918918919,0.9672131147540983,40773.60461111535,544565.4292464787,543565.4292464787,581,0.9981636733690867,0.0,0.0,1000.0,22.182070266785615,25.70470829303963,28.97281936585432,23.353972806901297,6.704314262627302,460.7301269464183,1907.3318721575747,952.7815470119425,0.49953632135038756,1115.091296769482,0.04310110818464093,408.4400126856906,2,0,1,22,0.0,555,162.0,0.4084400126856906,298.7836077762074,186928.45458540952,868.8267410806611,500000.0,0.4754026026110975,0,12,35.733813033790675,7,E8,P2,no_backhaul,0.0,no_backhaul
9.99190584621406,40.71694706329687,13.27200259706089,27.603806339421578,9.226779981952188,23.416616142648415,5.159550367641145,5.271609509385485,,,24.965391251264034,31.507061939557595,3.326006380857251,5.1003007447654,10.280141794658602,40.71694706329687,0.88,0.8958333333333334,38363.5914215517,540361.5398106,526845.8481339898,560,0.9749876875372228,13515.69167661024,0.02501231246277737,0.0,23.230086802919292,25.704708293040312,31.418742628307886,24.228547003459504,9.99190584621406,463.9487095722678,1764.3757179185523,875.996620940685,0.49649097527487235,1028.6948012010462,0.04290360893589722,408.05379361467647,4,0,2,18,0.0,533,162.0,0.4080537936146765,308.26484515127146,199063.85480933194,815.8590817462714,500000.0,0.48740075919358256,0,13,36.82924239409328,8,E8,P2,no_backhaul,0.0,no_backhaul
9.719852075223894,34.28095482122208,7.826008902164555,15.524368780616713,10.357778568731792,38.86791422806228,5.8515350840643805,5.8515350840643805,7.253474718233974,8.758631242005777,25.955153889618522,33.590078344502395,7.592900775443901,27.688697438364215,8.839901464492696,34.28095482122208,0.8421052631578947,0.9629629629629629,47374.080402398526,549736.351411949,548736.351411949,603,0.9981809461982428,0.0,0.0,1000.0,23.01003283328711,25.70470829303963,33.07807003213202,24.51629604012435,9.719852075223894,475.4162522667343,2001.1198656747144,994.1874708213899,0.49681555206898176,1227.9202672105816,0.05113996842067635,499.532939826529,8,0,0,32,0.0,559,162.0,0.499532939826529,296.13407699654,183471.6596445616,885.6928271899639,500000.0,0.5123073363558467,0,11,27.543977658417184,9,E8,P2,no_backhaul,0.0,no_backhaul
4.407650246298236,6.476964833212451,9.923216396700354,14.705089802385007,12.197989350892271,27.358308819704316,,,,,23.583232081505624,29.08163704456706,3.284656626271931,6.173492218649471,11.060602873796313,6.476964833212451,0.9285714285714286,0.9666666666666667,13819.243346008723,516514.44304295897,516514.44304295897,540,1.0,0.0,0.0,0.0,22.339146956378602,25.70470829303963,28.972819365854342,23.164496081136424,4.407650246298236,435.9618778066813,1658.992878247087,833.1188713503717,0.5021835128253569,969.1411781192894,0.039459136269793,380.50140765488794,2,0,0,20,0.0,516,162.0,0.38050140765488794,314.37746532510715,206765.41380619293,785.3368627688319,500000.0,0.4852497738767423,0,10,31.483627498607714,10,E8,P2,no_backhaul,0.0,no_backhaul
5.568056653593273,11.414764079273482,8.027010635963961,15.771404516792611,2.8942754921459484,3.446821946636873,,,7.552558473439603,7.552558473439603,24.165518657437183,31.50706193955923,8.500375075429767,20.154083671643832,4.360771247522523,11.414764079273482,0.9523809523809523,1.0,26006.043708159235,531772.2574830158,531772.2574830158,543,1.0,0.0,0.0,0.0,22.703120625986767,25.704708293039857,31.349859672675485,23.37150526361548,5.568056653593273,448.85398479965846,1655.632150733077,829.588980330785,0.5010708326505146,1023.6084790906551,0.04045317112553539,366.5778735036264,2,0,0,27,0.0,514,162.0,0.36657787350362636,305.331042732498,194492.6016926011,834.8213580387329,500000.0,0.505406701262796,0,6,19.28262020112463,11,E8,P2,no_backhaul,0.0,no_backhaul
3.9457815168548223,6.779362171676441,5.809663365019939,11.283432104655958,22.84797085817354,22.84797085817354,,,,,24.628449549673068,31.51672494755458,6.0016602111318855,11.108922206832359,8.24370729261331,6.779362171676441,1.0,1.0,3605.0987133016765,503977.3460501888,503977.3460501888,521,1.0,0.0,0.0,0.0,23.88015895965592,25.704708293040312,31.02409201561386,24.541130185155648,3.9457815168548223,454.9077462086278,1521.195889146374,756.7635833794133,0.4974793770998649,902.2446221629463,0.03788303451736422,357.2226410444572,4,0,0,20,0.0,497,162.0,0.3572226410444572,322.1518266911863,219312.97609694788,740.29920860348,500000.0,0.45811019494086924,0,6,16.792238772033354,12,E8,P2,no_backhaul,0.0,no_backhaul
2.8637364107309047,5.285668359866468,4.414290973514563,7.353748542629181,14.1392168153983,34.094116605673534,,,,,23.861900365044495,28.97281936585432,2.788388094073298,3.874433265204789,8.736480236574002,5.285668359866468,1.0,1.0,6216.486291594783,506496.9548278934,506496.9548278934,522,1.0,0.0,0.0,0.0,23.077452751738747,25.704708293039857,28.97281936585432,23.741942557972315,2.8637364107309047,444.3786593305533,1531.7835305834599,762.2315893264821,0.4976105135665914,889.9106821872797,0.03603701399881332,342.1265115208805,2,0,0,17,0.0,504,162.0,0.3421265115208805,320.51945221799883,215660.26068305562,752.7679230162225,500000.0,0.463766727267132,0,6,18.731076911799125,13,E8,P2,no_backhaul,0.0,no_backhaul
11.052276264328405,45.98421321318919,7.042370494130618,11.143443989962634,8.444817806717133,20.262468538886424,16.825217801567476,49.34532864705006,,,24.171541156541878,29.903394551351905,4.879825500468054,4.82357776137942,10.093944295975438,45.98421321318919,0.8275862068965517,0.9193548387096774,58929.484502104126,566652.9292862886,566652.9292862886,576,1.0,0.0,0.0,0.0,22.235597758177434,25.704708293039758,30.100826667878916,23.01243864856767,11.052276264328405,472.72044973561214,1833.9984728912607,914.6455545402468,0.4987166391138413,1098.5828663241161,0.040372267563183184,383.666927252002,0,0,0,25,0.0,546,162.0,0.383666927252002,286.5663592911761,169945.4669882297,955.5045498124324,500000.0,0.47685484241965276,0,8,25.070191208235546,14,E8,P2,no_backhaul,0.0,no_backhaul
9.746201400485532,21.722915273722993,12.651878994016075,36.972013405504185,6.084643779379307,4.1552616848730395,6.087254561683819,6.903809601991452,6.517839647709252,8.051208116896623,24.370815821016183,29.18786047602271,5.988712628993434,6.544651577301924,9.621315958443505,21.722915273722993,0.9142857142857143,0.972972972972973,64862.71277757866,573615.9384122626,573615.9384122626,603,1.0,0.0,0.0,0.0,21.685716753205014,25.70470829303963,28.972819365853866,22.091345138700714,9.746201400485532,449.01620064650405,2068.3182657215243,1026.3979103104145,0.4962475685299621,1247.5910653462333,0.04779651203295163,505.94320432369767,4,0,0,28,0.0,563,162.0,0.5059432043236977,283.3009550852636,164728.9249603224,986.5052129944141,500000.0,0.45291852897201873,0,7,21.140090200710937,15,E8,P2,no_backhaul,0.0,no_backhaul
5.357513481669191,16.483410976476442,9.125499341271668,19.425859225978456,15.050466933501108,22.597653204122253,,,,,24.360006256148132,32.11176923259882,2.959320575187197,3.9671929699394695,11.100488538681482,16.483410976476442,1.0,1.0,8440.199489225186,509188.49886297405,509188.49886297405,531,1.0,0.0,0.0,0.0,23.33442230282387,25.704708293039857,31.507061939559208,24.05807602246034,5.357513481669191,443.8142360225172,1523.5126145730378,758.4585419495313,0.49783541973630996,927.4645921621094,0.0395667094301245,365.1550230894213,3,0,0,26,0.0,497,162.0,0.3651550230894213,318.87042889942205,215515.42019838083,753.3806855845077,500000.0,0.5064511377581922,0,5,15.961416541584455,16,E8,P2,no_backhaul,0.0,no_backhaul
4.522908086307003,9.136371234546457,10.891896988919664,24.396268237011828,6.309778232182009,12.520810186587735,,,,,24.95079789348493,30.749414926224926,10.999531755750105,15.677494538902465,8.982680840278974,9.136371234546457,1.0,1.0,10188.61735102234,511539.3687118152,511539.3687118152,538,1.0,0.0,0.0,0.0,23.739831946902726,25.704708293040312,29.778070032131268,24.522243997311048,4.522908086307003,456.03604449141005,1590.9068812597254,786.6514373370409,0.49446730453145554,959.5069692666171,0.043245238007965744,424.75098482362415,5,1,0,20,0.0,508,162.0,0.4247509848236241,317.52150649489596,212210.29423471622,765.3952489466554,500000.0,0.4848576029532509,0,4,10.79092325803397,17,E8,P2,no_backhaul,0.0,no_backhaul
4.813560475122042,8.616021868250757,5.564760158734316,7.142741622721125,3.930366384305489,6.462837424303689,40.58114060857573,110.45072929519392,32.56412070491433,52.750756528789225,25.032255409039916,31.785017028382935,9.766150780748195,28.376664386509873,11.551288419463866,8.616021868250757,1.0,0.9629629629629629,68261.72443658626,577118.2182746406,576118.2182746406,575,0.9982672527597732,0.0,0.0,1000.0,22.99191050098591,25.70470829303963,31.60368044623881,24.58086312317836,4.813560475122042,513.9917411453467,1861.800514753519,923.6556511861843,0.4961088171728568,1158.0107408647425,0.04273670689800035,402.7581090629329,1,0,4,22,0.0,545,162.0,0.4027581090629329,281.89137742497866,168147.52552607813,965.8349571363498,500000.0,0.4811922171223664,0,6,13.571745488482872,18,E8,P2,no_backhaul,0.0,no_backhaul
9.142971799950958,29.582944459312788,4.99796044407485,7.044824986157164,6.96817285832248,17.700529303758234,,,114.13478743119595,114.13478743119595,24.464466088519824,29.910122324557044,5.64793803586556,11.542118464345151,5.693329531456366,29.582944459312788,0.8571428571428571,1.0,37728.11627304937,538786.9281851918,537786.9281851918,583,0.9981439787276052,0.0,0.0,1000.0,22.151889734429687,25.70470829303963,29.423169398748488,25.606475143072267,9.142971799950958,500.6448535943697,1979.1132140488398,992.5651934715181,0.5015201689452334,1183.8058093039576,0.04893203256633192,465.91458596584397,4,1,1,22,0.0,554,162.0,0.465914585965844,302.10089920597557,190085.6600212101,854.6984268452318,500000.0,0.43847714953153255,0,10,31.11952669795951,19,E8,P2,no_backhaul,0.0,no_backhaul
3.6819226690699502,5.975218301627228,5.206550658701326,8.549980027159881,8.65752290647797,16.76821660583046,7.118438474041341,7.118438474041341,7.754231648850748,10.101522348509036,24.85444447273237,29.672637523137247,9.667802779208083,29.431872152535522,6.9489823909034385,5.975218301627228,1.0,1.0,42968.20466135957,546796.3875473237,546796.3875473237,559,1.0,0.0,0.0,0.0,22.8913842410081,25.704708293039857,28.972819365853866,23.426809883668675,3.6819226690699502,462.1680520523961,1698.2649649126497,834.988467925389,0.49167149130249926,1013.2391629143639,0.04118440324576863,403.01029807012077,2,0,1,21,0.0,529,162.0,0.40301029807012073,297.00819902365316,189544.94920740646,856.8047366979073,500000.0,0.47804176815373917,0,5,15.868886541170758,20,E8,P2,no_backhaul,0.0,no_backhaul
3.1435041872077365,5.559401315831747,4.834297056210289,8.64283843164776,3.518169269097598,4.7192150061864595,34.98303365036054,34.98303365036054,,,24.411450299007814,31.549917903322967,3.6726619974655375,6.067252807532533,8.273857183700898,5.559401315831747,1.0,1.0,17327.275816339392,522341.9832740221,522341.98327402206,537,0.9999999999999999,0.0,0.0,0.0,23.031359494776275,25.704708293039857,31.500079118528085,23.75715937627175,3.1435041872077365,449.811409767679,1623.3705724921567,808.6483810367131,0.49812925941813574,960.3148938658791,0.03972516817790195,380.3100486260218,3,0,0,20,0.0,510,162.0,0.38031004862602175,310.86972758887134,205327.05270925027,790.8373879917411,500000.0,0.4727310293535781,0,9,24.21744834583803,21,E8,P2,no_backhaul,0.0,no_backhaul
8.431965753620185,21.774664683307403,17.802525912143164,38.825063239740665,12.384209706322736,33.036144226913166,4.675293146604872,4.675293146604872,,,24.121653151159734,28.97281936585432,7.3039633957410945,13.304610138612231,13.999431745438093,21.774664683307403,0.9166666666666666,1.0,19226.136203616657,520041.7500651535,519041.75006515346,532,0.9980770774656559,0.0,0.0,1000.0,23.254919855223832,25.704708293039857,28.97281936585432,23.45947455425438,8.431965753620185,441.2329955307839,1564.7268926208312,775.7549055094602,0.49577655319140934,932.395581836753,0.0395988734015363,363.2067304382232,5,0,0,15,0.0,508,162.0,0.36320673043822316,312.81338487714595,207565.92248948955,782.2247736193776,500000.0,0.4659341835389628,0,1,2.6356018297700885,22,E8,P2,no_backhaul,0.0,no_backhaul
2.9042794999920547,5.240616098767077,5.557950818683288,8.725907737595545,5.319456004829417,6.719298048396243,8.999916789952294,11.587097059177358,7.158755276702067,7.158755276702067,25.904128073085797,31.973034874121097,3.399281321431829,4.804122361553709,5.713088191234988,5.240616098767077,1.0,1.0,44840.47463850063,546785.5630729868,546785.5630729868,585,1.0,0.0,0.0,0.0,22.722320941894047,25.704708293039857,31.507061939559343,24.18027312702107,2.9042794999920547,479.1919468395073,1989.1766630760435,980.3861841613667,0.49286028856044745,1171.3645369486937,0.046377594049526606,470.3606182201475,3,0,2,26,0.0,559,162.0,0.4703606182201475,297.1372537802961,187263.21851574408,867.6042305903255,500000.0,0.49295965070352343,0,9,25.67767205475644,23,E8,P2,no_backhaul,0.0,no_backhaul
15.919727643367645,46.06256522505555,28.542926985245686,52.94845606219361,14.62674862432065,25.45468480019736,7.019287159740543,7.065998427650902,91.58399742831261,91.58399742831261,24.46847766543344,29.4363360316961,2.0480234037874854,3.449195245952797,17.32340132528998,46.06256522505555,0.7368421052631579,0.9411764705882353,34421.87232108315,535140.8176419535,535140.8176419535,544,1.0,0.0,0.0,0.0,23.72533251081333,25.704708293040312,30.34553549588076,25.36806540281701,15.919727643367645,492.83322189301634,1648.6709267954213,826.0383765820471,0.5010329005968744,999.6275521061598,0.042674998962895686,403.5810740265035,4,0,1,25,0.0,513,162.0,0.4035810740265035,303.47821679841627,195687.8442022421,829.9114425635119,500000.0,0.501649947258652,0,6,17.704429142661724,24,E8,P2,no_backhaul,0.0,no_backhaul
1.7167200018366202,1.7167200018366202,,,,,,,,,24.297504723783035,28.97281936585432,,,,1.7167200018366202,1.0,1.0,209.99028817615883,500209.99028817617,500209.99028817617,501,1.0,0.0,0.0,0.0,24.252433297192326,25.704708293040312,28.97281936585432,24.288025214011004,1.7167200018366202,440.5863711533673,1405.9126155935132,705.5616741073901,0.501853149535566,839.1852567340833,0.03744074505798675,327.5798007035834,5,0,0,19,0.0,480,162.0,0.3275798007035834,324.51886798019564,222415.9102115859,729.8379852694898,500000.0,0.2770519293383493,0,2,6.686917343769473,25,E8,P2,no_backhaul,0.0,no_backhaul
9.629229339440165,16.033513024206513,8.20398675348171,18.400114785176584,11.976460219425267,20.18668815155725,,,,,24.235383244135058,31.513002449937538,4.435319555525666,9.469285134881012,10.23531861975901,16.033513024206513,1.0,1.0,8275.236379187336,508449.34756596206,507449.34756596206,527,0.9980332357494661,0.0,0.0,1000.0,23.434873210315384,25.704708293040312,31.507061939559367,24.01195476066175,9.629229339440165,440.66109538533686,1532.3622812462083,764.7612317066296,0.49907338562567605,937.6683110913617,0.04068200847364393,379.77197042657303,4,0,0,26,0.0,497,162.0,0.379771970426573,319.9920795036971,214874.92825854325,755.6943626994346,500000.0,0.5042172649923392,0,4,11.01751179889225,26,E8,P2,no_backhaul,0.0,no_backhaul
4.9889260739227925,13.662391245941276,3.264502481267563,4.084253309174391,3.4221542281463826,5.227203935847001,,,,,25.44558708788653,31.599862815864793,6.7501635623485186,13.275196331830644,3.3320675156442,13.662391245941276,1.0,1.0,12370.949722949961,513597.1255335828,512597.1255335828,535,0.9980529486044901,0.0,0.0,1000.0,24.052043318893652,25.704708293040312,30.858248270854354,24.90528530073905,4.9889260739227925,467.151371486492,1623.1099371273976,809.860546832962,0.4989560647175042,968.7994417903284,0.03985480539343985,365.4308109389125,4,0,0,21,0.0,505,162.0,0.3654308109389125,316.75056827898953,210224.84453998608,772.3417808500554,500000.0,0.45329175186982634,0,10,30.2521120242923,27,E8,P2,no_backhaul,0.0,no_backhaul
18.853100312698842,57.45821682543938,10.950409743466881,20.034389198537788,12.95690865500445,31.46860877706189,7.761678526098066,9.673398096160074,7.423983281196769,7.423983281196769,25.45332426978846,32.07248461431409,3.630871003198564,4.6667625005401305,11.304255433122368,57.45821682543938,0.6666666666666666,0.8928571428571429,26590.43369586375,528937.8456762048,527937.8456762048,536,0.9981094186998066,0.0,0.0,1000.0,24.523852710099945,25.704708293040085,32.11176923259893,24.654878334959466,18.853100312698842,472.02051772561686,1612.1037506190912,797.8589386489406,0.49491786018272166,976.8731878497593,0.04100082992352333,381.85429936800017,4,0,2,26,0.0,503,162.0,0.3818542993680002,307.57759768364883,197337.57424778704,822.8633341538552,500000.0,0.4873745362334178,0,3,8.770975884214055,28,E8,P2,no_backhaul,0.0,no_backhaul
3.737816235311094,6.544292385307472,8.210929680726606,24.021962742495816,5.87524588377286,13.145995755170645,18.115967123842058,33.489558352454324,9.202010169381083,13.006149943614037,25.182234737473184,31.516724947554806,4.880255145148479,7.2007258020312,7.662152622444449,6.544292385307472,1.0,1.0,77164.28456252046,584688.0408818187,584688.0408818189,599,1.0000000000000002,0.0,0.0,0.0,22.021795593378002,25.70470829303963,29.6593922091408,22.863391387189196,3.737816235311094,476.32398341345674,2036.3628417495818,1006.9734887770541,0.49449610262574456,1191.5687103294526,0.04839009950413695,482.9598781251121,4,1,4,29,0.0,561,162.0,0.4829598781251121,277.89684159277556,165146.21876253455,983.8733281066582,500000.0,0.4317811308165383,0,10,29.684477544066706,29,E8,P2,no_backhaul,0.0,no_backhaul
3.043026970381677,4.893294742330999,5.357218716400325,11.295703315100539,6.675958953060558,15.6808746003627,,,,,24.692935528786343,30.92789410460446,4.214547194749059,11.495840005034097,5.773663001661451,4.893294742330999,1.0,1.0,13968.57625752051,515078.73700219905,515078.73700219905,554,1.0,0.0,0.0,0.0,22.69956683728545,25.704708293040312,29.309815636991782,24.128443149295776,3.043026970381677,451.8472498732864,1761.5700720456045,879.2870194177206,0.4991496128204868,1031.0245575078438,0.04360284036540235,406.60899271579177,3,1,0,19,102.4925070669722,531,162.0,0.4066089927157918,315.3044327512639,209445.50345530873,775.4122495514446,500000.0,0.4487912998634968,0,6,19.798987548695372,0,E8,P2,no_night_aware,0.0,no_night_aware
3.080082064653853,4.62147986814889,3.4330829899409516,4.01664504808511,4.384329954068926,5.644061312779013,5.565633569867411,7.387352518747503,,,24.842023758905565,31.120362845315704,14.16738402719089,39.38165818458438,4.229789172828041,4.62147986814889,1.0,1.0,22776.714596747763,525519.2910413912,524519.2910413912,535,0.9980971202826477,0.0,0.0,1000.0,23.552822099576847,25.704708293040312,30.619449402238935,24.03579290004265,3.080082064653853,457.4739202289929,1671.7238249591587,842.3734886778144,0.5038951267553982,1008.1867619247585,0.04301970719376869,399.01320317313406,2,1,2,19,0.0,514,162.0,0.39901320317313405,309.61494834773924,200039.64062020148,811.8341579682526,500000.0,0.46303194989653934,0,10,26.51678011587135,1,E8,P2,no_night_aware,0.0,no_night_aware
14.366489951758096,24.99979106020338,4.352672986672587,7.067526679890397,3.933620541595701,7.3096831018237935,4.68371236716564,5.106472912999175,,,24.27892002550828,28.97281936585432,7.650841943903453,14.27953164080327,4.2369082423303865,24.99979106020338,0.8636363636363636,0.9736842105263158,29310.196036041838,532277.3226155266,516873.34282247716,548,0.9710602365748803,14403.979793049497,0.02706104352195697,1000.0,22.962032235269223,25.704708293039857,28.972819365854,23.704751199195584,14.366489951758096,448.9645024983632,1695.641259283298,841.8141411206371,0.4964576890966013,999.1049878283451,0.04264341625820382,476.6906845168315,2,1,0,20,0.0,521,162.0,0.4766906845168315,314.3452703466665,206788.83747190904,785.7130620340581,500000.0,0.44835343475149997,0,5,12.48591588338666,2,E8,P2,no_night_aware,0.0,no_night_aware
3.683672506138889,6.882972157178757,5.02762485706952,7.73805439734224,5.5126339715417085,8.504661925048547,34.10937453661609,34.10937453661609,50.02432245581622,50.02432245581622,25.25963899899701,30.138530800401163,9.107589641117784,4.676887630746478,6.441451558080705,6.882972157178757,1.0,1.0,28096.063942230638,531327.860284328,530327.860284328,561,0.998117922897051,0.0,0.0,1000.0,23.21106906054564,25.704708293039857,29.397984705552517,24.839617378353655,3.683672506138889,477.6677940021492,1837.252212785754,909.9846352083958,0.49529652427448795,1062.6926751837018,0.04563597529709845,438.43061783020477,4,1,2,18,0.0,536,162.0,0.43843061783020476,306.29812759740935,195448.5730159265,831.1057385135965,500000.0,0.47187186587587676,0,6,19.282620201124633,3,E8,P2,no_night_aware,0.0,no_night_aware
3.3612328204474884,6.82627785885925,4.735814988002289,7.8188074815539945,2.5500981997106464,2.9339288334962474,,,60.95953131467718,106.17190099377198,25.202692252915796,31.731465799026427,3.2023795439490814,5.208471792655292,3.578670805965537,6.82627785885925,1.0,1.0,32491.15341102122,538255.453584505,538255.4535845051,550,1.0000000000000002,0.0,0.0,0.0,23.429519486596472,25.704708293039857,30.593689750441353,26.391819420359205,3.3612328204474884,515.210039067845,1731.5611249076046,872.6190384536195,0.5039493125027175,1002.6912458438952,0.04189944878491383,396.5632813349931,4,0,1,21,0.0,520,162.0,0.39656328133499313,301.7090903582253,195366.20186229242,831.2418511150834,500000.0,0.4767924817529085,0,12,33.8810134587449,4,E8,P2,no_night_aware,0.0,no_night_aware
7.721524517348366,15.634949015859473,8.62512587774711,13.0113619901917,18.96472038862431,72.28306856140907,63.27263731718904,94.7322586485434,,,25.30593929384582,31.50706193955939,3.5547629385230763,5.270174942417157,23.00115966926123,15.634949015859473,0.9259259259259259,0.8771929824561403,43452.69323580841,547328.4080016714,546328.4080016714,572,0.998172943363837,0.0,0.0,1000.0,23.746601165544885,25.704708293039857,31.59402901151734,26.676029687150283,7.721524517348366,531.5711504974056,1843.9702193279204,918.835722106243,0.4982920615936709,1113.2808553553764,0.04367270732612659,433.8930612685714,3,0,0,25,0.0,536,162.0,0.4338930612685714,297.319141165311,183294.22873593422,886.1920758851692,500000.0,0.505913635540813,0,11,27.01436176718701,5,E8,P2,no_night_aware,0.0,no_night_aware
6.017439397494412,16.168582768866653,15.311435887290441,41.92576804684197,4.114813563708789,7.107798410137185,8.996946876740196,13.10204705109452,,,25.763032152754526,31.970542192789164,6.044016915853219,9.674022816582788,10.993339541154086,16.168582768866653,0.9285714285714286,0.9807692307692307,31608.77227884693,533346.8920584851,533346.8920584851,565,1.0,0.0,0.0,0.0,23.70339247504584,25.704708293039857,31.83285394791911,24.6215036397062,6.017439397494412,451.1285913938782,1755.3056594596028,878.7771083712958,0.5006405030573652,1060.9041759613385,0.05412912087852177,525.428160495434,6,3,0,29,0.0,519,162.0,0.525428160495434,304.7274308344023,194367.1075287945,836.177634306865,500000.0,0.49083734017381647,0,7,19.864926492619915,6,E8,P2,no_night_aware,0.0,no_night_aware
6.704314262627302,13.35464835492451,6.3327982970425385,12.47958512259575,2.504203767682785,2.9199910145446895,6.191021358897288,6.846215195198672,11.965982658850123,11.965982658850123,24.994618853017144,30.28349000935394,6.6815075045214085,4.516320925530689,4.885260603687193,13.35464835492451,0.918918918918919,0.9672131147540983,40773.60461111535,544565.4292464787,543565.4292464787,581,0.9981636733690867,0.0,0.0,1000.0,22.34632843822812,25.70470829303963,28.97281936585432,23.52954320279713,6.704314262627302,460.6949252303418,1908.9966844593073,953.6139531628088,0.49953672571877966,1115.745568004063,0.046080292175124014,434.53766444232247,2,1,1,21,0.0,556,162.0,0.43453766444232245,298.83161975480726,186958.4923944716,868.8267410806611,500000.0,0.4464665067761362,0,12,35.733813033790675,7,E8,P2,no_night_aware,0.0,no_night_aware
9.655443209976104,38.19347729151219,12.726300310416406,26.294120851474815,9.662568122766158,23.416616142648415,5.159550367641145,5.271609509385485,,,25.172379504137304,31.508715712864365,3.8875703051754065,5.7116157921773265,10.33664733976407,38.19347729151219,0.88,0.8958333333333334,38363.5914215517,540361.5398106,526845.8481339898,560,0.9749876875372228,13515.69167661024,0.02501231246277737,0.0,23.414231365704886,25.704708293040312,31.507061939557595,24.438239838060046,9.655443209976104,464.1862404872349,1770.0496043383948,881.6705073605274,0.49810497129546616,1027.5362327254059,0.04605909534827187,442.06020533273363,4,1,2,18,0.0,533,162.0,0.44206020533273366,308.3293923273354,199105.53653167703,815.8590817462714,500000.0,0.4937117165912235,0,13,35.413528709863975,8,E8,P2,no_night_aware,0.0,no_night_aware
11.899536691270454,42.17859442830388,7.68850890216451,15.524368780616713,10.548258879227124,39.550092391076404,5.8515350840643805,5.8515350840643805,7.253474718233974,8.758631242005777,25.955153889618522,33.590078344502395,7.831806441817662,27.688697438364215,8.842893222374437,42.17859442830388,0.8421052631578947,0.9382716049382716,47374.080402398526,549736.351411949,548736.351411949,603,0.9981809461982428,0.0,0.0,1000.0,23.155926166608058,25.70470829303963,33.33260407921737,24.54377358515505,11.899536691270454,475.6561823620683,2004.5098509254196,995.3309201574169,0.49654578634168534,1229.0113085649475,0.054259978773358065,609.650941187268,8,1,0,32,178.53283875621773,559,162.0,0.609650941187268,296.3347526052861,183595.98943247471,885.6928271899639,500000.0,0.4898386231776253,0,11,27.543977658417184,9,E8,P2,no_night_aware,0.0,no_night_aware
10.737764102505107,7.121519665919692,9.340164896773672,14.70508980238485,7.697989350892271,16.558308819704322,,,,,23.608273130925483,29.08163704456706,3.4126802847606315,6.173492218649471,8.519077123832972,7.121519665919692,0.9285714285714286,0.9666666666666667,13819.243346008723,516514.44304295897,516514.44304295897,540,1.0,0.0,0.0,0.0,22.453513518012493,25.70470829303963,28.972819365854342,23.092879261358462,10.737764102505107,435.07537816953203,1659.5948205319771,831.3230001891518,0.5009192544495132,970.2779097644378,0.04263688371806693,493.0311235562492,2,1,0,19,0.0,517,162.0,0.4930311235562492,314.5953289636115,206908.70227415639,785.3368627688319,500000.0,0.45641699828338167,0,10,31.483627498607714,10,E8,P2,no_night_aware,0.0,no_night_aware
5.483032343000034,11.414764079273482,8.027010635963961,15.771404516792611,2.842882158659518,3.446821946636873,,,7.552558473439603,7.552558473439603,24.66107560470149,31.507061939559662,8.500375075429767,20.154083671643832,4.324061723603644,11.414764079273482,0.9523809523809523,1.0,26006.043708159235,531772.2574830158,531772.2574830158,543,1.0,0.0,0.0,0.0,23.155199870507634,25.704708293039857,31.507061939559208,23.836139487601187,5.483032343000034,450.64657968437405,1662.7178603053633,835.842283752205,0.5026964006982519,1026.0767071216558,0.04646352923308596,419.22000369718927,2,2,0,26,0.0,515,162.0,0.41922000369718926,305.43003648302334,194555.659650674,834.8213580387329,500000.0,0.44710175402094077,0,7,20.502508346665422,11,E8,P2,no_night_aware,0.0,no_night_aware
3.9457815168548223,6.779362171676441,5.809663365019939,11.283432104655958,22.84797085817354,22.84797085817354,,,,,24.628449549673068,31.51672494755458,6.0016602111318855,11.108922206832359,8.24370729261331,6.779362171676441,1.0,1.0,3605.0987133016765,503977.3460501888,503977.3460501888,521,1.0,0.0,0.0,0.0,23.88015895965592,25.704708293040312,31.02409201561386,24.541130185155648,3.9457815168548223,454.9077462086278,1521.195889146374,756.7635833794133,0.4974793770998649,902.2446221629463,0.03788303451736422,357.2226410444572,4,0,0,20,0.0,497,162.0,0.3572226410444572,322.1518266911863,219312.97609694788,740.29920860348,500000.0,0.45811019494086924,0,6,16.792238772033354,12,E8,P2,no_night_aware,0.0,no_night_aware
2.8637364107309047,5.285668359866468,4.414290973514563,7.353748542629181,14.1392168153983,34.094116605673534,,,,,24.09440979541551,29.191177286333918,2.788388094073298,3.874433265204789,8.736480236574002,5.285668359866468,1.0,1.0,6216.486291594783,506496.9548278934,506496.9548278934,522,1.0,0.0,0.0,0.0,23.30016293408646,25.704708293039857,29.040874250850223,23.971469535533334,2.8637364107309047,444.3786593305533,1530.1187182817275,761.3991831756158,0.49760791373798874,891.3992969991571,0.039140542944188554,369.31342508236753,2,1,0,18,0.0,503,162.0,0.36931342508236753,320.5731285793319,215696.37661298594,752.7679230162225,500000.0,0.43267283921420036,0,6,18.731076911799125,13,E8,P2,no_night_aware,0.0,no_night_aware
11.052276264328405,45.98421321318919,7.042370494130618,11.143443989962634,8.444817806717133,20.262468538886424,16.825217801567476,49.34532864705006,,,24.377040389181982,30.003863385799708,4.879825500468054,4.82357776137942,10.093944295975438,45.98421321318919,0.8275862068965517,0.9193548387096774,58929.484502104126,566652.9292862886,566652.9292862886,576,1.0,0.0,0.0,0.0,22.41398250873308,25.704708293039857,30.403118444797453,23.19376589671138,11.052276264328405,472.7204497356122,1833.9984728912607,914.6455545402468,0.4987166391138413,1095.5959204406797,0.04330461962711161,409.354331332015,0,1,0,25,0.0,546,162.0,0.40935433133201504,286.6116911032121,169972.35059028587,955.5045498124324,500000.0,0.4460682307712947,0,8,25.070191208235546,14,E8,P2,no_night_aware,0.0,no_night_aware
9.303421715145168,21.161422209054763,11.704999440082139,23.339740336659588,6.084643779379307,4.1552616848730395,6.087254561683819,6.903809601991452,6.517839647709252,8.051208116896623,24.838507830043813,29.76203324793005,9.201569865989583,6.707622853641265,9.111457737094462,21.161422209054763,0.9428571428571428,0.972972972972973,64862.71277757866,573615.9384122626,573615.9384122626,603,1.0,0.0,0.0,0.0,22.15870413345905,25.70470829303963,29.46479304411876,22.468882350007345,9.303421715145168,455.73482729977144,2062.7448473812124,1019.6548924290862,0.4943194470821749,1230.0421743830957,0.053511370882050394,555.8055736665765,4,2,0,27,102.69307728262012,565,162.0,0.5558055736665766,283.3878814867177,164779.46941633348,986.5052129944141,500000.0,0.40226959574167215,0,7,22.555803884940232,15,E8,P2,no_night_aware,0.0,no_night_aware
5.357513481669191,16.483410976476442,9.125499341271668,19.425859225978456,15.050466933501108,22.597653204122253,,,,,24.709520776188832,32.11176923259882,2.959320575187197,3.9671929699394695,11.100488538681482,16.483410976476442,1.0,1.0,8440.199489225186,509188.49886297405,509188.49886297405,531,1.0,0.0,0.0,0.0,23.663532020376316,25.704708293039857,31.507061939559208,24.401283420920016,5.357513481669191,442.46226171503656,1528.158547854243,760.7066617846269,0.4977930221002067,928.5854957581688,0.04572530339262732,419.0243885308555,3,2,0,25,0.0,498,162.0,0.41902438853085555,318.9762234441962,215586.9237111098,753.3806855845077,500000.0,0.485767479904436,0,5,17.37713022581375,16,E8,P2,no_night_aware,0.0,no_night_aware
4.522908086307003,9.136371234546457,10.891896988919664,24.396268237011828,6.309778232182009,12.520810186587735,,,,,25.1670256653449,30.945599088264593,10.999531755750105,15.677494538902465,8.982680840278974,9.136371234546457,1.0,1.0,10188.61735102234,511539.3687118152,511539.3687118152,538,1.0,0.0,0.0,0.0,23.940787125211255,25.704708293040312,30.731191930486055,24.733594076195978,4.522908086307003,456.8257617434607,1594.2365058631906,788.3162496387735,0.49447885977993206,958.4443893056745,0.04614303312534309,450.13567005184973,5,2,0,19,0.0,510,162.0,0.45013567005184973,317.57113060357824,212243.45969434397,765.3952489466554,500000.0,0.49504058893643127,0,4,10.79092325803397,17,E8,P2,no_night_aware,0.0,no_night_aware
4.813560475122042,8.616021868250757,5.564760158734316,7.142741622721125,3.930366384305489,6.462837424303689,40.58114060857573,110.45072929519392,32.56412070491433,52.750756528789225,25.033092365390885,31.785017028382935,9.766150780748195,28.376664386509873,11.551288419463866,8.616021868250757,1.0,0.9629629629629629,68261.72443658626,577118.2182746406,576118.2182746406,575,0.9982672527597732,0.0,0.0,1000.0,22.992636833540924,25.70470829303963,31.60368044623881,24.581588045956163,4.813560475122042,513.982374624487,1861.800514753519,923.6556511861843,0.4961088171728568,1158.909101492384,0.04273670689800035,402.7581090629329,1,0,4,22,56.10770373854109,544,162.0,0.4027581090629329,281.89137742497866,168147.52552607813,965.8349571363498,500000.0,0.4811922171223664,0,6,13.571745488482872,18,E8,P2,no_night_aware,0.0,no_night_aware
7.701277468554716,19.900037288710344,9.191029304579287,7.044824986157164,14.231605121564698,27.054184568141327,,,174.4464784501033,174.4464784501033,24.76294813419753,31.162983489424686,5.662860617550864,11.542118464345151,10.970056063515315,19.900037288710344,0.9142857142857143,0.9710144927536232,37728.11627304937,538786.9281851918,537786.9281851918,583,0.9981439787276052,0.0,0.0,1000.0,22.732357227477394,25.70470829303963,29.652034360811744,27.243427637505242,7.701277468554716,529.377074426311,1981.0150989509061,991.8930753821812,0.5006994019921716,1178.8951960972179,0.05791311979432121,544.5889100830302,4,4,1,22,0.0,555,162.0,0.5445889100830302,302.2471919475687,190177.7092419014,854.6984268452318,500000.0,0.4413665426377598,0,10,31.11952669795951,19,E8,P2,no_night_aware,0.0,no_night_aware
3.6819226690699502,5.975218301627228,5.206550658701326,8.549980027159881,8.65752290647797,16.76821660583046,7.118438474041341,7.118438474041341,7.754231648850748,10.101522348509036,25.067396374690997,29.78421687579278,9.667802779208083,29.431872152535522,6.9489823909034385,5.975218301627228,1.0,1.0,42968.20466135957,546796.3875473237,546796.3875473237,559,1.0,0.0,0.0,0.0,23.081860003046227,25.704708293039857,28.972819365853958,23.621536757152445,3.6819226690699502,462.16805205239615,1698.2649649126497,834.988467925389,0.49167149130249926,1013.2391629143639,0.04422310047691339,429.62928581494896,2,1,1,21,0.0,529,162.0,0.42962928581494897,297.05688074202413,189576.0169485203,856.8047366979073,500000.0,0.44859268310705475,0,5,15.868886541170758,20,E8,P2,no_night_aware,0.0,no_night_aware
3.1435041872077365,5.559401315831747,4.834297056210289,8.64283843164776,3.518169269097598,4.7192150061864595,34.98303365036054,34.98303365036054,,,24.411450299007814,31.549917903322967,3.6726619974655375,6.067252807532533,8.273857183700898,5.559401315831747,1.0,1.0,17327.275816339392,522341.9832740221,522341.98327402206,537,0.9999999999999999,0.0,0.0,0.0,23.031359494776275,25.704708293039857,31.500079118528085,23.75715937627175,3.1435041872077365,449.811409767679,1623.3705724921567,808.6483810367131,0.49812925941813574,960.3148938658791,0.03972516817790195,380.3100486260218,3,0,0,20,0.0,510,162.0,0.38031004862602175,310.86972758887134,205327.05270925027,790.8373879917411,500000.0,0.4727310293535781,0,9,24.21744834583803,21,E8,P2,no_night_aware,0.0,no_night_aware
8.431965753620185,21.774664683307403,17.802525912143164,38.825063239740665,12.384209706322736,33.036144226913166,4.675293146604872,4.675293146604872,,,24.124000093492388,28.97281936585432,6.858794777261058,12.503306625348166,13.999431745438093,21.774664683307403,0.9166666666666666,1.0,19226.136203616657,520041.7500651535,519041.75006515346,532,0.9980770774656559,0.0,0.0,1000.0,23.249590168490133,25.704708293039857,28.97281936585432,23.461214037827535,8.431965753620185,440.26587495785697,1561.3972680173658,774.0900932077276,0.4957675468400513,931.3676053195716,0.039633430348087396,363.5094492900108,5,0,0,15,66.95580926203557,505,162.0,0.36350944929001083,312.81396810354676,207566.30948675936,782.2247736193776,500000.0,0.46619629902469645,0,1,2.6356018297700885,22,E8,P2,no_night_aware,0.0,no_night_aware
2.9042794999920547,5.240616098767077,5.557950818683288,8.725907737595545,5.319456004829417,6.719298048396243,8.999916789952294,11.587097059177358,7.158755276702067,7.158755276702067,25.904128073085797,31.973034874121097,3.399281321431829,4.804122361553709,5.713088191234988,5.240616098767077,1.0,1.0,44840.47463850063,546785.5630729868,546785.5630729868,585,1.0,0.0,0.0,0.0,22.722320941894047,25.704708293039857,31.507061939559343,24.18027312702107,2.9042794999920547,479.1919468395073,1989.1766630760435,980.3861841613667,0.49286028856044745,1171.3645369486937,0.046377594049526606,470.3606182201475,3,0,2,26,0.0,559,162.0,0.4703606182201475,297.1372537802961,187263.21851574408,867.6042305903255,500000.0,0.49295965070352343,0,9,25.67767205475644,23,E8,P2,no_night_aware,0.0,no_night_aware
15.919727643367645,46.06256522505555,28.542926985245686,52.94845606219361,14.62674862432065,25.45468480019736,7.019287159740543,7.065998427650902,91.58399742831261,91.58399742831261,24.88283000493418,29.511894563348015,2.0480234037874854,3.449195245952797,17.32340132528998,46.06256522505555,0.7368421052631579,0.9411764705882353,34421.87232108315,535140.8176419535,535140.8176419535,544,1.0,0.0,0.0,0.0,24.106171058148576,25.704708293040312,31.234733777142893,25.755208679727325,15.919727643367645,492.8145166993203,1648.670926795421,826.0383765820471,0.5010329005968744,997.939432432203,0.048600372661499504,455.4873476262729,4,2,1,25,0.0,513,162.0,0.45548734762627285,303.57521234031583,195750.38855449183,829.9114425635119,500000.0,0.4824419113471568,0,6,17.704429142661724,24,E8,P2,no_night_aware,0.0,no_night_aware
1.7167200018366202,1.7167200018366202,,,,,,,,,24.788371134397252,30.24471375319027,,,,1.7167200018366202,1.0,1.0,209.99028817615883,500209.99028817617,500209.99028817617,501,1.0,0.0,0.0,0.0,24.742319934531864,25.704708293040312,30.215705753051225,24.77868555681166,1.7167200018366202,445.37089512116546,1396.3213618090763,700.7660472151716,0.5018658787166717,836.6974929494149,0.04054568935139226,354.7791127138156,5,1,0,20,0.0,478,162.0,0.35477911271381557,324.5732437674416,222453.17781420346,729.8379852694898,500000.0,0.2918189366392363,0,2,6.686917343769473,25,E8,P2,no_night_aware,0.0,no_night_aware
9.629229339440165,16.033513024206513,8.20398675348171,18.400114785176584,11.976460219425267,20.18668815155725,,,,,24.63232467708017,31.630793882950137,4.435319555525666,9.469285134881012,10.23531861975901,16.033513024206513,1.0,1.0,8275.236379187336,508449.34756596206,507449.34756596206,527,0.9980332357494661,0.0,0.0,1000.0,23.810724775855437,25.704708293040312,31.507061939559662,24.40228687161961,9.629229339440165,440.26847615116446,1532.3622812462083,764.7612317066296,0.49907338562567605,935.9801914174049,0.04660371614087416,431.64612959150986,4,2,0,26,0.0,497,162.0,0.4316461295915099,320.09430479852466,214943.57262288607,755.6943626994346,500000.0,0.48330062999360274,0,4,11.01751179889225,26,E8,P2,no_night_aware,0.0,no_night_aware
4.9889260739227925,13.662391245941276,3.264502481267563,4.084253309174391,3.4221542281463826,5.227203935847001,,,,,25.446424044237506,31.599862815864793,6.7501635623485186,13.275196331830644,3.3320675156442,13.662391245941276,1.0,1.0,12370.949722949961,513597.1255335828,512597.1255335828,535,0.9980529486044901,0.0,0.0,1000.0,24.05282395668643,25.704708293040312,30.858248270854354,24.90610005602801,4.9889260739227925,467.14577821541536,1623.1099371273976,809.860546832962,0.4989560647175042,969.7019095763947,0.03985480539343985,365.4308109389125,4,0,0,21,33.50503363981419,504,162.0,0.3654308109389125,316.75056827898953,210224.84453998608,772.3417808500554,500000.0,0.45329175186982634,0,10,30.2521120242923,27,E8,P2,no_night_aware,0.0,no_night_aware
18.853100312698842,57.45821682543938,10.950409743466881,20.034389198537788,12.95690865500445,31.46860877706189,7.761678526098066,9.673398096160074,7.423983281196769,7.423983281196769,25.396017197544293,32.11176923259882,3.630871003198564,4.6667625005401305,11.304255433122368,57.45821682543938,0.6666666666666666,0.8928571428571429,26590.43369586375,528937.8456762048,527937.8456762048,536,0.9981094186998066,0.0,0.0,1000.0,24.470501536499498,25.704708293040085,32.111769232599045,24.600712434022373,18.853100312698842,465.9072345807626,1621.6950044035282,802.6545655411591,0.49494791767973756,981.5038376808859,0.04398596336564747,408.0040683210076,4,1,2,25,0.0,505,162.0,0.4080040683210076,307.6271295919354,197369.3532417799,822.8633341538552,500000.0,0.4979465905008566,0,3,8.770975884214055,28,E8,P2,no_night_aware,0.0,no_night_aware
3.737816235311094,6.544292385307472,8.210929680726606,24.021962742495816,5.87524588377286,13.145995755170645,18.115967123842058,33.489558352454324,9.202010169381083,13.006149943614037,25.334396959748037,31.516724947554806,4.880255145148479,7.2007258020312,7.662152622444449,6.544292385307472,1.0,1.0,77164.28456252046,584688.0408818187,584688.0408818189,599,1.0000000000000002,0.0,0.0,0.0,22.14880913450893,25.70470829303963,29.6593922091408,22.993513958231837,3.737816235311094,475.7758033747907,2038.0276540513141,1007.8058949279203,0.49450059861775825,1192.9939161746834,0.0513692834946201,509.0575298817444,4,2,4,29,129.34383220056782,561,162.0,0.5090575298817445,277.941476765606,165172.7441810118,983.8733281066582,500000.0,0.44424746070003157,0,10,29.684477544066706,29,E8,P2,no_night_aware,0.0,no_night_aware
3.043026970381677,4.893294742330999,5.357218716400325,11.295703315100539,6.7292373997876025,15.6808746003627,,,,,24.40451651629139,30.92789410460446,4.214547194749059,11.495840005034097,5.790487774312097,4.893294742330999,1.0,1.0,13968.57625752051,515078.73700219905,515078.73700219905,554,1.0,0.0,0.0,0.0,22.439837892218456,25.704708293040312,29.35615209877612,23.848809275399322,3.043026970381677,449.6270462393825,1758.0907538311258,877.4725135049744,0.499105357099933,1030.167615232922,0.04057133986524314,380.053048334397,3,0,0,21,102.4925070669722,529,162.0,0.38005304833439696,315.2528756931411,209411.25593807286,775.4122495514446,500000.0,0.4782002168011273,0,6,19.798987548695372,0,E8,P2,no_priority,0.0,no_priority
3.080082064653853,4.62147986814889,3.4330829899409516,4.01664504808511,4.384329954068926,5.644061312779013,5.565633569867411,7.387352518747503,,,24.686395392412372,31.12036284531577,14.16738402719089,39.38165818458438,4.229789172828041,4.62147986814889,1.0,1.0,22776.714596747763,525519.2910413912,524519.2910413912,535,0.9980971202826477,0.0,0.0,1000.0,23.407665922230862,25.704708293040312,30.619449402238935,23.887736277137666,3.080082064653853,458.9510030828734,1673.3886372608913,843.2058948286807,0.5038912515916767,1009.6850929963177,0.0400059662567345,372.6128325647145,2,0,2,18,0.0,515,162.0,0.3726128325647145,309.56461584127226,200007.12120678526,811.8341579682526,500000.0,0.49271401166262957,0,10,26.51678011587135,1,E8,P2,no_priority,0.0,no_priority
10.544367512260248,23.60354418525504,4.352672986672587,7.067526679890397,4.483620541595883,8.95968310182434,4.68371236716564,5.106472912999175,,,24.292146478414097,28.97281936585432,7.853793816165638,14.27953164080327,4.443158242330455,23.60354418525504,0.9090909090909091,1.0,29310.196036041838,532277.3226155266,516873.34282247716,548,0.9710602365748803,14403.979793049497,0.02706104352195697,1000.0,22.83072890849173,25.704708293039857,28.972819365854,23.704468513872026,10.544367512260248,449.3919763293265,1695.6412592832978,844.4497429504072,0.49801202838584707,999.0140586150529,0.039646049215439426,369.18794333836604,2,0,0,21,0.0,520,162.0,0.3691879433383661,314.13728372349993,206652.01558823034,785.7130620340581,500000.0,0.4763315456119,0,5,12.48591588338666,2,E8,P2,no_priority,0.0,no_priority
3.683672506138889,6.882972157178757,5.02762485706952,7.73805439734224,6.28305886348794,13.078595942571473,34.10937453661609,34.10937453661609,50.02432245581622,50.02432245581622,24.705944187305604,29.79084675636518,4.125123269098075,4.676887630746478,6.762461929724968,6.882972157178757,1.0,1.0,28096.063942230638,531327.860284328,530327.860284328,561,0.998117922897051,0.0,0.0,1000.0,22.607960341610124,25.704708293039857,28.97281936585432,24.332841355178928,3.683672506138889,470.92307248371804,1837.6786731511102,912.9083140263507,0.4967725464544711,1089.420297589054,0.04282051097393583,398.7493589801373,4,0,2,21,0.0,533,162.0,0.39874935898013725,306.22330358414933,195400.82787711776,831.1057385135965,500000.0,0.47356725049268,0,6,19.282620201124633,3,E8,P2,no_priority,0.0,no_priority
3.3612328204474884,6.82627785885925,4.735814988002289,7.8188074815539945,2.5500981997106464,2.9339288334962474,,,60.95953131467718,106.17190099377198,25.16620284618491,31.731465799026427,3.177602600371354,5.208471792655292,3.578670805965537,6.82627785885925,1.0,1.0,32491.15341102122,538255.453584505,538255.4535845051,550,1.0000000000000002,0.0,0.0,0.0,23.3957616618111,25.704708293039857,30.593689750441353,26.357872834834144,3.3612328204474884,514.3241050079122,1731.5611249076046,872.6190384536195,0.5039493125027175,1005.6781917273314,0.041976378402677185,397.2371847866001,4,0,1,21,0.0,520,162.0,0.39723718478660014,301.71034237238905,195367.01258115927,831.2418511150834,500000.0,0.47708852632436827,0,12,33.8810134587449,4,E8,P2,no_priority,0.0,no_priority
7.689640344740261,15.634949015859473,8.62512587774711,13.0113619901917,18.96472038862431,72.28306856140907,63.27263731718904,94.7322586485434,,,25.20126605916313,31.50706193955939,3.735460625051779,5.270174942417157,23.00115966926123,15.634949015859473,0.9259259259259259,0.8947368421052632,43452.69323580841,547328.4080016714,546328.4080016714,572,0.998172943363837,0.0,0.0,1000.0,23.65883603655429,25.704708293039857,31.59402901151734,26.57808287744016,7.689640344740261,529.442424483782,1832.8638468527647,915.0523752995246,0.49924732645623043,1115.5783943477254,0.043962764575456025,436.4339627726972,3,0,0,29,0.0,532,162.0,0.4364339627726972,297.3237920336658,183297.09594900603,886.1920758851692,500000.0,0.5087517316185992,0,11,27.01436176718701,5,E8,P2,no_priority,0.0,no_priority
6.011557450620188,16.168582768866653,15.311435887290441,41.92576804684197,4.114813563708789,7.107798410137185,8.996946876740196,13.10204705109452,,,25.124511068144418,31.64725557920183,6.044016915853219,9.674022816582788,10.993339541154086,16.168582768866653,0.9285714285714286,0.9807692307692307,31608.77227884693,533346.8920584851,533346.8920584851,565,1.0,0.0,0.0,0.0,23.138038073598874,25.704708293039857,31.50706193955931,24.02278864992561,6.011557450620188,452.28302648186695,1758.4855904520539,880.2922270620146,0.5005967815953032,1058.3113672290083,0.04497583122291664,445.245343112333,6,0,0,30,0.0,521,162.0,0.445245343112333,304.57709187381766,194271.21544307808,836.177634306865,500000.0,0.4962325516862169,0,7,19.864926492619915,6,E8,P2,no_priority,0.0,no_priority
6.704314262627302,13.35464835492451,6.3327982970425385,12.47958512259575,2.504203767682785,2.9199910145446895,6.191021358897288,6.846215195198672,11.965982658850123,11.965982658850123,24.801948275473226,30.28349000935394,6.6815075045214085,4.516320925530689,4.885260603687193,13.35464835492451,0.918918918918919,0.9672131147540983,40773.60461111535,544565.4292464787,543565.4292464787,581,0.9981636733690867,0.0,0.0,1000.0,22.180850610010534,25.70470829303963,28.97281936585432,23.352669154115087,6.704314262627302,460.7006010886548,1907.3318721575747,952.7815470119425,0.49953632135038756,1115.091296769482,0.04310110818464093,408.4400126856906,2,0,1,22,0.0,555,162.0,0.4084400126856906,298.7836077762074,186928.45458540952,868.8267410806611,500000.0,0.4770341073249777,0,12,35.733813033790675,7,E8,P2,no_priority,0.0,no_priority
9.99190584621406,40.71694706329687,13.27200259706089,27.603806339421578,9.226779981952188,23.416616142648415,5.159550367641145,5.271609509385485,,,24.963845169984783,31.507061939557595,3.326006380857251,5.1003007447654,10.280141794658602,40.71694706329687,0.88,0.8958333333333334,38363.5914215517,540361.5398106,526845.8481339898,560,0.9749876875372228,13515.69167661024,0.02501231246277737,0.0,23.228706373205675,25.704708293040312,31.418742628307886,24.22707970397833,9.99190584621406,463.91649954561666,1764.3757179185525,875.996620940685,0.49649097527487224,1028.6948012010462,0.04290360893589722,408.05379361467647,4,0,2,18,0.0,533,162.0,0.4080537936146765,308.26484515127146,199063.85480933194,815.8590817462714,500000.0,0.48740075919358256,0,13,36.82924239409328,8,E8,P2,no_priority,0.0,no_priority
9.67306946974918,34.013135703209805,7.826008902164555,15.524368780616713,10.357778568731792,38.86791422806228,5.8515350840643805,5.8515350840643805,7.253474718233974,8.758631242005777,25.954379299799257,33.590078344502395,7.686143748817575,27.688697438364215,8.839901464492696,34.013135703209805,0.8421052631578947,0.9629629629629629,47374.080402398526,549736.351411949,548736.351411949,603,0.9981809461982428,0.0,0.0,1000.0,23.009690947902357,25.70470829303963,33.07807003213202,24.51552068067476,9.67306946974918,475.4186431383191,2001.1198656747144,996.2715293618344,0.4978569981993173,1227.9696404105428,0.05113752082575788,499.5114988950432,8,0,0,32,0.0,558,162.0,0.4995114988950432,296.13403792325556,183471.63543647176,885.6928271899639,500000.0,0.512300804889172,0,11,27.543977658417184,9,E8,P2,no_priority,0.0,no_priority
4.278780246265488,6.476964833212451,12.967917744415217,24.513018423440823,12.17871685083503,27.31205481956694,,,,,23.56029963466447,29.163127280372606,3.284656626271931,6.173492218649471,12.573317297625124,6.476964833212451,0.9285714285714286,0.9666666666666667,13819.243346008723,516514.44304295897,516514.44304295897,540,1.0,0.0,0.0,0.0,22.359393303341985,25.70470829303963,28.982996631449968,23.1425996533215,4.278780246265488,435.1838536172496,1658.9928782470868,835.7544731801418,0.5037721886203699,969.146362312152,0.039454736155624684,380.46286265477346,2,0,0,20,0.0,515,162.0,0.38046286265477347,314.3773906998946,206765.36472534377,785.3368627688319,500000.0,0.48642293050828983,0,10,31.483627498607714,10,E8,P2,no_priority,0.0,no_priority
5.568056653593273,11.414764079273482,8.027010635963961,15.771404516792611,2.8942754921459484,3.446821946636873,,,7.552558473439603,7.552558473439603,24.141429872852903,31.50706193955923,8.500375075429767,20.154083671643832,4.360771247522523,11.414764079273482,0.9523809523809523,1.0,26006.043708159235,531772.2574830158,531772.2574830158,543,1.0,0.0,0.0,0.0,22.6809394247121,25.704708293039857,31.349859672675485,23.34885573250012,5.568056653593273,448.33737219193733,1655.632150733077,829.588980330785,0.5010708326505146,1025.7513651371132,0.04046328272065987,366.66645107691687,2,0,0,27,0.0,514,162.0,0.36666645107691687,305.3312093030027,194492.7077962273,834.8213580387329,500000.0,0.5060408218992775,0,6,19.28262020112463,11,E8,P2,no_priority,0.0,no_priority
3.9457815168548223,6.779362171676441,5.809663365019939,11.283432104655958,22.84797085817354,22.84797085817354,,,,,24.628449549673068,31.51672494755458,6.0016602111318855,11.108922206832359,8.24370729261331,6.779362171676441,1.0,1.0,3605.0987133016765,503977.3460501888,503977.3460501888,521,1.0,0.0,0.0,0.0,23.88015895965592,25.704708293040312,31.02409201561386,24.541130185155648,3.9457815168548223,454.9077462086278,1521.195889146374,756.7635833794133,0.4974793770998649,902.2446221629463,0.03788303451736422,357.2226410444572,4,0,0,20,0.0,497,162.0,0.3572226410444572,322.1518266911863,219312.97609694788,740.29920860348,500000.0,0.4587335428504913,0,6,16.792238772033354,12,E8,P2,no_priority,0.0,no_priority
2.8637364107309047,5.285668359866468,4.414290973514563,7.353748542629181,14.1392168153983,34.094116605673534,,,,,23.88317125229237,28.97281936585432,2.788388094073298,3.874433265204789,8.736480236574002,5.285668359866468,1.0,1.0,6216.486291594783,506496.9548278934,506496.9548278934,522,1.0,0.0,0.0,0.0,23.097827164811427,25.704708293039857,28.97281936585432,23.762940598577618,2.8637364107309047,444.9341200568186,1531.7835305834599,762.2315893264821,0.4976105135665914,886.923736303843,0.035960084381050014,341.4526080692739,2,0,0,17,0.0,504,162.0,0.34145260806927386,320.51812169972976,215659.36544903857,752.7679230162225,500000.0,0.46249258442328484,0,6,18.731076911799125,13,E8,P2,no_priority,0.0,no_priority
11.052276264328405,45.98421321318919,7.042370494130618,11.143443989962634,8.444817806717133,20.262468538886424,16.825217801567476,49.34532864705006,,,24.1722497771282,29.903394551351905,4.879825500468054,4.82357776137942,10.093944295975438,45.98421321318919,0.8275862068965517,0.9193548387096774,58929.484502104126,566652.9292862886,566652.9292862886,576,1.0,0.0,0.0,0.0,22.236212880214175,25.704708293039758,30.100826667878916,23.013063917184226,11.052276264328405,472.72044973561214,1833.9984728912607,914.6455545402468,0.4987166391138413,1100.7257523705741,0.040382379158307675,383.75550482529246,0,0,0,25,0.0,546,162.0,0.38375550482529247,286.5665156083303,169945.5596906384,955.5045498124324,500000.0,0.4769389782776825,0,8,25.070191208235546,14,E8,P2,no_priority,0.0,no_priority
9.727934504464798,21.722915273722993,12.621434167314874,36.65234272514135,6.084643779379307,4.1552616848730395,6.087254561683819,6.903809601991452,6.517839647709252,8.051208116896623,24.34839354872308,29.166418157798947,5.988712628993434,6.544651577301924,9.60492259021978,21.722915273722993,0.9142857142857143,0.972972972972973,64862.71277757866,573615.9384122626,573615.9384122626,603,1.0,0.0,0.0,0.0,21.66500395242889,25.70470829303963,28.972819365853866,22.071073900569587,9.727934504464798,448.5189868433508,2068.467959332538,1026.5476039214284,0.4962840247487706,1247.594231524495,0.047796581370455865,505.9438117202348,4,0,0,28,0.0,563,162.0,0.5059438117202348,283.30095614415416,164728.92557602774,986.5052129944141,500000.0,0.44938365317293627,0,7,21.140090200710937,15,E8,P2,no_priority,0.0,no_priority
5.357513481669191,16.483410976476442,9.125499341271668,19.425859225978456,15.050466933501108,22.597653204122253,,,,,24.284872665326656,31.770111706220003,2.959320575187197,3.9671929699394695,11.100488538681482,16.483410976476442,1.0,1.0,8440.199489225186,509188.49886297405,509188.49886297405,531,1.0,0.0,0.0,0.0,23.26367504216335,25.704708293039857,31.507061939559208,23.984298245675074,5.357513481669191,442.2341899515215,1523.5126145730378,758.4585419495313,0.49783541973630996,929.6074782085674,0.03957682102524899,365.24360066271186,3,0,0,26,0.0,497,162.0,0.36524360066271183,318.8706028577371,215515.53777184006,753.3806855845077,500000.0,0.5071032446414142,0,5,15.961416541584455,16,E8,P2,no_priority,0.0,no_priority
4.522908086307003,9.136371234546457,10.891896988919664,24.396268237011828,6.309778232182009,12.520810186587735,,,,,24.95415388996767,30.749414926224926,11.033247050513772,15.677494538902465,8.982680840278974,9.136371234546457,1.0,1.0,10188.61735102234,511539.3687118152,511539.3687118152,538,1.0,0.0,0.0,0.0,23.74364024891717,25.704708293040312,29.778070032131268,24.525311871554123,4.522908086307003,456.1011263987011,1591.8602742273624,787.6048303046781,0.494770076907005,960.491605586159,0.04325721002738192,424.8558597137099,5,1,0,20,0.0,508,162.0,0.4248558597137099,317.5217115131145,212210.43125528205,765.3952489466554,500000.0,0.48491825443770953,0,4,10.79092325803397,17,E8,P2,no_priority,0.0,no_priority
4.780043083717868,8.616021868250757,5.564760158734316,7.142741622721125,3.930366384305489,6.462837424303689,40.452657274859725,110.45072929519392,32.56412070491433,52.750756528789225,25.019438167057075,31.785017028382935,9.766150780748195,28.376664386509873,11.526420677454318,8.616021868250757,1.0,0.9629629629629629,68261.72443658626,577118.2182746406,576118.2182746406,575,0.9982672527597732,0.0,0.0,1000.0,22.978105972718026,25.70470829303963,31.60368044623881,24.561945332373618,4.780043083717868,513.6484075219694,1861.800514753519,923.6556511861843,0.4961088171728568,1155.8805814053505,0.04273670689800035,402.5653840623589,1,0,4,22,56.10770373854109,544,162.0,0.40256538406235887,281.89104290162135,168147.32598370378,965.8349571363498,500000.0,0.48108018771135336,0,7,16.20734731825296,18,E8,P2,no_priority,0.0,no_priority
9.142971799950958,29.582944459312788,4.99796044407485,7.044824986157164,6.96817285832248,17.700529303758234,,,114.13478743119595,114.13478743119595,24.464466088519824,29.910122324557044,5.64793803586556,11.542118464345151,5.693329531456366,29.582944459312788,0.8571428571428571,1.0,37728.11627304937,538786.9281851918,537786.9281851918,583,0.9981439787276052,0.0,0.0,1000.0,22.151889734429687,25.70470829303963,29.423169398748488,25.60647514307227,9.142971799950958,500.6448535943697,1979.1132140488398,992.5651934715181,0.5015201689452334,1183.8058093039576,0.04893203256633192,465.91458596584397,4,1,1,22,0.0,554,162.0,0.465914585965844,302.10089920597557,190085.6600212101,854.6984268452318,500000.0,0.43847714953153255,0,10,31.11952669795951,19,E8,P2,no_priority,0.0,no_priority
3.6819226690699502,5.975218301627228,5.206550658701326,8.549980027159881,8.65752290647797,16.76821660583046,7.118438474041341,7.118438474041341,7.754231648850748,10.101522348509036,24.85444447273237,29.672637523137247,9.667802779208083,29.431872152535522,6.9489823909034385,5.975218301627228,1.0,1.0,42968.20466135957,546796.3875473237,546796.3875473237,559,1.0,0.0,0.0,0.0,22.8913842410081,25.704708293039857,28.972819365853866,23.426809883668675,3.6819226690699502,462.1680520523961,1698.2649649126497,834.988467925389,0.49167149130249926,1013.2391629143639,0.04118440324576863,403.01029807012077,2,0,1,21,0.0,529,162.0,0.40301029807012073,297.00819902365316,189544.94920740646,856.8047366979073,500000.0,0.47804176815373917,0,5,15.868886541170758,20,E8,P2,no_priority,0.0,no_priority
3.1435041872077365,5.559401315831747,4.834297056210289,8.64283843164776,3.518169269097598,4.7192150061864595,34.98303365036054,34.98303365036054,,,24.411450299007814,31.549917903322967,3.6726619974655375,6.067252807532533,8.273857183700898,5.559401315831747,1.0,1.0,17327.275816339392,522341.9832740221,522341.98327402206,537,0.9999999999999999,0.0,0.0,0.0,23.031359494776275,25.704708293039857,31.500079118528085,23.75715937627175,3.1435041872077365,449.811409767679,1623.3705724921567,808.6483810367131,0.49812925941813574,960.3148938658791,0.03972516817790195,380.3100486260218,3,0,0,20,0.0,510,162.0,0.38031004862602175,310.86972758887134,205327.05270925027,790.8373879917411,500000.0,0.4727310293535781,0,9,24.21744834583803,21,E8,P2,no_priority,0.0,no_priority
8.431965753620185,21.774664683307403,17.802525912143164,38.825063239740665,12.384209706322736,33.036144226913166,4.675293146604872,4.675293146604872,,,24.24958346325324,28.972819365853958,6.520129665834095,11.79686775351384,13.999431745438093,21.774664683307403,0.9166666666666666,1.0,19226.136203616657,520041.7500651535,519041.75006515346,532,0.9980770774656559,0.0,0.0,1000.0,23.36165429538454,25.704708293039857,28.97281936585432,23.58197967069966,8.431965753620185,447.1068535477926,1567.857707211317,777.3203128047031,0.495784986883338,928.109000515715,0.03936289715924843,361.13957855578155,5,0,0,14,66.95580926203557,507,162.0,0.36113957855578155,312.8094022459179,207563.27983235035,782.2247736193776,500000.0,0.4667463932131198,0,1,2.6356018297700885,22,E8,P2,no_priority,0.0,no_priority
2.9622032804276888,5.240616098767077,5.539146661014918,8.725907737595545,5.319456004829417,6.719298048396243,8.999916789952294,11.587097059177358,7.158755276702067,7.158755276702067,25.83570887227849,31.973034874121097,3.399281321431829,4.804122361553709,5.702065064325943,5.240616098767077,1.0,1.0,44840.47463850063,546785.5630729868,546785.5630729868,585,1.0,0.0,0.0,0.0,22.667158132241003,25.704708293039857,31.507061939559343,24.119129816191723,2.9622032804276888,476.79024391782855,1990.2797496546946,981.4892707400177,0.4931413641274811,1171.7506172512215,0.04706738370164663,476.4031755727189,4,0,2,26,0.0,559,162.0,0.4764031755727189,297.14830483533603,187270.1831629179,867.6042305903255,500000.0,0.48519790646791333,0,9,25.67767205475644,23,E8,P2,no_priority,0.0,no_priority
17.977886688222792,51.18767175978137,38.55885698922043,66.59306007332289,19.68955018577147,44.84405173129344,7.019287159740543,7.065998427650902,92.67464573512916,92.67464573512916,24.363348138032702,29.4363360316961,2.05474866273183,3.449195245952797,23.031996929887068,51.18767175978137,0.631578947368421,0.8529411764705882,34421.87232108315,535140.8176419535,535140.8176419535,544,1.0,0.0,0.0,0.0,23.86011259878788,25.704708293040312,31.507061939559208,25.401017338887282,17.977886688222792,493.2634118916759,1634.586601181628,818.0141140132704,0.5004409759763938,997.1884177900262,0.04273545503779192,407.02997592080277,4,0,1,26,0.0,511,162.0,0.4070299759208028,303.4846616476608,195691.99994912956,829.9114425635119,500000.0,0.5001475906102099,0,7,20.340030972431812,24,E8,P2,no_priority,0.0,no_priority
1.7167200018366202,1.7167200018366202,,,,,,,,,24.297504723783035,28.97281936585432,,,,1.7167200018366202,1.0,1.0,209.99028817615883,500209.99028817617,500209.99028817617,501,1.0,0.0,0.0,0.0,24.252433297192326,25.704708293040312,28.97281936585432,24.288025214011004,1.7167200018366202,440.5863711533673,1405.9126155935132,705.5616741073901,0.501853149535566,839.1852567340833,0.03744074505798675,327.5798007035834,5,0,0,19,0.0,480,162.0,0.3275798007035834,324.51886798019564,222415.9102115859,729.8379852694898,500000.0,0.2770519293383493,0,2,6.686917343769473,25,E8,P2,no_priority,0.0,no_priority
9.629229339440165,16.033513024206513,8.20398675348171,18.400114785176584,11.976460219425267,20.18668815155725,,,,,24.235383244135058,31.513002449937538,4.435319555525666,9.469285134881012,10.23531861975901,16.033513024206513,1.0,1.0,8275.236379187336,508449.34756596206,507449.34756596206,527,0.9980332357494661,0.0,0.0,1000.0,23.434873210315384,25.704708293040312,31.507061939559367,24.01195476066175,9.629229339440165,440.66109538533686,1532.3622812462083,764.7612317066296,0.49907338562567605,937.6683110913617,0.04068200847364393,379.77197042657303,4,0,0,26,0.0,497,162.0,0.379771970426573,319.9920795036971,214874.92825854325,755.6943626994346,500000.0,0.5042172649923392,0,4,11.01751179889225,26,E8,P2,no_priority,0.0,no_priority
4.9889260739227925,13.662391245941276,3.264502481267563,4.084253309174391,3.4221542281463826,5.227203935847001,,,,,25.446424044237506,31.599862815864793,6.7501635623485186,13.275196331830644,3.3320675156442,13.662391245941276,1.0,1.0,12370.949722949961,513597.1255335828,512597.1255335828,535,0.9980529486044901,0.0,0.0,1000.0,24.05282395668643,25.704708293040312,30.858248270854354,24.90610005602801,4.9889260739227925,467.14577821541536,1623.1099371273976,809.860546832962,0.4989560647175042,969.7019095763947,0.03985480539343985,365.4308109389125,4,0,0,21,33.50503363981419,504,162.0,0.3654308109389125,316.75056827898953,210224.84453998608,772.3417808500554,500000.0,0.45329175186982634,0,10,30.2521120242923,27,E8,P2,no_priority,0.0,no_priority
18.853100312698842,57.45821682543938,10.950409743466881,20.034389198537788,12.95690865500445,31.46860877706189,7.761678526098066,9.673398096160074,7.423983281196769,7.423983281196769,25.45332426978846,32.07248461431409,3.630871003198564,4.6667625005401305,11.304255433122368,57.45821682543938,0.6666666666666666,0.8928571428571429,26590.43369586375,528937.8456762048,527937.8456762048,536,0.9981094186998066,0.0,0.0,1000.0,24.523852710099945,25.704708293040085,32.11176923259893,24.654878334959466,18.853100312698842,472.02051772561686,1612.1037506190912,797.8589386489406,0.49491786018272166,976.8731878497593,0.04100082992352333,381.85429936800017,4,0,2,26,0.0,503,162.0,0.3818542993680002,307.57759768364883,197337.57424778704,822.8633341538552,500000.0,0.4873745362334178,0,3,8.770975884214055,28,E8,P2,no_priority,0.0,no_priority
3.737816235311094,6.544292385307472,8.210929680726606,24.021962742495816,5.87524588377286,13.145995755170645,18.115967123842058,33.489558352454324,9.202010169381083,13.006149943614037,25.151766274884054,31.516724947554806,4.880255145148479,7.2007258020312,7.662152622444449,6.544292385307472,1.0,1.0,77164.28456252046,584688.0408818187,584688.0408818189,599,1.0000000000000002,0.0,0.0,0.0,21.996362819931313,25.70470829303963,29.6593922091408,22.837336071825483,3.737816235311094,475.65022962806046,2036.3628417495815,1006.9734887770541,0.4944961026257446,1192.4537631319256,0.04839009950413695,482.9598781251121,4,1,4,29,129.34383220056782,560,162.0,0.4829598781251121,277.89684159277556,165146.21876253455,983.8733281066582,500000.0,0.4317811308165383,0,10,29.684477544066706,29,E8,P2,no_priority,0.0,no_priority
3.1432377552483524,5.51555972999105,5.113989243362364,9.461347941055466,7.699590398131174,18.751768935574546,,,,,24.433405634636912,30.673620463369303,4.275545135769991,10.960266073354433,5.930494871184093,5.51555972999105,1.0,1.0,13968.57625752051,515078.73700219905,515078.73700219905,554,1.0,0.0,0.0,0.0,22.476265203051234,25.704708293040085,28.97281936585464,23.885130447967846,3.1432377552483524,450.5173735277245,1740.7722093754526,858.8895328965025,0.49339570580843056,1017.526091600879,0.04059082812386029,391.6688184925544,3,0,0,20,0.0,531,162.0,0.3916688184925544,315.27542713882065,209426.23606014973,775.4122495514446,500000.0,0.4734202025293273,0,0,0.0,0,E8,P2,no_anticipate,0.0,no_anticipate
3.112117030190249,4.8137389668245305,4.027187875816925,5.145716860292822,4.676190841123616,5.644061312779013,5.7389773904445365,7.803377688132605,,,24.7214146217546,30.90661551693738,14.16738402719089,39.38165818458438,4.6257866879895175,4.8137389668245305,1.0,1.0,22776.714596747763,525519.2910413912,524519.2910413912,535,0.9980971202826477,0.0,0.0,1000.0,23.45158944585157,25.704708293040312,30.511457681958202,23.932437710328514,3.112117030190249,459.9491317126131,1648.4391890125446,818.2564465803339,0.49638254904051965,1004.7979339597329,0.03982914700980159,376.12946961376787,2,0,2,18,0.0,515,162.0,0.37612946961376786,309.571320336434,200011.45292529513,811.8341579682526,500000.0,0.4907936307746848,0,0,0.0,1,E8,P2,no_anticipate,0.0,no_anticipate
10.661699199549833,23.60354418525504,4.4192577478351325,7.067526679890397,4.541401815121541,8.95968310182434,4.943728098031215,5.15847605917229,,,24.301179956492806,28.97281936585432,8.192083457358462,13.959860960440892,4.530620566842046,23.60354418525504,0.9090909090909091,1.0,29310.196036041838,532277.3226155266,516873.34282247716,548,0.9710602365748803,14403.979793049497,0.02706104352195697,1000.0,22.853009174781793,25.704708293039857,28.972819365854,23.717779763398948,10.661699199549833,449.5044792450321,1684.3160497094934,833.1245333766026,0.49463670046978286,1000.5232081278378,0.039814713825309156,380.5236708843556,2,0,0,21,0.0,520,162.0,0.3805236708843556,314.1592150683901,206666.44290030355,785.7130620340581,500000.0,0.47240441160471275,0,0,0.0,2,E8,P2,no_anticipate,0.0,no_anticipate
3.8080887342149383,5.981486069310631,4.808814090015876,6.978419548035345,6.315025931524178,13.078595942571473,34.10937453661609,34.10937453661609,50.02432245581622,50.02432245581622,24.98851582800498,29.79084675636518,9.107589641117784,4.676887630746478,6.65725904258601,5.981486069310631,1.0,1.0,28096.063942230638,531327.860284328,530327.860284328,561,0.998117922897051,0.0,0.0,1000.0,22.98424284049012,25.704708293039857,28.97281936585432,24.605195466947954,3.8080887342149383,476.4820992823154,1830.6155840465083,902.4854199946643,0.4929955955033189,1075.1022112235619,0.04264034210942334,413.36763823083425,4,0,2,19,0.0,536,162.0,0.4133676382308343,306.250868191528,195418.41682948964,831.1057385135965,500000.0,0.4646337231931709,0,0,0.0,3,E8,P2,no_anticipate,0.0,no_anticipate
4.753897020834352,8.943018746572672,4.982508471002234,8.210964344299098,2.617863610300295,2.9339288334962474,,,60.95953131467718,106.17190099377198,25.565657065674046,31.9730348741212,2.917601800720097,4.794259348358628,3.730637662395325,8.943018746572672,0.9444444444444444,1.0,32491.15341102122,538255.453584505,538255.4535845051,550,1.0000000000000002,0.0,0.0,0.0,23.803031646384504,25.704708293039857,30.593689750441353,26.73906689165822,4.753897020834352,525.1668397099385,1708.6249925849825,848.7510949736425,0.49674510126974386,1006.6416077278652,0.04161958007120557,390.80367502414424,4,0,1,20,0.0,523,162.0,0.39080367502414426,301.6983898511101,195359.27294466976,831.2418511150834,500000.0,0.4798917809506344,0,0,0.0,4,E8,P2,no_anticipate,0.0,no_anticipate
7.641909103456745,15.634949015859473,8.779969486211504,13.302550615358905,18.96472038862431,72.28306856140907,63.27263731718904,94.7322586485434,,,25.359170078099137,31.28473874104678,3.7585686897964408,5.455039460374451,23.07342001987795,15.634949015859473,0.9259259259259259,0.8947368421052632,43452.69323580841,547328.4080016714,546328.4080016714,572,0.998172943363837,0.0,0.0,1000.0,23.798771179017276,25.704708293039857,31.507061939559428,26.72271033962303,7.641909103456745,533.1640582088959,1823.9234601966305,898.8191432985728,0.4927943320613215,1120.1445301781584,0.043606205976557615,434.0753100035976,3,0,0,24,0.0,537,162.0,0.4340753100035976,297.3194747535564,183294.4343896971,886.1920758851692,500000.0,0.5070343522143967,0,0,0.0,5,E8,P2,no_anticipate,0.0,no_anticipate
6.0655657314262,16.168582768866653,15.509102554545839,41.92576804684197,4.114813563708789,7.107798410137185,8.996946876740196,13.10204705109452,,,25.244491445229475,31.64725557920183,5.984716915676604,9.674022816582788,11.100408985917426,16.168582768866653,0.9285714285714286,0.9807692307692307,31608.77227884693,533346.8920584851,533346.8920584851,565,1.0,0.0,0.0,0.0,23.25007557285042,25.704708293040312,31.565039987531282,24.135998929431345,6.0655657314262,452.1367093264697,1748.0928767439875,869.899513353948,0.49762774331203163,1057.9748238356835,0.04480290339026851,444.9025213050119,6,0,0,29,0.0,521,162.0,0.4449025213050119,304.57644909927,194270.8054562604,836.177634306865,500000.0,0.4968377853449641,0,0,0.0,6,E8,P2,no_anticipate,0.0,no_anticipate
6.569610859323467,9.588583042317936,7.32097258706368,21.411671916551324,2.6638991369952154,3.0741710150038903,6.191021358897288,6.846215195198672,11.965982658850123,11.965982658850123,24.805262548424572,30.28422219598541,6.697612517846954,4.516320925530689,5.480407440940806,9.588583042317936,0.918918918918919,0.9672131147540983,40773.60461111535,544565.4292464787,543565.4292464787,581,0.9981636733690867,0.0,0.0,1000.0,22.20025753021893,25.70470829303963,28.972819365854775,23.36048817043167,6.569610859323467,461.1341251204655,1883.4334470271583,928.9712166541735,0.49323283396101764,1124.1070095212606,0.04293922760747236,409.18490861227565,2,0,1,21,0.0,555,162.0,0.4091849086122757,298.7849781649159,186929.3119438348,868.8267410806611,500000.0,0.4817522724709929,0,0,0.0,7,E8,P2,no_anticipate,0.0,no_anticipate
10.201629101668866,40.71694706329687,13.838456201496314,29.367138112798774,9.193708204196366,23.414169199099906,5.159550367641145,5.271609509385485,,,24.98229117419635,31.22006297635981,3.2920540316198506,5.1003007447654,10.45847639138285,40.71694706329687,0.88,0.8958333333333334,38363.5914215517,540361.5398106,526845.8481339898,560,0.9749876875372228,13515.69167661024,0.02501231246277737,0.0,23.261135571466323,25.704708293040312,30.88731856257401,24.246833566281406,10.201629101668866,463.10872992099956,1743.7811417085231,856.1350458750325,0.49096473484981484,1040.1712431844119,0.04277432468804033,409.4004919341719,4,0,2,17,0.0,534,162.0,0.4094004919341719,308.2674013037481,199065.50545997696,815.8590817462714,500000.0,0.4851729963020836,0,0,0.0,8,E8,P2,no_anticipate,0.0,no_anticipate
9.734316198926518,33.84813570320948,7.944800979555732,15.524368780616713,10.568560678982143,39.550092391076404,5.37202906352104,5.37202906352104,7.013721707962304,8.32707582351677,25.945421017816514,33.3726426154295,7.849412586385002,27.688697438364215,8.983287088245051,33.84813570320948,0.8421052631578947,0.9506172839506173,47374.080402398526,549736.351411949,548736.351411949,603,0.9981809461982428,0.0,0.0,1000.0,23.02125299498208,25.70470829303963,33.07807003213202,24.51072368731919,9.734316198926518,475.9383839677746,1975.0429867312912,967.2781857271009,0.48975044706644716,1220.3404411621927,0.05099295009992927,500.8752390586343,8,0,0,31,178.53283875621773,559,162.0,0.5008752390586343,296.1365231607656,183473.17518041204,885.6928271899639,500000.0,0.5116998480021803,0,0,0.0,9,E8,P2,no_anticipate,0.0,no_anticipate
6.161143620672663,6.476964833212451,10.648147938999443,15.12291750495933,7.309552805979251,15.29078481887809,,,,,23.528417664799285,29.08163704456706,3.225744209544382,6.173492218649471,8.978850372489347,6.476964833212451,0.9285714285714286,0.9666666666666667,13819.243346008723,516514.44304295897,516514.44304295897,540,1.0,0.0,0.0,0.0,22.271081279896915,25.70470829303963,28.972819365854342,23.01443615095088,6.161143620672663,434.73158450533106,1632.5209738230371,806.6469669263223,0.4941112425877854,972.1174713994385,0.039112476315940885,382.39242260268014,2,0,0,20,0.0,516,162.0,0.38239242260268014,314.3811264326973,206767.82170914192,785.3368627688319,500000.0,0.48560735018464324,0,0,0.0,10,E8,P2,no_anticipate,0.0,no_anticipate
5.687837866747351,11.414764079273482,8.191486954691072,15.968776099265146,5.275091645785937,7.681074990808376,,,7.552558473439603,7.552558473439603,24.149420472016857,31.507061939559208,8.500375075429767,20.154083671643832,6.108347448330262,11.414764079273482,0.9523809523809523,1.0,26006.043708159235,531772.2574830158,531772.2574830158,543,1.0,0.0,0.0,0.0,22.737986886718588,25.704708293039857,31.165093556530337,23.400170607177614,5.687837866747351,449.0652819522546,1630.6795346438955,808.6876797556031,0.4959206653269262,1019.4072753868948,0.040390394810185304,367.1876669824916,2,0,0,29,0.0,512,162.0,0.36718766698249156,305.33218945173786,194493.3321404664,834.8213580387329,500000.0,0.5063261440247048,0,0,0.0,11,E8,P2,no_anticipate,0.0,no_anticipate
4.147722745859743,7.672583589586612,8.469746834516476,14.194455389326322,22.41680345700115,22.41680345700115,,,,,24.82014327000463,31.616915477189107,5.9373980732372855,10.908358755905828,10.462183494871429,7.672583589586612,1.0,1.0,3605.0987133016765,503977.3460501888,503977.3460501888,521,1.0,0.0,0.0,0.0,24.095782658733384,25.704708293040312,31.361673704191162,24.734048266678037,4.147722745859743,457.89208026434824,1516.025262695883,754.1782701541673,0.49747078014586926,909.7845161307246,0.03793533400666324,361.76877911284714,4,0,0,20,0.0,494,162.0,0.3617687791128471,322.16084721185854,219319.11704376448,740.29920860348,500000.0,0.45808019237086395,0,0,0.0,12,E8,P2,no_anticipate,0.0,no_anticipate
3.3530573293865125,5.424817104813229,4.63332636376205,7.353748542629181,14.451818321108135,34.469238412525335,,,,,23.861900365044495,28.97281936585432,2.788388094073298,3.874433265204789,8.997100567026978,5.424817104813229,1.0,1.0,6216.486291594783,506496.9548278934,506496.9548278934,522,1.0,0.0,0.0,0.0,23.089445376879212,25.704708293039857,28.97281936585432,23.744044597382423,3.3530573293865125,444.37865933055326,1529.4444646683683,759.8925234113902,0.49684218091315846,899.3502823788623,0.0361003799336878,347.02979587273785,2,0,0,17,0.0,504,162.0,0.3470297958727378,320.5291329955536,215666.7743563963,752.7679230162225,500000.0,0.4609027461055448,0,0,0.0,13,E8,P2,no_anticipate,0.0,no_anticipate
11.199720179876728,45.98421321318919,7.042370494130618,11.143443989962634,8.444817806717133,20.262468538886424,16.86515669074339,49.34532864705006,,,24.183325992866703,29.903394551351905,4.853416283617045,4.82357776137942,10.103626450927177,45.98421321318919,0.8275862068965517,0.9193548387096774,58929.484502104126,566652.9292862886,566652.9292862886,576,1.0,0.0,0.0,0.0,22.253163858508703,25.704708293039758,30.100826667878916,23.026977495066543,11.199720179876728,472.9882135940847,1822.3129421791755,902.9600238281612,0.49550217359943405,1102.9181479457811,0.040187032786683285,385.7616621018425,0,0,0,25,0.0,546,162.0,0.3857616621018425,286.5700559717042,169947.65926962727,955.5045498124324,500000.0,0.47795712869270995,0,0,0.0,14,E8,P2,no_anticipate,0.0,no_anticipate
9.936134642911545,21.78270363795846,12.895995751869297,38.132680545839776,6.05575087517495,4.675293146604417,6.307475724659461,7.199126138161228,7.143042659128923,8.176248719180558,24.3916636861847,29.18786047602271,6.103074363880582,8.168273005047741,9.784141038174253,21.78270363795846,0.9142857142857143,0.972972972972973,64862.71277757866,573615.9384122626,573615.9384122626,603,1.0,0.0,0.0,0.0,21.731753149628666,25.70470829303963,28.972819365853866,22.161096440192487,9.936134642911545,449.99052325770464,2056.910223510132,1011.3389338113839,0.4916786947004069,1258.3374346032322,0.04820219691459456,520.1557184875055,4,0,1,28,0.0,563,162.0,0.5201557184875055,283.3257321411507,164743.3318929737,986.5052129944141,500000.0,0.45020617706083454,0,0,0.0,15,E8,P2,no_anticipate,0.0,no_anticipate
5.404694514919289,16.483410976476442,9.130002168070353,19.425859225978456,15.383646094259348,22.597653204122253,,,,,24.257641219963727,31.529570721487747,2.959320575187197,3.9671929699394695,11.214550143466685,16.483410976476442,1.0,1.0,8440.199489225186,509188.49886297405,509188.49886297405,531,1.0,0.0,0.0,0.0,23.241654837631057,25.704708293039857,31.507061939559208,23.960296058636626,5.404694514919289,442.03037035230017,1518.3452891303223,752.4588103559495,0.4955781901144125,935.7172101576708,0.03949092169051451,364.86294346175794,3,0,0,25,0.0,498,162.0,0.3648629434617579,318.8698552815412,215515.03250643009,753.3806855845077,500000.0,0.5082184465549476,0,0,0.0,16,E8,P2,no_anticipate,0.0,no_anticipate
4.155822533046031,7.687678304510517,9.66706961776247,22.513431146210134,5.5839268136746,10.343255931065507,,,,,24.803444826186066,30.749414926224926,10.226673821587413,15.822998951085538,7.965760116059191,7.687678304510517,1.0,1.0,10188.61735102234,511539.3687118152,511539.3687118152,538,1.0,0.0,0.0,0.0,23.55416781509089,25.704708293040312,29.778070032131268,24.3704296524337,4.155822533046031,457.6044846799752,1591.947351590963,784.7754429769681,0.4929657015306931,965.9204230210437,0.04014468575699599,397.464117207993,5,0,0,19,0.0,510,162.0,0.397464117207993,317.46816384077266,212174.64354619524,765.3952489466554,500000.0,0.47247732911449036,0,0,0.0,17,E8,P2,no_anticipate,0.0,no_anticipate
4.820282173649938,8.616021868250757,5.586060899628137,7.142741622721125,3.9992973707452015,6.462837424303689,40.58114060857573,110.45072929519392,32.56412070491433,52.750756528789225,25.033859581455427,31.785017028382935,9.585373801517017,28.376664386509873,11.591513329319799,8.616021868250757,1.0,0.9629629629629629,68261.72443658626,577118.2182746406,576118.2182746406,575,0.9982672527597732,0.0,0.0,1000.0,22.989452263981374,25.70470829303963,31.60368044623881,24.584574560517815,4.820282173649938,513.9823746244867,1852.5062171995623,914.361353632228,0.4935807206166736,1164.3520606127288,0.04258300573989931,398.6194708478102,1,0,4,22,56.10770373854109,544,162.0,0.3986194708478102,281.8841937635636,168143.24048940124,965.8349571363498,500000.0,0.4804789661307824,0,0,0.0,18,E8,P2,no_anticipate,0.0,no_anticipate
9.276521858813558,29.582944459312788,5.0159782435486155,7.044824986157164,7.144709304354616,17.829012637474175,,,114.13478743119595,114.13478743119595,24.589266640470644,30.694804859275603,4.169203307111234,9.103453909557828,5.767295088538968,29.582944459312788,0.8571428571428571,1.0,37728.11627304937,538786.9281851918,537786.9281851918,583,0.9981439787276052,0.0,0.0,1000.0,22.235529992100172,25.70470829303963,29.754163009555676,25.72413817688202,9.276521858813558,501.9295263573242,1958.0695443803274,972.3539299538727,0.49658804649943866,1190.768344475644,0.04894826997012449,472.84408825357735,4,1,1,23,0.0,553,162.0,0.4728440882535774,302.11378442486904,190093.76756191693,854.6984268452318,500000.0,0.43833660116195733,0,0,0.0,19,E8,P2,no_anticipate,0.0,no_anticipate
3.772155411205976,5.975218301627228,5.206550658701326,8.549980027159881,8.65752290647797,16.76821660583046,7.118438474041341,7.118438474041341,7.754231648850748,10.101522348509036,25.11602962757014,29.784216875792573,9.667802779208083,29.431872152535522,6.9489823909034385,5.975218301627228,1.0,1.0,42968.20466135957,546796.3875473237,546796.3875473237,559,1.0,0.0,0.0,0.0,23.129879937249054,25.704708293039857,28.972819365853958,23.673877275863372,3.772155411205976,463.18926725212646,1693.9215866943068,830.6450897070464,0.4903680880105276,1020.5914348931269,0.04419858858549008,430.212780421412,2,1,1,21,0.0,529,162.0,0.430212780421412,297.0579478569864,189576.6979608694,856.8047366979073,500000.0,0.45101637798000443,0,0,0.0,20,E8,P2,no_anticipate,0.0,no_anticipate
3.4259376091585865,6.053831091351549,4.903634584441261,8.653453973463002,3.518169269097598,4.7192150061864595,35.50306511209146,35.50306511209146,,,24.44935923956613,31.616459225285112,3.6726619974656387,6.067252807532533,8.38219707156162,6.053831091351549,1.0,1.0,17327.275816339392,522341.9832740221,522341.98327402206,537,0.9999999999999999,0.0,0.0,0.0,23.078789397608794,25.704708293039857,31.517810868341623,23.807215161273078,3.4259376091585865,450.66993302587264,1613.9312517517271,799.2090602962838,0.49519399257486285,967.7188364616086,0.03964358273219547,380.25380504217077,3,0,0,20,0.0,510,162.0,0.38025380504217077,310.8696199130849,205326.9815902254,790.8373879917411,500000.0,0.47519243145969564,0,0,0.0,21,E8,P2,no_anticipate,0.0,no_anticipate
8.431965753620185,21.774664683307403,17.802525912143164,38.825063239740665,12.384209706322736,33.036144226913166,4.675293146604872,4.675293146604872,,,24.12245520370823,28.97281936585432,6.858794777261058,12.503306625348166,13.999431745438093,21.774664683307403,0.9166666666666666,1.0,19226.136203616657,520041.7500651535,519041.75006515346,532,0.9980770774656559,0.0,0.0,1000.0,23.248141108335446,25.704708293039857,28.97281936585432,23.459728800845735,8.431965753620185,440.2658749578569,1556.1260643578257,768.8188895481875,0.49405951558652145,928.3390852325384,0.039589429206403834,363.3167242894368,5,0,0,15,66.95580926203557,505,162.0,0.36331672428943684,312.81359679430136,207566.06310617022,782.2247736193776,500000.0,0.4660660481633762,0,0,0.0,22,E8,P2,no_anticipate,0.0,no_anticipate
3.0197959448867513,5.240616098767077,5.59335386879224,8.725907737595545,5.319456004829417,6.719298048396243,8.999916789952294,11.587097059177358,7.158755276702067,7.158755276702067,25.856297082051658,31.86631069115238,3.677147702674688,5.696245411408199,5.733841703367822,5.240616098767077,1.0,1.0,44840.47463850063,546785.5630729868,546785.5630729868,585,1.0,0.0,0.0,0.0,22.69776942015996,25.704708293039857,31.23044765106644,24.139142223796473,3.0197959448867513,478.20859752521034,1983.2723507727933,974.4818718581158,0.4913505053798604,1178.5559738683326,0.046473557605093065,478.45871319800375,3,0,2,26,0.0,559,162.0,0.47845871319800376,297.15206414751265,187272.55237407755,867.6042305903255,500000.0,0.49078342878204256,0,0,0.0,23,E8,P2,no_anticipate,0.0,no_anticipate
18.121221558485303,51.18767175978137,38.55885698922043,66.59306007332289,19.68955018577147,44.84405173129344,7.019287159740543,7.065998427650902,92.67464573512916,92.67464573512916,24.40385991042058,29.4363360316961,2.05474866273183,3.449195245952797,23.031996929887068,51.18767175978137,0.631578947368421,0.8529411764705882,34421.87232108315,535140.8176419535,535140.8176419535,544,1.0,0.0,0.0,0.0,23.9023538648337,25.704708293040312,31.507061939559208,25.43968910313209,18.121221558485303,495.1249224165045,1623.3924275499317,802.0243134893559,0.49404216742577334,994.0378960982674,0.0425619687630945,408.45462663304636,4,0,1,25,0.0,513,162.0,0.4084546266330464,303.4873238454698,195693.71657892785,829.9114425635119,500000.0,0.4992905438947231,0,0,0.0,24,E8,P2,no_anticipate,0.0,no_anticipate
2.5503240170628487,2.5503240170628487,,,,,,,,,24.295962923778447,28.97281936585432,,,,2.5503240170628487,1.0,1.0,209.99028817615883,500209.99028817617,500209.99028817617,501,1.0,0.0,0.0,0.0,24.252558454902765,25.704708293040312,28.97281936585432,24.28683401178297,2.5503240170628487,440.5863711533673,1400.641411933973,700.29047044785,0.49997841309068913,838.0709832274149,0.0373967439163032,327.59547670681604,5,0,0,19,0.0,480,162.0,0.32759547670681605,324.51889931904043,222415.9316903299,729.8379852694898,500000.0,0.27647659657009815,0,0,0.0,25,E8,P2,no_anticipate,0.0,no_anticipate
10.222640774238533,19.12529490814086,8.658896863790838,19.76484511610397,12.252008648426388,20.36072603119374,,,,,24.214187291655307,31.507061939559662,3.8014466126476236,7.694440894822494,10.59364936320998,19.12529490814086,1.0,1.0,8275.236379187336,508449.34756596206,507449.34756596206,527,0.9980332357494661,0.0,0.0,1000.0,23.43121771389932,25.704708293040312,31.507061939559367,23.995011995286294,10.222640774238533,440.3188513417131,1527.2407711976825,761.7237801985476,0.49875814905150395,941.2191255388593,0.040543860593593,374.76822517827725,4,0,0,27,0.0,496,162.0,0.37476822517827724,319.98221892298636,214868.3068709886,755.6943626994346,500000.0,0.5057598110024738,0,0,0.0,26,E8,P2,no_anticipate,0.0,no_anticipate
4.635719295374377,13.460657474666338,3.669192883723305,4.554928641684318,3.7637341248186353,5.29961649968368,,,,,25.323288140401054,31.571411336708838,7.1026515400868675,15.950799583121348,3.7097105584784464,13.460657474666338,1.0,1.0,12370.949722949961,513597.1255335828,512597.1255335828,535,0.9980529486044901,0.0,0.0,1000.0,23.943884135205156,25.704708293040312,30.858248270854354,24.788352034779766,4.635719295374377,464.6201177332287,1610.2965921498537,797.0472018554184,0.49496919122911825,979.2263441460738,0.039682425321604105,364.18949356567896,4,0,0,22,33.50503363981419,504,162.0,0.3641894935656789,316.74814665523985,210223.23732747472,772.3417808500554,500000.0,0.45386450034360654,0,0,0.0,27,E8,P2,no_anticipate,0.0,no_anticipate
18.965395091873024,57.45821682543938,11.183252438338062,20.034389198537788,12.95690865500445,31.46860877706189,7.761678526098066,9.673398096160074,7.423983281196769,7.423983281196769,25.455384122834005,32.07248461431409,3.630871003198564,4.6667625005401305,11.420676780557958,57.45821682543938,0.6666666666666666,0.8928571428571429,26590.43369586375,528937.8456762048,527937.8456762048,536,0.9981094186998066,0.0,0.0,1000.0,24.53175969812007,25.704708293040085,32.11176923259893,24.65742348704368,18.965395091873024,472.06334550352227,1612.1037506190914,797.8589386489406,0.4949178601827216,980.3028097253001,0.04100082992352333,384.05392526449214,4,0,2,26,0.0,503,162.0,0.38405392526449217,307.58176413224595,197340.2473841454,822.8633341538552,500000.0,0.48671748883720856,0,0,0.0,28,E8,P2,no_anticipate,0.0,no_anticipate
4.620750021968001,7.2043911557682065,8.400220386995644,24.09651050127701,5.998507771052864,14.004980299467695,20.440691080299928,34.93044653451955,8.001034396588315,12.604181093348188,24.960381705093713,31.849364310804237,4.908234999572781,7.2007258020312,7.951893497355772,7.2043911557682065,0.9615384615384616,1.0,77164.28456252046,584688.0408818187,584688.0408818189,599,1.0000000000000002,0.0,0.0,0.0,21.893164464393102,25.70470829303963,30.106128990578338,22.69033969978198,4.620750021968001,476.3462327097855,2023.6576618430202,996.3651511741575,0.4923585495516721,1198.0126507209789,0.045026025250535444,455.34922159013865,4,0,4,29,129.34383220056782,559,162.0,0.4553492215901387,277.849618707058,165118.15553961124,983.8733281066582,500000.0,0.4553136509269525,0,0,0.0,29,E8,P2,no_anticipate,0.0,no_anticipate
3.8420625132139534,6.55705519802318,4.207425719588715,6.955356553334425,7.4220782020464355,16.928284149809087,,,,,24.47820976118588,30.83652646257847,4.909572621211866,11.904913610063886,5.22257913510168,6.55705519802318,1.0,1.0,13968.57625752051,515078.73700219905,515078.73700219905,554,1.0,0.0,0.0,0.0,22.53528643196812,25.835926609683582,29.366173697260848,23.935646803518352,3.8420625132139534,450.4353376077255,1746.7979774036276,873.0548699837088,0.4998030002767599,1020.230850302944,0.04060267426999457,383.60585605705194,3,0,0,24,102.4925070669722,526,162.0,0.38360585605705194,315.2597732943571,209415.8377688664,775.4122495514446,500000.0,0.4813655376541841,0,6,18.893554286032735,0,E8,P2,marketplace,0.5,marketplace_b0.5
3.4066985096115103,4.858123191630329,3.8331847930626566,4.369274102234243,4.637626154269401,5.919947716421666,5.977962480494777,7.952034034901408,,,24.815845769874105,31.67458515442504,14.399612424260242,39.42277789171295,4.580080497943377,4.858123191630329,1.0,1.0,22776.714596747763,525519.2910413912,524519.2910413912,535,0.9980971202826477,0.0,0.0,1000.0,23.549768094864262,25.87506063186447,31.300634868775344,24.028135176656548,3.4066985096115103,461.5424146009161,1666.752008521646,839.8875804590581,0.5039067456735874,1006.6011236665735,0.04007620217490018,373.2280992078459,2,0,2,20,0.0,513,162.0,0.37322809920784594,309.5657888517861,200007.87907911307,811.8341579682526,500000.0,0.49587104916390984,0,10,26.51678011587135,1,E8,P2,marketplace,0.5,marketplace_b0.5
10.912595397013796,24.971469024269858,6.046965983109544,11.09438776319821,4.2637360281761785,7.802655480114026,4.836392704850482,5.364566590410891,,,24.392508949536825,29.66918007746062,8.1916903896579,14.34911207479854,5.226933090227149,24.971469024269858,0.8636363636363636,1.0,29310.196036041838,532277.3226155266,516873.34282247716,548,0.9710602365748803,14403.979793049497,0.02706104352195697,1000.0,22.966566766939874,25.82103836781357,29.380654474020957,23.811145271418813,10.912595397013796,449.4352278661879,1676.0267817206961,832.2778043436366,0.49657786702499884,985.600674667517,0.03968480200602831,370.76376724554143,2,0,0,22,0.0,515,162.0,0.37076376724554144,314.1403324856949,206654.02118541754,785.7130620340581,500000.0,0.4789149770786894,0,5,12.48591588338666,2,E8,P2,marketplace,0.5,marketplace_b0.5
3.995408149497616,8.219132463150892,5.7132989975430855,8.88555486276073,6.955818150549885,14.412324345521393,34.1129966166518,34.1129966166518,49.71661114989911,49.71661114989911,25.117178985624356,30.283497792137698,4.302308588439116,4.815576905463786,7.414336045425448,8.219132463150892,1.0,1.0,28096.063942230638,531327.860284328,530327.860284328,561,0.998117922897051,0.0,0.0,1000.0,23.018288231271406,25.848633563776275,29.323410668566794,24.734793383658754,3.995408149497616,474.9647040443302,1824.9097278072154,905.9435912708353,0.4964320028911259,1082.5467822860073,0.0458327248748126,425.1363527518178,4,1,2,23,0.0,530,162.0,0.42513635275181777,306.2730595855738,195432.57713903347,831.1057385135965,500000.0,0.4461611141788466,0,6,19.282620201124633,3,E8,P2,marketplace,0.5,marketplace_b0.5
3.6773560857448047,7.519905489272152,4.913289338399295,8.018018594302156,3.0309331358823277,3.5644199187261623,,,61.53209493648035,106.95841291813284,25.319254292635488,32.210399226019675,3.307140736021298,5.559788119890983,3.916747819419724,7.519905489272152,1.0,1.0,32491.15341102122,538255.453584505,538255.4535845051,550,1.0000000000000002,0.0,0.0,0.0,23.560838705877316,25.83184144764732,31.828287300454306,26.535102916196735,3.6773560857448047,517.4780148673993,1728.720693916672,873.9293279831753,0.5055352961635228,999.856872910641,0.04199623357033493,394.3786720634575,4,0,1,24,0.0,517,162.0,0.3943786720634575,301.7050316733443,195363.5737351491,831.2418511150834,500000.0,0.4784789473141264,0,13,38.70396936723438,4,E8,P2,marketplace,0.5,marketplace_b0.5
10.489324149893562,28.206843142065413,9.471915274103472,13.110509164216184,13.02590189838495,23.190715320377855,42.20929244795752,82.64198870197424,,,25.243225116113983,31.792674454100503,3.737399367278684,5.6920100297516,17.20405291696811,28.206843142065413,0.8888888888888888,0.9122807017543859,43452.69323580841,547328.4080016714,546328.4080016714,572,0.998172943363837,0.0,0.0,1000.0,23.523603255897736,25.840508520243702,31.919533417007866,25.722592701850807,10.489324149893562,512.095802652698,1830.4878359990157,912.3753933033315,0.4984329179141413,1105.0118109721657,0.04335066030497834,427.59010847191036,3,0,0,27,0.0,533,162.0,0.42759010847191037,297.3076042349513,183287.11633562265,886.1920758851692,500000.0,0.5060609584276688,0,10,24.378759937416923,5,E8,P2,marketplace,0.5,marketplace_b0.5
6.766396951895932,16.502732561946875,15.98257889696349,42.22792322927564,4.3015889316823825,7.434903997983294,9.280769714933513,13.501810583269322,,,25.04603393804428,31.765951945803046,8.708403386013488,10.286115806432218,11.45865529341817,16.502732561946875,0.9285714285714286,0.9807692307692307,31608.77227884693,533346.8920584851,533346.8920584851,565,1.0,0.0,0.0,0.0,23.18706735351405,25.848684728423564,31.73459980879543,23.972710598579116,6.766396951895932,456.18110296854945,1753.2036459890057,881.0470695222442,0.5025354992489955,1059.559064583303,0.044996018175424486,441.52549915616,6,0,0,32,0.0,518,162.0,0.44152549915615996,304.57011734371065,194266.766814218,836.177634306865,500000.0,0.49947043872618374,0,8,25.896343014143916,6,E8,P2,marketplace,0.5,marketplace_b0.5
6.9960295810207285,14.05131092175753,6.707335362720003,12.985144883069374,2.7378310716584147,3.1482554141089625,6.3726543213132345,7.079036532206397,12.326839644411393,12.326839644411393,25.04142656428628,29.57636778345731,6.968425816787564,4.901867682538178,5.19088116678801,14.05131092175753,0.8918918918918919,0.9672131147540983,40773.60461111535,544565.4292464787,543565.4292464787,581,0.9981636733690867,0.0,0.0,1000.0,22.428229697176757,25.813667133457784,29.326858181890202,23.595828271830836,6.9960295810207285,467.40982842234087,1902.8388003282184,948.2884751825864,0.49835460314295527,1112.417422769324,0.042992876700548854,407.4500934616166,2,0,1,21,0.0,555,162.0,0.40745009346161654,298.7817866169305,186927.3152106904,868.8267410806611,500000.0,0.4729318541611541,0,12,36.122878948882565,7,E8,P2,marketplace,0.5,marketplace_b0.5
9.863021046809816,37.172255008103164,13.340276819984382,28.149596402960047,7.613928487924758,4.857849758784869,5.181210557012946,5.372269730793687,,,25.385499406428046,31.909778978586612,4.603551234506388,5.995648512964727,9.394161131170558,37.172255008103164,0.88,0.8958333333333334,38363.5914215517,540361.5398106,526845.8481339898,560,0.9749876875372228,13515.69167661024,0.02501231246277737,0.0,23.590417053955836,25.883837986103572,31.89377321418947,24.5523235493751,9.863021046809816,471.3035194450162,1758.1051888974232,873.6374401359664,0.4969198917408683,1032.7679507690407,0.04218716535928421,399.08842096790625,4,0,2,19,0.0,530,162.0,0.39908842096790625,308.2478280813287,199052.86593533723,815.8590817462714,500000.0,0.4904508220683783,0,12,30.33556542672719,8,E8,P2,marketplace,0.5,marketplace_b0.5
10.452584688830003,35.004844966901516,8.569420810256574,19.780334208231853,10.984262583883277,39.63612957302849,6.0130502131833055,6.0130502131833055,7.61307707273545,9.078535748949708,26.178493797493207,33.63565933945773,7.807107220885233,27.687800491676853,9.52083432951721,35.004844966901516,0.8421052631578947,0.9382716049382716,47374.080402398526,549736.351411949,548736.351411949,603,0.9981809461982428,0.0,0.0,1000.0,23.298238648553816,25.835183571957714,33.429372995529064,24.7611624344644,10.452584688830003,483.52653735486336,2007.9052596171327,999.1238828865205,0.49759513209155765,1219.7470120763196,0.05103188539318681,493.71971500754694,8,0,0,31,0.0,559,162.0,0.49371971500754697,296.12348315706856,183465.0961672018,885.6928271899639,500000.0,0.5098429456056124,0,13,32.03704948777358,9,E8,P2,marketplace,0.5,marketplace_b0.5
5.215824388071821,8.41677969898638,10.18572581559431,14.944082701118985,12.11094235395558,27.748425620381994,,,,,23.79299513880012,29.41876710690649,3.569640759768549,6.595267125498845,11.148334084774945,8.41677969898638,0.9285714285714286,0.9666666666666667,13819.243346008723,516514.44304295897,516514.44304295897,540,1.0,0.0,0.0,0.0,22.562201599605835,25.82531935348561,29.329284330571138,23.370150791666404,5.215824388071821,441.8274115009085,1667.3980643379484,834.685862566032,0.500591838516647,969.5468765581132,0.03961975638237106,381.7885633359358,2,0,1,19,0.0,517,162.0,0.3817885633359358,314.37995732837715,206767.0527916297,785.3368627688319,500000.0,0.48165132760627777,0,10,32.89934118283701,10,E8,P2,marketplace,0.5,marketplace_b0.5
5.721735322473884,12.21545072567369,9.58259728038729,17.883829458534183,3.4259741041479628,4.90473277632741,,,7.9058035932794155,7.9058035932794155,24.319945458355846,31.39387882607107,8.812393974588856,20.33011647819768,5.1850092973591995,12.21545072567369,0.9523809523809523,1.0,26006.043708159235,531772.2574830158,531772.2574830158,543,1.0,0.0,0.0,0.0,22.877185750512535,25.864692688545347,30.284481665398747,23.53870224969607,5.721735322473884,454.7351506266197,1656.7208090584397,827.0342591470181,0.4991995359900408,1010.7725359630851,0.04007049253957551,366.4389187535645,2,0,0,23,0.0,518,162.0,0.36643891875356455,305.3307814274974,194492.43524411638,834.8213580387329,500000.0,0.4990675370949522,0,7,23.333935715124014,11,E8,P2,marketplace,0.5,marketplace_b0.5
4.523778395184341,8.141698474900572,7.66064238032997,13.386901313654562,22.69580914207654,22.69580914207654,,,,,24.784326615466206,31.92040038501573,6.381312922460438,11.922324428498541,9.808523346293766,8.141698474900572,1.0,1.0,3605.0987133016765,503977.3460501888,503977.3460501888,521,1.0,0.0,0.0,0.0,24.063644165797832,25.883383770249566,31.710211694938153,24.69832351445956,4.523778395184341,456.58594574809445,1508.789859512582,750.4108749515035,0.49735943691583756,901.2504773481805,0.03736806282456024,352.7114890154945,3,0,0,23,0.0,492,162.0,0.35271148901549454,322.1428755903793,219306.88240945432,740.29920860348,500000.0,0.46965024090919566,0,6,16.792238772033354,12,E8,P2,marketplace,0.5,marketplace_b0.5
3.1712062100288536,5.743535646076429,4.7097981089852095,7.5987034072099595,14.47643175792814,34.4045560285209,,,,,24.066242026927224,29.320986149403144,3.102275980067901,3.970971389721717,9.050524175182069,5.743535646076429,1.0,1.0,6216.486291594783,506496.9548278934,506496.9548278934,522,1.0,0.0,0.0,0.0,23.286315633373217,25.843298777866266,29.29971505775202,23.948004382008374,3.1712062100288536,447.71033756668794,1528.453905979995,760.5667770247495,0.4976053082458505,889.9017704001324,0.036090874899692954,342.5983330125861,2,0,0,18,0.0,502,162.0,0.34259833301258613,320.5203837566531,215660.88746519823,752.7679230162225,500000.0,0.4649879565957469,0,6,18.731076911799125,13,E8,P2,marketplace,0.5,marketplace_b0.5
12.846336838451684,57.254911158723736,6.0613958694867485,11.768856601333573,8.206142283201373,19.475814417895208,17.2537014734595,50.21632574480709,,,24.359766014651594,30.150207268370384,5.058110375749558,5.048406770697238,9.814559125584204,57.254911158723736,0.8275862068965517,0.9032258064516129,58929.484502104126,566652.9292862886,566652.9292862886,576,1.0,0.0,0.0,0.0,22.477640229245953,25.81256094833816,30.36196884134597,23.214706321883337,12.846336838451684,478.0237749690902,1830.3889136926189,911.2753676456828,0.49785887623591407,1107.350523739112,0.0398172050847176,372.22933026589624,0,0,0,29,0.0,545,162.0,0.3722293302658962,286.54617480717377,169933.49677104095,955.5045498124324,500000.0,0.4783142965740714,0,7,17.071517713156748,14,E8,P2,marketplace,0.5,marketplace_b0.5
9.696670309444803,22.574102352591673,13.540438975446564,38.056670139106245,6.621359669192398,4.599168851123977,6.621268820566976,7.547166052599732,6.966030569248915,8.725009723512676,24.282629932563292,29.92353905650326,6.491973587476355,9.634759501466496,10.347001451011874,22.574102352591673,0.9142857142857143,0.972972972972973,64862.71277757866,573615.9384122626,573615.9384122626,603,1.0,0.0,0.0,0.0,21.680674679439534,25.81817621863297,29.784123974107995,22.0702167816349,9.696670309444803,449.51414229466724,2051.837285335434,1014.2045602926066,0.4942909301537547,1231.7507960071937,0.04772363211137316,511.2131725743525,4,0,0,31,0.0,560,162.0,0.5112131725743525,283.3101423617978,164734.26701851044,986.5052129944141,500000.0,0.44991945336348493,0,9,26.886398340063007,15,E8,P2,marketplace,0.5,marketplace_b0.5
5.60573042492373,17.506788192311795,9.176255387083733,19.008742220617023,15.847487576225225,23.621030419957606,,,,,24.481960606325128,31.79077040387174,2.431867574195129,2.78486976198501,11.399999450130897,17.506788192311795,1.0,1.0,8440.199489225186,509188.49886297405,509188.49886297405,531,1.0,0.0,0.0,0.0,23.460234988719165,25.846760172082668,31.552570916582226,24.18254563878528,5.60573042492373,446.54586993510776,1525.1283104728043,761.9768385346916,0.49961490669494657,932.8260476970291,0.03933434217034541,351.8776564575574,3,0,0,29,0.0,495,162.0,0.3518776564575574,318.844353356354,215497.79648319157,753.3806855845077,500000.0,0.5103937239804499,0,5,15.961416541584455,16,E8,P2,marketplace,0.5,marketplace_b0.5
6.064980820447063,8.055154029889671,9.971744820814154,21.919174306807875,13.179976646192767,32.49724481454378,,,,,25.30588592874237,29.928264220436542,9.992058291624259,15.797265597415844,11.308508081388576,8.055154029889671,0.9333333333333333,0.9629629629629629,10188.61735102234,511539.3687118152,511539.3687118152,538,1.0,0.0,0.0,0.0,24.14411229528331,25.86651203742437,29.903523446710892,24.938195588963584,6.064980820447063,465.3895215999048,1593.983862443193,786.7238590565505,0.4935582333002371,945.5150091120224,0.04313133334225716,429.73023947970347,5,1,0,18,0.0,511,162.0,0.42973023947970346,317.5312403589163,212216.79970318227,765.3952489466554,500000.0,0.4384411111003743,0,5,13.037459172712166,17,E8,P2,marketplace,0.5,marketplace_b0.5
5.068828653665071,8.170864655163497,5.040298955795242,6.659985079404846,4.524512455760426,8.14051800800189,40.69692963147494,111.70710931660506,33.30826460827166,53.76760067216428,25.249992554429753,32.50095174038979,8.787502182434674,22.555315933443953,11.692008199458336,8.170864655163497,1.0,0.9629629629629629,68261.72443658626,577118.2182746406,576118.2182746406,575,0.9982672527597732,0.0,0.0,1000.0,23.167214209988153,25.819868888426754,32.070180557213945,24.831237317476702,5.068828653665071,520.8640928582463,1870.9082658901207,930.2774941040293,0.49723308783471104,1147.9429246907425,0.0425961437587181,403.14993147991026,1,0,4,24,282.16842977483145,545,162.0,0.4031499314799103,281.89205753264497,168147.9312086578,965.8349571363498,500000.0,0.47753217152492367,0,6,13.960811403574764,18,E8,P2,marketplace,0.5,marketplace_b0.5
9.924007217734493,29.007061955695118,5.443747632878584,7.909150946025876,8.265627998142511,18.47300298591672,,,114.49478643119437,114.49478643119437,24.560736625064926,31.09587217493153,5.656615449057905,11.893134104636523,6.439705408854088,29.007061955695118,0.8857142857142857,1.0,37728.11627304937,538786.9281851918,537786.9281851918,583,0.9981439787276052,0.0,0.0,1000.0,22.32553210145309,25.828752082710707,30.045294052456853,25.74656348152256,9.924007217734493,507.92103122081744,1963.6433192699085,985.5314829823916,0.5018892551977396,1188.902805831316,0.0458153637628396,431.1430364678347,4,0,1,28,0.0,550,162.0,0.43114303646783464,302.03624246614856,190044.97719273414,854.6984268452318,500000.0,0.46659661754622556,0,8,25.848323038419334,19,E8,P2,marketplace,0.5,marketplace_b0.5
4.353925846111342,8.414231311366347,5.503345167613611,8.810906790188346,8.665612381891947,17.93325706772812,7.709623343106159,7.709623343106159,8.340932523176207,10.778366912428691,25.036785997883793,30.329356292965723,10.28465909857362,29.25004763285877,7.141310099148541,8.414231311366347,1.0,1.0,42968.20466135957,546796.3875473237,546796.3875473237,559,1.0,0.0,0.0,0.0,23.11388741063386,25.842337209213838,29.432568752190853,23.634415686166953,4.353925846111342,466.572067279398,1714.2499058421702,852.6382211566419,0.49738268513292466,1009.5084427754174,0.04137246472549839,413.4056658357208,2,0,1,23,0.0,527,162.0,0.41340566583572086,297.0272104289995,189557.0819225052,856.8047366979073,500000.0,0.4711643310799392,0,5,14.156636942263267,20,E8,P2,marketplace,0.5,marketplace_b0.5
3.4524714322213526,5.7958965141315275,5.024287621734766,8.867574005259304,3.688499543591888,4.907639106856687,35.16801761433453,35.16801761433453,,,24.56173037687996,31.807066865240305,3.9665140706920283,6.31426102443893,8.458306851274017,5.7958965141315275,1.0,1.0,17327.275816339392,522341.9832740221,522341.98327402206,537,0.9999999999999999,0.0,0.0,0.0,23.190464987953124,25.828474325195657,31.37873546452212,23.909400826361523,3.4524714322213526,453.9370525716063,1628.1058387371347,811.0160141592022,0.4981347003756704,969.377576004437,0.0397935505797092,379.7728340379313,3,0,0,18,0.0,512,162.0,0.37977283403793133,310.868699115945,205326.37341083033,790.837387991741,500000.0,0.47215956429787803,0,10,25.912440971190716,21,E8,P2,marketplace,0.5,marketplace_b0.5
8.951163131634909,23.355329598151823,18.61896705038771,40.405728154585084,13.046148388716992,34.616809141757585,4.851520597516583,4.851520597516583,,,24.319146109798844,29.305885095574375,7.106556691927987,12.88033537110842,14.685270515146422,23.355329598151823,0.9166666666666666,1.0,19226.136203616657,520041.7500651535,519041.75006515346,532,0.9980770774656559,0.0,0.0,1000.0,23.464003990184874,25.85359179648094,29.414897081148297,23.66173489996074,8.951163131634909,444.2500532872285,1559.7324557156333,773.2576870568613,0.4957630292447026,928.6845662303556,0.03964351270330876,363.59777072174995,5,0,0,15,66.95580926203557,504,162.0,0.3635977707217499,312.81413826602744,207566.42239731236,782.2247736193776,500000.0,0.46580506162867347,0,1,2.6356018297700885,22,E8,P2,marketplace,0.5,marketplace_b0.5
3.4427488651110263,5.799603640237757,6.339609903538919,12.309689380996783,5.751072043682337,7.341010404058587,9.38590580807859,12.713335413021687,7.370976423269894,7.370976423269894,25.917316804497908,32.325695631394915,4.0111229276621145,6.28435363897006,6.346755186660074,5.799603640237757,1.0,1.0,44840.47463850063,546785.5630729868,546785.5630729868,585,1.0,0.0,0.0,0.0,22.818000772080836,25.830471902304907,31.82922195337087,24.227771687246573,3.4427488651110263,478.0382090271784,1960.379573629287,971.4648591535621,0.49554936820478657,1149.6064778575958,0.04652766343966223,480.1951109140129,3,0,2,32,149.4561699806452,549,162.0,0.4801951109140129,297.1552397941158,187274.55374481183,867.6042305903255,500000.0,0.49100387515935334,0,10,26.897560200297235,23,E8,P2,marketplace,0.5,marketplace_b0.5
12.116717465765765,32.29283881756636,35.76492853574064,68.56559848698399,24.81397128757332,58.98580084210044,14.126819942560815,19.27326548859046,92.01164375762528,92.01164375762528,24.455090882632636,29.774881252203343,2.7300206727601712,4.340532336992874,26.309273041082935,32.29283881756636,0.7894736842105263,0.8823529411764706,34421.87232108315,535140.8176419535,535140.8176419535,544,1.0,0.0,0.0,0.0,23.840044115063566,25.902311641032156,31.105628652250648,25.687053651367346,12.116717465765765,501.01296717529976,1644.0249935142165,824.8388219008071,0.5017191497421566,1002.9806238457056,0.042326804626366434,388.4033180188473,4,0,1,26,55.47558795364181,512,162.0,0.3884033180188473,303.44985462624163,195669.55579792662,829.9114425635119,500000.0,0.5019270949264553,0,6,16.154656917987843,24,E8,P2,marketplace,0.5,marketplace_b0.5
1.8460970800770156,1.8460970800770156,,,,,,,,,24.786790875310718,30.442078925113858,,,,1.8460970800770156,1.0,1.0,209.99028817615883,500209.99028817617,500209.99028817617,501,1.0,0.0,0.0,0.0,24.7410010673362,25.85568325835834,30.4320983878647,24.77716027417409,1.8460970800770156,447.1985389570327,1397.5885540848508,701.3996433530588,0.5018641869261297,834.9104900381614,0.03857214702412724,337.4908819269741,6,0,0,19,0.0,475,162.0,0.33749088192697413,324.5386818212141,222429.4900490614,729.8379852694898,500000.0,0.2877363229019645,0,2,6.686917343769473,25,E8,P2,marketplace,0.5,marketplace_b0.5
9.962580107779807,16.084607491514817,9.009275290913896,20.02175234724291,10.224556736160594,20.373343933807337,,,,,24.32208256098682,31.909521841533774,5.147442538447194,10.168376694507153,9.663657607585195,16.084607491514817,1.0,1.0,8275.236379187336,508449.34756596206,507449.34756596206,527,0.9980332357494661,0.0,0.0,1000.0,23.515227510759768,25.88173964286034,31.702111657289517,24.08825686991991,9.962580107779807,442.066183203671,1527.114405680114,761.6733812029837,0.4987664174798781,930.1212765207167,0.04061793302861356,380.9068215066973,4,0,0,26,0.0,497,162.0,0.38090682150669736,319.9943158866693,214876.4299914344,755.6943626994347,500000.0,0.503664641340844,0,4,12.595702857355159,26,E8,P2,marketplace,0.5,marketplace_b0.5
6.024106622221338,13.829354052444856,3.541901384728199,4.472992853329606,3.849532734658245,5.51533528053892,,,,,25.51643793660218,32.297481039252304,6.1898754273606045,12.455572708908775,3.6737433918410756,13.829354052444856,0.9285714285714286,1.0,12370.949722949961,513597.1255335828,512597.1255335828,535,0.9980529486044901,0.0,0.0,1000.0,24.145778381271494,25.85091209724851,31.794330084614472,25.01105143278656,6.024106622221338,469.0888864001554,1620.1297445557661,810.6938813916689,0.5003882461363971,954.6117754984523,0.03914359477874235,353.3712700558747,4,0,0,21,33.50503363981419,503,162.0,0.35337127005587465,316.72704192606574,210209.2302858022,772.3417808500554,500000.0,0.4445066203991284,0,10,28.970456880507587,27,E8,P2,marketplace,0.5,marketplace_b0.5
22.424086908949178,64.40847754834267,11.55058574290305,20.35609012108634,19.375984234668536,49.30909182601613,8.082219207690159,10.234233576464906,7.57212640087738,7.57212640087738,25.846925562201953,32.363911851092965,3.9463306739766892,4.863582272625456,14.051564360413495,64.40847754834267,0.6666666666666666,0.8214285714285714,26590.43369586375,528937.8456762048,527937.8456762048,536,0.9981094186998066,0.0,0.0,1000.0,25.05722518657737,25.866993796646284,32.44895812399068,25.090258280707626,22.424086908949178,483.36273232682066,1609.4855453497214,796.0731395304371,0.4946134134789388,980.9501166177185,0.04121196815716714,388.5673820708953,4,0,2,26,0.0,502,162.0,0.3885673820708953,307.59031335227894,197345.73244663278,822.8633341538552,500000.0,0.4889857924402758,0,3,8.770975884214055,28,E8,P2,marketplace,0.5,marketplace_b0.5
5.113857897297508,7.003868213926552,6.728106992659589,14.754536830228972,6.399491362069742,15.476842343121096,22.460062066346968,35.625541618792816,8.754274411159182,13.030828866065757,25.149890659173384,31.94981392585635,7.466300318533869,21.138883067758535,7.547046369470126,7.003868213926552,1.0,1.0,77164.28456252046,584688.0408818187,584688.0408818189,599,1.0000000000000002,0.0,0.0,0.0,22.138038882958625,25.794983453938585,31.519826537949488,23.09612913288595,5.113857897297508,485.09906559529134,2020.1672300796204,1000.7809371440917,0.4953950951400435,1188.281267163327,0.045269195446033327,460.1422585429628,4,0,3,32,129.34383220056782,557,162.0,0.46014225854296276,277.8578163040973,165123.02713925307,983.8733281066582,500000.0,0.4544003188639332,0,11,32.3200793738368,29,E8,P2,marketplace,0.5,marketplace_b0.5
4.450587196159549,8.224670019079076,4.252186250646236,6.977344409854279,8.208386990358548,18.9605543353224,,,,,24.7505922556915,31.6696755104912,4.935421044704738,10.830830816247271,5.501512800029071,8.224670019079076,1.0,1.0,13968.57625752051,515078.73700219905,515078.73700219905,554,1.0,0.0,0.0,0.0,22.817560641238057,26.051312809341653,29.866173697260848,24.218039299988025,4.450587196159549,456.1457765589428,1736.5814532408558,865.4739476507067,0.4983779747477641,1012.4423094141663,0.0406650316989963,383.7266526474847,3,0,0,25,102.4925070669722,525,162.0,0.3837266526474847,315.26000781498817,209415.9935525679,775.4122495514446,500000.0,0.48499399522591763,0,7,26.57072675198965,0,E8,P2,marketplace,1.0,marketplace_b1.0
3.5618121694026663,5.185693922877727,4.538355676400859,5.745240549834648,4.837626154269401,5.919947716421666,6.81129581382811,8.952034034901407,,,25.07635536454211,32.38536098699478,14.758745757812155,39.62277789171295,5.132296590802606,5.185693922877727,1.0,1.0,22776.714596747763,525519.2910413912,524519.2910413912,535,0.9980971202826477,0.0,0.0,1000.0,23.816246508455094,26.043947433473022,32.0878412891719,24.301656704132952,3.5618121694026663,466.3542664563187,1655.2367717752572,832.4349694605108,0.5029099060962235,1005.747182937426,0.04018930630173036,372.26292768892307,2,0,2,23,0.0,510,162.0,0.3722629276889231,309.56394874497704,200006.6902014224,811.8341579682526,500000.0,0.4997833543564078,0,10,28.484037089426153,1,E8,P2,marketplace,1.0,marketplace_b1.0
11.299983428783579,26.470948704509297,6.418773203615615,11.59438776319821,4.827333543357024,8.300351804315596,5.086392704850482,5.414566590410891,,,24.585767926553082,30.41737700586818,8.328054026021535,14.34911207479854,5.6554357686730015,26.470948704509297,0.8636363636363636,1.0,29310.196036041838,532277.3226155266,516873.34282247716,548,0.9710602365748803,14403.979793049497,0.02706104352195697,1000.0,23.17334561563546,25.999517317096434,30.091268090031964,24.009597937454508,11.299983428783579,451.43378304868213,1669.6927080443131,827.696637741633,0.495717944837348,992.4341510005331,0.04000969635365047,373.60984173071154,2,0,0,24,0.0,513,162.0,0.3736098417307115,314.14583881432395,206657.64346767642,785.7130620340581,500000.0,0.48415962959801123,0,5,12.48591588338666,2,E8,P2,marketplace,1.0,marketplace_b1.0
4.651349760978687,8.596375334778713,7.338274501026971,13.92200765325197,7.791331181483429,13.95751563184185,35.6129966166518,35.6129966166518,50.71661114989911,50.71661114989911,25.044401526673415,30.722652933027916,4.168231567384088,5.012147571271362,8.705161539368197,8.596375334778713,1.0,1.0,28096.063942230638,531327.860284328,530327.860284328,561,0.998117922897051,0.0,0.0,1000.0,23.034105412389764,25.988408193176838,29.608323675100223,24.722992835864368,4.651349760978687,479.2110872246794,1831.5658091733105,912.781130491982,0.498361088594448,1080.084464906045,0.04266210300942338,397.1551567955838,4,0,2,22,0.0,531,162.0,0.39715515679558383,306.2202975150666,195398.90970700938,831.1057385135965,500000.0,0.473147686826435,0,7,22.944869800032123,3,E8,P2,marketplace,1.0,marketplace_b1.0
3.4504497183048795,5.6113115540671075,5.417917988323666,9.739920021979923,3.441943296857542,4.195009014617972,,,62.53209493648035,108.75841291813283,25.395346638381877,32.698479831996934,7.369138894902073,6.297517150322347,4.371813739900424,5.6113115540671075,1.0,1.0,32491.15341102122,538255.453584505,538255.4535845051,550,1.0000000000000002,0.0,0.0,0.0,23.736300442191673,26.020284279486987,32.21133038484295,27.04730855453801,3.4504497183048795,529.5479994359014,1735.4924710138794,881.1331350823153,0.5077136027951507,1002.0809108314412,0.04175152329391195,382.94865800784476,4,0,1,24,4046.004294015581,517,162.0,0.3829486580078448,301.683796377019,195349.82320750155,831.2418511150834,500000.0,0.481703478527937,0,16,53.79817103141998,4,E8,P2,marketplace,1.0,marketplace_b1.0
10.612362379432634,23.661843653719064,17.809107559461644,56.122804459886034,28.773229912855847,81.97818386732051,64.16057215603875,96.01999494511847,,,25.277633000931942,31.56270779701781,3.7862599348282657,5.6920100297516,30.734107929908465,23.661843653719064,0.8888888888888888,0.8070175438596491,43452.69323580841,547328.4080016714,546328.4080016714,572,0.998172943363837,0.0,0.0,1000.0,24.270412672315082,26.014657995425296,32.49990093640181,26.882845761847484,10.612362379432634,536.4111669626707,1797.470900848558,895.3310554919137,0.4981060083193792,1085.519773832889,0.043342618410027525,427.10901192442714,3,0,0,33,0.0,527,162.0,0.42710901192442713,297.3067236354063,183286.5734549531,886.1920758851692,500000.0,0.5072461414727675,0,11,27.996499511635296,5,E8,P2,marketplace,1.0,marketplace_b1.0
5.680095143655113,9.237178918167778,15.284731150578008,42.32792322927564,4.608331879826729,7.64720038565729,9.530769714933513,13.501810583269322,,,25.179086328651966,32.27008969069654,6.781121948925523,11.086115806432218,11.211787790668135,9.237178918167778,0.9642857142857143,0.9807692307692307,31608.77227884693,533346.8920584851,533346.8920584851,565,1.0,0.0,0.0,0.0,23.19614747019539,26.010930620275758,31.94653063685965,24.088370640280065,5.680095143655113,457.13034337231267,1750.559064385366,880.5816964332844,0.5030288405278477,1045.6574201701799,0.0445611695163215,436.7037249024179,6,0,0,31,0.0,518,162.0,0.4367037249024179,304.56107674682045,194261.00036692744,836.177634306865,500000.0,0.4940570744553021,0,8,25.896343014143916,6,E8,P2,marketplace,1.0,marketplace_b1.0
4.427597358378894,6.6426538316312564,8.375891489153998,21.84796589580385,3.28694703936026,4.164777216477728,7.1226543213132345,8.029036532206396,13.326839644411393,13.326839644411393,25.489167945974103,31.335854971180556,7.000898993627294,4.911804952445864,6.36310088982795,6.6426538316312564,1.0,1.0,40773.60461111535,544565.4292464787,543565.4292464787,581,0.9981636733690867,0.0,0.0,1000.0,22.70047357689144,25.99165920948758,29.597406649535515,24.030321304985595,4.427597358378894,474.53451754201217,1873.7962446815918,932.2239464692711,0.4975055047288138,1095.479880767649,0.042804086561888284,401.3232977100011,2,0,1,26,0.0,549,162.0,0.40132329771000114,298.7705151205807,186920.26340684743,868.8267410806611,500000.0,0.4732442489607376,0,10,32.58326035791339,7,E8,P2,marketplace,1.0,marketplace_b1.0
10.071877074308194,37.150906627742074,13.650657574040025,27.71030082799092,7.876611972144574,5.330515938277609,5.431210557012946,5.440151383232205,,,25.662957852107194,32.388212833218454,4.9829620705651605,6.470831575893772,9.67233205844459,37.150906627742074,0.88,0.8958333333333334,38363.5914215517,540361.5398106,526845.8481339898,560,0.9749876875372228,13515.69167661024,0.02501231246277737,0.0,23.86702684839698,26.134585817483185,32.34845782179978,24.826486196625137,10.071877074308194,476.00729754252984,1739.5872236936725,861.2246686630397,0.49507415146128625,1019.1094017063999,0.042077048321136484,401.66560020947566,4,0,2,22,0.0,527,162.0,0.40166560020947567,308.25271979538644,199056.02478874614,815.8590817462714,500000.0,0.4929217787983185,0,12,32.302822400282,8,E8,P2,marketplace,1.0,marketplace_b1.0
10.72531440695089,35.86984496690129,8.41655712829242,13.811348574418975,11.020020205145746,39.04316118965399,13.533544192638146,13.533544192638146,6.206389965040671,6.266280974982237,26.36274197439036,34.81927304254459,9.06954954969003,34.15510502767302,9.625378580564643,35.86984496690129,0.8421052631578947,0.9506172839506173,47374.080402398526,549736.351411949,548736.351411949,603,0.9981809461982428,0.0,0.0,1000.0,23.514651396555184,25.989159127806943,34.47544459499187,24.96828613375061,10.72531440695089,486.3588257442078,1995.6180911364445,994.1283974360051,0.4981556350142521,1202.1433233024272,0.051138426906058215,502.14451041079985,8,0,1,38,0.0,552,162.0,0.5021445104107999,296.1388362412621,183474.60826343272,885.6928271899639,500000.0,0.5070234998915842,0,13,32.03704948777358,9,E8,P2,marketplace,1.0,marketplace_b1.0
3.6510748623554394,6.276812814304641,10.94749009860908,16.823382177342953,8.003886214882897,14.993470606115121,,,,,24.066694143931084,29.949729000421577,3.919768160590388,6.292615425093777,9.475688156745989,6.276812814304641,1.0,1.0,13819.243346008723,516514.44304295897,516514.44304295897,540,1.0,0.0,0.0,0.0,22.73198298546733,25.97317422589731,29.536230347871108,23.523980983317408,3.6510748623554394,443.7035888760208,1641.9356082988413,827.2258382060189,0.503811376052123,957.833075588951,0.03928388417393827,378.52524899999923,2,0,0,24,68.26385342396665,510,162.0,0.37852524899999923,314.3736393746783,206762.89748644715,785.3368627688319,500000.0,0.48090746647748556,0,8,29.43291712261802,10,E8,P2,marketplace,1.0,marketplace_b1.0
6.2876016137615425,12.931589403388898,8.328888294628086,16.42937867562314,4.1114499642787,6.743623411539601,,,8.405803593279416,8.405803593279416,24.68158511558611,31.955901169474693,9.305112074675533,20.623228442551053,5.316432344378525,12.931589403388898,0.9523809523809523,1.0,26006.043708159235,531772.2574830158,531772.2574830158,543,1.0,0.0,0.0,0.0,23.24273265675756,26.057838904390337,31.69796640253153,23.911650277394088,6.2876016137615425,460.15102461705015,1642.4367450238265,821.9343309087732,0.5004359123107962,1017.254513594456,0.040058601925380306,358.8636256525541,2,0,0,28,115.1419552151774,512,162.0,0.3588636256525541,305.31653605648677,194483.36109546403,834.8213580387329,500000.0,0.5016847780929842,0,6,18.25597243198723,11,E8,P2,marketplace,1.0,marketplace_b1.0
4.880921252327198,8.73367941863917,8.164058043572746,13.647148303382892,22.95605613180487,22.95605613180487,,,,,25.236617489976982,32.60419258337434,6.881312922460438,12.469021594445076,10.277200627605907,8.73367941863917,1.0,1.0,3605.0987133016765,503977.3460501888,503977.3460501888,521,1.0,0.0,0.0,0.0,24.515517828416982,26.07848907866537,32.49548911552256,25.149495168393386,4.880921252327198,464.866129241018,1508.939553123596,750.5605685625172,0.49740930112727944,900.8038525769233,0.03818835408821451,359.89724048510595,4,0,0,23,0.0,492,162.0,0.35989724048510596,322.15713367464815,219316.58895970604,740.29920860348,500000.0,0.4614687876188824,0,6,16.792238772033354,12,E8,P2,marketplace,1.0,marketplace_b1.0
3.5462062100288536,5.89353564607643,5.2097981089852095,7.898703407209959,14.85143175792814,34.7545560285209,,,,,24.36503088339574,29.75856683393222,3.2022759800679013,3.970971389721717,9.494968619626512,5.89353564607643,1.0,1.0,6216.486291594783,506496.9548278934,506496.9548278934,522,1.0,0.0,0.0,0.0,23.586879672136167,26.087373322169697,29.74166392017678,24.248313332901123,3.5462062100288536,454.2191351042223,1525.3230913895093,759.0013697295066,0.49760039300138453,883.1108847892554,0.035974418137352124,341.57817177448044,2,0,0,18,0.0,502,162.0,0.3415781717744804,320.5183696058702,215659.5322517162,752.7679230162225,500000.0,0.4599782442482045,0,6,18.731076911799125,13,E8,P2,marketplace,1.0,marketplace_b1.0
12.80931481006915,55.04295198415766,8.463057900358725,13.581982691295753,8.71809309201582,21.725814417895208,17.3787014734595,50.21632574480709,,,24.648210772587678,30.54552738884077,5.28245176261383,5.048406770697238,10.748079465550232,55.04295198415766,0.8275862068965517,0.9032258064516129,58929.484502104126,566652.9292862886,566652.9292862886,576,1.0,0.0,0.0,0.0,22.785098025738883,25.941876682734346,30.86128929427332,23.51027726823741,12.80931481006915,486.16722994634017,1821.8853512436892,905.1839362062096,0.49683913183027467,1100.2778399829385,0.039917755308293466,380.8263832328841,0,0,0,28,0.0,546,162.0,0.3808263832328841,286.56134644491294,169942.49416720055,955.5045498124324,500000.0,0.47733190068990144,0,7,22.434589378465457,14,E8,P2,marketplace,1.0,marketplace_b1.0
13.629870232430955,52.7150076066193,17.948304185330677,41.056670139106245,4.750738352214078,8.10388616013961,6.385553761832658,7.429007726539567,6.966030569248915,8.725009723512676,24.155092623597856,30.422479661639354,6.650839230963323,10.253866729818956,12.150548361516094,52.7150076066193,0.8285714285714286,0.9054054054054054,64862.71277757866,573615.9384122626,573615.9384122626,603,1.0,0.0,0.0,0.0,21.92697823616525,26.01544006039785,30.403374239808663,21.992287963230613,13.629870232430955,450.0078552608053,2054.3862883793563,1016.5544609068008,0.49482147863668335,1235.6819372463756,0.04793068210856971,514.9763856675393,4,0,1,31,44.69999169498733,560,162.0,0.5149763856675392,283.31670287178576,164738.08171005352,986.5052129944141,500000.0,0.4450571143410529,0,8,21.41936914183433,15,E8,P2,marketplace,1.0,marketplace_b1.0
6.206634952435344,18.506788192311795,10.083864718414944,19.508742220617023,16.68082090955856,24.621030419957606,,,,,24.717937712058855,32.29077040387174,2.6031786858165638,2.787656428957871,12.282850115462814,18.506788192311795,1.0,1.0,8440.199489225186,509188.49886297405,509188.49886297405,531,1.0,0.0,0.0,0.0,23.719868375183268,26.09493940713878,31.72528376811715,24.435167518193072,6.206634952435344,452.1974523045839,1525.5315759116563,761.5476978226773,0.499201530697637,937.263441101853,0.0394940636358688,355.34927136234205,3,0,0,28,0.0,496,162.0,0.35534927136234207,318.8511712929581,215502.40453191273,753.3806855845077,500000.0,0.5098514741016751,0,7,20.502508346665426,16,E8,P2,marketplace,1.0,marketplace_b1.0
6.28301526522907,8.355154029889672,10.400316249385583,22.719174306807876,13.379976646192768,32.69724481454378,,,,,25.575214347098896,31.585086235353366,10.053906411591356,15.797265597415844,11.64184141472191,8.355154029889672,0.9333333333333333,0.9629629629629629,10188.61735102234,511539.3687118152,511539.3687118152,538,1.0,0.0,0.0,0.0,24.409196040951766,26.084188997939236,31.49210654887611,25.205772705412237,6.28301526522907,470.2379803942695,1586.8120039151465,783.0630829870205,0.4934819506374834,933.4385039561793,0.04302699414688925,428.81622812828044,5,1,0,20,0.0,508,162.0,0.4288162281282804,317.529453572977,212215.6055340877,765.3952489466554,500000.0,0.4374269868317107,0,5,13.037459172712166,17,E8,P2,marketplace,1.0,marketplace_b1.0
5.401202735076763,11.079854970415365,6.601125549244443,14.629135357574068,4.848496121461843,10.260503856915783,41.030262964808266,112.20710931660506,33.55826460827166,53.81760067216428,25.27609899077484,32.869108418796074,10.067099141125208,28.9271318303002,12.416783067845861,11.079854970415365,1.0,0.9629629629629629,68261.72443658626,577118.2182746406,576118.2182746406,575,0.9982672527597732,0.0,0.0,1000.0,23.28761712425335,26.018904036363892,32.74436717840108,24.931618874270814,5.401202735076763,519.6348105175059,1846.3913483860981,918.9335609349164,0.49769165228061857,1132.012144849552,0.04358857046156416,413.6766359423107,2,0,4,28,338.27613351337254,538,162.0,0.41367663594231074,281.9103293111246,168158.83028037252,965.8349571363498,500000.0,0.4850040967042273,0,6,19.687983869531678,18,E8,P2,marketplace,1.0,marketplace_b1.0
10.110330106702358,31.33758726878114,6.515964191801717,8.998775279151413,7.56473359747532,12.783543713662132,,,114.49478643119437,114.49478643119437,24.7378326068496,31.77400899242625,4.581545366432132,9.919864793711819,6.886118099686518,31.33758726878114,0.8571428571428571,1.0,37728.11627304937,538786.9281851918,537786.9281851918,583,0.9981439787276052,0.0,0.0,1000.0,22.488515371360414,25.98026096351454,31.175624631670708,25.846912815070958,10.110330106702358,508.62683624121604,1917.7914200899795,960.6541176318874,0.5009168919875631,1172.4911547496151,0.045746129506600876,435.9860314166828,4,0,1,34,0.0,542,162.0,0.4359860314166828,302.04524788203923,190050.64351292,854.6984268452318,500000.0,0.469852740472301,0,9,24.69904426134362,19,E8,P2,marketplace,1.0,marketplace_b1.0
5.905730906144287,9.63854226105632,4.6403954533800285,7.097180049427379,10.23457891967073,19.33325706772812,14.83729540082004,14.83729540082004,6.287343484047597,6.681906641997193,25.1799613595805,30.31468819508728,10.33827850102749,29.05004763285877,8.11019702418853,9.63854226105632,0.9642857142857143,1.0,42968.20466135957,546796.3875473237,546796.3875473237,559,1.0,0.0,0.0,0.0,23.333125245822814,26.025724328409524,29.932568752190853,23.782713042787737,5.905730906144287,471.2784861902989,1701.2858470745225,841.3691550143468,0.49454896510256563,1013.3327545098148,0.04073774237525215,387.45848828813865,2,0,1,24,52.85736538885602,525,162.0,0.38745848828813867,296.9797573401744,189526.798269257,856.8047366979073,500000.0,0.4795028512190025,0,5,14.156636942263267,20,E8,P2,marketplace,1.0,marketplace_b1.0
4.179328823454386,6.0013758083687225,5.324287621734766,9.367574005259304,3.938499543591888,4.9576391068566865,35.66801761433453,35.66801761433453,,,24.729856202750984,32.34562560025338,4.420504328267675,6.71426102443893,8.770806851274017,6.0013758083687225,1.0,1.0,17327.275816339392,522341.9832740221,522341.98327402206,537,0.9999999999999999,0.0,0.0,0.0,23.386342032791767,26.01315607799097,32.09775400777314,24.08932730337058,4.179328823454386,457.50952114607895,1624.3006373663482,809.1134134738089,0.498130330593055,975.2439617785398,0.03972167227159181,375.6214232859957,3,0,0,20,0.0,510,162.0,0.37562142328599574,310.860751428635,205321.12402478085,790.837387991741,500000.0,0.4786769442111109,0,9,21.564589542513136,21,E8,P2,marketplace,1.0,marketplace_b1.0
9.37597923436177,25.355329598151823,19.71896705038771,42.405728154585084,14.114053087191754,36.616809141757585,5.351520597516583,5.351520597516583,,,24.651739504423652,29.748819940633165,7.684296742589191,13.058517197200679,15.719222864383804,25.355329598151823,0.8333333333333334,1.0,19226.136203616657,520041.7500651535,519041.75006515346,532,0.9980770774656559,0.0,0.0,1000.0,23.818644940931677,26.047057043980146,29.869266013154768,24.006784497030214,9.37597923436177,456.1025344337688,1568.8481327327493,775.1799237356491,0.49410768803056593,926.5760734587234,0.03940957629507226,361.21381543188625,5,0,0,12,66.95580926203557,507,162.0,0.36121381543188624,312.80954527270933,207563.3747371381,782.2247736193776,500000.0,0.46329784719506756,0,1,6.031416521524,22,E8,P2,marketplace,1.0,marketplace_b1.0
4.156156995268851,7.0645801472985115,8.072126689944032,16.495152594457284,7.523461584503494,12.166566385224005,12.291476951215557,17.943363470668228,14.370976423269894,14.370976423269894,25.71862053348523,32.7084031984019,4.121840652336942,5.918688931998531,8.17392149919016,7.0645801472985115,1.0,1.0,44840.47463850063,546785.5630729868,546785.5630729868,585,1.0,0.0,0.0,0.0,22.801306905803894,26.009539709111777,31.881427193754465,24.30306810898363,4.156156995268851,478.89222331313385,1921.3807092957056,946.1011894804433,0.49240693679455266,1145.422090986279,0.04695620304480784,491.0952259674982,3,0,3,35,149.4561699806452,543,162.0,0.4910952259674982,297.1751746932602,187287.11720942985,867.6042305903255,500000.0,0.49628842610940094,0,9,24.651024285619037,23,E8,P2,marketplace,1.0,marketplace_b1.0
17.05653824402189,53.75294931957723,31.454164781694317,59.201896124193716,27.181843621328476,61.51043858574212,14.626819942560815,19.77326548859046,92.51164375762528,92.51164375762528,24.698097297792884,30.589141317196944,3.3280311952386104,4.873673831866291,26.64712610692368,53.75294931957723,0.7368421052631579,0.7352941176470589,34421.87232108315,535140.8176419535,535140.8176419535,544,1.0,0.0,0.0,0.0,24.2560545802417,26.134023595875703,31.952596166931198,26.00680433875238,17.05653824402189,507.4227877553105,1634.8010584915523,821.5566247066024,0.5025422637447159,1000.8065672607554,0.04214625078252921,378.7968512869313,4,0,1,26,55.47558795364181,511,162.0,0.3787968512869313,303.43190333862674,195657.9805065892,829.9114425635119,500000.0,0.5036749113777027,0,6,18.255972431987228,24,E8,P2,marketplace,1.0,marketplace_b1.0
1.8460970800770156,1.8460970800770156,,,,,,,,,24.891531484562382,30.559846891531134,,,,1.8460970800770156,1.0,1.0,209.99028817615883,500209.99028817617,500209.99028817617,501,1.0,0.0,0.0,0.0,24.845532613495546,26.127608154966765,30.531903760356272,24.881856912871093,1.8460970800770156,452.1777056237153,1395.923741783118,700.5672372021925,0.501866410200392,832.5680991296236,0.037469499869055185,327.83169284854284,5,0,0,20,0.0,474,162.0,0.3278316928485428,324.51937155299476,222416.25534591713,729.8379852694898,500000.0,0.2801001109837482,0,2,6.686917343769473,25,E8,P2,marketplace,1.0,marketplace_b1.0
10.090494184661027,18.150651386638856,9.209275290914016,19.52175234724291,10.224556736160594,19.373343933807337,,,,,24.391567206768343,32.18345996696648,4.473316801927012,8.535321605623269,9.755965299892942,18.150651386638856,1.0,1.0,8275.236379187336,508449.34756596206,508449.34756596206,528,1.0,0.0,0.0,0.0,23.582386090003336,26.124659796459127,32.0468496201067,24.154360994547375,10.090494184661027,444.5283832349927,1516.3866651808642,757.0794308377601,0.49926542366914106,923.8400006401265,0.04054535778579921,373.89274471961943,4,0,0,29,0.0,495,162.0,0.3738927447196195,319.351167470334,214630.7301081763,756.526768850301,500000.0,0.5049566064404222,0,4,12.595702857355159,26,E8,P2,marketplace,1.0,marketplace_b1.0
6.546867109216899,14.329354052444856,4.371418992406696,5.742992853329542,3.7661994013249114,5.76533528053892,,,,,25.665791167239707,32.55081829500523,6.771529138808134,12.455572708908775,4.112039167657359,14.329354052444856,0.9285714285714286,1.0,12370.949722949961,513597.1255335828,512597.1255335828,535,0.9980529486044901,0.0,0.0,1000.0,24.31892843633517,26.053907782286842,32.28543808768246,25.1661830926109,6.546867109216899,472.3203280676213,1613.7586383255884,807.5831750820869,0.5004361593503369,953.2408976696229,0.03929857385900727,358.3391910241137,4,0,0,22,33.50503363981419,502,162.0,0.35833919102411366,316.7367335936947,210215.66256888126,772.3417808500554,500000.0,0.4472279023132179,0,10,28.970456880507587,27,E8,P2,marketplace,1.0,marketplace_b1.0
20.956482332333465,62.67289381794763,12.818451954926129,23.3264326057786,13.542650901335202,32.06574854115662,8.582219207690159,10.734233576464906,8.57212640087738,8.57212640087738,25.99968722300642,32.27673955401669,4.429976401376251,6.083387155449985,12.560497466425035,62.67289381794763,0.6666666666666666,0.8571428571428571,26590.43369586375,528937.8456762048,527937.8456762048,536,0.9981094186998066,0.0,0.0,1000.0,25.131159718923307,26.15287037001508,32.54774701540555,25.218684752102515,20.956482332333465,481.7139050763063,1606.3314026657897,792.3243790793,0.4932508807114129,976.2981458929975,0.04144823378344563,401.47472898775015,4,0,2,25,171.52673641514082,502,162.0,0.4014747289877501,307.61476196308143,197361.41834048796,822.8633341538552,500000.0,0.48331697635795673,0,3,8.770975884214055,28,E8,P2,marketplace,1.0,marketplace_b1.0
5.9261035819061085,12.649876071987194,7.308816842018086,16.357452333606943,6.818045984391145,16.126842343121098,23.293395399680303,36.625541618792816,9.254274411159182,13.630828866065759,25.339381526661455,32.36785989481673,7.92655465866524,23.748179170672955,8.062467573058504,12.649876071987194,0.9615384615384616,1.0,77164.28456252046,584688.0408818187,584688.0408818189,599,1.0000000000000002,0.0,0.0,0.0,22.392178506997006,25.950495260198295,31.383055610373063,23.33996819458526,5.9261035819061085,490.0082185821399,2005.7481214693616,994.7062336616508,0.49592779024165484,1178.6234102671342,0.04494051586482022,458.81702614128693,4,0,3,33,129.34383220056782,552,162.0,0.45881702614128694,277.8555497408892,165121.68018496147,983.8733281066582,500000.0,0.4560157524249444,0,10,27.717220570511905,29,E8,P2,marketplace,1.0,marketplace_b1.0
4.490204589681547,7.5095630625105505,5.541695392830058,9.678159643407525,10.032037366300036,21.250718995141142,,,,,24.99836909455472,30.854671449657417,5.219996437399092,10.28083081624709,6.959698121294261,7.5095630625105505,1.0,1.0,13968.57625752051,515078.73700219905,515078.73700219905,554,1.0,0.0,0.0,0.0,23.098562603873102,26.44579743632589,30.48965729032593,24.47488016859949,4.490204589681547,463.887841268486,1709.9765346928948,847.4390442432918,0.4955851890654679,992.290457522347,0.04006963493675084,380.2858158353597,3,0,0,28,102.4925070669722,522,162.0,0.3802858158353597,315.25332759978033,209411.55612355628,775.4122495514446,500000.0,0.47691338003365963,0,4,12.206636942263266,0,E8,P2,marketplace,2.0,marketplace_b2.0
4.635044242568403,6.447427748626888,4.7906778988782435,6.245240549834648,5.857626154269383,6.535799922279239,7.477962480494777,9.952034034901407,,,25.52643674283923,32.88318827898083,15.081584033417878,39.33288765185353,5.747577543292907,6.447427748626888,1.0,1.0,22776.714596747763,525519.2910413912,524519.2910413912,535,0.9980971202826477,0.0,0.0,1000.0,24.286457518047342,26.4224310642403,32.48927343052565,24.762411397361056,4.635044242568403,476.0056104878696,1639.8986043970172,822.7482736098411,0.5017067954102942,994.0879464672247,0.0399058770646603,375.69075159933925,2,0,2,27,0.0,505,162.0,0.37569075159933923,309.57048391721753,200010.91252180247,811.8341579682526,500000.0,0.49332008432547436,0,7,19.816906516895337,1,E8,P2,marketplace,2.0,marketplace_b2.0
11.20963763084783,26.696068907535228,8.658973664004208,15.48972150247491,8.880792131625185,19.900351804315505,6.346408435716057,6.466569736584006,,,24.915398746095693,30.900362630946073,9.651865222467842,15.029441394436162,8.453084935826055,26.696068907535228,0.8636363636363636,1.0,29310.196036041838,532277.3226155266,516873.34282247716,548,0.9710602365748803,14403.979793049497,0.02706104352195697,1000.0,23.57813116532986,26.324556984413903,30.61565103447108,24.394340005865015,11.20963763084783,461.06262370608124,1649.38903397563,813.8670046469217,0.49343544056747185,968.8847843145521,0.04004188975091919,399.9712456483385,2,0,0,26,0.0,510,162.0,0.39997124564833847,314.1968404848177,206691.1943976424,785.7130620340581,500000.0,0.467218089343069,0,5,12.874981798478553,2,E8,P2,marketplace,2.0,marketplace_b2.0
5.872229152917864,10.590514975058069,10.050867981953484,17.662225623332056,8.512010798506571,14.6968262762025,31.6129966166518,31.6129966166518,47.003430561445384,47.003430561445384,25.73578138326702,32.10934878896715,9.5291590178451,7.964129468773266,10.308099515296368,10.590514975058069,1.0,1.0,28096.063942230638,531327.860284328,530327.860284328,561,0.998117922897051,0.0,0.0,1000.0,23.89487027797815,26.363954774102922,31.807232777560785,25.337991696991278,5.872229152917864,484.0648415879105,1790.8599203379133,884.3813939963773,0.493830580467458,1033.4322695715402,0.04627193770417896,461.95062792952206,4,1,3,32,0.0,521,162.0,0.4619506279295221,306.3424775398897,195476.87267625783,831.1057385135965,500000.0,0.4341891408840488,0,5,13.815591002895953,3,E8,P2,marketplace,2.0,marketplace_b2.0
4.505512076485805,6.153927930822556,5.793180574575899,7.446547663114143,3.7621866113968028,4.320162495991827,,,62.77184794675202,108.38996833662183,25.684968431401117,34.126379945286594,8.589274894401273,7.273700774348255,4.71794847642226,6.153927930822556,1.0,1.0,32491.15341102122,538255.453584505,538255.453584505,550,1.0,0.0,0.0,0.0,24.07453241217673,26.327709030789038,33.25487375684419,27.34156538427914,4.505512076485805,535.2123052531801,1714.2452669776894,863.874779584667,0.5039388448233704,999.5012191110881,0.041808944441021144,388.9213993648026,4,0,1,24,4462.123523940226,515,162.0,0.3889213993648026,301.6948928579134,195357.00853070072,831.2418511150834,500000.0,0.486884890367065,0,13,36.90568120360688,4,E8,P2,marketplace,2.0,marketplace_b2.0
7.177712708106465,11.360859811843424,14.642722643515242,34.723856187541976,19.742679146021135,71.32023830509861,66.52915840727898,100.01999494511847,,,25.818949749595944,32.471728937682244,4.46238172652852,6.655680866089483,26.71999529710329,11.360859811843424,0.9629629629629629,0.8771929824561403,43452.69323580841,547328.4080016714,546328.4080016714,572,0.998172943363837,0.0,0.0,1000.0,24.38890233340001,26.381924103309814,32.863785634938736,27.368656617858125,7.177712708106465,550.2928351905856,1785.8883079116204,895.1867225625846,0.5012557160472129,1089.7251789146753,0.042809064448502236,412.4092106991294,3,0,0,33,0.0,527,162.0,0.4124092106991294,297.2798171062748,183269.98585320704,886.1920758851692,500000.0,0.5054177885505324,0,10,24.286229937003224,5,E8,P2,marketplace,2.0,marketplace_b2.0
7.62388397892044,11.563463931385112,14.26612198622645,34.51041145357295,7.276032689849834,13.554903997983459,11.780769714933513,15.51266832004228,,,25.72349216551633,32.476981752928175,8.934822804385327,25.882114031684175,11.813120562901114,11.563463931385112,0.9285714285714286,1.0,31608.77227884693,533346.8920584851,533346.8920584851,565,1.0,0.0,0.0,0.0,23.849349423247038,26.44489688094336,32.261501137768754,24.764225479788312,7.62388397892044,467.58257324603125,1709.9420245775132,851.8194349997312,0.49815690985792105,1018.6540577381892,0.044749152761855523,459.49346433952803,6,0,0,33,0.0,512,162.0,0.45949346433952803,304.60380642196515,194288.25502969534,836.177634306865,500000.0,0.4871855204474471,0,6,17.229324662849827,6,E8,P2,marketplace,2.0,marketplace_b2.0
7.8161249171512805,13.69793531165249,7.367149618600863,11.194111499978147,4.051428074875746,5.112609932730959,7.1226543213132345,8.029036532206396,13.326839644411393,13.326839644411393,25.137018129263705,31.170520210060904,6.169291816705092,6.962367087456554,6.103379431596642,13.69793531165249,0.918918918918919,0.9672131147540983,40773.60461111535,544565.4292464787,543565.4292464787,581,0.9981636733690867,0.0,0.0,1000.0,22.57446204952499,26.28530348703771,30.264958352875283,23.73081437121938,7.8161249171512805,467.9820361428885,1845.5009917329323,910.4673178072414,0.4933442582180946,1096.516891123199,0.0426413688535449,410.3847419762558,2,0,1,31,41.40920151246225,541,162.0,0.4103847419762558,298.7871855042709,186930.69292499853,868.8267410806611,500000.0,0.468213618644437,0,7,19.475860577528024,7,E8,P2,marketplace,2.0,marketplace_b2.0
10.710826806540826,38.4665008082159,24.495966522839467,79.44979707653188,8.464035616540194,7.340951214264034,5.623897166009783,5.632837992229042,,,25.916474520476267,32.51014372127247,5.8583568218952,12.011643350037003,13.793390849119906,38.4665008082159,0.88,0.875,38363.5914215517,540361.5398106,526845.8481339898,560,0.9749876875372228,13515.69167661024,0.02501231246277737,0.0,24.309921788918132,26.475440443991715,32.51014372127247,25.110026201434923,10.710826806540826,481.8261768761514,1735.2923718490988,868.9694238600657,0.5007625446622037,1016.7779993430082,0.04207461277432844,407.08603251631644,4,0,1,24,0.0,524,162.0,0.4070860325163165,308.2630082551437,199062.66862274654,815.8590817462714,500000.0,0.4901303585262495,0,11,30.741888315373885,8,E8,P2,marketplace,2.0,marketplace_b2.0
10.699290392424464,30.98546474271352,8.960066947925597,17.115803808538768,13.61104599654651,41.23009139107545,6.533544192639965,6.533544192639965,8.36307707273545,10.028535748949707,26.553507056631766,34.92706517249452,9.864159283765849,32.77074445534731,10.850557648388174,30.98546474271352,0.868421052631579,0.9506172839506173,47374.080402398526,549736.351411949,548736.351411949,603,0.9981809461982428,0.0,0.0,1000.0,23.793068879198383,26.420610152978952,34.41930307785433,25.22484594923941,10.699290392424464,493.4639257541396,1994.2914024496781,994.3196856549306,0.49858294752389887,1200.9370378272467,0.0512605897374667,508.168685465125,8,0,0,36,0.0,553,162.0,0.5081686854651251,296.1498145098583,183481.4099161834,885.6928271899639,500000.0,0.5069906595766849,0,15,49.291086507272205,9,E8,P2,marketplace,2.0,marketplace_b2.0
3.952827094233531,6.047172681956843,12.501364630269137,17.123382177342954,8.956447962314968,16.393470606115123,,,,,24.613985208266868,30.89990321827463,5.02258756145427,7.746361114096202,10.728906296292053,6.047172681956843,1.0,1.0,13819.243346008723,516514.44304295897,516514.44304295897,540,1.0,0.0,0.0,0.0,23.304112147792445,26.366065202452774,30.565680770941526,24.07685854723329,3.952827094233531,455.24406591350396,1640.7814751070696,826.1582158664772,0.5035150801008197,964.5062056458983,0.03900440857710773,381.13194562879073,2,0,0,25,377.3589552204076,510,162.0,0.3811319456287907,314.37868608085256,206766.21669474154,785.3368627688319,500000.0,0.4825407274258617,0,8,25.580471629802208,10,E8,P2,marketplace,2.0,marketplace_b2.0
7.038267611706601,15.931589403388898,11.072027124308079,20.132945463304168,4.212480055341212,6.180098196882818,,,12.705803593279597,12.705803593279597,25.313716096842786,32.8792944583216,8.922618431019439,19.41027888733334,6.1723506464746025,15.931589403388898,0.9523809523809523,1.0,26006.043708159235,531772.2574830158,531772.2574830158,543,1.0,0.0,0.0,0.0,23.878892651801646,26.554677019363226,32.73187918214717,24.580929308263805,7.038267611706601,475.0182819099687,1622.8648096433908,809.0493128721068,0.4985315523909153,1011.355540226249,0.04026948601414033,369.5765050667627,2,0,0,31,0.0,511,162.0,0.3695765050667627,305.33668167195174,194496.19363659518,834.8213580387329,500000.0,0.5009437806198477,0,6,18.25597243198723,11,E8,P2,marketplace,2.0,marketplace_b2.0
5.667898533821407,10.438984000914846,7.435932155394387,12.008200653688164,24.14747052270559,24.14747052270559,,,,,25.928675641789276,33.021480593112685,7.350653246270083,13.106050318105554,9.823294779295988,10.438984000914846,1.0,1.0,3605.0987133016765,503977.3460501888,503977.3460501888,521,1.0,0.0,0.0,0.0,25.19046208600835,26.52108950026434,32.9238121427793,25.84139789776186,5.667898533821407,481.86706525327116,1507.6723608478212,749.9269724246301,0.49740712365577744,884.2362966279849,0.037735159550261174,357.23444587511824,4,0,0,21,0.0,495,162.0,0.35723444587511827,322.1518501145222,219312.9920429742,740.29920860348,500000.0,0.454318108427318,0,5,14.842238772033355,12,E8,P2,marketplace,2.0,marketplace_b2.0
4.004708065495806,6.944042101759921,4.81751086652087,6.166813376867776,15.60143175792814,35.7545560285209,,,,,24.841144601297508,30.52920538411527,3.5872300169898947,4.41830826725627,9.610364596035213,6.944042101759921,1.0,0.9411764705882353,6216.486291594783,506496.9548278934,506496.9548278934,522,1.0,0.0,0.0,0.0,24.055631028011465,26.413504862780968,30.396507727024893,24.725589289362205,4.004708065495806,463.8799394278398,1508.2434217556583,749.9099916232556,0.49720753348310914,872.6677503276672,0.03546878917791526,329.1027513908251,2,0,0,19,0.0,498,162.0,0.3291027513908251,320.4937388153694,215642.95952059655,752.7679230162225,500000.0,0.4619865834177457,0,6,18.731076911799125,13,E8,P2,marketplace,2.0,marketplace_b2.0
13.532485587039636,59.890977022651256,8.446999080535388,16.082136479489375,9.060359014155452,20.073627790361456,18.2537014734595,51.21632574480709,,,25.223538584862446,31.330000071273073,5.442668733065067,5.7484067706972395,11.121768113302476,59.890977022651256,0.8275862068965517,0.8870967741935484,58929.484502104126,566652.9292862886,566652.9292862886,576,1.0,0.0,0.0,0.0,23.346227577182752,26.271013403739246,31.55476343094756,24.09170391112367,13.532485587039636,499.4089859011025,1809.3119908701337,897.3415464367118,0.4959573312754992,1093.8205021114086,0.03938040232036287,360.6088724971945,0,0,0,29,0.0,542,162.0,0.36060887249719453,286.52566761984946,169921.33517770158,955.5045498124324,500000.0,0.4782832783790911,0,7,23.739299383531062,14,E8,P2,marketplace,2.0,marketplace_b2.0
14.039345170410597,45.80184408392954,17.753614347356287,34.46956582923508,12.310531187206875,9.23410141999193,10.399440395853487,17.248826917658523,8.351480570396916,9.802099723742277,25.136374885856707,31.368582843171865,6.264983168487704,11.764473064269273,14.898405823711078,45.80184408392954,0.8285714285714286,0.9054054054054054,64862.71277757866,573615.9384122626,573615.9384122626,603,1.0,0.0,0.0,0.0,22.929452500343977,26.32436949743169,31.346175132795906,23.30481432827217,14.039345170410597,475.80692959431786,1997.8906291786702,983.5409575028737,0.49228968950477825,1211.8785143298157,0.04725869516947329,486.194687364414,4,0,2,37,152.37434068887924,548,162.0,0.48619468736441396,283.2665269677082,164708.90629574854,986.5052129944141,500000.0,0.45534594811180584,0,6,17.088774686711552,15,E8,P2,marketplace,2.0,marketplace_b2.0
18.75468864806687,85.40911188973841,34.565296466091745,91.24010569885832,59.33469517620839,88.75088862750817,,,,,25.256316178720837,32.72873220331394,3.4566925737769147,4.423760720254177,42.8217627027973,85.40911188973841,0.7894736842105263,0.75,8440.199489225186,509188.49886297405,509188.49886297405,531,1.0,0.0,0.0,0.0,25.19823562282523,26.56617087238527,33.38219511813304,25.244999815344087,18.75468864806687,470.0475175109487,1517.9388558506355,758.3072644181004,0.49956377458507956,909.5710726130326,0.03959612213494697,365.9720599428889,4,0,0,30,0.0,495,162.0,0.3659720599428889,318.8720334856515,215516.50469240773,753.3806855845077,500000.0,0.4996356508247204,0,7,21.529156115802827,16,E8,P2,marketplace,2.0,marketplace_b2.0
4.507383122915034,6.537063160559046,6.487749397087733,10.369989196948518,4.8128188762260375,7.125685168567543,,,,,25.910577931894295,32.88142530613985,11.600732227850967,18.470264524121376,5.789861680062027,6.537063160559046,1.0,1.0,10188.61735102234,511539.3687118152,511539.3687118152,538,1.0,0.0,0.0,0.0,24.57246488375089,26.47603033566088,32.30131613482099,25.43852443668534,4.507383122915034,476.40839890563115,1570.0803253240765,776.0884657582027,0.4942985739267907,925.5597782992199,0.03953505415869395,389.651970078884,5,0,0,23,0.0,500,162.0,0.38965197007888397,317.4528920012879,212164.43686260286,765.3952489466554,500000.0,0.46057170885328585,0,4,10.79092325803397,17,E8,P2,marketplace,2.0,marketplace_b2.0
5.991375052566266,12.9708646551635,7.138376771418189,14.441981131507145,6.1634303335369625,11.660503856915783,42.679910310418414,114.20710931660506,34.55826460827166,55.61760067216428,26.031108728519833,33.689939069236424,9.097031170841138,21.897943001211402,13.545634986443444,12.9708646551635,1.0,0.9629629629629629,68261.72443658626,577118.2182746406,576118.2182746406,575,0.9982672527597732,0.0,0.0,1000.0,23.9970377720931,26.34236157579835,32.84476352271231,25.734951838329284,5.991375052566266,538.6840246235781,1831.9625414684135,916.8861069754118,0.5004939163442064,1123.3292878717032,0.04259396704744344,397.9556065360478,1,0,4,31,0.0,534,162.0,0.39795560653604783,281.8830414578549,168142.55314183026,965.8349571363498,500000.0,0.4798653282135145,0,6,20.077049784623572,18,E8,P2,marketplace,2.0,marketplace_b2.0
10.907810045815543,30.086280714793094,7.770184474921972,11.051690261367094,9.05914338545397,14.003669641255966,,,115.49478643119437,115.49478643119437,25.659948437394508,32.53807791372983,4.831661995676923,10.181807633426269,8.225111149227383,30.086280714793094,0.8857142857142857,0.9710144927536232,37728.11627304937,538786.9281851918,537786.9281851918,583,0.9981439787276052,0.0,0.0,1000.0,23.411457041694348,26.388672856506673,31.773797670147932,26.777441304603972,10.907810045815543,530.8345591063329,1915.236051850102,957.2047444027777,0.49978421379345167,1173.5192735818414,0.04570042741388849,440.7746563691993,4,0,1,32,0.0,543,162.0,0.44077465636919927,302.0541521984172,190056.24622002945,854.6984268452318,500000.0,0.4693541684637375,0,7,20.502508346665426,19,E8,P2,marketplace,2.0,marketplace_b2.0
6.007481197144971,8.146533201857167,4.894975679137838,7.385007361721183,10.593380837677092,19.913257067728228,19.14166865588777,19.14166865588777,7.287343484047597,7.681906641997193,25.342805893711756,30.96084127390896,10.232722178350791,28.410697851154904,8.780313749087492,8.146533201857167,0.9642857142857143,1.0,42968.20466135957,546796.3875473237,546796.3875473237,559,1.0,0.0,0.0,0.0,23.497244289435262,26.385059746444313,30.624387088158436,24.01201724584826,6.007481197144971,473.7624559278498,1691.933603697694,838.1634855347646,0.49538792994179653,1019.3029146139805,0.04127444278346963,390.5153952194752,2,0,2,27,30.171120283674743,521,162.0,0.3905153952194752,296.9853479164857,189530.36606808024,856.8047366979073,500000.0,0.486477099011642,0,5,12.740923258033972,20,E8,P2,marketplace,2.0,marketplace_b2.0
4.871878722544818,6.109550560453796,7.290662981499372,12.197233019475062,4.438499543591888,5.057639106856686,38.66801761433453,38.66801761433453,,,25.010181011381704,32.970863157233374,4.775533611757169,7.701015136186832,10.499791451126896,6.109550560453796,1.0,1.0,17327.275816339392,522304.8254134355,522304.82541343546,536,0.9999999999999999,0.0,0.0,0.0,23.740169180307504,26.37136726400996,32.4730220778448,24.41455249361306,4.871878722544818,466.7944318060819,1605.2284180019483,799.1986864274668,0.4978722513660961,956.090990215362,0.03912041657199752,373.6686670941556,3,0,0,21,0.0,513,162.0,0.3736686670941556,310.87912798539764,205392.74314497574,790.5521206875517,500000.0,0.4706418870097632,0,7,21.140090200710933,21,E8,P2,marketplace,2.0,marketplace_b2.0
10.747106158645352,29.355329598151823,21.20834262415601,46.405728154585084,15.667331533918817,40.616809141757585,41.35152059751658,41.35152059751658,,,24.772616777678678,30.181796837616456,7.183137499298482,11.242748455730185,20.11643524348413,29.355329598151823,0.75,0.9583333333333334,19226.136203616657,520041.7500651535,519041.75006515346,532,0.9980770774656559,0.0,0.0,1000.0,24.053658846580642,26.406572317449445,30.72548567171821,24.443912265502583,10.747106158645352,458.28158021559176,1554.973861377209,768.5984977249268,0.49428386985501777,925.5717507358582,0.03965190147890265,361.4713855939025,5,0,0,16,66.95580926203557,502,162.0,0.3614713855939025,312.8100415144124,207563.70401610076,782.2247736193776,500000.0,0.47587348618202147,0,0,0.0,22,E8,P2,marketplace,2.0,marketplace_b2.0
4.032303994885989,6.08147012033615,6.432947848834819,10.245549480922206,9.201329052297774,14.740850687296732,6.911979421610525,8.26026791737917,6.152656058739211,6.152656058739211,26.44686076478634,33.71554481190256,4.624851484097498,7.184887650780411,7.4205987171169205,6.08147012033615,1.0,1.0,44840.47463850063,546785.5630729868,546785.5630729868,585,1.0,0.0,0.0,0.0,23.377842531272503,26.330471902304907,32.296120780427195,24.766152125506437,4.032303994885989,491.35948673443534,1921.4819228305075,947.5430183145619,0.4931313727473167,1151.1898895370068,0.04527228008008627,451.11957206956714,3,0,1,35,149.4561699806452,545,162.0,0.45111957206956715,297.102064398114,187241.0413000596,867.6042305903255,500000.0,0.49411873978258863,0,8,22.701024285619038,23,E8,P2,marketplace,2.0,marketplace_b2.0
13.570899530552381,38.08831466784886,38.09944234653767,76.41705879158081,27.90872750948074,70.44016885024885,14.626819942560815,19.77326548859046,97.28891784905045,97.28891784905045,25.079783618919794,30.820601346788134,3.5047206741380452,5.005078864292409,28.8553304571066,38.08831466784886,0.7368421052631579,0.8823529411764706,34421.87232108315,535140.8176419535,535140.8176419535,544,1.0,0.0,0.0,0.0,24.557721068590595,26.507212955636646,31.98568584847307,26.45859571723204,13.570899530552381,517.1088873480575,1632.5956586194748,813.3762543100775,0.4982104723945362,990.2665783340984,0.042512659291951915,388.5051339598242,4,0,2,24,0.0,511,162.0,0.3885051339598242,303.4500448863332,195669.67848082475,829.9114425635119,500000.0,0.4971562636395251,0,7,17.849649543340533,24,E8,P2,marketplace,2.0,marketplace_b2.0
2.8460970800770156,2.8460970800770156,,,,,,,,,25.566004571052577,32.29010022951311,,,,2.8460970800770156,1.0,1.0,209.99028817615883,500209.99028817617,500209.99028817617,501,1.0,0.0,0.0,0.0,25.520655454304123,26.579827758188912,32.2823160258954,25.556466656948505,2.8460970800770156,461.7281218857166,1384.6676756969484,694.9392041591077,0.50188158238714,827.2831780639164,0.038629803465353024,337.995952352112,6,0,0,22,0.0,471,162.0,0.337995952352112,324.5396915380029,222430.182079944,729.8379852694898,500000.0,0.29357336228176556,0,2,6.686917343769473,25,E8,P2,marketplace,2.0,marketplace_b2.0
10.445757625015382,17.084607491514817,11.750995960424007,21.02175234724291,12.531471721352707,22.998125776936376,,,,,24.89611821008329,32.6994283663872,3.8987393372985935,6.966770106340756,12.171252139385615,17.084607491514817,1.0,1.0,8275.236379187336,508449.34756596206,508449.34756596206,528,1.0,0.0,0.0,0.0,24.122696352420498,26.44019960572632,32.23088141941721,24.6771582818565,10.445757625015382,454.3574008460251,1498.9347378347913,744.9417816291079,0.4969807976464506,916.1914467580925,0.040879018694945445,383.61596365985895,4,0,0,30,0.0,492,162.0,0.38361596365985895,319.3702907497458,214643.58255351012,756.526768850301,500000.0,0.5056027909620556,0,2,5.908785513585686,26,E8,P2,marketplace,2.0,marketplace_b2.0
7.120040313447116,14.390459122172583,4.708879898164078,5.64371462097638,4.266199401324911,6.76533528053892,,,,,25.70399851279687,33.2405243555635,6.99153297906507,13.346073619876195,4.5191596852330065,14.390459122172583,0.9285714285714286,1.0,12370.949722949961,513597.1255335828,512597.1255335828,535,0.9980529486044901,0.0,0.0,1000.0,24.383507143363886,26.476143183445856,32.73530969450808,25.217474424355405,7.120040313447116,472.8286536233101,1605.4267669831054,800.5142663630243,0.4986301977930386,959.4082204189025,0.039565710910275415,361.4685979001332,4,0,0,25,33.50503363981419,500,162.0,0.36146859790013325,316.74283859647403,210219.7144108943,772.3417808500554,500000.0,0.4495634310266512,0,7,21.918222030894718,27,E8,P2,marketplace,2.0,marketplace_b2.0
21.353973949353488,61.91853304284578,12.95612951739761,22.556858755710156,14.826781798919365,34.04344109081643,8.135875903191746,9.130815628367762,9.57212640087738,9.57212640087738,26.24282427417496,32.72302855364114,4.714716903696527,6.566213993512087,13.055092421192535,61.91853304284578,0.6666666666666666,0.8571428571428571,26590.43369586375,528937.8456762048,527937.8456762048,536,0.9981094186998066,0.0,0.0,1000.0,25.38729168017738,26.48619586102768,32.948918590922915,25.487065126612052,21.353973949353488,491.91118998200153,1613.2696580600561,796.2702032602518,0.49357539161665037,958.6091810214768,0.04086214201261117,398.07482330049373,4,0,2,22,0.0,506,162.0,0.3980748233004937,307.6083219896734,197357.28654174795,822.8633341538552,500000.0,0.4743799113819562,0,3,9.322519173539561,28,E8,P2,marketplace,2.0,marketplace_b2.0
6.965449956667376,14.749876071987103,8.244203425360038,19.037781653244565,8.593440958509204,17.126842343121098,26.293395399680303,38.82554161879282,11.194284898402998,14.690828866065772,26.268462007087255,32.99549101804251,8.276529465748421,23.230917008679665,9.546896690329637,14.749876071987103,0.9615384615384616,1.0,77164.28456252046,584688.0408818187,584688.0408818189,599,1.0000000000000002,0.0,0.0,0.0,23.354340979122664,26.4152789959262,31.91208739881677,24.433691772934914,6.965449956667376,511.41079711572496,1968.4164294120064,970.6183706459223,0.4930960523103638,1165.665747684937,0.04707887688220233,462.526567122497,4,1,3,37,129.34383220056782,547,162.0,0.462526567122497,277.86189421986234,165125.45052904464,983.8733281066582,500000.0,0.42800562442504964,0,9,25.47068465583371,29,E8,P2,marketplace,2.0,marketplace_b2.0
8.697324440250187,17.799158774493844,7.955736694774671,12.628598420322396,24.25915462219014,43.07690795247947,,,,,27.24173281897584,34.81210192826093,6.69069638127603,12.390980275200036,13.104184461326925,17.799158774493844,0.9583333333333334,0.9767441860465116,13968.57625752051,515078.73700219905,515078.73700219905,554,1.0,0.0,0.0,0.0,25.545450110132084,27.78200815677809,34.55141771933936,26.887344577057466,8.697324440250187,512.9333448385297,1672.2225657030908,827.2962744185221,0.49472856746833993,984.7316228386752,0.041540035701716584,395.2832162046305,4,0,0,29,102.4925070669722,517,162.0,0.3952832162046305,315.2824443139677,209430.89731964644,775.4122495514446,500000.0,0.4896296767517406,0,5,15.868886541170756,0,E8,P2,marketplace,6.0,marketplace_b6.0
7.815412157412694,10.983176463067865,8.457107061522814,15.10784291522765,9.453467682537621,12.200022564764822,12.892418146943177,17.361992324175482,,,26.96656072611765,35.91794472367634,17.04440086442475,37.03122911428019,9.763373944475322,10.983176463067865,1.0,1.0,22776.714596747763,525519.2910413912,524519.2910413912,535,0.9980971202826477,0.0,0.0,1000.0,25.84961313264958,28.18254071919,35.58227700909988,26.320685277303806,7.815412157412694,505.9881835360872,1598.024859526044,804.2713493236488,0.5032908872032107,1003.0183177322562,0.04084296228956004,387.75855571684735,2,0,2,30,0.0,497,162.0,0.38775855571684736,309.59349127714427,200025.7773855176,811.8341579682526,500000.0,0.5016889039569902,0,10,29.43596160511309,1,E8,P2,marketplace,6.0,marketplace_b6.0
13.644279901374189,33.12094870450893,10.676937185872816,15.37943927123772,13.697026125416945,28.432928763390464,9.489818141489309,10.141102390541187,,,26.50267345034425,34.656801852205454,12.308656540127066,20.944113470098728,11.661080657653926,33.12094870450893,0.8181818181818182,1.0,29310.196036041838,532277.3226155266,517873.34282247716,549,0.9729389564780431,14403.979793049497,0.02706104352195697,0.0,25.27046155822626,27.817721946918027,34.5947386655047,26.056772284811174,13.644279901374189,494.42830041829507,1619.5232387303904,789.3267977729447,0.48738219921544923,996.1059487649976,0.04073086364861591,406.5018005899798,1,0,0,30,435.7716687406828,504,162.0,0.4065018005899798,313.6027448631617,206480.75460325027,786.5454681849244,500000.0,0.49699930891057537,0,4,9.212732199571061,2,E8,P2,marketplace,6.0,marketplace_b6.0
12.157118560866277,18.62941921869333,16.334042538740206,26.75189606360982,10.736481683501916,15.41232434552139,213.6129966166518,213.6129966166518,180.3962524831877,180.3962524831877,26.973938163117133,36.1175189008496,11.62262923795939,27.108526473570333,22.221681935637235,18.62941921869333,0.9565217391304348,0.9787234042553191,28096.063942230638,531327.860284328,530327.860284328,561,0.998117922897051,0.0,0.0,1000.0,26.053551334340977,27.731717079222108,35.903679679297056,29.62215193652518,12.157118560866277,582.9757672226284,1691.1372109635347,830.5886797699079,0.4911420991657297,1036.6657613838327,0.04357395726868496,422.1876451514529,4,0,3,35,0.0,508,162.0,0.4221876451514529,306.2674994258665,195429.029205884,831.1057385135965,500000.0,0.4895347630042166,0,4,12.984768772447053,3,E8,P2,marketplace,6.0,marketplace_b6.0
6.339992393179159,12.337964151128292,12.277585925460016,17.764928424616027,5.9201183057574935,8.255722446766596,,,63.77184794675202,110.18996833662185,28.478878050201843,38.05928550725767,9.964272465090499,13.702612921930632,8.911867773852798,12.337964151128292,1.0,1.0,32491.15341102122,538255.453584505,538255.4535845051,550,1.0000000000000002,0.0,0.0,0.0,26.84025432413332,27.806102320369178,37.90136765293358,30.02998082905875,6.339992393179159,594.7329878192686,1667.5323087828099,837.67691396595,0.502345237662831,981.2389370793069,0.04249747286549904,407.2143943990435,4,0,1,28,4404.183493112094,502,162.0,0.4072143943990435,301.72887857029656,195379.0153570049,831.2418511150834,500000.0,0.48407927099718595,0,11,37.217646314540005,4,E8,P2,marketplace,6.0,marketplace_b6.0
14.159167585606655,26.72992031354921,30.157098460266216,82.57387774314786,32.32020240504662,83.85339420430554,64.71811765074092,95.87658523934533,,,28.06407487326721,36.05416896816787,6.592388328373488,10.311895496141915,37.790336946621295,26.72992031354921,0.8888888888888888,0.7719298245614035,43452.69323580841,547328.4080016714,546328.4080016714,572,0.998172943363837,0.0,0.0,1000.0,27.317236378014567,28.090737161668812,39.29282041376629,29.676754014385217,14.159167585606655,593.7730201701714,1751.008064842691,871.6188761084358,0.4977811887958044,1066.4270898903994,0.046939145104142474,474.39726343247855,3,1,0,34,487.8736863004425,521,162.0,0.4743972634324785,297.3932800926863,183339.93463115275,886.1920758851692,500000.0,0.5091967599474244,0,7,21.382976494884367,5,E8,P2,marketplace,6.0,marketplace_b6.0
10.631039313005873,14.258153850265742,22.870328041752792,44.089695656115794,13.118277133613804,25.402017644955187,13.852474567820138,19.9511670768125,,,27.47457033066609,35.86890935610975,7.899454106104311,12.510622788574986,18.52300428122348,14.258153850265742,0.9285714285714286,0.9423076923076923,31608.77227884693,533346.8920584851,533346.8920584851,565,1.0,0.0,0.0,0.0,25.809202251727307,27.843158983151625,35.52978413373967,26.628225609727505,10.631039313005873,510.1444985056014,1644.6960643364257,815.6227681128631,0.4959109380747116,1018.668044231,0.045386826438448234,471.97850935760493,5,0,0,39,142.0164171115664,498,162.0,0.47197850935760494,304.6272152862596,194303.1861214943,836.177634306865,500000.0,0.5127385874883209,0,6,15.424545063528639,6,E8,P2,marketplace,6.0,marketplace_b6.0
7.324235038001219,11.15330133687372,11.907364641050997,17.046160742936266,6.8151429304489,9.160481351524345,16.965967213617574,22.54699973835421,11.160707839259288,11.160707839259288,27.59466795136024,36.069064517164584,9.60951550527397,13.090439595928222,10.419331713955758,11.15330133687372,0.972972972972973,1.0,40773.60461111535,544565.4292464787,543565.4292464787,581,0.9981636733690867,0.0,0.0,1000.0,24.946903585567092,27.659557862963084,35.03709898285251,26.209411384086824,7.324235038001219,517.5798321648157,1806.2818264287132,900.968255201551,0.4987971655469173,1083.8072649228354,0.043186977093513844,422.6170938069367,2,0,1,34,88.20533632709069,527,162.0,0.4226170938069367,298.80968942224007,186944.77208629993,868.8267410806611,500000.0,0.48535904472584807,0,12,32.26480381128657,7,E8,P2,marketplace,6.0,marketplace_b6.0
15.72939549889997,47.263667914351075,32.6631311847091,81.44979707653188,12.575970288972655,18.827568815411475,6.623897166009783,7.432837992229042,,,27.73613931332686,36.16990995531392,7.066355992737916,9.065645557553694,19.04523728549291,47.263667914351075,0.84,0.875,38363.5914215517,540361.5398106,526845.8481339897,560,0.9749876875372225,13515.69167661024,0.02501231246277737,0.0,26.400252274312717,28.25174727561125,36.16990995531392,27.011214083286443,15.72939549889997,516.8069560634949,1683.728913815179,837.2282738197396,0.49724647890179374,1010.8219792436419,0.04317191239417116,419.35561583330457,5,0,1,32,119.37052183867777,512,162.0,0.4193556158333046,308.2862970090752,199077.7074739299,815.8590817462714,500000.0,0.4974001316450984,0,9,24.606514260929924,8,E8,P2,marketplace,6.0,marketplace_b6.0
18.2641885493021,62.121680934034366,16.085868103798827,21.375087275482336,20.316429311624493,54.8063665392524,22.56623965664221,22.56623965664221,7.549984024441528,8.38569915917551,28.676102275651655,40.18277507651337,15.35513625826201,44.5777540161107,18.007507017605928,62.121680934034366,0.7894736842105263,0.8641975308641975,47374.080402398526,549736.351411949,548736.351411949,603,0.9981809461982428,0.0,0.0,1000.0,26.725198725792865,27.80212899567414,41.4814652155199,27.62500044121617,18.2641885493021,548.7218646060153,1895.08472329236,938.8288825684945,0.4954020635750008,1201.724426274238,0.050888343629633376,488.2840404633196,8,0,0,46,0.0,539,162.0,0.48828404046331964,296.11357735343404,183458.9589666088,885.6928271899639,500000.0,0.5222226484953861,0,12,35.04821120402059,9,E8,P2,marketplace,6.0,marketplace_b6.0
6.4502193586499255,8.512406998299753,12.551299359966578,18.523382177342956,11.345633173446515,19.79347060611512,,,,,26.87859986018155,34.62358084379185,5.967460811194473,8.06048113509039,11.948466266706546,8.512406998299753,1.0,1.0,13819.243346008723,516514.44304295897,516514.44304295897,540,1.0,0.0,0.0,0.0,25.51935753609467,27.887063323907114,33.91652247558172,26.349040780912674,6.4502193586499255,501.98839908436236,1624.7224172880083,815.7984595507114,0.5021155927130277,984.0055892272043,0.0395974484074814,382.59892647463244,2,0,0,28,377.3589552204076,505,162.0,0.38259892647463245,314.3815262354031,206768.08465856113,785.3368627688319,500000.0,0.49622368686938073,0,6,17.477840601803443,10,E8,P2,marketplace,6.0,marketplace_b6.0
8.206540061014467,11.564078858035828,20.2909291125884,37.27734221201436,15.42237455005843,28.66813848114701,,,18.00580359327887,18.00580359327887,27.206126504729614,36.36779156891494,13.854847097678917,29.424912331092855,16.81339013935271,11.564078858035828,0.9523809523809523,0.9714285714285714,26006.043708159235,531772.2574830158,531772.2574830158,543,1.0,0.0,0.0,0.0,26.01432373641635,28.048953469655316,36.038091290816375,26.497396964045173,8.206540061014467,513.214448742078,1567.3944175548647,785.7198192923734,0.5012904285560085,995.6814105724355,0.04004182427643156,358.5468862025107,2,0,0,37,115.1419552151774,494,162.0,0.3585468862025107,305.315940426599,194482.98168560947,834.8213580387329,500000.0,0.510952376635259,0,5,15.620370602217141,11,E8,P2,marketplace,6.0,marketplace_b6.0
13.26749989641985,27.654652992975045,17.12004778119744,35.00820065368828,24.14747052270559,24.14747052270559,,,,,27.29271974163126,37.43065727843687,8.907688344801304,13.11015676171155,18.1239653156986,27.654652992975045,0.8571428571428571,0.8571428571428571,3605.0987133016765,503977.3460501888,503977.3460501888,521,1.0,0.0,0.0,0.0,26.734076671236213,28.03060707562713,37.42311523661829,27.214515303378754,13.26749989641985,509.6806480239491,1475.7976150268737,733.6230243847023,0.497102730696135,887.734863321489,0.03811655090011523,360.90018304388394,3,0,0,27,40.88081017699438,486,162.0,0.36090018304388394,322.1591237294922,219317.9437397019,740.2992086034801,500000.0,0.48410544596094435,0,6,16.792238772033354,12,E8,P2,marketplace,6.0,marketplace_b6.0
6.989260005644241,9.703798525297094,11.878170438902238,15.241981785283421,16.679313085614012,38.41675897768619,,,,,26.565203366762468,33.78869095963987,5.549533229436849,8.10675548025165,14.012011615218581,9.703798525297094,1.0,0.9411764705882353,6216.486291594783,506496.9548278934,506496.9548278934,522,1.0,0.0,0.0,0.0,25.84745504618877,27.962892101637635,33.73522681052018,26.451472326004787,6.989260005644241,496.18966493412086,1498.517396574918,751.1712979177875,0.5012763279456749,893.5815890790432,0.0378813890452877,358.0965499704361,3,0,0,25,0.0,492,162.0,0.35809654997043616,320.5509825920659,215681.475772011,752.7679230162225,500000.0,0.48768096869270794,0,7,19.950965057339918,13,E8,P2,marketplace,6.0,marketplace_b6.0
17.389308424101124,63.27097702265118,14.40619083513753,20.41042016472002,13.10419439918251,19.21105851335119,20.793640362635415,51.21632574480709,,,27.127056043077204,35.666244081731115,7.8848854432830615,9.970574439571466,15.32339244861337,63.27097702265118,0.8275862068965517,0.8870967741935484,58929.484502104126,566652.9292862886,566652.9292862886,576,1.0,0.0,0.0,0.0,25.492844293138432,27.78754240526223,35.83214353924541,26.103395055792447,17.389308424101124,541.0809378345891,1746.8141419826932,861.8392773295387,0.49337777649963493,1078.0068871463236,0.040784034347312405,394.10465871828706,0,0,0,36,136.10365858404614,525,162.0,0.3941046587182871,286.58477926383813,169956.39077866933,955.5045498124324,500000.0,0.4899433630404058,0,7,24.128365298622953,14,E8,P2,marketplace,6.0,marketplace_b6.0
23.043195858432235,70.45052470631727,27.570212888250094,77.29604423108276,14.4881987314104,14.836236618732983,10.810565090684381,14.342559436783631,9.351480570396916,10.002099723742276,27.433865886275456,35.69386449503659,6.857230784975332,10.784339188972446,20.872272111116846,70.45052470631727,0.7714285714285715,0.8378378378378378,64862.71277757866,573615.9384122626,573615.9384122626,603,1.0,0.0,0.0,0.0,25.773319407713995,27.648876390580767,36.46228091377047,25.669135560942525,23.043195858432235,528.3455508079992,1957.38024350241,964.0692117452352,0.49253036804958855,1202.831286876766,0.04942002343763341,499.2963858319865,7,0,1,39,173.57332166443362,540,162.0,0.49929638583198654,283.2893675088965,164722.18721742538,986.5052129944141,500000.0,0.46325228184530465,0,6,18.20795245626265,15,E8,P2,marketplace,6.0,marketplace_b6.0
8.016537908112587,18.507117511949033,16.02853828049326,30.901360861791545,18.632308418621506,25.28824595268634,,,,,27.169210701509545,35.89422346877427,4.556430695164484,5.8793423880594675,16.896461659869342,18.507117511949033,0.9473684210526315,1.0,8440.199489225186,509188.49886297405,509188.49886297405,531,1.0,0.0,0.0,0.0,26.18202828254846,28.162755707247015,35.69712256568528,26.867477230871852,8.016537908112587,495.5756726969021,1477.002541872753,732.9185222197885,0.49622021725872634,918.8088222408344,0.04008470129964957,374.1539615452062,3,0,0,30,0.0,485,162.0,0.3741539615452062,318.8881019978441,215527.36494109588,753.3806855845077,500000.0,0.5160847783617398,0,3,9.408557738259564,16,E8,P2,marketplace,6.0,marketplace_b6.0
6.927904559192155,9.443781738067628,9.662013460394762,15.55938995236884,16.363013791327898,34.28910824240029,,,,,27.94410877218171,37.50877276725396,13.17833151197592,22.951722985645574,12.454096931616903,9.443781738067628,1.0,0.9629629629629629,10188.61735102234,511539.3687118152,511539.3687118152,538,1.0,0.0,0.0,0.0,26.710750491245122,28.130032432371877,37.34528448906908,27.558550874050315,6.927904559192155,519.4035279622373,1558.6569695327698,773.9641906559503,0.496558386986174,945.8695412688177,0.04085594883463785,407.5206809592214,5,0,0,26,20.49258331954041,498,162.0,0.4075206809592214,317.487823253843,212187.7825926749,765.3952489466554,500000.0,0.47770288736728306,0,3,11.375814711814366,17,E8,P2,marketplace,6.0,marketplace_b6.0
9.265975002479536,15.549250431084149,11.919805682724382,19.830734159749227,10.883552444772553,24.20921623368158,41.91989878561677,109.93022297468542,34.718836782435574,52.70663058565933,28.14807985642374,39.78282928106563,9.982545366941622,17.350713803726293,17.2248624584688,15.549250431084149,0.9565217391304348,0.9629629629629629,68261.72443658626,577118.2182746406,576118.2182746406,575,0.9982672527597732,0.0,0.0,1000.0,26.194901896571675,27.574995306834353,38.80735863855389,27.687846706330138,9.265975002479536,584.6111715349683,1790.7901940353204,891.4842798758798,0.49781615001310237,1113.8967360393463,0.04302955787313148,416.775644587029,2,0,4,38,0.0,528,162.0,0.416775644587029,281.91570843045537,168162.03891205625,965.8349571363498,500000.0,0.48861564941374347,0,3,7.12867365912648,18,E8,P2,marketplace,6.0,marketplace_b6.0
14.735337956019626,35.347183215336194,13.913775229927388,23.294360608531452,10.836833600211577,25.292027047377093,,,117.49478643119437,117.49478643119437,27.671502430998522,36.491902784079684,6.554399180881278,11.642855802850512,12.827795831204162,35.347183215336194,0.8285714285714286,0.9855072463768116,37728.11627304937,538786.9281851918,537786.9281851918,583,0.9981439787276052,0.0,0.0,1000.0,25.67618863594069,27.92002111325519,36.21159958902455,28.910145900253475,14.735337956019626,575.5973542989599,1813.5513868361313,906.8329445581664,0.5000315685237906,1103.342774856224,0.04493475033103081,427.6219020755515,4,0,1,34,76.65062254412996,527,162.0,0.42762190207555145,302.0296950136023,190040.85745379265,854.6984268452319,500000.0,0.4703994991640091,0,8,26.144858953097533,19,E8,P2,marketplace,6.0,marketplace_b6.0
8.857549609952283,14.791749160690872,7.434862513682515,11.226197728541319,12.667961063434813,23.113257067728227,23.14166865588777,23.14166865588777,10.287343484047597,11.481906641997194,27.828889732709744,35.84774189685113,12.102544869012604,27.985581974761615,11.241435140134037,14.791749160690872,0.9642857142857143,1.0,42968.20466135957,546796.3875473237,546796.3875473237,559,1.0,0.0,0.0,0.0,25.983063571709,27.871276198243876,35.00909491539196,26.540846823115324,8.857549609952283,518.089319886206,1646.3699261313081,817.9221475953645,0.4968033821641432,1001.6929305002458,0.041728066397377965,402.6152809602222,2,0,2,32,76.78078215929528,508,162.0,0.4026152809602222,297.00747660280535,189544.4881722453,856.8047366979073,500000.0,0.49141116136870105,0,5,14.06410694184957,20,E8,P2,marketplace,6.0,marketplace_b6.0
10.314532282964967,10.874488026250974,15.355211525222876,23.567230906205168,7.228252553863513,9.199194525345684,41.14752363487787,41.14752363487787,,,26.503562273633804,36.96903106897682,5.2978259599651665,6.516604129143161,16.54751079608991,10.874488026250974,0.9,0.9642857142857143,17327.275816339392,522304.8254134355,522304.8254134355,536,1.0,0.0,0.0,0.0,25.434392680083292,28.055260332749924,36.45696342861402,26.781465670429142,10.314532282964967,513.8848559399466,1566.0044185619793,784.0539727382447,0.5006716222794703,961.283602028207,0.04011739137564103,383.84117930033534,3,0,0,29,0.0,498,162.0,0.38384117930033534,310.89860418341686,205405.6107497041,790.5521206875517,500000.0,0.4856079085048089,0,5,18.238053463787267,21,E8,P2,marketplace,6.0,marketplace_b6.0
18.841429780985568,41.76286889686499,25.60548136130192,50.405728154585084,18.667331533918816,44.616809141757585,9.831026618059923,9.831026618059923,,,26.923257709469574,34.47683608727888,9.46394372440702,14.989123181372275,20.821868552340202,41.76286889686499,0.6666666666666666,0.875,19226.136203616657,520041.7500651535,519041.75006515346,532,0.9980770774656559,0.0,0.0,1000.0,26.307971185234752,28.01992140067064,34.99342176612255,27.215913702080137,18.841429780985568,518.0893679816018,1543.0478513077398,767.829148735138,0.49760553315595457,925.0859595825566,0.04023259396804594,376.39835544862353,5,0,0,18,66.95580926203557,498,162.0,0.37639835544862354,312.83880022188214,207582.78672782012,782.2247736193776,500000.0,0.4769632589280894,0,2,4.493071829356391,22,E8,P2,marketplace,6.0,marketplace_b6.0
7.6245465117060665,10.470361439034969,10.868263649476106,17.76732011536999,10.6260751724763,15.732871208825644,6.086979421610252,6.998690925841825,10.280328116453461,10.280328116453461,27.944579021411386,37.22102074517455,7.490823589339264,12.919193352440857,10.455006641692322,10.470361439034969,1.0,1.0,44840.47463850063,546785.5630729868,546785.5630729867,585,0.9999999999999998,0.0,0.0,0.0,25.133291491995195,27.438916482208697,35.8124477791238,26.33181894792278,7.6245465117060665,524.1252029763151,1790.6353174118365,883.0824235230035,0.49316709825616567,1082.7927994174079,0.045195271113993865,466.72579190923614,2,0,2,47,149.4561699806452,525,162.0,0.46672579190923613,297.1306061535912,187259.02901760337,867.6042305903255,500000.0,0.4955415780310138,0,8,21.12283322715613,23,E8,P2,marketplace,6.0,marketplace_b6.0
24.53139415834762,55.089014685441896,39.621982445132744,75.18192897583049,35.56508250325189,70.13011856630001,62.70881878661885,79.57121199703934,98.23096500623706,98.23096500623706,26.619432720677942,34.06187736571758,6.467013544755496,8.963090354749147,40.266087325535715,55.089014685441896,0.631578947368421,0.6470588235294118,34421.87232108315,535140.8176419535,535140.8176419535,544,1.0,0.0,0.0,0.0,26.721026187756706,28.28782614323177,35.09235497170834,28.946962365449888,24.53139415834762,561.7936042706068,1590.1667998746032,791.1234329995862,0.49750971600084487,989.5620501889346,0.04238714296504854,384.0323546094953,4,0,1,28,348.0839399083933,499,162.0,0.3840323546094953,303.4416867510483,195664.28901500837,829.9114425635117,500000.0,0.5018957894683372,0,5,15.62037060221714,24,E8,P2,marketplace,6.0,marketplace_b6.0
6.846097080077016,6.846097080077016,,,,,,,,,27.964926072970677,36.66282445671141,,,,6.846097080077016,1.0,1.0,209.99028817615883,500209.99028817617,500209.99028817617,501,1.0,0.0,0.0,0.0,27.922772721687455,28.656761363770784,36.62935226823174,27.956060298451444,6.846097080077016,513.096453600413,1373.709824630248,688.6775749781358,0.501326817811398,845.2070060516656,0.039360914984608926,344.3605304257484,6,0,0,25,0.0,471,162.0,0.3443605304257484,324.55241535039613,222438.902615463,729.8379852694898,500000.0,0.31621330573877904,0,2,6.686917343769473,25,E8,P2,marketplace,6.0,marketplace_b6.0
15.875532435172111,29.53422640624376,12.895887070974519,23.32175234724309,18.285289144183675,30.354443608620205,,,,,27.1616828334235,35.026973545137366,6.496125231053611,8.541974698711511,15.797872802702527,29.53422640624376,0.7272727272727273,1.0,8275.236379187336,508449.34756596206,508449.34756596206,528,1.0,0.0,0.0,0.0,26.49020666829165,28.44019960572632,34.642237449321875,26.987012914897846,15.875532435172111,501.44694334271645,1482.8708778822681,742.8704180081014,0.5009677033168368,921.3985949413056,0.0409948849384127,381.2490681220462,4,0,0,32,0.0,486,162.0,0.3812490681220462,319.3656356242173,214640.4539192896,756.5267688503009,500000.0,0.5123139797631108,0,3,8.544387343355774,26,E8,P2,marketplace,6.0,marketplace_b6.0
9.745102501591205,14.675426442433999,7.684141272517657,13.926785094404432,7.447978793742474,9.636157422759425,,,,,27.686910596011295,36.502635047160126,18.699358981111388,39.48103411458356,7.582928781614007,14.675426442433999,0.9285714285714286,0.9642857142857143,12370.949722949961,513597.1255335828,512597.1255335828,535,0.9980529486044901,0.0,0.0,1000.0,26.556926536866165,28.080611345502803,36.226966310573886,27.253116263478507,9.745102501591205,516.9624453649507,1615.706318150637,807.2610428707187,0.49963352485662277,977.7158543631805,0.04103062215605666,401.84494315222423,5,0,0,25,194.7484156039248,501,162.0,0.40184494315222424,316.8216067815473,210271.99223174146,772.3417808500554,500000.0,0.45475563062044416,0,9,27.827007544480402,27,E8,P2,marketplace,6.0,marketplace_b6.0
22.3793471988763,63.1385245659285,15.246438997617055,26.912700265491196,17.10869787250827,37.20012819851209,10.292563010887406,13.01285242221995,8.755473819891051,8.755473819891051,27.61835991447547,36.941450683476795,7.7594888560327036,10.608479116170416,15.325551577360054,63.1385245659285,0.6666666666666666,0.8214285714285714,26590.43369586375,528937.8456762048,527937.8456762048,536,0.9981094186998066,0.0,0.0,1000.0,26.802526070178523,28.220425193296023,37.7554494360744,26.86408115838963,22.3793471988763,512.4724982560356,1544.6971417178477,759.2721577638912,0.49153464278409265,947.3369534342878,0.04172506102922845,407.51342542360277,4,0,1,33,60.24910722423353,484,162.0,0.40751342542360275,307.6262002346229,197368.75697885623,822.8633341538552,500000.0,0.4992217778501322,0,5,13.815591002895953,28,E8,P2,marketplace,6.0,marketplace_b6.0
9.809563662426525,20.235647202321445,14.795153457228949,23.357452333606943,11.786257848600982,24.898352631621265,27.41446340412214,41.148182421457705,11.037038204690703,14.228299219224755,28.306990112494137,36.98746238716221,9.726324572719271,24.511650696878643,14.07941252459579,20.235647202321445,0.9615384615384616,1.0,77164.28456252046,584688.0408818187,584688.0408818189,599,1.0000000000000002,0.0,0.0,0.0,25.595068059874215,27.807105423219582,36.425178546123064,26.336614164366523,9.809563662426525,560.3118096582898,1861.2983655282385,915.7448004056635,0.49199248082172686,1136.9409674581652,0.044122166237915775,435.791033117485,4,0,2,42,850.5730827020654,531,162.0,0.435791033117485,277.816168068247,165098.27677278835,983.8733281066583,500000.0,0.4676313604511493,0,7,23.419974279844016,29,E8,P2,marketplace,6.0,marketplace_b6.0
2.8258147879591116,4.970334036856002,3.1063780813893747,3.808539862104226,2.9922388421250536,5.289651166539045,,,,,17.568449797313832,30.38887150029586,6.916804544438885,15.228179140299906,7.638864417410255,4.970334036856002,1.0,0.9832635983263598,12966.277020972228,1514488.940738426,1514488.940738426,1652,1.0,0.0,0.0,0.0,17.139162273678657,14.685250576662156,29.48443075701368,18.062101265341937,2.8258147879591116,895.5034967571976,6015.253324436154,3128.349477763034,0.5200694482898229,3611.07368421338,0.08780790867913071,1723.7775798387022,8,0,1,67,0.0,1518,252.0,1.7237775798387023,167.53095434036612,99451.20364833435,2551.2388817034507,1500000.0,0.4222137609594485,0,11,28.981618740741812,0,E8,P3,marketplace,0.0,marketplace
5.669854637610088,12.858623091523441,5.959204393730533,11.483149544984188,6.051183410480642,11.491349282619554,9.717385911667558,12.604829109749332,,,17.089674973204264,29.99983270608101,5.519238984343365,12.703635589590796,7.428858212046449,12.858623091523441,0.9444444444444444,0.9864406779661017,100709.15434103922,1615590.1093808752,1614590.1093808752,1721,0.9993810311203358,0.0,0.0,1000.0,16.32199748702485,13.592414110369646,29.115486263443472,16.992380016256508,5.669854637610088,864.1840758308697,6516.686417143175,3380.392884041061,0.5187287936931263,3888.992860327011,0.09907111067020133,2010.309336595575,17,0,11,65,97.49759036723961,1581,252.0,2.010309336595575,157.32185392489333,87706.3532119951,2896.144920341484,1500000.0,0.4057375176698218,0,10,28.361293860251113,1,E8,P3,marketplace,0.0,marketplace
34.496006965916166,105.72789164185589,51.15283392725626,118.35918775405399,15.394391817061358,32.28769224320969,12.54551555188334,18.526774850591938,69.2093660732994,113.33548802665946,18.50741659960874,32.11176923259927,6.376322203976586,15.363433546380293,10.899544557467582,105.72789164185589,0.6875,0.9227941176470589,76800.1464189748,1590664.735403459,1590664.7354034588,1695,0.9999999999999999,0.0,0.0,0.0,18.890084293446787,15.147528914443683,33.21219792170397,19.688033750566927,34.496006965916166,1050.2065161431133,6285.601373231924,3265.6053160359966,0.5195374510930671,3812.653098975869,0.0927033641888558,1807.8113088204973,12,0,7,60,0.0,1568,252.0,1.8078113088204972,159.5608462674847,90714.18881374439,2797.8843731926236,1500000.0,0.4281142109591387,0,7,20.212325030263347,2,E8,P3,marketplace,0.0,marketplace
9.316233603273849,27.697172974409956,12.080060784708884,22.21645872040926,14.587265846997393,38.08829492369769,19.203808441825903,28.4722749239676,31.56528686475471,42.62919040575107,17.16603169131451,29.070062992518,4.816227125854751,6.4846823682333365,9.135737203683629,27.697172974409956,0.8888888888888888,0.9700996677740864,100592.7237119158,1620301.3378479234,1618301.3378479232,1736,0.9987656616992883,0.0,0.0,2000.0,16.65164722755278,14.006444662913054,29.489266643535302,17.895995852028,9.316233603273849,943.3620985676276,6576.140745739285,3418.501686345382,0.519834020973509,3953.991130998191,0.09465777777278558,1882.2911700483212,9,0,7,74,0.0,1589,252.0,1.8822911700483211,156.88196334785854,87554.25648482952,2899.7138615875106,1500000.0,0.42123669083562787,0,10,27.03161874074181,3,E8,P3,marketplace,0.0,marketplace
4.33711042346192,9.079036381852532,4.932302934576588,9.195157799319896,5.203825974035816,8.02675273550349,12.737596754772571,25.48656017291451,27.6915187039624,43.19698351906286,17.598009238733052,32.06478716579697,3.5574245595243696,7.2861161036831605,7.291602803647538,9.079036381852532,1.0,0.9839743589743589,111662.5896233039,1623621.9329033762,1608568.613833768,1749,0.9907285564671514,13053.319069608136,0.008039629673064387,2000.0,16.520986734841493,13.179342552840808,30.03938231111698,17.7402259726992,4.33711042346192,925.334580587685,6737.7124738733955,3474.2517588773762,0.5156426268335681,3990.2104978015113,0.09747617725505692,1953.6381624435417,15,0,10,57,0.0,1625,252.0,1.9536381624435417,157.8755397677351,89037.50368037673,2852.2097730196497,1500000.0,0.4032439058341929,0,11,33.24501552511676,4,E8,P3,marketplace,0.0,marketplace
9.179062370479826,7.80110717012758,8.511999815590865,16.666540237924785,18.488516841098377,80.00781253551887,16.168632578753176,36.31314694348731,38.58301257579212,38.58301257579212,17.78153341332844,31.13855958337454,8.553697415367445,21.16609857849738,8.798733596041334,7.80110717012758,0.9032258064516129,0.9527272727272728,69345.69733877359,1581071.8908623361,1566559.6627648063,1700,0.9908212724662288,13512.228097529805,0.008546245224915148,1000.0,17.367323875104873,13.656808201523404,31.129153161206943,18.527991382278213,9.179062370479826,968.6274315435413,6500.029073241003,3345.8240857841092,0.5147398647119952,3771.8217373629877,0.09072613359307825,1796.035020175444,10,0,7,48,0.0,1595,252.0,1.796035020175444,162.00853440350508,93144.17042424507,2724.765638731947,1500000.0,0.4196034452814118,0,15,52.103178406067286,5,E8,P3,marketplace,0.0,marketplace
3.6310816192119084,5.021683120961324,4.045056794271741,5.786761169988316,3.0540768263333784,4.456303933551226,5.778960750069871,6.3865481977581,11.799652748567041,13.630308557028092,17.58651096252497,28.99547544889668,3.589135344155511,6.383395307013508,6.668153434145533,5.021683120961324,0.972972972972973,0.9850746268656716,68462.89817107105,1574237.3856304632,1560296.932096663,1695,0.9911446306249312,13940.453533800395,0.008855369375068811,0.0,16.816554004683486,14.558838994588825,28.077135595553607,17.82231583479125,3.6310816192119084,905.4427202829962,6289.074227978705,3262.3557031886703,0.5187338525398808,3712.7770225452623,0.0913899087930642,1877.0725491478318,10,0,2,70,0.0,1558,252.0,1.8770725491478317,162.710742632813,94939.36708636695,2674.096956199363,1500000.0,0.3956049954539057,0,13,45.24397737044275,6,E8,P3,marketplace,0.0,marketplace
5.179242503335872,10.80038892413268,7.307612890980545,13.267457087848982,4.844592792131522,9.534604814937193,33.68190196382153,42.600391791577316,25.6524287211505,25.6524287211505,17.95722387482101,33.07807003213183,8.914017392888496,21.548657186951534,8.917532197160922,10.80038892413268,0.9565217391304348,0.9721115537848606,66661.68215178815,1575781.2122211275,1560645.4313835679,1671,0.9903947447017565,14135.780837559716,0.008970649432756442,1000.0,17.54176203821028,13.83336867327671,32.9537038343924,18.566781578236295,5.179242503335872,969.9845413346941,6255.659834421701,3274.3348286793494,0.5234195776858513,3738.4455505251954,0.08688182668357718,1681.1228870002958,7,0,3,49,220.4864588571628,1560,252.0,1.6811228870002959,162.5488517671198,93592.2858783646,2710.4917943418122,1500000.0,0.41111399616226296,0,15,50.57949875902265,7,E8,P3,marketplace,0.0,marketplace
8.15539675940109,19.473824709886884,10.32977082546846,17.132885723961532,6.631692817467843,8.423796508338,29.362982122260973,40.08777868040961,,,18.018264910026517,30.46835295452307,5.4071758454961865,10.61602837081346,8.597516624315116,19.473824709886884,0.8928571428571429,0.959409594095941,53177.689805350616,1556757.0832136883,1554757.0832136883,1686,0.9987152780471882,0.0,0.0,2000.0,17.534703400586796,14.224669017887663,31.12850558865148,18.503628168013282,8.15539675940109,942.9218034003043,6352.368994712915,3306.3442382468565,0.5204899528032347,3782.4807061831825,0.09511049744281405,1962.7631689913524,12,1,5,65,253.6150986706786,1561,252.0,1.9627631689913525,163.3456222267529,94793.52868280392,2679.1149849352705,1500000.0,0.41042679516422775,0,13,48.79360207530173,8,E8,P3,marketplace,0.0,marketplace
11.3324602410229,43.449150433132054,19.581593807639788,61.04736702460471,9.277752125384415,29.433383574806733,73.59172796550381,105.10993604221221,79.53329386747737,101.84432019763426,17.70646782623146,29.664136308571,4.875075880531085,7.995888867638314,9.932561161182454,43.449150433132054,0.8636363636363636,0.9446366782006921,79011.77333131488,1584037.482643687,1568973.72854601,1715,0.9904902792624982,13063.754097676843,0.00824712435205386,2000.0,17.444027806253015,14.633180774136235,30.79717738624705,19.42394487838285,11.3324602410229,1010.7265321905484,6488.754217657071,3373.105640339439,0.5198387128241981,3841.2635647052703,0.09812629597684451,2052.2738188101976,14,1,4,57,98.46370284000882,1594,252.0,2.0522738188101974,161.92257983455465,93149.23690413599,2727.368277641036,1500000.0,0.39137773099898765,0,14,52.7834958610253,9,E8,P3,marketplace,0.0,marketplace
15.095824239781846,42.88227059025053,14.011661580058217,40.86974501251484,24.976744757670804,62.19291532912957,27.42601681463816,40.78683058755105,46.45456998200632,78.9369979003606,17.967493542318106,31.074851169856515,6.488407996832422,14.252258256208734,9.718234008600374,42.88227059025053,0.6923076923076923,0.9397163120567376,78127.15549743046,1588758.265839218,1569992.3640492226,1711,0.9881883215379637,14765.901789995241,0.009293988964517242,4000.0,17.773224851418988,14.948668597828146,32.54701855380654,19.115195079876226,15.095824239781846,981.1156927404326,6443.911079201481,3341.494943561357,0.5185507531825578,3844.2365971558916,0.09586716750913286,1974.1796552995932,11,1,5,67,60.09629953532991,1565,252.0,1.9741796552995932,161.76778019497232,92774.21996695192,2737.551226469707,1500000.0,0.4064264806260022,0,10,30.803655313617806,10,E8,P3,marketplace,0.0,marketplace
5.860001314072807,15.2979171724337,10.052931270162958,25.103851573344286,4.3863653810644525,7.356202917492921,14.112371491469503,28.386513512719926,11.44740328022308,18.746653341732056,17.181518356529484,27.929223863948714,6.3893852753423355,6.913889134713601,8.383387634651902,15.2979171724337,0.9444444444444444,0.9721254355400697,111543.27783898677,1624921.920249499,1623921.920249499,1714,0.9993845858145317,0.0,0.0,1000.0,16.53044616881216,14.189344596313731,27.82441828551041,17.17898163324886,5.860001314072807,916.8095438135824,6533.788073557052,3370.591521347671,0.51587095929677,3830.2690267092444,0.09461962358110557,1935.2044871860287,10,1,13,58,61.46131207143856,1603,252.0,1.9352044871860286,156.37156030763566,88620.647651721,2865.4180624491823,1500000.0,0.38025868526577977,0,6,18.383273864466076,11,E8,P3,marketplace,0.0,marketplace
4.298378782866507,7.999056374797872,6.949800605060545,10.529034445408161,2.9339288334977027,2.9339288334977027,,,,,17.49884244769788,28.12865551754514,2.021359173487326,2.5177435532436903,8.27945657312338,7.999056374797872,1.0,0.9768518518518519,18023.744041762733,1518714.779790731,1501483.6889429558,1619,0.9886541626663109,14231.090847775113,0.009370482882728029,3000.0,17.32164861479079,14.195102506912008,27.939213532639226,18.0670748615513,4.298378782866507,894.2467334679595,5856.104820974511,3061.3690277550777,0.5227654082950033,3549.883345373863,0.08241331091817644,1598.6434963377021,4,0,0,58,0.0,1493,252.0,1.598643496337702,168.8987002415398,100752.02376796119,2517.0575638301098,1500000.0,0.42535084731472395,0,3,9.960101027585072,12,E8,P3,marketplace,0.0,marketplace
3.0052955847576484,6.261435986529615,5.592007203555432,9.608430298607052,5.5250537075248305,10.06916540585835,6.580756606874274,9.509427117372843,9.34331049319644,9.441936833787441,16.09594429995211,27.693471732051055,5.842580307417318,8.662313957323931,6.109557404640678,6.261435986529615,1.0,0.9966329966329966,91238.2981341862,1601282.5337738234,1599282.5337738234,1723,0.9987510011769838,0.0,0.0,2000.0,15.277688467763298,12.759380755778693,27.148389637635773,16.098881335558122,3.0052955847576484,832.9821778050422,6539.321870308718,3374.7466678213086,0.5160698211146454,3941.5850536086696,0.0922782561961454,1806.1036521647534,8,0,9,63,26.471674990614005,1601,252.0,1.8061036521647533,158.69997845425038,89291.37270370415,2842.448222790463,1500000.0,0.4088238833758948,0,11,39.398647794983276,13,E8,P3,marketplace,0.0,marketplace
6.430329569825569,11.099939953874582,11.291249568607403,25.488351520305894,9.507289748854545,30.385344228258873,30.608855312031412,62.476661149832765,4.8210074973128485,4.8210074973128485,19.157929059707808,35.81654701117158,15.793863383325025,47.61693081253092,9.924279068923369,11.099939953874582,0.975609756097561,0.9540983606557377,108277.73229511893,1623568.4454141085,1621568.4454141085,1739,0.9987681455588465,0.0,0.0,2000.0,18.560561268176524,14.205046049596604,35.57739781900564,19.809598150760994,6.430329569825569,1062.2335465684841,6599.05820249573,3383.606250614661,0.5127407800911649,3863.1781422507565,0.0924465127691884,1912.5920262000163,7,0,11,56,2543.3828904644224,1604,252.0,1.9125920262000162,156.5845664697533,87474.56215934141,2902.7020628429023,1500000.0,0.3995760661347224,0,14,38.81117117891777,14,E8,P3,marketplace,0.0,marketplace
12.440834919814389,33.05013690336346,19.028837266207322,51.84632682173442,13.43398032179134,40.37024825030085,18.399216347108442,47.33768127146895,30.78030650943371,49.04389927110024,19.105013622546227,35.62252012067839,10.633257034094848,34.01596638332832,11.994468596887225,33.05013690336346,0.775,0.943217665615142,142692.91995045857,1659042.555528634,1656042.5555286342,1752,0.998191728120534,0.0,0.0,3000.0,18.694441880410224,14.600534780069893,37.55277544608418,19.497944439998093,12.440834919814389,1066.1615074534607,6644.650854308092,3406.1547436217497,0.5126160603929028,3925.2155692155284,0.09858955402925142,2008.0273632915585,15,1,6,60,579.8336293048276,1628,252.0,2.0080273632915584,153.38254836223592,84149.95138446758,3018.516626382465,1500000.0,0.40906715081859124,0,7,22.43458937846546,15,E8,P3,marketplace,0.0,marketplace
40.194753705999865,131.59350809358222,68.66711645211188,120.85449421919839,70.47736889071945,141.6158983760346,35.942420607773215,89.34806770637499,,,18.054009509129383,31.958426260594493,3.020761066922003,4.672159705063496,15.538543084651135,131.59350809358222,0.7,0.889763779527559,48172.02414110696,1551004.9906443798,1548004.9906443798,1660,0.9980657702469715,0.0,0.0,3000.0,19.215597938104032,14.672391269188438,34.80706193955852,19.853528536717032,40.194753705999865,1004.7557264766656,6068.2101568125,3156.8043707077354,0.5202200136664247,3667.3793430987776,0.08817167359686624,1767.9672255073967,6,0,5,53,0.0,1510,252.0,1.7679672255073968,163.9322668590834,94788.80197610345,2677.1935285086,1500000.0,0.4110035027376232,0,12,36.349467489740846,16,E8,P3,marketplace,0.0,marketplace
3.5426341551762612,6.177274615874922,7.106719668010366,14.011597395101308,4.6435284152773635,6.105405601782881,15.766592465084443,29.901828651537784,15.323276223316384,29.3288233436404,16.999959119586013,29.259187695629045,4.891503047793005,11.89889669151362,6.741141224101327,6.177274615874922,1.0,0.9931972789115646,108753.96482816651,1618779.5327069117,1612058.491499321,1722,0.995848081179806,0.0,0.0,6721.041207590521,16.19043085324748,13.371047243726252,28.03420903629749,17.34110458273341,3.5426341551762612,894.6718942354787,6468.088017981019,3352.3768943805344,0.5182948786505478,3943.825548463658,0.09632326622362267,1876.624979565382,12,0,6,69,0.0,1580,252.0,1.876624979565382,157.48598845408105,88628.64827194763,2864.4984429929677,1500000.0,0.43286028588275993,0,10,26.642552825649922,17,E8,P3,marketplace,0.0,marketplace
5.831331304238719,12.121418687931055,5.600744774415579,11.270413879559783,12.193557308140157,22.41037117323431,19.162504921354184,21.475825217947296,84.03516298503655,84.03516298503655,17.789089713554134,30.624395736953197,3.342227234437445,6.807926445977046,7.334159370730568,12.121418687931055,1.0,0.9958847736625515,44452.613878874734,1549611.527047556,1548611.527047556,1659,0.9993546769738444,0.0,0.0,1000.0,17.45722180268687,14.187740737353124,30.308614134433174,18.81944968741597,5.831331304238719,949.1168143518335,5968.126702862121,3079.9911164305595,0.5160733459216768,3647.0884186415756,0.08653747420804925,1660.9332706122914,6,0,4,61,47.66193585012884,1517,252.0,1.6609332706122912,163.79894430607754,95168.89913015267,2665.3763528745503,1500000.0,0.4241114664900736,0,6,14.813666487209016,18,E8,P3,marketplace,0.0,marketplace
7.9956563844466295,19.55573980875143,10.939731332244175,21.16726067935822,5.043925149988895,6.211458270537151,8.252182302831796,11.209425576506334,4.300086812546397,4.300086812546397,18.70048293204445,32.97871448914921,6.206644407377595,14.293149790020653,8.038031912924847,19.55573980875143,0.9210526315789473,0.9620689655172414,87841.34456932086,1606256.9135860626,1605256.9135860626,1723,0.9993774345862472,0.0,0.0,1000.0,17.88978586710631,14.037539360142318,32.12133263151527,18.645216248975363,7.9956563844466295,979.4369976258729,6568.098152721624,3393.252863138033,0.5166263938567925,3929.070511451076,0.09734767880954984,1913.801269376889,11,1,6,62,0.0,1592,252.0,1.9138012693768889,158.1764259168623,89054.49479369378,2851.2182552671925,1500000.0,0.41123293304719855,0,13,34.1602923998683,19,E8,P3,marketplace,0.0,marketplace
4.471278002655599,7.039916505903876,10.697946522142974,16.941825487298143,29.211752376349967,80.91645032647045,34.34530274162444,85.45377057041199,20.905330007459042,39.3952106271644,18.814565803074487,35.411769232598715,3.9714655677270003,5.6802234108287895,10.812421168934552,7.039916505903876,0.9642857142857143,0.946360153256705,80793.2701575543,1590649.44826436,1588649.44826436,1683,0.9987426519386894,0.0,0.0,2000.0,18.510580237736384,14.375323666628901,35.4117692326012,19.741340259852247,4.471278002655599,1040.4456073307128,6219.159324121065,3228.717079465878,0.5191565147628989,3758.133459027617,0.092302582927011,1966.0180837232604,9,1,4,52,0.0,1552,252.0,1.9660180837232604,159.86284347449188,91232.57179507794,2783.720913339691,1500000.0,0.3856930492313221,0,11,27.706455032650798,20,E8,P3,marketplace,0.0,marketplace
6.281818572554511,11.190534052578476,7.4773813311141195,12.350461075186557,6.684088471744737,14.45072212398227,9.856479682197687,19.21478483730243,4.923575236351553,4.923575236351917,18.782688321845878,33.199799560101155,6.746196466697853,18.57531699691755,8.624842854948842,11.190534052578476,0.9791666666666666,0.9776357827476039,101795.26384377985,1612089.748972065,1595308.3407910222,1745,0.9895902767251368,14781.408181042894,0.009169097558289251,2000.0,17.781095376320092,13.66449291146796,32.20839931255234,18.718686847521916,6.281818572554511,995.862946507616,6647.081675447849,3424.5599644286476,0.515197515486812,3876.01448073669,0.0941538995357554,1959.124151679209,10,0,4,62,413.0811185964314,1611,252.0,1.959124151679209,159.19124701984282,90044.54224386062,2820.3722049460976,1500000.0,0.3826739520102338,0,11,39.02891734955489,21,E8,P3,marketplace,0.0,marketplace
3.047864850466712,4.995980005051251,4.023696343668986,5.5024623663739485,11.636391854071308,34.961720730932306,5.212163049455739,5.212163049455739,,,18.621224187569908,32.27281936585496,3.2414589459360865,5.169029540106226,8.345168244453424,4.995980005051251,1.0,0.9764705882352941,26819.936004901418,1529389.3707573186,1527389.3707573186,1662,0.9986922885445387,0.0,0.0,2000.0,18.10150909068236,14.689287920452443,32.10927655126689,19.069716656058134,3.047864850466712,980.1112048193787,6084.177947309435,3159.46813778103,0.5192925264748741,3683.451276884912,0.08692053850191224,1674.2551134055236,9,0,1,56,0.0,1549,252.0,1.6742551134055237,166.08355404989322,97922.29347940498,2590.5669291412,1500000.0,0.4161216311044498,0,6,14.987459172712168,22,E8,P3,marketplace,0.0,marketplace
5.602100409636865,7.990740086664118,13.48049977982336,53.372286749256546,3.4965856701045595,6.6569133921004315,4.876301303517114,5.070817646590877,5.244145454433692,5.730057158137515,17.781246375375215,32.96511652833446,7.64230874697563,17.535707548736582,7.451570464906171,7.990740086664118,0.9259259259259259,0.98046875,66305.29979334184,1572295.0317663788,1570295.0317663788,1672,0.9987279741018115,0.0,0.0,2000.0,17.292952653295718,14.090042680185888,32.27281936585496,17.97797359118804,5.602100409636865,918.6229213628632,6143.505659344956,3210.9298390801105,0.522654330788469,3700.366280897727,0.0902131115701733,1801.8974252847875,12,0,1,58,312.2946116021637,1543,252.0,1.8018974252847875,161.62688685309695,93497.82062955046,2714.522068176094,1500000.0,0.40781764571630297,0,15,45.86599119081575,23,E8,P3,marketplace,0.0,marketplace
17.87095175601106,58.60997215142632,21.736795934843894,59.17437107007264,16.134408311863655,47.8697116414297,76.91542505545294,118.71121747448906,4.316397158093423,4.316397158093423,17.49425636260385,29.341385635915387,4.840649855695841,5.135934104276748,9.382274556776604,58.60997215142632,0.7586206896551724,0.9397590361445783,40971.19198450468,1549122.7235720013,1547122.7235720013,1665,0.9987089467028226,0.0,0.0,2000.0,17.47371163222411,14.003535963225659,31.352216641019965,18.516603636703852,17.87095175601106,924.0997541540509,6064.146516718135,3167.4056814965274,0.5223168128877435,3617.2857766793622,0.08707922849128605,1642.8257116982413,10,0,3,62,0.0,1517,252.0,1.6428257116982412,163.9448647784624,95460.75883872673,2657.037601599285,1500000.0,0.4296112041711315,0,7,23.971517569169524,24,E8,P3,marketplace,0.0,marketplace
29.276630624150773,111.27911918494456,12.996650751271622,42.02270822266293,5.999472165511254,6.396466139926452,55.31269889756196,152.18964795113783,9.294772713122256,9.294772713122256,17.989799371966058,31.64286203753164,7.608813788726934,15.612266796436556,9.644909480798226,111.27911918494456,0.6956521739130435,0.9453125,77024.21305695022,1590717.1925351804,1589717.1925351804,1676,0.9993713527428428,0.0,0.0,1000.0,18.09444541389994,14.185220377174574,32.27281936585439,19.32184962947893,29.276630624150773,1003.6865963440804,6113.853515403494,3177.515959582078,0.5197239272377909,3623.4260621656776,0.08835922886743611,1754.1650647119122,9,0,4,57,0.0,1541,252.0,1.7541650647119122,159.622205922074,91456.77131363856,2774.5803992412602,1500000.0,0.41281055515286447,0,5,11.459268114249259,25,E8,P3,marketplace,0.0,marketplace
5.086223069574385,13.679885254426793,10.433605597701343,24.869811840941658,9.084325070376822,13.18381092649288,5.761967066451689,6.631306202329506,41.69262186903052,41.69262186903052,17.67843450473771,29.846416207299992,3.1031262055660807,4.4320802884656585,7.287464222638568,13.679885254426793,1.0,0.9959016393442623,60773.337476461245,1568414.1462153625,1551792.3518766356,1659,0.989402164996512,13621.794338726966,0.008685074902950108,3000.0,17.27073703631608,14.34365776498089,29.455385599333933,18.104607926579884,5.086223069574385,898.1582275515301,6062.332664504965,3155.6592617003175,0.520535483012462,3611.8553689738774,0.09183782210034405,1769.2824688429223,14,1,6,52,0.0,1525,252.0,1.7692824688429223,163.53301533027343,95541.36056758864,2656.1196215048603,1500000.0,0.4215405604213901,0,7,19.52037060221714,26,E8,P3,marketplace,0.0,marketplace
2.6163244637694234,3.9359317607558753,3.5892171121933645,4.283848344943181,4.531425735025493,6.1930347138830255,,,,,18.32972675813801,32.115357937752954,6.700031307569522,17.763858902347152,8.204121140348466,3.9359317607558753,1.0,0.9653679653679653,13735.182660926428,1515300.790657525,1515300.790657525,1643,1.0,0.0,0.0,0.0,17.964145999020822,14.471728524863465,32.08684241927949,18.828673859371175,2.6163244637694234,939.9721583249799,5994.413024239916,3125.7167040267514,0.5214383278875062,3549.1389491914233,0.08532336894086207,1670.9549669865396,9,0,1,58,31.69680174720179,1518,252.0,1.6709549669865396,167.40633709886254,99290.07644997255,2554.847010262894,1500000.0,0.4090000916336721,0,8,25.369974279844016,27,E8,P3,marketplace,0.0,marketplace
9.321697660528873,29.58145607867155,7.042361072962679,8.14352801999112,11.850525296233942,29.375708450884314,30.082428384991697,63.214142621946394,70.7117819623113,83.96031036722752,16.73083005294875,28.048313303999485,3.9339260109959593,6.156075692478593,7.771771745904409,29.58145607867155,0.84,0.9845559845559846,68581.49159832505,1577899.8491911527,1574899.8491911527,1676,0.9980987386483763,0.0,0.0,3000.0,16.473393345867322,14.026930487068057,28.300548338913813,18.113403794368377,9.321697660528873,920.8140792960286,6143.531861063339,3171.948601942429,0.5163070158463244,3696.231503672414,0.09442097790707892,1830.6511751353303,13,1,7,75,0.0,1535,252.0,1.8306511751353303,161.17256681781979,92564.72641185731,2742.196309701622,1500000.0,0.4148195621544176,0,10,30.682440807143035,28,E8,P3,marketplace,0.0,marketplace
9.841358336198807,43.82175795174953,10.170284979491907,13.720024892689615,31.025460676613392,108.88102322523264,15.2840541193153,43.06886642721228,61.40053419143002,116.57835684725897,17.284630786016127,30.1690603749973,6.141174176206471,7.994517779900705,9.685354803139154,43.82175795174953,0.8571428571428571,0.9438202247191011,112356.63513066774,1624886.1453492267,1624886.1453492267,1680,1.0,0.0,0.0,0.0,17.300369414950445,14.060887358017112,31.07668741099933,18.761691056904866,9.841358336198807,1008.7919507466834,6344.909407152696,3279.5453981760575,0.5168782070361768,3813.576173103768,0.09408215030501214,1914.1742827979715,10,0,12,65,0.0,1564,252.0,1.9141742827979715,156.26582515307604,86807.76153963908,2925.0169544672913,1500000.0,0.400974688613815,0,9,28.60513937466419,29,E8,P3,marketplace,0.0,marketplace
3.0056406808703597,5.078753569144055,2.8958382658067023,3.8085398621042827,3.3815119238367566,5.3214343921699765,,,,,5.5578135025270266,10.19996711388167,8.028329642288615,12.787451605011574,9.35453375768982,5.078753569144055,1.0,0.9581589958158996,12966.277020972228,1514488.940738426,1514488.940738426,1652,1.0,0.0,0.0,0.0,5.517865101744553,1.7691273463417474,10.100900394941437,5.250783668989023,3.0056406808703597,173.0785329562158,6284.542389286877,3192.1638525925273,0.5079389484322899,3749.2167933899937,0.08359102691939678,1413.780924986258,11,0,0,0,135.99561559414724,1651,252.0,1.4137809249862578,167.32626703858807,99329.69536579926,2551.238881703452,1500000.0,0.4436925785212906,0,10,31.575295708107898,0,E8,P3,no_bundling,0.0,no_bundling
4.538789200016421,10.41127821507871,5.544145179047124,10.380272325027999,6.178650701566367,7.759804896931928,6.48337343681363,8.87659000644444,,,6.430683398162001,13.77456498657388,8.9460907861879,25.49891207808446,9.654104071839892,10.41127821507871,1.0,0.9457627118644067,100709.15434103922,1615590.1093808752,1615590.1093808752,1722,1.0,0.0,0.0,0.0,6.419063849634265,1.7691273463418042,12.508105790534488,6.185147118323252,4.538789200016421,232.69760917632107,6813.152433999756,3459.4283477656313,0.5077573680139614,4012.264426663406,0.0933310207778585,1637.4041068575252,17,0,9,0,1512.0696853697495,1719,252.0,1.6374041068575251,156.99365986095086,87505.1456548386,2898.5427337875944,1500000.0,0.42620971186834944,0,11,36.67259446090819,1,E8,P3,no_bundling,0.0,no_bundling
37.831532699555865,105.43332957196336,49.17429465351349,117.17144129846656,16.63765399213168,76.35125192018992,10.016315065892353,12.577523746572297,65.05436697530604,106.2641032435029,5.886425653675662,9.35695099830714,9.653300141133188,26.795972005686963,11.653781527947213,105.43332957196336,0.625,0.9007352941176471,76800.1464189748,1590664.735403459,1590664.735403459,1695,1.0,0.0,0.0,0.0,7.07053526971794,1.7691273463417474,12.55130188669979,6.943314920685501,37.831532699555865,291.9719866174289,6543.665288677834,3294.5255593251645,0.5034679211092157,3816.087889742951,0.08519778291861473,1448.6788134438534,9,0,9,0,629.1551639054516,1693,252.0,1.4486788134438535,159.33507116391732,90585.83022293997,2797.884373192624,1500000.0,0.44580064615008186,0,7,22.73112529314366,2,E8,P3,no_bundling,0.0,no_bundling
11.17595420691899,47.38775175203292,18.719993533227278,35.154061557157405,11.484480047296438,26.111399470795373,18.73807091833393,26.693434886696558,26.435420828863403,37.1323361787192,5.984754959675151,10.141113844851242,3.3223893830720876,4.889481901722104,12.630155617114248,47.38775175203292,0.8666666666666667,0.9269102990033222,100592.7237119158,1620301.3378479234,1620301.3378479236,1738,1.0000000000000002,0.0,0.0,0.0,6.417064959984416,1.76912734634179,13.47747956475612,6.388913847959521,11.17595420691899,250.50863172463156,6928.720165971823,3521.4638758590695,0.5082416076137127,4011.996390845043,0.08996048299932798,1616.6334494078346,7,1,5,0,0.0,1738,252.0,1.6166334494078345,156.52436218207424,87365.31822753018,2902.944081184486,1500000.0,0.42403663285511606,0,7,19.768886541170755,3,E8,P3,no_bundling,0.0,no_bundling
9.366421617717707,18.047834653262495,4.418987706920423,7.0332488325063425,5.913638496171934,13.431628608145605,12.568003247743556,24.27942217375185,27.281498827408768,42.69895437436776,5.949722039865813,11.795305712951201,4.54723973202417,9.231018441012566,9.69631930190455,18.047834653262495,0.8979591836734694,0.9423076923076923,111662.5896233039,1623342.6880805425,1610289.3690109344,1750,0.9919589873626483,13053.319069608136,0.00804101263735171,0.0,6.045738120365117,1.7691273463419748,11.90879695781683,6.0338569594535585,9.366421617717707,223.34891757907408,6967.644676659179,3511.13295714083,0.5039196342636024,4078.1008059311407,0.0934770143360608,1631.749010656315,14,1,10,0,74.75263535818381,1749,252.0,1.631749010656315,157.5069387475625,88838.77743938868,2854.9666747012543,1500000.0,0.4279042347613041,0,10,32.5159049125253,4,E8,P3,no_bundling,0.0,no_bundling
9.487579741754733,8.11363298564629,8.843779822349727,16.79982324459281,18.364718581462377,77.80752925533525,16.652403931055737,36.582088278812755,38.88526608010087,38.88526608010087,5.424045319124991,9.11223240571859,8.473174408787674,18.414005605571585,10.320596409448678,8.11363298564629,0.9032258064516129,0.9236363636363636,69345.69733877359,1581071.8908623361,1567559.6627648063,1701,0.9914537547750848,13512.228097529805,0.008546245224915148,0.0,5.7533668423862885,1.7691273463417474,10.22821847022351,5.819402252452398,9.487579741754733,219.57961211744032,6694.014960236728,3371.28082120842,0.5036261259101216,3885.482252880103,0.08441777044797313,1445.598050784443,7,0,6,0,0.0,1701,252.0,1.445598050784443,161.6816278646556,92987.15139843056,2725.5980448828127,1500000.0,0.4431549610265719,0,12,39.543868195662085,5,E8,P3,no_bundling,0.0,no_bundling
3.034102629819068,5.6455941909665395,3.604492507532017,4.842725514448216,3.173179637364848,5.1547991671477575,5.991445029897704,6.385415085013529,7.411837548079575,9.786052213896301,5.254442083693223,8.712356609241883,3.8289437386967573,6.161002164847652,7.6929621246253905,5.6455941909665395,1.0,0.9738805970149254,68462.89817107105,1574237.3856304632,1560296.932096663,1695,0.9911446306249312,13940.453533800395,0.008855369375068811,0.0,5.157336360461606,1.7691273463417474,8.364018324667656,5.061753772409337,3.034102629819068,162.65125270558184,6596.164873279027,3362.725122594868,0.5098000409627753,3903.3311863816375,0.08585225931351494,1514.0297367086564,8,0,3,0,0.0,1695,252.0,1.5140297367086564,162.4780671689503,94803.6043154631,2674.096956199363,1500000.0,0.42356314782498217,0,16,53.78836471379852,6,E8,P3,no_bundling,0.0,no_bundling
6.289917570793596,14.539140268300073,13.824285180827673,18.306909707450526,4.660393746784227,9.259586087802068,27.769464763499627,42.33365074191832,24.402022698311157,24.402022698311157,6.043984265671458,11.301182698243712,13.16199905255379,27.94677900648651,10.70021294701459,14.539140268300073,0.9565217391304348,0.9402390438247012,66661.68215178815,1575781.2122211275,1561645.4313835679,1672,0.9910293505672436,14135.780837559716,0.008970649432756442,0.0,6.230413370974418,1.7691273463417474,11.825448107283927,6.2014248649956505,6.289917570793596,245.68664191781522,6412.468653492924,3254.8208812628636,0.5075768876452809,3777.471667210031,0.08056864017554229,1326.2092786519738,6,0,2,0,309.1929719802261,1670,252.0,1.326209278651974,162.2174945654681,93432.65155550922,2711.324200492678,1500000.0,0.46099126118621336,0,15,50.70334647215616,7,E8,P3,no_bundling,0.0,no_bundling
8.839325622250488,33.51879110309738,12.22282656505693,18.2262995531753,7.280193418237106,13.928025448530024,27.91020306336884,41.04877993289811,,,6.161603402685495,11.161283666344401,5.5398754453135215,11.624223736082971,9.86931098241608,33.51879110309738,0.8571428571428571,0.940959409594096,53177.689805350616,1556757.0832136883,1556757.0832136883,1688,1.0,0.0,0.0,0.0,6.335702288383445,1.769127346341751,12.48090567272652,6.223131906232779,8.839325622250488,225.06305757233528,6568.103908461543,3327.4560913684086,0.5066083207182092,3784.607257953537,0.09285001671397661,1640.978440864303,14,2,5,0,210.64073295019082,1687,252.0,1.640978440864303,162.92906656783026,94559.40943481016,2682.3452045322465,1500000.0,0.4273654017390338,0,18,64.48869593096934,8,E8,P3,no_bundling,0.0,no_bundling
16.921002562430427,54.98962537735029,23.414523189828284,63.793191079953985,8.236842171605712,18.509206836848737,49.60059241992955,54.03117661794531,73.63808293424017,97.64502170027163,5.767974386083735,10.116674305608147,5.115175508005756,12.206885054106351,11.326704677308886,54.98962537735029,0.7045454545454546,0.9100346020761245,79011.77333131488,1584037.482643687,1570973.72854601,1717,0.9917528756479461,13063.754097676843,0.00824712435205386,0.0,6.454404187784317,1.7691273463419748,13.134387109993078,6.87099814059141,16.921002562430427,277.65186044265283,6754.256531733543,3424.6887057314934,0.5070415507082487,3958.5147906069546,0.09062252257137907,1590.1237138103706,11,1,4,0,0.0,1717,252.0,1.5901237138103705,161.42225621335928,92869.79538380163,2730.5984972380115,1500000.0,0.4284789099782035,0,16,48.374025915834956,9,E8,P3,no_bundling,0.0,no_bundling
15.208477180485302,49.0384027849912,16.111163294055814,56.91356299868221,24.94227677510953,58.85985394254944,27.084407950329403,40.034664280816244,47.897119771264215,82.53391233929628,6.017287466711236,12.370106837442748,5.100956988472445,11.495840005034097,12.585864769742292,49.0384027849912,0.717948717948718,0.9042553191489362,78127.15549743046,1588758.265839218,1573992.3640492226,1715,0.9907060110354827,14765.901789995241,0.009293988964517242,0.0,6.628691180592024,1.7691273463418042,15.130061914785172,6.760969898212278,15.208477180485302,274.05067798206375,6745.09894809495,3398.8146785171225,0.5038939687426032,4001.0495417172738,0.08854223832618775,1547.0520981591142,10,0,4,0,659.0771767881532,1714,252.0,1.547052098159114,161.08531266688541,92400.13636634339,2744.0116656636587,1500000.0,0.4279092259536338,0,13,36.220079373836796,10,E8,P3,no_bundling,0.0,no_bundling
5.9339836179485514,12.86429122939171,12.810202136444016,38.607982525195084,4.511435538987344,8.271954457971335,14.290628502751815,28.866019533263266,11.72403355253482,19.768346566884613,5.674374235703882,9.771003949385344,7.3375069332479965,17.51645074375302,10.87223266204665,12.86429122939171,0.9166666666666666,0.9442508710801394,111543.27783898677,1624921.920249499,1624921.920249499,1715,1.0,0.0,0.0,0.0,5.855748848959634,1.7691273463417474,10.64395626239525,5.7095534584551935,5.9339836179485514,210.82212056615245,6801.48510584142,3449.886652098932,0.5072254953754166,3997.4905712666223,0.0892742785023038,1585.871733167722,8,1,13,0,61.46131207143856,1714,252.0,1.585871733167722,156.06034269894693,88473.03280408206,2866.250468600049,1500000.0,0.4426593324086435,0,8,28.587220406464226,11,E8,P3,no_bundling,0.0,no_bundling
5.126179298107786,9.200818208349391,19.15009469372431,45.80962879285765,2.614258153135779,2.614258153135779,,,,,5.992170355770492,10.558339060395294,1.9139924179838392,2.5177435532436903,10.369962611340437,9.200818208349391,1.0,0.9398148148148148,18023.744041762733,1518714.779790731,1504483.6889429558,1622,0.990629517117272,14231.090847775113,0.009370482882728029,0.0,6.027515955076916,1.7691273463417474,10.554294539671675,5.717199294327844,5.126179298107786,209.79394530534913,6119.769240754572,3126.497516069414,0.5108848705027176,3697.999289556053,0.07718322882531709,1265.9546683221588,3,0,0,0,0.0,1622,252.0,1.2659546683221587,168.3407779889364,100457.7075362362,2521.1201895779514,1500000.0,0.44035494777404094,0,5,15.479820626078865,12,E8,P3,no_bundling,0.0,no_bundling
4.091078855154681,6.190560040545917,4.301188910790362,7.398219035119747,5.511593397620337,9.554586800143083,6.034768525511754,8.214642192771727,8.479171600698919,9.655629375100489,4.5359122768922,7.865688461005463,5.586265244039982,8.268471788201623,7.815927474857593,6.190560040545917,0.9545454545454546,0.9696969696969697,91238.2981341862,1601282.5337738234,1601282.5337738234,1725,1.0,0.0,0.0,0.0,4.563832694000672,1.7691273463417474,7.987057199927225,4.382056967780687,4.091078855154681,122.09018965395826,6856.902181530193,3498.4548795600895,0.510209244195368,4088.8831579494495,0.0871746621181081,1405.3738066969113,8,0,10,0,0.0,1725,252.0,1.4053738066969113,158.2515068152799,89000.23573145595,2847.2438496826826,1500000.0,0.45604731686465894,0,15,49.41296794553374,13,E8,P3,no_bundling,0.0,no_bundling
5.838387174495737,8.222775436755,10.980184412574621,22.589070785703775,11.161766436757931,31.280806337395234,30.337877607393214,62.35810449546443,5.820544979587339,5.820544979587339,6.563445936127912,13.089591301519285,16.31089133865541,50.73678935538521,11.270401344824629,8.222775436755,0.975609756097561,0.9442622950819672,108277.73229511893,1623568.4454141085,1623568.4454141085,1741,1.0,0.0,0.0,0.0,7.007564157208119,1.7691273463419748,16.341673678434745,7.312881810323937,5.838387174495737,324.6979641064248,6928.398575877585,3474.859243844364,0.501538588721308,3992.3896928929894,0.08642568971707469,1601.085009669421,6,0,10,0,1785.8233305201911,1737,252.0,1.601085009669421,156.1998114252496,87317.16615416926,2904.3668751446344,1500000.0,0.42459675045159007,0,11,32.15760199960318,14,E8,P3,no_bundling,0.0,no_bundling
19.764938132196484,62.708599506548175,27.479544672891635,76.90546441854485,15.551586095310169,46.87446675925548,21.435499539937556,57.521674200510084,37.365192159582875,52.99483066118974,6.287460617438045,12.788860535342387,13.887103634850213,34.66832393642282,14.569673047697453,62.708599506548175,0.725,0.8832807570977917,142692.91995045857,1659042.555528634,1659042.5555286342,1755,1.0000000000000002,0.0,0.0,0.0,7.452991500438029,1.7691273463419748,17.72413065880258,7.336588320418711,19.764938132196484,314.7228956421422,7010.911652024852,3529.2561783768388,0.5033947585628952,4096.49126266547,0.09530592023437379,1803.5317159286053,15,0,7,0,1196.211715910079,1751,252.0,1.8035317159286053,152.98192977036513,83969.19006740634,3022.5792521303065,1500000.0,0.4129226542307466,0,10,31.100191228296,15,E8,P3,no_bundling,0.0,no_bundling
41.00394623993012,134.16168946787474,75.28420004572844,141.73210631142683,70.19829697728119,131.4550668899392,65.62559706434956,128.21515450456317,,,5.893675105244503,10.473375061370842,2.665792436523361,3.484249029476541,19.029010760558958,134.16168946787474,0.7,0.8464566929133859,48172.02414110696,1550131.123369427,1550131.123369427,1662,1.0,0.0,0.0,0.0,7.644917852074394,1.7691273463417474,13.4522151555585,7.444419110654477,41.00394623993012,318.05484623080855,6403.765531529438,3255.577022964097,0.5083847943737181,3800.809507904417,0.08354016458248022,1462.8934799092751,5,1,3,0,0.0,1662,252.0,1.4628934799092752,163.5106151078189,94638.36645861767,2678.2255755728884,1500000.0,0.4391447299630691,0,9,29.172773854889787,16,E8,P3,no_bundling,0.0,no_bundling
4.846833459577766,8.22384697110888,6.875347381853729,12.764504476795265,4.753475685939132,6.987794987114377,14.90897325489766,27.487231582801357,15.29502810314068,29.057926198931096,5.209441844791392,9.384948939624948,12.488707314758187,22.86771540649499,8.866628184432892,8.22384697110888,0.98,0.9627118644067797,108753.96482816651,1618779.5327069117,1618779.5327069117,1724,1.0,0.0,0.0,0.0,5.384030525044148,1.7691273463418042,9.81529100221942,5.867011459841943,4.846833459577766,213.91811132343622,6764.3720534054,3422.002654992434,0.5058862268330864,4069.5373933791766,0.09029446100364907,1601.3427098112124,9,0,6,0,124.01111868082965,1723,252.0,1.6013427098112125,156.66206397219568,88111.60019489244,2878.1833736860417,1500000.0,0.4275299507588234,0,8,24.888378364338426,17,E8,P3,no_bundling,0.0,no_bundling
14.493418686407205,23.62391260199248,4.740630176431478,8.920431378593277,26.626617736738428,74.49737500258671,39.15814695934682,68.99006873928812,87.53617556247809,87.53617556247809,5.8533578966131135,10.51562359856972,2.709238571899448,4.315273887681542,12.849795069297334,23.62391260199248,0.8636363636363636,0.9053497942386831,44452.613878874734,1549611.527047556,1549611.527047556,1660,1.0,0.0,0.0,0.0,6.213835536117599,1.7691273463417474,12.59343948255702,6.58623088164884,14.493418686407205,260.6488801953859,6287.541545741747,3167.7836904553783,0.5038191266665694,3721.7407405342537,0.0821218927639939,1354.530727776197,5,1,5,0,47.66193585012884,1659,252.0,1.354530727776197,163.49551245949206,95024.26614950635,2666.2087590254164,1500000.0,0.4593350575497305,0,7,23.97151756916952,18,E8,P3,no_bundling,0.0,no_bundling
7.372901071356227,10.715183868586715,15.401057258009862,54.766335976982674,4.866674868390871,9.877485363207782,13.502201784627788,40.5552894362083,4.300086812546397,4.300086812546397,6.017430726062878,11.440420176821412,7.12088241833982,18.26679580675264,10.68288098029309,10.715183868586715,0.9473684210526315,0.9344827586206896,87841.34456932086,1606256.9135860626,1606256.9135860626,1724,1.0,0.0,0.0,0.0,6.200013394561913,1.769127346341758,12.040729117903998,5.915092139046061,7.372901071356227,216.06283351368313,6801.235489948198,3410.388929980038,0.5014366779418798,4012.7406820709207,0.08984036600994119,1537.735716681938,12,0,8,0,141.4264891654217,1722,252.0,1.5377357166819379,157.84382533840375,88847.87918614516,2853.6160687133015,1500000.0,0.43693076173170453,0,14,38.94171976832689,19,E8,P3,no_bundling,0.0,no_bundling
3.719848999703302,7.455110151377259,19.361937632783317,55.36013102334753,45.125905303950105,112.55965335132677,33.16126495638241,83.32124113887332,20.712605006885042,39.3952106271644,6.162099060179775,11.7003804389548,3.5877330202820303,5.077394958868218,14.561135479481827,7.455110151377259,1.0,0.9118773946360154,80793.2701575543,1590649.44826436,1590649.44826436,1685,1.0,0.0,0.0,0.0,6.707285451418949,1.7691273463418042,12.711867598441875,7.072154716601056,3.719848999703302,298.7906810663076,6466.583419850611,3277.868770504731,0.50689344862429,3867.7518044173426,0.08453521015378941,1503.1225742499144,9,0,3,0,0.0,1685,252.0,1.5031225742499144,159.3708298524608,90960.73468182003,2786.951132936667,1500000.0,0.423402462943928,0,7,24.62843489287854,20,E8,P3,no_bundling,0.0,no_bundling
9.335884158682061,12.717337736468929,9.024866948528985,20.434324488026597,7.060209043555982,13.470444610764028,12.188147509185733,24.40135117849477,4.923575236351553,4.923575236351917,6.317790109601081,12.810878033293164,5.263632242028422,8.327839578849035,10.883112694834022,12.717337736468929,0.9583333333333334,0.9424920127795527,101795.26384377985,1612089.748972065,1597308.3407910222,1747,0.9908309024417108,14781.408181042894,0.009169097558289251,0.0,6.466462570384718,1.7691273463418042,13.195304328777828,6.130929162729657,9.335884158682061,239.67097419640598,7003.36552898614,3527.263641465793,0.5036526548367134,4064.8933186146123,0.08946533528227596,1667.035866608064,8,0,5,0,684.0752160363638,1746,252.0,1.667035866608064,158.80905983436273,89838.08544067868,2823.602424543073,1500000.0,0.4232351617334056,0,13,50.878619835985965,21,E8,P3,no_bundling,0.0,no_bundling
3.158672038207112,5.241810152971084,4.2287378200128325,6.1556892350003185,11.080096854515148,28.58025843069111,5.212163049455739,5.212163049455739,,,6.163794326093848,11.552599707045072,4.2408793057255325,8.69003806977512,10.05755864133451,5.241810152971084,1.0,0.9490196078431372,26819.936004901418,1529389.3707573186,1529389.3707573186,1664,1.0,0.0,0.0,0.0,6.1277342716820264,1.7691273463417474,11.076516314338505,5.906623946433274,3.158672038207112,221.96922882314894,6290.585539046797,3186.54534625841,0.5065578278013946,3721.4953333775497,0.08093566507125147,1329.4348456784794,9,0,1,0,71.06334407954427,1663,252.0,1.3294348456784795,165.64090197660752,97667.40431838227,2593.7971487381756,1500000.0,0.4702171667224112,0,7,18.09816548229415,22,E8,P3,no_bundling,0.0,no_bundling
7.67268308662728,7.990740086664118,25.230834693189454,108.80944930558144,2.8750407758546923,3.6497584962264225,4.876301303517114,5.070817646590877,5.004392444162022,5.2985017396485095,5.967241078589866,12.946235252191116,8.450371769633648,22.218133852988558,10.184851921913062,7.990740086664118,0.9259259259259259,0.953125,66305.29979334184,1572295.0317663788,1572295.0317663788,1674,1.0,0.0,0.0,0.0,6.114251254156894,1.7691273463417474,13.095765042592177,5.8151071787563495,7.67268308662728,208.96254717739967,6436.270306837722,3287.367141208985,0.5107565382573466,3775.730045730336,0.08611196469177815,1521.413998109322,10,1,1,0,3027.1133653984434,1670,252.0,1.521413998109322,161.24290217548628,93283.48839542147,2717.75228777307,1500000.0,0.43124770038695526,0,11,37.131607749820006,23,E8,P3,no_bundling,0.0,no_bundling
17.664765121776366,54.19787551998105,22.2707502747857,59.27053349866038,15.423164510905906,49.91567301149881,76.27319306968366,116.81702369015821,4.757443431199135,4.757443431199135,5.295003851568336,9.601686827901325,5.008073783816599,4.593214555750819,11.3826167659382,54.19787551998105,0.7241379310344828,0.9236947791164659,40971.19198450468,1549122.7235720013,1549122.7235720013,1667,1.0,0.0,0.0,0.0,5.75850651080431,1.7691273463416337,10.439169102470927,5.760514333787822,17.664765121776366,213.36133067874508,6325.799536170941,3200.4397449988583,0.5059344240516529,3747.4878792712784,0.08114829440808101,1291.7542821263328,8,0,3,0,0.0,1667,252.0,1.2917542821263328,163.5065772568881,95212.8775396106,2660.267821196261,1500000.0,0.4565210465511037,0,9,28.464589398525913,24,E8,P3,no_bundling,0.0,no_bundling
34.958041923849784,100.1300341182905,27.823501092723347,105.59168875509016,6.061911315489586,6.052421371294486,55.18821242151729,110.2263631204567,7.2997111073673295,7.2997111073673295,5.896796664540303,11.997513905173227,5.720219747749138,11.039203864832963,12.67962874482999,100.1300341182905,0.6521739130434783,0.88671875,77024.21305695022,1590717.1925351804,1590717.1925351804,1677,1.0,0.0,0.0,0.0,6.716715917869762,1.7691273463417474,12.72030108447859,6.941492740879465,34.958041923849784,289.221240292699,6391.214017037894,3225.4029924177653,0.5046620225546175,3716.974526166563,0.08358532681800386,1395.6363491022828,12,0,4,0,186.93244931793836,1676,252.0,1.395636349102283,159.29647176645963,91300.16113523736,2775.4128053921263,1500000.0,0.45045656598421535,0,3,8.381909969122162,25,E8,P3,no_bundling,0.0,no_bundling
7.7982710965647355,18.651852299617538,16.91631478210517,37.43838743889537,19.29493072025945,54.36273356779203,4.77163645110295,4.848711094701775,39.71196063833304,39.71196063833304,6.31704330745797,13.194526299979682,2.753417646287209,4.177641169560957,11.570898300443972,18.651852299617538,0.95,0.930327868852459,60773.337476461245,1568414.1462153625,1554792.3518766356,1662,0.9913149250970499,13621.794338726966,0.008685074902950108,0.0,6.475558952944518,1.7691273463416337,14.718660535989848,6.233065178172422,7.7982710965647355,238.89993715211324,6376.0168887752625,3252.712303832353,0.5101480062825163,3679.3504245143126,0.08360775028157505,1401.4184074171203,14,0,5,0,0.0,1662,252.0,1.4014184074171203,162.9808752928077,95257.16468077211,2660.1822472527024,1500000.0,0.44322056035947266,0,8,25.58047162980221,26,E8,P3,no_bundling,0.0,no_bundling
2.6232522743831304,4.231452433788627,3.3199925044702483,4.2522117733497,4.505756533020929,6.081453153148504,,,,,6.729989282188926,16.07658683348521,6.088383935305283,11.55161210532924,11.004186718693177,4.231452433788627,1.0,0.9307359307359307,13735.182660926428,1515300.790657525,1515300.790657525,1643,1.0,0.0,0.0,0.0,6.661648481942716,1.7691273463417474,15.181932964640145,6.375310026506731,2.6232522743831304,250.2098615739431,6200.530957677316,3137.274650494794,0.5059687100844666,3623.549151199945,0.0792165290573761,1350.3925387743875,8,0,1,0,213.64593936436083,1640,252.0,1.3503925387743874,167.194786738572,99164.6041900194,2554.847010262895,1500000.0,0.446072663162685,0,10,32.90497082761719,27,E8,P3,no_bundling,0.0,no_bundling
8.754202943128249,27.997568732933182,8.333322904775065,22.979680313002806,11.182459137242393,20.782733370303323,31.599511585920784,52.85738743624597,52.22967677709539,66.5891094170639,4.782004420706899,8.634459159783592,3.629524806751988,4.827489360821073,9.439750983981254,27.997568732933182,0.8,0.9652509652509652,68581.49159832505,1577899.8491911527,1577899.8491911527,1679,1.0,0.0,0.0,0.0,5.064128031500143,1.7691273463417474,9.234450006519548,5.727828632432017,8.754202943128249,194.0115884519087,6499.397618248389,3296.7774489365142,0.5072435389520003,3896.6540994686557,0.08987061998032264,1507.8939216912763,12,1,6,0,40.99063769555484,1678,252.0,1.5078939216912763,160.6615870149439,92310.26639525569,2746.2589354494635,1500000.0,0.44191531729475675,0,8,24.34007935377634,28,E8,P3,no_bundling,0.0,no_bundling
18.05173585278438,97.2347369131403,12.949997146507439,20.58812121973305,22.44941753489538,53.70083812905614,20.076633258614542,44.69623496543813,91.36891673435262,169.8300669435169,5.422828003575578,9.61077809846484,6.640748460397234,14.545034609331196,11.526672597326968,97.2347369131403,0.8571428571428571,0.9213483146067416,112356.63513066774,1625356.9624287148,1625356.9624287148,1681,1.0,0.0,0.0,0.0,6.108994824457694,1.7691273463417474,10.539971913985937,7.6041655855687615,18.05173585278438,321.6407857388622,6612.839811397151,3351.3840060954476,0.5067995145322252,3994.454334213466,0.08874919732595031,1612.202993624738,9,0,11,0,1012.51361761781,1679,252.0,1.612202993624738,156.03477196459096,86656.15105899102,2926.6497518563765,1500000.0,0.41158868892500966,0,11,38.51255000198415,29,E8,P3,no_bundling,0.0,no_bundling
3.2655954512584735,5.475486025594591,2.8958382658067023,3.8085398621042827,3.238720854940368,4.721711902805385,,,,,5.605259797929164,10.416407781879762,7.810939621881928,12.659345303489227,8.22715727639263,5.475486025594591,1.0,0.9707112970711297,12966.277020972228,1514488.940738426,1514488.940738426,1652,1.0,0.0,0.0,0.0,5.564806696825673,1.7691273463417474,10.214137997228956,5.3817263181171455,3.2655954512584735,151.23795703024373,6100.002937605765,3103.0249413424613,0.5086923683614472,3641.6920195119937,0.08309628706571769,1389.8643681647936,11,0,0,28,0.0,1592,252.0,1.3898643681647935,167.31047520533122,99320.32087837164,2551.238881703451,1500000.0,0.4459648498097035,0,11,35.23754530701539,0,E8,P3,no_consolidate,0.0,no_consolidate
3.8807883910238874,9.552532312432845,6.168361778198126,10.590652464483355,6.627512589831008,9.917643312956898,7.8158886938132435,11.956884923005418,,,5.953073049196914,11.71253339880357,6.94425961969982,13.319806074817897,7.563457067001829,9.552532312432845,1.0,0.9864406779661017,100709.15434103922,1615590.1093808752,1615590.1093808752,1722,1.0,0.0,0.0,0.0,5.954751389494244,1.7691273463418042,11.044270593160991,5.945600890030225,3.8807883910238874,164.50345028105005,6609.839030935653,3360.783886855935,0.5084516992209114,3959.5124586684087,0.09510740645642476,1649.5966779109967,17,1,10,26,0.0,1654,252.0,1.6495966779109967,157.00120668299607,87509.35210344857,2898.5427337875944,1500000.0,0.42996071419357773,0,11,36.67259446090819,1,E8,P3,no_consolidate,0.0,no_consolidate
38.777005713616134,107.64217451628201,47.63119134888918,118.35918775405399,12.392837363405306,11.6502611050988,10.444508875777114,13.612834699989435,67.01155082792457,110.38876722360465,6.068815304942184,10.251461353901778,6.591792765517485,15.640914870213237,10.183606772944074,107.64217451628201,0.59375,0.9154411764705882,76800.1464189748,1590664.735403459,1590664.735403459,1695,1.0,0.0,0.0,0.0,7.157670513509619,1.7691273463417474,11.99318895439938,7.106444667885705,38.777005713616134,272.4297375430199,6363.793338051059,3216.347267864621,0.5054135319940546,3758.7809316715043,0.08389891561750673,1416.8305010652762,8,0,8,28,0.0,1641,252.0,1.4168305010652762,159.31504914942883,90574.44722488483,2797.884373192624,1500000.0,0.4467804127520959,0,7,24.14683897737295,2,E8,P3,no_consolidate,0.0,no_consolidate
10.604310992460292,26.269827519399314,16.510463378313453,21.114676535553734,17.20402131251361,40.848482325977606,19.830673793023852,30.376713780710453,32.08959159925751,44.17522538088379,5.7189008548874165,9.892450143442748,3.6860129307765694,5.276197309577969,10.527975161805802,26.269827519399314,0.8666666666666667,0.9501661129568106,100592.7237119158,1620301.3378479234,1620301.3378479236,1738,1.0000000000000002,0.0,0.0,0.0,6.225229144032973,1.769127346341751,12.277971758651786,6.547114535999882,10.604310992460292,236.26993771905242,6620.94500444146,3366.0702841566463,0.5083972577779486,3902.734966962036,0.08684341812785025,1525.2512036567764,7,0,6,35,0.0,1671,252.0,1.5252512036567762,156.46796387910646,87333.83906596337,2902.9440811844856,1500000.0,0.4309387799283,0,8,23.431136140078245,3,E8,P3,no_consolidate,0.0,no_consolidate
6.350389906216457,12.379851234581329,4.616748921813307,8.614687681426949,5.126253793178961,8.187407327721758,12.970119046428279,24.879144663116136,27.781267568545672,43.59853810841419,5.7159666434184375,11.262256669713455,4.697981845057134,10.484966010825792,7.289989391930602,12.379851234581329,0.9387755102040817,0.9743589743589743,111662.5896233039,1623621.9329033762,1610568.613833768,1751,0.9919603703269356,13053.319069608136,0.008039629673064387,0.0,5.74056911885126,1.7691273463419748,11.225710859990613,5.951983314276955,6.350389906216457,176.46740042060588,6779.693930512314,3438.225456183207,0.5071357927692458,3980.321023911896,0.09123651808571391,1581.6811488726626,14,0,10,35,74.75263535818381,1667,252.0,1.5816811488726625,157.448542689064,88806.51731591784,2855.4399926166257,1500000.0,0.43168352690121436,0,13,45.15144737002905,4,E8,P3,no_consolidate,0.0,no_consolidate
7.118448444949469,8.11363298564629,8.843779822349727,16.79982324459281,14.461570661894545,51.935948404334155,16.652403931055737,36.582088278812755,38.88526608010087,38.88526608010087,5.90208633262182,12.1913056292057,8.040011564986797,20.2098545834776,8.158391107905263,8.11363298564629,0.9032258064516129,0.9709090909090909,69345.69733877359,1581071.8908623361,1567559.6627648063,1701,0.9914537547750848,13512.228097529805,0.008546245224915148,0.0,6.1190612935946485,1.7691273463417474,13.083647365304387,6.410299756671425,7.118448444949469,202.76059084397826,6457.622184247908,3254.676224598773,0.504005364782398,3752.5641561296643,0.08394909644799903,1431.8179529000279,7,0,7,27,0.0,1614,252.0,1.431817952900028,161.6728370682274,92982.09559135354,2725.5980448828127,1500000.0,0.44271786929488566,0,11,37.29733228098389,5,E8,P3,no_consolidate,0.0,no_consolidate
3.027283032115589,5.6455941909665395,3.604492507532017,4.842725514448216,2.9599441327902487,4.456303933551226,5.848035324124112,6.3567331438588095,7.411837548079575,9.786052213896301,5.333222401118507,9.312546866375508,3.650842306116274,5.596677790526473,6.73728095028062,5.6455941909665395,1.0,0.9888059701492538,68462.89817107105,1574237.3856304632,1560296.932096663,1695,0.9911446306249312,13940.453533800395,0.008855369375068811,0.0,5.2273724884787445,1.7691273463417474,8.718432304482764,5.211064929097065,3.027283032115589,135.96974451877196,6420.345225845323,3272.807752244876,0.5097557276312923,3813.3750572262566,0.08518105034417492,1485.594062772238,8,0,3,26,0.0,1633,252.0,1.485594062772238,162.45984264171352,94792.97056717267,2674.096956199363,1500000.0,0.42517814815096,0,16,52.37265102956923,6,E8,P3,no_consolidate,0.0,no_consolidate
6.864842854011692,11.513952468720527,7.2908947056036535,12.098440713506632,4.2623680883411055,5.718687969464168,31.217581109400157,40.80946561616902,24.402022698311157,24.402022698311157,6.63767976283204,15.242729816719356,9.619507972225625,23.474549312516427,9.280967537387038,11.513952468720527,0.9130434782608695,0.9561752988047809,66661.68215178815,1575781.2122211275,1561645.4313835679,1672,0.9910293505672436,14135.780837559716,0.008970649432756442,0.0,6.729918428855725,1.7691273463417474,16.240633340389596,6.911066322451847,6.864842854011692,258.1468391047225,6182.880446276801,3130.1459295452387,0.506260141489578,3607.846332669926,0.07991939358374152,1313.1172285289838,7,0,2,25,220.4864588571628,1608,252.0,1.3131172285289838,162.20911106825426,93427.82290015307,2711.324200492678,1500000.0,0.45898912144377924,0,16,54.66213198574185,7,E8,P3,no_consolidate,0.0,no_consolidate
8.139616065002162,18.553288785428116,9.474646894360836,15.779108513821543,7.148098181600985,11.185655244458939,27.47787931763139,40.08777868040961,,,6.183481640910369,11.945865498309661,5.189022653642142,8.538295864613975,8.763896748046301,18.553288785428116,0.8928571428571429,0.959409594095941,53177.689805350616,1556757.0832136883,1556757.0832136883,1688,1.0,0.0,0.0,0.0,6.306227239926972,1.7691273463417474,12.322556162007634,6.309796775520351,8.139616065002162,192.26839799923653,6390.693250070709,3245.3800150177544,0.5078291021059173,3754.672207596633,0.08847299185829,1549.2293669589299,14,0,5,28,0.0,1628,252.0,1.5492293669589299,162.87013054313206,94525.20463754905,2682.3452045322465,1500000.0,0.42601001435988195,0,17,62.24216001629114,8,E8,P3,no_consolidate,0.0,no_consolidate
16.132352305932248,53.867824344535165,20.40248841796425,58.508771388444835,9.106752687248536,26.607702365343634,78.54003197999009,111.37014044720544,89.02769428911324,107.65439771420697,5.771625388070522,12.925614497155909,3.972809283589929,6.949208983735616,9.50474321745626,53.867824344535165,0.7045454545454546,0.9480968858131488,79011.77333131488,1584037.482643687,1570973.72854601,1717,0.9917528756479461,13063.754097676843,0.00824712435205386,0.0,6.460327575541977,1.7691273463419748,15.124383524656169,7.463073662403692,16.132352305932248,263.3610357212289,6425.047382162177,3260.026638102565,0.5073934002655542,3802.5404451915165,0.09034951946067454,1571.2232420686412,11,1,6,33,98.46370284000882,1622,252.0,1.5712232420686412,161.41022515809829,92862.87365152908,2730.5984972380115,1500000.0,0.43357220743207414,0,19,59.19829733832382,9,E8,P3,no_consolidate,0.0,no_consolidate
17.159519812807236,54.95260885835683,13.303784628246614,40.86974501251484,24.83549207609899,60.73103906662795,27.585852154819275,40.78683058755105,62.314366688101586,79.68495678960355,5.946637091844034,12.944652952197071,4.708903158537389,7.506211234142938,9.862252385476156,54.95260885835683,0.717948717948718,0.9361702127659575,78127.15549743046,1588758.265839218,1573992.3640492226,1715,0.9907060110354827,14765.901789995241,0.009293988964517242,0.0,6.582190515477735,1.7691273463418042,14.494999733357517,7.036141717109426,17.159519812807236,247.74293874035064,6486.347501245893,3262.7832369424827,0.5030231939185759,3911.7895631437254,0.08673173973044526,1499.0853394180385,8,0,4,43,60.09629953532991,1642,252.0,1.4990853394180386,161.05483808528214,92382.65584345009,2744.0116656636587,1500000.0,0.4361338204009204,0,11,31.33794162938851,10,E8,P3,no_consolidate,0.0,no_consolidate
5.600886002445179,13.378305189037292,11.686952468347133,38.572049902473516,4.6810255980716216,7.556526648712863,18.97885754495126,45.470796393830426,11.222109781770268,17.581773996121957,5.703491397929683,11.377116663096986,6.9003249088157785,5.342767143952915,8.567706415846413,13.378305189037292,0.9444444444444444,0.9651567944250871,111543.27783898677,1624921.920249499,1624921.920249499,1715,1.0,0.0,0.0,0.0,5.871727877092933,1.7691273463417474,11.90017676208545,6.017253274116274,5.600886002445179,188.60080806006957,6564.325442020439,3330.088377858076,0.507300926389339,3865.3804628285798,0.08891677129017062,1549.669699974531,9,1,12,32,61.46131207143856,1647,252.0,1.549669699974531,156.03806345417706,88460.4023540953,2866.250468600049,1500000.0,0.44275794180378325,0,11,39.951719807009056,11,E8,P3,no_consolidate,0.0,no_consolidate
7.404108650845046,14.667848654918812,14.106062240413978,31.68633792358871,2.614258153135779,2.614258153135779,,,,,5.917433726736706,11.921952965803682,1.9139924179838392,2.5177435532436903,8.684018036867748,14.667848654918812,0.875,0.9629629629629629,18023.744041762733,1518714.779790731,1504483.6889429558,1622,0.990629517117272,14231.090847775113,0.009370482882728029,0.0,5.943259852237624,1.7691273463416337,11.856900842205645,5.743279030398458,7.404108650845046,174.26583266543972,5880.226592054372,2996.5510443002418,0.5095978866442522,3563.4176718826598,0.07616051475152379,1228.660130022207,3,0,0,27,0.0,1553,252.0,1.228660130022207,168.31598906063223,100442.91469198618,2521.1201895779514,1500000.0,0.4480871495047166,0,5,15.479820626078865,12,E8,P3,no_consolidate,0.0,no_consolidate
4.7291131334313485,5.65542546530703,4.355275097470007,8.079704987283277,7.676653227805877,9.554586800143083,6.722930474196983,9.509427117372843,8.56085608127978,9.671966271216661,4.475192678521441,8.087014941282478,5.3949996092513155,7.9152130050401865,7.437521260296254,5.65542546530703,0.9772727272727273,0.9730639730639731,91238.2981341862,1601282.5337738234,1601282.5337738234,1725,1.0,0.0,0.0,0.0,4.561211690706087,1.7691273463417474,8.327130980493447,4.461958517054293,4.7291131334313485,110.6984471036461,6698.389338711211,3409.551095613601,0.5090105879497306,3986.7459774440736,0.08633386085029739,1388.3824349176514,8,0,9,22,0.0,1685,252.0,1.3883824349176515,158.24089571360307,88994.26807547835,2847.2438496826826,1500000.0,0.45761179067168634,0,18,58.74680243034283,13,E8,P3,no_consolidate,0.0,no_consolidate
6.111958271121627,9.769300765720345,10.419672288941578,25.488351520305894,10.818040360998495,26.860194899518092,24.61823865312037,55.636521819671685,4.8210074973128485,4.8210074973128485,6.7631389092324214,14.552690824763143,11.817104386230932,22.768068468849858,9.758502579720044,9.769300765720345,0.975609756097561,0.9606557377049181,108277.73229511893,1623568.4454141085,1623568.4454141085,1741,1.0,0.0,0.0,0.0,7.063198012008553,1.7691273463419748,16.125004146838137,7.3164208472555625,6.111958271121627,288.9782384113436,6652.249585147362,3332.500808849328,0.5009584752036188,3845.243030066162,0.08710212088152726,1586.6135215620704,6,1,9,25,1735.9407485587149,1674,252.0,1.5866135215620703,156.19089804180206,87312.18348884858,2904.3668751446344,1500000.0,0.43316437025864063,0,12,35.819851598510674,14,E8,P3,no_consolidate,0.0,no_consolidate
19.443767174093345,84.30932462529677,26.427594558504566,81.31931992195119,12.906600828038618,33.22096417152443,19.297986804465758,46.965198947784664,34.92537575284465,51.5309408171468,6.578611759359112,13.641936108069732,11.932792227855849,35.192703169752,12.583731573583604,84.30932462529677,0.775,0.917981072555205,142692.91995045857,1659042.5555286342,1659042.5555286342,1755,1.0,0.0,0.0,0.0,7.581917256527334,1.7691273463419748,19.2211738032449,7.544638028863869,19.443767174093345,319.98502733961294,6803.960306668243,3433.475750496273,0.5046290095389422,4004.7194353758,0.09244957509807067,1710.0250307322467,15,0,9,33,0.0,1701,252.0,1.7100250307322469,152.92556793390423,83938.25401002076,3022.5792521303065,1500000.0,0.42449664870639103,0,11,34.76244082720349,15,E8,P3,no_consolidate,0.0,no_consolidate
39.9155551828209,131.80662188048956,69.27408302967325,122.36046768303459,72.38763542970882,132.3670186211719,69.6178227329791,142.71421294364083,,,5.955842394812378,11.85297763951949,2.665792436523361,3.484249029476541,16.787674671860174,131.80662188048956,0.7,0.8740157480314961,48172.02414110696,1550131.123369427,1550131.123369427,1662,1.0,0.0,0.0,0.0,7.676660317371317,1.7691273463417474,14.96678706571812,7.7352790348753375,39.9155551828209,291.2363856995003,6116.602878027868,3116.4991114882164,0.5095147050797332,3652.3114765097616,0.08224674476198755,1400.0442246348764,5,1,4,40,0.0,1571,252.0,1.4000442246348765,163.47007063107952,94614.89970665787,2678.2255755728884,1500000.0,0.44529007364457907,0,9,29.172773854889787,16,E8,P3,no_consolidate,0.0,no_consolidate
6.76678715386248,7.813703393297328,5.975294470441746,12.480856534137455,4.560961435834701,5.636231174017578,15.596074891315197,37.97549305463253,15.29502810314068,29.057926198931096,5.133302505050747,9.59125828866723,8.201050329312578,11.153995790861702,7.690054084730495,7.813703393297328,0.94,0.976271186440678,108753.96482816651,1618779.5327069117,1618779.5327069117,1724,1.0,0.0,0.0,0.0,5.298954507113933,1.76912734634179,9.800278625632473,5.85225501762674,6.76678715386248,174.06785033606016,6584.357151929968,3333.3607837401582,0.5062545525439949,3978.4462654683584,0.09241037601324353,1590.677967970743,10,1,7,36,0.0,1663,252.0,1.590677967970743,156.65547583488296,88107.8948222821,2878.183373686041,1500000.0,0.43139252216651447,0,10,32.6019434772453,17,E8,P3,no_consolidate,0.0,no_consolidate
9.419834651836853,19.06691961060069,4.740630176431478,8.920431378593277,16.436480129154308,52.70121454352103,36.14709337103045,42.81222337000154,86.13610601247456,86.13610601247456,6.120661756015586,14.838213874764572,3.2731633160869364,6.043866070964214,8.30521925355355,19.06691961060069,0.9545454545454546,0.9753086419753086,44452.613878874734,1549611.527047556,1549611.527047556,1660,1.0,0.0,0.0,0.0,6.327910347561049,1.7691273463417474,16.181689318122032,6.964460154684437,9.419834651836853,236.07247205803506,5964.89784163207,2998.4602800928606,0.5026842637882369,3567.1393485936096,0.07944536582956171,1304.2632683400946,5,0,4,32,0.0,1571,252.0,1.3042632683400945,163.4630737104516,95005.4126147762,2666.2087590254164,1500000.0,0.4472031383045937,0,5,16.884218999038623,18,E8,P3,no_consolidate,0.0,no_consolidate
5.8339763506616755,17.496197519763623,9.167446927993481,31.449787590893177,5.534512015298765,10.53457898941688,5.7053097642121635,6.409425576506329,4.300086812546397,4.300086812546397,6.798589049161146,11.718682574411293,6.978052915486659,17.717022158027252,8.750558822471698,17.496197519763623,0.9210526315789473,0.9655172413793104,87841.34456932086,1606256.9135860626,1606256.9135860626,1724,1.0,0.0,0.0,0.0,6.784222688976934,1.7691273463417474,12.119768594347763,6.5842176179623815,5.8339763506616755,197.23738880583758,6533.212620756632,3285.743588887184,0.5029292294036272,3866.692630917439,0.08894753279871835,1497.0877752720216,12,0,7,28,79.51124765585291,1650,252.0,1.4970877752720215,157.8185193359417,88833.63482375334,2853.6160687133015,1500000.0,0.4396767759337,0,13,36.3061179385568,19,E8,P3,no_consolidate,0.0,no_consolidate
3.364431788671569,6.2675354851246885,10.837851480321376,19.554346889380753,28.66296165001203,79.53335738271196,31.87840803998938,79.72924177297284,21.025206512594877,39.3952106271644,6.545903335480802,14.305039308901465,3.504364585684493,5.086318620633489,10.612249913331581,6.2675354851246885,1.0,0.9501915708812261,80793.2701575543,1590649.44826436,1590649.44826436,1685,1.0,0.0,0.0,0.0,6.826306209453743,1.7691273463418042,15.161123275091272,7.365532518780041,3.364431788671569,283.9810321895097,6268.4190193169015,3188.092314815404,0.5085959162894035,3771.277514771443,0.0836364854156134,1481.7280296764832,9,0,3,23,0.0,1620,252.0,1.4817280296764832,159.35737965788974,90953.05799731682,2786.951132936667,1500000.0,0.41953994090566393,0,11,34.21738897357168,20,E8,P3,no_consolidate,0.0,no_consolidate
10.35540811532588,16.66449191644125,6.868866389598048,12.456344869910936,5.290787767051943,11.469805518997966,9.608449760283925,16.984516001754674,4.923575236351553,4.923575236351917,6.0774295955798285,13.065529081130446,6.133165429933044,10.68353104061644,8.54156315416786,16.66449191644125,0.9166666666666666,0.9712460063897763,101795.26384377985,1612089.748972065,1597308.3407910222,1747,0.9908309024417108,14781.408181042894,0.009169097558289251,0.0,6.2138407724929765,1.7691273463418042,13.416942177076654,5.9608270136241845,10.35540811532588,197.6071108817476,6723.775336112986,3391.211793790616,0.5043612590052831,3937.252448369097,0.08827547508884617,1624.548647172652,8,0,4,46,0.0,1666,252.0,1.624548647172652,158.78246057462658,89823.03827289538,2823.602424543073,1500000.0,0.4253095396508585,0,13,52.858720843510575,21,E8,P3,no_consolidate,0.0,no_consolidate
3.0634067002839886,4.995980005051251,4.368026703149876,6.406409224646996,8.914175153304484,22.72196181438323,5.212163049455739,5.212163049455739,,,6.482664897418951,12.8451240899356,3.7172087354318313,7.126589337549513,8.643270622816061,4.995980005051251,1.0,0.9725490196078431,26819.936004901418,1529389.3707573186,1529389.3707573186,1664,1.0,0.0,0.0,0.0,6.412263928919519,1.7691273463417474,12.196541250974771,6.316249468213163,3.0634067002839886,199.13422295738042,6052.643481360975,3062.7271621315112,0.5060147969334612,3633.7597349787297,0.08090987920806003,1315.812800017367,9,0,1,30,0.0,1584,252.0,1.3158128000173668,165.6319951240286,97662.15254082221,2593.797148738175,1500000.0,0.4652668544191133,0,8,22.149480996293534,22,E8,P3,no_consolidate,0.0,no_consolidate
5.451410516950832,7.990740086664118,15.342639685039764,53.00135425804592,3.062830749203658,3.6497584962264225,5.3267650621961975,6.151930667420674,5.004392444162022,5.2985017396485095,6.290285242510569,13.703677297733808,8.190995202831061,22.80756830233122,7.637686586301956,7.990740086664118,0.9259259259259259,0.984375,66305.29979334184,1572295.0317663788,1572295.0317663788,1674,1.0,0.0,0.0,0.0,6.3222228035055466,1.7691273463417474,13.773935381576987,6.278937907796523,5.451410516950832,185.93881162989268,6175.272740512527,3148.099277559875,0.5097911314761773,3659.4626836646876,0.0862737603189137,1483.5187877063856,8,2,1,31,2714.81875379628,1587,252.0,1.4835187877063856,161.21880033096136,93269.54481028554,2717.75228777307,1500000.0,0.4357046882309553,0,10,33.08029223582062,23,E8,P3,no_consolidate,0.0,no_consolidate
18.22229190590975,58.04477529933555,26.97623721218547,68.24246153957438,15.511922328272854,45.60979068641865,76.26939785335283,116.80791517096422,4.757443431199135,4.757443431199135,5.604637251448139,11.86203476867116,3.8118231894736443,4.889758091823387,9.502361335471521,58.04477529933555,0.6896551724137931,0.9397590361445783,40971.19198450468,1549122.7235720013,1549122.7235720013,1667,1.0,0.0,0.0,0.0,6.0679405835638365,1.7691273463416337,12.687935405994999,6.221538282520576,18.22229190590975,201.38305889347595,6085.64199563992,3082.738699843046,0.5065593247272325,3624.952637048912,0.08227939682554894,1355.5407500597364,8,1,3,39,0.0,1590,252.0,1.3555407500597365,163.54775312175843,95236.85500061102,2660.267821196261,1500000.0,0.44233050267686425,0,10,32.1268389974334,24,E8,P3,no_consolidate,0.0,no_consolidate
18.138230059063172,47.95423470004889,25.811330602761092,102.45503601985132,7.820849734986041,6.843115886100214,47.61354986499133,111.36945651282517,7.2997111073673295,7.2997111073673295,6.277108849755665,13.056490719208826,6.52247398095858,12.318655538342277,11.259099548397556,47.95423470004889,0.7391304347826086,0.92578125,77024.21305695022,1590717.1925351804,1590717.1925351804,1677,1.0,0.0,0.0,0.0,6.81598733126532,1.7691273463417474,14.573297651265442,7.204809031691124,18.138230059063172,253.85082210042677,6106.132339203327,3088.29693864503,0.50576973558486,3559.419839611912,0.0826560360683099,1365.2947182749372,12,0,4,34,186.93244931793836,1599,252.0,1.3652947182749373,159.27739758346232,91289.22884049243,2775.4128053921263,1500000.0,0.45088323148421405,0,3,8.381909969122162,25,E8,P3,no_consolidate,0.0,no_consolidate
6.6705350121261064,9.303556391918127,12.370487195862601,28.003215538469526,21.89647085787811,69.47015840689602,5.01138946137462,5.12611722599313,39.71196063833304,39.71196063833304,6.659713501342412,17.653080690451063,3.5270210761533662,4.177641169560957,8.912803359132278,9.303556391918127,0.95,0.9590163934426229,60773.337476461245,1568414.1462153625,1554792.3518766356,1662,0.9913149250970499,13621.794338726966,0.008685074902950108,0.0,6.795809209483304,1.7691273463416337,17.994880790596312,6.784067070966184,6.6705350121261064,217.38979968490668,6053.470284884707,3073.4364101098063,0.5077147925850175,3515.487903454864,0.08445852623642681,1396.1193473425606,14,1,5,31,0.0,1574,252.0,1.3961193473425606,162.97746708201467,95255.17268940384,2660.1822472527024,1500000.0,0.4438748577443742,0,5,17.42515020153833,26,E8,P3,no_consolidate,0.0,no_consolidate
2.6521429111459596,4.231452433788627,3.359544592124515,4.2522117733497,4.259625865450346,5.706709956390251,,,,,6.870976805642538,16.545705904658192,9.598169368858644,26.00382471373305,7.766140399463166,4.231452433788627,1.0,0.9653679653679653,13735.182660926428,1515300.790657525,1515300.790657525,1643,1.0,0.0,0.0,0.0,6.823857963374977,1.7691273463417474,15.981480108015047,6.760301319674495,2.6521429111459596,203.59862272358146,5947.283016069454,3009.8679760432474,0.5060912635081662,3497.7150617274374,0.07900118195560628,1313.1061262374044,8,0,1,26,31.69680174720179,1561,252.0,1.3131061262374042,167.17018013058572,99150.00980828649,2554.847010262895,1500000.0,0.44747570145421345,0,7,21.529156115802827,27,E8,P3,no_consolidate,0.0,no_consolidate
5.633494921927478,17.199111649722376,6.611921352535098,10.287082452344295,10.961343397915623,24.488780693683843,19.390542584924635,30.5450147861784,44.20453211209315,52.494845098383664,4.866600342430032,9.734364533597708,3.7583423248926997,7.492653925688687,7.493656983722919,17.199111649722376,0.96,0.9845559845559846,68581.49159832505,1577899.8491911527,1577899.8491911527,1679,1.0,0.0,0.0,0.0,5.030271655166379,1.7691273463417474,10.616995600359953,5.5943796024247385,5.633494921927478,168.18639371192546,6286.903896902578,3182.5988860037482,0.5062267434327644,3781.063198300544,0.08660895175578208,1428.9486796762444,12,0,6,40,0.0,1615,252.0,1.4289486796762445,160.61155516909798,92281.51992819975,2746.258935449463,1500000.0,0.44426466349874505,0,7,21.704477524006254,28,E8,P3,no_consolidate,0.0,no_consolidate
9.795600312603385,34.34569939938956,8.38910965097901,15.00148666564528,28.61118197142977,101.66712062262013,16.564853648224933,44.69623496543813,70.46120496402047,119.65155869471975,5.259182441894134,10.290362606133803,5.738167534078423,8.134612654434926,10.027541168599074,34.34569939938956,0.8095238095238095,0.9588014981273408,112356.63513066774,1624886.1453492267,1624886.1453492267,1680,1.0,0.0,0.0,0.0,5.822312384806601,1.7691273463417474,11.544948244336183,7.315700635892346,9.795600312603385,273.90156329747276,6384.469967655452,3235.1135073183214,0.5067160662839395,3868.013933508633,0.08852016441747483,1568.0298523827298,7,1,11,33,0.0,1614,252.0,1.5680298523827298,156.05279827029662,86689.42224937047,2925.0169544672917,1500000.0,0.42697947124263946,0,11,38.51255000198415,29,E8,P3,no_consolidate,0.0,no_consolidate
3.0839381709658276,6.230560240906016,3.2295717458744972,3.808539862104226,3.6380883361157674,7.351777110948912,,,,,17.708950244605365,30.95617625436498,6.916804544438885,15.228179140299906,7.647366353832432,6.230560240906016,1.0,0.9832635983263598,12966.277020972228,1514488.940738426,1514488.940738426,1652,1.0,0.0,0.0,0.0,17.282078365371675,14.836193551481756,29.971157803452957,18.217869014694074,3.0839381709658276,901.7504350178199,5990.554987800572,3113.1905223869467,0.5196831560225695,3593.444286013065,0.08780574043568232,1718.4796640420725,8,0,0,69,0.0,1514,252.0,1.7184796640420725,167.52745618620062,99449.12704318593,2551.2388817034507,1500000.0,0.42508464191150186,0,12,31.5246905700982,0,E8,P3,no_team_lift,0.0,no_team_lift
2.8934103774428497,5.460948285697214,5.219085014370891,9.440596337528676,5.752001857671052,12.440765920236661,9.562751905792796,11.965774238906988,,,17.276294366764816,29.364800947546836,6.545437949608194,10.723464049542976,6.7708753835335145,5.460948285697214,1.0,0.9932203389830508,100709.15434103922,1615590.1093808752,1613590.1093808752,1720,0.9987620622406717,0.0,0.0,2000.0,16.440083490693286,13.55715844446479,28.128872231732682,17.25461649568538,2.8934103774428497,869.4425475995916,6420.380721048856,3337.0965065748655,0.5197661402904633,3838.9218989501333,0.09623495801692421,1920.6155890232174,17,0,0,65,0.0,1570,252.0,1.9206155890232173,157.36376550204005,87653.19853685194,2896.8779214858614,1500000.0,0.4135372196215983,0,12,38.4440258957745,1,E8,P3,no_team_lift,0.0,no_team_lift
35.91316228244389,106.06217629653084,48.100593792211846,119.73708600579295,14.086805735301402,15.800612448779248,14.400532238674737,21.73183584348026,126.03098014600346,126.03098014600346,18.112744067358612,32.091827781942996,5.793776408979397,10.051990028716341,10.602180460650796,106.06217629653084,0.6875,0.9191176470588235,76800.1464189748,1585670.0232041068,1572996.7217551172,1692,0.9920076048209695,11673.301448989492,0.007361746944929733,1000.0,18.5145459714433,14.888284469124642,32.27281936585496,19.47837781563858,35.91316228244389,1027.070563991404,6214.648434200841,3227.522745963797,0.5193411630820326,3757.678676025141,0.09013333939794799,1740.9319839964332,12,0,0,62,18.547902940926612,1562,252.0,1.7409319839964332,161.3105281623712,92515.58517232639,2742.683100489066,1500000.0,0.4331314902402099,0,7,20.212325030263347,2,E8,P3,no_team_lift,0.0,no_team_lift
8.183782756976214,16.889650885706942,11.466222202353187,22.21645872040926,15.260880034799344,35.76459237346344,19.71266785198839,29.177487634982572,44.8529766280144,44.8529766280144,17.233632722889713,29.139474074557363,3.4798782610646244,6.4846823682333365,9.46093908855208,16.889650885706942,0.9111111111111111,0.9767441860465116,100592.7237119158,1609383.6368710967,1584960.300127459,1732,0.9848244158918376,22423.336743637665,0.01393287233069691,2000.0,16.66710622433518,14.06512577185913,29.215311192759952,17.86027232041841,8.183782756976214,926.4308194899413,6508.5113494164525,3382.2376782148694,0.5196637904792343,3906.026829383668,0.09296691699749214,1844.6023261357223,9,0,0,67,0.0,1590,252.0,1.8446023261357223,160.15833475811482,90858.15992799083,2793.855857606174,1500000.0,0.4217769340132327,0,10,27.031618740741813,3,E8,P3,no_team_lift,0.0,no_team_lift
3.93806314364287,6.222811397580162,4.161123604185112,6.170011386553322,11.085213691149846,40.41540777994178,27.654493165261037,52.82549621897415,52.20684221250713,52.20684221250713,17.307734068218966,31.067103160194325,3.5581136323074234,7.2861161036831605,8.099023261619399,6.222811397580162,1.0,0.9807692307692307,111662.5896233039,1623621.9329033762,1597726.0678075543,1748,0.9840505572319322,23895.865095821915,0.014717628908283532,2000.0,16.408899564321715,13.48200691357232,30.54221951317131,17.944968006522963,3.93806314364287,936.5336064913263,6627.127382593893,3405.4468194699957,0.5138646992684008,3913.5626652463866,0.09576329937487003,1904.193988987513,15,0,0,61,0.0,1620,252.0,1.9041939889875128,158.91597383611708,89921.09863474514,2823.6331388735944,1500000.0,0.4065492157646182,0,9,28.713967128393044,4,E8,P3,no_team_lift,0.0,no_team_lift
9.85600955434814,26.23065333670064,9.577902569839114,21.90158474449311,22.70683606051545,80.00781253551887,19.406446403981782,39.22637923460144,,,17.18785384683047,29.061177593982258,6.2381108747799034,10.714737040531418,8.985342547931364,26.23065333670064,0.8709677419354839,0.9527272727272728,69345.69733877359,1574667.4240741057,1548777.7692170592,1698,0.9835586521564899,24889.65485704632,0.015806293110865156,1000.0,16.841169110147867,13.442971225257025,29.032571344333608,17.8761484162335,9.85600955434814,920.9208738521303,6416.613335522218,3311.8349493695023,0.5161344117519538,3732.6003359430697,0.08992483553565941,1781.290600994578,10,0,0,55,0.0,1589,252.0,1.781290600994578,163.8590736805878,95164.53036304502,2666.7634425645706,1500000.0,0.41949545596623616,0,15,46.67254185478856,5,E8,P3,no_team_lift,0.0,no_team_lift
3.630979428137346,5.021683120961324,4.045056794271741,5.786761169988316,3.43708772645976,4.675293146604417,6.018713760341541,6.434498799812434,8.01986553925758,8.01986553925758,17.605135760939593,29.2142297834823,4.855082374029153,9.110778827590687,6.591226317236572,5.021683120961324,0.972972972972973,0.9850746268656716,68462.89817107105,1574237.3856304632,1548245.1441800606,1694,0.9834889949332558,25992.2414504027,0.016511005066744185,0.0,16.856326325881376,14.609835297232848,28.088905100425524,17.899184575107615,3.630979428137346,904.8696928575116,6277.922127724497,3259.5086179737414,0.5192018237338645,3701.7159344117786,0.09105376895012823,1877.2807726076055,10,0,0,69,0.0,1558,252.0,1.8772807726076055,163.9774435766496,95910.52259302973,2647.0221818086316,1500000.0,0.39560331958157435,0,13,45.24397737044275,6,E8,P3,no_team_lift,0.0,no_team_lift
4.777849238071996,5.111355610915052,7.155664141519128,13.41909496346185,5.767388869867964,6.636316774714625,27.93005357053937,42.059871639008364,25.6524287211505,25.6524287211505,17.908895926136005,32.42530499945434,10.795083903511596,34.34352766517897,8.80228896003356,5.111355610915052,0.9565217391304348,0.9760956175298805,66661.68215178815,1575781.2122211275,1560645.4313835679,1671,0.9903947447017565,14135.780837559716,0.008970649432756442,1000.0,17.505559260941954,13.889852605963085,32.27281936585496,18.52493337973114,4.777849238071996,963.3996432226203,6242.367267638157,3271.005410218331,0.5240007948868953,3726.7239009456994,0.08632875615746714,1663.8892584899754,7,0,0,51,220.4864588571628,1558,252.0,1.6638892584899754,162.53780913811272,93585.92775968432,2710.4917943418122,1500000.0,0.41100138296693356,0,14,51.636247535684674,7,E8,P3,no_team_lift,0.0,no_team_lift
8.663549403978829,19.473824709886884,9.497732457335825,15.026878140412819,9.124406942775087,25.612224387077088,45.728160238059786,51.40947809541199,,,18.002972470560426,30.541143886911,5.347627724800712,9.6182170127393,8.82525472894304,19.473824709886884,0.8928571428571429,0.955719557195572,53177.689805350616,1556757.0832136883,1554757.0832136883,1686,0.9987152780471882,0.0,0.0,2000.0,17.585094949347727,13.934932028375442,31.603692019511982,18.68728616883114,8.663549403978829,938.3826779731751,6296.253334445563,3272.2839850204077,0.519719237966234,3762.31386780344,0.09272332801038671,1852.591250681706,12,0,0,70,210.64073295019082,1558,252.0,1.852591250681706,163.2747610488241,94752.4061781973,2679.1149849352705,1500000.0,0.4284520506430136,0,14,48.42961349589026,8,E8,P3,no_team_lift,0.0,no_team_lift
11.126801744574822,43.449150433132054,18.490684716730698,61.04736702460471,17.38146668013684,51.223398681641044,76.50291401904421,101.94421724019158,51.64451095478125,51.64451095478125,17.73604198272375,30.90494346703357,4.875075880531015,7.995888867638314,10.481683994148124,43.449150433132054,0.8636363636363636,0.9377162629757786,79011.77333131488,1584037.482643687,1558212.915463382,1714,0.9836969974111944,23824.567180305014,0.015040406203357568,2000.0,17.49947723945763,14.664223639877491,31.58576731411606,18.9640312291339,11.126801744574822,972.0335731969595,6425.660663783318,3336.890804545401,0.5193070376954355,3808.88564918288,0.09723254993815972,2018.2819195703162,14,1,0,59,98.46370284000882,1588,252.0,2.018281919570316,163.0189811666593,94442.99333725855,2689.6466634900485,1500000.0,0.3975516467765914,0,14,49.387681169271396,9,E8,P3,no_team_lift,0.0,no_team_lift
10.243978355986084,31.1717586426968,12.80809468536863,40.86974501251484,19.159537616582373,42.813053180130815,69.763250152069,103.95195232592309,5.851535084063471,5.851535084063471,17.902052378246147,31.46545901592458,6.2362187334305945,17.812106472564757,9.992756558566292,31.1717586426968,0.7948717948717948,0.9645390070921985,78127.15549743046,1583580.06712871,1554661.7295946523,1709,0.9817386325236517,24918.337534057533,0.015735445306051723,4000.0,17.557881686492276,14.936613907135325,31.604958878548313,18.833691510023627,10.243978355986084,955.9995520159418,6374.000290308516,3311.5483421764757,0.5195400362958235,3817.5293841312255,0.09458380365136522,1931.227004827299,11,1,0,68,192.8978029020105,1556,252.0,1.931227004827299,163.33535596263434,94148.12838541273,2697.1457782497064,1500000.0,0.4110952585597555,0,10,30.462609374250494,10,E8,P3,no_team_lift,0.0,no_team_lift
5.570193480602139,12.428938610691603,8.506665000303299,19.015166831037185,10.953057980057405,36.904594152724215,31.797543573505045,44.80699496068742,13.007041123405997,19.473813833049917,17.30629482732657,27.89626942668483,12.136671419551181,44.70136300821768,8.526010975588955,12.428938610691603,0.9444444444444444,0.9825783972125436,111543.27783898677,1622029.170334654,1588882.533937018,1710,0.9795647100533973,32146.636397635753,0.019818778222714283,1000.0,16.84489941132018,14.099567686639148,28.4295066565751,18.012232590808562,5.570193480602139,951.44434806099,6433.680405953627,3322.2095436781096,0.5163777704288496,3799.3981131726405,0.08917530444859123,1820.773647007827,8,0,0,56,61.46131207143856,1596,252.0,1.8207736470078273,159.74797898877847,91082.89328447703,2786.700822669911,1500000.0,0.3921226039784794,0,9,25.511947523592553,11,E8,P3,no_team_lift,0.0,no_team_lift
4.298378782866507,7.999056374797872,6.949800605060545,10.529034445408161,2.9339288334977027,2.9339288334977027,,,,,17.49884244769788,28.12865551754514,2.021359173487326,2.5177435532436903,8.27945657312338,7.999056374797872,1.0,0.9768518518518519,18023.744041762733,1518714.779790731,1501483.6889429558,1619,0.9886541626663109,14231.090847775113,0.009370482882728029,3000.0,17.32164861479079,14.195102506912008,27.939213532639226,18.0670748615513,4.298378782866507,894.2467334679595,5856.104820974511,3061.3690277550777,0.5227654082950033,3549.883345373863,0.08241331091817644,1598.6434963377021,4,0,0,58,0.0,1493,252.0,1.598643496337702,168.8987002415398,100752.02376796119,2517.0575638301098,1500000.0,0.42535084731472395,0,3,9.960101027585072,12,E8,P3,no_team_lift,0.0,no_team_lift
2.8768796733881854,5.796242438696823,3.83177630138591,6.720878230835479,10.94410338654853,47.53261736483901,11.960928900274713,18.36541459328787,9.58306350346811,9.676239571094447,16.037170717630033,27.69347173205092,5.85538439491784,11.830768548366905,6.684060608195032,5.796242438696823,1.0,0.9865319865319865,91238.2981341862,1601282.5337738234,1599282.5337738234,1723,0.9987510011769838,0.0,0.0,2000.0,15.311948550899272,12.818574443589569,27.495060303145685,16.300360381740983,2.8768796733881854,848.0160967323087,6498.756413353374,3364.5860656264035,0.5177276776696834,3936.5788683881015,0.08964770863262633,1716.2019604417712,8,0,0,62,644.4833663641472,1604,252.0,1.716201960441771,158.6437646897501,89259.74444360001,2842.448222790463,1500000.0,0.4192065681142746,0,14,53.53269534450604,13,E8,P3,no_team_lift,0.0,no_team_lift
6.42325119433959,9.248519357271633,11.1323406584465,25.488351520305894,15.300512669858668,49.38246189507481,55.6150663830179,82.53626638643455,4.8210074973128485,4.8210074973128485,19.00197904028953,35.81654701117158,18.63849493902682,54.194606210690665,11.532298427747179,9.248519357271633,0.95,0.930921052631579,108277.73229511893,1623568.4454141085,1610764.8224145814,1738,0.9921139000725889,10803.622999526924,0.006654245486257491,2000.0,18.711903653932684,14.188881130285267,36.52542746301701,20.489719647163586,6.42325119433959,1105.3381530502438,6504.86724156085,3329.2800508264904,0.5118136815391218,3838.159691126782,0.09100177208174173,1902.0834463475555,7,0,0,57,2543.3828904644224,1606,252.0,1.9020834463475556,157.62827689875994,88337.4882519301,2874.2280142972027,1500000.0,0.4014876380350312,0,14,40.22688486314706,14,E8,P3,no_team_lift,0.0,no_team_lift
10.901719168027146,32.168368010915515,19.562432042070263,54.264410701065394,14.058627387663774,40.37024825030085,26.194052045435377,59.27280536861626,46.753797235437105,54.427924888709185,18.62175078062277,34.13671347255662,10.676635290225866,34.56900919393994,11.662848780406877,32.168368010915515,0.825,0.9369085173501577,142692.91995045857,1659042.555528634,1645569.0135795984,1751,0.991878724325584,10473.541949035787,0.0063130037949499845,3000.0,18.334600054837903,14.403541378691216,35.41176923260173,19.52893272325457,10.901719168027146,1078.3888197593058,6590.052944978262,3381.0317544884806,0.5130507725381611,3945.9963082714485,0.09561027159154985,1963.8970288770693,15,0,0,64,579.8336293048276,1628,252.0,1.9638970288770692,154.33196355370754,84796.31459760408,2994.987438240067,1500000.0,0.3988098610524633,0,8,26.09683897737295,15,E8,P3,no_team_lift,0.0,no_team_lift
40.46230779389072,134.6213017173912,71.5789653249582,122.05471851675938,74.59284100240605,164.54267220994842,35.22765771056481,87.34673159419145,,,17.896398938042616,31.839738503501767,3.020761066922003,4.672159705063496,15.934835238819316,134.6213017173912,0.7,0.889763779527559,48172.02414110696,1551004.9906443798,1548004.9906443798,1660,0.9980657702469715,0.0,0.0,3000.0,19.13042023291674,14.594397657417176,34.80706193955852,19.807306511614634,40.46230779389072,1003.1597476592892,6036.082700081417,3147.6669144624943,0.5214751140536954,3663.028965793726,0.08707590053411483,1721.6457274861846,6,0,0,53,0.0,1508,252.0,1.7216457274861845,163.9023435072201,94771.49971628252,2677.1935285086,1500000.0,0.41901457288065225,0,12,37.76518117397014,16,E8,P3,no_team_lift,0.0,no_team_lift
3.7281745538928006,4.996599124972636,5.079621585717684,10.736654160613217,10.650584399804028,33.40924327991032,15.514131727674535,32.52873746084043,7.776479092812072,9.11252863811842,17.068855196072114,28.823388146847044,5.343932586003141,12.303150132653855,6.957809293019862,4.996599124972636,0.9795918367346939,0.9829351535836177,108753.96482816651,1618779.5327069117,1595174.866098224,1720,0.9854182326056371,11883.853288866887,0.00734124261442495,11720.813319820838,16.30271624455557,13.346085028513272,28.064096836242232,17.4342425738712,3.7281745538928006,904.1220939979925,6418.460083790164,3317.675400478592,0.5168958530812381,3903.028912689934,0.09437901668554925,1837.7801045338358,12,0,0,69,0.0,1580,252.0,1.8377801045338358,159.1284977586298,90322.77290369202,2810.340869131554,1500000.0,0.43724880606474326,0,8,22.490526935660842,17,E8,P3,no_team_lift,0.0,no_team_lift
5.593588824023445,13.418715907850858,4.288304888429775,8.384096199091438,21.52360671053062,55.436609962781404,19.162504921354184,21.475825217947296,,,17.845061110989047,31.174833702148142,3.672087799463071,10.079488400444006,7.950218837867537,13.418715907850858,1.0,0.9917695473251029,44452.613878874734,1549611.527047556,1537137.9978231543,1658,0.9919505443740683,11473.529224401285,0.0074041325997758764,1000.0,17.534644089291522,14.402306072884585,30.630090200539776,18.489607845766216,5.593588824023445,926.9714966327274,5939.990546647771,3066.5435196610747,0.5162539393924921,3619.022055583092,0.08575537910901422,1635.064075102667,6,0,0,61,47.66193585012884,1520,252.0,1.6350640751026668,165.0047454648135,96251.19799017941,2635.1366982567974,1500000.0,0.42733487286213845,0,6,16.525916086116506,18,E8,P3,no_team_lift,0.0,no_team_lift
7.253925518839597,11.65039476424517,10.294480642850615,20.804082672409066,9.37096875092786,32.1998319847474,18.02969026450137,52.39845907391191,4.300086812546397,4.300086812546397,18.477690052829015,33.07807003213202,5.686235193993511,11.79516426617447,8.666193329162743,11.65039476424517,0.8947368421052632,0.9482758620689655,87841.34456932086,1606256.9135860626,1605256.9135860626,1723,0.9993774345862472,0.0,0.0,1000.0,17.75804441028015,13.877696209092733,32.832740683225886,18.691993614082936,7.253925518839597,978.5675784856343,6487.664807331726,3345.146451488477,0.5156164121962835,3908.7395533066046,0.09700371639776587,1933.2878913448585,11,2,0,63,0.0,1591,252.0,1.9332878913448586,158.18856517121037,89061.32928345338,2851.2182552671925,1500000.0,0.4072260572394256,0,14,38.21160791386769,19,E8,P3,no_team_lift,0.0,no_team_lift
4.366514741542805,7.039916505903876,10.697946522142974,16.941825487298143,29.752417725076622,80.91645032647045,35.10514751552955,85.65070055967547,15.521911819507295,28.46901150772501,19.053157524949913,35.41176923259818,4.045202567584056,5.902011704147397,10.536726969690758,7.039916505903876,0.9642857142857143,0.9501915708812261,80793.2701575543,1590649.44826436,1578359.1567315254,1683,0.9922734128841241,11290.291532834592,0.0070979130852206395,1000.0,18.733468255512964,14.375323666628901,35.41176923259845,19.95420345600979,4.366514741542805,1044.6112542393848,6189.968518241697,3219.605756555535,0.5201328160341091,3760.484913298631,0.09193933166757441,1958.0445412181577,9,1,0,52,593.9285237630137,1548,252.0,1.958044541218158,160.9000356212434,92424.8109633872,2747.72587462278,1500000.0,0.3870026818666278,0,11,29.122168716880093,20,E8,P3,no_team_lift,0.0,no_team_lift
5.256066120113419,10.300627268578415,6.973174676772177,11.366276407984968,8.592319720798336,16.705557940842848,10.692045570568174,21.048486432530265,4.923575236351553,4.923575236351917,18.303418231616167,32.98569245516475,6.475806601238972,18.463528844387948,8.357937959526451,10.300627268578415,0.9791666666666666,0.9744408945686901,101795.26384377985,1612089.748972065,1595308.3407910222,1745,0.9895902767251368,14781.408181042894,0.009169097558289251,2000.0,17.334481133423203,13.613944742790494,32.0076462595491,18.33816415676503,5.256066120113419,958.1847657378339,6635.024189327011,3427.1304249238915,0.5165211651280361,3894.562889685879,0.09385862730957087,1910.3611103342705,10,0,0,65,413.0811185964314,1609,252.0,1.9103611103342704,159.1606804891615,90027.25266723687,2820.3722049460976,1500000.0,0.3972748851707011,0,11,42.721267955986995,21,E8,P3,no_team_lift,0.0,no_team_lift
3.047864850466712,4.995980005051251,4.023696343668986,5.5024623663739485,7.727948416439314,17.919579521860403,5.212163049455739,5.212163049455739,,,18.881342823185165,32.429652031872436,3.2414589459360865,5.169029540106226,8.030004745559804,4.995980005051251,1.0,0.9803921568627451,26819.936004901418,1529389.3707573186,1527389.3707573186,1662,0.9986922885445387,0.0,0.0,2000.0,18.318688014621188,14.566536900389792,32.08156357962735,19.320345974017687,3.047864850466712,986.2266563793738,6074.632184967096,3152.7496280855776,0.5190025555601034,3686.4392862759273,0.08722661540140728,1686.086125628259,9,0,0,55,0.0,1544,252.0,1.686086125628259,166.091299954408,97926.86043812342,2590.5669291412,1500000.0,0.4171330826874047,0,6,14.987459172712168,22,E8,P3,no_team_lift,0.0,no_team_lift
5.609236950710796,7.990740086664118,13.48049977982336,53.372286749256546,4.644529845670604,7.428143236064898,4.876301303517114,5.070817646590877,5.244145454433692,5.730057158137515,17.743130239511082,32.46005803483283,7.688347516879389,17.535707548736582,7.691399043324963,7.990740086664118,0.9259259259259259,0.98046875,66305.29979334184,1572295.0317663788,1570295.0317663788,1672,0.9987279741018115,0.0,0.0,2000.0,17.267377823421356,14.104895600289183,32.25422167119724,17.947260160319612,5.609236950710796,917.8647429683368,6150.418347212788,3220.089062862616,0.523556103191237,3694.9662263728096,0.09008041081240041,1793.9474993095262,12,0,0,57,312.2946116021637,1544,252.0,1.7939474993095261,161.62182415735222,93494.89196447587,2714.522068176094,1500000.0,0.4089780280052847,0,15,45.86599119081575,23,E8,P3,no_team_lift,0.0,no_team_lift
17.84708136404909,58.60997215142632,21.736795934843894,59.17437107007264,16.1458618947366,47.8697116414297,82.13269774044602,121.48118681634314,4.444069215807758,4.444069215807758,17.467609410259758,31.507061939559208,12.332340120301657,44.12909468158778,9.525648841784465,58.60997215142632,0.7586206896551724,0.9397590361445783,40971.19198450468,1549122.7235720013,1547122.7235720013,1665,0.9987089467028226,0.0,0.0,2000.0,17.533772651078586,14.082161375798933,32.060760204238676,18.725170839814478,17.84708136404909,954.1231773672674,6040.453675662082,3148.0674186430915,0.5211640694021279,3616.5204966956317,0.08609225209155731,1617.4880694184742,10,0,0,63,0.0,1524,252.0,1.6174880694184741,163.92848751123356,95451.22278915613,2657.037601599285,1500000.0,0.43230299909147674,0,6,18.504488370940845,24,E8,P3,no_team_lift,0.0,no_team_lift
24.253035399651047,85.6607975796419,13.012585163024141,42.02270822266293,7.1069792166788375,18.725484600951138,45.12580301127926,114.14042905439351,,,17.984919473192832,31.824813868107785,7.025255781648252,14.461981990474854,9.118745166049397,85.6607975796419,0.6956521739130435,0.9453125,77024.21305695022,1590717.1925351804,1579513.3187556453,1675,0.9929567154789601,10203.873779534995,0.006414637263882673,1000.0,17.972404875891478,14.117764160949264,32.2728193658545,19.099605977620712,24.253035399651047,991.5491209230064,6054.781050419768,3145.57529370233,0.5195192472705933,3618.947137530026,0.08711513085485481,1707.8180475543,9,0,0,62,0.0,1535,252.0,1.7078180475543,160.62404478325487,92550.29471440711,2741.296706082343,1500000.0,0.4203266974627494,0,5,11.459268114249259,25,E8,P3,no_team_lift,0.0,no_team_lift
4.594276770523337,13.596559370776049,10.44306278716163,24.869811840941658,15.663205353742901,37.09844892461862,5.761967066451689,6.631306202329506,41.69262186903052,41.69262186903052,17.74836791796195,30.753406480160812,6.270536867570359,15.820324167941184,7.85564093615673,13.596559370776049,1.0,0.9917695473251029,60773.337476461245,1568414.1462153625,1540997.0916795367,1658,0.9825192506698668,24417.0545358259,0.015567989229595446,3000.0,17.423920229830472,14.294288657530615,30.632572988131407,18.414319312751708,4.594276770523337,902.4052786624328,6010.239502629821,3130.0319985031165,0.520783239525405,3571.9939537876735,0.09072290193925057,1754.135355749654,14,1,0,51,0.0,1519,252.0,1.7541353557496542,164.66879575949255,96351.77994886521,2633.621667294775,1500000.0,0.4293165235602595,0,7,20.936084286446437,26,E8,P3,no_team_lift,0.0,no_team_lift
2.6163244637694234,3.9359317607558753,3.5892171121933645,4.283848344943181,8.68749504425233,16.446623857089428,,,,,18.339085236831885,32.55291250716071,6.838555109096745,17.763858902347152,8.26478693954449,3.9359317607558753,1.0,0.9653679653679653,13735.182660926428,1515300.790657525,1515300.790657525,1643,1.0,0.0,0.0,0.0,17.994507779910865,14.436016293318062,32.14047887383185,18.88489620255669,2.6163244637694234,941.9727475240751,5995.603431976886,3128.076711304739,0.5217284209661848,3550.132057177953,0.0853469889729034,1672.7618865196305,9,0,0,58,31.69680174720179,1517,252.0,1.6727618865196305,167.40752954827204,99290.78370153236,2554.847010262894,1500000.0,0.4099805988395121,0,8,25.369974279844016,27,E8,P3,no_team_lift,0.0,no_team_lift
7.227164726679965,28.26459521682955,5.89873615238344,10.56646394161253,11.746089034988193,27.403545216662227,22.802486770796957,31.123925123103618,25.62499700459739,25.62499700459739,16.561395700312815,27.824418285510546,3.5044566890626823,4.552497187937843,6.637581340710796,28.26459521682955,0.84,1.0,68581.49159832505,1573415.8066775976,1557718.6677790394,1674,0.9900235278990211,12697.138898558253,0.008069792387156292,3000.0,16.187736729709204,13.927191887542563,27.824418285510546,17.292753444904772,7.227164726679965,855.9126685825278,6102.858283736849,3170.1162448562827,0.519447789456973,3657.293368140844,0.09060517118329776,1729.3622224984047,13,0,0,68,629.4759323464433,1526,252.0,1.7293622224984047,162.88522919498683,93848.76982426445,2703.598168602707,1500000.0,0.42765583962241616,0,12,36.98029223582062,28,E8,P3,no_team_lift,0.0,no_team_lift
11.648561122483747,54.38975233708334,9.259327839774702,13.720024892689615,31.764734735807707,104.43476426181951,27.285256874164514,48.985837011374834,4.225080002754112,4.225080002754112,17.201592944931928,30.07111956642158,7.611411765825981,12.295455088691597,10.226530459749284,54.38975233708334,0.8571428571428571,0.9363295880149812,112356.63513066774,1621220.5193435643,1598366.8593377506,1677,0.9859034229254221,22853.6600058139,0.014096577074577983,0.0,17.24430423205048,14.246714890784006,30.568703498594918,18.068185244593305,11.648561122483747,942.1268005602897,6198.664801149145,3213.4920285394614,0.5184168093657404,3767.149596328107,0.09144437044537454,1848.9825716096361,10,0,0,65,0.0,1556,252.0,1.848982571609636,158.8177214064527,89559.03911302175,2834.4317344813985,1500000.0,0.4116286275058031,0,8,25.969537544894102,29,E8,P3,no_team_lift,0.0,no_team_lift
2.8258147879591116,4.970334036856002,3.1063780813893747,3.808539862104226,2.9922388421250536,5.289651166539045,,,,,17.568449797313832,30.38887150029586,6.916804544438885,15.228179140299906,7.638864417410255,4.970334036856002,1.0,0.9832635983263598,12966.277020972228,1514488.940738426,1514488.940738426,1652,1.0,0.0,0.0,0.0,17.139162273678657,14.685250576662156,29.48443075701368,18.062101265341937,2.8258147879591116,895.5034967571976,6015.253324436154,3128.349477763034,0.5200694482898229,3611.07368421338,0.08780790867913071,1723.7775798387022,8,0,1,67,0.0,1518,252.0,1.7237775798387023,167.53095434036612,99451.20364833435,2551.2388817034507,1500000.0,0.4222137609594485,0,11,28.981618740741812,0,E8,P3,no_backhaul,0.0,no_backhaul
3.759028162841722,6.812234032357537,5.821694325662414,10.506427348474608,5.533791517075605,7.0932775546072655,11.287872460589446,31.064934407040923,,,17.295730208123214,29.34990275721004,5.185870349187309,10.35014549057306,7.264761999826024,6.812234032357537,0.9722222222222222,0.9898305084745763,100709.15434103922,1615590.1093808752,1613590.1093808752,1720,0.9987620622406717,0.0,0.0,2000.0,16.471537117244317,13.367692873425312,28.12026102633719,17.26517245555337,3.759028162841722,883.78427725139,6574.450930329437,3417.7746375063034,0.5198570456643508,3905.8910528352876,0.09808266423627209,1968.0375963864337,17,0,11,63,0.0,1590,252.0,1.9680375963864338,157.3931546307212,87669.56857682204,2896.8779214858614,1500000.0,0.406064646286622,0,12,38.4440258957745,1,E8,P3,no_backhaul,0.0,no_backhaul
34.496006965916166,105.72789164185589,51.15283392725626,118.35918775405399,15.394391817061358,32.28769224320969,12.54551555188334,18.526774850591938,69.2093660732994,113.33548802665946,18.50741659960874,32.11176923259927,6.376322203976586,15.363433546380293,10.899544557467582,105.72789164185589,0.6875,0.9227941176470589,76800.1464189748,1590664.735403459,1590664.7354034588,1695,0.9999999999999999,0.0,0.0,0.0,18.890084293446787,15.147528914443683,33.21219792170397,19.688033750566927,34.496006965916166,1050.2065161431133,6285.601373231924,3265.6053160359966,0.5195374510930671,3812.653098975869,0.0927033641888558,1807.8113088204973,12,0,7,60,0.0,1568,252.0,1.8078113088204972,159.5608462674847,90714.18881374439,2797.8843731926236,1500000.0,0.4281142109591387,0,7,20.212325030263347,2,E8,P3,no_backhaul,0.0,no_backhaul
9.316233603273849,27.697172974409956,12.080060784708884,22.21645872040926,14.587265846997393,38.08829492369769,19.203808441825903,28.4722749239676,31.56528686475471,42.62919040575107,17.16603169131451,29.070062992518,4.816227125854751,6.4846823682333365,9.135737203683629,27.697172974409956,0.8888888888888888,0.9700996677740864,100592.7237119158,1620301.3378479234,1618301.3378479232,1736,0.9987656616992883,0.0,0.0,2000.0,16.65164722755278,14.006444662913054,29.489266643535302,17.895995852028,9.316233603273849,943.3620985676276,6576.140745739285,3418.501686345382,0.519834020973509,3953.991130998191,0.09465777777278558,1882.2911700483212,9,0,7,74,0.0,1589,252.0,1.8822911700483211,156.88196334785854,87554.25648482952,2899.7138615875106,1500000.0,0.42123669083562787,0,10,27.03161874074181,3,E8,P3,no_backhaul,0.0,no_backhaul
4.33711042346192,9.079036381852532,4.932302934576588,9.195157799319896,5.203825974035816,8.02675273550349,12.737596754772571,25.48656017291451,27.6915187039624,43.19698351906286,17.598009238733052,32.06478716579697,3.5574245595243696,7.2861161036831605,7.291602803647538,9.079036381852532,1.0,0.9839743589743589,111662.5896233039,1623621.9329033762,1608568.613833768,1749,0.9907285564671514,13053.319069608136,0.008039629673064387,2000.0,16.520986734841493,13.179342552840808,30.03938231111698,17.7402259726992,4.33711042346192,925.334580587685,6737.7124738733955,3474.2517588773762,0.5156426268335681,3990.2104978015113,0.09747617725505692,1953.6381624435417,15,0,10,57,0.0,1625,252.0,1.9536381624435417,157.8755397677351,89037.50368037673,2852.2097730196497,1500000.0,0.4032439058341929,0,11,33.24501552511676,4,E8,P3,no_backhaul,0.0,no_backhaul
9.179062370479826,7.80110717012758,8.511999815590865,16.666540237924785,18.488516841098377,80.00781253551887,16.168632578753176,36.31314694348731,38.58301257579212,38.58301257579212,17.78153341332844,31.13855958337454,8.553697415367445,21.16609857849738,8.798733596041334,7.80110717012758,0.9032258064516129,0.9527272727272728,69345.69733877359,1581071.8908623361,1566559.6627648063,1700,0.9908212724662288,13512.228097529805,0.008546245224915148,1000.0,17.367323875104873,13.656808201523404,31.129153161206943,18.527991382278213,9.179062370479826,968.6274315435413,6500.029073241003,3345.8240857841092,0.5147398647119952,3771.8217373629877,0.09072613359307825,1796.035020175444,10,0,7,48,0.0,1595,252.0,1.796035020175444,162.00853440350508,93144.17042424507,2724.765638731947,1500000.0,0.4196034452814118,0,15,52.103178406067286,5,E8,P3,no_backhaul,0.0,no_backhaul
3.6310816192119084,5.021683120961324,4.045056794271741,5.786761169988316,3.0540768263333784,4.456303933551226,5.778960750069871,6.3865481977581,11.799652748567041,13.630308557028092,17.58651096252497,28.99547544889668,3.589135344155511,6.383395307013508,6.668153434145533,5.021683120961324,0.972972972972973,0.9850746268656716,68462.89817107105,1574237.3856304632,1560296.932096663,1695,0.9911446306249312,13940.453533800395,0.008855369375068811,0.0,16.816554004683486,14.558838994588825,28.077135595553607,17.82231583479125,3.6310816192119084,905.4427202829962,6289.074227978705,3262.3557031886703,0.5187338525398808,3712.7770225452623,0.0913899087930642,1877.0725491478318,10,0,2,70,0.0,1558,252.0,1.8770725491478317,162.710742632813,94939.36708636695,2674.096956199363,1500000.0,0.3956049954539057,0,13,45.24397737044275,6,E8,P3,no_backhaul,0.0,no_backhaul
5.179242503335872,10.80038892413268,7.307612890980545,13.267457087848982,4.844592792131522,9.534604814937193,33.68190196382153,42.600391791577316,25.6524287211505,25.6524287211505,17.89436054775915,32.71097272515382,9.057588493138685,21.548657186951534,8.562765531674899,10.80038892413268,0.9565217391304348,0.9760956175298805,66661.68215178815,1575781.2122211275,1560645.4313835679,1671,0.9903947447017565,14135.780837559716,0.008970649432756442,1000.0,17.48332574978005,13.781096179560336,32.36905876235687,18.52841798169319,5.179242503335872,959.7104748366113,6241.074143732065,3265.4765760392897,0.5232234869888256,3719.0118117390793,0.08674080352354026,1664.7635101757191,7,0,3,50,0.0,1556,252.0,1.6647635101757192,162.53836932408976,93586.25030324914,2710.4917943418122,1500000.0,0.4144894684128455,0,15,50.57949875902265,7,E8,P3,no_backhaul,0.0,no_backhaul
8.275881051551284,19.473824709886884,10.37642551271682,17.132885723961532,6.6355347334863275,8.423796508338,29.362982122260973,40.08777868040961,,,18.02010888469312,30.46835295452307,5.3028216029546495,10.61602837081346,8.605584405017101,19.473824709886884,0.8928571428571429,0.959409594095941,53177.689805350616,1556757.0832136883,1554757.0832136883,1686,0.9987152780471882,0.0,0.0,2000.0,17.537996579545013,14.224669017887663,30.79618774520918,18.50579329325634,8.275881051551284,943.0396587546511,6360.232253436837,3314.207496970777,0.5210827788843561,3781.8363628725665,0.09517969048889847,1964.7769267686479,12,1,5,65,0.0,1563,252.0,1.9647769267686477,163.34691745016693,94794.28033317676,2679.1149849352705,1500000.0,0.41017939978577234,0,15,55.4805194190712,8,E8,P3,no_backhaul,0.0,no_backhaul
11.126801744574822,43.449150433132054,18.490684716730698,61.04736702460471,9.277752125384415,29.433383574806733,73.59172796550381,105.10993604221221,79.53329386747737,101.84432019763426,17.733255233511148,30.90494346703357,5.005281855141377,7.995888867638314,9.788927113677468,43.449150433132054,0.8636363636363636,0.9446366782006921,79011.77333131488,1584037.482643687,1568973.72854601,1715,0.9904902792624982,13063.754097676843,0.00824712435205386,2000.0,17.45169116387931,14.650275385858095,31.52919057673815,19.45201015521511,11.126801744574822,1011.5674598610857,6476.917862763842,3362.9340977479424,0.5192182715611751,3838.484014927367,0.09791059556514585,2032.0549508850893,14,1,4,58,0.0,1593,252.0,2.0320549508850894,161.9096931510129,93088.394325279,2728.9336849362794,1500000.0,0.39585673907827335,0,14,49.387681169271396,9,E8,P3,no_backhaul,0.0,no_backhaul
15.095824239781846,42.88227059025053,14.011661580058217,40.86974501251484,24.976744757670804,62.19291532912957,27.42601681463816,40.78683058755105,46.45456998200632,78.9369979003606,17.97989938969086,31.320462114622273,5.813029128231011,14.252258256208734,9.691960191809596,42.88227059025053,0.6923076923076923,0.9397163120567376,78127.15549743046,1588758.265839218,1569992.3640492226,1711,0.9881883215379637,14765.901789995241,0.009293988964517242,4000.0,17.77256032043142,14.969368128382484,32.54701855380654,19.129038319340484,15.095824239781846,981.5803497243179,6443.911079201482,3341.494943561357,0.5185507531825578,3850.594757721762,0.09588367241330403,1973.2668324208387,11,1,5,67,0.0,1566,252.0,1.9732668324208387,161.76719877629816,92773.88652191171,2737.551226469707,1500000.0,0.40734827058152023,0,10,30.803655313617806,10,E8,P3,no_backhaul,0.0,no_backhaul
5.860001314072807,15.2979171724337,10.052931270162958,25.103851573344286,4.3863653810644525,7.356202917492921,14.112371491469503,28.386513512719926,11.44740328022308,18.746653341732056,17.181495489685748,27.83810697566187,6.577292977035546,6.913889134713601,8.579202173631309,15.2979171724337,0.9444444444444444,0.9721254355400697,111543.27783898677,1624921.920249499,1623921.920249499,1714,0.9993845858145317,0.0,0.0,1000.0,16.532946351458488,14.189344596313731,27.813184838590416,17.16398974220909,5.860001314072807,916.966779481785,6545.446797949701,3378.2353228732723,0.516119896342519,3836.1272897422273,0.09469556069638843,1940.392185146201,10,1,13,57,0.0,1605,252.0,1.940392185146201,156.37475485652098,88622.45810235929,2865.4180624491823,1500000.0,0.3805246207901194,0,6,14.690923258033969,11,E8,P3,no_backhaul,0.0,no_backhaul
4.298378782866507,7.999056374797872,6.949800605060545,10.529034445408161,2.9339288334977027,2.9339288334977027,,,,,17.49884244769788,28.12865551754514,2.021359173487326,2.5177435532436903,8.27945657312338,7.999056374797872,1.0,0.9768518518518519,18023.744041762733,1518714.779790731,1501483.6889429558,1619,0.9886541626663109,14231.090847775113,0.009370482882728029,3000.0,17.32164861479079,14.195102506912008,27.939213532639226,18.0670748615513,4.298378782866507,894.2467334679595,5856.104820974511,3061.3690277550777,0.5227654082950033,3549.883345373863,0.08241331091817644,1598.6434963377021,4,0,0,58,0.0,1493,252.0,1.598643496337702,168.8987002415398,100752.02376796119,2517.0575638301098,1500000.0,0.42535084731472395,0,3,9.960101027585072,12,E8,P3,no_backhaul,0.0,no_backhaul
3.0052955847576484,6.261435986529615,5.592007203555432,9.608430298607052,5.5250537075248305,10.06916540585835,6.580756606874274,9.509427117372843,9.34331049319644,9.441936833787441,16.09872238014937,27.70725147711528,5.872043125459431,8.662313957323931,6.109557404640678,6.261435986529615,1.0,0.9966329966329966,91238.2981341862,1601282.5337738234,1599282.5337738234,1723,0.9987510011769838,0.0,0.0,2000.0,15.280709596854607,12.759380755778693,27.148389637635773,16.101669867443373,3.0052955847576484,833.2391035038455,6539.321870308718,3374.7466678213086,0.5160698211146454,3941.3574930772306,0.09229061454630233,1807.1132863870098,8,0,9,63,0.0,1602,252.0,1.8071132863870099,158.70060975872659,89291.72790251276,2842.448222790463,1500000.0,0.4086871341150815,0,11,39.398647794983276,13,E8,P3,no_backhaul,0.0,no_backhaul
7.008932858820885,21.715475906035863,12.642262045798171,26.690397869403885,9.581956355940587,26.669420744343142,30.608855312031412,62.476661149832765,4.8210074973128485,4.8210074973128485,19.045083720956832,35.579687045581565,17.61075737848736,61.24199133600379,10.204707744706312,21.715475906035863,0.9512195121951219,0.9540983606557377,108277.73229511893,1623568.4454141085,1621568.4454141085,1739,0.9987681455588465,0.0,0.0,2000.0,18.52705128406362,14.361521842318325,35.443979259252146,19.6971273135332,7.008932858820885,1057.6646093340205,6624.600445551918,3412.757298593374,0.5151642467561748,3870.7097952615704,0.0925725279488919,1920.1213634797614,7,0,11,56,0.0,1614,252.0,1.9201213634797614,156.58920971333706,87477.15606567997,2902.7020628429023,1500000.0,0.3988876947829584,0,14,41.64259854737636,14,E8,P3,no_backhaul,0.0,no_backhaul
12.338666459942099,33.05013690336346,19.021474898749823,51.84632682173442,12.880776406562994,37.39096567998786,18.399216347108442,47.33768127146895,30.78030650943371,49.04389927110024,18.52247567480318,34.57025042520722,10.871958223882185,37.22436028544108,10.9778479380072,33.05013690336346,0.775,0.9495268138801262,142692.91995045857,1659042.555528634,1656042.5555286342,1752,0.998191728120534,0.0,0.0,3000.0,18.155975325278135,14.371548770135405,35.41176923259809,19.007368743151392,12.338666459942099,1036.5984843908118,6620.183185435978,3389.661219113132,0.5120192484356312,3931.917887316865,0.09687800165283282,2007.8564879678088,15,0,6,60,0.0,1626,252.0,2.0078564879678087,153.38244517930556,84149.89477542916,3018.516626382465,1500000.0,0.39497855712804864,0,7,22.43458937846546,15,E8,P3,no_backhaul,0.0,no_backhaul
40.194753705999865,131.59350809358222,68.66711645211188,120.85449421919839,70.47736889071945,141.6158983760346,35.942420607773215,89.34806770637499,,,18.054009509129383,31.958426260594493,3.020761066922003,4.672159705063496,15.538543084651135,131.59350809358222,0.7,0.889763779527559,48172.02414110696,1551004.9906443798,1548004.9906443798,1660,0.9980657702469715,0.0,0.0,3000.0,19.215597938104032,14.672391269188438,34.80706193955852,19.853528536717032,40.194753705999865,1004.7557264766656,6068.2101568125,3156.8043707077354,0.5202200136664247,3667.3793430987776,0.08817167359686624,1767.9672255073967,6,0,5,53,0.0,1510,252.0,1.7679672255073968,163.9322668590834,94788.80197610345,2677.1935285086,1500000.0,0.4110035027376232,0,12,36.349467489740846,16,E8,P3,no_backhaul,0.0,no_backhaul
3.5426341551762612,6.177274615874922,7.106719668010366,14.011597395101308,4.6435284152773635,6.105405601782881,15.766592465084443,29.901828651537784,15.323276223316384,29.3288233436404,16.999959119586013,29.259187695629045,4.891503047793005,11.89889669151362,6.741141224101327,6.177274615874922,1.0,0.9931972789115646,108753.96482816651,1618779.5327069117,1612058.491499321,1722,0.995848081179806,0.0,0.0,6721.041207590521,16.19043085324748,13.371047243726252,28.03420903629749,17.34110458273341,3.5426341551762612,894.6718942354787,6468.088017981019,3352.3768943805344,0.5182948786505478,3943.825548463658,0.09632326622362267,1876.624979565382,12,0,6,69,0.0,1580,252.0,1.876624979565382,157.48598845408105,88628.64827194763,2864.4984429929677,1500000.0,0.43286028588275993,0,10,26.642552825649922,17,E8,P3,no_backhaul,0.0,no_backhaul
5.831331304238719,12.121418687931055,5.600744774415579,11.270413879559783,12.193557308140157,22.41037117323431,19.162504921354184,21.475825217947296,84.03516298503655,84.03516298503655,17.788429821334336,30.624395736953197,3.4619214076193714,7.765479831432458,7.331144174705605,12.121418687931055,1.0,0.9958847736625515,44452.613878874734,1549611.527047556,1548611.527047556,1659,0.9993546769738444,0.0,0.0,1000.0,17.457740150553935,14.187740737353124,30.308614134433174,18.819042412388228,5.831331304238719,949.1168143518335,5965.145581882648,3077.0099954510865,0.5158315003738697,3644.368679954195,0.08658140980944597,1665.1208886397626,6,0,4,61,0.0,1518,252.0,1.6651208886397626,163.80164841744073,95170.47024712568,2665.3763528745503,1500000.0,0.4237885463347537,0,6,14.813666487209016,18,E8,P3,no_backhaul,0.0,no_backhaul
7.9956563844466295,19.55573980875143,10.939731332244175,21.16726067935822,5.043925149988895,6.211458270537151,8.252182302831796,11.209425576506334,4.300086812546397,4.300086812546397,18.70048293204445,32.97871448914921,6.206644407377595,14.293149790020653,8.038031912924847,19.55573980875143,0.9210526315789473,0.9620689655172414,87841.34456932086,1606256.9135860626,1605256.9135860626,1723,0.9993774345862472,0.0,0.0,1000.0,17.88978586710631,14.037539360142318,32.12133263151527,18.645216248975363,7.9956563844466295,979.4369976258729,6568.098152721624,3393.252863138033,0.5166263938567925,3929.070511451076,0.09734767880954984,1913.801269376889,11,1,6,62,0.0,1592,252.0,1.9138012693768889,158.1764259168623,89054.49479369378,2851.2182552671925,1500000.0,0.41123293304719855,0,13,34.1602923998683,19,E8,P3,no_backhaul,0.0,no_backhaul
4.471278002655599,7.039916505903876,10.697946522142974,16.941825487298143,29.211752376349967,80.91645032647045,34.34530274162444,85.45377057041199,20.905330007459042,39.3952106271644,18.814565803074487,35.411769232598715,3.9714655677270003,5.6802234108287895,10.812421168934552,7.039916505903876,0.9642857142857143,0.946360153256705,80793.2701575543,1590649.44826436,1588649.44826436,1683,0.9987426519386894,0.0,0.0,2000.0,18.510580237736384,14.375323666628901,35.4117692326012,19.741340259852247,4.471278002655599,1040.4456073307128,6219.159324121065,3228.717079465878,0.5191565147628989,3758.133459027617,0.092302582927011,1966.0180837232604,9,1,4,52,0.0,1552,252.0,1.9660180837232604,159.86284347449188,91232.57179507794,2783.720913339691,1500000.0,0.3856930492313221,0,11,27.706455032650798,20,E8,P3,no_backhaul,0.0,no_backhaul
6.281818572554511,11.190534052578476,7.4773813311141195,12.350461075186557,6.684088471744737,14.45072212398227,9.856479682197687,19.21478483730243,4.923575236351553,4.923575236351917,18.78258469309997,33.199799560101155,6.746196466697853,18.57531699691755,8.624842854948842,11.190534052578476,0.9791666666666666,0.9776357827476039,101795.26384377985,1612089.748972065,1595308.3407910222,1745,0.9895902767251368,14781.408181042894,0.009169097558289251,2000.0,17.781000477331002,13.66449291146796,32.20839931255234,18.718583043930014,6.281818572554511,995.8933962202482,6647.08167544785,3424.5599644286476,0.5151975154868119,3875.756502410055,0.0941538995357554,1959.124151679209,10,0,4,62,0.0,1612,252.0,1.959124151679209,159.19124701984282,90044.54224386062,2820.3722049460976,1500000.0,0.3826739520102338,0,11,39.02891734955489,21,E8,P3,no_backhaul,0.0,no_backhaul
3.047864850466712,4.995980005051251,4.023696343668986,5.5024623663739485,11.636391854071308,34.961720730932306,5.212163049455739,5.212163049455739,,,18.621224187569908,32.27281936585496,3.2414589459360865,5.169029540106226,8.345168244453424,4.995980005051251,1.0,0.9764705882352941,26819.936004901418,1529389.3707573186,1527389.3707573186,1662,0.9986922885445387,0.0,0.0,2000.0,18.10150909068236,14.689287920452443,32.10927655126689,19.069716656058134,3.047864850466712,980.1112048193787,6084.177947309435,3159.46813778103,0.5192925264748741,3683.451276884912,0.08692053850191224,1674.2551134055236,9,0,1,56,0.0,1549,252.0,1.6742551134055237,166.08355404989322,97922.29347940498,2590.5669291412,1500000.0,0.4161216311044498,0,6,14.987459172712168,22,E8,P3,no_backhaul,0.0,no_backhaul
5.624456080741176,7.990740086664118,13.48049977982336,53.372286749256546,3.5193876823582895,6.7082964878331035,4.876301303517114,5.070817646590877,5.244145454433692,5.730057158137515,17.750055755877682,32.909952393523554,9.105713067618069,17.676045332608055,7.71509434930519,7.990740086664118,0.9259259259259259,0.98046875,66305.29979334184,1572295.0317663788,1570295.0317663788,1672,0.9987279741018115,0.0,0.0,2000.0,17.277711919131157,14.18248870565651,32.27281936585496,17.930057481516993,5.624456080741176,921.3426235347682,6156.775041356849,3223.1680049281613,0.5235156365592707,3687.52547783397,0.09015732494465072,1811.5542820170408,12,0,1,59,0.0,1550,252.0,1.8115542820170407,161.63303656161472,93501.37810909556,2714.522068176094,1500000.0,0.4088640820364352,0,14,42.203741591908255,23,E8,P3,no_backhaul,0.0,no_backhaul
17.87095175601106,58.60997215142632,21.736795934843894,59.17437107007264,16.134408311863655,47.8697116414297,76.91542505545294,118.71121747448906,4.316397158093423,4.316397158093423,17.49425636260385,29.341385635915387,4.840649855695841,5.135934104276748,9.382274556776604,58.60997215142632,0.7586206896551724,0.9397590361445783,40971.19198450468,1549122.7235720013,1547122.7235720013,1665,0.9987089467028226,0.0,0.0,2000.0,17.47371163222411,14.003535963225659,31.352216641019965,18.516603636703852,17.87095175601106,924.0997541540509,6064.146516718135,3167.4056814965274,0.5223168128877435,3617.2857766793622,0.08707922849128605,1642.8257116982413,10,0,3,62,0.0,1517,252.0,1.6428257116982412,163.9448647784624,95460.75883872673,2657.037601599285,1500000.0,0.4296112041711315,0,7,23.971517569169524,24,E8,P3,no_backhaul,0.0,no_backhaul
29.276630624150773,111.27911918494456,12.996650751271622,42.02270822266293,5.999472165511254,6.396466139926452,55.31269889756196,152.18964795113783,9.294772713122256,9.294772713122256,17.989799371966058,31.64286203753164,7.608813788726934,15.612266796436556,9.644909480798226,111.27911918494456,0.6956521739130435,0.9453125,77024.21305695022,1590717.1925351804,1589717.1925351804,1676,0.9993713527428428,0.0,0.0,1000.0,18.09444541389994,14.185220377174574,32.27281936585439,19.32184962947893,29.276630624150773,1003.6865963440804,6113.853515403494,3177.515959582078,0.5197239272377909,3623.4260621656776,0.08835922886743611,1754.1650647119122,9,0,4,57,0.0,1541,252.0,1.7541650647119122,159.622205922074,91456.77131363856,2774.5803992412602,1500000.0,0.41281055515286447,0,5,11.459268114249259,25,E8,P3,no_backhaul,0.0,no_backhaul
5.086223069574385,13.679885254426793,10.433605597701343,24.869811840941658,9.084325070376822,13.18381092649288,5.761967066451689,6.631306202329506,41.69262186903052,41.69262186903052,17.67843450473771,29.846416207299992,3.1031262055660807,4.4320802884656585,7.287464222638568,13.679885254426793,1.0,0.9959016393442623,60773.337476461245,1568414.1462153625,1551792.3518766356,1659,0.989402164996512,13621.794338726966,0.008685074902950108,3000.0,17.27073703631608,14.34365776498089,29.455385599333933,18.104607926579884,5.086223069574385,898.1582275515301,6062.332664504965,3155.6592617003175,0.520535483012462,3611.8553689738774,0.09183782210034405,1769.2824688429223,14,1,6,52,0.0,1525,252.0,1.7692824688429223,163.53301533027343,95541.36056758864,2656.1196215048603,1500000.0,0.4215405604213901,0,7,19.52037060221714,26,E8,P3,no_backhaul,0.0,no_backhaul
2.867775292150931,5.407923022023898,3.618278083135399,4.283848344943181,4.761840630043594,6.608073909997165,,,,,18.321612163838164,32.115357937752954,7.665298694269126,19.39955454803176,8.218223913646826,5.407923022023898,1.0,0.9653679653679653,13735.182660926428,1515300.790657525,1515300.790657525,1643,1.0,0.0,0.0,0.0,17.966446825278723,14.573658318833623,32.08684241927949,18.82249261921926,2.867775292150931,939.333602420019,5992.272635170862,3123.576314957697,0.5212673897085847,3549.076991373508,0.08564276960277675,1692.2706471476981,9,0,1,58,0.0,1519,252.0,1.692270647147698,167.4204040618659,99298.4196815146,2554.847010262894,1500000.0,0.4070446243303997,0,6,18.683056936074543,27,E8,P3,no_backhaul,0.0,no_backhaul
9.321697660528873,29.58145607867155,7.042361072962679,8.14352801999112,11.850525296233942,29.375708450884314,30.082428384991697,63.214142621946394,70.7117819623113,83.96031036722752,16.73083005294875,28.048313303999485,3.9339260109959593,6.156075692478593,7.771771745904409,29.58145607867155,0.84,0.9845559845559846,68581.49159832505,1577899.8491911527,1574899.8491911527,1676,0.9980987386483763,0.0,0.0,3000.0,16.473393345867322,14.026930487068057,28.300548338913813,18.113403794368377,9.321697660528873,920.8140792960286,6143.531861063339,3171.948601942429,0.5163070158463244,3696.231503672414,0.09442097790707892,1830.6511751353303,13,1,7,75,0.0,1535,252.0,1.8306511751353303,161.17256681781979,92564.72641185731,2742.196309701622,1500000.0,0.4148195621544176,0,10,30.682440807143035,28,E8,P3,no_backhaul,0.0,no_backhaul
9.841358336198807,43.82175795174953,10.170284979491907,13.720024892689615,31.025460676613392,108.88102322523264,15.2840541193153,43.06886642721228,61.40053419143002,116.57835684725897,17.284630786016127,30.1690603749973,6.141174176206471,7.994517779900705,9.685354803139154,43.82175795174953,0.8571428571428571,0.9438202247191011,112356.63513066774,1624886.1453492267,1624886.1453492267,1680,1.0,0.0,0.0,0.0,17.300369414950445,14.060887358017112,31.07668741099933,18.761691056904866,9.841358336198807,1008.7919507466834,6344.909407152696,3279.5453981760575,0.5168782070361768,3813.576173103768,0.09408215030501214,1914.1742827979715,10,0,12,65,0.0,1564,252.0,1.9141742827979715,156.26582515307604,86807.76153963908,2925.0169544672913,1500000.0,0.400974688613815,0,9,28.60513937466419,29,E8,P3,no_backhaul,0.0,no_backhaul
2.8258147879591116,4.970334036856002,3.1063780813893747,3.808539862104226,2.9922388421250536,5.289651166539045,,,,,17.568449797313832,30.38887150029586,6.916804544438885,15.228179140299906,7.638864417410255,4.970334036856002,1.0,0.9832635983263598,12966.277020972228,1514488.940738426,1514488.940738426,1652,1.0,0.0,0.0,0.0,17.139162273678657,14.685250576662156,29.48443075701368,18.062101265341937,2.8258147879591116,895.5034967571976,6015.253324436154,3128.349477763034,0.5200694482898229,3611.07368421338,0.08780790867913071,1723.7775798387022,8,0,1,67,0.0,1518,252.0,1.7237775798387023,167.53095434036612,99451.20364833435,2551.2388817034507,1500000.0,0.4222137609594485,0,11,28.981618740741812,0,E8,P3,no_night_aware,0.0,no_night_aware
4.390195067789855,9.712129331249457,7.639018584657606,15.32311386023448,5.881173481954655,11.002334843371862,12.601736781447942,31.265864755363143,,,17.651135520416222,29.973254353586583,5.4445649001621925,12.35677695666805,7.625056455812619,9.712129331249457,1.0,0.9932203389830508,100709.15434103922,1615590.1093808752,1614590.1093808752,1721,0.9993810311203358,0.0,0.0,1000.0,16.852632965344924,13.758535185572782,28.111005410515645,17.675334162426264,4.390195067789855,868.3909608828038,6554.026845791989,3408.890659645316,0.5201215588297434,3891.5931953042345,0.11511687579420586,2209.8841898675164,17,8,14,64,97.49759036723961,1578,252.0,2.2098841898675166,157.4454610572004,87775.26373227678,2896.1449203414845,1500000.0,0.40071211602993295,0,12,39.85973958000379,1,E8,P3,no_night_aware,0.0,no_night_aware
35.27592024627748,105.83578098092777,37.173689787613974,105.55341730579812,15.050099910882098,32.28769224320969,12.54551555188334,18.526774850591938,64.896005768941,105.57143947881431,19.051324466741843,32.68506061854759,6.408141562666039,15.697536812619546,11.088832735758656,105.83578098092777,0.6875,0.9154411764705882,76800.1464189748,1590664.735403459,1590664.7354034588,1695,0.9999999999999999,0.0,0.0,0.0,19.309897187128477,15.123430690784517,34.42578935479835,20.174588305116014,35.27592024627748,1029.1558605950647,6210.9383705912705,3216.7306137257897,0.5179137872236789,3731.5034325289544,0.11042507451658044,2195.439554394616,12,9,6,58,45.49352643048186,1551,252.0,2.1954395543946164,159.80453573701695,90852.73215359364,2797.8843731926236,1500000.0,0.41650191163945893,0,8,22.458860944941545,2,E8,P3,no_night_aware,0.0,no_night_aware
8.432131052274114,17.082911045613493,12.120554552846402,22.21645872040926,14.745095723048456,38.08829492369769,19.203808441825903,28.4722749239676,31.56528686475471,42.62919040575107,17.317586443172264,28.979994089264398,4.101063965168175,6.266733228919241,9.981612313705314,17.082911045613493,0.9111111111111111,0.9634551495016611,100592.7237119158,1620301.3378479234,1618301.3378479232,1736,0.9987656616992883,0.0,0.0,2000.0,16.75688125335625,13.881227678695268,29.07759084655902,17.963796153842207,8.432131052274114,924.159050717176,6582.716307395333,3419.862374870503,0.5195214581902108,3948.5476207649644,0.10084409695118521,2032.5080798960596,9,3,7,68,140.9404256898973,1589,252.0,2.0325080798960595,156.97478716647285,87606.06053068301,2899.7138615875106,1500000.0,0.40532391280497404,0,10,30.723969347173917,3,E8,P3,no_night_aware,0.0,no_night_aware
4.33711042346192,9.079036381852532,4.932302934576588,9.195157799319896,5.203825974035816,8.02675273550349,12.737596754772571,25.48656017291451,27.6915187039624,43.19698351906286,17.992877387149083,32.408229596085164,10.26302506123349,8.379199368694021,7.63092917940191,9.079036381852532,1.0,0.9807692307692307,111662.5896233039,1623621.9329033762,1608568.613833768,1749,0.9907285564671514,13053.319069608136,0.008039629673064387,2000.0,17.023620536860957,13.179342552840808,31.465466721342644,18.127025916511027,4.33711042346192,941.3658311612021,6742.6063335695435,3473.4181805239505,0.5151447390945512,3990.5374173067266,0.10343758841171292,2095.888323324111,15,3,10,58,74.75263535818381,1629,252.0,2.095888323324111,157.96397252693305,89087.37734753339,2852.20977301965,1500000.0,0.3968998665461372,0,11,33.24501552511676,4,E8,P3,no_night_aware,0.0,no_night_aware
7.88290391538911,7.80110717012758,12.602003380611054,22.020855097304892,15.856110626857966,62.9371529166181,16.168632578753176,36.31314694348731,38.58301257579212,38.58301257579212,18.287666172871294,31.060920904718298,8.604610351453637,20.835193707582977,9.756082136697886,7.80110717012758,0.9032258064516129,0.9418181818181818,69345.69733877359,1581071.8908623361,1566559.6627648063,1700,0.9908212724662288,13512.228097529805,0.008546245224915148,1000.0,17.857419280819737,13.686502053748768,31.129153161206943,18.964203483502956,7.88290391538911,967.1642152248189,6465.707829135829,3329.302697860326,0.5149169720997588,3727.4351247344216,0.10437428771409168,2128.244685357238,10,7,6,46,0.0,1587,252.0,2.1282446853572377,162.22059760995552,93266.09271380256,2724.765638731947,1500000.0,0.3868341495448542,0,15,50.68746472183799,5,E8,P3,no_night_aware,0.0,no_night_aware
3.6310816192119084,5.021683120961324,4.045056794271741,5.786761169988316,3.0540768263333784,4.456303933551226,5.778960750069871,6.3865481977581,11.799652748567041,13.630308557028092,17.653274285936092,29.2142297834823,4.549135344155511,8.842698101050114,6.689678130245635,5.021683120961324,0.972972972972973,0.9888059701492538,68462.89817107105,1574237.3856304632,1560296.932096663,1695,0.9911446306249312,13940.453533800395,0.008855369375068811,0.0,16.893734722947677,14.552527843650978,28.077135595553607,17.890844452737923,3.6310816192119084,903.1637240707688,6292.308446820584,3262.407405314367,0.5184754423414853,3711.4893902439726,0.09536745589144063,2010.0042293855652,10,2,2,69,0.0,1558,252.0,2.010004229385565,162.79593903197474,94989.07795415338,2674.096956199363,1500000.0,0.378569198879,0,13,45.24397737044275,6,E8,P3,no_night_aware,0.0,no_night_aware
4.776643689395702,7.006657662682665,7.497909635037923,13.842318535633568,4.844592792131522,9.534604814937193,33.68190196382153,42.600391791577316,25.6524287211505,25.6524287211505,18.754833987613477,35.159513339857774,13.703379522580581,26.324630741954554,8.89729304864107,7.006657662682665,0.9565217391304348,0.9760956175298805,66661.68215178815,1575781.2122211275,1560645.4313835679,1671,0.9903947447017565,14135.780837559716,0.008970649432756442,1000.0,18.35792541802413,13.926288357297608,35.08531742324158,19.391443211792183,4.776643689395702,947.7190462544105,6185.4619802097895,3226.549701633299,0.5216343923795107,3684.1423299175003,0.12116266398556194,2324.376465853847,6,17,3,55,0.0,1551,252.0,2.324376465853847,162.96102327380422,93829.60575522101,2710.4917943418122,1500000.0,0.38744421046742417,0,13,45.30829509948247,7,E8,P3,no_night_aware,0.0,no_night_aware
8.163378947467374,19.473824709886884,10.538499460434824,17.132885723961532,6.530277652189896,8.423796508338,29.362982122260973,40.08777868040961,,,18.26310412786591,31.362806874273414,6.216940931871377,8.07231586209691,7.908844393185202,19.473824709886884,0.8928571428571429,0.9704797047970479,53177.689805350616,1556757.0832136883,1554757.0832136883,1686,0.9987152780471882,0.0,0.0,2000.0,17.776393947680887,13.9829852563862,31.606859167098264,18.807872905720764,8.163378947467374,942.8223268995598,6368.727940236201,3313.357029358301,0.5202541324501007,3798.1306136022317,0.10364891938866626,2252.2005917298734,12,5,5,63,0.0,1563,252.0,2.2522005917298733,163.53178469924683,94901.56339738915,2679.1149849352705,1500000.0,0.3783017360723323,0,13,44.48214329357411,8,E8,P3,no_night_aware,0.0,no_night_aware
15.057207114542821,48.988590291271585,15.580245498931504,45.907845237068486,16.18691089017034,47.05686640137156,77.32400651255527,107.49172112576835,82.62570023718308,102.64601284373074,18.137967038313043,31.395296993516556,6.697650965465668,9.415041174736189,9.557011982605413,48.988590291271585,0.7954545454545454,0.9411764705882353,79011.77333131488,1584037.482643687,1568973.72854601,1715,0.9904902792624982,13063.754097676843,0.00824712435205386,2000.0,18.008661460150535,14.776472273057607,32.15829213432136,20.123049597943584,15.057207114542821,998.1720227624274,6478.291943164639,3364.9785320305004,0.5194237248880007,3861.307582118035,0.12087709794918833,2434.0751973403676,14,12,6,61,98.46370284000882,1580,252.0,2.434075197340367,162.16592449455987,93289.22583839917,2727.368277641036,1500000.0,0.39810227089940464,0,13,46.75207933950131,9,E8,P3,no_night_aware,0.0,no_night_aware
15.260198247054468,42.88227059025053,13.842771108369247,40.86974501251484,25.043926578493664,62.19291532912957,27.585852154819275,40.78683058755105,46.21481697173465,78.88904729830627,18.733073699896423,32.138070066238924,5.478623481776903,12.206940991238298,10.646183808001242,42.88227059025053,0.6923076923076923,0.9361702127659575,78127.15549743046,1588758.265839218,1569992.3640492226,1711,0.9881883215379637,14765.901789995241,0.009293988964517242,4000.0,18.471473216411432,15.472133251105333,33.16843677032739,19.819023800933543,15.260198247054468,1021.8478047559073,6436.47384169342,3328.127288346598,0.5170730698520133,3847.910060837338,0.10479871310076788,2201.1024164925516,9,6,5,62,60.09629953532991,1570,252.0,2.2011024164925517,161.91231768852273,92857.11257513355,2737.5512264697077,1500000.0,0.3814540865124776,0,8,21.67437651648164,10,E8,P3,no_night_aware,0.0,no_night_aware
8.90882449359968,18.58006294826646,10.052931270162958,25.103851573344286,4.3863653810644525,7.356202917492921,14.112371491469503,28.386513512719926,11.44740328022308,18.746653341732056,17.43745683958992,28.08539633007315,6.509672179212563,7.013380684963342,8.562510409328643,18.58006294826646,0.9166666666666666,0.9721254355400697,111543.27783898677,1624921.920249499,1622921.920249499,1713,0.9987691716290633,0.0,0.0,2000.0,16.83451088392882,14.129345070969975,27.90649249793787,17.427324541166428,8.90882449359968,910.5243459195792,6528.6491144882975,3371.2277032092907,0.5163744664616611,3853.5087789243103,0.10660348603406086,2152.625708649287,9,7,13,60,61.46131207143856,1596,252.0,2.152625708649287,156.60188117341917,88722.29920925846,2864.5856562983167,1500000.0,0.3742612865971823,0,6,18.383273864466076,11,E8,P3,no_night_aware,0.0,no_night_aware
4.298378782866507,7.999056374797872,6.949800605060545,10.529034445408161,2.9339288334977027,2.9339288334977027,,,,,17.620674517636115,28.38570356254298,2.021359173487326,2.5177435532436903,9.203827930561946,7.999056374797872,1.0,0.9629629629629629,18023.744041762733,1518714.779790731,1501483.6889429558,1619,0.9886541626663109,14231.090847775113,0.009370482882728029,3000.0,17.441825153204235,14.133500962543621,28.014148235277027,18.132630814801153,4.298378782866507,885.2665207215393,5870.491701651167,3068.5624680934047,0.522709616850378,3559.9308304881524,0.09259620504332026,1888.9004779419188,4,5,0,59,0.0,1496,252.0,1.888900477941919,169.0920136845973,100867.33975666769,2517.0575638301098,1500000.0,0.38785652109665925,0,3,9.960101027585072,12,E8,P3,no_night_aware,0.0,no_night_aware
3.3960328982180528,6.319390499628027,4.664077764482212,8.306289868964587,8.036915962168344,10.06916540585835,6.580756606874274,9.509427117372843,9.34331049319644,9.441936833787441,16.27072573056075,27.723911539792915,6.025661777648806,11.730195543038008,6.570145515870996,6.319390499628027,0.9772727272727273,0.98989898989899,91238.2981341862,1601282.5337738234,1599282.5337738234,1723,0.9987510011769838,0.0,0.0,2000.0,15.48657205677483,12.876510082092409,27.317191995641036,16.26871258056745,3.3960328982180528,836.1701538176751,6580.079196938565,3396.37550999643,0.5161602783712119,3944.5694470469666,0.09946813277817002,1969.7831819506903,8,4,9,60,644.4833663641472,1609,252.0,1.9697831819506901,158.80232405381102,89348.95670065212,2842.448222790463,1500000.0,0.384744316363282,0,12,41.48270633542786,13,E8,P3,no_night_aware,0.0,no_night_aware
6.432965190742288,11.099939953874582,12.680362809281272,26.690397869403885,9.756384047201063,26.47769200760763,30.23987248055341,62.476661149832765,4.8210074973128485,4.8210074973128485,19.27597209636979,35.922527003834055,15.760027796025396,47.61693081253092,10.525822149455987,11.099939953874582,0.975609756097561,0.9508196721311475,108277.73229511893,1623568.4454141085,1621568.4454141085,1739,0.9987681455588465,0.0,0.0,2000.0,18.690116405053782,14.37128814073003,35.57739781900564,19.896185243913408,6.432965190742288,1064.1334565457169,6666.945839803733,3431.9494839951203,0.5147708660696354,3889.9360098765146,0.09863023819950566,2098.3177411293195,7,3,11,53,2543.3828904644224,1614,252.0,2.0983177411293195,156.6991010831115,87538.54589274166,2902.7020628429023,1500000.0,0.38441362762413245,0,14,40.226884863147056,14,E8,P3,no_night_aware,0.0,no_night_aware
11.446137738457391,32.168368010915515,18.55128620521056,51.84632682173442,13.499018239125906,37.39096567998786,15.635221552860457,46.81605861236894,30.78030650943371,49.04389927110024,18.990744781669182,35.324301221286994,11.290364473514774,37.37032912254436,10.873417902550433,32.168368010915515,0.775,0.9495268138801262,142692.91995045857,1659042.555528634,1656042.5555286342,1752,0.998191728120534,0.0,0.0,3000.0,18.544516041337463,14.418901565004376,36.216620619544486,19.31791554181832,11.446137738457391,1031.121215364812,6642.307700176556,3399.8380474656965,0.5118459127353174,3951.356571973094,0.11330693472494224,2443.6039861534437,15,8,8,59,579.8336293048276,1625,252.0,2.4436039861534438,153.64557096476977,84294.25293280257,3018.5166263824653,1500000.0,0.36041247350912764,0,9,26.363273884526528,15,E8,P3,no_night_aware,0.0,no_night_aware
39.76755564767765,131.59350809358222,69.70741848837469,120.85449421919839,65.87131999645602,130.77324218356662,31.442420607773215,76.74806770637498,,,18.2224344546648,32.04321857805153,3.0565499854231652,4.672159705063496,15.705239792205678,131.59350809358222,0.7,0.8818897637795275,48172.02414110696,1551004.9906443798,1550004.9906443798,1662,0.9993552567489905,0.0,0.0,1000.0,19.321486954603547,14.956080325123594,34.80706193955889,19.865481741833495,39.76755564767765,1020.1809858400813,6132.127755411796,3198.2314633474407,0.5215532994277395,3684.6041092030423,0.09354819968166216,1861.432181374596,5,3,5,56,0.0,1531,252.0,1.861432181374596,163.781041811896,94764.78405520452,2678.8583408103323,1500000.0,0.39149999635227317,0,11,35.12957934420005,16,E8,P3,no_night_aware,0.0,no_night_aware
4.424810578134099,6.031722309994075,5.52906350569821,12.988226568551728,3.4595119492954822,5.5353710098469495,13.661164331017801,26.854166043495336,15.323276223316384,29.3288233436404,17.41368664065916,30.175991697693934,9.661922312319469,14.984814689705129,7.2965640915500165,6.031722309994075,0.98,0.9864406779661017,108753.96482816651,1618779.5327069117,1618779.5327069117,1724,1.0,0.0,0.0,0.0,16.62323314959022,13.627495875167028,29.50762103369877,17.730519557860266,4.424810578134099,888.5850156613268,6499.774631514551,3382.4436345311447,0.5203939869132018,3963.0610005790204,0.11139348278131578,2066.2611243811098,12,7,7,74,0.0,1574,252.0,2.0662611243811098,156.94926701941512,88273.13208991362,2878.183373686041,1500000.0,0.449431313445096,0,10,28.058266509879218,17,E8,P3,no_night_aware,0.0,no_night_aware
6.00635591397955,15.320188387047263,5.600744774415579,11.270413879559783,10.812694390520884,14.580166893133084,18.384795407950378,28.263774469691455,83.10405411481952,83.10405411481952,18.16313413926338,32.08684241927792,3.3623585010943486,6.807926445977046,7.7273877951663,15.320188387047263,1.0,0.9917695473251029,44452.613878874734,1549611.527047556,1548611.527047556,1659,0.9993546769738444,0.0,0.0,1000.0,17.80782902176742,14.24794525633456,31.76333970288105,19.155345602219015,6.00635591397955,945.6087234184605,5962.911632977376,3071.1219523072127,0.5150373074996841,3626.8199796640956,0.09843548352767471,1897.7491172054376,6,6,4,64,47.66193585012884,1518,252.0,1.8977491172054377,163.95186570854483,95257.74806375177,2665.3763528745503,1500000.0,0.403643728662591,0,6,14.813666487209016,18,E8,P3,no_night_aware,0.0,no_night_aware
7.6675111480573,10.553261846986551,12.460062569126169,22.17057936419332,3.531619071026401,6.211458270537151,9.606761518501925,14.172788955083712,4.300086812546397,4.300086812546397,19.112909101546283,32.338216817009744,9.164387421020313,12.796623078648736,7.772930956225753,10.553261846986551,0.9473684210526315,0.9655172413793104,87841.34456932086,1606256.9135860626,1605256.9135860626,1723,0.9993774345862472,0.0,0.0,1000.0,18.326477824949247,14.056394712184101,32.11176923259891,19.033089812097856,7.6675111480573,960.0245503309405,6605.90999917552,3414.0789296572098,0.5168218958604218,3943.117037695043,0.11707687862586323,2334.1507172528522,11,11,7,62,0.0,1599,252.0,2.3341507172528524,158.43828396856628,89201.92280875349,2851.218255267192,1500000.0,0.3964939413583429,0,13,41.152822256294776,19,E8,P3,no_night_aware,0.0,no_night_aware
4.458896301185815,7.039916505903876,21.64986671395338,63.5286839014422,28.82177030090094,110.1787523604884,16.057678142929035,34.248421694064845,20.905330007459042,39.3952106271644,19.27254317874913,35.515144318486115,4.9781692293030115,5.6802234108287895,11.41022448456093,7.039916505903876,0.9642857142857143,0.9386973180076629,80793.2701575543,1590649.44826436,1589649.44826436,1684,0.9993713259693446,0.0,0.0,1000.0,18.974568503145683,14.649341288210735,36.03291995147683,19.921287329006105,4.458896301185815,1039.705290350749,6265.7038340320505,3253.0865736200367,0.5191893296888626,3773.6081145832572,0.10315541746491973,2284.5638028129783,10,6,4,50,0.0,1558,252.0,2.284563802812978,159.96266603335133,91319.6964205861,2784.5533194905574,1500000.0,0.36117081891918246,0,11,35.238407097928906,20,E8,P3,no_night_aware,0.0,no_night_aware
7.951594232622448,20.477386720024526,8.16082960432127,17.710722070256452,9.637280812477945,21.855204797857024,12.758324176818885,29.90142666886659,4.923575236351553,4.923575236351917,18.707881125802924,33.266258415602806,6.791483920525081,18.74241133705856,8.338003696748238,20.477386720024526,0.9166666666666666,0.987220447284345,101795.26384377985,1612089.748972065,1595308.3407910222,1745,0.9895902767251368,14781.408181042894,0.009169097558289251,2000.0,17.831370060849313,13.799918840953978,32.45689784790284,18.823820120272543,7.951594232622448,973.3300270897633,6730.973496961184,3482.8581073741925,0.517437501268812,3957.8676604445122,0.11046488592242378,2378.020701742201,10,7,5,63,0.0,1614,252.0,2.3780207017422006,159.4538273244473,90193.06751627976,2820.3722049460976,1500000.0,0.3650374789949874,0,15,58.07520365105056,21,E8,P3,no_night_aware,0.0,no_night_aware
3.037552893035682,4.995980005051251,4.023696343668986,5.5024623663739485,10.281136552726732,28.637195991324283,5.212163049455739,5.212163049455739,,,18.813298520799435,32.28454460465359,3.2414589459360865,5.169029540106226,8.493580738159013,4.995980005051251,1.0,0.9686274509803922,26819.936004901418,1529389.3707573186,1527389.3707573186,1662,0.9986922885445387,0.0,0.0,2000.0,18.27457860909487,14.496423211830006,32.038527379302856,19.24360695715652,3.037552893035682,965.4722279267029,6087.164239736368,3162.6015380952476,0.5195525229055128,3668.3660147854894,0.09893629841478555,1825.3824307093803,9,6,1,55,0.0,1545,252.0,1.8253824307093802,166.1824989032471,97980.63102536985,2590.5669291412,1500000.0,0.42543878127897994,0,6,14.987459172712168,22,E8,P3,no_night_aware,0.0,no_night_aware
6.513344969630065,16.073382488340982,13.48049977982336,53.372286749256546,3.5193876823582895,6.7082964878331035,4.876301303517114,5.070817646590877,5.244145454433692,5.730057158137515,18.025641796185717,33.03404006538945,6.280198284450307,5.702617954027346,8.296566152263885,16.073382488340982,0.8888888888888888,0.97265625,66305.29979334184,1572295.0317663788,1571295.0317663788,1673,0.9993639870509057,0.0,0.0,1000.0,17.528713823350287,14.273930504413556,32.77212248312932,18.167997855473402,6.513344969630065,923.527218560891,6156.018504865702,3211.6007252575855,0.5217009537445582,3678.1919628060245,0.09598871263471354,1951.535582795589,12,3,1,57,312.2946116021637,1544,252.0,1.951535582795589,161.61925701331518,93524.26653088864,2715.35447432696,1500000.0,0.3904645826180907,0,14,42.203741591908255,23,E8,P3,no_night_aware,0.0,no_night_aware
17.87095175601106,58.60997215142632,21.736795934843894,59.17437107007264,16.134408311863655,47.8697116414297,76.91542505545294,118.71121747448906,4.316397158093423,4.316397158093423,17.379751681589607,28.761992181501263,4.840649855695841,5.135934104276748,9.640595364620923,58.60997215142632,0.7586206896551724,0.9397590361445783,40971.19198450468,1549122.7235720013,1547122.7235720013,1665,0.9987089467028226,0.0,0.0,2000.0,17.36381464708251,14.021278439542584,30.330602103348248,18.379966920105463,17.87095175601106,929.1510709724708,6083.726644312969,3175.6303379987,0.5219876769064337,3623.3103206993774,0.08884893179207895,1669.4872320775623,10,1,3,63,0.0,1525,252.0,1.6694872320775622,163.96209774904264,95470.79314172767,2657.037601599285,1500000.0,0.4241288794800856,0,7,23.971517569169524,24,E8,P3,no_night_aware,0.0,no_night_aware
14.064753341257182,35.64397395924953,35.6238436455032,108.73369643471179,6.2784760620963125,8.734193751769409,43.2712998290385,92.96931650980997,9.294772713122256,9.294772713122256,18.795327207990876,33.09036371945368,7.11112878763115,13.739597360231983,11.883291739580137,35.64397395924953,0.6956521739130435,0.92578125,77024.21305695022,1590717.1925351804,1589717.1925351804,1676,0.9993713527428428,0.0,0.0,1000.0,18.74761599990729,14.046439588913927,33.723730919292166,19.70795194144878,14.064753341257182,993.1220090781648,6136.309754451115,3191.636536618163,0.5201231137823568,3628.1927648919864,0.1134993498984445,2462.241885970892,13,9,4,55,0.0,1547,252.0,2.462241885970892,160.0676164797404,91711.97272047204,2774.5803992412602,1500000.0,0.36756929019427487,0,4,9.212732199571063,25,E8,P3,no_night_aware,0.0,no_night_aware
6.643389861744299,8.1596900554755,14.674438512016625,35.171213040922886,22.44533387028976,45.90313187199127,5.761967066451689,6.631306202329506,41.69262186903052,41.69262186903052,17.52950767676243,29.997173346491454,3.1081329529274093,4.4320802884656585,9.145316418232666,8.1596900554755,0.95,0.9754098360655737,60773.337476461245,1568414.1462153625,1551792.3518766356,1659,0.989402164996512,13621.794338726966,0.008685074902950108,3000.0,17.273903351505794,14.461682321660192,30.40422793262389,18.012785251485248,6.643389861744299,893.6407712582198,6114.532675221417,3181.118758890473,0.5202554189924711,3583.5533204611334,0.10304987377786166,1971.63906736548,17,6,5,48,0.0,1543,252.0,1.9716390673654802,163.6634171835097,95617.54561470934,2656.1196215048603,1500000.0,0.4171979770774966,0,9,26.833554488762587,26,E8,P3,no_night_aware,0.0,no_night_aware
2.6163244637694234,3.9359317607558753,3.5892171121933645,4.283848344943181,4.531425735025493,6.1930347138830255,,,,,18.714439403088818,33.484761192675215,6.700031307569522,17.763858902347152,8.599029897715505,3.9359317607558753,1.0,0.9653679653679653,13735.182660926428,1515300.790657525,1515300.790657525,1643,1.0,0.0,0.0,0.0,18.3387900841829,14.573523925793097,33.01112155318495,19.206353146888258,2.6163244637694234,930.5757639517938,6011.735908738987,3135.160849923908,0.5215067490517119,3553.592299381326,0.10167726911134789,2140.6274325612158,9,8,1,56,31.69680174720179,1518,252.0,2.140627432561216,167.71629038897524,99473.91229755481,2554.847010262894,1500000.0,0.36229351525293285,0,8,25.369974279844016,27,E8,P3,no_night_aware,0.0,no_night_aware
13.44107041549137,36.07555660724157,7.114644177517121,8.14352801999112,11.850525296233942,29.375708450884314,30.082428384991697,63.214142621946394,70.7117819623113,83.96031036722752,16.846199168200954,28.04831330399976,3.9339260109959593,6.156075692478593,7.744438640707266,36.07555660724157,0.8,0.9806949806949807,68581.49159832505,1577899.8491911527,1574899.8491911527,1676,0.9980987386483763,0.0,0.0,3000.0,16.645374705888557,14.143745232820038,28.534275095154044,18.246590028413493,13.44107041549137,924.4912999876831,6154.226201426428,3179.412722708542,0.5166226619963395,3696.5869071540305,0.09824341609071283,2033.6967817671991,13,3,7,72,0.0,1537,252.0,2.033696781767199,161.30149286142574,92638.77129548343,2742.196309701622,1500000.0,0.3929525988867376,0,10,30.682440807143035,28,E8,P3,no_night_aware,0.0,no_night_aware
18.36915929034937,100.78111690207334,12.570462694265506,13.720024892689615,38.33984241124436,116.14100330058682,15.336489792646029,43.06886642721228,55.30862881371331,101.95778394073886,18.041420765967576,30.798336390747917,14.420142839601715,30.004266146904946,11.013780818030826,100.78111690207334,0.8571428571428571,0.9288389513108615,112356.63513066774,1624886.1453492267,1622886.1453492267,1678,0.9987691445300801,0.0,0.0,2000.0,18.27957602677429,14.284517996574777,32.06546147471099,19.48388334989681,18.36915929034937,973.8931027852009,6352.982607592934,3296.58858126731,0.5189040777991908,3797.8044650793763,0.11342545157979673,2395.69137134124,10,9,12,65,1082.4425349402231,1557,252.0,2.39569137134124,156.75510700511782,87068.5352682432,2921.7867348703157,1500000.0,0.3736305681491964,0,9,28.60513937466419,29,E8,P3,no_night_aware,0.0,no_night_aware
2.8258147879591116,4.970334036856002,3.1063780813893747,3.808539862104226,3.0417656480041892,5.289651166539045,,,,,17.566874821745966,30.202422881051575,6.916804544438885,15.228179140299906,7.640454727690777,4.970334036856002,1.0,0.9832635983263598,12966.277020972228,1514488.940738426,1514488.940738426,1652,1.0,0.0,0.0,0.0,17.13784673295987,14.669534691463241,29.29604887728675,18.060571629579997,2.8258147879591116,895.3186048885291,6015.253324436154,3128.349477763034,0.5200694482898229,3611.859971783518,0.08784438972820731,1726.8446265679418,8,0,1,67,0.0,1518,252.0,1.7268446265679418,167.5329794767978,99452.40582769563,2551.2388817034507,1500000.0,0.4218198052815648,0,10,26.735082826063618,0,E8,P3,no_priority,0.0,no_priority
4.50688398657222,9.04597245055868,5.959204393730533,11.483149544984188,4.705563918518307,7.311856017558055,9.717385911667558,12.604829109749332,,,17.124288409659673,29.70032478738298,5.418337036083644,12.703635589590796,7.287782756875529,9.04597245055868,0.9444444444444444,0.9864406779661017,100709.15434103922,1615590.1093808752,1613590.1093808752,1720,0.9987620622406717,0.0,0.0,2000.0,16.305096517642454,13.486525266530862,28.582301265535534,16.983448107111617,4.50688398657222,863.2761523306621,6545.79633322924,3398.058062059254,0.5191206522588045,3901.916247316495,0.09812264626266719,1974.905508499657,17,0,10,63,97.49759036723961,1584,252.0,1.9749055084996567,157.39741092361325,87671.93937472909,2896.8779214858614,1500000.0,0.4069309949747496,0,10,29.77700754448041,1,E8,P3,no_priority,0.0,no_priority
34.36656236548123,105.72789164185589,50.16083131429446,118.35918775405399,12.150808516569723,9.518762936169514,9.818705570221368,12.264873286487182,69.2093660732994,113.33548802665946,18.598688438068383,32.11502847199177,6.360984096047516,15.363433546380293,10.512345338353718,105.72789164185589,0.6875,0.9191176470588235,76800.1464189748,1590664.735403459,1590664.7354034588,1695,0.9999999999999999,0.0,0.0,0.0,18.91452684027856,14.842845595811013,32.74466827867188,19.676161597144972,34.36656236548123,1046.015724856193,6287.052994263037,3263.124662552993,0.5190229294282406,3813.17406382143,0.09218857730005148,1786.9220337944907,12,0,7,58,0.0,1567,252.0,1.7869220337944909,159.5477138489674,90706.72271713716,2797.8843731926245,1500000.0,0.43068538203960816,0,8,24.26364054426273,2,E8,P3,no_priority,0.0,no_priority
8.436994827461755,16.62757912337975,11.767208581573279,22.21645872040926,14.258033598455143,36.721573812847055,20.235353270745478,30.66459173183785,32.03777842712059,43.76317015542918,17.07720671940062,29.14154271356601,4.794035322928305,6.4846823682333365,8.757448481029936,16.62757912337975,0.9111111111111111,0.9800664451827242,100592.7237119158,1620301.3378479234,1618301.3378479232,1736,0.9987656616992883,0.0,0.0,2000.0,16.544134561784464,13.828893176873748,29.4418159154543,17.847297609703354,8.436994827461755,926.3145503920578,6540.562746065117,3391.7366746923103,0.5185695491925096,3954.6468885551767,0.09505672004474598,1892.942160191136,9,0,6,69,0.0,1583,252.0,1.892942160191136,156.88854493429963,87557.9296024719,2899.71386158751,1500000.0,0.42449321038142207,0,9,24.785082826063615,3,E8,P3,no_priority,0.0,no_priority
4.398881765440778,9.079036381852532,5.051251082232682,9.195157799319896,5.177791226882043,8.02675273550349,12.196805873099947,23.97234570423116,27.6915187039624,43.19698351906286,18.198453940904596,33.85699060162053,3.652955752856788,7.2861161036831605,7.525211749819258,9.079036381852532,1.0,0.9839743589743589,111662.5896233039,1623621.9329033762,1608568.613833768,1749,0.9907285564671514,13053.319069608136,0.008039629673064387,2000.0,17.07233504327117,13.29712765666227,30.77903369706843,18.306922900612975,4.398881765440778,948.9179022212245,6682.171078887866,3437.0644645547677,0.5143634342757367,3922.134072668047,0.09665706232645116,1945.4262350014487,15,0,10,53,0.0,1620,252.0,1.9454262350014488,157.8704346529321,89034.62453469826,2852.2097730196497,1500000.0,0.39751613785883044,0,10,27.67569203048102,4,E8,P3,no_priority,0.0,no_priority
9.461394920662661,7.80110717012758,8.511999815590865,16.666540237924785,18.768226688235213,82.5252011597504,16.168632578753176,36.31314694348731,38.58301257579212,38.58301257579212,17.716757985819964,30.30856598842598,8.566581426027899,21.16609857849738,8.775688003187215,7.80110717012758,0.9032258064516129,0.9527272727272728,69345.69733877359,1581071.8908623361,1566559.6627648063,1700,0.9908212724662288,13512.228097529805,0.008546245224915148,1000.0,17.314202785953803,13.58849199596034,30.288492010322265,18.473295757521434,9.461394920662661,968.3232001110487,6509.008312697836,3346.1438826138574,0.5140789075482002,3767.970839650999,0.09066096345056601,1795.6071625018114,10,0,7,47,0.0,1596,252.0,1.7956071625018115,162.0082612842082,93144.0133987499,2724.765638731947,1500000.0,0.4175595449124936,0,15,52.103178406067286,5,E8,P3,no_priority,0.0,no_priority
3.6310816192119084,5.021683120961324,4.045056794271741,5.786761169988316,3.0540768263333784,4.456303933551226,5.778960750069871,6.3865481977581,11.799652748567041,13.630308557028092,17.594377135106928,29.2142297834823,3.779853838811359,6.723546020055074,6.601026853312457,5.021683120961324,0.972972972972973,0.9850746268656716,68462.89817107105,1574237.3856304632,1560296.932096663,1695,0.9911446306249312,13940.453533800395,0.008855369375068811,0.0,16.826792257484392,14.552527843650978,28.077135595553607,17.83568091559608,3.6310816192119084,901.369830908163,6266.856311580929,3244.98511580881,0.5178011038504572,3699.9493324016084,0.09361465745610294,2000.3592988434784,10,1,2,72,0.0,1556,252.0,2.0003592988434784,162.7897575607793,94985.47115503573,2674.0969561993634,1500000.0,0.38148812849589697,0,13,45.24397737044275,6,E8,P3,no_priority,0.0,no_priority
5.265177743711352,10.80038892413268,7.38433845328791,13.41909496346185,4.844592792131522,9.534604814937193,33.68190196382153,42.600391791577316,25.6524287211505,25.6524287211505,17.931905885380747,32.1057457283443,8.925747077494822,21.548657186951534,8.638811879263136,10.80038892413268,0.9565217391304348,0.9760956175298805,66661.68215178815,1575781.2122211275,1560645.4313835679,1671,0.9903947447017565,14135.780837559716,0.008970649432756442,1000.0,17.519317331285592,13.753246114043122,32.08684241927767,18.562348282716613,5.265177743711352,959.6804241675748,6214.8059265909,3250.7022133679593,0.523057719221671,3695.4948888027825,0.08679381917053727,1682.419974964909,7,0,2,53,220.4864588571628,1551,252.0,1.682419974964909,162.54968288989664,93592.76442176668,2710.4917943418122,1500000.0,0.41021182919407584,0,14,47.94389692925256,7,E8,P3,no_priority,0.0,no_priority
9.2199366799545,19.473824709886884,11.576973013140092,17.255982432533017,7.277285456464599,11.928737574546812,28.51072797627819,40.56927391235477,,,18.17716229275313,31.720311559442525,5.276065236721445,10.61602837081346,9.02364704056072,19.473824709886884,0.8928571428571429,0.9520295202952029,53177.689805350616,1556757.0832136883,1554757.0832136883,1686,0.9987152780471882,0.0,0.0,2000.0,17.721712619052926,14.323162519134712,31.652030190543883,18.647951324440843,9.2199366799545,953.6662142605901,6391.638108261129,3340.7817151381796,0.5226800482993949,3771.4624970337104,0.09350752251520608,1895.794506668134,12,0,5,64,210.64073295019082,1563,252.0,1.895794506668134,163.30254883410123,94768.53212136486,2679.1149849352705,1500000.0,0.4161062726476995,0,14,51.429203905071816,8,E8,P3,no_priority,0.0,no_priority
10.823925914689058,41.82872010040337,17.84755659732773,54.80075135758964,9.050704862790974,24.73989260129341,40.89249694793792,44.337130452871136,74.14118376316083,98.5506031923288,17.96986598115611,30.71184360846382,4.668011589934972,8.063139558833655,9.26488036567645,41.82872010040337,0.8636363636363636,0.9515570934256056,79011.77333131488,1584037.482643687,1568973.72854601,1715,0.9904902792624982,13063.754097676843,0.00824712435205386,2000.0,17.584890425795486,14.89863412003615,31.336535958025735,19.332379457507407,10.823925914689058,989.0725082102025,6404.369775544245,3326.959087923549,0.5194826664487565,3792.465585604707,0.09785648901785171,2020.2189329757682,14,1,2,61,98.46370284000882,1571,252.0,2.020218932975768,161.90214935490337,93137.48385776626,2727.368277641036,1500000.0,0.3973948225094992,0,14,49.387681169271396,9,E8,P3,no_priority,0.0,no_priority
16.36570433392695,49.14551141422501,14.146248815051065,40.86974501251484,25.803292032253477,64.66396945388287,27.42601681463816,40.78683058755105,46.21481697173465,78.88904729830627,17.990150753352665,30.815860593240814,5.609322519020386,14.252258256208734,9.794116240822996,49.14551141422501,0.6923076923076923,0.9432624113475178,78127.15549743046,1588758.265839218,1569992.3640492226,1711,0.9881883215379637,14765.901789995241,0.009293988964517242,4000.0,17.817927251653952,15.000623973959819,32.11176923259882,19.157752080143904,16.36570433392695,988.8843466368561,6414.0283799153885,3309.011451172033,0.5159022154522622,3843.513899135851,0.09677277291605499,2007.141475734006,9,2,5,67,60.09629953532991,1566,252.0,2.007141475734006,161.78877508717002,92786.26058928463,2737.551226469707,1500000.0,0.39478525820735444,0,8,23.479156115802827,10,E8,P3,no_priority,0.0,no_priority
5.746516484777806,14.714033760379607,10.006024280409541,25.103851573344286,4.162233250243041,7.356202917492921,14.200886570861062,27.31437659288204,12.323337919407095,21.3744572592841,17.218804519951256,28.012757963406408,6.308392190524614,6.543332842949168,8.42039008442103,14.714033760379607,0.9444444444444444,0.975609756097561,111543.27783898677,1624921.920249499,1622921.920249499,1713,0.9987691716290633,0.0,0.0,2000.0,16.561331437906844,13.877970816002744,27.879173046115827,17.234246047401548,5.746516484777806,920.5705612384039,6543.22331689765,3376.5949789553424,0.516044587724127,3885.011301078861,0.09385700924263385,1896.9534496868837,9,1,12,56,61.46131207143856,1605,252.0,1.8969534496868836,156.44434293589072,88633.04642032535,2864.5856562983167,1500000.0,0.3897669958278691,0,6,18.383273864466076,11,E8,P3,no_priority,0.0,no_priority
4.298378782866507,7.999056374797872,6.949800605060545,10.529034445408161,2.9339288334977027,2.9339288334977027,,,,,17.509838032149524,28.02177790423248,2.021359173487326,2.5177435532436903,8.261510427594114,7.999056374797872,1.0,0.9768518518518519,18023.744041762733,1518714.779790731,1501483.6889429558,1619,0.9886541626663109,14231.090847775113,0.009370482882728029,3000.0,17.332494784259154,14.084568592682444,27.844012083251805,18.080012962475998,4.298378782866507,895.3171721317966,5849.843191793533,3055.1073985741054,0.522254579893692,3537.688057879247,0.08226083359149598,1592.2675077009017,4,0,0,58,0.0,1493,252.0,1.5922675077009016,168.8944537827313,100749.4906559941,2517.0575638301098,1500000.0,0.42498861935919907,0,3,9.960101027585072,12,E8,P3,no_priority,0.0,no_priority
2.9342849638851463,5.652390632533823,4.664077764482212,8.306289868964587,4.714398018179403,9.355938476117991,6.7009495797574345,9.749813063139163,9.34331049319644,9.441936833787441,16.20958414401157,27.77355710047495,5.937249861808923,8.656024553621592,5.9629514705120155,5.652390632533823,1.0,0.9966329966329966,91238.2981341862,1601282.5337738234,1599282.5337738234,1723,0.9987510011769838,0.0,0.0,2000.0,15.359239237457748,12.759380755778693,27.317191995641036,16.187895881839815,2.9342849638851463,834.8473025768739,6550.443394232301,3377.3508670046085,0.5155911842514941,3949.9553694474603,0.09365463425612013,1809.8093828246447,8,1,9,60,644.4833663641472,1602,252.0,1.8098093828246447,158.70229557494773,89292.67641457924,2842.448222790463,1500000.0,0.4175772694234918,0,11,39.398647794983276,13,E8,P3,no_priority,0.0,no_priority
6.328281761628612,11.099939953874582,10.574137941119659,17.98710846541562,9.660585883718745,28.4374871714615,30.23987248055341,62.476661149832765,4.8210074973128485,4.8210074973128485,18.91766780923777,34.93842098820541,16.429039062374745,50.93518767620066,9.639474598876543,11.099939953874582,0.975609756097561,0.9639344262295082,108277.73229511893,1623568.4454141085,1621568.4454141085,1739,0.9987681455588465,0.0,0.0,2000.0,18.34108476789896,14.06908142615248,34.0265262964781,19.586663546728186,6.328281761628612,1059.23985836951,6651.030886143046,3409.5456784621265,0.5126341670680968,3911.6755129805724,0.09214408929833572,1918.0440189046783,7,0,11,52,2543.3828904644224,1620,252.0,1.9180440189046783,156.58792864217352,87476.4404067766,2902.7020628429027,1500000.0,0.39502725305055386,0,12,33.92903343446948,14,E8,P3,no_priority,0.0,no_priority
10.70359710010211,31.845531474235873,18.76445730102917,50.62966037508436,14.552621905883308,44.459607041567324,16.621133880497023,43.124616986222094,32.680034140544194,50.18373584976653,18.71301912233526,33.896978066625934,11.256077054049644,33.800198396489414,11.16285438960481,31.845531474235873,0.8,0.9526813880126183,142692.91995045857,1659042.555528634,1656042.5555286342,1752,0.998191728120534,0.0,0.0,3000.0,18.3095955431658,14.474700957339337,35.41176923259809,19.13684453309764,10.70359710010211,1043.702356056188,6593.721155264096,3359.605398656234,0.5095158438682372,3922.5710377108403,0.10030827885278928,2034.1752363276114,15,1,9,58,0.0,1615,252.0,2.0341752363276115,153.3983377348875,84158.61387544329,3018.516626382465,1500000.0,0.40438686961598724,0,9,25.511947523592557,15,E8,P3,no_priority,0.0,no_priority
35.67313027659836,122.32411295763704,71.29647648009674,132.3397241285955,63.70474693040836,125.60554243352053,31.384614625074278,76.58621095481796,,,18.060041596988324,31.576744018092906,3.020761066922003,4.672159705063496,15.0904782378691,122.32411295763704,0.7,0.889763779527559,48172.02414110696,1551004.9906443798,1548004.9906443798,1660,0.9980657702469715,0.0,0.0,3000.0,19.107174238604287,14.644975965893082,34.91446167266714,19.708836140166174,35.67313027659836,1005.0409845917475,6084.422978015922,3172.6686882871654,0.5214411785226913,3669.3439511926376,0.08702757084677223,1738.885171558819,5,0,4,54,0.0,1516,252.0,1.738885171558819,163.91348006309482,94777.93908791892,2677.1935285086,1500000.0,0.40860116417258163,0,14,43.67396668755583,16,E8,P3,no_priority,0.0,no_priority
3.7705672857557286,7.333515531422747,6.804368759716372,14.061632323475898,4.453762694155851,5.5353710098469495,15.938335346381962,29.901828651537784,15.666761985911421,30.290583478906505,16.904676457653903,29.10224593060139,5.539923514291251,11.26628180955395,6.591329539580364,7.333515531422747,1.0,0.9931972789115646,108753.96482816651,1618779.5327069117,1612058.491499321,1722,0.995848081179806,0.0,0.0,6721.041207590521,16.11426062378682,13.308728289030796,27.979246194818923,17.269894310850496,3.7705672857557286,890.482700020865,6459.741234574289,3349.3730356347132,0.518499567398762,3949.1067546912336,0.09627815351114723,1865.9961240896018,12,0,6,71,0.0,1576,252.0,1.865996124089602,157.47939511051948,88624.937725167,2864.4984429929677,1500000.0,0.4361173495692474,0,11,30.693868339649306,17,E8,P3,no_priority,0.0,no_priority
5.787468427988745,12.121418687931055,5.339306865918843,10.486100154069574,12.193557308140157,22.41037117323431,19.162504921354184,21.475825217947296,84.03516298503655,84.03516298503655,18.039824367208592,31.76333970288105,3.342227234437445,6.807926445977046,7.9203744210184786,12.121418687931055,1.0,0.9917695473251029,44452.613878874734,1549611.527047556,1548611.527047556,1659,0.9993546769738444,0.0,0.0,1000.0,17.697518691399047,13.990142534933511,31.5070619395593,19.035990784826964,5.787468427988745,942.8036688257655,5929.75433026988,3060.3187624014963,0.516095371233063,3624.510012970489,0.08855491827680625,1671.4974071745578,6,1,4,67,47.66193585012884,1504,252.0,1.6714974071745576,163.80576598884159,95228.79160330497,2663.810945579307,1500000.0,0.4262810795109174,0,6,15.510583628248643,18,E8,P3,no_priority,0.0,no_priority
9.158991608560157,32.55307787322011,12.005023985004438,22.17057936419332,4.867744006217818,5.609725225149488,5.58551563616513,6.409425576506329,4.300086812546397,4.300086812546397,18.406542573470027,31.931460948186032,6.151952776090542,12.90852743907035,7.606482758680329,32.55307787322011,0.868421052631579,0.9655172413793104,87841.34456932086,1606256.9135860626,1605256.9135860626,1723,0.9993774345862472,0.0,0.0,1000.0,17.63769356767033,14.01244145641158,31.414883883250464,18.3132317336457,9.158991608560157,969.090579933386,6601.503815664237,3406.203154244875,0.5159738219286549,3938.133805778321,0.09741462850933179,1927.0542888618331,11,1,7,60,0.0,1602,252.0,1.927054288861833,158.18468192832862,89059.14298906096,2851.2182552671925,1500000.0,0.40555384914672554,0,14,39.62732159809698,19,E8,P3,no_priority,0.0,no_priority
4.379696177698913,6.224493468635957,10.561574520553057,16.941825487298143,31.464272768418965,85.25789064961315,36.30658259094844,90.94535414851919,20.905330007459042,39.3952106271644,18.982693581117914,35.12776579004256,4.026175842749694,5.6802234108287895,10.951033734749915,6.224493468635957,0.9642857142857143,0.946360153256705,80793.2701575543,1590649.44826436,1588649.44826436,1683,0.9987426519386894,0.0,0.0,2000.0,18.698623844715453,14.299333004641312,35.40678386993422,19.975189240499674,4.379696177698913,1046.9646241397127,6201.963799186908,3222.377244468962,0.5195736945274372,3760.9423564893336,0.09262364965226248,1969.3786565933738,9,1,4,50,0.0,1547,252.0,1.9693786565933737,159.86495883913307,91233.77901842205,2783.720913339691,1500000.0,0.38817939356617637,0,10,25.459919117972603,20,E8,P3,no_priority,0.0,no_priority
4.544463326788126,8.822482351321197,6.965149819636516,11.366276407984968,6.40778676440001,12.756965447712181,7.987388689316428,13.584376743560462,4.923575236351553,4.923575236351917,18.239891492548896,32.30297979605188,6.6657943508726945,18.74241133705856,8.160348371136584,8.822482351321197,1.0,0.9776357827476039,101795.26384377985,1612089.748972065,1595308.3407910222,1745,0.9895902767251368,14781.408181042894,0.009169097558289251,2000.0,17.212332091743097,13.586300351995305,30.896928431494747,18.140376981194127,4.544463326788126,960.2235280243098,6733.993099179215,3482.380064332514,0.5171344866327484,3953.15062477239,0.0952023225770176,1968.3684526799525,10,0,4,63,0.0,1624,252.0,1.9683684526799525,159.19704169963254,90047.81993216876,2820.3722049460976,1500000.0,0.38928974546383077,0,15,55.243776282591966,21,E8,P3,no_priority,0.0,no_priority
3.063332786613286,4.995980005051251,4.023696343668986,5.5024623663739485,11.636391854071308,34.961720730932306,5.212163049455739,5.212163049455739,,,18.69055612338792,32.716033505678205,3.2414589459360865,5.169029540106226,8.369459992188638,4.995980005051251,1.0,0.9764705882352941,26819.936004901418,1529389.3707573186,1527389.3707573186,1662,0.9986922885445387,0.0,0.0,2000.0,18.168459716108188,14.558046839255667,32.26787127740021,19.140498348396854,3.063332786613286,977.6975439043619,6083.630633672458,3155.9888195665526,0.5187673298405694,3684.28340889762,0.08721818071825267,1686.3746656983365,9,0,1,58,0.0,1545,252.0,1.6863746656983365,166.09148886502607,97926.9718191755,2590.5669291412005,1500000.0,0.415581118579496,0,6,14.987459172712168,22,E8,P3,no_priority,0.0,no_priority
5.828344798521273,7.990740086664118,13.48049977982336,53.372286749256546,3.250044016529743,5.8539557676613185,4.876301303517114,5.070817646590877,5.244145454433692,5.730057158137515,17.72330618937497,32.27281936585496,7.3339993844258515,17.740274202273895,7.329857429751699,7.990740086664118,0.9259259259259259,0.98046875,66305.29979334184,1572295.0317663788,1570295.0317663788,1672,0.9987279741018115,0.0,0.0,2000.0,17.236068147713826,13.96309352497292,31.721965106612437,17.92405331197827,5.828344798521273,914.445483800839,6143.367550361306,3214.7549508378133,0.5232887214519252,3694.6440422539713,0.09024309891802319,1861.8190773486172,12,0,1,59,180.24928236408286,1543,252.0,1.8618190773486172,161.66504633959576,93519.89510548358,2714.522068176094,1500000.0,0.3968463399642109,0,15,45.86599119081575,23,E8,P3,no_priority,0.0,no_priority
17.74098703253246,58.60997215142632,21.6340092678711,59.17437107007264,15.788213967175201,47.45427842780356,76.0575592668838,116.65233958192312,4.316397158093423,4.316397158093423,17.05488229369161,27.944574317842836,4.807967426041989,4.889758091823387,8.492109847894865,58.60997215142632,0.7586206896551724,0.9518072289156626,40971.19198450468,1549122.7235720013,1547122.7235720013,1665,0.9987089467028226,0.0,0.0,2000.0,17.045071269915645,13.913844247934776,28.631522442036577,18.109029679460352,17.74098703253246,906.4676536853501,6094.440094244194,3191.2348205837334,0.5236305175265648,3651.5616883818643,0.08753738453169801,1672.3528388180791,10,0,3,65,0.0,1519,252.0,1.672352838818079,163.96394996586866,95471.87163859907,2657.037601599285,1500000.0,0.4257708026192709,0,9,28.557119398939612,24,E8,P3,no_priority,0.0,no_priority
29.276630624150773,111.27911918494456,12.996650751271622,42.02270822266293,5.999472165511254,6.396466139926452,55.31269889756196,152.18964795113783,9.294772713122256,9.294772713122256,17.92022505752254,31.674715674570205,8.025961453947843,16.635111825800234,9.661789835267586,111.27911918494456,0.6956521739130435,0.9453125,77024.21305695022,1590717.1925351804,1589717.1925351804,1676,0.9993713527428428,0.0,0.0,1000.0,18.033045428523597,14.239710287768048,32.179830892566315,19.251693944991015,29.276630624150773,1002.7616710727546,6134.307384892296,3190.9751987455265,0.5201850834218593,3637.785626614153,0.08867427658834544,1764.3841501453944,9,0,4,58,0.0,1540,252.0,1.7643841501453945,159.62863416319854,91460.45442386174,2774.5803992412602,1500000.0,0.4131152321772531,0,5,11.459268114249259,25,E8,P3,no_priority,0.0,no_priority
5.075333006938104,13.667779942524433,12.55145589206975,28.087343032298488,13.024756007369188,28.00334787841166,5.761967066451689,6.631306202329506,41.69262186903052,41.69262186903052,17.518057391583994,29.56565226120839,3.1031262055660807,4.4320802884656585,7.48952293216269,13.667779942524433,1.0,0.9959016393442623,60773.337476461245,1568414.1462153625,1551792.3518766356,1659,0.989402164996512,13621.794338726966,0.008685074902950108,3000.0,17.158588877106318,14.35292629616697,28.80151148523067,17.972081848535264,5.075333006938104,895.2826297008669,6069.574062987849,3157.320159621662,0.5201880934075658,3616.7853902167126,0.0920090074856833,1773.0738042500902,14,1,6,53,0.0,1524,252.0,1.7730738042500902,163.5354585279104,95542.78796392142,2656.1196215048603,1500000.0,0.42193942763703773,0,7,20.936084286446437,26,E8,P3,no_priority,0.0,no_priority
2.6163244637694234,3.9359317607558753,3.5892171121933645,4.283848344943181,4.531425735025493,6.1930347138830255,,,,,18.299271241387544,32.11176923259882,6.600106673781066,17.690160731590282,8.33190069908547,3.9359317607558753,1.0,0.9653679653679653,13735.182660926428,1515300.790657525,1515300.790657525,1643,1.0,0.0,0.0,0.0,17.933757732188074,14.39318413022147,32.06099792450395,18.787734856661842,2.6163244637694234,936.701068885647,5989.816207360677,3118.7220737014013,0.5206707461021779,3566.972360738467,0.08548867104485379,1670.9919035849075,9,0,1,57,176.9137842425942,1518,252.0,1.6709919035849075,167.4063614746159,99290.0909074325,2554.847010262894,1500000.0,0.4106769338740227,0,8,25.369974279844016,27,E8,P3,no_priority,0.0,no_priority
8.483168010451802,29.58145607867155,6.102373570055694,10.56646394161253,9.543241950922353,22.172944315072993,24.677258663438806,39.4786514930197,45.58147994002093,52.43719315293701,16.60666445258901,28.00651856632203,4.15408221091372,6.96940575957988,6.960127071392274,29.58145607867155,0.84,0.9884169884169884,68581.49159832505,1577899.8491911527,1574899.8491911527,1676,0.9980987386483763,0.0,0.0,3000.0,16.268473114556535,14.040385106967506,28.058761988418837,17.64744514739593,8.483168010451802,903.1102721969904,6181.38176209303,3206.3781978722727,0.5187154460407547,3714.6510011099863,0.09288897571682893,1802.607039798257,13,0,7,75,0.0,1535,252.0,1.802607039798257,161.15475988530181,92554.4995235642,2742.196309701622,1500000.0,0.42015374031105535,0,10,32.78375632114242,28,E8,P3,no_priority,0.0,no_priority
18.45073453615268,97.49690470413043,12.087157145028216,13.720024892689615,35.924701948138825,109.99982431054195,15.593432656750332,43.50042184570128,62.13379455175694,118.33818171204358,17.274607795484375,29.396196179589715,7.8980379051588105,15.603805859024577,10.132223131664361,97.49690470413043,0.8571428571428571,0.9400749063670412,112356.63513066774,1624886.1453492267,1624886.1453492267,1680,1.0,0.0,0.0,0.0,17.490404812735065,14.060887358017112,30.07111956642158,18.867457878238795,18.45073453615268,1005.458795663523,6357.629985822163,3289.11440635658,0.5173491401184831,3822.4180877829417,0.09447849840193694,1931.1449887129625,10,0,13,67,0.0,1559,252.0,1.9311449887129626,156.27626939617798,86813.56345674902,2925.0169544672913,1500000.0,0.40064400796954047,0,9,28.60513937466419,29,E8,P3,no_priority,0.0,no_priority
3.0271966115842304,5.078753569144055,3.0065267130897992,3.808539862104226,3.5692965048920655,6.674113667810128,,,,,17.576580995656997,30.202422881051575,5.996137471230816,12.804644729699135,7.575643723051974,5.078753569144055,1.0,0.9832635983263598,12966.277020972228,1514488.940738426,1514488.940738426,1652,1.0,0.0,0.0,0.0,17.144132795640857,14.63881924070165,29.29604887728675,18.07920068058278,3.0271966115842304,895.1252933218784,6012.606192240958,3119.9862177521045,0.5189074617556575,3623.8427678740723,0.08806250129574386,1734.5043163305975,8,0,2,67,0.0,1520,252.0,1.7345043163305975,167.53803708372817,99455.4081689572,2551.2388817034507,1500000.0,0.4217445551174852,0,0,0.0,0,E8,P3,no_anticipate,0.0,no_anticipate
4.367453525246142,8.263563342444854,5.651715049400991,11.483149544984188,6.75011797834697,11.796849200795254,11.548177294492916,26.162143239309074,,,17.922784407019787,31.1435823371444,7.123687284024232,12.853714243494418,7.733824369030089,8.263563342444854,0.9444444444444444,0.9898305084745763,100709.15434103922,1615590.1093808752,1614590.1093808752,1721,0.9993810311203358,0.0,0.0,1000.0,17.119030771024185,13.64030982352142,29.42378344667759,17.851440961202947,4.367453525246142,886.5452477465801,6522.813077193033,3380.4244883913857,0.5182464142979989,3892.569484007154,0.09988251026594665,1995.9017177687554,19,0,11,59,97.49759036723961,1575,252.0,1.9959017177687552,157.31293053390814,87701.37845443872,2896.144920341484,1500000.0,0.41296438014300285,0,0,0.0,1,E8,P3,no_anticipate,0.0,no_anticipate
35.76023990064061,106.86413606977796,48.636995159179186,118.35918775405399,16.83620346515075,44.293689274544164,19.291013332004127,34.45229230639452,69.2093660732994,113.33548802665946,18.37259931521243,32.230095250633894,6.928142666713678,16.598750252881473,11.20838808629191,106.86413606977796,0.6875,0.9154411764705882,76800.1464189748,1590664.735403459,1590664.7354034588,1695,0.9999999999999999,0.0,0.0,0.0,18.815178759632218,14.856329853723764,33.945726741665794,19.641335864163334,35.76023990064061,1051.424816666606,6312.312731896207,3271.3060594386384,0.5182420767761841,3804.813418347965,0.09393433781702802,1859.657402592117,13,0,9,58,0.0,1570,252.0,1.8596574025921169,159.59344024698123,90732.71927707172,2797.884373192624,1500000.0,0.4207095378065927,0,0,0.0,2,E8,P3,no_anticipate,0.0,no_anticipate
8.01093500339174,16.897913926885032,11.67135850411038,22.21645872040926,14.1868540118372,35.76459237346344,19.203808441825903,28.4722749239676,31.56528686475471,42.62919040575107,17.09733245944366,29.070062992518,4.898371654819021,6.4846823682333365,8.837492173160115,16.897913926885032,0.9111111111111111,0.9800664451827242,100592.7237119158,1620301.3378479234,1618301.3378479232,1736,0.9987656616992883,0.0,0.0,2000.0,16.545227168519038,13.873560156768463,29.23170996006263,17.819084817063167,8.01093500339174,924.2597800735904,6522.337253376834,3378.3520735152183,0.5179664807682447,3952.4367688003185,0.09509849620471361,1898.7942086452572,9,0,7,74,0.0,1582,252.0,1.8987942086452572,156.89216110164577,87559.94774934204,2899.7138615875106,1500000.0,0.42511541801120223,0,0,0.0,3,E8,P3,no_anticipate,0.0,no_anticipate
4.525257983076286,9.079036381852532,5.002924539415233,9.195157799319896,5.196377229906076,8.02675273550349,12.737596754772571,25.48656017291451,27.6915187039624,43.19698351906286,17.923349509460525,32.27281936585464,3.59074578266346,7.147441047221582,7.516236083837909,9.079036381852532,1.0,0.9839743589743589,111662.5896233039,1623621.9329033762,1608568.613833768,1749,0.9907285564671514,13053.319069608136,0.008039629673064387,2000.0,16.825047585043738,13.226990939210737,30.45370427287035,18.0480856040536,4.525257983076286,937.336751341065,6693.1580098822305,3428.81718585456,0.5122869026537283,3951.430759051511,0.09714812200431497,1944.0470640397173,15,0,10,57,0.0,1628,252.0,1.9440470640397172,157.86957726273448,89034.1409899833,2852.2097730196497,1500000.0,0.40365297781324383,0,0,0.0,4,E8,P3,no_anticipate,0.0,no_anticipate
9.025666313048154,4.9287847766272534,8.565006755191828,16.666540237924785,18.562011052934864,78.77884690864485,16.361357579327176,36.31314694348731,38.58301257579212,38.58301257579212,17.612912515669134,30.138983605750553,8.46723864058675,21.16609857849738,8.82509394796691,4.9287847766272534,0.9032258064516129,0.9527272727272728,69345.69733877359,1581071.8908623361,1566559.6627648063,1700,0.9908212724662288,13512.228097529805,0.008546245224915148,1000.0,17.20653383049472,13.628632071852621,30.09771182981243,18.352629794089776,9.025666313048154,962.5085965403804,6482.20824948089,3319.343819396916,0.5120699137771046,3787.4212825530585,0.09046015994478043,1792.1261006879336,10,0,7,47,0.0,1596,252.0,1.7921261006879337,162.00603917808826,93142.73583499748,2724.765638731947,1500000.0,0.41809862365932327,0,0,0.0,5,E8,P3,no_anticipate,0.0,no_anticipate
3.1474649358670965,5.378210808017297,4.511706324820687,9.281843338550427,3.1677501011369547,4.675293146604417,5.778960750069871,6.3865481977581,7.411837548079575,9.786052213896301,17.59121048533827,29.2142297834823,3.7303905283679524,8.842698101050114,6.5588756600369456,5.378210808017297,1.0,0.9850746268656716,68462.89817107105,1574237.3856304632,1560296.932096663,1695,0.9911446306249312,13940.453533800395,0.008855369375068811,0.0,16.81303262768914,14.570066546873932,28.178275782744862,17.801653578044025,3.1474649358670965,901.7871024635484,6253.45123594563,3229.1823971266494,0.5163840374359842,3709.642673256101,0.09162559310514007,1912.4288401122608,10,0,3,69,0.0,1558,252.0,1.9124288401122609,162.7334026087683,94952.5888548905,2674.096956199363,1500000.0,0.3910566691204157,0,0,0.0,6,E8,P3,no_anticipate,0.0,no_anticipate
5.231111143243528,10.80038892413268,7.896266781008808,14.03842764889424,5.0332246739263145,9.53460481493733,33.68190196382153,42.600391791577316,25.6524287211505,25.6524287211505,17.83419642478579,32.272819365854595,8.51508930556659,20.960003296923265,8.625251657777056,10.80038892413268,0.9565217391304348,0.9760956175298805,66661.68215178815,1575781.2122211275,1560645.4313835679,1671,0.9903947447017565,14135.780837559716,0.008970649432756442,1000.0,17.425077962573248,13.833292795084162,32.08684241927949,18.467948355534357,5.231111143243528,958.9755222389005,6192.602905662219,3212.4474994608877,0.5187556102658512,3722.849439168635,0.08552454290841074,1645.252239292759,6,0,2,47,220.4864588571628,1559,252.0,1.6452522392927589,162.52586727173974,93579.0518786224,2710.4917943418122,1500000.0,0.41597668209240546,0,0,0.0,7,E8,P3,no_anticipate,0.0,no_anticipate
8.45371650408883,19.473824709886884,10.813263268831149,20.324763150667177,6.611273185526677,7.141162649687701,30.204918856891254,41.771652149670174,,,18.041296338051264,31.603692019511254,5.101029146666827,10.61602837081346,8.48219031661908,19.473824709886884,0.8928571428571429,0.959409594095941,53177.689805350616,1556757.0832136883,1554757.083213688,1686,0.998715278047188,0.0,0.0,2000.0,17.5659028690053,13.967326755067688,31.603692019511982,18.552171840451695,8.45371650408883,928.6450684446452,6281.7034030277755,3250.0152386338555,0.5173780151841221,3766.9228904374568,0.09321614042286094,1864.2182862846826,12,0,5,72,253.6150986706786,1553,252.0,1.8642182862846826,163.28223941038203,94756.746057474,2679.1149849352705,1500000.0,0.4271688963246948,0,0,0.0,8,E8,P3,no_anticipate,0.0,no_anticipate
11.385516680605791,43.449150433132054,19.617650602384284,61.04736702460471,9.281059140020801,28.853602246601923,73.04805263074559,104.46573456642909,78.88909239169425,101.20011872185114,17.915252869438532,30.90494346703357,7.081761602272484,8.531400458371763,9.202534103138444,43.449150433132054,0.8636363636363636,0.9480968858131488,79011.77333131488,1584037.482643687,1568973.72854601,1715,0.9904902792624982,13063.754097676843,0.00824712435205386,2000.0,17.67218335842391,14.650275385858095,31.603692019513346,19.684978691955017,11.385516680605791,1021.6539155613558,6455.306148096603,3343.9579849104753,0.5180169473288989,3833.3318438629994,0.09762688123309538,2043.2059555406927,14,1,4,57,98.46370284000882,1591,252.0,2.0432059555406927,161.91680034755336,93145.91213742082,2727.368277641036,1500000.0,0.4006665374495384,0,0,0.0,9,E8,P3,no_anticipate,0.0,no_anticipate
15.255715204671,42.88227059025053,14.168874785550358,40.86974501251484,25.014178673605677,62.19291532912957,27.42601681463816,40.78683058755105,46.45456998200632,78.9369979003606,17.939213456318942,30.36475919481154,5.516432210531203,14.252258256208734,9.885376572047514,42.88227059025053,0.6923076923076923,0.9397163120567376,78127.15549743046,1588758.265839218,1569992.3640492226,1711,0.9881883215379637,14765.901789995241,0.009293988964517242,4000.0,17.73522496989869,15.098359831968082,32.12487905487524,19.07522646203022,15.255715204671,987.4957649806387,6399.3873702148785,3301.7149889420375,0.5159423547806221,3848.9447212248124,0.09451650916122419,1967.6126084139216,9,1,5,71,60.09629953532991,1561,252.0,1.9676126084139216,161.76359734221708,92771.82109060498,2737.5512264697077,1500000.0,0.39701365620663664,0,0,0.0,10,E8,P3,no_anticipate,0.0,no_anticipate
5.8074492077796265,11.67024831484423,10.038313066180876,24.190394665696182,4.547658460609348,7.356202917492921,13.844669814861943,28.386513512719926,10.787403280222861,16.7666533417314,17.19081398671626,27.824418285510546,6.732579997701069,17.102450564368528,8.578266551414155,11.67024831484423,0.9444444444444444,0.9651567944250871,111543.27783898677,1624921.920249499,1623921.920249499,1714,0.9993845858145317,0.0,0.0,1000.0,16.540970494695966,14.248643994307713,27.709517094512666,17.158269329479037,5.8074492077796265,918.8387098600186,6518.1456159163745,3359.2262645374076,0.5153653297242485,3836.664920824364,0.0937345490698872,1921.1277742444404,9,1,12,57,61.46131207143856,1604,252.0,1.9211277742444406,156.3628919641851,88615.735030723,2865.4180624491823,1500000.0,0.38149195532468727,0,0,0.0,11,E8,P3,no_anticipate,0.0,no_anticipate
4.433947469292889,8.39464403814736,6.45479913433899,10.529034445408161,2.9339288334977027,2.9339288334977027,,,,,17.5175316795207,28.12865551754514,2.021359173487326,2.5177435532436903,8.26679506400303,8.39464403814736,1.0,0.9768518518518519,18023.744041762733,1518714.779790731,1501483.6889429558,1619,0.9886541626663109,14231.090847775113,0.009370482882728029,3000.0,17.338613557605743,14.239076423485585,27.939213532639226,18.08662740357281,4.433947469292889,895.6373924537222,5853.575948668916,3056.442342003372,0.5221496003137017,3563.761688995232,0.08239747742588802,1595.264597610212,4,0,0,57,0.0,1494,252.0,1.595264597610212,168.89644986829077,100750.68136770144,2517.0575638301098,1500000.0,0.4264002903465929,0,0,0.0,12,E8,P3,no_anticipate,0.0,no_anticipate
3.134827111359831,6.180081274356055,5.509010254672948,10.985095140574323,5.891089166168081,9.971429348777415,6.722930474196983,9.509427117372843,7.535781325760581,8.883178319118269,16.227850398757017,27.72391153979256,5.431279325098431,8.016747001566728,6.518077498016721,6.180081274356055,1.0,0.9932659932659933,91238.2981341862,1601282.5337738234,1599282.5337738234,1723,0.9987510011769838,0.0,0.0,2000.0,15.400946991966205,13.083373505177406,27.166209311145938,16.196653613408653,3.134827111359831,835.989503672039,6511.492175439792,3354.181176851136,0.5151171323682949,3905.588083067746,0.09411043629269285,1853.2795928963299,9,1,9,65,26.471674990614005,1599,252.0,1.85327959289633,158.72947664467975,89307.96964304443,2842.4482227904637,1500000.0,0.39884579886217475,0,0,0.0,13,E8,P3,no_anticipate,0.0,no_anticipate
6.144482560006613,10.700277867106706,11.16816992784367,21.188691390181678,9.573186406701048,18.815509123033507,23.84482095224876,52.12441797807597,5.820544979587339,5.820544979587339,19.107691650571365,35.60575166251797,12.472565578430045,26.478897203815382,10.23962843920886,10.700277867106706,0.975609756097561,0.9540983606557377,108277.73229511893,1623568.4454141085,1621568.4454141085,1739,0.9987681455588465,0.0,0.0,2000.0,18.405856025442308,14.24277714692198,35.39182778194299,19.400806657056638,6.144482560006613,1041.8618342275333,6578.354960463172,3361.3582777296697,0.5109724692467799,3870.880119893924,0.09211515564016862,1918.023630607035,7,0,10,57,2543.3828904644224,1608,252.0,1.918023630607035,156.58791606897768,87476.43338287364,2902.7020628429023,1500000.0,0.39835946665148203,0,0,0.0,14,E8,P3,no_anticipate,0.0,no_anticipate
12.226720441286053,33.05013690336346,19.662326633184758,51.84632682173442,12.768401138552543,37.39096567998786,18.448133127264715,47.33768127146895,30.78030650943371,49.04389927110024,18.812677691480925,35.411769232598274,11.69591989962622,34.01596638332832,11.563171106896597,33.05013690336346,0.775,0.943217665615142,142692.91995045857,1659042.555528634,1656042.5555286342,1752,0.998191728120534,0.0,0.0,3000.0,18.44282590797423,14.392720434796502,36.61824424766712,19.26531981477123,12.226720441286053,1064.4695274663154,6670.168909221787,3418.419465551339,0.5124936882520668,3948.5679775481885,0.09723753690779124,2023.9747755730714,15,0,6,60,579.8336293048276,1635,252.0,2.0239747755730715,153.39217819465074,84155.23457957813,3018.5166263824644,1500000.0,0.3959212611620372,0,0,0.0,15,E8,P3,no_anticipate,0.0,no_anticipate
38.562531434388504,111.94194905442349,56.705151789801114,119.56813330007427,44.934473444622384,125.44012373929763,40.02361973773361,99.46029534651572,,,18.535679081609615,31.65507511524612,3.34356337885836,5.180299767259021,13.156784035212977,111.94194905442349,0.7,0.905511811023622,48172.02414110696,1551004.9906443798,1548004.9906443798,1660,0.9980657702469715,0.0,0.0,3000.0,19.315644393496974,14.721945733411303,32.96511171397216,20.090116463327234,38.562531434388504,1019.4498832969458,6072.120812574103,3153.6028311176206,0.5193577217019733,3691.6925731252013,0.08852739691215672,1782.7385185278788,6,0,6,58,0.0,1517,252.0,1.7827385185278788,163.941809007274,94794.31943043135,2677.1935285086,1500000.0,0.4112030441791781,0,0,0.0,16,E8,P3,no_anticipate,0.0,no_anticipate
4.413569036319074,5.5550852557746575,5.707276998416965,12.988226568551728,3.4311006927677665,5.5353710098469495,13.661164331017801,26.854166043495336,15.323276223316384,29.3288233436404,17.05212260137085,28.825483843340624,5.046715146051949,13.339151238687739,6.239295750867971,5.5550852557746575,0.98,0.9932203389830508,108753.96482816651,1618779.5327069117,1618779.5327069117,1724,1.0,0.0,0.0,0.0,16.221850716374977,13.388760445647222,27.794266261794757,17.447004250164156,4.413569036319074,886.8182377250113,6464.55179431145,3334.9349285991984,0.5158803014825883,3963.7080990727063,0.09749883001491168,1964.9428945592697,11,1,8,70,0.0,1581,252.0,1.9649428945592697,156.88667774905758,88237.92994443949,2878.18337368604,1500000.0,0.42001202131044246,0,0,0.0,17,E8,P3,no_anticipate,0.0,no_anticipate
5.431646154092712,11.784503663385301,6.053070062417282,11.008975971063046,12.273943918277572,22.41037117323431,19.162504921354184,21.475825217947296,84.03516298503655,84.03516298503655,17.982602265639304,31.647340265300777,3.8287225601842323,7.67789897206012,7.321500652111323,11.784503663385301,1.0,0.9958847736625515,44452.613878874734,1549611.527047556,1548611.527047556,1659,0.9993546769738444,0.0,0.0,1000.0,17.64507212725263,14.430349308785026,31.5070619395593,19.020971891608067,5.431646154092712,955.9467317781593,5934.349134153861,3063.387137360915,0.5162128260587592,3601.279980901018,0.08655450675751983,1670.2013450355207,6,0,4,67,47.66193585012884,1508,252.0,1.6702013450355206,163.80492907001693,95172.37634057108,2665.3763528745503,1500000.0,0.4255235728051425,0,0,0.0,18,E8,P3,no_anticipate,0.0,no_anticipate
6.23463833725408,19.55573980875143,7.69705252347986,17.820796026685752,6.063400274159471,7.855597177015626,8.318697984151791,11.209425576506334,89.71395916585698,89.71395916585698,18.510847011480188,32.11416008232827,6.048225361901087,12.734698872865556,7.154959343775824,19.55573980875143,0.9210526315789473,0.9827586206896551,87841.34456932086,1606256.9135860626,1605256.9135860626,1723,0.9993774345862472,0.0,0.0,1000.0,17.697814023745615,13.998683627665287,30.56614971560593,19.04350533598219,6.23463833725408,985.9140796370201,6496.2815141818155,3330.25408534643,0.5126400507854014,3918.9147040858634,0.0984233381748622,2005.6681801152838,12,1,6,61,79.51124765585291,1584,252.0,2.0056681801152836,158.23365470682165,89086.71502466654,2851.218255267192,1500000.0,0.4049960508713437,0,0,0.0,19,E8,P3,no_anticipate,0.0,no_anticipate
4.506338022546227,7.039916505903876,10.841709276616962,16.941825487298143,28.759105373394757,79.80987878801768,38.617643269451264,87.81632404832709,18.513731487431187,35.79202766400868,18.981990405335168,35.515144318486115,5.0619195435316895,5.590836962174318,11.502161026754697,7.039916505903876,0.9642857142857143,0.9348659003831418,80793.2701575543,1590649.44826436,1589649.44826436,1684,0.9993713259693446,0.0,0.0,1000.0,18.683482249121774,14.383498842290464,36.03291995147683,19.84467569036775,4.506338022546227,1029.8739207335366,6180.481011094369,3204.5767542480285,0.5184995712300714,3747.5008038192823,0.09477314902248586,1970.2462441342698,11,1,4,52,593.9285237630137,1543,252.0,1.9702462441342699,159.76493844062833,91206.81743332498,2784.553319490557,1500000.0,0.3909296166175844,0,0,0.0,20,E8,P3,no_anticipate,0.0,no_anticipate
4.9879060831202535,9.738584577336315,7.010894940105384,13.257464505225926,5.010452715868992,10.485574767047732,8.214539397815543,13.260142254603307,4.923575236351553,4.923575236351917,18.404360799227284,33.14219210314431,6.284903187039468,11.966359446121809,7.947446963238793,9.738584577336315,1.0,0.9776357827476039,101795.26384377985,1612089.748972065,1595308.3407910222,1745,0.9895902767251368,14781.408181042894,0.009169097558289251,2000.0,17.348470563200458,13.512193674377158,32.11176923259882,18.29069952908989,4.9879060831202535,953.3003305105304,6629.0537116525475,3402.00199825441,0.5131957208725542,3934.393357217948,0.09619486795885698,2028.2699625829514,10,1,3,65,413.0811185964314,1613,252.0,2.0282699625829514,159.2345902464378,90069.0587990807,2820.3722049460976,1500000.0,0.38348779656373533,0,0,0.0,21,E8,P3,no_anticipate,0.0,no_anticipate
3.0993663752160554,4.995980005051251,4.014239154208699,5.5024623663739485,11.721133981446112,34.961720730932306,5.212163049455739,5.212163049455739,,,18.71721348101319,32.79117181412915,3.55174207781474,5.169029540106226,8.455789560576614,4.995980005051251,1.0,0.9764705882352941,26819.936004901418,1529389.3707573186,1527389.3707573186,1662,0.9986922885445387,0.0,0.0,2000.0,18.197105517550355,14.912507116757752,32.21544079582913,19.164173337489682,3.0993663752160554,981.427627184406,6056.006112073828,3137.7567417393793,0.5181231134300954,3678.0543185775095,0.08717299859660682,1688.6236083663753,9,0,1,59,0.0,1545,252.0,1.6886236083663753,166.0929612745577,97927.83994678214,2590.5669291412,1500000.0,0.41652571778797676,0,0,0.0,22,E8,P3,no_anticipate,0.0,no_anticipate
5.687974659595814,7.902624686252693,13.7257432793308,53.372286749256546,3.2647124912601004,4.922590837918505,5.408740343686986,6.348671342998569,5.244145454433692,5.730057158137515,17.76249798045838,31.643116381880002,9.285815090014353,29.734149965268443,7.39995284093609,7.902624686252693,0.9259259259259259,0.98046875,66305.29979334184,1572295.0317663788,1570295.0317663788,1672,0.9987279741018115,0.0,0.0,2000.0,17.29263666591105,14.359483388708213,31.507061939559208,17.968640931065497,5.687974659595814,919.900752664809,6110.612307123433,3172.5078588219894,0.5191800263819135,3677.4406453682172,0.0899860536967538,1856.1849037628883,12,0,1,58,312.2946116021637,1544,252.0,1.8561849037628884,161.6614583682453,93517.81953805614,2714.522068176094,1500000.0,0.39735558159647466,0,0,0.0,23,E8,P3,no_anticipate,0.0,no_anticipate
17.85992862910201,58.60997215142632,21.736795934843894,59.17437107007264,16.057917642102286,47.8697116414297,76.89493557658352,118.66204272520244,4.316397158093423,4.316397158093423,17.391397330297853,29.83823199516226,4.840649855695841,5.1472563909783275,9.5941568066372,58.60997215142632,0.7586206896551724,0.9397590361445783,40971.19198450468,1549122.7235720013,1547122.7235720013,1665,0.9987089467028226,0.0,0.0,2000.0,17.37421147560003,14.056932140920253,31.56503998753034,18.394301661312955,17.85992862910201,930.9274039611275,6042.955587719085,3139.706610422732,0.519564733655078,3607.0131403055348,0.0866404305324032,1640.668400834778,10,0,3,63,0.0,1523,252.0,1.6406684008347778,163.9434703765636,95459.9469153794,2657.037601599285,1500000.0,0.4280524257349382,0,0,0.0,24,E8,P3,no_anticipate,0.0,no_anticipate
29.22726454734926,111.51564302071657,12.949109702297164,41.02737668711264,5.922998114535271,6.463714105863232,55.00327795359332,152.42617178690983,9.294772713122256,9.294772713122256,17.987555465901426,31.64286203753164,7.592708775401411,15.612266796436556,9.64040841370818,111.51564302071657,0.6956521739130435,0.9453125,77024.21305695022,1590717.1925351804,1589717.1925351804,1676,0.9993713527428428,0.0,0.0,1000.0,18.08888545236927,14.167352723708404,32.27281936585439,19.311266274311397,29.22726454734926,1002.732080839267,6105.1923264932475,3171.3821694480507,0.5194565543309684,3626.4091584242956,0.08833647753444518,1758.8210647347676,9,0,4,58,0.0,1540,252.0,1.7588210647347677,159.62513474491413,91458.44940522464,2774.5803992412602,1500000.0,0.41246895203114053,0,0,0.0,25,E8,P3,no_anticipate,0.0,no_anticipate
5.103927969308529,13.679885254426793,10.469124562186051,24.869811840941658,9.084325070376822,13.18381092649288,5.761967066451689,6.631306202329506,41.69262186903052,41.69262186903052,17.51982118859908,30.120077599459375,3.1031262055660807,4.4320802884656585,7.1400405551909785,13.679885254426793,1.0,0.9959016393442623,60773.337476461245,1568414.1462153625,1551792.3518766356,1659,0.989402164996512,13621.794338726966,0.008685074902950108,3000.0,17.1184575322785,14.13964786495751,29.832725174319606,17.949131198781025,5.103927969308529,892.9133910721825,6049.382047783159,3135.5152046401827,0.5183199176169102,3595.9948152870447,0.08925462739456548,1738.9387596522613,14,0,6,49,0.0,1528,252.0,1.7389387596522614,163.51346135505636,95529.93649280489,2656.1196215048603,1500000.0,0.42105189613198757,0,0,0.0,26,E8,P3,no_anticipate,0.0,no_anticipate
2.957441249368076,4.757586247477048,3.6813121997088443,4.283848344943181,4.875064490265345,6.879811174529368,,,,,18.29235600112445,32.29871295631627,5.127114798331196,6.540526464989261,8.121998436067956,4.757586247477048,1.0,0.9653679653679653,13735.182660926428,1515300.790657525,1515300.790657525,1643,1.0,0.0,0.0,0.0,17.9210463934817,14.288483600147629,32.10678386993495,18.798354909056844,2.957441249368076,939.3517331095399,5983.05838429852,3106.2368125896687,0.5191720710500567,3547.3616498876318,0.08533615922517955,1694.2798687347322,9,0,1,54,31.69680174720179,1524,252.0,1.6942798687347322,167.42173001747776,99299.2061167019,2554.847010262894,1500000.0,0.40214789846208165,0,0,0.0,27,E8,P3,no_anticipate,0.0,no_anticipate
8.266486181251977,30.59528313487936,6.014419446528464,10.50682876520664,9.129525240150597,19.510273115553268,33.24417070431658,75.00417549176836,75.58147994002093,77.63719315293702,16.56135926966549,28.006518566320665,3.360296831472485,4.911369916750118,7.375269482378389,30.59528313487936,0.84,0.9845559845559846,68581.49159832505,1577899.8491911527,1574899.8491911527,1676,0.9980987386483763,0.0,0.0,3000.0,16.275824260664105,14.009594824191481,28.00651856632203,18.119729132871385,8.266486181251977,922.1440257656099,6143.021249849531,3171.012702565824,0.5161975799194078,3700.4932924264867,0.09263762568443183,1788.7637053773265,13,0,6,72,0.0,1539,252.0,1.7887637053773264,161.1459699076864,92549.45125828432,2742.1963097016214,1500000.0,0.42381821741736825,0,0,0.0,28,E8,P3,no_anticipate,0.0,no_anticipate
9.939735358732529,43.82175795174953,10.46404666405468,13.720024892689615,31.062612313576075,108.88102322523264,15.2840541193153,43.06886642721228,61.74762743155846,116.79466062173043,17.160171076517543,29.91848843727255,6.4011422288375,7.994517779900705,9.91076865662236,43.82175795174953,0.8571428571428571,0.9438202247191011,112356.63513066774,1624886.1453492267,1624886.1453492267,1680,1.0,0.0,0.0,0.0,17.188320576954506,14.01623935533928,30.78125361732118,18.629049299876794,9.939735358732529,1005.8703034831204,6324.994349487499,3261.096342799615,0.5155888152001045,3822.136082421803,0.09386580803756857,1910.9634071462626,10,0,12,65,0.0,1566,252.0,1.9109634071462627,156.26384909114648,86806.66381073641,2925.0169544672913,1500000.0,0.40181506019062485,0,0,0.0,29,E8,P3,no_anticipate,0.0,no_anticipate
3.337468573592615,6.132304720294087,3.6934398252253997,5.407879357529055,3.681507743666405,5.734686700965881,,,,,17.655452408850888,29.653615467162066,6.658739081090525,13.045890329325994,7.978775946661538,6.132304720294087,1.0,0.9832635983263598,12966.277020972228,1514488.940738426,1514488.940738426,1652,1.0,0.0,0.0,0.0,17.234729233985586,14.435709214782946,28.997567240959654,18.136299807428756,3.337468573592615,899.4402914311622,5981.09148567289,3106.206605763645,0.5193377518475104,3596.5257396325746,0.08774560072922998,1727.9224344995648,8,0,0,67,0.0,1516,252.0,1.7279224344995647,167.53369114124288,99452.82829222425,2551.238881703451,1500000.0,0.4223795872424695,0,11,29.6672205705119,0,E8,P3,marketplace,0.5,marketplace_b0.5
4.533302281526108,7.947397808618462,6.091447368681656,9.704036758712528,5.033329973047314,11.005203445150801,13.549670759206538,33.939171291036146,,,17.890925738868752,32.084723712100484,8.528709754739348,19.895685968991195,7.262871641357418,7.947397808618462,0.9722222222222222,0.9966101694915255,100709.15434103922,1615590.1093808752,1613590.1093808752,1720,0.9987620622406717,0.0,0.0,2000.0,17.106835300791783,13.440975146472738,30.15546981313487,17.97231079830163,4.533302281526108,896.3707459776655,6484.914256648415,3368.9622825385068,0.5195076063009784,3866.9331438351296,0.09778214597528405,1934.485056335504,17,0,10,56,1048.5665234859541,1567,252.0,1.9344850563355038,157.37236091126553,87705.38026957089,2895.312514190618,1500000.0,0.4136716055752977,0,11,37.84324592552922,1,E8,P3,marketplace,0.5,marketplace_b0.5
35.902128196872724,107.10413506977649,49.624585581888034,119.26432147032129,12.335003029184497,10.054443160254777,9.235462428730012,11.608920772224769,71.8958414503254,119.14640547463723,18.542541097604893,32.151203242796335,6.88310278924577,15.78618363604528,10.860737269378541,107.10413506977649,0.65625,0.9117647058823529,76800.1464189748,1590664.735403459,1589664.735403459,1694,0.9993713320112385,0.0,0.0,1000.0,18.897346852209278,14.719077464106022,32.521132053620036,19.624010279532282,35.902128196872724,1044.7093169289622,6293.398409831545,3266.7524782273204,0.5190760643921734,3797.168310182755,0.09197179593553712,1835.8267204770907,11,0,6,64,0.0,1564,252.0,1.8358267204770906,159.67884363746245,90751.20151912697,2797.051967041758,1500000.0,0.41938430277630323,0,10,30.723969347173927,2,E8,P3,marketplace,0.5,marketplace_b0.5
8.531819400603252,19.174742169853292,12.884174942623808,19.622741075234124,14.648953698459064,40.93976340220143,20.576892523847718,33.80581861309611,33.46904404425728,46.9015183683412,17.864329680090723,29.440922431934823,3.4926127004142726,5.687389331277836,9.637938954200937,19.174742169853292,0.9111111111111111,0.9667774086378738,100592.7237119158,1620301.3378479234,1617301.3378479232,1735,0.9981484925489325,0.0,0.0,3000.0,17.27017896396602,13.953854448014681,29.536554534255956,18.53484140167438,8.531819400603252,966.3386444224593,6547.536901885563,3395.654200589756,0.5186155116761348,3919.219539349473,0.0949364334945294,1844.063852404331,8,1,5,63,0.0,1590,252.0,1.8440638524043311,156.9553291721036,87566.21053832264,2898.881455436644,1500000.0,0.41848843745729103,0,9,29.028976721821234,3,E8,P3,marketplace,0.5,marketplace_b0.5
5.651996468463211,12.686280526753583,5.784676451185429,11.980635730006542,5.186607269704837,9.527571739860562,12.991818747599089,25.42792914546281,28.12189420735899,43.88710377317907,17.890015242571128,30.565465066836897,4.565160391857772,8.992855750093439,7.283865427604384,12.686280526753583,0.9591836734693877,0.9871794871794872,111662.5896233039,1623621.9329033762,1608568.613833768,1749,0.9907285564671514,13053.319069608136,0.008039629673064387,2000.0,16.85882979198914,13.1580400329251,28.867379211828855,18.069579486377382,5.651996468463211,936.5412727351104,6744.627399430747,3480.9478206552226,0.5161067638738677,3962.435227846667,0.09763651824825657,1965.9284085073527,15,0,10,62,94.42872806536127,1619,252.0,1.9659284085073527,157.8831802537909,89041.81270637474,2852.2097730196506,1500000.0,0.4007279334430448,0,12,34.075837755565665,4,E8,P3,marketplace,0.5,marketplace_b0.5
7.381647522082195,8.26976633216509,10.298040501508844,16.96935263368635,14.551527480633183,49.76928016226138,16.580595668930933,36.81790860304611,38.702588682129324,38.702588682129324,17.362186418310092,28.518226259261613,7.29293865405838,19.936348136519477,8.874155437065138,8.26976633216509,0.9032258064516129,0.9527272727272728,69345.69733877359,1581071.8908623361,1566559.6627648063,1700,0.9908212724662288,13512.228097529805,0.008546245224915148,1000.0,16.914140893246422,13.308052572983343,28.507203564282023,18.043831783187247,7.381647522082195,935.8214573538858,6503.742796500016,3353.155751953387,0.5155732409587115,3752.788534834332,0.09117689909562328,1848.996904290836,10,0,7,51,0.0,1585,252.0,1.848996904290836,162.04234217053383,93163.60764973063,2724.765638731947,1500000.0,0.40751458160683673,0,12,35.000191228296,5,E8,P3,marketplace,0.5,marketplace_b0.5
4.001080534576978,5.448321196435608,4.691820260858959,7.80102071070972,3.210910311345556,4.785712704240041,5.511500910341397,5.712914064182655,9.295989110483106,11.307599722772512,17.806237263916568,29.615183679340408,4.120263731235841,8.661471880505092,6.329559168753992,5.448321196435608,0.972972972972973,0.9888059701492538,68462.89817107105,1574237.3856304632,1560296.932096663,1695,0.9911446306249312,13940.453533800395,0.008855369375068811,0.0,17.044492007957917,14.42749248537666,28.50844503331466,18.04998439435934,4.001080534576978,923.4990874822993,6297.602964876974,3270.5027037669643,0.5193250069919031,3727.7297225154184,0.09144347644504221,1875.080686868342,10,0,3,68,0.0,1560,252.0,1.8750806868683418,162.70946604100632,94938.62221349505,2674.096956199363,1500000.0,0.39995034447612654,0,12,39.38788225712217,6,E8,P3,marketplace,0.5,marketplace_b0.5
5.259288814404338,7.286529197664504,6.4007643348776755,12.981998017434805,5.544968186885034,9.876535663835517,33.920764476287616,42.767570119105635,25.77581281937364,25.77581281937364,17.76097360260198,32.319266976515614,7.472961916281326,14.046346318572281,8.957560231247614,7.286529197664504,0.9565217391304348,0.9760956175298805,66661.68215178815,1575781.2122211275,1560645.4313835679,1671,0.9903947447017565,14135.780837559716,0.008970649432756442,1000.0,17.33890828264942,14.051815779011122,32.22408885424193,18.372646571230902,5.259288814404338,956.1337516600823,6199.102982842181,3231.5629290203487,0.5212952483552279,3690.827101572143,0.08580666267580593,1651.0269881336992,7,0,2,51,88.7065131230633,1561,252.0,1.6510269881336992,162.52956750289079,93581.18239562046,2710.4917943418122,1500000.0,0.41025633144273166,0,12,40.705436296157586,7,E8,P3,marketplace,0.5,marketplace_b0.5
7.628179680091748,7.459533708535583,7.056004788060778,13.008138568670669,8.695480123579852,8.047833743588125,29.803976208577865,40.33829944175541,,,18.228029630526475,32.33752428890285,4.675186609934278,8.138493094266963,8.210864691786384,7.459533708535583,0.9285714285714286,0.9704797047970479,53177.689805350616,1556757.0832136883,1555757.0832136883,1687,0.9993576390235941,0.0,0.0,1000.0,17.703163429500194,14.3307550541831,32.1743314099531,18.77874883607621,7.628179680091748,972.6833878381887,6337.056437118974,3293.9133966259064,0.5197860283099236,3765.0126425112903,0.09237198462234802,1866.28980660837,12,0,4,57,31.52508603557271,1567,252.0,1.86628980660837,163.17861737270908,94728.0870702916,2679.9473910861366,1500000.0,0.4165676629019811,0,15,54.24337429997561,8,E8,P3,marketplace,0.5,marketplace_b0.5
15.725187781473501,56.5155389275019,21.965546197273955,63.165642134543035,16.835737032267225,46.7517573249311,47.45863375398403,52.614420352643535,44.96661015729251,45.02551987915167,18.105720577657426,30.587765412063362,6.285810178446661,9.036225349479764,9.892265850055258,56.5155389275019,0.7727272727272727,0.9273356401384083,79011.77333131488,1584037.482643687,1567973.72854601,1714,0.9898589810697742,13063.754097676843,0.00824712435205386,3000.0,17.982754357120925,14.944853447448622,32.56016028733184,19.29066309741499,15.725187781473501,993.1169878702518,6393.384189785106,3319.328159060691,0.5191817135538448,3801.6746043270036,0.09741928325233587,2019.502510133997,14,1,2,61,0.0,1573,252.0,2.019502510133997,162.0049480967309,93165.65579285825,2726.5358714901704,1500000.0,0.39551564010146767,0,20,62.662890743076076,9,E8,P3,marketplace,0.5,marketplace_b0.5
15.599958563619415,49.46538244931272,15.7793194047725,50.82634220542218,27.061819356874402,65.24029142585778,27.645659849385385,40.87902130835346,47.966104103167254,82.52745830859612,18.626695511041472,32.34078218029331,5.651163865234263,9.354887765280182,10.994706176710576,49.46538244931272,0.717948717948718,0.9219858156028369,78127.15549743046,1588758.265839218,1570992.3640492226,1712,0.9888177439123433,14765.901789995241,0.009293988964517242,3000.0,18.431557627320082,15.002374124140715,33.60518201414357,19.780447873904226,15.599958563619415,1028.5692957553808,6499.285499094842,3389.7840811270767,0.5215625750860111,3901.2849931761784,0.0958207963177692,1943.065572088335,11,1,4,70,0.0,1575,252.0,1.9430655720883352,161.64500310972343,92734.6565130724,2738.3836326205733,1500000.0,0.41402495716537313,0,12,33.329470169419395,10,E8,P3,marketplace,0.5,marketplace_b0.5
6.328039631299061,12.681620114767156,12.766012572020575,32.91294680678284,5.658285953461071,7.091251369557905,14.2741778598096,28.7859864390749,21.78379465454709,36.87340292011049,17.515385109201304,28.32104928143454,8.082327271162457,25.26100862250442,8.402464339775866,12.681620114767156,0.9444444444444444,0.975609756097561,111543.27783898677,1624921.920249499,1623921.920249499,1714,0.9993845858145317,0.0,0.0,1000.0,16.960627282684474,14.354479757793968,28.27842335534915,17.907652989368824,6.328039631299061,946.0969116223217,6496.34363741353,3349.3978733871268,0.515582004328925,3779.6897861919974,0.09350435359341426,1979.7503695995392,10,0,12,63,61.46131207143856,1597,252.0,1.9797503695995393,156.39899135703408,88684.64301489963,2863.8526551539394,1500000.0,0.3783141660859002,0,10,27.758483438270748,11,E8,P3,marketplace,0.5,marketplace_b0.5
4.068635653020863,7.918725710958686,7.185515552829689,10.56586796186175,4.4692117367512765,4.4692117367512765,,,,,17.960307029762998,31.60191026143512,2.498565606900229,3.5942497727291993,7.972209202474591,7.918725710958686,1.0,0.9768518518518519,18023.744041762733,1518714.779790731,1501483.6889429558,1619,0.9886541626663109,14231.090847775113,0.009370482882728029,3000.0,17.779443252627324,14.586396573902675,31.218807336035766,18.58098733235981,4.068635653020863,919.2302931178177,5801.414841907164,3022.536921653627,0.5209999636330083,3501.1380876938215,0.08210837075808586,1561.3238950174496,4,0,0,63,0.0,1484,252.0,1.5613238950174495,168.87384509219982,100737.19709023378,2517.0575638301098,1500000.0,0.4317155641818773,0,6,17.563879166523446,12,E8,P3,marketplace,0.5,marketplace_b0.5
3.425219077896743,5.569553452523383,4.859253981326422,8.18262473685261,4.722688269621077,6.644848301229652,6.648764054334197,8.374691390675798,7.436451935195805,7.923301572877449,16.1105786979029,27.92223003637215,6.02992880797777,10.504778670717315,6.732452896890699,5.569553452523383,1.0,0.98989898989899,91238.2981341862,1601282.5337738234,1599282.5337738234,1723,0.9987510011769838,0.0,0.0,2000.0,15.281170337538176,12.94352114597217,27.195951113752738,16.002813871671638,3.425219077896743,824.6723697857315,6481.165696084823,3341.3827330482222,0.5155527400058144,3898.7391897102234,0.09138673308050985,1758.223577191737,9,0,10,75,618.0116913735332,1589,252.0,1.758223577191737,158.67003998249078,89274.5280433198,2842.448222790463,1500000.0,0.4181346232027974,0,10,31.100191228296005,13,E8,P3,marketplace,0.5,marketplace_b0.5
7.312949316479124,14.222747705809752,10.940467254253756,18.780890850571087,12.150644197123166,31.1354584400799,34.919246384245525,59.64250663274475,5.300229540535838,5.300229540535838,19.008862169142287,36.08077410975248,16.311079234553944,47.871856477325935,10.7294183606599,14.222747705809752,0.9512195121951219,0.9508196721311475,108277.73229511893,1623568.4454141085,1620568.4454141085,1738,0.9981522183382698,0.0,0.0,3000.0,18.519382169457376,14.17335544516527,35.9719561920203,19.854661058090308,7.312949316479124,1076.2969656595312,6601.8226155593575,3367.4546900800387,0.5100795471455911,3853.0231970225827,0.09217452943849751,1920.3829518110217,7,0,12,52,1785.8233305201911,1611,252.0,1.9203829518110216,156.68599723162328,87549.56760299257,2900.304249396792,1500000.0,0.39654090300861744,0,14,38.82401521288758,14,E8,P3,marketplace,0.5,marketplace_b0.5
13.583467839059505,34.53684637340532,19.371833461905066,51.611401260391546,15.017398308941816,39.98315042154172,18.503485455598735,48.07816755600925,33.45859705962084,47.814920962322866,18.490326705939797,34.09081833695018,12.003898063995186,37.46659199652195,11.897501632373775,34.53684637340532,0.725,0.943217665615142,142692.91995045857,1659042.555528634,1656042.5555286342,1752,0.998191728120534,0.0,0.0,3000.0,18.226625434401793,14.48714215996415,35.44193642050668,19.011580664105313,13.583467839059505,1053.2456407648704,6707.229219022481,3438.452565022013,0.512648733588851,3954.814673797524,0.1006761007948875,2080.813404730276,15,1,10,60,31.756362095745953,1635,252.0,2.080813404730276,153.42650015634638,84174.06456668516,3018.516626382465,1500000.0,0.3957984560691371,0,7,20.84355428603274,15,E8,P3,marketplace,0.5,marketplace_b0.5
36.78810068008471,112.67219456970763,58.61485519129495,120.21601818236086,48.280937603973946,121.10838169372582,35.06484072387195,86.79183983320019,,,18.491178689234882,31.84028453885374,3.506223479244909,5.040025082706053,13.42402118704102,112.67219456970763,0.7,0.905511811023622,48172.02414110696,1551004.9906443798,1548004.9906443798,1660,0.9980657702469715,0.0,0.0,3000.0,19.289613741730655,14.65654581766239,33.69094080374235,19.963507546523452,36.78810068008471,1024.8023805005814,6089.950357598433,3174.403162336334,0.521252715693426,3691.8512372481846,0.08923127595053357,1812.7762419697835,6,1,3,55,68.90708334604344,1523,252.0,1.8127762419697835,163.9612131588261,94805.5392855229,2677.1935285086,1500000.0,0.3929914754303542,0,15,45.62396668755583,16,E8,P3,marketplace,0.5,marketplace_b0.5
4.96094620639661,6.877332304119457,6.913995492096587,16.710975331583906,3.73073891068839,5.471681324157726,15.005526828568861,27.08179389314259,14.12086860411705,25.575897193784797,17.113279245674363,29.008762547878995,6.061315560606842,13.993705929479805,7.203711562112626,6.877332304119457,0.98,0.9864406779661017,108753.96482816651,1618779.5327069117,1618779.5327069117,1724,1.0,0.0,0.0,0.0,16.328020523804184,13.747043603811335,28.197247766254034,17.452280939838413,4.96094620639661,893.633327929892,6483.623173627148,3359.6678206114602,0.518177526768872,3927.780834075046,0.09620003295137002,1910.7042996462435,12,0,7,68,0.0,1577,252.0,1.9107042996462436,156.8531718924433,88219.08521223482,2878.1833736860403,1500000.0,0.4285368751058092,0,10,26.253486910558028,17,E8,P3,marketplace,0.5,marketplace_b0.5
6.623411936439641,14.128844746930463,5.610986340035742,10.729026386942861,16.38688704783736,25.94574509516342,22.30153614376627,24.62333688236358,78.27715290578726,78.27715290578726,18.43465565762211,32.416876331752796,4.113288698922048,8.30546027089531,8.720999384254085,14.128844746930463,1.0,0.9917695473251029,44452.613878874734,1549611.527047556,1548611.527047556,1659,0.9993546769738444,0.0,0.0,1000.0,18.13184023633349,14.511581503663479,32.226956990084545,19.433755987868174,6.623411936439641,975.0524041492292,5988.293450700498,3103.2817666210426,0.5182247316650835,3640.8113475645173,0.09062884140150121,1703.2789094100963,6,2,4,61,0.0,1512,252.0,1.7032789094100962,163.8262885677327,95184.78643205363,2665.3763528745503,1500000.0,0.4246616388600102,0,7,18.14618545801873,18,E8,P3,marketplace,0.5,marketplace_b0.5
7.487548443701264,7.419410735414497,17.24686235462953,75.89310434789105,7.855558165735743,6.713505025570159,13.826074826431144,33.988117777803566,4.7982597926175,4.7982597926175,18.62961885053061,32.43428289657131,6.212957367148757,12.696663624570647,9.357973254011911,7.419410735414497,0.9473684210526315,0.9551724137931035,87841.34456932086,1606256.9135860626,1605256.9135860626,1723,0.9993774345862472,0.0,0.0,1000.0,17.953083571741157,14.08624384263203,31.91776641004671,18.642027744109694,7.487548443701264,977.7373061278424,6577.7956408265245,3386.7382635994336,0.5148743513068273,3892.680322022366,0.09447542915939963,1831.6921249195793,11,0,9,62,0.0,1601,252.0,1.8316921249195794,158.12527575905122,89025.69687746778,2851.218255267192,1500000.0,0.4174633090814436,0,19,51.04506117231536,19,E8,P3,marketplace,0.5,marketplace_b0.5
3.3903965182961167,6.007570618256096,18.835852415695108,63.51188696987973,29.61639467097702,109.89202527091311,14.54581670086668,29.765180212843923,19.194327970291397,36.57241684389065,19.60272988319347,37.97884017183852,8.508451979488973,13.148021358051489,11.679418281102809,6.007570618256096,1.0,0.9386973180076629,80793.2701575543,1590649.44826436,1590649.44826436,1685,1.0,0.0,0.0,0.0,19.29703178445209,14.441446688830183,38.33594753564596,20.215704805523995,3.3903965182961167,1055.4185533132631,6208.458518699055,3204.953700534764,0.51622374392643,3701.217610883465,0.09222424922015517,1921.0306576881055,12,0,5,44,0.0,1564,252.0,1.9210306576881055,159.6335578117193,91110.68639015796,2786.951132936667,1500000.0,0.3934438545404563,0,12,33.08095423046578,20,E8,P3,marketplace,0.5,marketplace_b0.5
5.2701038300616005,10.18117850868662,6.748998963227835,12.95489009049597,7.565924266026506,15.593066455667579,9.394350848138048,18.661765118077348,5.35803393238416,5.363076980750475,18.31405195400487,32.85091176825221,6.556848340512836,13.636535688771303,8.074780294409882,10.18117850868662,1.0,0.987220447284345,101795.26384377985,1612089.748972065,1595308.3407910222,1745,0.9895902767251368,14781.408181042894,0.009169097558289251,2000.0,17.320289572408875,13.559800352890306,30.75340626682228,18.293093536332286,5.2701038300616005,944.0731657446187,6649.769241096566,3436.4755219844524,0.5167811689985453,3941.1962504849694,0.09482163408633865,1949.8493890301784,10,0,4,65,0.0,1594,252.0,1.9498493890301782,159.18543324553232,90041.2537549751,2820.3722049460976,1500000.0,0.3933375613300829,0,14,43.83644406178944,21,E8,P3,marketplace,0.5,marketplace_b0.5
4.660031059446141,8.958760033607177,5.338391587115982,8.687884989642228,11.137897189566177,29.56547698314744,5.684675738736587,5.684675738736587,,,18.544803727613417,32.732043182824775,3.8104748020966905,5.848917700264111,9.238286041365347,8.958760033607177,1.0,0.9725490196078431,26819.936004901418,1529389.3707573186,1527389.3707573186,1662,0.9986922885445387,0.0,0.0,2000.0,18.06438769763216,14.091879964615714,32.28757753906166,18.928507623271663,4.660031059446141,974.4751600950989,6028.652513770157,3124.8199236456894,0.5183280868333728,3662.7755599509082,0.08638439712846356,1656.3985368972308,9,0,1,54,0.0,1540,252.0,1.6563985368972307,166.07186313672455,97915.40055712321,2590.5669291412,1500000.0,0.41640161565446054,0,6,16.40317285694146,22,E8,P3,marketplace,0.5,marketplace_b0.5
6.112224883161995,8.20500892507589,14.892137144564707,58.90604813838172,3.6812635984976017,5.789308481757871,5.164893110093847,5.426950061358729,5.640890932219008,6.146042875241074,18.024065619410106,32.039603085835736,8.261859031461938,18.49903182765911,8.104518073755727,8.20500892507589,0.9259259259259259,0.98046875,66305.29979334184,1572295.0317663788,1571295.0317663788,1673,0.9993639870509057,0.0,0.0,1000.0,17.55141043965805,14.28250751075143,31.904685553908255,18.198572458159127,6.112224883161995,935.63084513637,6173.421418469227,3233.6710279558297,0.5238053275095639,3668.449180526452,0.09187481470497247,1915.8879042775516,12,1,1,60,361.47953034558935,1548,252.0,1.9158879042775514,161.5965701990649,93511.13834491694,2715.35447432696,1500000.0,0.39195164159645524,0,13,38.54149199300077,23,E8,P3,marketplace,0.5,marketplace_b0.5
19.184812779526617,59.86768540121265,22.107075711184574,60.13574994767988,17.119844996261936,49.42404625480904,77.48638797659562,119.70401847744142,4.387449289733013,4.387449289733013,17.669411184415168,31.755853346042837,7.920210942827212,22.069374675392297,8.83939633039188,59.86768540121265,0.6896551724137931,0.9437751004016064,40971.19198450468,1549122.7235720013,1547122.7235720013,1665,0.9987089467028226,0.0,0.0,2000.0,17.7054308474837,14.095883170118213,32.377616585859876,18.762490252336963,19.184812779526617,965.56548768026,6108.889304081966,3184.335345475051,0.5212625711432151,3640.528953001095,0.08703697286695143,1623.1315414601654,10,0,3,65,0.0,1533,252.0,1.6231315414601655,163.93213523222926,95453.34676061905,2657.037601599285,1500000.0,0.4315316904276706,0,11,33.05019122829601,24,E8,P3,marketplace,0.5,marketplace_b0.5
35.88779058129825,100.99857777342245,21.54782480530726,84.95043173104106,4.092931131322662,5.107756569186495,61.86146152138445,132.25916829675356,7.017083342832848,7.017083342832848,18.004732739265567,32.35182602896157,7.592585448684372,14.818568373211765,10.301572748134896,100.99857777342245,0.6521739130434783,0.92578125,77024.21305695022,1590717.1925351804,1589717.1925351804,1676,0.9993713527428428,0.0,0.0,1000.0,18.280607309489284,14.293799701043099,32.52706282960753,19.561609728355997,35.88779058129825,1030.6275141295341,6104.065113662285,3165.1756697547153,0.5185356988853761,3624.1656713386064,0.0897953532623071,1761.7170126003668,13,0,4,60,0.0,1548,252.0,1.761717012600367,159.62695641978763,91459.49314786275,2774.5803992412602,1500000.0,0.4129991799073012,0,4,9.212732199571063,25,E8,P3,marketplace,0.5,marketplace_b0.5
4.63086886220492,10.365125389306474,10.901745427855177,25.215859622795143,9.595191361612775,15.368793866977287,6.9511550096674455,7.501358128974016,42.82809062438446,42.82809062438446,17.834582044511453,30.226832853651292,3.556115923596628,4.609985723369391,7.555342457189684,10.365125389306474,1.0,0.9918032786885246,60773.337476461245,1568414.1462153625,1551792.3518766356,1659,0.989402164996512,13621.794338726966,0.008685074902950108,3000.0,17.42886224847825,14.279101444607022,29.573362402984095,18.269469453927528,4.63086886220492,901.8132128519454,6067.939908104901,3174.5085229730803,0.5231608372938752,3589.6152033250523,0.09113452637937491,1728.7527833549582,14,1,5,51,0.0,1520,252.0,1.7287527833549583,163.50689734777472,95526.10158408509,2656.119621504861,1500000.0,0.42307085247548015,0,11,29.6737120062056,26,E8,P3,marketplace,0.5,marketplace_b0.5
3.135220276998203,4.603280965739759,4.345105151031612,6.518894548223216,4.967348381584486,7.260567824604368,,,,,18.28202300011394,32.47857192286088,8.311822583221376,18.040282748119175,8.737555682899965,4.603280965739759,1.0,0.9653679653679653,13735.182660926428,1515300.790657525,1515300.790657525,1643,1.0,0.0,0.0,0.0,17.940435945355425,14.586850908598535,32.3643941507431,18.745911683827423,3.135220276998203,956.3137115362205,5991.741864685447,3109.2445570527107,0.518921647038601,3535.164017120151,0.08507734185659539,1678.081064729365,9,0,1,58,31.69680174720179,1529,252.0,1.678081064729365,167.41103986004813,99292.86569634001,2554.847010262894,1500000.0,0.40493844120541844,0,9,26.886398340063003,27,E8,P3,marketplace,0.5,marketplace_b0.5
9.552007946066748,26.800228509107185,7.670224138268957,10.74316869258744,15.984876816282247,42.88167230815316,34.723465514589556,63.71552664267301,41.03844145254152,50.725355769648374,16.912043321271664,28.046784580771057,4.803255635815203,6.349263958995077,8.015872995241248,26.800228509107185,0.8,0.9806949806949807,68581.49159832505,1577899.8491911527,1574899.8491911527,1676,0.9980987386483763,0.0,0.0,3000.0,16.6798216429138,14.480056555842793,28.349341227006335,18.097488117864128,9.552007946066748,926.9350414882223,6246.039306599013,3248.9276129544473,0.5201580479203706,3762.9716871090027,0.09611069024694258,1869.8996503217381,13,1,7,64,0.0,1540,252.0,1.869899650321738,161.19748806929272,92579.03920013129,2742.1963097016214,1500000.0,0.4141790708220584,0,9,27.31672712291374,28,E8,P3,marketplace,0.5,marketplace_b0.5
19.31731788241687,97.85690370412703,16.52255553159804,37.13117023333406,38.033280415119755,121.07718728112923,15.582563957879552,43.46525345548541,55.64031719401108,102.16374137259395,17.41736967039478,29.01620680842389,7.063538561038587,13.412486013029229,11.694864429809448,97.85690370412703,0.8095238095238095,0.9325842696629213,112356.63513066774,1624886.1453492267,1624886.1453492267,1680,1.0,0.0,0.0,0.0,17.686532349181608,14.190592085830644,30.460883604250892,18.826805533686013,19.31731788241687,1010.4293129861468,6316.948553991185,3265.915346369123,0.517008381254846,3807.049765277173,0.09498382384293133,1965.3640931266411,10,0,13,72,0.0,1553,252.0,1.9653640931266412,156.29732878209967,86825.26222805405,2925.0169544672917,1500000.0,0.3976901654864067,0,10,30.689197915108775,29,E8,P3,marketplace,0.5,marketplace_b0.5
3.33942703585761,5.487435029630433,4.053379026352601,5.792152048533353,3.7370588456274,5.591888584864046,,,,,17.80141691091785,29.649275333204017,7.659976124360084,13.498266194471489,8.400089412299431,5.487435029630433,1.0,0.9832635983263598,12966.277020972228,1514488.940738426,1514488.940738426,1652,1.0,0.0,0.0,0.0,17.386635167098984,14.563261918150147,29.427722344603946,18.26358321718747,3.33942703585761,905.3716228642656,5970.5429243471135,3115.738977846655,0.5218518679668257,3581.111940998484,0.08722477783421778,1688.4355089447836,8,0,0,74,0.0,1509,252.0,1.6884355089447836,167.50761836877646,99437.3507429293,2551.238881703451,1500000.0,0.4274369728795808,0,11,29.6672205705119,0,E8,P3,marketplace,1.0,marketplace_b1.0
5.244617647371268,10.159479005924368,8.217740259855221,13.063181332775502,5.984610584997568,12.13147572054895,12.824561320461225,31.789001438880256,,,18.215136569436464,31.360913673626985,7.9246359918590095,14.865412064488108,7.7891983973652055,10.159479005924368,0.9722222222222222,0.9932203389830508,100709.15434103922,1615590.1093808752,1613590.1093808752,1720,0.9987620622406717,0.0,0.0,2000.0,17.44171388122948,13.604091600595893,29.830651422461347,18.278616480505356,5.244617647371268,916.5158250744165,6453.534282577898,3348.559727362321,0.5188722304307216,3842.196083886676,0.09963832473712424,1976.0069962270943,17,1,8,64,951.0689331187145,1570,252.0,1.9760069962270943,157.39809355529337,87719.72136045074,2895.312514190618,1500000.0,0.40668339167371603,0,12,39.008413219069816,1,E8,P3,marketplace,1.0,marketplace_b1.0
36.17436429224196,107.10413506977649,50.12084165615291,120.26432147032129,14.98939642163342,22.74914222214011,12.829861271103823,17.807275816975924,68.1458414503254,112.39640547463723,18.87461183311468,32.38081421665305,7.1275492250684,16.78618363604528,11.280398099326861,107.10413506977649,0.65625,0.9191176470588235,76800.1464189748,1590664.735403459,1588664.7354034588,1693,0.9987426640224768,0.0,0.0,2000.0,19.264935089913184,14.512143241573995,33.06786098818829,20.011716563519933,36.17436429224196,1060.943178821571,6276.4118252889575,3268.9439302826404,0.5208300572488553,3780.9126679583337,0.0952163436011473,1878.1392937856979,11,1,10,72,0.0,1550,252.0,1.8781392937856978,159.80598903978978,90895.12090514875,2793.088746300405,1500000.0,0.417168023691875,0,9,30.123189376928643,2,E8,P3,marketplace,1.0,marketplace_b1.0
9.072532919955249,27.651984836003074,12.57088299538585,21.247098851597592,17.178617985117874,39.83183321726574,18.855958227805143,28.135861578875666,28.23605184071596,38.30566369182206,18.066943587374347,30.795571707060574,3.3489788188266125,5.126006988535641,9.995890393955005,27.651984836003074,0.8666666666666667,0.9667774086378738,100592.7237119158,1620301.3378479234,1617301.3378479232,1735,0.9981484925489325,0.0,0.0,3000.0,17.479112020400166,13.93539043349665,30.84972222622354,18.620451177738662,9.072532919955249,971.80601559295,6499.325718680771,3363.8258441931057,0.5175653582839502,3888.563134249281,0.0956093679404847,1844.0353180395568,8,1,7,71,0.0,1578,252.0,1.8440353180395568,156.95531152890743,87566.20069508992,2898.881455436644,1500000.0,0.43325277171902876,0,11,40.61995244198761,3,E8,P3,marketplace,1.0,marketplace_b1.0
6.860781278237246,14.956529156877878,9.797365631832415,16.882096418218044,9.312642109343372,30.33161279420759,13.515116172204737,26.027929145462807,28.63214119708732,44.38915317112473,18.302111146201007,32.8627785276336,5.004279980680425,9.990477573642602,8.357194570422978,14.956529156877878,0.9387755102040817,0.9775641025641025,111662.5896233039,1623621.9329033762,1607568.613833768,1748,0.9901126495372593,13053.319069608136,0.008039629673064387,3000.0,17.411224004956743,14.2572923628004,32.13409271173495,18.590050268197277,6.860781278237246,981.7261754069643,6669.692282203858,3433.6774189555963,0.5148179666575278,3898.552908994036,0.10020658596732238,2013.2974817751522,15,1,10,66,94.42872806536127,1620,252.0,2.0132974817751523,158.0108589430582,89084.41949257585,2851.3773668687845,1500000.0,0.39886295327038335,0,13,39.96369711292377,4,E8,P3,marketplace,1.0,marketplace_b1.0
7.886705345860397,7.769766332165091,11.669403893232289,13.65696779685716,19.811451575816637,64.39828201933177,17.949345103193536,38.148945245960604,38.31953088766034,38.31953088766034,18.317643170339117,32.24103467092122,7.5837930831510745,17.307540413528525,9.583545336186845,7.769766332165091,0.9032258064516129,0.9563636363636364,69345.69733877359,1581071.8908623361,1566559.6627648063,1700,0.9908212724662288,13512.228097529805,0.008546245224915148,1000.0,17.895892884965402,13.767993213259459,32.240645205039094,19.075810368345664,7.886705345860397,995.6180677316661,6481.053112613013,3349.674493701485,0.5168410805309652,3780.2841383004998,0.09103759471282495,1819.8908509206367,10,0,6,48,176.60931584922508,1580,252.0,1.8198908509206366,162.02376256960193,93152.92561052828,2724.765638731947,1500000.0,0.41510610294626715,0,12,37.895936325794324,5,E8,P3,marketplace,1.0,marketplace_b1.0
3.378970374979279,5.3837613321150455,5.0283239323394655,10.26560359638395,3.710910311345556,5.285712704240041,6.84775879683815,8.11817825987681,9.556236100211436,11.759649120718176,18.071585193636793,29.682943053827152,4.2942549811858814,6.848415906695482,7.454537043804809,5.3837613321150455,1.0,0.9813432835820896,68462.89817107105,1574237.3856304632,1560296.932096663,1695,0.9911446306249312,13940.453533800395,0.008855369375068811,0.0,17.292656296297203,14.688380860162397,28.961994934469242,18.255591738486906,3.378970374979279,936.528481230909,6279.892115649381,3255.7010082417505,0.5184326336002812,3702.2369841489003,0.09150099070733285,1892.4453618252494,10,0,3,65,0.0,1562,252.0,1.8924453618252495,162.72059512457992,94945.11587294021,2674.0969561993634,1500000.0,0.39291364765790304,0,19,57.05896323532901,6,E8,P3,marketplace,1.0,marketplace_b1.0
5.545331545101834,7.6865291976645045,8.129657652142663,13.981998017434801,4.884683140498582,6.721443029853305,32.706646633285914,43.336353542727196,26.27581281937364,26.27581281937364,18.401700755169124,33.58784181729898,8.935058993350708,20.179630244371854,9.499153609753161,7.6865291976645045,0.9565217391304348,0.9760956175298805,66661.68215178815,1575781.2122211275,1560645.4313835679,1671,0.9903947447017565,14135.780837559716,0.008970649432756442,1000.0,17.9756719645486,14.480546533918641,33.43950473850646,18.98494969641745,5.545331545101834,988.2868648643506,6193.568811764823,3235.56554840133,0.5224072980759171,3666.819244208039,0.08629574248459153,1684.5964290259851,7,0,2,55,346.84188805365244,1547,252.0,1.6845964290259852,162.55107747576304,93593.5673956276,2710.4917943418122,1500000.0,0.4012996371130808,0,17,60.655739358852344,7,E8,P3,marketplace,1.0,marketplace_b1.0
6.989322381760418,17.440862579097992,9.284001307180876,16.14133229784184,7.05091213127387,12.446866527385737,27.315201857999,41.04708947107747,,,18.27285620439379,31.4075330941083,4.795790502218163,8.504200791526367,7.974452702710737,17.440862579097992,0.8928571428571429,0.985239852398524,53177.689805350616,1556757.0832136883,1555757.0832136883,1687,0.9993576390235941,0.0,0.0,1000.0,17.73825411981179,14.378215712257543,30.439236979241674,18.783120552285308,6.989322381760418,950.5488462034657,6267.96173163562,3239.971852820788,0.5169099607720994,3741.4594000875763,0.09278144682241515,1860.901502157862,12,0,4,63,0.0,1559,252.0,1.860901502157862,163.1751539114087,94726.076469461,2679.9473910861366,1500000.0,0.4228971924546965,0,12,39.9273044659738,8,E8,P3,marketplace,1.0,marketplace_b1.0
15.968126204369616,55.19941708045427,28.909069077741957,66.75837991287281,11.676416193254301,39.84285052611996,56.17603265466096,62.60115812289659,50.47026685279479,56.568431774535114,18.058772362445268,29.907648107761283,6.315669693784964,6.9810604350109315,10.851798059206496,55.19941708045427,0.75,0.9134948096885813,79011.77333131488,1584037.482643687,1567973.72854601,1714,0.9898589810697742,13063.754097676843,0.00824712435205386,3000.0,17.996301577071613,14.89766194503295,32.09059578206672,19.27031443270119,15.968126204369616,998.0030553929826,6405.794362864811,3319.020962925428,0.5181279283903034,3790.3869831849656,0.09960893302036007,2166.0013325049217,14,2,5,70,98.46370284000882,1580,252.0,2.1660013325049214,162.09838003357004,93219.38654472653,2726.5358714901695,1500000.0,0.37398966863551153,0,18,59.639806918631464,9,E8,P3,marketplace,1.0,marketplace_b1.0
12.243087358792245,35.10236389076167,13.660461408369125,31.62252185468128,16.983371445969336,60.44528551872759,17.5298090526735,25.253173962644087,44.87279121086283,76.95949510244816,19.198636489682382,32.43499037480427,5.64585551928843,10.210205807392413,10.135461010495893,35.10236389076167,0.8205128205128205,0.9609929078014184,78127.15549743046,1588758.265839218,1569992.3640492226,1711,0.9881883215379637,14765.901789995241,0.009293988964517242,4000.0,18.729055828318433,15.499130026509192,32.4780139851282,19.991379621924295,12.243087358792245,1062.543295595577,6484.740826791337,3380.03566597196,0.521229106336453,3889.700947259976,0.09611569490646146,1919.6496706554651,11,1,5,74,60.09629953532991,1577,252.0,1.9196496706554653,161.73304755174883,92754.30071060451,2737.5512264697077,1500000.0,0.41308936883129566,0,11,33.038875917026466,10,E8,P3,marketplace,1.0,marketplace_b1.0
6.0063899630837625,9.971980039631035,11.429918106744536,25.5900313034045,6.308087756128477,9.35441366347186,14.52549145283498,29.277788847292236,22.183794654547093,37.37340292011049,17.542806108477716,28.60608356730677,8.529653286148795,25.996003528306943,8.738144782566092,9.971980039631035,0.9722222222222222,0.975609756097561,111543.27783898677,1624921.920249499,1622921.920249499,1713,0.9987691716290633,0.0,0.0,2000.0,16.97271390529988,14.218330163378141,28.57271232396542,17.92650284078372,6.0063899630837625,949.4862087365077,6552.401646968828,3387.090263828706,0.5169234803235223,3880.3533650448057,0.09572220403749736,1997.9222988951208,10,1,12,55,61.46131207143856,1604,252.0,1.9979222988951209,156.50655717303204,88716.77466736021,2863.020249003073,1500000.0,0.3781166811876432,0,9,30.712541814667656,11,E8,P3,marketplace,1.0,marketplace_b1.0
4.318635653020863,8.418725710958686,7.600862437236661,11.06586796186175,4.4692117367512765,4.4692117367512765,,,,,18.063861790969586,31.804330301172644,3.12048474899863,4.196603419249186,8.64431818804583,8.418725710958686,1.0,0.9722222222222222,18023.744041762733,1518714.779790731,1502483.6889429558,1620,0.9893126141499646,14231.090847775113,0.009370482882728029,2000.0,17.887036039805533,14.676510037467324,31.315723957978804,18.645991570014505,4.318635653020863,926.634884641141,5778.535674763412,3014.479421311436,0.521668393339954,3459.4578709315924,0.08227459334272941,1587.1279521901909,4,0,0,63,270.23482835594933,1483,252.0,1.5871279521901909,168.7786229017878,100651.56550871045,2519.455377276219,1500000.0,0.4277752929831228,0,5,13.901629567615952,12,E8,P3,marketplace,1.0,marketplace_b1.0
3.5937566412457445,5.762718336129661,6.289843932332133,10.47981352504221,5.065064686774561,6.817406026663935,6.474206920844836,7.407952762996411,8.186451935195805,8.47330157287745,16.477407194551667,27.91288800405692,5.744793227339515,7.0269798404220865,7.018161470957555,5.762718336129661,1.0,0.98989898989899,91238.2981341862,1601282.5337738234,1598282.5337738234,1722,0.9981265017654756,0.0,0.0,3000.0,15.642173214683206,13.10052051316734,27.042269576786385,16.365264630812845,3.5937566412457445,856.755758859111,6525.671852415594,3378.988117278765,0.517799269362276,3928.827504442597,0.09048324629657538,1785.338745186221,8,0,10,66,0.0,1599,252.0,1.785338745186221,158.78628051196608,89310.22176154147,2841.6158166395976,1500000.0,0.4047453458890904,0,9,25.63316203006732,13,E8,P3,marketplace,1.0,marketplace_b1.0
9.633862562551226,23.98559898032022,14.21410146352675,29.405681757699764,17.118343801481856,50.77579912572969,27.834639162518467,55.42817601217871,9.779735561079178,9.779735561079178,18.863202566696998,34.5278101890139,16.200597099227892,48.79771748100856,11.883199039359598,23.98559898032022,0.9024390243902439,0.9442622950819672,108277.73229511893,1623568.4454141085,1620568.4454141085,1738,0.9981522183382698,0.0,0.0,3000.0,18.537768897322792,14.80901710021999,34.82697407487693,19.541954416861063,9.633862562551226,1075.567262773049,6560.166379563386,3345.066510523506,0.5099057427787583,3881.052532257335,0.09207482314404164,1901.3337535587405,7,0,13,64,1243.7382568915884,1609,252.0,1.9013337535587405,156.67424259188175,87542.99960301245,2900.304249396793,1500000.0,0.39647872993721567,0,14,38.125569349147675,14,E8,P3,marketplace,1.0,marketplace_b1.0
17.943028890519546,36.64308615930877,18.759470260571693,52.01140126039155,20.621996165704832,54.74439005303611,22.9372414455391,40.20652580043588,37.45859705962084,55.740480566989575,19.122109860381464,35.94882675626322,11.968895007300102,37.70018074807606,12.796148961653081,36.64308615930877,0.675,0.9242902208201893,142692.91995045857,1659042.555528634,1656042.5555286342,1752,0.998191728120534,0.0,0.0,3000.0,19.046011920503357,15.230706981262074,37.81773306265091,19.98912782596827,17.943028890519546,1120.1207802200613,6679.062250074194,3410.9603784366745,0.5106945033187532,3925.470483638925,0.09987340050904389,2128.759417550544,15,0,10,64,31.756362095745953,1634,252.0,2.1287594175505444,153.45545231863244,84189.94853180936,3018.516626382465,1500000.0,0.3848981730749219,0,10,31.922833083168907,15,E8,P3,marketplace,1.0,marketplace_b1.0
37.04692707785374,114.07219456970763,57.34538790379352,121.11601818236086,44.261520089472015,121.33211207945351,36.132695807185996,89.23183406647951,,,18.7029640067009,31.964784948123107,3.4696497726997424,5.116196774302444,13.867776673829953,114.07219456970763,0.7,0.905511811023622,48172.02414110696,1551004.9906443798,1548004.9906443798,1660,0.9980657702469715,0.0,0.0,3000.0,19.44775034681433,14.70970199938165,34.41210151629919,20.122026620912546,37.04692707785374,1053.331995659095,6105.208518341427,3185.6774933667843,0.5217966730859869,3718.619854850608,0.08813242360469954,1761.5092144200094,5,1,2,55,0.0,1539,252.0,1.7615092144200093,163.9280950307454,94786.38974440689,2677.1935285085997,1500000.0,0.3995834336448283,0,14,41.26479994760871,16,E8,P3,marketplace,1.0,marketplace_b1.0
4.860792522317351,7.54321468501958,8.155765330480662,17.585121551954217,4.8079446231952065,6.306157893643506,20.689976075070035,50.64664515435707,8.381204962441416,9.40973117200142,17.69386856799623,30.01416456530466,6.28821662207584,9.056099431143231,8.064255027629045,7.54321468501958,0.9591836734693877,0.9829931972789115,108753.96482816651,1618779.5327069117,1613058.491499321,1723,0.996465830527259,0.0,0.0,5721.041207590521,16.912028722850735,14.178650703813219,29.197826391738356,17.8627949444323,4.860792522317351,921.6218457424728,6428.803864684628,3310.586294252472,0.5149614708948468,3862.574140949278,0.09592415454156904,1933.359032736195,12,0,7,61,0.0,1571,252.0,1.933359032736195,157.42352826691845,88622.70097312216,2865.3308491438343,1500000.0,0.4211530159788024,0,10,25.864420995466137,17,E8,P3,marketplace,1.0,marketplace_b1.0
10.208060022593797,19.515112955799683,5.810986340035742,10.92902638694286,19.193265480246907,63.88915414753393,52.92380108419388,86.55110464207192,88.81625225522475,88.81625225522475,18.430997243926992,32.302283850915124,3.6785774725561566,6.5087660479689475,9.020241153075064,19.515112955799683,0.9090909090909091,0.9753086419753086,44452.613878874734,1549611.527047556,1548611.527047556,1659,0.9993546769738444,0.0,0.0,1000.0,18.27274546543241,14.30823419490207,32.32218798581653,19.703948453672997,10.208060022593797,987.2171629121422,5961.645770179353,3101.3969238310765,0.5202249585751172,3642.3099699925515,0.08678659037831428,1630.6758760065857,6,0,4,69,47.66193585012884,1505,252.0,1.6306758760065858,163.77940590404629,95157.54711430207,2665.37635287455,1500000.0,0.4396289317922393,0,9,26.87508302879347,18,E8,P3,marketplace,1.0,marketplace_b1.0
6.810860332214953,19.412451098520076,10.062261126156557,26.42378734000473,5.339461299711035,4.729841755736743,10.467098503689133,14.678432187938782,4.7982597926175,4.7982597926175,19.03797770078176,33.10117026888729,7.151929942139456,17.528015098423932,8.125803038600305,19.412451098520076,0.9210526315789473,0.9793103448275862,87841.34456932086,1606256.9135860626,1604256.9135860626,1722,0.9987548691724945,0.0,0.0,2000.0,18.20009856289566,14.64286931145125,32.42339084789065,19.024048100808567,6.810860332214953,988.1760870050407,6456.915384569344,3328.050806994767,0.5154242558216112,3844.342626956363,0.09448991420479438,1825.3634910166568,11,0,5,67,0.0,1580,252.0,1.825363491016657,158.2198969139115,89049.4750279887,2850.3858491163264,1500000.0,0.4226973695270172,0,21,73.39193596065567,19,E8,P3,marketplace,1.0,marketplace_b1.0
4.109593029293121,6.499525775769354,28.299233738837916,106.25735791462539,49.24172370682752,127.98757697856036,37.194729566950855,89.93035463011532,19.569327970291397,36.922416843890645,19.929963211821992,38.87299314456568,5.778807530983403,11.179519614920547,15.400153663385558,6.499525775769354,1.0,0.9233716475095786,80793.2701575543,1590649.44826436,1590649.44826436,1685,1.0,0.0,0.0,0.0,19.919422677935984,14.822064650006794,39.25347447819805,21.01452801677112,4.109593029293121,1113.9271700114411,6200.54746830544,3208.559245560765,0.5174638629833179,3681.124778618149,0.09295081460732227,1949.8029766557352,12,0,6,45,1175.7995630300127,1560,252.0,1.9498029766557352,159.651646221456,91121.01033112255,2786.951132936667,1500000.0,0.3927268832292299,0,12,35.91238159892438,20,E8,P3,marketplace,1.0,marketplace_b1.0
5.986115829509468,11.411383389058805,7.934479440217564,15.9944152746747,7.541825028222252,11.47594225720077,8.586893154513948,16.53696265256076,5.35803393238416,5.363076980750475,18.79516119206853,33.222562093312334,7.0941300501303175,13.862306615870512,8.375518920079893,11.411383389058805,1.0,0.9840255591054313,101795.26384377985,1612089.748972065,1595308.3407910222,1745,0.9895902767251368,14781.408181042894,0.009169097558289251,2000.0,17.805582001220536,13.828044393129858,32.26448604548292,18.75576702966829,5.986115829509468,986.5814321994932,6683.869164297351,3450.2438419388805,0.5162045750938321,3982.5474822778647,0.09536039223182124,1986.1046591437103,10,0,4,64,283.8621246534126,1607,252.0,1.9861046591437104,159.20815942904588,90054.10853706731,2820.3722049460976,1500000.0,0.3881354897222865,0,18,58.412247926669224,21,E8,P3,marketplace,1.0,marketplace_b1.0
4.086962621534555,7.699187573920426,5.575395498821662,8.249108576796061,15.726119692242946,47.98467686959293,5.684675738736587,5.684675738736587,,,18.99318430837788,33.4724468173722,3.9552289722430864,5.883838176050314,9.877092328228331,7.699187573920426,1.0,0.9607843137254902,26819.936004901418,1529389.3707573186,1527389.3707573186,1662,0.9986922885445387,0.0,0.0,2000.0,18.5255296857552,14.43612135261219,33.18665328756693,19.407517218915718,4.086962621534555,990.8560546224276,6001.172069491438,3115.03612030239,0.5190712887801548,3620.5178166959904,0.08844362817431699,1680.3720053463828,10,1,1,62,0.0,1540,252.0,1.6803720053463826,166.08755885185008,97924.6546968945,2590.5669291412,1500000.0,0.4151930706393563,0,11,29.348102029239925,22,E8,P3,marketplace,1.0,marketplace_b1.0
6.614208717852636,8.70500892507589,15.50511105241685,60.40604813838172,3.907405567268294,7.146173857674148,5.331559776760514,5.4804533936543525,5.337301893090171,5.599582604809166,18.297461000978476,32.185804476791255,8.320005575360085,17.577442356465326,8.57073913236926,8.70500892507589,0.9259259259259259,0.9765625,66305.29979334184,1572295.0317663788,1571295.0317663788,1673,0.9993639870509057,0.0,0.0,1000.0,17.827364287719327,14.655375393159375,31.774819413057365,18.4540750032422,6.614208717852636,961.9832426068156,6192.471357495224,3231.973052117708,0.5219197418177483,3700.3131653165087,0.09219240480880186,1963.8056670203223,12,1,1,60,361.47953034558935,1556,252.0,1.9638056670203223,161.62706591232947,93528.78530894901,2715.35447432696,1500000.0,0.381710346095569,0,12,37.57661122210729,23,E8,P3,marketplace,1.0,marketplace_b1.0
18.929789894295006,60.36768540121265,22.951203407403703,60.865864142559445,16.570165412018145,48.43863399623716,77.81972130992897,120.10401847744143,4.387449289733013,4.387449289733013,18.578746756977832,32.41953415620744,4.280438785650123,6.011340897981973,10.606536412405967,60.36768540121265,0.7241379310344828,0.9397590361445783,40971.19198450468,1549122.7235720013,1547122.7235720013,1665,0.9987089467028226,0.0,0.0,2000.0,18.53574372320837,14.682607935727901,32.982567042807226,19.570202054194926,18.929789894295006,1007.5363155263884,6103.0018543793885,3185.5950467511857,0.5219718300536429,3626.7563599309715,0.08749592581022085,1651.287055670307,10,0,3,62,0.0,1529,252.0,1.651287055670307,163.95033386235806,95463.94334163591,2657.037601599285,1500000.0,0.42995086830749385,0,8,23.386626115389134,24,E8,P3,marketplace,1.0,marketplace_b1.0
41.19216665077541,117.12379282471025,30.197474846897858,106.90315396302195,5.011341452241955,8.288303287644862,63.70927384520941,138.68458295497734,7.517083342832848,7.517083342832848,18.619920753012693,33.50565149828922,8.0792346518376,23.985106303645175,11.892206251265504,117.12379282471025,0.6521739130434783,0.91796875,77024.21305695022,1590717.1925351804,1589717.1925351804,1676,0.9993713527428428,0.0,0.0,1000.0,19.02485928019766,15.09948284262191,34.62487857343035,20.218956176189273,41.19216665077541,1072.9882748726418,6082.67735041568,3141.169325925702,0.5164122877092996,3635.09499163113,0.09085102686382421,1779.0870999595138,14,0,4,56,212.54532968835542,1547,252.0,1.7790870999595139,159.6378829464936,91465.75358542798,2774.5803992412602,1500000.0,0.4260540747602092,0,4,10.628445883800358,25,E8,P3,marketplace,1.0,marketplace_b1.0
7.140283235092625,20.773407587293242,14.01185632989033,25.47297606919765,18.180201079577763,36.46728194630741,7.2011550096674455,8.367753312539344,43.82809062438446,43.82809062438446,17.500801531477414,29.729897508621264,3.637150029326917,5.315912404710252,8.596102584574435,20.773407587293242,0.95,0.9918032786885246,60773.337476461245,1568414.1462153625,1551792.3518766356,1659,0.989402164996512,13621.794338726966,0.008685074902950108,3000.0,17.223687150462375,14.307551113464342,29.705223658024266,18.153768089359176,7.140283235092625,894.3887935142617,6051.393679043499,3152.151334561595,0.5208967556478383,3576.8388144888654,0.0921446181940179,1779.8296690670743,15,1,6,52,0.0,1521,252.0,1.7798296690670743,163.53981211607498,95545.33147316788,2656.1196215048603,1500000.0,0.41550380269047205,0,7,26.959792667081544,26,E8,P3,marketplace,1.0,marketplace_b1.0
3.3883926897813423,4.5810825388948615,4.442151003179553,6.518894548223216,5.141066804529942,7.0825165219900095,,,,,18.502975088851954,32.9088815617826,8.913751503615998,18.129892438073878,8.931397807544876,4.5810825388948615,1.0,0.9653679653679653,13735.182660926428,1515300.790657525,1515300.790657525,1643,1.0,0.0,0.0,0.0,18.163346359071888,14.8159369282682,32.51972889442158,18.968512042635506,3.3883926897813423,962.044628067622,5947.656149008324,3087.8737828058124,0.519174899396406,3495.0460661697234,0.08533842201207273,1675.6367359327226,9,0,1,57,31.69680174720179,1515,252.0,1.6756367359327224,167.40942676196775,99291.90895459116,2554.8470102628944,1500000.0,0.4093543973754402,0,10,27.420684655833707,27,E8,P3,marketplace,1.0,marketplace_b1.0
8.537404419425977,27.038364719704262,8.810768776056852,9.474192853753472,12.912311623432334,29.345683127587748,21.970422086899514,32.87605319213753,39.03736783901013,46.72342326529188,17.08930997949266,28.421965437174006,4.959946791354554,7.520799920883352,7.819748689349447,27.038364719704262,0.84,0.9845559845559846,68581.49159832505,1577899.8491911527,1574899.8491911527,1676,0.9980987386483763,0.0,0.0,3000.0,16.771099393658755,14.58331848520811,28.42590142483823,17.917145137464736,8.537404419425977,910.8055555090385,6135.76709210416,3164.046154966857,0.5156724672679516,3721.879178847561,0.09245412454554518,1810.1792595450902,13,0,6,72,0.0,1536,252.0,1.81017925954509,161.15956794960553,92557.26089397377,2742.1963097016214,1500000.0,0.4198588982567747,0,8,27.050292215760162,28,E8,P3,marketplace,1.0,marketplace_b1.0
18.810954864488167,97.85690370412703,12.65646147338986,14.1451060061373,36.36713559524809,106.63745172558629,16.159035872897743,44.496808873974416,57.47365052734441,105.56374137259395,17.81345960676361,31.77538004428108,7.584343490104999,11.55409601821302,11.088038342535546,97.85690370412703,0.8571428571428571,0.9400749063670412,112356.63513066774,1624886.1453492267,1624886.1453492267,1680,1.0,0.0,0.0,0.0,18.011891034398303,14.680266188975907,32.27865519873876,19.278303291031165,18.810954864488167,1037.742101796747,6289.612367870687,3255.1849510750135,0.5175493751735034,3830.934120273835,0.0940552048534748,1940.0514987518732,10,0,11,71,0.0,1545,252.0,1.940051498751873,156.28175070947762,86816.60839979637,2925.0169544672917,1500000.0,0.4005477157326306,0,11,34.74051342910816,29,E8,P3,marketplace,1.0,marketplace_b1.0
4.8233570105875625,10.990206103982928,7.195826913475191,13.263879607885428,5.471660200847323,8.002256329610692,,,,,18.20165050656179,31.161277123669738,10.23737168834957,19.28049733026574,10.27314698001169,10.990206103982928,1.0,0.9623430962343096,12966.277020972228,1514488.940738426,1514488.940738426,1652,1.0,0.0,0.0,0.0,17.84169059147936,15.229178965853066,30.794587223440235,18.58402602288336,4.8233570105875625,948.8101366348948,5955.5362265800695,3076.7609009863995,0.5166219772544665,3543.126025393462,0.08666943083510782,1718.2055880626406,8,0,1,72,0.0,1524,252.0,1.7182055880626406,167.5272752169165,99449.01961460237,2551.2388817034503,1500000.0,0.4152528316463845,0,8,21.674376516481637,0,E8,P3,marketplace,2.0,marketplace_b2.0
5.599311628218889,9.061453635108364,8.1407693188145,15.26833287431632,8.741014878317495,12.3913913558841,8.71963106558613,12.28998271938035,,,18.384326755828557,31.797273021193906,9.079170166447588,17.85355181911276,8.558610813570127,9.061453635108364,0.9722222222222222,0.9898305084745763,100709.15434103922,1615590.1093808752,1613590.1093808752,1720,0.9987620622406717,0.0,0.0,2000.0,17.634454887303033,13.988843745965596,30.025833044141777,18.308620369867608,5.599311628218889,932.0713329414903,6437.853330171143,3314.402082569654,0.51483031883262,3818.272782213741,0.09831754428912265,1953.7246778725223,18,0,8,58,1052.8447487805652,1580,252.0,1.9537246778725224,157.38428439878888,87712.0253627837,2895.312514190618,1500000.0,0.4183617626895344,0,13,51.22926265239282,1,E8,P3,marketplace,2.0,marketplace_b2.0
41.71937648276601,112.50142223544863,50.22416754988543,123.16432147032128,13.522800669323862,11.904876421601694,11.598610624333583,14.786716214792545,71.20608844005392,117.90485005614856,19.669689454152554,33.53672469769896,7.408125301642702,19.78618363604528,12.046725086006681,112.50142223544863,0.5625,0.9080882352941176,76800.1464189748,1590664.735403459,1588664.735403459,1693,0.9987426640224769,0.0,0.0,2000.0,20.104473764036413,14.780195353456293,34.75203461043548,20.776887789447425,41.71937648276601,1121.4271767879925,6297.525419289723,3266.253783231092,0.5186567049378392,3764.7356455704376,0.09215959598681178,1843.5012371620473,11,0,8,63,0.0,1566,252.0,1.8435012371620474,159.78418578838517,90882.71956034025,2793.088746300405,1500000.0,0.41028049494783436,0,10,25.912440971190716,2,E8,P3,marketplace,2.0,marketplace_b2.0
15.338155914510475,39.92769256929998,21.391533780653276,50.03106154646197,25.923528611424207,62.24412899047602,19.48622929719891,29.633943869651922,34.48270669722839,48.222012347797865,17.83512073224205,30.37137920902596,4.741992816514835,6.367956878592096,11.685639406255639,39.92769256929998,0.8,0.9501661129568106,100592.7237119158,1620301.3378479234,1618301.3378479232,1736,0.9987656616992883,0.0,0.0,2000.0,17.70762088398743,14.641597585230613,32.003614047800056,18.720021641346737,15.338155914510475,989.8364652260765,6461.408806495895,3334.2547139134017,0.5160259648888569,3857.814904849862,0.09441888614262631,1857.986324023233,9,0,9,76,0.0,1574,252.0,1.857986324023233,156.86694460848247,87545.8746764218,2899.71386158751,1500000.0,0.42713436759070444,0,6,21.603767148016562,3,E8,P3,marketplace,2.0,marketplace_b2.0
6.617934282688705,12.92466242174487,8.18606219037693,15.23122929932897,6.930406907423183,15.864616447001572,13.682234225831118,26.019916560770255,28.87189420735899,45.23710377317907,18.713782031642562,33.17183596044588,6.92944155696236,9.49656538497874,8.977861392809944,12.92466242174487,0.9795918367346939,0.9807692307692307,111662.5896233039,1623621.9329033762,1609568.613833768,1750,0.9913444633970435,13053.319069608136,0.008039629673064387,1000.0,17.75757915866168,14.240828128403763,30.72408022705686,18.87231236721071,6.617934282688705,990.5930211084708,6690.747844981562,3473.322085821331,0.5191231483079307,3936.5667047344045,0.09763348268644909,1935.16116150375,15,0,8,62,346.6781607120668,1616,252.0,1.9351611615037498,157.76597467110494,89005.04977298721,2853.0421791705166,1500000.0,0.40968144968782116,0,18,64.31798895775982,4,E8,P3,marketplace,2.0,marketplace_b2.0
9.692784435659322,21.668262975248126,16.13435810595021,24.64913257671174,23.28208421272111,66.39828201933177,18.981459538026343,39.5489452459606,39.79903690820375,39.79903690820375,19.09032690051005,33.338089490070985,7.226872648725095,15.203967948979683,11.475633575116026,21.668262975248126,0.9032258064516129,0.9381818181818182,69345.69733877359,1581071.8908623361,1566559.6627648065,1700,0.990821272466229,13512.228097529805,0.008546245224915148,1000.0,18.749938787375893,14.424178200507868,33.333363098050675,19.845223422484178,9.692784435659322,1026.9564246585746,6291.319650923791,3243.187112210796,0.5155018807118757,3643.294877779011,0.09036774348846062,1871.7526508648937,10,0,6,64,253.91221128533334,1554,252.0,1.8717526508648936,162.0568681072823,93225.51816798557,2723.2002314367032,1500000.0,0.39485059645418086,0,11,34.14115672647314,5,E8,P3,marketplace,2.0,marketplace_b2.0
5.136300966086381,7.716252561352688,5.833855989973592,9.377682906298975,4.400778626817493,6.365750620740073,5.3516655701602645,6.078120688463912,10.056236100211436,12.659649120718177,18.814611161224033,32.09330464958931,4.909139719954032,8.921117717418294,7.930159780837086,7.716252561352688,0.972972972972973,0.9813432835820896,68462.89817107105,1574237.3856304632,1560296.932096663,1695,0.9911446306249312,13940.453533800395,0.008855369375068811,0.0,18.053323458854134,14.873097904404858,30.45341305453758,18.998971184198684,5.136300966086381,977.3509265460516,6302.411828917133,3302.3061091925288,0.5239749795531727,3710.5322921207926,0.09204014664352081,1928.9196038907453,10,0,3,71,40.91227274337826,1547,252.0,1.9289196038907452,162.74397159947722,94958.75570824271,2674.0969561993634,1500000.0,0.38798225918564,0,14,45.04815183175424,6,E8,P3,marketplace,2.0,marketplace_b2.0
6.030706892577784,7.877932680077356,7.300999801642433,14.35846542050736,5.384621673210132,7.501332309615919,32.956646633285914,43.336353542727196,26.27581281937364,26.27581281937364,18.49362359472729,33.522613234032,9.106727784290745,13.546346318572288,9.766364384765822,7.877932680077356,0.9565217391304348,0.9760956175298805,66661.68215178815,1575781.2122211275,1560645.4313835679,1671,0.9903947447017565,14135.780837559716,0.008970649432756442,1000.0,18.07219751225489,14.300524255208984,33.09006579284869,19.07711444127843,6.030706892577784,1002.2927770074918,6226.759181211193,3258.5327288204244,0.5233111854803727,3686.3958037494576,0.08607491412295168,1667.6998084535935,7,0,3,54,580.0409166477987,1551,252.0,1.6676998084535934,162.54025078814226,93587.3336115565,2710.4917943418122,1500000.0,0.40422754760286406,0,16,55.657462042159445,7,E8,P3,marketplace,2.0,marketplace_b2.0
10.283548115693815,30.92726608743592,12.038945602897485,22.667642561958434,7.1783123508720506,9.708370969034323,24.57356884401713,40.33829944175541,,,19.158109134548752,33.13130028270693,5.644015827387741,9.933316727290599,9.727682914742337,30.92726608743592,0.7857142857142857,0.9704797047970479,53177.689805350616,1556757.0832136883,1554757.0832136883,1686,0.9987152780471882,0.0,0.0,2000.0,18.66785713844277,14.93373368792902,32.964108253787515,19.574935564484583,10.283548115693815,1020.9557484118054,6278.975124191185,3261.391272363447,0.519414587230676,3728.7161451021293,0.09275351472753074,1903.9252780429658,12,0,4,66,239.70112257512298,1557,252.0,1.9039252780429659,163.30777844293377,94771.56699348516,2679.1149849352705,1500000.0,0.4093843904875386,0,16,60.94754861729987,8,E8,P3,marketplace,2.0,marketplace_b2.0
22.269869264390614,62.673717653152124,28.580878366079126,69.44625863031371,17.414102452475827,46.584245909407315,80.00100037702578,115.03131185564563,128.76670697076133,141.1184191704402,18.89519657880992,32.73970621700538,6.6111029674928155,9.306073465503687,13.302863004433483,62.673717653152124,0.6590909090909091,0.8996539792387543,79011.77333131488,1584037.482643687,1567973.72854601,1714,0.9898589810697742,13063.754097676843,0.00824712435205386,3000.0,19.137683576034593,15.625927146989397,35.09715208547523,21.264380921714523,22.269869264390614,1118.6996537292396,6365.1607617504205,3293.317205723223,0.5173973335463031,3737.9455630790844,0.10071849219688972,2145.297758761631,14,3,4,66,276.49912426226484,1576,252.0,2.1452977587616306,162.08517600255448,93211.79318277599,2726.5358714901704,1500000.0,0.38507350293910214,0,20,62.93090957064703,9,E8,P3,marketplace,2.0,marketplace_b2.0
21.066227726505186,65.89546909911982,16.1117735018425,43.06538760474723,28.945732888160148,73.75419028450938,28.8054951895665,41.57902130835346,47.455857113438924,81.60901372708513,19.11205965472377,32.46451486540104,6.044257377278281,10.088477409773077,11.132995305638854,65.89546909911982,0.6666666666666666,0.9290780141843972,78127.15549743046,1588758.265839218,1569992.3640492226,1711,0.9881883215379637,14765.901789995241,0.009293988964517242,4000.0,19.04234157637509,16.18968522040268,33.4780139851282,20.29094943864802,21.066227726505186,1073.6203717671644,6412.3152378830455,3307.3702813475843,0.5157841058418513,3812.7227284582723,0.09206394251833853,1797.0087152760043,9,0,7,79,192.8978029020105,1558,252.0,1.7970087152760044,161.65493191361722,92709.50119993468,2737.5512264697077,1500000.0,0.4196455497641526,0,12,36.31205960084207,10,E8,P3,marketplace,2.0,marketplace_b2.0
7.1424163898841,17.889151004850646,12.12726351657331,23.852649751757372,6.927907982016329,12.723316423994811,15.237138393596947,29.0859864390749,16.087800946893367,28.10604502890092,18.007019491539733,30.59949756938977,7.094317545479671,8.175402360910084,9.58198683315654,17.889151004850646,0.9722222222222222,0.9686411149825784,111543.27783898677,1624921.920249499,1623921.920249499,1714,0.9993845858145317,0.0,0.0,1000.0,17.4129696526752,14.186221541235568,29.683305912636396,18.146148065768507,7.1424163898841,975.4703302050789,6479.878898313461,3352.8506413183873,0.5174248923372695,3849.275290471691,0.09309819416407968,1946.1564705849494,10,0,11,67,61.46131207143856,1587,252.0,1.9461564705849494,156.37830446402788,88624.46977580906,2865.418062449183,1500000.0,0.3843575770870046,0,9,24.995580176021814,11,E8,P3,marketplace,2.0,marketplace_b2.0
4.682338953800638,7.955826145016587,9.617222711967218,12.457402434584765,3.969759056895782,3.969759056895782,,,,,19.083247593747366,33.37604231443985,3.9917195668692025,5.945254596682389,9.217816376432564,7.955826145016587,1.0,0.9768518518518519,18023.744041762733,1518714.779790731,1501483.6889429558,1619,0.9886541626663109,14231.090847775113,0.009370482882728029,3000.0,18.905896080473646,14.965352448050908,33.17220361400505,19.697309775363138,4.682338953800638,983.1419238187224,5728.512059672916,2979.438122681617,0.5201068081284158,3481.124822102087,0.08134698348121534,1532.6082956998387,4,0,0,52,58.888691911575584,1479,252.0,1.5326082956998386,168.85472027617345,100725.78869031067,2517.05756383011,1500000.0,0.43479106301345083,0,7,20.75102428561904,12,E8,P3,marketplace,2.0,marketplace_b2.0
5.286234498216733,8.108569464320862,7.534790572318299,9.067860770890979,8.557853844165486,11.819577526834317,19.366223904797472,36.55949098157798,8.686451935195805,8.799602297514161,17.245644924878107,28.26612080571432,7.726442661423059,8.752869232188232,8.87060588536044,8.108569464320862,0.9772727272727273,0.9865319865319865,91238.2981341862,1601282.5337738234,1598282.5337738234,1722,0.9981265017654756,0.0,0.0,3000.0,16.539687944930282,13.648611470219066,27.961722146412466,17.33913738348842,5.286234498216733,911.5309205533066,6455.215869789587,3331.932004025592,0.5161612053314957,3840.2823465911224,0.09102984764122109,1782.108995399755,8,0,10,71,0.0,1587,252.0,1.7821089953997549,158.7842597492297,89309.08517236303,2841.6158166395976,1500000.0,0.4000698240421079,0,12,32.98842423005208,13,E8,P3,marketplace,2.0,marketplace_b2.0
10.641166291295468,23.723802129299884,15.387840245238928,32.94552767118305,17.676020162653355,39.31231027809008,37.45211863108966,66.06464167942495,9.779735561079178,9.779735561079178,19.867484040942372,37.00830569819291,17.083774926555666,49.205915072791136,13.323663249460855,23.723802129299884,0.9024390243902439,0.940983606557377,108277.73229511893,1623568.4454141085,1620568.4454141085,1738,0.9981522183382698,0.0,0.0,3000.0,19.578081442995632,15.099217587597309,37.17555770027721,20.783108280122825,10.641166291295468,1172.6505281252462,6618.261547115687,3383.1019515977587,0.5111768290680734,3877.7499992053645,0.08978675687261962,1828.2126102317752,7,0,13,51,2493.5003085029466,1626,252.0,1.8282126102317753,156.6291219161498,87517.78806069163,2900.3042493967923,1500000.0,0.38783372521967974,0,12,33.632497519791286,14,E8,P3,marketplace,2.0,marketplace_b2.0
17.284896584691335,37.67134105531537,20.468092195592085,53.01140126039155,20.28276012691147,61.42471937267419,23.05266642859527,45.40746319268837,41.94730766133822,63.93338601111118,19.401268146178637,35.96245604241412,13.217711158645956,35.93648014081874,13.863379441930372,37.67134105531537,0.7,0.9274447949526814,142692.91995045857,1659042.555528634,1657042.555528634,1753,0.9987944854136893,0.0,0.0,2000.0,19.33969702788151,15.142167488043242,37.78569101397969,20.308200420661496,17.284896584691335,1132.2707185068518,6633.798349346101,3398.301278180989,0.5122708136758427,3927.2811087725127,0.10053630798278615,2097.257032294749,14,1,11,60,579.8336293048276,1620,252.0,2.097257032294749,153.3438330744813,84112.69570637486,3020.9144398285744,1500000.0,0.38554932857260626,0,9,25.633162030067325,15,E8,P3,marketplace,2.0,marketplace_b2.0
40.10218705562578,123.1157050694712,71.5005726679507,120.87258714815907,69.82010790549721,135.879141620042,58.75149064847312,119.89294072476441,,,18.756151876331334,33.47463429521061,4.545446746515962,6.851846123380166,17.99396877042868,123.1157050694712,0.7,0.8818897637795275,48172.02414110696,1551004.9906443798,1550004.9906443798,1662,0.9993552567489905,0.0,0.0,1000.0,19.96720508649559,15.355050453436888,36.44315279637474,20.621459803194032,40.10218705562578,1097.5934576519442,6129.15001706707,3200.073004099663,0.52210714294622,3675.9957601763717,0.08694600949397424,1746.8271624660529,5,0,6,64,0.0,1533,252.0,1.746827162466053,163.70710332808446,94722.00276394973,2678.858340810332,1500000.0,0.3994663052694646,0,12,39.35621626640286,16,E8,P3,marketplace,2.0,marketplace_b2.0
5.684839144739902,9.377332304119458,7.846813197860075,17.03423573666605,5.847823108380069,9.151631087102533,14.77462818109251,27.43179389314259,15.120061013844406,25.4736359410214,18.55654294895376,31.81156983230811,7.755866125872587,14.157036530600276,8.593711630911038,9.377332304119458,0.98,0.9796610169491525,108753.96482816651,1618779.5327069117,1616779.5327069117,1722,0.998764501305094,0.0,0.0,2000.0,17.747110220004213,14.752667117781584,30.319024190734588,18.841502874581735,5.684839144739902,997.3966823393051,6488.1241216619355,3368.192157631718,0.5191318930515396,3916.4809761787797,0.09738288795531379,1901.6824522861605,12,1,7,70,41.18195840951229,1582,252.0,1.9016824522861606,157.04162337284686,88315.06770507203,2874.9531540890653,1500000.0,0.4214248454990429,0,10,24.837773226328732,17,E8,P3,marketplace,2.0,marketplace_b2.0
8.74680582992376,14.15712662952101,6.483730343215211,12.347258396481266,26.698509774048848,60.86694655504853,54.910056954494166,78.531049276244,87.81625225522475,87.81625225522475,19.237339132391444,34.28201942531397,4.146440624932268,5.491336502334434,10.811278660593667,14.15712662952101,0.9545454545454546,0.9423868312757202,44452.613878874734,1549611.527047556,1548611.527047556,1659,0.9993546769738444,0.0,0.0,1000.0,19.095560759511162,14.783439412417465,35.24868811538809,20.575934507168434,8.74680582992376,1070.774225276784,5987.657811492627,3112.899484766287,0.5198860026355265,3626.1823306024003,0.08557403765900069,1620.251559164753,6,0,4,60,0.0,1521,252.0,1.620251559164753,163.77267450843172,95153.63610307447,2665.3763528745503,1500000.0,0.4317890881635418,0,10,25.6639250322371,18,E8,P3,marketplace,2.0,marketplace_b2.0
9.18050530983822,13.691643382428484,15.17905299263901,49.291290720517274,6.977142133415271,13.851386138617642,7.877794154309084,9.508809414268944,5.797797274892218,5.797797274892218,19.666869219503937,35.04203357523069,6.691977671154421,13.074568569535405,9.988053683035707,13.691643382428484,0.9473684210526315,0.9586206896551724,87841.34456932086,1606256.9135860626,1604256.9135860626,1722,0.9987548691724945,0.0,0.0,2000.0,18.895531214444972,14.574856611551581,33.50920141170244,19.450454867395504,9.18050530983822,1031.940105495955,6535.38672648747,3378.5268157857718,0.5169589738420278,3861.4088976664134,0.0939453611201576,1802.4445648395929,11,0,6,60,0.0,1588,252.0,1.8024445648395928,158.205610594817,89041.4343880928,2850.3858491163264,1500000.0,0.4213464245701364,0,16,51.89105511406363,19,E8,P3,marketplace,2.0,marketplace_b2.0
4.894034971809587,7.73963928441961,31.71022946184645,107.25735791462539,48.96303396830101,123.09984159855739,38.1791555111015,92.00175409983933,20.069327970291397,37.62241684389065,19.733415899345395,35.97936856164987,9.904618065180568,7.335218728792193,14.891639231874185,7.73963928441961,1.0,0.9272030651340997,80793.2701575543,1590649.44826436,1589649.44826436,1684,0.9993713259693446,0.0,0.0,1000.0,19.81546985600316,14.705186373359084,36.796410702336765,20.92459358741211,4.894034971809587,1128.340630648844,6211.7442274321975,3202.5441307752476,0.5155627813251272,3730.959382735572,0.09072075963006897,1918.4213239174228,9,0,5,52,581.871039266999,1565,252.0,1.9184213239174228,159.73233696344516,91188.2058593055,2784.5533194905574,1500000.0,0.39162924542875566,0,14,41.34606263269816,20,E8,P3,marketplace,2.0,marketplace_b2.0
7.63265659327574,16.43130284127365,10.584614086742253,17.865781895715553,8.62943689177325,12.381844428483056,11.353109328980382,17.77541324163922,5.35803393238416,5.363076980750475,19.897113775428902,36.815511674622485,7.057278590776313,15.386350372579365,10.532505792934229,16.43130284127365,0.9791666666666666,0.9712460063897763,101795.26384377985,1612089.748972065,1596308.3407910222,1746,0.9902105895834238,14781.408181042894,0.009169097558289251,1000.0,18.935010317704403,14.753822003862389,35.44191191047639,19.79795446438114,7.63265659327574,1063.7959972539404,6582.780532305266,3403.52793550618,0.5170350004535662,3891.073226908757,0.09492640891445107,1957.4919467928898,10,0,5,73,0.0,1602,252.0,1.95749194679289,159.09049990990385,89967.4753139974,2822.770018392207,1500000.0,0.3953023193415226,0,14,46.68416918356319,21,E8,P3,marketplace,2.0,marketplace_b2.0
10.459581093340987,33.19836196033248,7.590865490212498,10.677416947547684,25.34560227500324,49.91788032935665,41.68467573873659,41.68467573873659,,,19.457047201048926,34.48769901939426,5.590581552574552,9.830425536808821,12.789965911939317,33.19836196033248,0.8387096774193549,0.9411764705882353,26819.936004901418,1529389.3707573186,1527389.3707573186,1662,0.9986922885445387,0.0,0.0,2000.0,19.212854736548508,15.403565563886957,34.522585622300355,19.901900004343663,10.459581093340987,1029.7199383488864,5933.590253866851,3049.54111981985,0.5139453500066844,3573.961782201309,0.08987971106524101,1765.6142972965142,10,2,3,55,0.0,1536,252.0,1.7656142972965143,166.14336799494228,97957.55957612816,2590.5669291412,1500000.0,0.4028975576325894,0,7,16.11481731783926,22,E8,P3,marketplace,2.0,marketplace_b2.0
7.471539400421121,13.441255662110438,17.917071204523257,69.40604813838172,4.409603883592384,6.468347856280525,6.536017848557701,8.043668741138754,6.044547627720931,7.026774214341458,18.63121072640392,33.49499869652754,9.259449083409123,20.732009010002457,9.219357754132888,13.441255662110438,0.9259259259259259,0.97265625,66305.29979334184,1572295.0317663788,1570295.0317663788,1672,0.9987279741018115,0.0,0.0,2000.0,18.19227660301683,14.65277021178349,33.118304731294245,18.84608780359265,7.471539400421121,977.2446385199739,6125.87741609534,3201.8761634974726,0.5226804171896672,3670.0234252356877,0.08930911655767315,1778.293523811575,12,0,1,64,229.4342011075085,1541,252.0,1.7782935238115751,161.61185534564407,93489.12521250085,2714.522068176094,1500000.0,0.40923085265334225,0,11,32.88771385406238,23,E8,P3,marketplace,2.0,marketplace_b2.0
21.404314750109325,66.04417057762547,24.892232662582796,64.98059190717814,17.55379566720389,52.42411847857885,79.81972130992897,120.30401847744142,8.515121347447348,8.515121347447348,18.117706646683875,32.11141455479091,8.845581503544642,19.91254273945807,11.315916243250262,66.04417057762547,0.6896551724137931,0.9357429718875502,40971.19198450468,1549122.7235720013,1548122.7235720013,1666,0.9993544733514114,0.0,0.0,1000.0,18.201917129626374,14.481482552235548,33.18580838154617,19.120721186319372,21.404314750109325,989.5521792574589,6060.69621859376,3153.21604586842,0.5202729079531475,3616.0445081987837,0.08636294994029796,1604.2533823994922,10,0,3,63,850.3841468992192,1533,252.0,1.6042533823994922,163.8140500885198,95416.34942375224,2657.870007750151,1500000.0,0.4303536946995884,0,8,20.55519874693054,24,E8,P3,marketplace,2.0,marketplace_b2.0
15.2055835108369,41.576990903012444,25.914304961299763,77.17040030448561,12.496828013915396,10.024221452135567,44.9549258348216,102.45902344932401,8.996589363376188,8.996589363376188,19.124415653925276,33.61809485664936,9.17655123420759,20.17353494256815,11.794602834900385,41.576990903012444,0.6956521739130435,0.93359375,77024.21305695022,1590717.1925351804,1589717.1925351804,1676,0.9993713527428428,0.0,0.0,1000.0,19.08575453081102,15.168613334526071,34.34031762790363,20.113028266558874,15.2055835108369,1076.5363619359593,6086.858513227839,3143.4625830114937,0.5164343110949899,3612.9301458249956,0.08876191663878388,1764.3367802693385,14,0,2,59,0.0,1549,252.0,1.7643367802693386,159.62860436552367,91460.4373510546,2774.5803992412602,1500000.0,0.4121034193347546,0,3,6.966196284892867,25,E8,P3,marketplace,2.0,marketplace_b2.0
8.727074429512163,17.126305427741148,13.696490493786516,26.575633340990322,21.729276326913002,56.69425812304145,13.797498314165978,19.353825367695254,42.82809062438446,42.82809062438446,18.177408794801153,32.342167231397,3.8002969836228764,5.75757169671815,9.403105772993484,17.126305427741148,0.9,0.9713114754098361,60773.337476461245,1568414.1462153625,1552792.3518766356,1660,0.9900397516966913,13621.794338726966,0.008685074902950108,2000.0,17.92940836466912,14.493248984127604,32.349088902663794,18.71719613187347,8.727074429512163,933.9254287800661,6033.788371150688,3134.8380893731255,0.5195472390715103,3571.177987360525,0.09233288693265854,1704.7834567024724,14,2,5,55,0.0,1521,252.0,1.7047834567024724,163.3861624512036,95487.15250254271,2656.952027655727,1500000.0,0.43519024167975573,0,4,11.569055088217757,26,E8,P3,marketplace,2.0,marketplace_b2.0
4.210401067763798,7.115411977538361,6.465085483453158,10.061633592969883,6.0486491344393585,8.24827949950577,,,,,19.454007379773113,36.260789050726096,5.760525737662657,7.232423082119976,9.354488957069124,7.115411977538361,1.0,0.961038961038961,13735.182660926428,1515300.790657525,1514300.790657525,1642,0.9993400650180048,0.0,0.0,1000.0,19.09020344416311,15.054651292192375,35.9058230505958,19.959504421027205,4.210401067763798,1008.8586941647116,5931.821803949842,3081.192930820485,0.5194345064055701,3502.3709428949414,0.08461881033883231,1625.937890463913,9,0,1,56,31.69680174720179,1515,252.0,1.6259378904639128,167.48715939079509,99365.71439179528,2552.449196816785,1500000.0,0.4155314089461031,0,9,25.34947014935894,27,E8,P3,marketplace,2.0,marketplace_b2.0
11.842192767738881,38.43609457335917,11.55412206523593,22.77042836911614,15.408170326050154,33.71197955649468,35.68058790195649,59.27564154259062,60.15139506178002,64.41332326572429,17.58446363038839,28.926892243993464,5.274528336511066,8.510273426012578,8.879412155685701,38.43609457335917,0.84,0.9652509652509652,68581.49159832505,1577899.8491911527,1576899.8491911527,1678,0.9993662462161255,0.0,0.0,1000.0,17.413833185491665,15.01592126037292,29.156388930294813,18.984196170372197,11.842192767738881,962.2345870258113,6114.283583312022,3157.6500947103973,0.5164382795931658,3666.8475022242446,0.09478785883838743,1840.8078468973536,13,1,6,72,82.37755085182208,1523,252.0,1.8408078468973537,160.97459073073105,92512.26522046514,2743.861122003354,1500000.0,0.41824023023918944,0,10,30.341394867775723,28,E8,P3,marketplace,2.0,marketplace_b2.0
13.898439742866783,11.588910282137931,13.59870710173274,14.689747350442937,31.591335379066226,112.35669330167548,25.69458697578518,61.79047855155674,63.794846064442105,120.13461066162841,18.26026275525014,31.716908102282105,5.650753420854249,7.529544443972554,11.991841581314892,11.588910282137931,0.9047619047619048,0.9438202247191011,112356.63513066774,1625273.1515466075,1624273.1515466077,1680,0.9993847188092364,0.0,0.0,1000.0,18.373758765066743,14.829730929225434,32.42470542952813,19.96107340034738,13.898439742866783,1077.8549631666513,6244.498321317055,3219.2882237218355,0.5155399294018612,3787.0654104034784,0.09359771374706911,1938.4646148702702,10,0,11,75,0.0,1544,252.0,1.9384646148702702,156.33975379884473,86794.24198426254,2925.7524325278882,1500000.0,0.39539249134617016,0,9,27.827007544480406,29,E8,P3,marketplace,2.0,marketplace_b2.0
8.12506778872846,13.46625366194985,11.145278586861206,17.000679165979136,8.49700050398101,11.925477018281425,,,,,21.698030155762744,38.292921127176875,16.94872514668078,22.327960648082357,13.120870784527337,13.46625366194985,1.0,0.9581589958158996,12966.277020972228,1514488.940738426,1514488.940738426,1652,1.0,0.0,0.0,0.0,21.361915961061673,17.46811270028877,37.21911342293535,22.125976301756637,8.12506778872846,1107.8624112682053,5739.572062916083,2960.174248427077,0.5157482502141654,3554.5165415340484,0.09267174763590165,1836.6920898219082,8,1,1,83,182.8373380013484,1461,252.0,1.8366920898219081,167.60551052030635,99495.46234586083,2551.238881703452,1500000.0,0.43375742818042085,0,7,19.335310601389747,0,E8,P3,marketplace,6.0,marketplace_b6.0
15.692543733073478,27.469367279412722,15.638589100849474,27.58458061247561,15.757149545598073,29.49777802963461,16.79000976493412,37.04522029316671,,,21.737828352364108,40.073621922026,10.715955615444003,25.39514521515776,14.557746900318978,27.469367279412722,0.8333333333333334,0.9559322033898305,100709.15434103922,1615590.109380875,1615590.109380875,1722,1.0,0.0,0.0,0.0,21.24168063855941,16.910539507708933,38.19670305860426,21.66807379328069,15.692543733073478,1142.1310698802863,6266.36953180693,3234.3852396545085,0.5161497775126999,3864.6415843732675,0.10073382208091453,2086.3134155549587,15,1,7,73,951.0689331187145,1549,252.0,2.0863134155549585,157.27152075282615,87660.01979330297,2898.542733787594,1500000.0,0.40931585747409405,0,5,14.67976139779974,1,E8,P3,marketplace,6.0,marketplace_b6.0
46.97635807957543,114.45677858292221,57.98371099705674,130.76432147032128,24.36372193030094,53.37296326701465,20.08064397533608,36.35462071583106,79.29483904143945,129.2646011386425,23.54626657922966,42.43648753639737,9.057222333100915,15.652203959648432,17.18767701788416,114.45677858292221,0.5,0.8860294117647058,76800.1464189748,1590664.735403459,1587664.735403459,1692,0.9981139960337154,0.0,0.0,3000.0,24.120564946153937,18.226710989684307,45.29624233901006,24.878805766581518,46.97635807957543,1375.4191138432743,6087.230597626508,3138.932732908882,0.5156585876889227,3762.309753578995,0.09581471977891808,2029.7059860537447,13,0,7,74,170.12791969952332,1538,252.0,2.0297059860537447,160.00210896005035,90976.49894581284,2792.256340149539,1500000.0,0.4080783948287505,0,4,12.044159568029652,2,E8,P3,marketplace,6.0,marketplace_b6.0
20.775131400491286,52.075948457162944,21.61456834966636,46.8750345266204,70.65065006384026,169.43781332513535,51.58109601367687,105.94847404727444,39.902377377590675,56.14151836834135,23.45847473649373,44.361625179709335,10.041205420343685,11.066715369162358,22.44734259652774,52.075948457162944,0.6888888888888889,0.8803986710963455,100592.7237119158,1620301.3378479234,1617301.3378479232,1735,0.9981484925489325,0.0,0.0,3000.0,23.90035598824811,17.94359725346294,46.917879199022394,25.3774106817881,20.775131400491286,1420.7099530581456,6235.467152239909,3204.1090831882293,0.5138522912493007,3844.9646646517695,0.09759059310236527,2045.943757236389,9,0,12,99,419.71762918714677,1542,252.0,2.045943757236389,157.08015433616407,87635.85115934683,2898.8814554366436,1500000.0,0.41373579702955343,0,7,25.292053092863174,3,E8,P3,marketplace,6.0,marketplace_b6.0
11.12193665269963,18.055270534374998,15.056312997753205,24.404935820679384,11.820588968160962,23.42907811212891,23.297781192975435,43.44457632065133,35.63214119708732,49.78915317112474,22.418190127163683,41.229957103554995,11.444510338961251,16.029918043127143,14.091481100740905,18.055270534374998,0.9387755102040817,0.9583333333333334,111662.5896233039,1623621.9329033762,1607568.613833768,1748,0.9901126495372593,13053.319069608136,0.008039629673064387,3000.0,21.592809222698214,17.160417282942717,40.13499544550366,22.6977069761603,11.12193665269963,1217.6863262312622,6354.071296783403,3260.327685904363,0.5131084518291172,3917.0489399192784,0.10118595135751396,2210.7616417717677,15,0,7,89,1113.329350757008,1558,252.0,2.210761641771768,158.13369299088507,89153.67169408768,2851.377366868784,1500000.0,0.3978610207160955,0,12,39.659006526038965,4,E8,P3,marketplace,6.0,marketplace_b6.0
12.91506285558937,20.887933655610254,20.45716518320276,54.48121182110451,31.00682859100841,85.01605203778418,25.616280865965578,51.0202593464793,43.79903690820375,43.79903690820375,21.884059209376574,37.044073462320696,11.878794464680864,16.947985182713897,15.93339038083659,20.887933655610254,0.9032258064516129,0.9309090909090909,69345.69733877359,1581071.8908623361,1567559.6627648065,1701,0.991453754775085,13512.228097529805,0.008546245224915148,0.0,21.654689749535613,16.875887736386176,37.367486325592836,22.6126148499912,12.91506285558937,1175.040850940703,6103.103329935939,3157.551664305472,0.5173682131216047,3696.0497292394293,0.09370726298395485,1953.4842037851956,10,0,5,89,529.1482060953442,1509,252.0,1.9534842037851956,162.00562583746955,93173.49074291103,2725.598044882813,1500000.0,0.4148389007614057,0,10,32.831776296867005,5,E8,P3,marketplace,6.0,marketplace_b6.0
6.3591480171541175,9.596422506444355,10.397844945677825,13.937885061089037,6.784858412212936,9.814069722637214,9.051175132342564,10.268721973213474,16.056236100211436,20.259649120718176,21.47618119708052,39.845172457113655,9.278770833549133,18.203256667211193,12.268902790302617,9.596422506444355,1.0,0.9738805970149254,68462.89817107105,1574237.3856304632,1559296.932096663,1694,0.9905094024127645,13940.453533800395,0.008855369375068811,1000.0,20.731806939567193,16.83983808122491,38.2237613119746,21.565647517786978,6.3591480171541175,1133.1077315691434,6171.925733840103,3215.3506629687154,0.5209639262733254,3807.0125662314717,0.09578009154595928,2098.2848365797527,12,0,2,77,508.4310059710724,1531,252.0,2.0982848365797526,162.95695810477477,95051.67935286091,2673.264550048497,1500000.0,0.39682633737987294,0,10,27.172168716880094,6,E8,P3,marketplace,6.0,marketplace_b6.0
10.294689235869237,22.77639076377978,17.45961955743752,24.941641199405385,11.496019177474308,21.191814661938633,31.620593572103132,45.336353542727196,28.27581281937364,28.27581281937364,21.903788686186576,40.73935070655025,16.444014853012572,30.97738582678222,14.986222458653353,22.77639076377978,0.8695652173913043,0.9482071713147411,66661.68215178815,1575781.2122211275,1560645.4313835679,1671,0.9903947447017565,14135.780837559716,0.008970649432756442,1000.0,21.591929928105554,16.980703473632275,40.142322908738606,22.360399396003608,10.294689235869237,1181.3172990427208,6032.438976790497,3131.3615978471385,0.5190871569351788,3736.7940569532993,0.09115149305338721,1910.7799628040045,9,0,3,63,488.4778417033913,1514,252.0,1.9107799628040045,162.69600695764896,93677.0148106872,2710.491794341812,1500000.0,0.4035364795870293,0,14,48.89085873194608,7,E8,P3,marketplace,6.0,marketplace_b6.0
17.766800799735012,47.38390651024261,23.067653119751775,57.08383684198434,17.58925858156813,37.460247128784964,36.849389170838435,65.85112796388185,,,22.589468155657563,40.53286762103436,8.002187571650305,15.602350710945666,15.423451784282078,47.38390651024261,0.75,0.9298892988929889,53177.689805350616,1556757.0832136883,1555757.0832136883,1687,0.9993576390235941,0.0,0.0,1000.0,22.345592011935544,17.965562428969747,41.37086472836639,23.114583118869017,17.766800799735012,1229.1452250407021,6199.0550516635885,3226.772949976737,0.5205265839848922,3805.093855282849,0.09707577730777836,2099.9607992726937,12,0,5,66,493.4638143223552,1530,252.0,2.0999607992726936,163.3288149807969,94815.27945079935,2679.9473910861366,1500000.0,0.40517318764073695,0,15,54.00048800580217,8,E8,P3,marketplace,6.0,marketplace_b6.0
26.72679121531845,74.36380826505939,37.87079394192895,80.3631351355929,27.657187681391406,63.75911122633372,85.07761922456666,103.95253969154582,82.37026685279397,117.18843177453364,22.997601027201636,41.39630420005607,10.14794696828272,22.059236465785943,19.614601785611494,74.36380826505939,0.6590909090909091,0.8442906574394463,79011.77333131488,1584037.482643687,1570973.72854601,1717,0.9917528756479461,13063.754097676843,0.00824712435205386,0.0,23.321060972569327,18.92767008856481,44.79513024696409,24.669232415034845,26.72679121531845,1305.2977409924247,6174.487864645029,3185.455746165609,0.5159060663808983,3821.736377254646,0.10289288154352308,2300.414422673322,14,1,6,87,883.1166815872377,1529,252.0,2.3004144226733216,161.87439025987854,93129.91810399703,2730.598497238011,1500000.0,0.4004434182960315,0,13,46.60251516487312,9,E8,P3,marketplace,6.0,marketplace_b6.0
22.091073754673182,67.003851882219,17.96866199326196,50.79789359930328,29.917092540943617,81.74305684335621,18.2529172269642,26.99113766310984,51.455857113438924,88.80901372708513,23.422074298903627,44.50761659878702,8.522612656173571,15.091100353333104,16.58238175486115,67.003851882219,0.717948717948718,0.900709219858156,78127.15549743046,1588758.265839218,1570992.3640492226,1712,0.9888177439123433,14765.901789995241,0.009293988964517242,3000.0,23.150842669490025,18.23286205162742,45.04075615211164,24.244649856919008,22.091073754673182,1294.8905718093188,6226.2197004769605,3209.5636873748817,0.5154915569601588,3903.473950945392,0.09897304678580149,2142.7503197370283,12,0,6,83,72.29617758222669,1532,252.0,2.1427503197370283,161.77211050516232,92807.5771751995,2738.3836326205733,1500000.0,0.4147883939505703,0,8,22.311958370527147,10,E8,P3,marketplace,6.0,marketplace_b6.0
27.0802989525306,77.35673083437905,28.731390828374042,59.451202528898285,12.601883181817865,22.25512344840845,44.70313585605553,102.8829495594942,49.34940094689337,115.15264128533983,23.13920732374855,40.51918525401476,7.881632312200979,10.063910159431089,17.40492462490887,77.35673083437905,0.7222222222222222,0.9303135888501742,111543.27783898677,1624921.920249499,1623921.920249499,1714,0.9993845858145317,0.0,0.0,1000.0,23.165349672304266,17.481570553483834,41.03678005560787,24.69765935028185,27.0802989525306,1335.111409910038,6305.430868117974,3255.594756833391,0.5163159861595804,3859.4651677041325,0.10001414812983246,2145.2031865804847,10,1,11,76,74.63490440978917,1560,252.0,2.145203186580485,156.5008760689268,88742.41582548163,2863.852655153939,1500000.0,0.3908812548696925,0,9,32.24947000537172,11,E8,P3,marketplace,6.0,marketplace_b6.0
11.012630005856579,20.417762254069338,18.945959705309633,30.52074741135003,8.469211736751276,8.469211736751276,,,,,22.496390264657705,40.55307075461077,5.980902315842438,8.472638417780217,14.650063911913008,20.417762254069338,0.875,0.9444444444444444,18023.744041762733,1518714.779790731,1502483.6889429558,1620,0.9893126141499646,14231.090847775113,0.009370482882728029,2000.0,22.354511744777064,17.386274901763954,40.38869131727215,22.99120328783098,11.012630005856579,1190.0309558242034,5734.661416719106,2991.729163940963,0.5216923801671591,3546.7074449994298,0.0847138736188406,1753.8847944137426,4,0,0,61,0.0,1472,252.0,1.7538847944137426,168.88961035772545,100717.75316328357,2519.455377276219,1500000.0,0.4092352815130633,0,8,18.587941773375736,12,E8,P3,marketplace,6.0,marketplace_b6.0
9.89489903261867,20.13215165351121,10.330432671544774,15.457941034010195,15.009499478654485,37.05245527704702,16.445763467061624,20.03842727108422,12.636451935195737,17.50960229751404,20.758711199914078,36.572932972762295,8.976646972822913,12.31923834796521,13.907114908320228,20.13215165351121,0.9318181818181818,0.9629629629629629,91238.2981341862,1601282.5337738234,1599282.5337738234,1723,0.9987510011769838,0.0,0.0,2000.0,20.072503406758248,16.603866703186213,36.13618740609217,20.622223064754113,9.89489903261867,1097.5601382383907,6144.197784699168,3161.225533383621,0.514505822266332,3826.7994104642003,0.09291868770295068,1932.5088843005665,8,0,9,90,114.72995038281576,1531,252.0,1.9325088843005664,158.77901716658943,89335.8432524101,2842.448222790464,1500000.0,0.40502248544362696,0,8,22.74904426134362,13,E8,P3,marketplace,6.0,marketplace_b6.0
15.88775561847731,34.89959950904267,24.39540801875457,61.09801896897438,26.281069358960163,69.88512277122231,54.214308700968814,94.2902069906575,19.77973556107918,19.77973556107918,24.146933994706046,50.4558736361627,20.75485740786168,53.578165302191714,19.028111978012856,34.89959950904267,0.7317073170731707,0.9016393442622951,108277.73229511893,1623568.4454141085,1622568.4454141085,1740,0.9993840727794233,0.0,0.0,1000.0,24.078549944606536,18.457815985780826,51.07806263526617,25.457231522857526,15.88775561847731,1426.3916670457725,6416.580952663979,3284.730237282181,0.5119128491503651,3902.233946018526,0.09550244046415046,2034.0824223863058,9,0,13,74,2594.48526649613,1572,252.0,2.0340824223863057,156.56293769323997,87491.32656600524,2903.5344689937674,1500000.0,0.3966153865082127,0,8,28.97628632155612,14,E8,P3,marketplace,6.0,marketplace_b6.0
30.19775235133908,87.12794653110956,30.94236761112979,82.73677016953799,27.177400854597206,49.448858876946815,31.720961753177665,49.112923101110745,38.98257701973762,64.22898802148411,23.257664468484737,46.71243412569358,17.726614872530842,50.11044207549914,19.4654480815005,87.12794653110956,0.6,0.889589905362776,142692.91995045857,1659042.5555286342,1659042.5555286342,1755,1.0,0.0,0.0,0.0,23.6115066213848,18.101768355175864,49.09163789745533,24.45542504287479,30.19775235133908,1398.4697386007688,6478.994347749024,3316.771708638032,0.5119269335047911,3975.0781763645573,0.10193564330812543,2259.584781641989,16,0,9,75,783.1519052991557,1589,252.0,2.259584781641989,153.25681908178973,84120.07215441595,3022.5792521303065,1500000.0,0.38209291458688455,0,8,24.84684982430754,15,E8,P3,marketplace,6.0,marketplace_b6.0
46.2687293018119,135.63842714461643,73.91882393416503,128.39516109446194,72.13812328780129,141.80556742951705,68.10097661295538,135.4855125339138,,,22.267945469242065,41.736279128267626,6.191017832157336,7.930675191527917,21.693485822258964,135.63842714461643,0.7,0.8740157480314961,48172.02414110696,1551004.9906443798,1549004.9906443798,1661,0.998710513497981,0.0,0.0,2000.0,23.49486292586578,17.597777848222904,44.61914442125044,24.15900849445819,46.2687293018119,1291.6296773244046,5997.7179961951615,3111.150918101376,0.5187224407808155,3775.7484081730818,0.09162288921983891,2059.413635846411,6,0,2,59,50.57272196793306,1510,252.0,2.0594136358464112,164.01458689307304,94868.16776035153,2678.0259346594657,1500000.0,0.3787979416026567,0,7,19.950965057339918,16,E8,P3,marketplace,6.0,marketplace_b6.0
10.873790646148166,23.50883302825635,15.238332659092581,27.068985085671745,16.827933054253677,43.12169815459444,24.490271161872386,52.99564569930584,10.88893188842826,13.355781060921572,20.90815756263763,37.424398258396245,11.036421406617817,22.981310192507234,14.091728641421163,23.50883302825635,0.8958333333333334,0.9692832764505119,108753.96482816651,1618779.5327069117,1612670.5727073767,1722,0.9962261939466707,0.0,0.0,6108.959999534998,20.37514099857091,16.828335994280224,37.02566422400994,21.114989306271205,10.873790646148166,1132.896577861327,6258.147765307556,3244.936806599528,0.5185139322832937,3926.3980923028766,0.09944877276408891,2125.4628203886728,13,0,8,87,375.6399528479171,1531,252.0,2.1254628203886727,157.58051713795388,88716.72783388647,2864.4593756457534,1500000.0,0.4141133582531905,0,10,27.19409611497543,17,E8,P3,marketplace,6.0,marketplace_b6.0
14.152587204492255,31.784568280948434,11.861020470083076,20.317871848070716,28.007323664280175,76.75291160073013,23.91754987496597,30.446021565787216,81.33674623468141,81.33674623468141,22.837533417407293,42.167084128637576,8.401094906887053,11.771589347255485,14.023935870124646,31.784568280948434,0.8636363636363636,0.9670781893004116,44452.613878874734,1549611.527047556,1547611.527047556,1658,0.9987093539476887,0.0,0.0,2000.0,22.625182611629793,17.54197996490575,41.95319333353254,23.849005551041724,14.152587204492255,1238.8182819523265,5886.093825863137,3051.4416999475548,0.5184154025101854,3702.882398293129,0.09056334593275653,1821.5675048343162,7,0,5,66,0.0,1479,252.0,1.8215675048343163,164.00857907091225,95314.91288672286,2662.978539428441,1500000.0,0.42745269767813965,0,6,12.723666284479169,18,E8,P3,marketplace,6.0,marketplace_b6.0
15.784125020917577,61.12745109852004,19.6438134556012,35.89129072051731,9.206870746826416,20.87397677428508,9.467384318086337,11.03786147982537,5.318291254348878,5.318291254348878,23.017785225616272,43.94277785080585,9.65179204679014,18.004448729870276,14.506465763941153,61.12745109852004,0.868421052631579,0.9310344827586207,87841.34456932086,1606256.9135860626,1604256.9135860626,1722,0.9987548691724945,0.0,0.0,2000.0,22.297262325946516,17.204927970041126,42.19202050544873,22.641813033409168,15.784125020917577,1204.8206326460247,6257.25000769796,3221.981952889234,0.5149198048544331,3832.2285280852743,0.09876412140447276,2049.8845553475076,14,0,6,82,109.44112240520998,1544,252.0,2.0498845553475076,158.35985022340293,89128.2436846604,2850.385849116326,1500000.0,0.4181732619245363,0,17,57.17037615134298,19,E8,P3,marketplace,6.0,marketplace_b6.0
9.792152140930872,16.729757275689874,36.50931464965646,107.25735791462539,68.66240480081763,142.778667986507,47.13851913481153,111.43147658321325,24.949451465155562,44.65248943478046,23.4618606480182,44.98168107057361,7.579927814989548,10.704212102328075,22.624334658332803,16.729757275689874,0.9642857142857143,0.9003831417624522,80793.2701575543,1590649.44826436,1589649.44826436,1684,0.9993713259693446,0.0,0.0,1000.0,23.69318569628202,18.07998420622266,46.343273484759244,24.80617474573394,9.792152140930872,1359.0372299948692,5998.587963733297,3081.047274322152,0.5136287561255705,3632.99747456588,0.09429953239353815,2057.5405341142978,11,0,4,73,1336.487593165963,1524,252.0,2.0575405341142976,159.8198526168798,91186.90387871848,2786.1187267858004,1500000.0,0.40124013575204664,0,6,17.57037060221714,20,E8,P3,marketplace,6.0,marketplace_b6.0
22.83727629238402,76.24884240420852,16.623716843027445,30.432045643831042,25.464686807020513,60.620504498670634,17.79211789360589,38.51264057612716,6.35803393238416,7.163076980750475,23.295697512790543,45.36266493653113,10.657364255692393,21.546823757633433,16.019418824985582,76.24884240420852,0.7083333333333334,0.9297124600638977,101795.26384377985,1612089.748972065,1596308.3407910222,1746,0.9902105895834238,14781.408181042894,0.009169097558289251,1000.0,22.92641735527677,17.13610520399243,44.318330407688336,23.567059462680543,22.83727629238402,1258.0824464827804,6433.416642044262,3301.5618135704854,0.5131894912562964,3863.08343337315,0.10056521229615908,2238.32588762899,12,0,6,87,300.85591654622226,1566,252.0,2.2383258876289904,159.2664270373014,90066.96409239812,2822.7700183922084,1500000.0,0.37818727438871547,0,13,38.18170670261142,21,E8,P3,marketplace,6.0,marketplace_b6.0
9.267697594695653,15.140411225999799,11.0939822475898,16.082975079509108,13.852434158295248,29.359807150026167,6.518460302074345,6.518460302074345,,,22.872579497303906,42.70689695292776,9.867017723867914,19.921455973141565,14.53287120727204,15.140411225999799,0.9354838709677419,0.9490196078431372,26819.936004901418,1529389.3707573186,1527389.3707573186,1662,0.9986922885445387,0.0,0.0,2000.0,22.398785920811395,17.276767424355285,41.14593076760751,23.176523915863825,9.267697594695653,1197.8539147243796,5826.252517473349,3020.5403104620445,0.5184362163162732,3669.099598197234,0.08918643297103389,1794.4641310553855,10,0,1,68,0.0,1496,252.0,1.7944641310553853,166.1622563244745,97968.69607039678,2590.5669291412005,1500000.0,0.41908533030569517,0,3,8.24785142867758,22,E8,P3,marketplace,6.0,marketplace_b6.0
12.88654732585189,22.15127633899161,24.39160559668211,76.7060481383819,8.218813323552029,14.640244732219614,9.980105718659312,14.999855505481174,35.23573937317133,53.750070999345645,22.666773601769872,42.295451648170456,12.292442024111324,26.84832782990179,14.253036352147252,22.15127633899161,0.8888888888888888,0.9375,66305.29979334184,1572295.0317663788,1571295.0317663788,1673,0.9993639870509057,0.0,0.0,1000.0,22.283794678262353,17.72506579650144,42.053112255216455,23.058186857171865,12.88654732585189,1230.9062042761702,5979.420650459543,3105.874683625231,0.5194273601383993,3670.9254952283504,0.09258311174854343,2062.108975389865,11,0,1,64,628.4665165931355,1517,252.0,2.062108975389865,161.6896278796126,93511.07873806565,2716.9198816222033,1500000.0,0.37778898456981413,0,8,29.70639817601533,23,E8,P3,marketplace,6.0,marketplace_b6.0
30.684780124859635,92.66539054885033,35.54652625697811,91.24431327881013,26.36625213091503,64.18289745194762,77.97955665011007,117.4876232938761,6.515121347447348,6.515121347447348,21.154543884775837,36.93683746556672,8.188768190360326,9.46468115027019,14.42459540560163,92.66539054885033,0.6896551724137931,0.9236947791164659,40971.19198450468,1549122.7235720013,1548122.7235720013,1666,0.9993544733514114,0.0,0.0,1000.0,21.36240384319764,17.045111041296423,37.43044901237886,22.160146368715505,30.684780124859635,1139.4028629308395,5889.8362162106,3065.244324481885,0.5204294672991774,3686.271568369608,0.09055163464108879,1781.4035157660282,10,0,3,80,267.8026717443195,1490,252.0,1.7814035157660284,163.92847908737704,95483.00058910264,2657.870007750152,1500000.0,0.4344281306369453,0,10,30.699810001934576,24,E8,P3,marketplace,6.0,marketplace_b6.0
44.06217544160576,122.58813049955889,38.136101015482176,114.7570931125883,11.747479833021638,19.82621503878636,81.00661626766029,140.36458295497727,8.517083342832848,8.517083342832848,22.443427218919037,41.70903227018807,13.541083056075877,37.0030741090478,19.547990834083315,122.58813049955889,0.6521739130434783,0.88671875,77024.21305695022,1590717.1925351804,1590717.1925351804,1677,1.0,0.0,0.0,0.0,22.975500802911586,18.077635072882003,43.869251512075735,24.0989304653208,44.06217544160576,1329.3849451703345,5982.14866294131,3084.1972970521324,0.5155668089892789,3723.28060905424,0.094312736140307,2003.9301852311612,15,0,4,62,419.6445286731255,1541,252.0,2.0039301852311615,159.67887401808767,91519.33351743114,2775.412805392126,1500000.0,0.40251204085528847,0,3,6.966196284892867,25,E8,P3,marketplace,6.0,marketplace_b6.0
11.633442589660035,21.442449607910756,19.24096000876322,34.561864540616625,20.563588942325097,54.10776289165261,18.737963206152017,23.534008066211573,40.635404015387394,40.635404015387394,21.588828950386073,37.87948187455191,5.823771645271897,8.259432562706934,12.723186008525053,21.442449607910756,0.9,0.9672131147540983,60773.337476461245,1568414.1462153625,1551792.3518766356,1659,0.989402164996512,13621.794338726966,0.008685074902950108,3000.0,21.294538535434704,17.012052400225002,37.77179787309174,22.04841985934987,11.633442589660035,1179.1873955724495,6009.392534642646,3118.140850540586,0.5188778786816277,3687.235630809202,0.0904022684447223,1899.6166337600212,12,0,6,62,290.7254090779263,1527,252.0,1.899616633760021,163.6170047665917,95590.42995582771,2656.119621504861,1500000.0,0.4010668044956043,0,4,10.19785142867758,26,E8,P3,marketplace,6.0,marketplace_b6.0
7.917610536004266,11.697388935419577,8.158749241111568,10.993737146889089,10.617893933884261,15.919990316660005,,,,,22.806831957726278,43.70643332376157,8.543375706847561,14.037773933872906,14.169206684275416,11.697388935419577,1.0,0.9437229437229437,13735.182660926428,1515300.790657525,1513300.790657525,1641,0.9986801300360094,0.0,0.0,2000.0,22.436038206266982,17.318739806405574,43.045160240618316,23.206661360107695,7.917610536004266,1200.171411013403,5836.622044487473,3032.3161249610766,0.5195327197561156,3583.504011581878,0.09092699635590737,1975.9741339099485,10,1,1,56,94.97352007422627,1502,252.0,1.9759741339099484,167.82914256164375,99535.31230198071,2551.6167906659184,1500000.0,0.39424638508031606,0,7,21.91822203089472,27,E8,P3,marketplace,6.0,marketplace_b6.0
21.5282024213394,61.79116228148196,19.608544205772027,50.06657517557962,28.519638683867583,50.74825645795436,71.96171382779464,104.11083372629082,70.00950456314285,109.71785061011842,20.69885985282447,35.23041157111984,5.716713566675278,8.864655253409989,13.727543362230435,61.79116228148196,0.68,0.9343629343629344,68581.49159832505,1577899.8491911527,1576899.8491911527,1678,0.9993662462161255,0.0,0.0,1000.0,20.848728642400456,17.77016080816702,36.14726403337458,22.594333938944217,21.5282024213394,1151.8303083498943,5940.783568856369,3096.345071461089,0.5212014603078953,3719.3161117604022,0.09730493440546524,1970.7373481783388,13,0,5,89,0.0,1475,252.0,1.9707373481783388,161.05698626228474,92559.61801840343,2743.8611220033545,1500000.0,0.4320091525003241,0,9,32.24947000537172,28,E8,P3,marketplace,6.0,marketplace_b6.0
18.349424670570585,58.10769590351629,15.678191861575412,27.80356450042445,36.46962975428371,116.91636508584998,18.48091690507679,51.28301194940611,59.94918988832986,105.49488498872601,21.736933044673673,38.570893503495974,12.869191847828557,22.579162431811522,16.602217349552717,58.10769590351629,0.7142857142857143,0.9213483146067416,112356.63513066774,1624886.1453492267,1623886.1453492267,1679,0.9993845722650401,0.0,0.0,1000.0,21.820772850787858,17.66751706884861,39.56600126797399,23.019366080636594,18.349424670570585,1259.8569767191566,6082.099629014862,3159.885016947088,0.5195385162506627,3790.1725595900825,0.09691941657133624,2139.6515759915555,10,0,11,83,1082.4425349402231,1501,252.0,2.1396515759915555,156.5009051304747,86956.1305504875,2922.6191410211823,1500000.0,0.3834201688235789,0,10,32.056891623613495,29,E8,P3,marketplace,6.0,marketplace_b6.0
