delay_mean_consumables,delay_p90_consumables,delay_mean_science,delay_p90_science,delay_mean_equipment,delay_p90_equipment,delay_mean_infrastructure,delay_p90_infrastructure,delay_mean_element,delay_p90_element,delay_mean_bulk,delay_p90_bulk,delay_mean_return,delay_p90_return,delay_prio2_mean_h,delay_prio1_p90_h,sl24_prio1,sl48_prio12,landed_kg,ready_kg,delivered_kg,delivered_items,delivered_share,stranded_kg,stranded_share,backlog_kg,delay_mean_h,delay_median_h,delay_p90_h,delay_mass_weighted_h,delay_prio1_mean_h,tonne_days_waiting,km_total,km_empty,empty_km_share,energy_kwh,utilisation,operator_hours,faults,night_strandings,team_lifts,bundled_jobs,backhaul_kg,jobs,fleet_cost_musd,operator_cost_musd,cost_per_kg_usd,cost_per_tkm_usd,delivered_tkm,bulk_kg,revenue_gini,unmet_operator_waits,repositions,km_reposition,seed,exp,stage,config,w_p1,w_p2,w_age,fill,max_wait,mechanism
3.043026970381677,4.893294742330999,5.357218716400325,11.295703315100539,6.675958953060558,15.6808746003627,,,,,24.450225275361067,31.068703874723543,4.214547194749059,11.495840005034097,5.773663001661451,4.893294742330999,1.0,1.0,13968.57625752051,515078.73700219905,515078.73700219905,554,1.0,0.0,0.0,0.0,22.48051426199188,25.704708293040312,29.660279913913243,23.892838147584907,3.043026970381677,450.5658912088961,1758.2404474421394,877.6222071159881,0.4991480024206809,1030.1707814111835,0.040571409202747384,380.05365573093417,3,0,0,21,102.4925070669722,529,162.0,0.3800536557309342,315.2528768723716,209411.25672139367,775.4122495514446,500000.0,0.4782005041527719,0,6,19.798987548695372,0,E9,search,0,6.0,2.0,0.08,0.7,24.0,marketplace
3.080082064653853,4.62147986814889,3.4330829899409516,4.01664504808511,4.384329954068926,5.644061312779013,5.565633569867411,7.387352518747503,,,24.721434036292074,31.12036284531577,14.16738402719089,39.38165818458438,4.229789172828041,4.62147986814889,1.0,1.0,22776.714596747763,525519.2910413912,524519.2910413912,535,0.9980971202826477,0.0,0.0,1000.0,23.440346825587813,25.704708293040312,30.619449402238935,23.921070195631412,3.080082064653853,459.67951488687225,1673.3886372608913,843.2058948286807,0.5038912515916767,1009.6850929963177,0.0400059662567345,372.6128325647145,2,0,2,18,0.0,515,162.0,0.3726128325647145,309.56461584127226,200007.12120678526,811.8341579682526,500000.0,0.49301173078243493,0,10,26.51678011587135,1,E9,search,0,6.0,2.0,0.08,0.7,24.0,marketplace
10.544367512260248,23.60354418525504,4.352672986672587,7.067526679890397,4.483620541595883,8.95968310182434,4.68371236716564,5.106472912999175,,,24.292146478414097,28.97281936585432,7.853793816165638,14.27953164080327,4.443158242330455,23.60354418525504,0.9090909090909091,1.0,29310.196036041838,532277.3226155266,516873.34282247716,548,0.9710602365748803,14403.979793049497,0.02706104352195697,1000.0,22.83072890849173,25.704708293039857,28.972819365854,23.704468513872026,10.544367512260248,449.3919763293265,1695.6412592832978,844.4497429504072,0.49801202838584707,999.0140586150529,0.039646049215439426,369.18794333836604,2,0,0,21,0.0,520,162.0,0.3691879433383661,314.13728372349993,206652.01558823034,785.7130620340581,500000.0,0.4763315456119,0,5,12.48591588338666,2,E9,search,0,6.0,2.0,0.08,0.7,24.0,marketplace
3.683672506138889,6.882972157178757,5.02762485706952,7.73805439734224,6.28305886348794,13.078595942571473,34.10937453661609,34.10937453661609,50.02432245581622,50.02432245581622,24.707493366944135,29.79084675636518,4.125123269098075,4.676887630746478,6.762461929724968,6.882972157178757,1.0,1.0,28096.063942230638,531327.860284328,530327.860284328,561,0.998117922897051,0.0,0.0,1000.0,22.609338310664718,25.704708293039857,28.97281936585432,24.334299020705327,3.683672506138889,470.95528251036916,1837.6786731511102,912.9083140263507,0.4967725464544711,1089.420297589054,0.04282051097393583,398.7493589801373,4,0,2,21,0.0,533,162.0,0.39874935898013725,306.22330358414933,195400.82787711776,831.1057385135965,500000.0,0.47356725049268,0,6,19.282620201124633,3,E9,search,0,6.0,2.0,0.08,0.7,24.0,marketplace
3.3612328204474884,6.82627785885925,4.735814988002289,7.8188074815539945,2.5500981997106464,2.9339288334962474,,,60.95953131467718,106.17190099377198,25.202692252915796,31.731465799026427,3.2023795439490814,5.208471792655292,3.578670805965537,6.82627785885925,1.0,1.0,32491.15341102122,538255.453584505,538255.4535845051,550,1.0000000000000002,0.0,0.0,0.0,23.429519486596472,25.704708293039857,30.593689750441353,26.391819420359205,3.3612328204474884,515.210039067845,1731.5611249076046,872.6190384536195,0.5039493125027175,1002.6912458438952,0.04189944878491383,396.5632813349931,4,0,1,21,0.0,520,162.0,0.39656328133499313,301.7090903582253,195366.20186229242,831.2418511150834,500000.0,0.4767924817529085,0,12,33.8810134587449,4,E9,search,0,6.0,2.0,0.08,0.7,24.0,marketplace
7.721524517348366,15.634949015859473,8.62512587774711,13.0113619901917,18.96472038862431,72.28306856140907,63.27263731718904,94.7322586485434,,,25.30593929384582,31.50706193955939,3.5547629385230763,5.270174942417157,23.00115966926123,15.634949015859473,0.9259259259259259,0.8771929824561403,43452.69323580841,547328.4080016714,546328.4080016714,572,0.998172943363837,0.0,0.0,1000.0,23.746601165544885,25.704708293039857,31.59402901151734,26.676029687150283,7.721524517348366,531.5711504974056,1843.9702193279204,918.835722106243,0.4982920615936709,1113.2808553553764,0.04367270732612659,433.8930612685714,3,0,0,25,0.0,536,162.0,0.4338930612685714,297.319141165311,183294.22873593422,886.1920758851692,500000.0,0.505913635540813,0,11,27.01436176718701,5,E9,search,0,6.0,2.0,0.08,0.7,24.0,marketplace
6.017439397494412,16.168582768866653,15.311435887290441,41.92576804684197,4.114813563708789,7.107798410137185,8.996946876740196,13.10204705109452,,,25.125928309317068,31.64725557920183,6.044016915853219,9.674022816582788,10.993339541154086,16.168582768866653,0.9285714285714286,0.9807692307692307,31608.77227884693,533346.8920584851,533346.8920584851,565,1.0,0.0,0.0,0.0,23.13958376403923,25.704708293039857,31.50706193955931,24.024233970637237,6.017439397494412,452.3088949032464,1758.6352840630677,880.4419206730283,0.5006392903927738,1058.31453340727,0.044975900560420876,445.2459505088701,6,0,0,30,0.0,521,162.0,0.4452459505088701,304.5770930126572,194271.21616947462,836.177634306865,500000.0,0.49623278481978,0,7,19.864926492619915,6,E9,search,0,6.0,2.0,0.08,0.7,24.0,marketplace
6.704314262627302,13.35464835492451,6.3327982970425385,12.47958512259575,2.504203767682785,2.9199910145446895,6.191021358897288,6.846215195198672,11.965982658850123,11.965982658850123,24.803368356808544,30.28349000935394,6.6815075045214085,4.516320925530689,4.885260603687193,13.35464835492451,0.918918918918919,0.9672131147540983,40773.60461111535,544565.4292464787,543565.4292464787,581,0.9981636733690867,0.0,0.0,1000.0,22.182070266785615,25.70470829303963,28.97281936585432,23.353972806901297,6.704314262627302,460.7301269464183,1907.3318721575747,952.7815470119425,0.49953632135038756,1115.091296769482,0.04310110818464093,408.4400126856906,2,0,1,22,0.0,555,162.0,0.4084400126856906,298.7836077762074,186928.45458540952,868.8267410806611,500000.0,0.4754026026110975,0,12,35.733813033790675,7,E9,search,0,6.0,2.0,0.08,0.7,24.0,marketplace
3.272990439066502,6.070294051216714,5.269949998996083,9.461347941055466,7.600511997275883,17.466402118876545,,,,,18.48634113894243,29.384126739817475,4.848501505347439,9.08338569249645,6.005916945821283,6.070294051216714,1.0,1.0,13968.57625752051,515078.73700219905,515078.73700219905,554,1.0,0.0,0.0,0.0,17.128462596639416,19.98429980350147,29.384126739816566,18.118441903732762,3.272990439066502,326.3958558335024,1750.3216470106051,868.1379993892103,0.4959876951027335,980.2178344179571,0.03903709334456805,385.0057142441905,3,0,0,19,0.0,531,162.0,0.3850057142441905,315.26249105008367,209417.64307718843,775.4122495514446,500000.0,0.4484795905492864,0,2,4.493071829356391,0,E9,search,1,18.752863998140008,8.972138009695755,0.38784284512259676,0.44638467349388466,24.41130737396333,marketplace
2.9046583662590097,4.300739441421138,3.3798045432139645,4.01664504808511,4.384329954068926,5.644061312779013,5.59689736480171,7.470044931780467,,,18.281932532330533,29.384126739817475,14.363491027362281,39.737983542386985,4.2136549374309675,4.300739441421138,1.0,1.0,22776.714596747763,525519.2910413912,524519.2910413912,535,0.9980971202826477,0.0,0.0,1000.0,17.431382832602605,20.972119690596628,29.384126739817475,17.796376604059464,2.9046583662590097,327.99681012773164,1678.0891991900141,844.8750471738066,0.5034744562932731,977.9144027126076,0.03800802381473121,351.58722445793575,2,0,2,18,0.0,513,162.0,0.3515872244579357,309.524530360212,199981.222311179,811.8341579682526,500000.0,0.4661792873071559,0,9,24.270244201193155,1,E9,search,1,18.752863998140008,8.972138009695755,0.38784284512259676,0.44638467349388466,24.41130737396333,marketplace
10.297319055956264,23.733002262016367,7.320627677471833,13.7759053733404,6.788305630759244,15.873738369314196,4.943728098031215,5.15847605917229,,,17.6222073236633,29.255286633213654,9.570461892977454,14.27953164080327,6.823894462524535,23.733002262016367,0.8636363636363636,1.0,29310.196036041838,532277.3226155266,516873.34282247716,548,0.9710602365748803,14403.979793049497,0.02706104352195697,1000.0,16.85124063131783,17.56344481569704,29.223076606562245,17.31545834034578,10.297319055956264,311.5949531120108,1673.3767759026405,825.4718096953351,0.4932970396042847,965.4419278016194,0.03956898920731824,390.2855599679114,2,0,0,26,0.0,516,162.0,0.3902855599679114,314.1781014923451,206678.8671421232,785.7130620340581,500000.0,0.4635557687671656,0,4,11.65509365293776,2,E9,search,1,18.752863998140008,8.972138009695755,0.38784284512259676,0.44638467349388466,24.41130737396333,marketplace
4.754485926512594,5.692066441563839,8.567556236704762,9.548180629989474,6.494385839767847,13.475660630938227,159.1090612373373,159.1090612373373,79.02400915653743,79.02400915653743,18.299963628715666,29.223720105886013,5.508577918587142,14.729744164332548,13.976297946340736,5.692066441563839,0.9565217391304348,0.9787234042553191,28096.063942230638,531327.860284328,531327.860284328,562,1.0,0.0,0.0,0.0,17.350374095011666,20.451021358705447,29.223076606562152,19.590758091905055,4.754485926512594,370.66475920001517,1849.0712788895605,913.6611636471589,0.49411895262136574,1087.9570367714855,0.04217711274253047,388.8308608919127,4,0,3,18,0.0,537,162.0,0.3888308608919127,305.62830033793676,195193.39496854847,831.9381446644628,500000.0,0.46147742360837335,0,3,8.933453258447669,3,E9,search,1,18.752863998140008,8.972138009695755,0.38784284512259676,0.44638467349388466,24.41130737396333,marketplace
2.6860647589139717,4.654225172872251,5.378430106048086,8.12579257251591,5.219950717188214,7.733928833496252,,,61.10128049312607,106.42704951498,20.112028493304948,30.195524249755366,3.318223656551866,5.208471792655292,5.2945292531222705,4.654225172872251,1.0,1.0,32491.15341102122,538255.453584505,538255.4535845051,550,1.0000000000000002,0.0,0.0,0.0,18.835836142068054,21.155304019448977,29.546984331717763,21.698642991571138,2.6860647589139717,415.8981372592408,1732.6865950046827,871.3466951045876,0.5028876529758302,979.9977687444909,0.04061939736100702,383.09574292878034,4,0,1,21,0.0,521,162.0,0.38309574292878035,301.6840696393147,195350.00015350195,831.2418511150834,500000.0,0.46316271956448646,0,11,31.24541162897481,4,E9,search,1,18.752863998140008,8.972138009695755,0.38784284512259676,0.44638467349388466,24.41130737396333,marketplace
7.210488996210988,14.31988369180492,8.612595860686387,13.0113619901917,18.92544315054564,72.28306856140907,62.7931312966457,94.25275262800005,,,19.66217527396031,29.995819311106878,3.587496296048421,5.270174942417157,22.88631871116467,14.31988369180492,0.9259259259259259,0.8947368421052632,43452.69323580841,547328.4080016714,546328.4080016714,572,0.998172943363837,0.0,0.0,1000.0,18.793877913768547,22.141602370010332,30.236898762148527,21.487995057494704,7.210488996210988,416.17845153738205,1823.8396839634584,905.106612821098,0.49626434865929386,1070.934770450875,0.0419496830487388,410.7400579118498,3,0,0,24,39.271998098109954,536,162.0,0.4107400579118498,297.2767618875403,183268.10234190885,886.1920758851692,500000.0,0.4964708916928842,0,9,21.74315810764684,5,E9,search,1,18.752863998140008,8.972138009695755,0.38784284512259676,0.44638467349388466,24.41130737396333,marketplace
5.4255346904873205,10.195000169075742,14.604636492330375,41.26489339582842,4.472291234142631,7.134013618000928,8.996946876740196,13.10204705109452,,,18.4675785825129,30.213360618150553,8.78764321489744,25.946834454939214,10.714754189427254,10.195000169075742,0.9285714285714286,0.9807692307692307,31608.77227884693,533346.8920584851,533346.8920584851,565,1.0,0.0,0.0,0.0,17.26919951315047,16.929484665540144,29.983768405533386,17.771982171983982,5.4255346904873205,317.1133977889863,1769.8314757478763,884.4587383763271,0.49974178360828514,1028.087899019429,0.044030527097736166,455.4289736676212,6,0,0,26,0.0,528,162.0,0.4554289736676212,304.5961856956941,194283.39423157644,836.177634306865,500000.0,0.47117568751429717,0,5,17.036084286446435,6,E9,search,1,18.752863998140008,8.972138009695755,0.38784284512259676,0.44638467349388466,24.41130737396333,marketplace
4.901310584333305,5.507693704394249,6.905771184145137,12.820286731640048,2.5782435811845485,2.9199910145446895,6.191021358897288,6.846215195198672,11.965982658850123,11.965982658850123,18.76179670225901,29.384126739817475,7.437725637716215,4.350987064684437,5.223385847597595,5.507693704394249,0.972972972972973,1.0,40773.60461111535,544565.4292464787,544565.4292464787,582,1.0,0.0,0.0,0.0,16.92152680155559,15.50274081507473,29.384126739817475,17.816595947091088,4.901310584333305,336.0461791747648,1888.9978413326055,938.5982367074622,0.4968762886702518,1093.922621922828,0.04204057966790184,400.28483783291256,2,0,1,23,10.0,551,162.0,0.4002848378329126,298.2199679156057,186740.156019537,869.6591472315274,500000.0,0.4629283661066248,0,8,25.331955690848595,7,E9,search,1,18.752863998140008,8.972138009695755,0.38784284512259676,0.44638467349388466,24.41130737396333,marketplace
3.345383366424109,5.604429166728224,4.8416472014924485,8.609925349556717,6.564899232807913,15.6808746003627,,,,,31.99646854294976,41.6678843698408,5.04079371378549,4.907808454582323,5.385832053486806,5.604429166728224,1.0,1.0,13968.57625752051,515078.73700219905,515078.73700219905,554,1.0,0.0,0.0,0.0,29.307406159091965,37.20218481990196,40.79239615922688,31.222193879591,3.345383366424109,607.3314953922446,1746.0442282718836,864.8442643327868,0.4953163558684599,994.6275618221802,0.04068528407528055,400.1499566334542,3,0,0,23,0.0,529,162.0,0.40014995663345426,315.2918928508208,209437.17364611872,775.4122495514446,500000.0,0.4814281469561436,0,5,13.42652508780406,0,E9,search,2,26.206603361887858,0.052653045655747244,0.41061420919138314,0.81809512868883,35.81957679337302,marketplace
3.2106355077685635,4.62147986814889,3.4679023472066604,4.01664504808511,4.487116621041696,5.644061312779013,5.59689736480171,7.470044931780467,,,31.14660995012348,43.524884255503814,13.781782965598202,38.01159905503519,4.28812066306097,4.62147986814889,1.0,1.0,22776.714596747763,525519.2910413912,524519.2910413911,535,0.9980971202826475,0.0,0.0,1000.0,29.433316014523715,37.20218481990196,43.384616780904416,30.03162076352702,3.2106355077685635,586.6528890367362,1630.8528089066306,820.3495990757419,0.5030187853836591,982.0188937037005,0.03973477907992737,366.83532967457217,2,0,2,32,0.0,497,162.0,0.36683532967457216,309.5536009882653,200000.00460195474,811.8341579682526,500000.0,0.48723951735517196,0,9,22.465464601871968,1,E9,search,2,26.206603361887858,0.052653045655747244,0.41061420919138314,0.81809512868883,35.81957679337302,marketplace
11.44532627326247,31.40873822261348,6.904193978734298,13.7759053733404,3.391948484087076,5.5248315891167294,4.68371236716564,5.106472912999175,,,29.639213257804833,42.008762302610364,8.68256358778833,14.27953164080327,5.309541716795508,31.40873822261348,0.8181818181818182,1.0,29310.196036041838,532277.3226155266,516873.34282247716,548,0.9710602365748803,14403.979793049497,0.02706104352195697,1000.0,27.777783687209467,36.241805417661,40.79239615922734,28.87234591343495,11.44532627326247,554.841949712051,1665.1708353996562,829.4087261411096,0.4980922728820457,964.350582476578,0.04065984691599061,397.43256845970114,2,0,0,33,0.0,507,162.0,0.39743256845970115,314.19192888079726,207100.57804426033,784.1476547388152,500000.0,0.4798087688148846,0,9,29.57813752329683,2,E9,search,2,26.206603361887858,0.052653045655747244,0.41061420919138314,0.81809512868883,35.81957679337302,marketplace
3.217936647263138,5.162779194174437,7.680286588207432,8.637404279438126,5.495987671669036,8.945844912122718,34.10937453661609,34.10937453661609,50.02432245581622,50.02432245581622,31.80728048087605,42.926751358397674,3.281315998102985,4.393553749637932,7.871374037500128,5.162779194174437,1.0,1.0,28096.063942230638,531327.860284328,530327.860284328,561,0.998117922897051,0.0,0.0,1000.0,28.931766891574796,37.20218481990173,41.314686518212966,30.99015456616998,3.217936647263138,607.4965305000851,1782.0154197822117,880.0569917696777,0.4938548690432957,1071.8364335732358,0.043059625726553155,389.0470725768765,4,0,2,32,0.0,515,162.0,0.3890470725768765,306.2050087006823,195389.1539276386,831.1057385135965,500000.0,0.49061221821883755,0,5,12.78894323375855,3,E9,search,2,26.206603361887858,0.052653045655747244,0.41061420919138314,0.81809512868883,35.81957679337302,marketplace
3.6341284454594085,7.5793889105170855,4.819109778191773,7.8188074815539945,5.051306901772579,7.5503644101063445,,,61.43903733522052,106.65140701431532,31.937119430328345,43.935030558922065,3.384837508350074,5.094922686431255,4.942037667146317,7.5793889105170855,1.0,1.0,32491.15341102122,538255.453584505,538255.4535845051,550,1.0000000000000002,0.0,0.0,0.0,29.608853872368947,37.20218481989832,43.47403266502632,32.700002804061995,3.6341284454594085,648.9645861257953,1675.8220059982052,841.9886751756485,0.5024332370394653,991.7923259201723,0.04258365277989559,401.48817032811206,4,0,1,30,0.0,503,162.0,0.40148817032811207,301.71824008250644,195372.12659886156,831.2418511150834,500000.0,0.4909631392771021,0,13,35.8310134587449,4,E9,search,2,26.206603361887858,0.052653045655747244,0.41061420919138314,0.81809512868883,35.81957679337302,marketplace
9.017555398392595,22.54413515066182,16.74043136148315,53.43572762493564,25.513636404464172,74.78565939422224,66.59526758066083,100.9697694036131,,,31.738678170250143,43.931346025971834,4.876587183677707,5.104387630960105,29.63580028631236,22.54413515066182,0.8888888888888888,0.8070175438596491,43452.69323580841,547328.4080016714,546328.4080016714,572,0.998172943363837,0.0,0.0,1000.0,29.804499661258106,37.20218481990173,43.98666761891932,32.90602398156139,9.017555398392595,669.5109717890903,1788.622197266594,888.046633290282,0.496497602818198,1098.6934038728907,0.04543627576971984,444.6602723461426,4,0,0,37,39.271998098109954,526,162.0,0.44466027234614264,297.3388494779667,183306.3787103817,886.1920758851692,500000.0,0.520718374933047,0,9,22.250191372283226,5,E9,search,2,26.206603361887858,0.052653045655747244,0.41061420919138314,0.81809512868883,35.81957679337302,marketplace
5.148261044723934,10.195000169075742,15.569185353430438,48.332752508655815,4.035799865334217,6.531483962454696,8.996946876740196,13.10204705109452,,,30.14396870764118,42.5339981704453,5.46503084981031,7.610933657532567,11.109908173287332,10.195000169075742,0.9285714285714286,0.9615384615384616,31608.77227884693,533346.8920584851,533346.8920584851,565,1.0,0.0,0.0,0.0,27.52888293854742,36.90245877367215,40.85154351755355,28.713488392326223,5.148261044723934,558.8398196411873,1726.8357119581412,862.6474878473497,0.49955388452625443,1039.3639592742281,0.04447213143314082,437.0615895772625,5,0,0,38,0.0,516,162.0,0.43706158957726254,304.5617477260277,194261.42834378325,836.177634306865,500000.0,0.5136180404539393,0,7,20.59503834707912,6,E9,search,2,26.206603361887858,0.052653045655747244,0.41061420919138314,0.81809512868883,35.81957679337302,marketplace
3.4809646406106745,5.520673229064414,6.479271231461457,14.017276746172323,2.532505421029097,3.0043831293101224,6.191021358897288,6.846215195198672,11.965982658850123,11.965982658850123,30.798895675028838,41.824736611033856,4.5316771747773625,6.27428097167243,4.975213229835641,5.520673229064414,1.0,1.0,40773.60461111535,544565.4292464787,543565.4292464787,581,0.9981636733690867,0.0,0.0,1000.0,27.055850735305402,35.53017744152203,40.79239615922688,28.788614198890606,3.4809646406106745,575.0245941916104,1862.6086377528875,928.0637283648853,0.4982601871129149,1114.6767624221475,0.0436811780791384,425.3918547387142,2,0,1,30,0.0,537,162.0,0.42539185473871416,298.81479416360605,186947.96577360327,868.8267410806611,500000.0,0.4825489259141114,0,9,28.308603459985996,7,E9,search,2,26.206603361887858,0.052653045655747244,0.41061420919138314,0.81809512868883,35.81957679337302,marketplace
4.767387393604167,6.086192541366475,5.852729874305942,11.406703107265459,7.079343631192056,15.44112159009103,,,,,22.793517940508334,42.03319314893363,4.78335534043621,6.355285327790625,6.24008158700682,6.086192541366475,0.9583333333333334,1.0,13968.57625752051,515078.73700219905,515078.73700219905,554,1.0,0.0,0.0,0.0,21.087282899997458,17.287145380272705,41.96373785636356,22.356678002242532,4.767387393604167,423.2157208387658,1759.5096353561903,874.7784806776725,0.49717174779812146,959.2131717900938,0.038257863283607516,374.3528107648797,3,0,0,20,0.0,531,162.0,0.3743528107648797,315.24180896263954,209403.9047032003,775.4122495514446,500000.0,0.44417191178777155,0,3,7.1286736591264805,0,E9,search,3,9.090972804579406,2.7842561210077332,0.1274347938270623,0.5892995988237202,38.309281609140825,marketplace
3.0255011857959784,4.300739441421138,3.3220232696883065,4.01664504808511,4.384329954068926,5.644061312779013,5.59689736480171,7.470044931780467,,,23.94257288317905,42.746799097922114,13.73576864181093,38.01159905503519,4.1888915344913995,4.300739441421138,1.0,1.0,22776.714596747763,525519.2910413912,524519.2910413911,535,0.9980971202826475,0.0,0.0,1000.0,22.705647193399706,20.717469222771797,42.43612619940468,23.17473943721294,3.0255011857959784,442.6034278686309,1649.2203728736072,828.1940981009247,0.5021730944651602,933.6197145771655,0.03754980026327402,350.16764561351545,2,0,2,26,0.0,504,162.0,0.35016764561351543,309.52182392239615,199979.47370423697,811.8341579682526,500000.0,0.4517092083553302,0,10,28.32155971519254,1,E9,search,3,9.090972804579406,2.7842561210077332,0.1274347938270623,0.5892995988237202,38.309281609140825,marketplace
13.123888359840429,31.40873822261348,6.853666434988156,13.7759053733404,3.5291789292546887,5.793024205950587,5.183481108302885,5.206426661226624,,,22.482805900091215,43.282100974995046,10.323607673477495,15.984238933843244,5.398210454502447,31.40873822261348,0.7727272727272727,1.0,29310.196036041838,532277.3226155266,516873.34282247716,548,0.9710602365748803,14403.979793049497,0.02706104352195697,1000.0,21.364191130916602,17.803868324296218,42.90195632653513,21.992965599008233,13.123888359840429,409.1686794864795,1663.908961491765,822.7566075737938,0.49447212955458664,953.5985588408902,0.039830144837885224,393.6198425256766,2,0,0,32,0.0,510,162.0,0.3936198425256766,314.1845523619906,206683.11078107858,785.7130620340581,500000.0,0.45979106844411904,0,6,21.67133203398657,2,E9,search,3,9.090972804579406,2.7842561210077332,0.1274347938270623,0.5892995988237202,38.309281609140825,marketplace
3.1853176232836296,5.142686011546539,6.310877859151176,9.802219460717788,5.638346144584057,8.945844912122718,34.10937453661609,34.10937453661609,50.02432245581622,50.02432245581622,24.121248991689143,43.13715585506453,3.594981249018084,6.805320021110405,7.188927006309247,5.142686011546539,1.0,1.0,28096.063942230638,531327.860284328,531327.860284328,562,1.0,0.0,0.0,0.0,22.076112294081113,18.65148173849775,42.31580017546253,23.76716404275375,3.1853176232836296,450.4312707593765,1817.4899056932486,900.2630744512277,0.4953331909196154,1048.675548963765,0.04505408495851589,412.99447165852007,5,1,2,29,0.0,526,162.0,0.41299447165852005,305.6737781164852,195222.43992930857,831.9381446644628,500000.0,0.4454568315817073,0,5,16.82233977955797,3,E9,search,3,9.090972804579406,2.7842561210077332,0.1274347938270623,0.5892995988237202,38.309281609140825,marketplace
2.750740828101041,3.8985545568485587,5.185486545998629,8.106052400085444,5.210493527727825,7.652971756396623,,,60.95953131467718,106.17190099377198,26.13852858136213,45.81634354870039,4.2914776419360035,9.24661703464135,5.19872553632585,3.8985545568485587,1.0,1.0,32491.15341102122,538255.453584505,538255.4535845051,550,1.0000000000000002,0.0,0.0,0.0,24.336116784870807,24.572803824830544,44.812079265664444,27.289316744686417,2.750740828101041,535.1552835957518,1702.5963918066893,854.9103714388744,0.5021215688890875,948.0997077018425,0.04083415147698336,391.82586065202963,4,0,1,28,0.0,514,162.0,0.3918258606520296,301.7002889226775,195360.5026537208,831.2418511150834,500000.0,0.4766193337440381,0,12,32.80634571388292,4,E9,search,3,9.090972804579406,2.7842561210077332,0.1274347938270623,0.5892995988237202,38.309281609140825,marketplace
6.636177762110584,9.968625406011235,7.705996166267909,13.665716888890122,13.844301560694191,24.6347771707932,59.96171754788702,90.95275262800169,,,24.23401041540768,43.121050841739,3.4345100677780707,5.104387630960332,20.203242240733825,9.968625406011235,0.9259259259259259,0.9122807017543859,43452.69323580841,547328.4080016714,547328.4080016714,573,1.0,0.0,0.0,0.0,22.612969346574673,17.988339034714045,42.83330382017786,25.502117759131156,6.636177762110584,510.6042951533925,1808.8112583510238,897.9068076052953,0.4964071311806511,1068.8704479067924,0.042644428703459566,415.91237101822355,3,0,0,30,39.271998098109954,537,162.0,0.4159123710182236,296.74307051594195,183101.9500140697,887.0244820360355,500000.0,0.5144000890328888,0,8,18.243385882972962,5,E9,search,3,9.090972804579406,2.7842561210077332,0.1274347938270623,0.5892995988237202,38.309281609140825,marketplace
5.503018826532708,10.519659135646965,12.627684878180581,40.6730738812488,4.4473250873262,7.134013618000928,8.996946876740196,13.10204705109452,,,22.76676920163176,45.81634354870039,7.585972707934642,16.358506057058193,9.636623605607989,10.519659135646965,0.9285714285714286,0.9807692307692307,31608.77227884693,533346.8920584851,533346.8920584851,565,1.0,0.0,0.0,0.0,21.00418714990538,15.84100942416626,43.282100974995046,21.80217366861675,5.503018826532708,400.3518692610666,1726.8620747254804,862.5354672375178,0.4994813887349024,1004.5702349150605,0.044306756575559804,452.92625787991904,6,0,0,38,0.0,514,162.0,0.452926257879919,304.59149322288704,194280.40118837007,836.1776343068649,500000.0,0.485201351529785,0,7,21.621686116216523,6,E9,search,3,9.090972804579406,2.7842561210077332,0.1274347938270623,0.5892995988237202,38.309281609140825,marketplace
4.109195450553286,6.349843685331177,6.656749004479737,15.918767093367935,2.5782435811845485,2.9199910145446895,6.191021358897288,6.846215195198672,11.965982658850123,11.965982658850123,23.885960541024364,43.282100974995046,3.9672519219568985,4.639354448875906,5.088498833612171,6.349843685331177,1.0,1.0,40773.60461111535,544565.4292464787,544565.4292464787,582,1.0,0.0,0.0,0.0,21.1485489609748,15.289434918443476,42.61297362865385,22.452159356246245,4.109195450553286,436.5101513913404,1880.2258711934603,936.4855157752471,0.49807075315946986,1111.3534772081557,0.04257360704398244,405.2424763212757,2,0,1,29,0.0,544,162.0,0.4052424763212757,298.22907175918823,186745.85668801627,869.6591472315274,500000.0,0.4780931588056105,0,8,23.9162420066193,7,E9,search,3,9.090972804579406,2.7842561210077332,0.1274347938270623,0.5892995988237202,38.309281609140825,marketplace
4.442133164207932,9.60676843909643,7.581687670998201,14.415815719415425,18.32900510232803,35.104162739918394,,,,,44.04029570116017,73.34051865522088,3.7458856453271934,4.841800004592187,10.975577386154988,9.60676843909643,1.0,1.0,13968.57625752051,515078.73700219905,515078.73700219905,554,1.0,0.0,0.0,0.0,40.390793788730356,40.20995368517299,73.01841838871042,43.072763842781356,4.442133164207932,843.6961609441654,1676.4215201705028,840.1896080077485,0.501180399976192,978.5654020250164,0.040559001021762055,384.23720815051774,3,0,0,38,0.0,498,162.0,0.3842372081505177,315.26099903335216,209416.6519836197,775.4122495514446,500000.0,0.49858303592312553,0,6,19.068875694236166,0,E9,search,4,16.604920562234774,9.955002834343926,0.39633095960687653,0.7044164991367556,71.24929004236817,marketplace
2.9380266712985037,4.252211773349541,3.2408705406761933,3.672839444823012,4.572184548777341,5.644061312779013,5.59689736480171,7.470044931780467,,,45.01971976138386,73.04395280025312,16.237671901033764,45.815978699964596,4.221202720167786,4.252211773349541,1.0,1.0,22776.714596747763,525519.2910413912,523519.29104139114,534,0.9961942405652954,0.0,0.0,2000.0,42.39073292627008,41.35843699145448,73.01841838871042,43.254864920892466,2.9380266712985037,865.514152424765,1563.3534449434082,785.0530260757848,0.5021596546929302,909.3302642498843,0.03873034125848312,354.31934029855455,2,0,2,34,852.8258924539319,477,162.0,0.35431934029855455,310.12098717000725,200577.00699879695,809.4363445221434,500000.0,0.4939914507171815,0,9,22.865845828233397,1,E9,search,4,16.604920562234774,9.955002834343926,0.39633095960687653,0.7044164991367556,71.24929004236817,marketplace
7.602667583512605,17.839077800860473,5.793460831768357,9.530963993471731,3.6979042413788648,5.917628840421003,4.68371236716564,5.106472912999175,,,45.50462137780758,73.34051865522125,9.401027581355017,14.27953164080327,4.868908552296958,17.839077800860473,1.0,1.0,29310.196036041838,532277.3226155266,514873.34282247716,546,0.9673027967685547,14403.979793049497,0.02706104352195697,3000.0,42.0592845271782,40.12659599289191,73.01841838871042,44.16148703412153,7.602667583512605,880.5469183227423,1631.8487334998986,810.0920648474175,0.49642595432848546,931.7675414777976,0.038563959342810566,371.408712527367,1,0,0,33,0.0,496,162.0,0.371408712527367,315.36184767777206,207507.9476590354,782.4828424370826,500000.0,0.48993134984169284,0,8,24.343326510706614,2,E9,search,4,16.604920562234774,9.955002834343926,0.39633095960687653,0.7044164991367556,71.24929004236817,marketplace
5.047750292023481,7.434502922665706,8.660573554715992,11.481767357084756,6.851783682161385,13.885578301028817,159.1090612373373,159.1090612373373,79.02400915653743,79.02400915653743,44.37893494914799,73.26128976917921,9.47485041509302,16.26018947519307,14.175598094594127,7.434502922665706,0.9565217391304348,0.9787234042553191,28096.063942230638,531327.860284328,529327.860284328,560,0.9962358457941021,0.0,0.0,2000.0,40.658382376125594,38.64026766821962,73.0244045040943,44.148365138377166,5.047750292023481,886.5534374034426,1742.5015671592657,864.7313938546458,0.49625860323579774,1036.052926711507,0.04371483116174665,406.9194785200117,4,0,3,38,0.0,497,162.0,0.4069194785200117,306.8172519604075,195976.06655601144,828.7079250674873,500000.0,0.4958782760868388,0,5,15.961416541584455,3,E9,search,4,16.604920562234774,9.955002834343926,0.39633095960687653,0.7044164991367556,71.24929004236817,marketplace
2.9005340249432265,5.408652409110984,5.347006604792227,8.12579257251591,5.241535456577115,7.733928833497707,,,60.95953131467718,106.17190099377198,47.39460778552285,75.25580860868922,3.200697644491129,5.663275715183409,5.291168938090109,5.408652409110984,1.0,1.0,32491.15341102122,538255.453584505,538255.453584505,550,1.0,0.0,0.0,0.0,43.641802743937596,40.71652314928656,74.86883423121435,47.03983910281506,2.9005340249432265,963.483719211331,1632.937202314741,819.2181902184133,0.5016838302521035,954.4951469268782,0.04164760491777692,385.70941961872245,4,0,1,39,0.0,492,162.0,0.38570941961872246,301.6889254687774,195353.1444570358,831.2418511150834,500000.0,0.5019890535834982,0,9,26.363273884526528,4,E9,search,4,16.604920562234774,9.955002834343926,0.39633095960687653,0.7044164991367556,71.24929004236817,marketplace
7.716699078437428,14.809625390041244,9.347642225529642,13.868409962105263,14.080259834489073,24.382606592711525,62.7931312966457,94.25275262800005,,,47.50200423459915,75.25580860868922,3.6156585904047347,5.388519905157182,21.61427924273933,14.809625390041244,0.9259259259259259,0.8947368421052632,43452.69323580841,547328.4080016714,546328.4080016714,572,0.998172943363837,0.0,0.0,1000.0,43.03868864145356,42.0501647436181,74.85078763618134,46.904156680501416,7.716699078437428,976.5865256183835,1716.7367775347373,845.525189189654,0.49251883005841024,1034.1838351425374,0.04519580972048073,446.5518384999644,4,0,0,37,0.0,510,162.0,0.4465518384999644,297.3423118023234,183308.51319815844,886.1920758851692,500000.0,0.5329464487237692,0,9,22.683767312064237,5,E9,search,4,16.604920562234774,9.955002834343926,0.39633095960687653,0.7044164991367556,71.24929004236817,marketplace
5.664795599418909,12.451924372447285,15.768453994151496,48.332752508655815,4.191991645171389,7.299600818354522,9.157927129921632,12.73397515108436,,,44.56296263792297,74.97320158216101,8.243782085987444,4.775379335312368,11.290231331660655,12.451924372447285,0.9285714285714286,0.9615384615384616,31608.77227884693,533346.8920584851,532346.8920584851,564,0.9981250476661813,0.0,0.0,1000.0,40.378842823023014,37.0216516161031,73.34051865522179,42.23963196158537,5.664795599418909,836.9975274756257,1657.703138882433,825.8143546184203,0.49816781741461635,952.957474519835,0.044253909197859424,447.98123990140857,5,0,0,41,0.0,490,162.0,0.44798123990140853,305.1543714508141,194833.18878141907,833.7798208607558,500000.0,0.519209776280345,0,6,25.509862261337133,6,E9,search,4,16.604920562234774,9.955002834343926,0.39633095960687653,0.7044164991367556,71.24929004236817,marketplace
3.8650806988352007,6.552768416868963,6.012792859090964,14.563595160661322,2.4856209128260787,2.9199910145446895,6.191021358897288,6.846215195198672,11.965982658850123,11.965982658850123,44.438914233850575,73.39806857572766,10.660447672930221,23.33172915189672,4.704955754225492,6.552768416868963,1.0,1.0,40773.60461111535,544565.4292464787,542565.4292464787,580,0.9963273467381736,0.0,0.0,2000.0,38.98565715264371,35.617365332131385,73.01841838871042,41.36036136403106,3.8650806988352007,839.2681457313047,1793.7457285382784,893.7737554228124,0.49827226969964566,1067.3172447620157,0.04417324226976899,426.9837816225497,2,0,1,42,41.40920151246225,511,162.0,0.4269837816225497,299.36847249409726,187467.17543822827,866.4289276345519,500000.0,0.49774528085352526,0,9,24.357998321976307,7,E9,search,4,16.604920562234774,9.955002834343926,0.39633095960687653,0.7044164991367556,71.24929004236817,marketplace
3.089122803113227,5.422457569304057,5.101164415988994,9.461347941055466,7.401148273916921,17.706155129148215,,,,,8.242683784500699,11.39907832245816,4.94283628153855,13.289414343685166,5.827475107966234,5.422457569304057,1.0,1.0,13968.57625752051,515078.73700219905,515078.73700219905,554,1.0,0.0,0.0,0.0,7.8710723207100175,8.13096724964089,11.399078322458081,8.167426778513843,3.089122803113227,120.66354951374171,1778.8108767800952,880.8765073227565,0.4952052625837719,1007.714126678042,0.038883530133456204,375.8760195547482,3,0,0,10,0.0,539,162.0,0.3758760195547482,315.24476619748623,209405.86908897155,775.4122495514446,500000.0,0.4394855202935621,0,6,16.40317285694146,0,E9,search,5,6.4592609470679685,1.6021203385784455,0.3062698021365154,0.32856230517489915,6.426258956604538,marketplace
2.7214145457350583,4.300739441420978,3.91612815556428,5.145716860292822,4.614984893186647,5.644061312779013,5.59689736480171,7.470044931780467,,,8.611040145891566,11.424396146803275,15.45279312081701,42.65918929745586,4.5258846781231465,4.300739441420978,1.0,1.0,22776.714596747763,525519.2910413912,525519.2910413912,536,1.0,0.0,0.0,0.0,8.42886796356577,8.130967249644527,11.399078322459104,8.610012220790479,2.7214145457350583,131.84608994854753,1711.5393457121315,858.7450661010911,0.5017384311102631,1010.6159727082871,0.03804327370056715,354.2188530878469,2,0,2,5,818.5948957851573,528,162.0,0.35421885308784695,308.94055008210995,199779.62182936605,812.6665641191189,500000.0,0.45005782899242847,0,6,14.813666487209018,1,E9,search,5,6.4592609470679685,1.6021203385784455,0.3062698021365154,0.32856230517489915,6.426258956604538,marketplace
8.555928971969955,19.43324126069956,9.155934679136521,17.612768563166856,3.9793006025718114,6.755419771487595,22.360620379698958,37.01235859322369,,,8.32730939554904,11.399078322458081,8.88592799718915,14.27953164080327,8.86528261299506,19.43324126069956,1.0,1.0,29310.196036041838,532277.3226155266,517873.34282247716,549,0.9729389564780431,14403.979793049497,0.02706104352195697,0.0,8.363342194781167,8.130967249644186,11.738815370186602,8.450024655223949,8.555928971969955,122.11109576038926,1748.1198917260942,865.0506495694451,0.49484629381757894,991.7333771666362,0.041939769937839384,421.2616610201595,2,1,1,8,0.0,535,162.0,0.42126166102015955,313.631245771028,206499.520028807,786.5454681849244,500000.0,0.39174880163560416,0,4,9.212732199571061,2,E9,search,5,6.4592609470679685,1.6021203385784455,0.3062698021365154,0.32856230517489915,6.426258956604538,marketplace
3.8872538713183076,4.572473071836066,7.170095593390302,9.634696139522566,10.559248083623743,32.97572552201573,73.35733359560709,73.35733359560709,47.165992937887495,47.165992937887495,8.168469707652388,11.399078322458877,3.3043231599966214,4.168083563079973,11.340044047746602,4.572473071836066,0.9565217391304348,0.9787234042553191,28096.063942230638,531327.860284328,531327.860284328,562,1.0,0.0,0.0,0.0,8.076920404253157,8.130967249644158,11.399078322458877,9.171260436522417,3.8872538713183076,136.38747931284593,1863.8827401032527,921.9346352244786,0.4946312422923164,1094.1791262503061,0.042215214700537,388.9633022148958,4,0,2,15,0.0,543,162.0,0.3889633022148958,305.62854960271824,195193.5541646664,831.9381446644628,500000.0,0.4363721284135023,0,4,10.153341403988462,3,E9,search,5,6.4592609470679685,1.6021203385784455,0.3062698021365154,0.32856230517489915,6.426258956604538,marketplace
5.080787177359273,5.622121782550951,5.124657257498939,8.12579257251591,6.052860646058838,9.843895550461097,,,61.43903733522052,106.65140701431532,10.023864978988819,13.478223332928986,6.957228212738773,5.208471792655292,5.616059051442415,5.622121782550951,0.9444444444444444,0.9714285714285714,32491.15341102122,538255.453584505,538255.4535845051,550,1.0000000000000002,0.0,0.0,0.0,9.84033037090444,8.130967249644527,13.42129789806952,12.761438629494284,5.080787177359273,221.89889782396816,1761.4787243974226,879.0926946137427,0.49906517883970924,1031.477959699831,0.04059986214389868,379.61229854896476,4,0,1,8,0.0,535,162.0,0.3796122985489648,301.67759790854706,195345.80950264007,831.2418511150834,500000.0,0.4506181191583165,0,9,23.53184651606794,4,E9,search,5,6.4592609470679685,1.6021203385784455,0.3062698021365154,0.32856230517489915,6.426258956604538,marketplace
7.450630398307902,11.104541353330394,8.380065738991059,16.05299229354878,13.761683537276303,24.541902114434087,63.27263731718904,94.7322586485434,,,9.04390073705242,11.399078322459014,3.024735207406529,5.31388263064207,21.15245265405907,11.104541353330394,0.9259259259259259,0.8771929824561403,43452.69323580841,547328.4080016714,547328.4080016714,573,1.0,0.0,0.0,0.0,9.434706338954275,8.130967249644527,12.598555426785635,11.782638223653745,7.450630398307902,202.3304456912156,1863.688592012784,923.1590376845334,0.49533974808931003,1097.672630978443,0.043072863860993925,420.04912972471857,3,0,0,14,0.0,556,162.0,0.4200491297247186,296.75062860838887,183106.61364939238,887.0244820360355,500000.0,0.48337641758138944,0,10,35.038675285831815,5,E9,search,5,6.4592609470679685,1.6021203385784455,0.3062698021365154,0.32856230517489915,6.426258956604538,marketplace
5.314101004831999,10.195000169075742,12.499438106607316,40.6730738812488,4.588186373308872,7.134013618000928,8.996946876740196,13.10204705109452,,,9.211567608287336,12.731137627549776,10.135583754510618,28.936747521135587,9.608241146084083,10.195000169075742,0.9285714285714286,0.9807692307692307,31608.77227884693,533346.8920584851,533346.8920584851,565,1.0,0.0,0.0,0.0,9.056529218749768,8.130967249644073,13.355683225120725,9.092324767448671,5.314101004831999,137.50491116815581,1815.6047879460466,905.7568910809567,0.4988733765709108,1067.283995428479,0.04293529793701433,417.62573712815043,6,0,0,10,0.0,548,162.0,0.41762573712815043,304.52530642911853,194238.1846552993,836.177634306865,500000.0,0.4667107949025591,0,5,18.840863885767625,6,E9,search,5,6.4592609470679685,1.6021203385784455,0.3062698021365154,0.32856230517489915,6.426258956604538,marketplace
3.7267210935573125,5.238323744112495,6.498269028386451,14.813881163331466,2.8315088227036633,4.521405993481409,6.383707967894125,7.038901804195509,12.15866926784696,12.15866926784696,8.764993262500496,11.399078322458081,4.126664891345411,5.380360886176871,5.113687196214379,5.238323744112495,1.0,1.0,40773.60461111535,544565.4292464787,544565.4292464787,582,1.0,0.0,0.0,0.0,8.140559744872455,7.808866983133612,11.399078322458081,8.578425780811884,3.7267210935573125,131.52028566938142,1936.988798403468,960.0144358581432,0.4956220896318139,1168.05948984832,0.042649549715810565,409.78349393893865,2,0,1,8,0.0,567,162.0,0.40978349393893865,298.237410550771,186751.07829424224,869.6591472315274,500000.0,0.4433342964788857,0,7,21.28064017684921,7,E9,search,5,6.4592609470679685,1.6021203385784455,0.3062698021365154,0.32856230517489915,6.426258956604538,marketplace
3.3925632495215816,5.604429166728224,4.877200200143648,8.609925349556717,6.592858647504149,15.44112159009103,,,,,32.73784806803296,43.9328193346213,4.5832605724121125,4.907808454582323,5.41898707825749,5.604429166728224,1.0,1.0,13968.57625752051,515078.73700219905,515078.73700219905,554,1.0,0.0,0.0,0.0,29.970617640412318,40.13120976155284,43.76429115736928,31.943371499119163,3.3925632495215816,620.8061322757923,1733.0710656411816,861.561760493011,0.4971300817224482,991.7779837118499,0.04054435179427626,395.2968068548236,3,0,0,28,0.0,523,162.0,0.3952968068548236,315.2824706995457,209430.91484664602,775.4122495514446,500000.0,0.48379461765748727,0,6,13.868281403161069,0,E9,search,6,15.44666460814111,4.662060253252891,0.4585838865964261,0.7089970654191566,38.959999968766944,marketplace
3.013777887086284,4.589128089434598,4.876032935788838,8.321359962728792,4.487116621041696,5.644061312779013,5.59689736480171,7.470044931780467,,,32.441297255887,46.563691988279786,13.781435881862633,38.01159905503519,4.89160520102476,4.589128089434598,1.0,1.0,22776.714596747763,525519.2910413912,524519.2910413911,535,0.9980971202826475,0.0,0.0,1000.0,30.65115237940428,39.930832795191236,46.467061908326286,31.262653810420684,3.013777887086284,611.369684911557,1609.573519042297,807.1955607070915,0.501496546232555,967.8192371001851,0.03999407472100912,380.07013250441537,2,0,2,37,0.0,491,162.0,0.38007013250441535,309.57883324007355,200016.30694979258,811.8341579682526,500000.0,0.488478923848141,0,9,22.465464601871968,1,E9,search,6,15.44666460814111,4.662060253252891,0.4585838865964261,0.7089970654191566,38.959999968766944,marketplace
13.197996855702286,31.40873822261348,7.108340698764863,13.7759053733404,3.391948484087076,5.5248315891167294,4.68371236716564,5.106472912999175,,,31.842540714115348,45.7283307720656,8.872454317488767,16.048658987145245,5.41161507681079,31.40873822261348,0.6818181818181818,1.0,29310.196036041838,532277.3226155266,516873.34282247716,548,0.9710602365748803,14403.979793049497,0.02706104352195697,1000.0,29.861252893960504,37.67526129011483,43.932819334620945,31.01164015349822,13.197996855702286,598.3727869370927,1645.6623115075329,820.3600844319948,0.4984984335458786,955.6762854751745,0.040881172051619355,399.1648282323846,2,0,0,35,0.0,500,162.0,0.3991648282323846,314.195280301018,207102.78714322558,784.1476547388152,500000.0,0.48321720780633015,0,10,33.240387122204325,2,E9,search,6,15.44666460814111,4.662060253252891,0.4585838865964261,0.7089970654191566,38.959999968766944,marketplace
3.1412306916038233,4.459902633882121,7.645701812233623,8.620386800044255,5.357726969016175,8.945844912122718,34.10937453661609,34.10937453661609,50.02432245581622,50.02432245581622,33.106060925080726,46.46706190832483,3.304323159996654,4.393553749637932,7.795031991075622,4.459902633882121,1.0,1.0,28096.063942230638,531327.860284328,530327.860284328,561,0.998117922897051,0.0,0.0,1000.0,30.081173479507584,37.24627631737803,44.80195362206916,32.21048347262724,3.1412306916038233,631.8074294079338,1759.0553789793903,868.4524220595152,0.49370385516992316,1051.3472793502488,0.043146578880401604,389.3763041937432,4,0,2,37,0.0,507,162.0,0.38937630419374314,306.2056295083779,195389.55006449774,831.1057385135965,500000.0,0.4952872308306975,0,6,18.255972431987228,3,E9,search,6,15.44666460814111,4.662060253252891,0.4585838865964261,0.7089970654191566,38.959999968766944,marketplace
4.671439675835409,7.829570069230142,5.269845517226031,9.91123416024975,5.332503645453572,9.383569770739637,,,61.19928432494885,106.603456412261,33.57150835898943,46.61200702825501,2.994750742430282,5.094922686431255,5.303017467464141,7.829570069230142,0.9444444444444444,1.0,32491.15341102122,538255.453584505,538255.4535845051,550,1.0000000000000002,0.0,0.0,0.0,31.12967585256025,39.865630850970774,46.467061908326286,34.23160803909711,4.671439675835409,686.1145268623504,1684.6721766734322,848.4410324047657,0.5036238172343444,994.2892519987101,0.042326582910295237,394.93930653946336,4,0,1,29,0.0,504,162.0,0.39493930653946335,301.70607325029874,195364.24818925088,831.2418511150834,500000.0,0.4933648194151939,0,11,29.14409611497543,4,E9,search,6,15.44666460814111,4.662060253252891,0.4585838865964261,0.7089970654191566,38.959999968766944,marketplace
6.853286526288558,10.607710737208256,16.71478519943102,53.28095730110377,24.829044808184257,72.38069612023537,66.59526758066083,100.9697694036131,,,33.42393621368529,46.476724916321615,4.899969213593543,5.270174942417157,29.395634878594727,10.607710737208256,0.9259259259259259,0.8421052631578947,43452.69323580841,547328.4080016714,547328.4080016714,573,1.0,0.0,0.0,0.0,31.164529488355623,40.342607995295566,46.563691988279515,34.3966693254022,6.853286526288558,703.5802715748297,1800.7095978326433,894.6468929395088,0.4968301907294308,1092.4935052078963,0.04518335577689409,435.56531594507715,4,0,0,32,39.271998098109954,531,162.0,0.43556531594507714,296.7789775593907,183124.10604845753,887.0244820360355,500000.0,0.5202051532904587,0,8,21.76041508120164,5,E9,search,6,15.44666460814111,4.662060253252891,0.4585838865964261,0.7089970654191566,38.959999968766944,marketplace
5.226843305650176,10.195000169075742,13.195560517800827,40.827253881707996,4.077823545042,7.107798410137185,8.996946876740196,13.10204705109452,,,31.736657019728085,46.48638792431757,7.388976112023022,20.580026711625138,9.836451627236064,10.195000169075742,0.9285714285714286,0.9807692307692307,31608.77227884693,533346.8920584851,532346.8920584851,564,0.9981250476661813,0.0,0.0,1000.0,28.92743793246894,35.38137424408308,46.467061908326286,30.201498850159968,5.226843305650176,588.3784854224646,1727.746357131844,858.121334266734,0.49667089774176326,1039.6437595380735,0.04483003426752875,453.8198123853015,5,0,0,40,0.0,516,162.0,0.45381981238530145,305.16533905966276,194475.0677166105,835.3452281559987,500000.0,0.5122287532215922,0,7,22.307287945986612,6,E9,search,6,15.44666460814111,4.662060253252891,0.4585838865964261,0.7089970654191566,38.959999968766944,marketplace
3.668209956992875,5.639686306816338,6.346861876666288,13.848153401367567,6.54272461669989,10.119991014544695,6.191021358897288,6.846215195198672,11.965982658850123,11.965982658850123,32.205817775313236,44.854130352280656,4.330083236207065,5.693333974721375,6.4073236943648055,5.639686306816338,1.0,1.0,40773.60461111535,544565.4292464787,543565.4292464787,581,0.9981636733690867,0.0,0.0,1000.0,28.328348114178638,33.84545373481609,43.771769201364805,30.1773052663314,3.668209956992875,605.5305227334316,1851.2399106094988,920.6079333583244,0.4972926134977423,1104.0064704255055,0.04366379271343863,427.92580128416455,2,0,1,32,10.0,533,162.0,0.4279258012841645,298.81945587755825,186950.88228897468,868.8267410806611,500000.0,0.4909753298586262,0,8,28.727770382602507,7,E9,search,6,15.44666460814111,4.662060253252891,0.4585838865964261,0.7089970654191566,38.959999968766944,marketplace
3.071610478894461,5.352745925200139,5.467372947012607,9.722785849552203,7.321230603826365,17.466402118876545,,,,,26.786688708813923,53.49526972559433,4.049404635510897,4.907808454582323,6.052801680743268,5.352745925200139,1.0,1.0,13968.57625752051,515078.73700219905,515078.73700219905,554,1.0,0.0,0.0,0.0,24.596768391381175,18.27289462572344,52.85612774857909,26.168203357479058,3.071610478894461,492.98215637637185,1723.5952868057775,862.8581452169025,0.5006152847029299,958.0979424311776,0.039223130589385036,376.54749239564535,3,0,0,29,0.0,515,162.0,0.37654749239564533,315.24606982893647,209406.73504490827,775.4122495514446,500000.0,0.46637250011043835,0,7,20.62980977914427,0,E9,search,7,14.906203061805128,2.475149220273308,0.00589701277125293,0.4250613935904519,51.058184219965064,marketplace
2.633867853535901,4.252211773349279,6.984158476564356,12.82690167188889,4.482372721425236,5.173411854218193,5.770241185378836,7.886070101165569,,,29.419526910902803,55.937902225864306,15.94013214114206,41.183702947327234,5.830538430189201,4.252211773349279,1.0,1.0,22776.714596747763,525519.2910413912,524519.2910413911,535,0.9980971202826475,0.0,0.0,1000.0,27.874879269820898,24.64626314936524,55.56740862240792,28.40448474280897,2.633867853535901,549.4056355046097,1608.5083836694926,802.4319585651009,0.49886712852220993,911.1744727436205,0.038819997407708876,382.783958664458,2,0,4,32,0.0,493,162.0,0.382783958664458,309.58400717019657,200019.64978297276,811.8341579682525,500000.0,0.45453058930575896,0,7,18.924317288202513,1,E9,search,7,14.906203061805128,2.475149220273308,0.00589701277125293,0.4250613935904519,51.058184219965064,marketplace
7.515688379548382,18.182835237860218,8.009048551039712,13.7759053733404,4.504975272220463,7.091140267168612,5.183481108302885,5.206426661226624,,,27.162375367439644,54.27433964613701,8.87876858489554,14.27953164080327,6.34182514114039,18.182835237860218,1.0,1.0,29310.196036041838,532277.3226155266,516873.34282247716,548,0.9710602365748803,14403.979793049497,0.02706104352195697,1000.0,25.398733776267417,19.928538274271887,53.1494128328186,26.462893558027055,7.515688379548382,505.89916124794564,1665.6911076561018,826.2916608125097,0.49606536110722016,950.0428391295692,0.03910504670803981,382.1311434049212,2,0,0,31,0.0,507,162.0,0.3821311434049212,314.1623250614724,206668.48877760695,785.7130620340581,500000.0,0.45316752184052395,0,8,22.927612826477322,2,E9,search,7,14.906203061805128,2.475149220273308,0.00589701277125293,0.4250613935904519,51.058184219965064,marketplace
3.169075225409583,4.572473071836066,5.499609538944924,8.640194755811946,5.761573631416786,9.435825021549544,34.10937453661609,34.10937453661609,50.02432245581622,50.02432245581622,27.079897000549646,55.064702786286034,6.317398434740491,6.805320021110405,6.800834785711165,4.572473071836066,1.0,1.0,28096.063942230638,531327.860284328,531327.860284328,562,1.0,0.0,0.0,0.0,24.75894157626067,17.162695144239933,53.80995987557974,26.55535439025307,3.169075225409583,515.7481923303735,1804.7218887571948,891.5576832630156,0.49401389145724756,1035.3891405284758,0.04105565143653004,377.4350024337721,4,0,2,27,0.0,523,162.0,0.37743500243377215,305.60685245366426,195179.69700490634,831.9381446644628,500000.0,0.4579820433625395,0,4,9.467739574218372,3,E9,search,7,14.906203061805128,2.475149220273308,0.00589701277125293,0.4250613935904519,51.058184219965064,marketplace
2.7782438089440245,5.103408186183607,5.581612526273375,9.91123416024975,3.1819825076405928,4.739430518293557,,,61.19928432494885,106.603456412261,30.172637221317213,55.558060089893225,3.336047837014698,5.793240751686609,4.311220163467785,5.103408186183607,1.0,1.0,32491.15341102122,538255.453584505,538255.453584505,550,1.0,0.0,0.0,0.0,27.95524533187207,23.905075852773734,55.081086678419254,31.037637335042373,2.7782438089440245,614.6718629248765,1697.1661301191816,855.9405489453166,0.5043351583296145,947.2671286979397,0.04104152597231999,387.08258645239516,4,0,1,28,0.0,510,162.0,0.3870825864523952,301.69147661215095,195354.79640325558,831.2418511150834,500000.0,0.47974381784711423,0,12,32.80634571388292,4,E9,search,7,14.906203061805128,2.475149220273308,0.00589701277125293,0.4250613935904519,51.058184219965064,marketplace
7.1925836832949575,13.72554190019665,17.05728824279993,30.999072762195286,20.298933024219878,75.41066392297125,69.4122736012044,104.74927542415662,,,28.683243014761583,55.06470278628717,4.346194961019258,8.854608164578053,28.60883357495414,13.72554190019665,0.9259259259259259,0.8771929824561403,43452.69323580841,547328.4080016714,547328.4080016714,573,1.0,0.0,0.0,0.0,26.987129831509055,21.820317164020707,55.06470278628708,30.149042692455417,7.1925836832949575,610.8550187090425,1758.9961477801903,872.8509740929346,0.4962210833687447,1041.385944407784,0.04269779787492696,418.8973082586106,3,0,0,35,39.271998098109954,525,162.0,0.4188973082586106,296.7485241653355,183105.31512664643,887.0244820360355,500000.0,0.5186116966199505,0,7,18.487231397386044,5,E9,search,7,14.906203061805128,2.475149220273308,0.00589701277125293,0.4250613935904519,51.058184219965064,marketplace
5.36599154654259,10.195000169075742,13.411003095554774,40.6730738812488,4.890575884466671,7.351233541713192,8.996946876740196,13.10204705109452,,,27.59997576023362,55.20203248088115,6.7415991046884844,12.934483010908123,10.190202455851647,10.195000169075742,0.9285714285714286,0.9807692307692307,31608.77227884693,533346.8920584851,530346.8920584851,562,0.9943751429985439,0.0,0.0,3000.0,25.26626577124678,19.257930478674325,54.908351892350694,26.32514370171416,5.36599154654259,506.00013660005055,1702.1229470692708,840.8277491653041,0.49398767028730106,968.8671204071236,0.04300655778899731,437.3592894235598,6,0,0,35,0.0,516,162.0,0.4373592894235598,306.28511587753485,195210.2264934711,832.1150085590232,500000.0,0.4791335102361713,0,6,20.060752031308418,6,E9,search,7,14.906203061805128,2.475149220273308,0.00589701277125293,0.4250613935904519,51.058184219965064,marketplace
4.070913420936185,6.349843685331177,6.953249005362675,17.203600430527334,2.5211398773107367,2.9199910145446895,6.191021358897288,6.846215195198672,11.965982658850123,11.965982658850123,26.640122204561383,55.064702786286034,4.017689527707688,4.350987064684437,5.227689111804416,6.349843685331177,1.0,1.0,40773.60461111535,544565.4292464787,544565.4292464787,582,1.0,0.0,0.0,0.0,23.519706547683228,15.495652034088153,53.1494128328186,24.981426971170382,4.070913420936185,492.92626893322824,1874.3527252490314,931.4447759816835,0.49694209816240925,1091.3111624056824,0.04223111763163039,400.77103785401016,2,0,1,31,0.0,543,162.0,0.4007710378540102,298.2208607376524,186740.71508917093,869.6591472315274,500000.0,0.4633445106275043,0,9,28.605139374664194,7,E9,search,7,14.906203061805128,2.475149220273308,0.00589701277125293,0.4250613935904519,51.058184219965064,marketplace
3.0634048426571616,5.604429166728224,5.662267649586891,10.568470154847457,7.708971461289953,18.376048046385336,,,,,17.86172782218734,19.47617287803223,3.560980946916841,4.841800004592187,6.308595169072069,5.604429166728224,1.0,1.0,13968.57625752051,515078.73700219905,515078.73700219905,554,1.0,0.0,0.0,0.0,16.540468819396924,16.208061805218676,19.476172878031957,17.508337046456546,3.0634048426571616,317.4112340997728,1754.5928725326683,873.6651228214837,0.49793039542010176,1012.8169826274934,0.0398846016537068,373.15010461924214,3,0,0,15,0.0,533,162.0,0.37315010461924214,315.2394739678916,209402.35364936237,775.4122495514446,500000.0,0.470034734405185,0,10,37.43626104223736,0,E9,search,8,6.018201719609856,3.695363106022067,0.0018671210260379767,0.8395310243711345,14.50335351217791,marketplace
2.893107101193785,4.300739441421138,4.834863299614294,8.55516513786307,4.384329954068926,5.644061312779013,5.703454258255685,7.470044931780467,,,17.96617732035712,22.592688612789697,13.302083482535734,38.10968688667745,4.860085167342675,4.300739441421138,1.0,1.0,22776.714596747763,525519.2910413912,525519.2910413912,536,1.0,0.0,0.0,0.0,17.141121349658608,16.208061805218676,22.1920936213844,17.492175389057206,2.893107101193785,320.229566149375,1667.624504817579,839.2059796935902,0.5032343775647448,971.2387939468416,0.03872745271664876,357.8918141765779,2,0,2,19,0.0,511,162.0,0.3578918141765779,308.94753928526836,199784.1414703245,812.6665641191189,500000.0,0.454477349374236,0,13,42.848126899152554,1,E9,search,8,6.018201719609856,3.695363106022067,0.0018671210260379767,0.8395310243711345,14.50335351217791,marketplace
8.158236120577282,19.826580907464542,5.753598696425001,11.039413750973562,5.405172041952103,11.5509937823158,4.909406811610097,5.151611801888066,,,17.14128250408471,19.47617287803223,8.65857790399117,14.27953164080327,5.517414715395802,19.826580907464542,1.0,1.0,29310.196036041838,532277.3226155266,517873.34282247716,549,0.9729389564780431,14403.979793049497,0.02706104352195697,0.0,16.272578213270112,16.208061805218676,19.47617287803223,16.807857794045532,8.158236120577282,305.29625746871903,1742.2442973649886,870.0179613823548,0.4993662270544897,1014.0202577233513,0.03970502315567784,379.7858317322035,2,0,0,12,0.0,532,162.0,0.37978583173220354,313.5511570198636,206446.78839285503,786.5454681849244,500000.0,0.4545866413603428,0,7,25.381601608618638,2,E9,search,8,6.018201719609856,3.695363106022067,0.0018671210260379767,0.8395310243711345,14.50335351217791,marketplace
3.524239841516473,6.063675761002197,5.239387914784874,8.110212782152121,6.3232616782641795,11.923120995853287,34.10937453661609,34.10937453661609,50.02432245581622,50.02432245581622,17.558039391428814,20.187800384384335,3.6685241817312675,4.548859367088699,6.893918092144219,6.063675761002197,1.0,1.0,28096.063942230638,531327.860284328,531327.860284328,562,1.0,0.0,0.0,0.0,16.240062112599293,16.208061805218676,19.47617287803223,17.607258704551473,3.524239841516473,323.0272668118236,1848.3855457719883,912.2094269500457,0.49351685801516937,1118.360324314235,0.04299744539212754,395.9183609135093,4,0,2,20,0.0,539,162.0,0.3959183609135093,305.6416395594445,195201.91423174975,831.9381446644628,500000.0,0.46641022342568955,0,4,12.984768772447051,3,E9,search,8,6.018201719609856,3.695363106022067,0.0018671210260379767,0.8395310243711345,14.50335351217791,marketplace
3.491290921314923,4.541959081193887,6.666398712724799,10.778274328981933,2.9013645351592965,3.57783255946888,,,61.19928432494885,106.21985159582633,17.967607581550286,22.627883483811093,3.519739927211451,6.527366883945616,4.673145324601886,4.541959081193887,1.0,1.0,32491.15341102122,538255.453584505,538255.4535845051,550,1.0000000000000002,0.0,0.0,0.0,16.898628519237615,16.208061805218676,22.197019011874193,19.701575368795364,3.491290921314923,371.4420526440133,1739.5748875486272,876.3686092108456,0.5037832032892853,1007.419909648089,0.04180114006630493,398.221835942452,4,0,1,18,0.0,521,162.0,0.39822183594245203,301.7121717103907,195368.1971355155,831.2418511150834,500000.0,0.46402360219987077,0,13,35.276223012489126,4,E9,search,8,6.018201719609856,3.695363106022067,0.0018671210260379767,0.8395310243711345,14.50335351217791,marketplace
8.513028884015739,16.890698222778628,11.826203420166378,15.723531348556207,20.7784821698364,77.45677713121276,63.27263731718904,94.7322586485434,,,17.800179463424573,19.476172878032276,3.507266002287473,5.471676933005142,25.099583116127583,16.890698222778628,0.9259259259259259,0.8421052631578947,43452.69323580841,547328.4080016714,547328.4080016714,573,1.0,0.0,0.0,0.0,17.3456287279252,16.208061805218676,19.759927006380646,19.863453234861222,8.513028884015739,382.5004349085379,1829.0170058816989,903.6782656944122,0.49407865688967917,1104.7330949707834,0.043694641362950815,435.57459614656483,3,0,0,24,0.0,546,162.0,0.4355745961465648,296.7789945148444,183124.11651062817,887.0244820360355,500000.0,0.5016995226652715,0,10,25.319369141834326,5,E9,search,8,6.018201719609856,3.695363106022067,0.0018671210260379767,0.8395310243711345,14.50335351217791,marketplace
6.074603005614421,16.800368565273658,10.482325841254752,26.36384276102268,4.151562816970909,6.820094797811182,8.996946876740196,13.10204705109452,,,18.155832248508645,22.010415451736662,6.769577162345172,18.90372000646331,8.388290131752873,16.800368565273658,0.9285714285714286,1.0,31608.77227884693,533346.8920584851,533346.8920584851,565,1.0,0.0,0.0,0.0,16.880227388821385,16.208061805218676,22.010415451736662,17.480751919515242,6.074603005614421,319.8661099987247,1832.4288195371084,925.3936924337366,0.5050093529240067,1077.8263477638309,0.04437482565475621,438.0875913350137,6,0,0,18,0.0,540,162.0,0.43808759133501374,304.56367143041786,194262.65535789562,836.177634306865,500000.0,0.4852685086859805,0,9,30.40991897398538,6,E9,search,8,6.018201719609856,3.695363106022067,0.0018671210260379767,0.8395310243711345,14.50335351217791,marketplace
3.7543218309914206,6.262844946684629,7.293591567900259,19.736314373360806,2.5782435811845485,3.008594643959077,6.670527379440713,7.325721215742098,12.445488679393549,12.445488679393549,17.209111335864364,19.47617287803223,4.2636081580276315,5.279250467587681,5.473414057176906,6.262844946684629,1.0,1.0,40773.60461111535,544565.4292464787,544565.4292464787,582,1.0,0.0,0.0,0.0,15.41674426957226,16.208061805217767,19.476172878032138,16.33786775398938,3.7543218309914206,303.95571582510917,1913.1256532375328,952.5401770607472,0.49789734168730015,1143.9366396380408,0.042704517114088035,404.9460216711632,2,0,1,18,0.0,558,162.0,0.40494602167116317,298.2285273716194,186745.51580199093,869.6591472315274,500000.0,0.45628250661653613,0,7,20.340030972431812,7,E9,search,8,6.018201719609856,3.695363106022067,0.0018671210260379767,0.8395310243711345,14.50335351217791,marketplace
2.9389271803933545,5.352745925200139,5.482081634784199,9.722785849552203,7.26795215709932,17.466402118876545,,,,,35.81053945965427,52.47358671794609,3.9551138856951877,4.907808454582323,6.046040747094238,5.352745925200139,1.0,1.0,13968.57625752051,515078.73700219905,515078.73700219905,554,1.0,0.0,0.0,0.0,32.733185936992804,37.81278216055949,52.279706623745916,34.92678940410908,2.9389271803933545,674.6924546297665,1712.6040367927205,859.9921466995295,0.5021546885467348,1012.5889819939711,0.04262354008572487,402.5882287160399,4,0,0,38,0.0,509,162.0,0.4025882287160399,315.29662663598305,209440.31813098342,775.4122495514446,500000.0,0.5070284985016434,0,7,21.31541160891436,0,E9,search,9,8.027979136913563,8.803321539808287,0.2548954049342116,0.850647660137815,47.500767352091785,marketplace
2.7254639157147307,4.300739441420978,3.91612815556428,5.145716860292822,4.551050757114171,5.644061312779013,5.59689736480171,7.470044931780467,,,36.167671836139206,55.00782929165143,13.781435881862633,38.01159905503519,4.503051058097262,4.300739441420978,1.0,1.0,22776.714596747763,525519.2910413912,524519.2910413912,535,0.9980971202826477,0.0,0.0,1000.0,34.10852891767399,38.519824857997264,53.63274053731595,34.806839449334845,2.7254639157147307,687.9234412026195,1591.574617363054,799.5209139566621,0.5023458562573214,943.0097423956175,0.03935831645796898,365.57207795404673,2,0,2,42,0.0,488,162.0,0.3655720779540467,309.55119258929477,199998.44855542958,811.8341579682526,500000.0,0.4911636128400607,0,7,17.7458042316573,1,E9,search,9,8.027979136913563,8.803321539808287,0.2548954049342116,0.850647660137815,47.500767352091785,marketplace
8.600347818925137,18.5761748846252,6.9674667960061925,13.7759053733404,3.7217963095442883,5.954074339206272,4.68371236716564,5.106472912999175,,,35.194925201658464,51.803926044608716,9.039377472185896,16.048658987145245,5.464871059977909,18.5761748846252,0.9545454545454546,1.0,29310.196036041838,532277.3226155266,514873.34282247716,546,0.9673027967685547,14403.979793049497,0.02706104352195697,3000.0,32.725195176546336,35.53190491494388,51.22467889188465,34.21272287456054,8.600347818925137,668.1587343089266,1640.555879007772,811.7667738618194,0.49481202332028196,963.1581264423894,0.04045248620919295,394.24393782063356,2,0,0,37,0.0,499,162.0,0.3942439378206336,315.4061988286165,207537.13069546103,782.4828424370826,500000.0,0.48544287225584853,0,7,17.46058362824864,2,E9,search,9,8.027979136913563,8.803321539808287,0.2548954049342116,0.850647660137815,47.500767352091785,marketplace
3.3710555857795232,5.70818324634056,8.536767933694005,9.09953698706504,5.663519454519656,9.435825021549544,34.71655261487376,34.71655261487376,50.63150053407389,50.63150053407389,36.61790050505171,52.91204763356797,3.3155927129676974,4.676887630746478,8.430405429087182,5.70818324634056,1.0,1.0,28096.063942230638,531327.860284328,530327.860284328,561,0.998117922897051,0.0,0.0,1000.0,33.24286302906854,37.048025814420726,51.80445937160471,35.54057688341703,3.3710555857795232,703.3878031067483,1762.646775572538,873.7589195589201,0.49570846051961154,1044.180089996277,0.04339597756129371,401.0849549023472,4,0,2,37,0.0,507,162.0,0.4010849549023472,306.22770764453753,195403.63810428145,831.1057385135964,500000.0,0.49460473530992255,0,6,20.873655293557356,3,E9,search,9,8.027979136913563,8.803321539808287,0.2548954049342116,0.850647660137815,47.500767352091785,marketplace
3.0863815144107827,4.8137389668245305,3.5203173203790357,4.549168195196852,5.722269553212653,10.753176655185602,,,61.19928432494885,106.603456412261,36.897117805227325,55.53846188846883,3.4633726473727373,4.8863442091475005,4.68605673776154,4.8137389668245305,1.0,1.0,32491.15341102122,538255.453584505,537255.4535845051,549,0.998142146088181,0.0,0.0,1000.0,34.08798183911752,37.149361213742736,55.00839420162229,37.306573792738604,3.0863815144107827,755.9550537650113,1685.2484476495636,846.619489934789,0.5023707282540919,984.2232969796031,0.04193647987344853,396.42900025302686,4,0,1,33,0.0,505,162.0,0.39642900025302685,302.27041515681816,195561.8761143195,830.4094449642171,500000.0,0.48915477602959,0,12,30.178924259688827,4,E9,search,9,8.027979136913563,8.803321539808287,0.2548954049342116,0.850647660137815,47.500767352091785,marketplace
7.165938547932637,11.138535407271961,9.03021526760071,16.631935238614552,14.268343500776348,25.387307463452977,67.07477360120417,101.44927542415644,,,37.17037011509369,55.15220416838437,5.3277550044576785,5.270174942417157,22.385169678713282,11.138535407271961,0.9259259259259259,0.8947368421052632,43452.69323580841,547328.4080016714,546328.4080016714,572,0.998172943363837,0.0,0.0,1000.0,34.08792692073192,37.275582196997675,54.60147655392228,37.75687468350276,7.165938547932637,776.0504476293033,1789.3305778644597,890.8415811776824,0.4978630512428224,1088.9415728003787,0.04560312807538789,449.95203291838504,4,0,0,36,39.271998098109954,526,162.0,0.44995203291838504,297.3485355211867,183636.73377817078,884.6266685899262,500000.0,0.5236754693052815,0,8,22.78706285033904,5,E9,search,9,8.027979136913563,8.803321539808287,0.2548954049342116,0.850647660137815,47.500767352091785,marketplace
5.970695728826493,13.912322077586905,12.401824670139044,40.6730738812488,5.80949972999997,11.41134401619902,8.996946876740196,13.10204705109452,,,35.52039270052151,55.00782929165128,7.772407748891012,28.18431780630774,9.911583597032006,13.912322077586905,0.9285714285714286,0.9807692307692307,31608.77227884693,533346.8920584851,531346.8920584851,563,0.9962500953323626,0.0,0.0,2000.0,32.31839138957585,35.39193410211237,52.47358671794645,33.77680685378717,5.970695728826493,660.5486930309045,1691.5591076522428,842.3758204697978,0.49798781293486827,1002.9875242859713,0.044059439364519025,439.71359011597826,5,0,0,40,0.0,507,162.0,0.43971359011597827,305.7131151380412,195017.96958778336,832.9474147098895,500000.0,0.5117848515910236,0,7,19.179324662849826,6,E9,search,9,8.027979136913563,8.803321539808287,0.2548954049342116,0.850647660137815,47.500767352091785,marketplace
4.094669821076616,6.861128417787363,5.892490852360788,13.764418459755149,2.5712764686367455,3.0741710150038903,6.191021358897288,6.846215195198672,11.965982658850123,11.965982658850123,35.21464304717044,52.47358671794609,5.752669989873079,6.492677939951639,4.671913000675647,6.861128417787363,1.0,1.0,40773.60461111535,544565.4292464787,542565.4292464787,580,0.9963273467381736,0.0,0.0,2000.0,30.909552267833174,32.90824087781084,51.5124862696789,32.849831257068416,4.094669821076616,668.3373139522535,1859.027675098926,928.4572966861173,0.4994316701803326,1132.3294975871393,0.04423430533064265,412.62046422732163,2,0,1,37,0.0,534,162.0,0.4126204642273216,299.34199952582287,187450.59783222148,866.4289276345519,500000.0,0.5058426044526748,0,7,22.307287945986616,7,E9,search,9,8.027979136913563,8.803321539808287,0.2548954049342116,0.850647660137815,47.500767352091785,marketplace
3.394805577620962,5.5695921538064255,7.5439376535361085,11.599396105887674,6.783836037847351,15.6808746003627,,,,,31.806076281158052,65.02020596145769,4.108072770646185,4.841800004592187,7.303905564371237,5.5695921538064255,1.0,1.0,13968.57625752051,515078.73700219905,515078.73700219905,554,1.0,0.0,0.0,0.0,29.18497559682688,22.86233117839538,65.02020596145758,31.047548804651186,3.394805577620962,601.0150170991191,1709.5199076126544,851.8632920097406,0.49830557001197384,932.1166882826136,0.03818174622258395,369.78572439235074,3,0,0,28,0.0,512,162.0,0.36978572439235075,315.2329421893786,209398.01482155971,775.4122495514446,500000.0,0.46217187280113164,0,5,15.231304687125247,0,E9,search,10,22.253128420855713,0.9149560506304566,0.2705719106882444,0.6300519535952274,63.25107761511588,marketplace
2.805848400731846,4.589128089434416,5.352116783102019,9.000651386705385,4.186564020861534,5.0455435820732415,5.59689736480171,7.470044931780467,,,33.980249175261385,66.2177087188876,16.088398424253096,44.59896244587327,4.988300921237494,4.589128089434416,1.0,1.0,22776.714596747763,525519.2910413912,525519.2910413911,536,0.9999999999999998,0.0,0.0,0.0,32.11691663341188,28.23758616776172,65.34230622796895,32.74988346711448,2.805848400731846,642.6497919996525,1595.2198059759978,799.4157632754784,0.5011320448007944,875.7361934421111,0.03716444603567715,355.29544641922195,2,0,3,29,818.5948957851573,489,162.0,0.35529544641922195,308.94259870972417,199780.94659573265,812.6665641191189,500000.0,0.4484749519346198,0,7,21.918222030894718,1,E9,search,10,22.253128420855713,0.9149560506304566,0.2705719106882444,0.6300519535952274,63.25107761511588,marketplace
7.4836681498651805,18.182835237860218,7.567568055892508,13.7759053733404,4.565729042239127,7.2621885922872025,4.943728098031215,5.15847605917229,,,32.23489568025331,65.34230622796876,8.528738893499023,14.27953164080327,6.1138984310398286,18.182835237860218,1.0,1.0,29310.196036041838,532277.3226155266,516873.34282247716,548,0.9710602365748803,14403.979793049497,0.02706104352195697,1000.0,30.002722895015623,22.638531958871056,65.0202059614578,31.352295692648624,7.4836681498651805,604.5392796836585,1633.9896817686777,805.8463010112548,0.49317710509590457,896.7762764840635,0.038382098900557896,375.92812847681233,2,0,0,29,0.0,501,162.0,0.37592812847681234,314.1503240267619,206660.5940190394,785.7130620340581,500000.0,0.4584185807990962,0,7,20.681076911799124,2,E9,search,10,22.253128420855713,0.9149560506304566,0.2705719106882444,0.6300519535952274,63.25107761511588,marketplace
4.7454885135008205,5.692066441563839,8.542966184369229,9.548180629989474,5.916578936554652,9.052899580001302,159.1090612373373,159.1090612373373,79.02400915653743,79.02400915653743,32.18827930300265,65.34230622796895,4.0540996189884675,7.156314491780088,13.722225458320159,5.692066441563839,0.9565217391304348,0.9787234042553191,28096.063942230638,531327.860284328,531327.860284328,562,1.0,0.0,0.0,0.0,29.659075982444673,24.079132446659514,65.22097179219755,32.62149378153175,4.7454885135008205,637.4414651754619,1758.9243842293313,865.7059337605909,0.4921791644499249,1005.8885077895858,0.04197748486160333,394.1964892043936,4,0,3,32,0.0,507,162.0,0.3941964892043936,305.63839886412666,195199.8445205337,831.9381446644628,500000.0,0.4606132767348119,0,2,5.271203659540177,3,E9,search,10,22.253128420855713,0.9149560506304566,0.2705719106882444,0.6300519535952274,63.25107761511588,marketplace
2.7071343039390032,4.534639323497322,5.400430443025925,9.91123416024975,3.21783066845617,4.196328607583746,,,61.19928432494885,106.21985159582633,34.40043651295708,66.97498915490814,3.7148997077229944,6.210469035506777,4.24493644472429,4.534639323497322,1.0,1.0,32491.15341102122,538255.453584505,538255.453584505,550,1.0,0.0,0.0,0.0,31.803277924291,27.407442017670974,65.55209478483016,34.95748200413218,2.7071343039390032,712.6857234300605,1721.8769990125545,862.9349125585683,0.5011594399910306,933.6976584959915,0.039616468571780576,374.48051618704415,4,0,1,22,0.0,520,162.0,0.37448051618704414,301.6680638066114,195339.6358693527,831.2418511150833,500000.0,0.47651016231264826,0,13,34.756345713882915,4,E9,search,10,22.253128420855713,0.9149560506304566,0.2705719106882444,0.6300519535952274,63.25107761511588,marketplace
6.855889417476948,10.734740211689683,11.944624222796145,24.284696356789482,14.647374235252107,25.927326065059766,68.93276758066106,104.26976940361328,,,34.02706552229944,66.8505278717018,3.1843340064905234,5.700019583401513,24.24316956518778,10.734740211689683,0.9259259259259259,0.9122807017543859,43452.69323580841,547328.4080016714,545328.4080016714,571,0.996345886727674,0.0,0.0,2000.0,31.36397911635111,25.950530388810876,65.75014685487349,34.93036722996954,6.855889417476948,705.4129696145145,1741.6250537277658,865.7879861116727,0.49711502728933776,1017.9954237699579,0.04274125209784121,413.9814545687575,3,0,0,31,39.271998098109954,515,162.0,0.4139814545687575,297.82783928261983,183768.99280421349,883.7942624390598,500000.0,0.5166759741527952,0,9,26.995226093791857,5,E9,search,10,22.253128420855713,0.9149560506304566,0.2705719106882444,0.6300519535952274,63.25107761511588,marketplace
5.341993089704987,10.195000169075742,14.565103158879275,41.26489339582842,5.942223258170933,11.529478368520905,10.067879662514372,12.368646986263002,,,31.178612094285103,65.34230622796849,10.796662992348983,33.05196646234665,11.300559271778525,10.195000169075742,0.9285714285714286,0.9807692307692307,31608.77227884693,533346.8920584851,530346.8920584851,562,0.9943751429985439,0.0,0.0,3000.0,28.571025015648857,21.895050847090943,65.02020596145779,29.742327632795902,5.341993089704987,572.2498556827971,1694.6922636102972,840.2060136017005,0.49578677594937676,945.7012565429965,0.04277909665396165,445.55080756694633,6,0,0,34,0.0,510,162.0,0.4455508075669463,306.3005614628037,195220.07070738278,832.1150085590232,500000.0,0.4737207115601376,0,6,22.102732258313686,6,E9,search,10,22.253128420855713,0.9149560506304566,0.2705719106882444,0.6300519535952274,63.25107761511588,marketplace
3.5463623667507314,5.038729584008365,6.752973872889518,15.917591790935335,2.5211398773107367,2.9199910145446895,6.191021358897288,6.846215195198672,11.965982658850123,11.965982658850123,32.12366937877807,65.34230622796844,7.487812030671887,4.423612271175677,5.119206748381456,5.038729584008365,1.0,1.0,40773.60461111535,544565.4292464787,544565.4292464787,582,1.0,0.0,0.0,0.0,28.31208467730628,18.649964621071035,65.02020596145778,30.057184658824347,3.5463623667507314,595.7209231709475,1834.2761258127016,914.2666185098094,0.49843456262874863,1046.7325580466274,0.041777446368725706,392.7954154542056,2,0,1,34,0.0,525,162.0,0.39279541545420565,298.2062148898415,186731.54411405363,869.6591472315274,500000.0,0.46830534172775423,0,9,25.38464609111371,7,E9,search,10,22.253128420855713,0.9149560506304566,0.2705719106882444,0.6300519535952274,63.25107761511588,marketplace
3.3113758176271184,7.264261811695747,5.458416091691202,9.461347941055466,7.43229032407901,17.466402118876545,,,,,19.072623384393008,30.939290911412172,4.975399086336805,9.999693323854899,6.081744796655773,7.264261811695747,1.0,1.0,13968.57625752051,515078.73700219905,515078.73700219905,554,1.0,0.0,0.0,0.0,17.664381322934513,18.661358862814495,30.939290911412172,18.69085677653489,3.3113758176271184,341.98899155309846,1753.5619386502967,871.5279846399156,0.4970043917072722,997.8652096599262,0.038937488266125024,378.5922037939311,3,0,0,21,102.4925070669722,530,162.0,0.3785922037939311,315.2500395354132,209409.37197951882,775.4122495514446,500000.0,0.450893296885518,0,3,9.96010102758507,0,E9,search,11,10.837921770424728,5.98184067207213,0.02962582117275181,0.5519606707219736,25.96647154555805,marketplace
2.9046583662590097,4.300739441421138,3.3798045432139645,4.01664504808511,4.384329954068926,5.644061312779013,5.703454258255685,7.470044931780467,,,19.05972744488392,31.010229443499696,14.539990097538391,40.16824680280771,4.236488557456819,4.300739441421138,1.0,1.0,22776.714596747763,525519.2910413912,524519.2910413912,535,0.9980971202826477,0.0,0.0,1000.0,18.159746992482475,20.989438729331596,30.939290911412172,18.539430212112585,2.9046583662590097,344.78991642322427,1679.604317880733,845.5577597136592,0.5034267599291212,976.5350335194994,0.037835659513382955,350.077313178125,2,0,2,19,0.0,514,162.0,0.350077313178125,309.52165170292403,199979.36243466978,811.8341579682525,500000.0,0.4628746354991873,0,9,24.270244201193155,1,E9,search,11,10.837921770424728,5.98184067207213,0.02962582117275181,0.5519606707219736,25.96647154555805,marketplace
10.679979188609309,25.482688983627682,6.813707599942859,13.7759053733404,7.969551760746299,18.857176032993266,4.847384793532797,4.985058111075136,,,18.347929094017648,30.787175464820027,9.820799443980707,14.27953164080327,7.001358809442891,25.482688983627682,0.8636363636363636,1.0,29310.196036041838,532277.3226155266,516873.34282247716,548,0.9710602365748803,14403.979793049497,0.02706104352195697,1000.0,17.53763995419541,18.094470292658258,30.778240778157077,18.03379328469693,10.679979188609309,325.7806539490594,1683.2793675903347,831.7423321077417,0.4941201966364063,975.6377266832494,0.039889457837096735,392.9800179425488,2,0,0,22,0.0,519,162.0,0.3929800179425488,314.1833144870024,206682.29645761361,785.7130620340581,500000.0,0.46323249708752146,0,5,13.60509365293776,2,E9,search,11,10.837921770424728,5.98184067207213,0.02962582117275181,0.5519606707219736,25.96647154555805,marketplace
3.155176500176456,4.572473071836066,8.268840308175694,9.425479539744083,9.169771223199405,16.188416413177208,161.11339453156597,161.11339453156597,235.44421300066006,235.44421300066006,18.7304190258339,30.939290911412172,5.3688521649886685,9.620616215157778,15.012751282076835,4.572473071836066,1.0,0.9787234042553191,28096.063942230638,531327.860284328,531327.860284328,562,1.0,0.0,0.0,0.0,17.986997769575364,18.085338559869342,30.939290911412172,22.047475179034887,3.155176500176456,421.9480199649388,1827.9355013878544,904.1488259453931,0.4946284074350112,1080.0799456678812,0.04173837803890573,377.73851632909714,4,0,2,24,0.0,532,162.0,0.37773851632909716,305.60742369021705,195180.0618323845,831.9381446644628,500000.0,0.4713496976770138,0,3,8.933453258447669,3,E9,search,11,10.837921770424728,5.98184067207213,0.02962582117275181,0.5519606707219736,25.96647154555805,marketplace
2.7687232215533744,4.707089102812373,5.19916091490893,8.12579257251591,5.6233838007006955,10.22750036689686,,,61.87886257892342,107.82669726941522,20.820218316048344,33.06516092526988,3.9011599185711683,5.488916403732583,5.42374950150457,4.707089102812373,1.0,1.0,32491.15341102122,538255.453584505,538255.4535845051,550,1.0000000000000002,0.0,0.0,0.0,19.502950402976328,19.744490248964894,31.817238224761972,22.43206688516361,2.7687232215533744,427.7624334160108,1724.7142049608476,866.604524657728,0.5024626817388569,987.6652900035372,0.04132614651775465,396.79747466923226,4,0,1,23,0.0,519,162.0,0.39679747466923226,301.7095254552274,195366.48360139626,831.2418511150834,500000.0,0.4675227336188253,0,10,27.194096114975427,4,E9,search,11,10.837921770424728,5.98184067207213,0.02962582117275181,0.5519606707219736,25.96647154555805,marketplace
7.431916344803152,13.839794240049029,12.098051144086693,24.635352069912614,17.938785620752867,68.17781789513101,63.27263731718904,94.7322586485434,,,20.11662480887234,30.939290911412492,3.4752760610914137,5.047736281809989,24.27987987092922,13.839794240049029,0.9259259259259259,0.8771929824561403,43452.69323580841,547328.4080016714,546328.4080016714,572,0.998172943363837,0.0,0.0,1000.0,19.270731353220846,22.375067277617973,31.03088630177119,21.930478990167106,7.431916344803152,426.214870554063,1814.464836286124,899.1132622721699,0.49552531649634474,1083.3284234079572,0.042402900904261034,416.24570852758256,3,0,0,26,39.271998098109954,534,162.0,0.4162457085275826,297.28683943528466,183274.31504767048,886.1920758851692,500000.0,0.5021255916897761,0,9,20.327444423417543,5,E9,search,11,10.837921770424728,5.98184067207213,0.02962582117275181,0.5519606707219736,25.96647154555805,marketplace
5.647004064966483,10.908545547186879,13.131473269037734,40.6730738812488,4.5425191332571035,7.134013618000928,8.996946876740196,13.10204705109452,,,19.000486230142187,32.05721929088551,12.5218198989339,43.31862255980944,9.937273914052128,10.908545547186879,0.9285714285714286,0.9807692307692307,31608.77227884693,533346.8920584851,533346.8920584851,565,1.0,0.0,0.0,0.0,17.804668073475302,16.756084599423957,31.8685542802974,18.276240732533154,5.647004064966483,333.1409997869935,1769.3271636132802,883.9544262417307,0.49959919477895703,1024.103883908443,0.04336453989977074,442.82924274224047,6,0,0,23,0.0,528,162.0,0.4428292427422405,304.57256180079,194268.3259848207,836.177634306865,500000.0,0.4723433915760468,0,5,17.42515020153833,6,E9,search,11,10.837921770424728,5.98184067207213,0.02962582117275181,0.5519606707219736,25.96647154555805,marketplace
4.307444801080874,6.349843685331177,7.7987947933368496,17.93138509486526,2.5782435811845485,2.9199910145446895,6.191021358897288,6.846215195198672,11.965982658850123,11.965982658850123,19.474539227118186,31.744919587495314,6.628827204563078,4.350987064684437,5.707106969243107,6.349843685331177,1.0,1.0,40773.60461111535,544565.4292464787,544565.4292464787,582,1.0,0.0,0.0,0.0,17.488244270122042,15.13595163810433,30.939290911412172,18.441515823879566,4.307444801080874,351.69917920914133,1899.8375190961358,943.7104764214172,0.49673220311513566,1104.2705520327029,0.04248419148481708,408.7481486311822,2,0,1,20,0.0,557,162.0,0.40874814863118214,298.23550931861024,186749.88777573736,869.6591472315274,500000.0,0.4580978322913447,0,11,33.87634303420437,7,E9,search,11,10.837921770424728,5.98184067207213,0.02962582117275181,0.5519606707219736,25.96647154555805,marketplace
3.1957831460296213,5.449003097423247,5.57874462194558,11.406703107265459,6.592858647504149,15.44112159009103,,,,,34.813137047189805,49.011850730406785,3.984395728105312,4.907808454582323,5.898991156332497,5.449003097423247,1.0,1.0,13968.57625752051,515078.73700219905,515078.73700219905,554,1.0,0.0,0.0,0.0,31.839668779926154,39.58286020189638,48.47748686714312,33.95647889086939,3.1957831460296213,658.9461126927042,1719.0857910848556,857.3665497341019,0.4987340097744904,992.0635810017588,0.04189443464211431,399.9400525888457,4,0,0,34,0.0,515,162.0,0.3999400525888457,315.2914853324561,209436.90294618497,775.4122495514446,500000.0,0.4985411665811448,0,6,18.67980977914427,0,E9,search,12,4.505991872113556,8.163381038190757,0.18972308577515623,0.936186124867294,44.1194351247215,marketplace
2.9311597100016002,4.62147986814889,5.613135495330046,10.116886684147403,4.3355660846696535,5.173411854218193,5.59689736480171,7.470044931780467,,,34.63110370831089,51.62649706428056,14.378611376363128,41.47681753086691,5.153381106409548,4.62147986814889,1.0,1.0,22776.714596747763,525519.2910413912,524519.2910413912,535,0.9980971202826477,0.0,0.0,1000.0,32.705954693871846,38.1683397347324,50.45587725495964,33.3573649901547,2.9311597100016002,652.4693967958565,1593.3203233100514,802.5107175147289,0.5036719269654133,960.5734716523999,0.04041882751479848,380.43321029295606,2,0,3,40,0.0,484,162.0,0.380433210292956,309.5795254506265,200016.7541812683,811.8341579682526,500000.0,0.49779139593299443,0,9,23.417389117558905,1,E9,search,12,4.505991872113556,8.163381038190757,0.18972308577515623,0.936186124867294,44.1194351247215,marketplace
7.959477165441203,15.566282610284365,6.344882345014071,9.77122522523291,4.48090875484733,6.9683685808204245,4.68371236716564,5.106472912999175,,,33.81583200914868,48.96341438397139,8.550460512000798,14.27953164080327,5.438246001470489,15.566282610284365,0.9545454545454546,1.0,29310.196036041838,532277.3226155266,516873.34282247716,548,0.9710602365748803,14403.979793049497,0.02706104352195697,1000.0,31.44210889025627,34.012937573064846,48.12595369104383,32.87789310206428,7.959477165441203,639.9784718809466,1639.0957405331478,813.4382679944821,0.4962725775432102,966.4463047222753,0.04025836078137228,389.52173673672894,2,0,0,34,0.0,500,162.0,0.3895217367367289,314.17662371593855,207090.48959768374,784.1476547388152,500000.0,0.481204909806842,0,7,17.849649543340533,2,E9,search,12,4.505991872113556,8.163381038190757,0.18972308577515623,0.936186124867294,44.1194351247215,marketplace
3.141014839420791,4.455215938932452,5.660493309195693,9.047475813904203,5.602801646693888,9.435825021549544,29.113394531565973,29.113394531565973,55.444213000660056,55.444213000660056,34.756104126359276,51.64582308027163,3.131084102902313,4.393553749637932,6.613659334085369,4.455215938932452,1.0,1.0,28096.063942230638,531327.860284328,530327.860284328,561,0.998117922897051,0.0,0.0,1000.0,31.503647976504983,36.209937739822635,50.70895112410881,33.80288406622446,3.141014839420791,662.0604061453032,1764.1645615424509,876.2085166861891,0.49667051236994536,1064.5251096842194,0.04354856861907417,392.7478164880859,4,0,2,45,0.0,504,162.0,0.3927478164880859,306.2119869196075,195393.60672316115,831.1057385135965,500000.0,0.5009563071252209,0,5,12.399877318666658,3,E9,search,12,4.505991872113556,8.163381038190757,0.18972308577515623,0.936186124867294,44.1194351247215,marketplace
3.422045103914974,5.533128361376296,3.5826978371181895,4.502206545849367,3.1534405261856793,5.228371634573523,,,61.19928432494885,106.603456412261,35.21768984618923,51.849680301447,2.6956009447767255,4.226363144102061,3.3554439666245077,5.533128361376296,1.0,1.0,32491.15341102122,538255.453584505,537255.4535845051,549,0.998142146088181,0.0,0.0,1000.0,32.51312927774774,36.80115137797793,51.72312714423424,35.7121764244733,3.422045103914974,723.5296910418066,1698.3278024888748,856.3692201706345,0.5042425961087358,990.6394489746425,0.04162267121781999,378.64827262128733,4,0,1,33,0.0,509,162.0,0.3786482726212873,302.23731967586383,195540.4641136016,830.4094449642171,500000.0,0.48860019227264057,0,12,33.102881628561114,4,E9,search,12,4.505991872113556,8.163381038190757,0.18972308577515623,0.936186124867294,44.1194351247215,marketplace
7.412221119367667,13.142429425123193,9.587870113039722,17.892904503131014,14.306210294188304,26.27588567399023,67.63119648817049,103.11854408505542,,,35.436025036596604,51.62649706428101,3.906381870397091,5.797733616956862,22.769315448448733,13.142429425123193,0.9259259259259259,0.8947368421052632,43452.69323580841,547328.4080016714,547328.4080016714,573,1.0,0.0,0.0,0.0,32.571944261607406,38.155123232255676,50.549817277660104,36.146739953613995,7.412221119367667,741.3583245391612,1797.2300588360847,896.2136633730897,0.4986638516125711,1107.5035167460928,0.046212909916558985,455.1252796782825,4,0,0,35,39.271998098109954,528,162.0,0.4551252796782825,296.81471472093256,183146.15725913923,887.0244820360355,500000.0,0.5281332561695514,0,9,25.422664680109126,5,E9,search,12,4.505991872113556,8.163381038190757,0.18972308577515623,0.936186124867294,44.1194351247215,marketplace
5.760746007941703,10.690127326681854,14.147272070242025,40.9240844977003,4.258158760263735,7.134013618000928,8.996946876740196,13.10204705109452,,,34.03159606848037,51.62649706428056,6.519928595438675,10.66753232410238,10.404559822581385,10.690127326681854,0.9285714285714286,0.9807692307692307,31608.77227884693,533346.8920584851,531346.8920584851,563,0.9962500953323626,0.0,0.0,2000.0,30.983133637314825,34.86136734859565,49.061331462570706,32.35748036564768,5.760746007941703,632.8972583608258,1702.3599780057816,845.3651942333178,0.4965842742753006,1025.7422524912033,0.04491784813879117,457.1386838306643,5,0,0,38,0.0,513,162.0,0.4571386838306643,305.7459093332743,195038.8893882497,832.9474147098895,500000.0,0.5134495493837785,0,7,19.179324662849826,6,E9,search,12,4.505991872113556,8.163381038190757,0.18972308577515623,0.936186124867294,44.1194351247215,marketplace
3.569920415387487,5.038729584008365,5.968018465875375,13.848153401367567,2.4856209128260787,2.9199910145446895,6.191021358897288,6.846215195198672,11.965982658850123,11.965982658850123,33.73164195132429,50.24829267467057,4.096582489504527,4.720517231632835,4.680702957900382,5.038729584008365,1.0,1.0,40773.60461111535,544565.4292464787,543565.4292464787,581,0.9981636733690867,0.0,0.0,1000.0,29.553202913113093,32.26340613456637,48.90627754400043,31.48083708619533,3.569920415387487,632.2423632400009,1837.1033007529052,908.8804471816826,0.49473562363596735,1130.5383544954643,0.04476854045960413,426.1655634613908,2,0,1,38,0.0,531,162.0,0.4261655634613908,298.8162175593576,186948.85629490757,868.8267410806611,500000.0,0.5062610309940004,0,8,26.358603459986,7,E9,search,12,4.505991872113556,8.163381038190757,0.18972308577515623,0.936186124867294,44.1194351247215,marketplace
3.039468877184831,5.352745925200139,5.786357040242776,11.406703107265459,6.783836037847351,15.6808746003627,,,,,21.45832752097556,38.75308500139454,4.7163041979223665,4.907808454582323,6.101350407907378,5.352745925200139,1.0,1.0,13968.57625752051,515078.73700219905,515078.73700219905,554,1.0,0.0,0.0,0.0,19.801292450302526,17.518229540899938,38.22602937605907,20.994751955120318,3.039468877184831,392.25353735126976,1764.8694351302156,882.0046588893857,0.49975632266775,987.993391935454,0.039333223215907126,381.16031427576036,3,0,0,21,0.0,531,162.0,0.38116031427576036,315.2550253954329,209412.68390873235,775.4122495514446,500000.0,0.45947138715213603,0,7,19.60316201000687,0,E9,search,13,18.15168761489554,6.379965807883322,0.33822512190639414,0.39801221245943963,33.941315768796755,marketplace
2.9046583662590097,4.300739441421138,3.4330829899409516,4.01664504808511,4.384329954068926,5.644061312779013,5.59689736480171,7.470044931780467,,,21.94173667470457,38.78529502804558,13.73576864181093,38.01159905503519,4.236488557456819,4.300739441421138,1.0,1.0,22776.714596747763,525519.2910413912,524519.2910413911,535,0.9980971202826475,0.0,0.0,1000.0,20.837304105548668,20.348166852935776,38.37555840138596,21.271100132960413,2.9046583662590097,399.6489185348951,1644.2259359684097,825.696879648326,0.502179695372589,937.929184162532,0.0375449121051945,347.66037374782695,2,0,2,28,0.0,501,162.0,0.34766037374782693,309.5170437895993,199976.38530023093,811.8341579682526,500000.0,0.4597258270799435,0,8,22.02370828651496,1,E9,search,13,18.15168761489554,6.379965807883322,0.33822512190639414,0.39801221245943963,33.941315768796755,marketplace
11.125995328804555,24.78658764464518,5.756343130726066,11.039413750973562,8.755714438504507,21.472630733700043,4.943728098031215,5.15847605917229,,,21.284403285801083,38.369312403511316,9.334940315161681,14.27953164080327,6.779530492056125,24.78658764464518,0.8636363636363636,1.0,29310.196036041838,532277.3226155266,516873.34282247716,548,0.9710602365748803,14403.979793049497,0.02706104352195697,1000.0,20.213222569686348,17.129227667162922,38.14837770835493,20.885574296273347,11.125995328804555,383.8108895831653,1680.7454909071687,834.9358934741498,0.4967652140024484,960.9421839667671,0.04169408072908989,388.2224140543291,2,1,0,27,0.0,514,162.0,0.3882224140543291,314.1741099034148,206676.2413159619,785.7130620340581,500000.0,0.4349265425610775,0,5,14.290695482707848,2,E9,search,13,18.15168761489554,6.379965807883322,0.33822512190639414,0.39801221245943963,33.941315768796755,marketplace
3.02463443931691,5.162779194174437,8.631305905056374,9.047475813904203,5.957688867248772,12.327898369258536,34.10937453661609,34.10937453661609,50.02432245581622,50.02432245581622,22.577944719905936,38.94337140447784,3.013849512355656,4.168083563079973,8.578884998951528,5.162779194174437,1.0,1.0,28096.063942230638,531327.860284328,531327.860284328,562,1.0,0.0,0.0,0.0,20.741370832136816,17.99201079961466,38.914135134650586,22.319998946148246,3.02463443931691,419.60944629199304,1806.1059554960498,892.2087488574947,0.49399579584047615,1053.8538732112108,0.041690482822907965,376.38399806892687,4,0,2,28,0.0,522,162.0,0.37638399806892686,305.6048743824141,195178.43368458428,831.9381446644628,500000.0,0.4693918159517267,0,4,14.011416541584454,3,E9,search,13,18.15168761489554,6.379965807883322,0.33822512190639414,0.39801221245943963,33.941315768796755,marketplace
2.938356096519227,4.534639323497322,5.400430443025925,9.91123416024975,2.718716365354036,3.018410914701781,,,60.95953131467718,106.17190099377198,24.070338957345207,40.6457345433301,3.2254745880688565,5.663275715183409,3.980699460729043,4.534639323497322,1.0,1.0,32491.15341102122,538255.453584505,538255.4535845051,550,1.0000000000000002,0.0,0.0,0.0,22.39924002093926,21.47434866688991,38.91413513465068,25.339503572833166,2.938356096519227,494.10081491791266,1719.8909099317898,863.2472319174236,0.5019197595222243,961.4684601964211,0.040336248275870554,382.1146823288493,4,0,1,22,0.0,521,162.0,0.3821146823288493,301.6822469720414,195348.81991865378,831.2418511150834,500000.0,0.46529465380057333,0,9,25.974207969434634,4,E9,search,13,18.15168761489554,6.379965807883322,0.33822512190639414,0.39801221245943963,33.941315768796755,marketplace
7.0758232066848326,11.261046294748763,15.488177160750562,52.170845324876844,25.0733968632352,75.24422241934535,42.93962971957975,82.15009588922703,,,22.738484891472908,38.91413513464995,2.9971413607043544,4.922874929131012,24.173540906677946,11.261046294748763,0.9259259259259259,0.8771929824561403,43452.69323580841,547328.4080016714,546328.4080016714,572,0.998172943363837,0.0,0.0,1000.0,21.522223210484402,20.165775535288162,38.91413513465112,23.506081003858437,7.0758232066848326,461.4011411292254,1810.3958836433753,900.9101310561668,0.49763156180133833,1071.6526202301814,0.0423189807677733,409.5105229508289,3,0,0,30,39.271998098109954,533,162.0,0.4095105229508289,297.2745113456629,183266.71490571476,886.1920758851692,500000.0,0.5114109274480962,0,8,21.97091243115983,5,E9,search,13,18.15168761489554,6.379965807883322,0.33822512190639414,0.39801221245943963,33.941315768796755,marketplace
5.298968096419565,10.195000169075742,12.843101132906195,40.6730738812488,9.941250934259902,22.757205850558343,8.996946876740196,13.10204705109452,,,21.659884953326532,38.91413513464986,8.735223510781374,31.07037207463411,11.355702448940027,10.195000169075742,0.9285714285714286,0.9807692307692307,31608.77227884693,533346.8920584851,533346.8920584851,565,1.0,0.0,0.0,0.0,20.113997075712803,17.524211074961386,38.753085001395085,20.83616773264992,5.298968096419565,386.64488967719495,1752.6119955002027,869.0348780833456,0.49585126674619123,1018.0441279496094,0.043637434971753805,447.23991344686334,6,0,0,32,0.0,529,162.0,0.44723991344686337,304.58083159812134,194273.60078591996,836.1776343068649,500000.0,0.47763396325791724,0,5,17.036084286446435,6,E9,search,13,18.15168761489554,6.379965807883322,0.33822512190639414,0.39801221245943963,33.941315768796755,marketplace
4.459757892593099,5.73127294828414,5.87007978194408,12.820286731640048,2.5211398773107367,2.9199910145446895,6.191021358897288,6.846215195198672,11.965982658850123,11.965982658850123,22.196100305772408,38.91413513465068,3.9365649765475554,4.4113254420642365,4.640972449119343,5.73127294828414,0.972972972972973,1.0,40773.60461111535,544565.4292464787,544565.4292464787,582,1.0,0.0,0.0,0.0,19.699556384674942,14.846498888378392,38.75308500139454,20.89596540158315,4.459757892593099,401.9556979125947,1882.7805318075773,934.2445494971447,0.49620470028985075,1095.7652113571248,0.042063653281000646,397.6434579247461,2,0,1,22,0.0,546,162.0,0.3976434579247461,298.21511747933795,186737.11876072522,869.6591472315274,500000.0,0.4718425520286192,0,10,29.825027520204987,7,E9,search,13,18.15168761489554,6.379965807883322,0.33822512190639414,0.39801221245943963,33.941315768796755,marketplace
3.2093078594085562,5.940149448794522,5.560156347642192,11.145265198768724,7.105254822224282,15.937871674897679,,,,,20.72109009186209,25.29594539836108,3.919115923672626,4.841800004592187,6.048082181720747,5.940149448794522,1.0,1.0,13968.57625752051,515078.73700219905,515078.73700219905,554,1.0,0.0,0.0,0.0,19.125617817996286,20.32498283324003,23.65391594797736,20.28314742408087,3.2093078594085562,375.6304777859158,1764.7776711748954,880.4971812498364,0.49892810614701855,1025.7165356312396,0.04029483252313271,381.5709502832874,3,0,0,18,0.0,531,162.0,0.38157095028328736,315.25582262501746,209413.21347994788,775.4122495514446,500000.0,0.47661358014436317,0,5,14.721024265558587,0,E9,search,14,7.1869188548857,4.024982981039816,0.04835204696587281,0.9290882331817338,18.620274540199844,marketplace
2.874783138279376,4.300739441421138,3.3798045432139645,4.01664504808511,4.384329954068926,5.644061312779013,5.703454258255685,7.470044931780467,,,21.446383841625657,26.407191164470305,14.48592760840555,38.10968688667745,4.236488557456819,4.300739441421138,1.0,1.0,22776.714596747763,525519.2910413912,524519.2910413912,535,0.9980971202826477,0.0,0.0,1000.0,20.384260966558184,20.32498283324003,26.223966559713517,20.80200205113952,2.874783138279376,391.43626315250907,1662.2363162246052,836.1161995402359,0.5030068176101972,991.0991473232897,0.03947346758451023,369.2880236573752,2,0,2,19,0.0,512,162.0,0.36928802365737523,309.55827706791507,200003.0257780887,811.8341579682526,500000.0,0.47214443911380455,0,9,24.270244201193155,1,E9,search,14,7.1869188548857,4.024982981039816,0.04835204696587281,0.9290882331817338,18.620274540199844,marketplace
10.096437056997821,21.710340719585748,5.702670172568929,11.039413750973562,4.126774008730081,7.696051629845897,4.909406811610097,5.151611801888066,,,20.448892275080585,23.593093906053582,8.635717885611774,13.959860960440892,5.012551191009507,21.710340719585748,1.0,1.0,29310.196036041838,532277.3226155266,517873.34282247716,549,0.9729389564780431,14403.979793049497,0.02706104352195697,0.0,19.34747079889276,20.32498283324003,23.509627832697333,19.99583357872032,10.096437056997821,372.197972476742,1721.8921902550983,863.7953105720645,0.501654700253965,994.4591147160697,0.039622729647461184,375.7472984364973,2,0,0,17,0.0,525,162.0,0.37574729843649735,313.54335871676176,206441.65387303507,786.5454681849244,500000.0,0.4619102735748051,0,8,28.017203438388727,2,E9,search,14,7.1869188548857,4.024982981039816,0.04835204696587281,0.9290882331817338,18.620274540199844,marketplace
3.4227307833904552,5.728784202128555,4.819589833677906,7.718050419946122,6.702054668259234,12.986421965734007,70.10937453661609,70.10937453661609,50.02432245581622,50.02432245581622,20.802810299761166,24.398344572331645,3.777393146877752,4.676887630746478,8.324357877375883,5.728784202128555,1.0,0.9787234042553191,28096.063942230638,531327.860284328,530327.860284328,561,0.998117922897051,0.0,0.0,1000.0,19.183632019907183,20.32498283324003,23.593093906054037,20.90731961694544,3.4227307833904552,389.87767584125385,1836.6281146099773,907.0319482693797,0.4938571619666157,1106.627230723466,0.04289727201167825,395.12075977086397,4,0,2,23,0.0,534,162.0,0.39512075977086397,306.21646140314965,195396.46188727906,831.1057385135965,500000.0,0.4749109424007032,0,4,11.569055088217757,3,E9,search,14,7.1869188548857,4.024982981039816,0.04835204696587281,0.9290882331817338,18.620274540199844,marketplace
2.634224081558715,3.2448198348092774,5.229620025260601,8.12579257251591,2.508307896576399,2.9339288334962474,,,61.19928432494885,106.21985159582633,21.34102070684822,26.732043772798534,3.4304040176620605,5.097812562708168,3.7889253688983766,3.2448198348092774,1.0,1.0,32491.15341102122,538255.453584505,538255.4535845051,550,1.0000000000000002,0.0,0.0,0.0,19.907876252805348,20.32498283324003,26.389443260081016,22.808223415519933,2.634224081558715,438.24339337776735,1753.2158643287028,887.0803375363897,0.5059732549682626,1026.4094694263506,0.04182571038132042,387.44151872827746,4,0,1,19,0.0,523,162.0,0.3874415187282775,301.69214345588375,195355.22820571525,831.2418511150834,500000.0,0.47851117866769766,0,12,36.33621894608142,4,E9,search,14,7.1869188548857,4.024982981039816,0.04835204696587281,0.9290882331817338,18.620274540199844,marketplace
10.4522519257628,28.112394582556767,8.649889280686677,13.0113619901917,19.118419439784567,72.28306856140907,63.27263731718904,94.7322586485434,,,21.296952375547782,26.249658107578853,3.5020001634489333,5.270174942417157,23.063948941019778,28.112394582556767,0.8888888888888888,0.8596491228070176,43452.69323580841,547328.4080016714,546328.4080016714,572,0.998172943363837,0.0,0.0,1000.0,20.379965923496005,20.32498283324003,26.732043772798534,23.07052309684593,10.4522519257628,451.9525334335544,1834.082054703708,912.8978840691234,0.49774102621411886,1103.6446814109738,0.043699489690038056,435.5555127284878,3,0,0,27,0.0,537,162.0,0.43555551272848786,297.3221841179299,183296.10468529683,886.1920758851692,500000.0,0.5012958278809716,0,10,23.90365545760503,5,E9,search,14,7.1869188548857,4.024982981039816,0.04835204696587281,0.9290882331817338,18.620274540199844,marketplace
5.473760869548142,10.536648914022877,16.674339960114715,49.68275250865595,4.154389278620654,6.72328637067185,8.996946876740196,13.10204705109452,,,21.588587416415866,26.127336479758924,4.824059868494251,7.624517358733558,11.743122164116528,10.536648914022877,0.9285714285714286,0.9423076923076923,31608.77227884693,533346.8920584851,533346.8920584851,565,1.0,0.0,0.0,0.0,19.986029597848674,20.32498283324003,26.12733647975856,20.700625510299588,5.473760869548142,384.36273026395327,1780.200407111277,893.0710281557193,0.5016688146953643,1033.086192910535,0.044296290635238655,450.58961558904264,6,0,0,21,0.0,531,162.0,0.45058961558904265,304.5871121299705,194277.6067554709,836.177634306865,500000.0,0.4796412138324813,0,9,30.40991897398538,6,E9,search,14,7.1869188548857,4.024982981039816,0.04835204696587281,0.9290882331817338,18.620274540199844,marketplace
4.024958819754105,6.552768416868963,6.776563160297126,12.74660217287092,2.504203767682785,2.9199910145446895,6.670527379440713,7.325721215742098,12.445488679393549,12.445488679393549,20.827510464962263,23.593093906053582,7.06381709343533,8.783288506538337,5.165592072995381,6.552768416868963,1.0,1.0,40773.60461111535,544565.4292464787,544565.4292464787,582,1.0,0.0,0.0,0.0,18.626073452082515,20.324982833239574,23.593093906053582,19.697044996167424,4.024958819754105,377.2054358216168,1908.49923041418,947.4884660745971,0.4964573477291759,1130.1121978125657,0.04322778948256372,407.19765601035635,2,0,1,18,0.0,559,162.0,0.4071976560103564,298.2326621077196,186748.10490180823,869.6591472315274,500000.0,0.4667947768220566,0,13,38.206937489327146,7,E9,search,14,7.1869188548857,4.024982981039816,0.04835204696587281,0.9290882331817338,18.620274540199844,marketplace
3.021985382909565,5.3550330368038255,5.5366781395222455,9.709831368565759,7.5300883808145995,17.839398804959274,,,,,16.353042728545734,17.922694840819076,4.853959677581889,11.495840005034097,6.166176110456672,5.3550330368038255,1.0,1.0,13968.57625752051,515078.73700219905,515078.73700219905,554,1.0,0.0,0.0,0.0,15.197833783420167,14.654583768005068,17.92269484081862,16.043202871349674,3.021985382909565,285.93980093691175,1757.7236871231544,875.2305301167268,0.49793408174933695,1010.931661716057,0.04033061210764979,394.47058430944253,3,0,0,15,0.0,533,162.0,0.39447058430944254,315.2808666291657,209429.84931982995,775.4122495514446,500000.0,0.4612508408329939,0,10,35.63148144291617,0,E9,search,15,20.152954878338548,3.004200814790703,0.4370385130747522,0.730439579919995,12.94987547496479,marketplace
2.917405895660996,4.300739441421138,3.3220232696883065,4.01664504808511,4.152640893323769,5.1806831912887,5.543618918074571,7.374143727671799,,,16.644532220141176,20.00693794019154,13.692092891372113,38.57306500816777,4.094728631355172,4.300739441421138,1.0,1.0,22776.714596747763,525519.2910413912,525519.2910413912,536,1.0,0.0,0.0,0.0,15.894026211910596,14.654583768005068,19.133540446715642,16.22796734955149,2.917405895660996,292.4184803809179,1681.070320169486,846.5917320004806,0.5036028069992498,977.641449479614,0.038271847250461614,352.3762006159974,2,0,3,16,0.0,512,162.0,0.3523762006159974,308.9370437360952,199777.35441422535,812.6665641191189,500000.0,0.4540376485487248,0,9,24.270244201193155,1,E9,search,15,20.152954878338548,3.004200814790703,0.4370385130747522,0.730439579919995,12.94987547496479,marketplace
9.126390605431704,19.86625226776714,5.7269727703077535,11.039413750973562,4.205299490851682,7.951376129014534,4.68371236716564,5.106472912999175,,,15.841260825565229,17.922694840819076,8.349790976676475,14.27953164080327,5.025937740118962,19.86625226776714,0.9545454545454546,1.0,29310.196036041838,532277.3226155266,517873.34282247716,549,0.9729389564780431,14403.979793049497,0.02706104352195697,0.0,15.106873789958938,14.654583768005068,17.92269484081917,15.540493783412092,9.126390605431704,278.18571950071544,1759.5709928520369,886.8494441086871,0.5040145852093293,1023.152029437533,0.03924156916285191,365.7202736734084,2,0,0,12,0.0,531,162.0,0.3657202736734084,313.5239967918779,206428.90569105622,786.5454681849244,500000.0,0.46318483010269756,0,9,23.461899142248026,2,E9,search,15,20.152954878338548,3.004200814790703,0.4370385130747522,0.730439579919995,12.94987547496479,marketplace
3.6058020126910297,5.867236769480133,5.184071058544462,8.10784634252059,5.95172421545035,10.524990762361448,34.10937453661609,34.10937453661609,50.02432245581622,50.02432245581622,16.32836443464712,18.099799962187504,5.292293906990868,9.997345712696013,6.709147518841566,5.867236769480133,1.0,1.0,28096.063942230638,531327.860284328,531327.860284328,562,1.0,0.0,0.0,0.0,15.181942422102027,14.654583768005068,17.922694840819485,16.44150847595516,3.6058020126910297,298.7922522003717,1841.59391638848,905.417797566538,0.4916489946611781,1108.357918651125,0.04275114157958883,393.76073951567014,4,0,2,19,0.0,539,162.0,0.3937607395156701,305.6375787496149,195199.32074398667,831.9381446644628,500000.0,0.4624844601992428,0,4,12.984768772447051,3,E9,search,15,20.152954878338548,3.004200814790703,0.4370385130747522,0.730439579919995,12.94987547496479,marketplace
3.2981265678993927,5.622121782550951,5.87286896821513,8.78056031812739,3.9856269285597694,6.224189305256187,,,61.19928432494885,106.21985159582633,17.17742658807565,21.87657060333841,3.5658593960115295,6.055270515855046,4.873740829574056,5.622121782550951,1.0,1.0,32491.15341102122,538255.453584505,538255.4535845051,550,1.0000000000000002,0.0,0.0,0.0,16.1812507402924,14.654583768005068,21.089400033211685,18.97574119551227,3.2981265678993927,352.61853487580066,1765.9684078868202,899.8328810945063,0.5095407579636476,1027.3845465161692,0.04178877780667358,395.5663732002324,4,0,1,16,0.0,523,162.0,0.3955663732002324,301.7072382485474,195365.00256255383,831.2418511150834,500000.0,0.46350182054990857,0,15,45.091103639395385,4,E9,search,15,20.152954878338548,3.004200814790703,0.4370385130747522,0.730439579919995,12.94987547496479,marketplace
7.589159687172867,16.451564203233467,8.065695630658363,14.93931104817093,8.402144106149866,16.635987476136595,63.27263731718904,94.7322586485434,,,16.550541261434844,18.22358454495168,4.228395098570765,6.538330510976607,19.219233459795,16.451564203233467,0.9259259259259259,0.9298245614035088,43452.69323580841,547328.4080016714,547328.4080016714,573,1.0,0.0,0.0,0.0,15.923925423459115,14.654583768005068,18.172753970682972,18.523179373524528,7.589159687172867,353.81776718924385,1830.2893556979768,907.7876730853753,0.49598041438600426,1102.5549306125101,0.04349938511371047,431.6467425625359,3,0,0,21,0.0,548,162.0,0.43164674256253593,296.7718181038879,183119.68838754526,887.0244820360355,500000.0,0.497826672089404,0,9,19.85233994360565,5,E9,search,15,20.152954878338548,3.004200814790703,0.4370385130747522,0.730439579919995,12.94987547496479,marketplace
4.2414745856191916,5.2434483348744845,12.271959216242662,25.12547029737753,4.276777470899235,7.107798410137185,8.996946876740196,13.10204705109452,,,16.727094844983156,20.121806318742532,6.866092015333475,24.350940309976536,9.394195817267084,5.2434483348744845,0.9642857142857143,1.0,31608.77227884693,533346.8920584851,533346.8920584851,565,1.0,0.0,0.0,0.0,15.569962135756922,14.679171142648556,19.87819842284354,16.120995960558606,4.2414745856191916,288.4504300593443,1820.4157714993928,915.9943415414338,0.5031786451657532,1076.6625062542646,0.044273224710266755,427.51064599803215,6,0,0,15,0.0,543,162.0,0.4275106459980321,304.54384016207365,194250.00619711564,836.177634306865,500000.0,0.48788184097760395,0,10,34.07216857289287,6,E9,search,15,20.152954878338548,3.004200814790703,0.4370385130747522,0.730439579919995,12.94987547496479,marketplace
3.441042938213606,5.023434069124346,7.97049415437446,18.182836336148107,2.5782435811845485,3.008594643959077,6.670527379440713,7.325721215742098,12.445488679393549,12.445488679393549,16.35177517623618,17.922694840819123,4.3020419495353135,6.739110560478131,5.840069624850432,5.023434069124346,1.0,1.0,40773.60461111535,544565.4292464787,544565.4292464787,582,1.0,0.0,0.0,0.0,14.676725387454477,14.654583768005068,17.92269484081862,15.549037757620216,3.441042938213606,286.12950614792123,1939.3568378248988,971.3288226922822,0.5008510057291384,1161.1374791518815,0.042848811349817384,404.7694582060899,2,0,1,13,0.0,562,162.0,0.4047694582060899,298.22820314342647,186745.31277593682,869.6591472315274,500000.0,0.4578699074667775,0,8,25.896343014143916,7,E9,search,15,20.152954878338548,3.004200814790703,0.4370385130747522,0.730439579919995,12.94987547496479,marketplace
2.799840355399205,5.3550330368038255,5.871000452723203,11.295703315100539,6.730662642525185,15.44112159009103,,,,,17.347925928537787,18.864096221597276,4.82034794704424,11.495840005034097,6.1424727231869864,5.3550330368038255,1.0,1.0,13968.57625752051,515078.73700219905,515078.73700219905,554,1.0,0.0,0.0,0.0,16.08463888439804,15.595985148783257,18.86409622159681,17.001674003884517,2.799840355399205,306.46175177887176,1766.5060119647028,879.3971521209804,0.497817242717967,1010.7440407831601,0.04020778176477123,389.65907430998266,3,0,0,16,0.0,533,162.0,0.38965907430998264,315.27152531947104,209423.64422053957,775.4122495514446,500000.0,0.45926358598905237,0,11,39.68279695691555,0,E9,search,16,25.35222962623659,9.449481711449796,0.4519583940979634,0.6703174461085302,13.89127685574303,marketplace
2.893107101193785,4.300739441421138,4.834863299614294,8.55516513786307,4.384329954068926,5.644061312779013,5.703454258255685,7.470044931780467,,,17.455242202555215,21.98061195635437,13.25606915874846,38.10968688667745,4.860085167342675,4.300739441421138,1.0,1.0,22776.714596747763,525519.2910413912,525519.2910413912,536,1.0,0.0,0.0,0.0,16.663901836286474,15.595985148783257,21.49496887525629,17.00595175330891,2.893107101193785,308.0242313873025,1667.3262897981103,839.8395758314772,0.5037043924576814,971.948005061816,0.03866776383824016,357.3689396017186,2,0,2,19,0.0,508,162.0,0.35736893960171856,308.9465443178451,199783.49806428573,812.6665641191189,500000.0,0.4503335015566126,0,13,42.848126899152554,1,E9,search,16,25.35222962623659,9.449481711449796,0.4519583940979634,0.6703174461085302,13.89127685574303,marketplace
8.613482427303996,19.86625226776714,5.7269727703077535,11.039413750973562,6.186442042640995,13.894803784382475,4.68371236716564,5.106472912999175,,,16.760196687336258,18.864096221597265,8.320509134266393,14.27953164080327,5.768866197039955,19.86625226776714,1.0,1.0,29310.196036041838,532277.3226155266,517873.34282247716,549,0.9729389564780431,14403.979793049497,0.02706104352195697,0.0,15.944303126955166,15.595985148783257,18.864096221597286,16.451891970009473,8.613482427303996,297.3112990337195,1757.817953360981,885.410159523296,0.5036984392100303,1018.9672974438324,0.03941773452707423,369.0783360798405,2,0,0,12,0.0,531,162.0,0.3690783360798405,313.5304811233326,206433.17507222013,786.5454681849244,500000.0,0.45391210278719196,0,8,27.23907160820494,2,E9,search,16,25.35222962623659,9.449481711449796,0.4519583940979634,0.6703174461085302,13.89127685574303,marketplace
3.437408829815942,5.867236769480133,5.192305095059142,8.110212782152121,6.171971559642179,11.372252005061817,34.10937453661609,34.10937453661609,50.02432245581622,50.02432245581622,17.4441080660074,19.575723727949324,9.065519486223982,4.676887630746478,6.80537734870028,5.867236769480133,1.0,1.0,28096.063942230638,531327.860284328,531327.860284328,562,1.0,0.0,0.0,0.0,16.265809764628514,15.595985148783257,18.86409622159772,17.49744311036633,3.437408829815942,320.60680062093047,1854.546597743912,916.7056666202369,0.49430177043565543,1088.706717076823,0.04260314703802436,407.4820987107283,4,0,2,18,0.0,541,162.0,0.40748209871072827,305.66340340557724,195215.81398844608,831.9381446644628,500000.0,0.45197633053955455,0,4,12.984768772447051,3,E9,search,16,25.35222962623659,9.449481711449796,0.4519583940979634,0.6703174461085302,13.89127685574303,marketplace
4.93174082575053,10.442551567507058,5.124657257498939,8.12579257251591,3.59762303254926,4.8310978547708165,,,61.19928432494885,106.21985159582633,17.823680589371744,22.23070043779163,3.4875166467043774,6.681906091819657,4.31622737370205,10.442551567507058,0.9444444444444444,1.0,32491.15341102122,538255.453584505,538255.4535845051,550,1.0000000000000002,0.0,0.0,0.0,16.80313414538067,15.595985148783257,22.00961412164827,19.586819800406474,4.93174082575053,367.0564660252656,1745.2836908466759,879.1481640543626,0.5037279432937738,1024.2668610882927,0.041489771140795134,389.89901878054593,4,0,1,16,0.0,523,162.0,0.3898990187805459,301.6967091319691,195358.18462573783,831.2418511150834,500000.0,0.4645474678512964,0,11,29.099586090286312,4,E9,search,16,25.35222962623659,9.449481711449796,0.4519583940979634,0.6703174461085302,13.89127685574303,marketplace
7.702177395190794,18.258621566343674,11.701307499324312,17.395662021117463,18.671707362378335,65.88487267564888,63.27263731718904,94.7322586485434,,,17.509188112490587,19.425449177297565,3.537725126938817,5.471676933005142,24.339040083915265,18.258621566343674,0.9259259259259259,0.8771929824561403,43452.69323580841,547328.4080016714,547328.4080016714,573,1.0,0.0,0.0,0.0,17.014533421403012,15.595985148783257,19.711588093255322,19.55862133315919,7.702177395190794,373.68389061250934,1817.6338666522006,900.8596220891735,0.49562215945525767,1101.034467635968,0.04368928867689164,425.8691361664081,3,0,0,23,0.0,543,162.0,0.42586913616640815,296.76126208978064,183113.174918624,887.0244820360355,500000.0,0.5111944749852917,0,9,21.657119542926836,5,E9,search,16,25.35222962623659,9.449481711449796,0.4519583940979634,0.6703174461085302,13.89127685574303,marketplace
5.280980774543183,10.397500169075798,16.250303772845236,49.68275250865595,4.140650535343672,6.820094797811182,8.996946876740196,13.10204705109452,,,17.59978022664752,21.386025751554644,6.123737041633717,7.649293289044729,11.509428762556439,10.397500169075798,0.9285714285714286,0.9423076923076923,31608.77227884693,533346.8920584851,533346.8920584851,565,1.0,0.0,0.0,0.0,16.4665353041656,15.66040520208469,21.39286633141437,16.959713070290416,5.280980774543183,307.51189043604285,1792.9840525405725,898.7560698584682,0.5012627237732393,1038.7878552985112,0.044332003502876416,447.1438594704696,6,0,0,18,0.0,537,162.0,0.4471438594704696,304.5806515014941,194273.48591322728,836.177634306865,500000.0,0.4816395255144245,0,9,31.825632658214676,6,E9,search,16,25.35222962623659,9.449481711449796,0.4519583940979634,0.6703174461085302,13.89127685574303,marketplace
3.7418988128892012,6.262844946684629,7.1193570602829785,19.124237716926295,2.5782435811845485,3.008594643959077,6.670527379440713,7.325721215742098,12.445488679393549,12.445488679393549,16.858491757113747,18.874273487193125,4.461756301262812,6.833250698555951,5.379037032217545,6.262844946684629,1.0,1.0,40773.60461111535,544565.4292464787,544565.4292464787,582,1.0,0.0,0.0,0.0,15.117652299160902,15.595985148783257,18.86409622159681,16.01513721458215,3.7418988128892012,297.5375770028709,1930.60631595088,964.3928067310094,0.49952846355214464,1154.872787804281,0.0428493796990226,406.0234444817608,2,0,1,15,0.0,561,162.0,0.4060234444817608,298.2305058718193,186746.75470439772,869.6591472315274,500000.0,0.45870094142199686,0,8,23.9162420066193,7,E9,search,16,25.35222962623659,9.449481711449796,0.4519583940979634,0.6703174461085302,13.89127685574303,marketplace
4.595997627927531,5.422457569304057,5.1936789038854405,9.461347941055466,7.325733430624979,17.466402118876545,,,,,31.836761833574407,65.88499715170201,3.7547662930503676,4.841800004592187,5.8669592807505575,5.422457569304057,0.9583333333333334,1.0,13968.57625752051,515078.73700219905,515078.73700219905,554,1.0,0.0,0.0,0.0,29.20841067764491,22.550997279651938,65.88499715170178,31.127868607137792,4.595997627927531,602.5018269199561,1714.663904961924,853.1937622286719,0.4975865881119239,935.6988166122276,0.03818070423097981,363.0546693212352,3,0,0,26,0.0,514,162.0,0.3630546693212352,315.2198741774659,209389.3342067319,775.4122495514446,500000.0,0.46412745050343523,0,4,12.474488350880392,0,E9,search,17,5.773904849049972,9.279056847445244,0.2761632438336319,0.41735912399179254,64.11586880535995,marketplace
2.805848400731846,4.589128089434416,4.911365916316527,7.421432118916755,4.186564020861534,5.0455435820732415,5.59689736480171,7.470044931780467,,,34.23107833082251,66.20955615567773,15.697990217233869,45.44410396413588,4.79940769261514,4.589128089434416,1.0,1.0,22776.714596747763,525519.2910413912,525519.2910413911,536,0.9999999999999998,0.0,0.0,0.0,32.34086666164083,28.056758085362162,66.19579974336011,32.99036669164886,2.805848400731846,646.7709989326202,1600.188454572676,804.5356894035874,0.5027755869032535,872.5213836387059,0.03704809814000549,345.93355407846263,2,0,4,29,818.5948957851573,487,162.0,0.34593355407846266,308.92478415467286,199769.42662831413,812.6665641191189,500000.0,0.44983054022193275,0,7,25.31403672264863,1,E9,search,17,5.773904849049972,9.279056847445244,0.2761632438336319,0.41735912399179254,64.11586880535995,marketplace
7.9647571106973745,18.95373524015622,7.063108504105031,13.7759053733404,4.7936080825544805,8.629941525641698,4.943728098031215,5.15847605917229,,,31.78063571706276,65.90202009273051,8.535898305792587,14.27953164080327,5.947123295264348,18.95373524015622,1.0,1.0,29310.196036041838,532277.3226155266,516873.34282247716,548,0.9710602365748803,14403.979793049497,0.02706104352195697,1000.0,29.603669221418997,23.279725340775713,65.88499715170201,30.921275689478684,7.9647571106973745,597.6363041671902,1628.4971807954148,802.4820608564033,0.49277460859001493,907.2753960903515,0.038726400757625554,378.918862282634,2,0,0,30,0.0,501,162.0,0.378918862282634,314.1561102292182,206664.40041344767,785.7130620340581,500000.0,0.4651355429734445,0,5,16.095475082029036,2,E9,search,17,5.773904849049972,9.279056847445244,0.2761632438336319,0.41735912399179254,64.11586880535995,marketplace
3.2860229023231606,4.608843417060416,8.268840308175694,9.425479539744083,5.569771223199405,8.945844912122718,214.1093745366161,214.1093745366161,86.02432245581622,86.02432245581622,32.50314223634238,66.20709741821338,6.403196755080249,10.964400278705313,15.720917115620589,4.608843417060416,1.0,0.9787234042553191,28096.063942230638,531327.860284328,531327.860284328,562,1.0,0.0,0.0,0.0,30.0358020155275,24.35540593014821,65.99966886524827,33.412549805009554,3.2860229023231606,649.5050983118231,1751.7264065712395,862.2552430242592,0.4922316862894154,1008.0055062332848,0.041516192304538,382.9065378454383,4,0,2,31,0.0,506,162.0,0.3829065378454383,305.61715030518053,195186.27385854232,831.9381446644628,500000.0,0.46516086542262897,0,2,5.271203659540177,3,E9,search,17,5.773904849049972,9.279056847445244,0.2761632438336319,0.41735912399179254,64.11586880535995,marketplace
3.583285868756573,4.534639323497322,5.400430443025925,9.91123416024975,2.899333929755509,3.6230344779225563,,,61.19928432494885,106.21985159582633,34.27711902449564,66.20955615567773,3.284360627369184,5.255972819686668,4.076320524235705,4.534639323497322,1.0,1.0,32491.15341102122,538255.453584505,538255.453584505,550,1.0,0.0,0.0,0.0,31.70445702473298,27.938005434511865,66.20709741821292,34.84028358800219,3.583285868756573,704.3412897061668,1682.9646702378343,843.4039013657012,0.5011417745605513,910.0728764453872,0.03969405089361201,375.1601373262876,4,0,1,25,0.0,508,162.0,0.3751601373262876,301.6693264434035,195340.45346670816,831.2418511150833,500000.0,0.47823587837286174,0,13,34.756345713882915,4,E9,search,17,5.773904849049972,9.279056847445244,0.2761632438336319,0.41735912399179254,64.11586880535995,marketplace
6.698624652851033,10.266646436065276,10.87696353040137,21.616894803962815,14.147892250778465,24.262386116813992,68.93276758066106,104.26976940361328,,,34.21950552262781,66.4013355515268,3.515035134405842,5.104387630960332,23.578433913912342,10.266646436065276,0.9259259259259259,0.9122807017543859,43452.69323580841,547328.4080016714,545328.4080016714,571,0.996345886727674,0.0,0.0,2000.0,31.49872188347372,27.35814085470156,66.20709741821292,35.093587703370105,6.698624652851033,714.7788334407772,1747.1665379360522,865.7014372768748,0.49548879198404167,1042.3929001209615,0.042510094677227425,416.0147665905978,3,0,0,29,39.271998098109954,518,162.0,0.41601476659059783,297.831567883573,183771.29346637917,883.7942624390598,500000.0,0.5171650084027603,0,8,18.632451798064853,5,E9,search,17,5.773904849049972,9.279056847445244,0.2761632438336319,0.41735912399179254,64.11586880535995,marketplace
5.908071790954673,15.832928554486315,15.216995597615673,41.8298668427333,5.683732808183322,11.529478368520905,10.067879662514372,12.368646986263002,,,31.109884598388316,66.05134761704494,8.305038722527561,28.97694110153727,11.57827462818102,15.832928554486315,0.9285714285714286,0.9807692307692307,31608.77227884693,533346.8920584851,532346.8920584851,564,0.9981250476661813,0.0,0.0,1000.0,28.501954821297343,21.670973639464137,65.88499715170201,29.69051680710286,5.908071790954673,570.7295746819069,1689.7477695803318,837.8468327969816,0.49584136039728016,960.5044182360494,0.04322135754061384,439.65806753225917,6,0,0,37,0.0,507,162.0,0.43965806753225917,305.13873658472716,194458.11455236693,835.3452281559987,500000.0,0.48460272535944054,0,6,22.102732258313686,6,E9,search,17,5.773904849049972,9.279056847445244,0.2761632438336319,0.41735912399179254,64.11586880535995,marketplace
3.7275774396301435,6.262844946684629,7.113217841923113,16.78238298117977,6.521139877310737,10.119991014544695,6.191021358897288,6.846215195198672,11.965982658850123,11.965982658850123,31.664762001575472,66.20709741821297,7.532784862010033,4.350987064684437,6.814338898274653,6.262844946684629,1.0,1.0,40773.60461111535,544565.4292464787,544565.4292464787,582,1.0,0.0,0.0,0.0,28.000802713937617,18.55291219670619,65.88499715170201,29.73433635004485,3.7275774396301435,590.498468266571,1831.9860431326338,910.4111285344985,0.49695309194480897,1045.710541774556,0.04173450297971996,392.6119563670893,2,0,1,33,10.0,524,162.0,0.3926119563670893,298.20587799903416,186731.3331588907,869.6591472315274,500000.0,0.47008235863397996,0,8,22.74904426134362,7,E9,search,17,5.773904849049972,9.279056847445244,0.2761632438336319,0.41735912399179254,64.11586880535995,marketplace
3.1530403831305343,5.892053033816958,5.9484168194226275,11.295703315100539,7.460211912902262,15.673708911691875,,,,,16.43096835625193,25.25808582821901,3.6803469304624574,8.316295193112182,6.425825796310933,5.892053033816958,1.0,1.0,13968.57625752051,515078.73700219905,515078.73700219905,554,1.0,0.0,0.0,0.0,15.259443418205944,21.663780990036685,25.097035694965598,16.125317299659795,3.1530403831305343,288.59783973843986,1760.1952435265516,875.9162271308696,0.49762447112172126,1011.2840136488364,0.039162689286503884,368.26812559907734,3,0,0,17,0.0,533,162.0,0.36826812559907735,315.22999584606396,209396.0576706453,775.4122495514446,500000.0,0.4687561467711407,0,5,14.545702857355158,0,E9,search,18,19.247151156674423,5.696942744738079,0.18814391806496006,0.5671209334021343,20.28526646236545,marketplace
2.9046583662590097,4.300739441421138,3.3798045432139645,4.01664504808511,4.384329954068926,5.644061312779013,5.703454258255685,7.470044931780467,,,17.19371092334611,25.258085828219965,13.804790127491872,38.10968688667745,4.236488557456819,4.300739441421138,1.0,1.0,22776.714596747763,525519.2910413912,524519.2910413912,535,0.9980971202826477,0.0,0.0,1000.0,16.40967476063632,21.667874488894086,25.25808582821992,16.75616870615286,2.9046583662590097,307.7437806383657,1684.5987547859306,848.0549781662581,0.5034166003963503,958.8897586434581,0.037194220974415784,344.45831157677264,2,0,2,13,0.0,517,162.0,0.34445831157677265,309.5109390338243,199972.44106834612,811.8341579682526,500000.0,0.44893593939222026,0,9,24.270244201193155,1,E9,search,18,19.247151156674423,5.696942744738079,0.18814391806496006,0.5671209334021343,20.28526646236545,marketplace
9.75191946015277,20.83360831142745,5.871984527460057,9.530963993471731,4.116765799565731,7.4311801824133,4.943728098031215,5.15847605917229,,,16.200137088372784,25.09703569496469,9.270079409145183,14.27953164080327,5.09774545082108,20.83360831142745,0.9090909090909091,1.0,29310.196036041838,532277.3226155266,516873.34282247716,548,0.9710602365748803,14403.979793049497,0.02706104352195697,1000.0,15.478002620319552,20.947523972549675,25.097035694963417,15.896103308952654,9.75191946015277,285.7823975108737,1703.1657703805702,840.7068777276673,0.4936142402273693,982.1882212836666,0.03902939566969686,379.26122750185186,2,0,0,18,0.0,526,162.0,0.37926122750185187,314.1567726066148,206664.836151678,785.7130620340581,500000.0,0.45514610518913673,0,5,14.290695482707848,2,E9,search,18,19.247151156674423,5.696942744738079,0.18814391806496006,0.5671209334021343,20.28526646236545,marketplace
3.1700559260446366,4.884686520215292,7.876915838803195,8.66892568860949,6.307413466593744,13.555578301028799,34.10937453661609,34.10937453661609,50.02432245581622,50.02432245581622,15.967376679942063,25.25808582821901,6.144918279923884,4.168083563079973,8.315975629458128,4.884686520215292,1.0,1.0,28096.063942230638,531327.860284328,531327.860284328,562,1.0,0.0,0.0,0.0,14.93280466148008,19.253077482199842,25.242624314216943,16.10844632739164,3.1700559260446366,294.3799860486475,1846.6424321894058,912.3906062541796,0.49408081951871763,1100.1114435643753,0.04184675948599766,378.9221461729585,4,0,2,19,0.0,538,162.0,0.3789221461729585,305.60965137284455,195181.4845701823,831.9381446644628,500000.0,0.4624189066517097,0,2,6.686917343769473,3,E9,search,18,19.247151156674423,5.696942744738079,0.18814391806496006,0.5671209334021343,20.28526646236545,marketplace
2.643846156141864,4.4262447179028666,5.189661190215361,8.12579257251591,7.806122265424973,26.423799395296008,,,61.19928432494885,106.21985159582633,17.910520565393625,27.80999062338583,3.0342804416640705,4.811088618940994,6.574846465326332,4.4262447179028666,1.0,1.0,32491.15341102122,538255.453584505,538255.4535845051,550,1.0000000000000002,0.0,0.0,0.0,16.866302032380805,21.667874488894086,26.97368418788684,19.677562637125394,2.643846156141864,370.8061216891706,1753.4177251827548,884.8843849443318,0.504662621026089,987.7098374293632,0.040427796152336985,377.21693761369886,4,0,1,18,0.0,524,162.0,0.3772169376136989,301.67314767786326,195342.92783717523,831.2418511150834,500000.0,0.46177564256357756,0,13,35.8310134587449,4,E9,search,18,19.247151156674423,5.696942744738079,0.18814391806496006,0.5671209334021343,20.28526646236545,marketplace
7.215135269830533,14.44775196394969,8.667220816870943,13.235131466445047,19.021344354654126,72.60273924177018,62.7931312966457,94.25275262800005,,,17.55444322101757,26.07389679584221,3.39951872202203,5.270174942417157,22.94377742542029,14.44775196394969,0.9259259259259259,0.8947368421052632,43452.69323580841,547328.4080016714,546328.4080016714,572,0.998172943363837,0.0,0.0,1000.0,16.953114408895377,21.667874488894086,27.29321159041189,19.564152223145307,7.215135269830533,372.6361441460274,1820.7982023367458,901.9657261878959,0.49536830881662014,1077.28273923019,0.041995863784090016,407.62377995083216,3,0,0,24,39.271998098109954,538,162.0,0.40762377995083215,297.27105784961117,183264.5858604983,886.1920758851692,500000.0,0.4984930984648391,0,9,21.26805362783494,5,E9,search,18,19.247151156674423,5.696942744738079,0.18814391806496006,0.5671209334021343,20.28526646236545,marketplace
5.63022556520812,13.37826284723129,12.71152076799453,40.6730738812488,13.36982236283133,34.309278916662706,8.996946876740196,13.10204705109452,,,16.671809874363806,26.440882878752777,6.823887542151895,21.431936209217284,12.284429751279541,13.37826284723129,0.9285714285714286,0.9807692307692307,31608.77227884693,533346.8920584851,533346.8920584851,565,1.0,0.0,0.0,0.0,15.711660362984807,19.527910455971323,27.129454197185655,16.188520073871587,5.63022556520812,286.2076747881559,1804.6832077176055,904.5202061909619,0.501207193773867,1061.4271077741716,0.04391499110318239,439.8031046803835,6,0,0,20,0.0,532,162.0,0.4398031046803835,304.56688793616854,194264.70697142248,836.177634306865,500000.0,0.4793822574478212,0,7,23.723001630215908,6,E9,search,18,19.247151156674423,5.696942744738079,0.18814391806496006,0.5671209334021343,20.28526646236545,marketplace
4.527993927981998,5.507693704394249,7.3528035378696295,20.467540188436224,2.504203767682785,2.9199910145446895,6.670527379440713,7.325721215742098,12.445488679393549,12.445488679393549,16.4770221495404,25.25808582821901,6.648993794101079,6.2260352725114965,5.47772227751382,5.507693704394249,0.972972972972973,1.0,40773.60461111535,544565.4292464787,544565.4292464787,582,1.0,0.0,0.0,0.0,14.91913668269292,14.504638572565568,25.25808582821901,15.704122885133575,4.527993927981998,290.685606951558,1913.4330280590564,953.4308594156332,0.49828284838522524,1109.4349232729173,0.042028033887503306,399.3364792885769,2,0,1,16,0.0,558,162.0,0.3993364792885769,298.21822641955504,186739.06552500548,869.6591472315274,500000.0,0.46097615366113615,0,10,29.825027520204983,7,E9,search,18,19.247151156674423,5.696942744738079,0.18814391806496006,0.5671209334021343,20.28526646236545,marketplace
3.4004361111663073,7.1447578728353465,5.415205284584895,9.461347941055466,7.290464793210835,17.466402118876545,,,,,19.066792518684387,30.879924430909693,5.218011257628027,9.940326843352523,6.007392497835191,7.1447578728353465,1.0,1.0,13968.57625752051,515078.73700219905,515078.73700219905,554,1.0,0.0,0.0,0.0,17.665244237008956,18.624434897720903,30.879924430909067,18.67991946190699,3.4004361111663073,337.635524905023,1746.0386294395025,866.071337409166,0.4960207195915157,982.4743919957434,0.03916677628053552,388.9969618244934,3,0,0,21,102.4925070669722,528,162.0,0.3889969618244934,315.27023986068986,209422.79033605958,775.4122495514446,500000.0,0.4511081164227253,0,3,8.544387343355776,0,E9,search,19,1.1417186007371727,8.76218808109271,0.23386510840704805,0.6559628794889278,25.90710506505531,marketplace
2.9046583662590097,4.300739441421138,3.3798045432139645,4.01664504808511,4.384329954068926,5.644061312779013,5.59689736480171,7.470044931780467,,,19.029706030910088,30.950862962996865,14.577176411803975,40.33630261882373,4.2136549374309675,4.300739441421138,1.0,1.0,22776.714596747763,525519.2910413912,524519.2910413912,535,0.9980971202826477,0.0,0.0,1000.0,18.131634745653606,21.048463810641806,30.87992443090934,18.510103314478414,2.9046583662590097,344.170838871316,1679.754011491747,845.7074533246729,0.5034710127428846,976.5381996977619,0.03782660582918739,349.9980029045719,2,0,2,19,0.0,514,162.0,0.3499980029045719,309.521500497287,199979.26474196644,811.8341579682526,500000.0,0.46642073397199235,0,9,24.270244201193155,1,E9,search,19,1.1417186007371727,8.76218808109271,0.23386510840704805,0.6559628794889278,25.90710506505531,marketplace
10.719225817703887,25.429259151175135,6.797650382526513,13.7759053733404,7.729222842907727,18.696490005759642,4.847384793532797,4.985058111075136,,,18.223757001437495,30.718874297654565,9.820799443980707,14.27953164080327,6.903206856545253,25.429259151175135,0.8636363636363636,1.0,29310.196036041838,532277.3226155266,516873.34282247716,548,0.9710602365748803,14403.979793049497,0.02706104352195697,1000.0,17.42328068484545,18.16039188633627,30.718874297654565,17.911878844363624,10.719225817703887,323.2078913469462,1679.8000493758561,828.263013893263,0.49307238334765563,974.4691918937749,0.039874724374098086,392.85095280668065,2,0,0,22,0.0,519,162.0,0.39285095280668064,314.18306478339963,206682.1321926394,785.7130620340581,500000.0,0.46410717571479426,0,5,13.60509365293776,2,E9,search,19,1.1417186007371727,8.76218808109271,0.23386510840704805,0.6559628794889278,25.90710506505531,marketplace
3.2152898491559605,4.572473071836066,8.268840308175694,9.425479539744083,5.569771223199405,8.945844912122718,214.1093745366161,214.1093745366161,86.02432245581622,86.02432245581622,18.858480837191394,30.87992443090934,5.704999627021964,15.820972908018684,15.720917115620589,4.572473071836066,1.0,0.9787234042553191,28096.063942230638,531327.860284328,531327.860284328,562,1.0,0.0,0.0,0.0,17.87613596643292,18.394613027441324,30.718874297654565,20.546398622369832,3.2152898491559605,377.3684412533502,1831.0663159783403,906.4472343850127,0.49503790576841955,1076.7025113810262,0.044566398991860566,402.51197987698146,4,1,2,24,0.0,533,162.0,0.40251197987698145,305.6540492587213,195209.83984377483,831.9381446644628,500000.0,0.4422015633035195,0,3,8.933453258447669,3,E9,search,19,1.1417186007371727,8.76218808109271,0.23386510840704805,0.6559628794889278,25.90710506505531,marketplace
2.7654250837476613,4.707089102812373,5.19916091490893,8.12579257251591,2.6459067188800165,2.9339288334977027,,,61.84917933867223,107.77326743696308,20.83788730503456,33.06516092526988,3.318223656551866,5.208471792655292,3.847438105246564,4.707089102812373,1.0,1.0,32491.15341102122,538255.453584505,538255.4535845051,550,1.0000000000000002,0.0,0.0,0.0,19.456296396411727,19.68512376846229,31.763808392309425,22.374896179483507,2.7654250837476613,426.9912602104278,1721.583390370362,863.4737100672421,0.5015578768342347,985.896631599327,0.04110325500707064,387.58607286724845,4,0,1,23,0.0,519,162.0,0.38758607286724844,301.6924120163563,195355.40210713606,831.2418511150834,500000.0,0.4728410802285105,0,10,27.194096114975427,4,E9,search,19,1.1417186007371727,8.76218808109271,0.23386510840704805,0.6559628794889278,25.90710506505531,marketplace
7.932869577077592,16.830519616141387,9.263703380086444,16.802941701362673,19.183349935136164,73.14275784337697,62.7931312966457,94.25275262800005,,,20.206923126245275,30.900278962100774,3.7037098199561385,6.824269469871979,23.276137815081537,16.830519616141387,0.9259259259259259,0.8947368421052632,43452.69323580841,547328.4080016714,546328.4080016714,572,0.998172943363837,0.0,0.0,1000.0,19.326897919841315,22.148310834223366,31.48731992457255,22.005817249530132,7.932869577077592,427.9283597994885,1820.3749271692095,909.7972878461526,0.49978566188062207,1064.2444704137738,0.042262805624682105,413.35196573092617,3,0,0,28,39.271998098109954,531,162.0,0.41335196573092614,297.2815427259167,183271.04968017802,886.1920758851692,500000.0,0.4990691054582263,0,10,22.573980338095737,5,E9,search,19,1.1417186007371727,8.76218808109271,0.23386510840704805,0.6559628794889278,25.90710506505531,marketplace
6.235742844374292,16.168582768866653,15.367184166576775,41.92576804684197,4.472291234142631,7.134013618000928,8.996946876740196,13.10204705109452,,,19.06268159311365,31.625362348799406,9.937977157011092,33.05196646234665,11.12780084631072,16.168582768866653,0.9285714285714286,0.9807692307692307,31608.77227884693,533346.8920584851,533346.8920584851,565,1.0,0.0,0.0,0.0,17.880004459383905,17.593908032269155,31.307210857046645,18.345567667948963,6.235742844374292,330.5446567226862,1757.5554206057398,873.8361853020805,0.4971884101389609,1011.720608707747,0.04327333250879701,444.6658008354658,6,0,0,24,66.63249534915276,527,162.0,0.44466580083546575,304.57600525967314,194270.52235795706,836.177634306865,500000.0,0.4749958726328611,0,5,17.036084286446435,6,E9,search,19,1.1417186007371727,8.76218808109271,0.23386510840704805,0.6559628794889278,25.90710506505531,marketplace
4.04067745917605,6.262844946684629,7.086053277984354,13.238046336980736,6.578243581184548,10.119991014544695,6.191021358897288,6.846215195198672,11.965982658850123,11.965982658850123,19.580210310047942,30.87992443090941,6.395935682271613,4.350987064684437,6.821038648427172,6.262844946684629,1.0,1.0,40773.60461111535,544565.4292464787,544565.4292464787,582,1.0,0.0,0.0,0.0,17.599999733470824,15.219918042821973,30.87992443090934,18.628774231667126,4.04067745917605,352.03181106731313,1889.871265753425,938.727349750062,0.4967149703584834,1086.9982125389258,0.04194295273661638,404.1267737020799,2,0,1,22,10.0,552,162.0,0.4041267737020799,298.2270229647565,186744.5737685843,869.6591472315274,500000.0,0.45783136090448345,0,11,32.46062934997508,7,E9,search,19,1.1417186007371727,8.76218808109271,0.23386510840704805,0.6559628794889278,25.90710506505531,marketplace
3.1862719398119688,5.604429166728224,5.366819905283093,9.461347941055466,7.321230603826365,17.466402118876545,,,,,11.982015317237483,17.20391218073237,3.5653108350444067,4.841800004592187,5.984002231138863,5.604429166728224,1.0,1.0,13968.57625752051,515078.73700219905,515078.73700219905,554,1.0,0.0,0.0,0.0,11.22814557175335,13.739270976469925,17.16843218253962,11.796356411221437,3.1862719398119688,196.9322461082861,1782.6898186271605,890.2840772064177,0.4994049261424629,1028.0555635077123,0.03945294274417344,378.56053901021517,3,0,0,12,0.0,538,162.0,0.37856053901021514,315.24997805979507,209409.3311434555,775.4122495514446,500000.0,0.4550201244144783,0,6,13.571745488482872,0,E9,search,20,22.539747595647835,0.2519687080176036,0.18609263628260198,0.31972769134967255,12.356662949940635,marketplace
2.9046583662590097,4.300739441421138,3.3220232696883065,4.01664504808511,4.487116621041696,5.644061312779013,5.59689736480171,7.470044931780467,,,12.572780840881645,17.329482315795303,13.61793518522911,38.30148929489461,4.225601058410247,4.300739441421138,1.0,1.0,22776.714596747763,525519.2910413912,525519.2910413912,536,1.0,0.0,0.0,0.0,12.097843763151223,13.910859619282103,17.32948231579485,12.360201700548657,2.9046583662590097,209.53582164010115,1680.056566554609,845.1776022366688,0.5030649676099445,973.499989761009,0.037535876578439646,346.05758086280093,2,0,2,13,0.0,515,162.0,0.3460575808628009,308.9250201627251,199769.57924537727,812.6665641191189,500000.0,0.44393408527900374,0,8,21.63464237142307,1,E9,search,20,22.539747595647835,0.2519687080176036,0.18609263628260198,0.31972769134967255,12.356662949940635,marketplace
7.8749604277587135,19.43324126069956,7.073986247511215,13.7759053733404,3.5291789292546887,5.793024205950587,4.943728098031215,5.15847605917229,,,11.873341841770404,17.32948231579403,9.254000570200994,14.27953164080327,5.4784012344800175,19.43324126069956,1.0,1.0,29310.196036041838,532277.3226155266,517873.34282247716,549,0.9729389564780431,14403.979793049497,0.02706104352195697,0.0,11.47425951970817,13.739270976469925,17.32948231579412,11.694416500079198,7.8749604277587135,193.81570987177776,1748.5858144469848,863.8517599886034,0.49402880479263683,1009.6380555913806,0.04224118614518765,413.5908722720224,2,1,0,7,0.0,538,162.0,0.4135908722720224,313.6164336768075,206489.76752363288,786.5454681849244,500000.0,0.413375864669799,0,7,18.876297312477938,2,E9,search,20,22.539747595647835,0.2519687080176036,0.18609263628260198,0.31972769134967255,12.356662949940635,marketplace
4.918701053671394,6.260796561086159,5.787574879432196,8.951873997138682,6.359166359499841,10.422723893633746,159.1090612373373,159.1090612373373,79.02400915653743,79.02400915653743,11.637578914005433,17.32948231579394,8.459862464629136,21.529330472683093,12.41413326103976,6.260796561086159,0.9565217391304348,0.9787234042553191,28096.063942230638,531327.860284328,531327.860284328,562,1.0,0.0,0.0,0.0,11.436513991394055,13.739270976469925,17.174223676449856,13.293977774832085,4.918701053671394,234.95889844658151,1874.6805817215056,926.0787972723772,0.4939928467291029,1109.924027906864,0.04234087625809341,390.0361225727238,4,0,3,14,0.0,546,162.0,0.3900361225727238,305.6305687333493,195194.84370808344,831.9381446644628,500000.0,0.45874411054752545,0,4,12.984768772447051,3,E9,search,20,22.539747595647835,0.2519687080176036,0.18609263628260198,0.31972769134967255,12.356662949940635,marketplace
3.022988640387565,5.622121782550951,5.774474208121092,8.12579257251591,3.027667082267625,4.399312836669196,,,61.19928432494885,106.21985159582633,13.999227749607728,19.54450149510877,3.9230819631733924,7.039035698964109,4.320282200316315,5.622121782550951,1.0,1.0,32491.15341102122,538255.453584505,538255.4535845051,550,1.0000000000000002,0.0,0.0,0.0,13.274311094377035,13.739270976469925,18.491122460993285,15.998654027439002,3.022988640387565,288.22799901910054,1756.7134615564353,884.0180905636806,0.5032226996088748,995.0523484888369,0.04357092936231395,422.526035072916,4,1,1,12,0.0,529,162.0,0.42252603507291603,301.75732536181886,195397.43555643698,831.2418511150834,500000.0,0.4563601932820401,0,11,30.515299774515608,4,E9,search,20,22.539747595647835,0.2519687080176036,0.18609263628260198,0.31972769134967255,12.356662949940635,marketplace
6.711060162188231,9.968625406011235,8.140445724364927,15.835790779691619,14.966765898150891,27.06818524884136,63.27263731718904,94.7322586485434,,,12.674028506059884,17.32948231579486,3.767951040048409,5.471676933005142,21.442324100858404,9.968625406011235,0.9259259259259259,0.9122807017543859,43452.69323580841,547328.4080016714,547328.4080016714,573,1.0,0.0,0.0,0.0,12.60343772613534,13.739270976469925,17.470089143758297,15.113748699634678,6.711060162188231,278.9163321811438,1857.738823703478,921.9747159438257,0.49628866242125014,1114.122224352112,0.04266511618209228,415.7794142796698,3,0,0,16,39.271998098109954,552,162.0,0.4157794142796698,296.7428275964504,183101.80012334936,887.0244820360355,500000.0,0.49240613989540966,0,11,24.048875858283843,5,E9,search,20,22.539747595647835,0.2519687080176036,0.18609263628260198,0.31972769134967255,12.356662949940635,marketplace
5.980951775583741,16.818609523173162,25.037002634844523,58.00301986479513,9.192528406585422,20.028399975307188,8.996946876740196,13.10204705109452,,,12.461063263765402,18.70346867000992,3.085373485301392,4.361306068340947,17.742355025251566,16.818609523173162,0.9285714285714286,0.9038461538461539,31608.77227884693,533346.8920584851,533346.8920584851,565,1.0,0.0,0.0,0.0,12.14853921683894,13.739270976469925,19.64241633298298,12.210382884637493,5.980951775583741,202.9419521330085,1802.795142986717,908.7405898942882,0.504073129678375,1064.7618972810735,0.044782054293070264,438.77783108879305,7,0,0,15,0.0,539,162.0,0.43877783108879304,304.56496559705516,194263.48082813722,836.177634306865,500000.0,0.4808055855204996,0,7,22.307287945986612,6,E9,search,20,22.539747595647835,0.2519687080176036,0.18609263628260198,0.31972769134967255,12.356662949940635,marketplace
3.6346316293457326,5.291504894726767,7.232886776498324,17.589623811124333,2.521139877310781,3.008594643959168,6.670527379440713,7.325721215742098,12.445488679393549,12.445488679393549,12.502702566226947,17.32948231579485,4.298209638250131,5.4743574073302215,5.419118406214861,5.291504894726767,1.0,1.0,40773.60461111535,544565.4292464787,544565.4292464787,582,1.0,0.0,0.0,0.0,11.364778653939553,13.739270976469925,17.32948231579485,12.017139059889539,3.6346316293457326,208.85552309011285,1932.1440551092837,959.3204130844482,0.4965056360821855,1146.9796477429088,0.04218503679780887,405.27327593781797,2,0,1,11,0.0,564,162.0,0.405273275937818,298.22912831734436,186745.89210374973,869.6591472315274,500000.0,0.43520535180624265,0,8,23.9162420066193,7,E9,search,20,22.539747595647835,0.2519687080176036,0.18609263628260198,0.31972769134967255,12.356662949940635,marketplace
3.4081251893027087,5.5695921538064255,7.5439376535361085,11.599396105887674,6.7305575911203634,15.6808746003627,,,,,31.854264764540684,65.12015452874675,4.108072770646185,4.841800004592187,7.2870807917206095,5.5695921538064255,1.0,1.0,13968.57625752051,515078.73700219905,515078.73700219905,554,1.0,0.0,0.0,0.0,29.228467007822033,22.962279745684555,65.12015452874653,31.093495499611024,3.4081251893027087,602.018943836257,1709.5199076126548,851.8632920097406,0.4983055700119737,932.1166882826135,0.03818174622258395,369.78572439235074,3,0,0,28,0.0,512,162.0,0.36978572439235075,315.2329421893786,209398.01482155971,775.4122495514446,500000.0,0.46407528326716774,0,5,15.231304687125247,0,E9,search,21,29.014447061921032,6.577607300385145,0.21411012319474065,0.6404310701418121,63.35102618240466,marketplace
2.7499915068665737,4.589128089434416,5.352116783102019,9.000651386705385,4.314432293006485,5.173411854218193,5.59689736480171,7.470044931780467,,,33.87697544515285,66.22770357561647,15.035881405354758,41.65191479295792,5.033968161289262,4.589128089434416,1.0,1.0,22776.714596747763,525519.2910413912,525519.2910413911,536,0.9999999999999998,0.0,0.0,0.0,32.0064632822294,28.063115418970938,65.44225479525812,32.64098904439726,2.7499915068665737,641.3041809267038,1604.9607533714484,805.9264910739537,0.5021471642723914,880.9681677234418,0.03717236119624169,355.44470089585786,2,0,3,28,0.0,492,162.0,0.3554447008958579,308.94288272304044,199781.1302558993,812.6665641191189,500000.0,0.44360746288170044,0,7,20.502508346665422,1,E9,search,21,29.014447061921032,6.577607300385145,0.21411012319474065,0.6404310701418121,63.35102618240466,marketplace
7.4836681498651805,18.182835237860218,7.567568055892508,13.7759053733404,4.565729042239127,7.2621885922872025,4.943728098031215,5.15847605917229,,,32.28062037830171,65.44225479525758,8.49945705108898,14.27953164080327,6.1138984310398286,18.182835237860218,1.0,1.0,29310.196036041838,532277.3226155266,516873.34282247716,548,0.9710602365748803,14403.979793049497,0.02706104352195697,1000.0,30.043771296584314,22.688506242515473,65.12015452874675,31.39616768270268,7.4836681498651805,604.326867636768,1627.5292425747261,802.6160814142793,0.4931500217744494,895.9495663803776,0.038490619902849355,376.87877245688554,2,0,0,30,0.0,499,162.0,0.37687877245688556,314.1521632471305,206661.80393144384,785.7130620340581,500000.0,0.45931802920518255,0,7,20.681076911799124,2,E9,search,21,29.014447061921032,6.577607300385145,0.21411012319474065,0.6404310701418121,63.35102618240466,marketplace
4.7454885135008205,5.692066441563839,8.542966184369229,9.548180629989474,5.916578936554652,9.052899580001302,159.1090612373373,159.1090612373373,79.02400915653743,79.02400915653743,32.179312297248856,65.44225479525812,4.0540996189884675,7.156314491780088,13.722225458320159,5.692066441563839,0.9565217391304348,0.9787234042553191,28096.063942230638,531327.860284328,531327.860284328,562,1.0,0.0,0.0,0.0,29.65109821931852,23.98837869122326,65.32092035948631,32.61305548342614,4.7454885135008205,637.254652555591,1758.9243842293313,865.7059337605909,0.4921791644499249,1005.8885077895858,0.04197748486160333,394.1964892043936,4,0,3,32,0.0,507,162.0,0.3941964892043936,305.63839886412666,195199.8445205337,831.9381446644628,500000.0,0.4606132767348119,0,2,5.271203659540177,3,E9,search,21,29.014447061921032,6.577607300385145,0.21411012319474065,0.6404310701418121,63.35102618240466,marketplace
3.583285868756573,4.534639323497322,5.400430443025925,9.91123416024975,2.7796367497721297,3.471513690024949,,,61.19928432494885,106.21985159582633,34.676794798218296,67.07493772219732,3.7473650026306586,6.210469035506777,4.0129514289503865,4.534639323497322,1.0,1.0,32491.15341102122,538255.453584505,538255.453584505,550,1.0,0.0,0.0,0.0,32.07678369586004,27.98448166012554,66.62788971683358,35.212823484736774,3.583285868756573,715.6793535320246,1702.4956814307013,853.2442537676417,0.501172639128584,923.0233864719955,0.03976985029080723,375.8241400457176,4,0,1,25,0.0,514,162.0,0.3758241400457176,301.6705600634533,195341.25227480303,831.2418511150833,500000.0,0.47828103196217436,0,13,34.756345713882915,4,E9,search,21,29.014447061921032,6.577607300385145,0.21411012319474065,0.6404310701418121,63.35102618240466,marketplace
6.641432500563023,9.968625406011235,10.600253486728933,21.616894803962815,14.147892250778465,24.262386116813992,68.93276758066106,104.26976940361328,,,33.90917439386063,66.67899152713353,3.515035134405842,5.104387630960332,23.449302560198536,9.968625406011235,0.9259259259259259,0.9122807017543859,43452.69323580841,547328.4080016714,545328.4080016714,571,0.996345886727674,0.0,0.0,2000.0,31.218576470427756,26.050478956099596,65.46684216990161,34.80871662307896,6.641432500563023,708.1902554235684,1745.6514192453335,865.0187247370222,0.4955277526775537,1030.6542953540516,0.042476748970374095,415.72265819856256,3,0,0,30,39.271998098109954,517,162.0,0.4157226581985626,297.8310322276494,183770.96295009903,883.7942624390598,500000.0,0.5158624535652044,0,8,18.632451798064853,5,E9,search,21,29.014447061921032,6.577607300385145,0.21411012319474065,0.6404310701418121,63.35102618240466,marketplace
5.341993089704987,10.195000169075742,14.565103158879275,41.26489339582842,5.643823540070441,11.529478368520905,10.067879662514372,12.368646986263002,,,31.151325595892825,65.43106759766961,10.771886048771254,33.05196646234665,11.213526020665881,10.195000169075742,0.9285714285714286,0.9807692307692307,31608.77227884693,533346.8920584851,530346.8920584851,562,0.9943751429985439,0.0,0.0,3000.0,28.54260457437808,22.07549896840078,65.12015452874675,29.71420381687148,5.341993089704987,573.0743150253139,1693.3759549325569,839.6227060683375,0.4958277006488956,944.5835220830334,0.04270422268211105,444.89491157353507,6,0,0,35,0.0,511,162.0,0.44489491157353506,306.2993247326499,195219.2824798101,832.1150085590232,500000.0,0.4715798531357766,0,6,22.102732258313686,6,E9,search,21,29.014447061921032,6.577607300385145,0.21411012319474065,0.6404310701418121,63.35102618240466,marketplace
3.566343175615957,5.038729584008365,6.776038926879328,16.01754035822451,2.5211398773107367,2.9199910145446895,6.191021358897288,6.846215195198672,11.965982658850123,11.965982658850123,32.05702116447242,65.4422547952573,6.511644269405127,4.350987064684437,5.1317003192926025,5.038729584008365,1.0,1.0,40773.60461111535,544565.4292464787,544565.4292464787,582,1.0,0.0,0.0,0.0,28.223066933752534,18.55291219670619,65.12015452874675,29.9828786520579,3.566343175615957,594.4458426935706,1830.3703472328666,909.5284337791082,0.49690951077421197,1049.6778629504627,0.04182835623015597,393.4341108409087,2,0,1,34,0.0,526,162.0,0.39343411084090874,298.2073877431891,186732.27853441672,869.6591472315274,500000.0,0.46956324277964184,0,8,22.74904426134362,7,E9,search,21,29.014447061921032,6.577607300385145,0.21411012319474065,0.6404310701418121,63.35102618240466,marketplace
4.7131364178641375,6.086192541366475,6.144539524894508,11.661013126220782,7.213442415762188,15.44112159009103,,,,,23.042146858068,43.022608621519836,4.78335534043621,6.355285327790625,6.482087806221144,6.086192541366475,0.9583333333333334,1.0,13968.57625752051,515078.73700219905,515078.73700219905,554,1.0,0.0,0.0,0.0,21.317626859432742,17.48327097360516,42.63915855911427,22.60108702058363,4.7131364178641375,428.1093267651579,1753.9103091073484,872.1285111642651,0.4972480671535219,955.7702236097794,0.03822033690503643,374.024079688597,3,0,0,20,0.0,530,162.0,0.374024079688597,315.2411707474451,209403.48075958004,775.4122495514446,500000.0,0.4446668075527314,0,3,7.1286736591264805,0,E9,search,22,10.326320009880787,5.902909822897147,0.34184218666977184,0.5310189550652828,39.298697081727326,marketplace
3.0255011857959784,4.300739441421138,3.3220232696883065,4.01664504808511,4.384329954068926,5.644061312779013,5.59689736480171,7.470044931780467,,,24.351323409105202,43.7362145705083,13.73576864181093,38.01159905503519,4.1888915344913995,4.300739441421138,1.0,1.0,22776.714596747763,525519.2910413912,524519.2910413911,535,0.9980971202826475,0.0,0.0,1000.0,23.086893011039237,20.541796979223363,43.30521564804926,23.56360313759694,3.0255011857959784,451.22118557288627,1649.2203728736072,828.1940981009247,0.5021730944651602,931.9315949032083,0.037430149698756264,349.1195066683398,2,0,2,26,0.0,504,162.0,0.3491195066683398,309.5198256375607,199978.18262904024,811.8341579682526,500000.0,0.4490464002465308,0,10,28.32155971519254,1,E9,search,22,10.326320009880787,5.902909822897147,0.34184218666977184,0.5310189550652828,39.298697081727326,marketplace
13.33539554273777,31.40873822261348,7.124397916181209,13.7759053733404,3.5291789292546887,5.793024205950587,5.183481108302885,5.206426661226624,,,23.04114541023877,43.688340890345536,10.323607673477495,15.984238933843244,5.5335761950989735,31.40873822261348,0.6363636363636364,1.0,29310.196036041838,532277.3226155266,516873.34282247716,548,0.9710602365748803,14403.979793049497,0.02706104352195697,1000.0,21.885049571494914,17.88178448484541,43.31508857615345,22.534375658278147,13.33539554273777,422.00350447519924,1662.995785085936,822.3748661763859,0.49451410132942064,949.3681655437871,0.039733716508128986,392.7751303570119,2,0,0,31,0.0,509,162.0,0.3927751303570119,314.18291808895174,206682.03569118955,785.7130620340581,500000.0,0.46078621774512135,0,6,21.67133203398657,2,E9,search,22,10.326320009880787,5.902909822897147,0.34184218666977184,0.5310189550652828,39.298697081727326,marketplace
3.1853176232836296,5.142686011546539,6.069703849329978,9.0077190296337,5.606379076547819,8.945844912122718,34.10937453661609,34.10937453661609,50.02432245581622,50.02432245581622,24.01877656987295,44.110466314325095,3.5582717250992055,6.805320021110405,7.0449714726409995,5.142686011546539,1.0,1.0,28096.063942230638,531327.860284328,531327.860284328,562,1.0,0.0,0.0,0.0,21.977882619613148,19.030961047945084,43.30521564804904,23.66898936744234,3.1853176232836296,453.31594806618983,1817.5893106997382,901.0954806020939,0.4957640734887403,1042.4469399355266,0.0419328522627566,385.6524732436687,5,0,2,29,0.0,527,162.0,0.3856524732436687,305.62231836731974,195189.5745070531,831.9381446644628,500000.0,0.47075280789657487,0,5,16.82233977955797,3,E9,search,22,10.326320009880787,5.902909822897147,0.34184218666977184,0.5310189550652828,39.298697081727326,marketplace
3.0874020253023042,5.057099854089666,4.698303630362375,6.554420941742228,5.2187368255553235,7.652971756396623,,,61.01560362651253,106.27283115507562,26.615739948765572,46.815422029282175,3.4671144614753056,4.719003758152121,4.973827086640995,5.057099854089666,1.0,1.0,32491.15341102122,538255.453584505,538255.4535845051,550,1.0000000000000002,0.0,0.0,0.0,24.75473084829696,24.7417394279596,45.6279904133825,27.735187341671356,3.0874020253023042,544.5341014951277,1690.4762657166555,847.2849010986147,0.5012107642572664,955.7244504759323,0.04044167415376309,374.78539736437835,4,0,1,29,294.3402142892679,511,162.0,0.3747853973643784,301.66863023129935,195340.00264729693,831.2418511150834,500000.0,0.4837261479083626,0,11,28.755030199883535,4,E9,search,22,10.326320009880787,5.902909822897147,0.34184218666977184,0.5310189550652828,39.298697081727326,marketplace
6.597827405481936,9.968625406011235,10.426633058958865,21.616894803962815,14.115925182742274,24.262386116813992,68.93276758066106,104.26976940361328,,,24.91812527309391,43.84337239072621,4.964706967763469,5.471676933005142,23.357624004560442,9.968625406011235,0.9259259259259259,0.9122807017543859,43452.69323580841,547328.4080016714,547328.4080016714,573,1.0,0.0,0.0,0.0,23.41600001416404,19.380858315616024,43.535263870858174,26.590020188240455,6.597827405481936,532.448221409452,1794.0984945180599,890.6252724943204,0.49641938567791105,1070.877911526078,0.04308250333382104,419.74990478019,3,0,0,29,39.271998098109954,534,162.0,0.41974990478019,296.7500819074682,183106.27631378258,887.0244820360355,500000.0,0.5155694687509448,0,8,18.243385882972962,5,E9,search,22,10.326320009880787,5.902909822897147,0.34184218666977184,0.5310189550652828,39.298697081727326,marketplace
5.334236627209614,10.519659135646965,13.101550569783162,40.6730738812488,4.576509585194084,7.134013618000928,8.996946876740196,13.10204705109452,,,23.470913385417877,46.902389101240004,8.139047541127665,20.871765534087185,9.930979667104188,10.519659135646965,0.9285714285714286,0.9807692307692307,31608.77227884693,533346.8920584851,533346.8920584851,565,1.0,0.0,0.0,0.0,21.644188404099058,16.535741529424968,45.99744348807354,22.462017115521714,5.334236627209614,415.85400244942514,1725.9260726392633,857.866457069396,0.4970470466081771,1005.691338415011,0.04419177369165175,452.62103207069526,6,0,0,37,0.0,516,162.0,0.45262103207069526,304.5909209390437,194280.03616328846,836.1776343068649,500000.0,0.48359143790141806,0,7,21.621686116216523,6,E9,search,22,10.326320009880787,5.902909822897147,0.34184218666977184,0.5310189550652828,39.298697081727326,marketplace
4.059610684880883,6.349843685331177,6.656749004479737,15.918767093367935,2.5782435811845485,2.9199910145446895,6.191021358897288,6.846215195198672,11.965982658850123,11.965982658850123,23.98932284847735,44.27151644758169,4.02631434900386,4.7995190660416265,5.088498833612171,6.349843685331177,1.0,1.0,40773.60461111535,544565.4292464787,544565.4292464787,582,1.0,0.0,0.0,0.0,21.236225534750663,15.428909101513682,43.48570468396187,22.546565561436466,4.059610684880883,437.8574849276898,1873.9654142150468,932.7222772494325,0.49772651628158493,1102.641485681036,0.042360350870472456,403.3743522413282,2,0,1,30,0.0,541,162.0,0.4033743522413282,298.2256412731904,186743.70857736177,869.6591472315274,500000.0,0.4730500647125897,0,8,23.9162420066193,7,E9,search,22,10.326320009880787,5.902909822897147,0.34184218666977184,0.5310189550652828,39.298697081727326,marketplace
2.942949945415878,5.531296787938322,5.593197243162431,10.84372334486125,6.643346917820423,15.119269614095288,,,,,8.249568760328472,9.324982241303587,4.815101301426978,8.236417689846803,5.924823456212323,5.531296787938322,1.0,1.0,13968.57625752051,515078.73700219905,515078.73700219905,554,1.0,0.0,0.0,0.0,7.871756207288715,6.1212912217906705,9.324982241303587,8.172792124057876,2.942949945415878,119.56032214831752,1796.7056922119025,896.0926464469131,0.49874203122479366,1044.4668300663836,0.039995682705055303,386.92140278142267,3,0,0,8,0.0,540,162.0,0.3869214027814227,315.26621026503005,209420.11361919795,775.4122495514446,500000.0,0.4592695123087946,0,8,27.012483067346658,0,E9,search,23,22.95742149835568,9.091793139905501,0.07553113903840775,0.9067226049998285,4.352162875449386,marketplace
2.7640373031166785,4.300739441420978,3.91612815556428,5.145716860292822,4.644547176815604,5.644061312779013,5.59689736480171,7.470044931780467,,,8.492048992734826,10.130232907580695,15.473057113585421,43.49583069429228,4.536442636562059,4.300739441420978,1.0,1.0,22776.714596747763,525519.2910413912,525519.2910413912,536,1.0,0.0,0.0,0.0,8.319601963845393,6.121291221791068,10.130232907580648,8.4995472446859,2.7640373031166785,128.82504680718085,1701.173127938345,850.7766617734142,0.500111745125243,1008.3630594316276,0.03819209409607371,354.14979165897734,2,0,2,6,818.5948957851573,527,162.0,0.35414979165897736,308.94041866651776,199779.53684810572,812.6665641191189,500000.0,0.4559604546579544,0,5,12.178064657438929,1,E9,search,23,22.95742149835568,9.091793139905501,0.07553113903840775,0.9067226049998285,4.352162875449386,marketplace
8.001821973530944,18.241194694472597,7.204431231986092,13.7759053733404,3.7300858895910856,6.449481777266101,4.494057238223718,5.219673785347891,,,8.350157006457838,9.6921865917957,9.640965789174722,14.151073901472046,5.562754979367668,18.241194694472597,1.0,1.0,29310.196036041838,532277.3226155266,517873.34282247716,549,0.9729389564780431,14403.979793049497,0.02706104352195697,0.0,8.280825664840446,6.1212912217906705,10.895110392016704,8.29581206644253,8.001821973530944,125.5065042160144,1744.3955298969743,857.7046004325169,0.4916915835499612,978.7696001302384,0.03892247394964939,392.2030510856458,2,0,2,7,0.0,537,162.0,0.3922030510856458,313.57513434853973,206462.57542597104,786.5454681849244,500000.0,0.42746792023466806,0,5,15.706409166937144,2,E9,search,23,22.95742149835568,9.091793139905501,0.07553113903840775,0.9067226049998285,4.352162875449386,marketplace
4.129509402427111,5.824913751466375,6.875879480021231,8.66892568860949,5.806536169403944,9.696056010545997,28.470166586984305,28.470166586984305,54.80098505607839,54.80098505607839,8.019206191283018,10.131988893177867,6.0832675033842145,4.548859367088699,7.3300817300541565,5.824913751466375,1.0,1.0,28096.063942230638,531327.860284328,531327.860284328,562,1.0,0.0,0.0,0.0,7.865605878153184,6.121291221791125,10.130232907581057,8.653355374611584,4.129509402427111,133.41270108880985,1890.6506064615387,937.0287731783009,0.4956118121327579,1115.0120240938193,0.04212201734587134,392.453505800951,4,0,2,11,0.0,548,162.0,0.392453505800951,305.6351184349722,195197.74943279833,831.9381446644628,500000.0,0.43985293316002777,0,7,21.91822203089472,3,E9,search,23,22.95742149835568,9.091793139905501,0.07553113903840775,0.9067226049998285,4.352162875449386,marketplace
6.184573339435449,17.935217708825444,6.516749822097722,11.764471855066857,4.520095697558342,6.255490320511311,,,61.43903733522052,106.65140701431532,9.703908637665101,15.008381163698688,3.4366971445870673,6.289453537133341,5.45969763851805,17.935217708825444,0.9444444444444444,1.0,32491.15341102122,538255.453584505,538255.4535845051,550,1.0000000000000002,0.0,0.0,0.0,9.497539338813215,6.121291221791125,15.075270631902011,12.072443375199526,6.184573339435449,204.38987351206174,1732.8558430160226,862.1060367955018,0.49750591791583354,1021.1948572520827,0.04134655599332716,395.7114400641236,4,0,1,14,0.0,528,162.0,0.3957114400641236,301.707507761588,195365.17708079264,831.2418511150834,500000.0,0.46375186349235326,0,9,24.651024285619037,4,E9,search,23,22.95742149835568,9.091793139905501,0.07553113903840775,0.9067226049998285,4.352162875449386,marketplace
7.859610840587261,17.396773767074066,11.551884889564835,16.280563083988046,19.242434218975358,71.63179966960433,61.28326804996732,91.43225864854412,,,8.804896487005035,10.284056906220192,3.3173443851887683,4.963326786463767,24.061677964782174,17.396773767074066,0.9259259259259259,0.8771929824561403,43452.69323580841,547328.4080016714,547328.4080016714,573,1.0,0.0,0.0,0.0,9.40590852583745,6.121291221791125,11.99748437738436,11.499421561334948,7.859610840587261,198.98621573228965,1889.499820519453,938.7269639522309,0.49681241234209816,1120.4575146686182,0.04289803962757375,427.5787549107224,3,0,0,10,0.0,561,162.0,0.42757875491072245,296.7643856600527,183115.10228227507,887.0244820360355,500000.0,0.47616311525201366,0,12,31.22815465542001,5,E9,search,23,22.95742149835568,9.091793139905501,0.07553113903840775,0.9067226049998285,4.352162875449386,marketplace
6.970355436361554,25.678663651073187,17.857640999390817,43.66716522821572,11.077534470763762,25.388380609547053,8.996946876740196,13.10204705109452,,,8.62517612378131,10.130232907580695,9.294441002897665,17.085024398423922,14.403327574766157,25.678663651073187,0.8928571428571429,0.9615384615384616,31608.77227884693,533346.8920584851,533346.8920584851,565,1.0,0.0,0.0,0.0,8.804009927328913,6.121291221791125,12.18059473657986,8.671236404562308,6.970355436361554,129.6395013930982,1823.6831624727579,913.0149877074458,0.5006434267175423,1081.5418077123309,0.04456015567009098,431.9394085399924,7,0,0,9,0.0,549,162.0,0.4319394085399924,304.5521438807376,194255.30263457133,836.177634306865,500000.0,0.4857411792916819,0,5,17.42515020153833,6,E9,search,23,22.95742149835568,9.091793139905501,0.07553113903840775,0.9067226049998285,4.352162875449386,marketplace
3.581700845095172,5.48430636141602,7.031545986206731,14.860304322300031,2.5448114806699937,3.0929867587245785,6.670527379440713,7.325721215742098,12.445488679393549,12.445488679393549,8.527911700951115,9.324982241303587,3.9122905120375577,5.172951278061419,5.318935662733286,5.48430636141602,1.0,1.0,40773.60461111535,544565.4292464787,544565.4292464787,582,1.0,0.0,0.0,0.0,7.929251781047806,6.056871168490034,9.324982241303587,8.366040918821337,3.581700845095172,126.99036786447223,1952.064477946534,970.2944885089906,0.49706067574657564,1181.5444562772268,0.04299560809252665,413.15944036016026,2,0,1,6,0.0,569,162.0,0.4131594403601603,298.24360989108885,186754.96021330444,869.6591472315274,500000.0,0.44555180215401985,0,7,20.729096887523703,7,E9,search,23,22.95742149835568,9.091793139905501,0.07553113903840775,0.9067226049998285,4.352162875449386,marketplace
4.595997627927531,5.422457569304057,5.169088851549873,9.461347941055466,7.405651100715535,17.706155129148215,,,,,30.151523731024753,61.206555250005295,4.3457300955518425,5.001520225990134,5.875371667075871,5.422457569304057,0.9583333333333334,1.0,13968.57625752051,515078.73700219905,515078.73700219905,554,1.0,0.0,0.0,0.0,27.69946011066453,20.745005522735823,61.206555250005295,29.495760570165714,4.595997627927531,568.9084718295603,1722.4866013947446,859.351646359761,0.49890178864899176,940.9835441264607,0.03831454415217238,367.7074033905677,3,0,0,27,0.0,516,162.0,0.3677074033905677,315.228907231512,209395.33454277512,775.4122495514446,500000.0,0.4581972828001768,0,5,14.721024265558587,0,E9,search,24,22.58932510793262,8.105268303172451,0.06838202577129077,0.5722873730935703,59.4374269036631,marketplace
2.681665630133879,4.252211773349279,5.405395229829073,9.000651386705385,4.186564020861534,5.0455435820732415,5.59689736480171,7.470044931780467,,,31.946143198308942,63.043061877592805,14.476795794105978,40.08647508146133,5.011134541263374,4.252211773349279,1.0,1.0,22776.714596747763,525519.2910413912,525519.2910413911,536,0.9999999999999998,0.0,0.0,0.0,30.19550380175916,26.244761917614824,62.38790000381255,30.79632055583114,2.681665630133879,603.4572205857145,1607.841297141873,807.1422225426453,0.5020036641535677,883.5128945101677,0.03730603078941995,354.5531107979034,2,0,3,28,0.0,494,162.0,0.35455311079790336,308.9411861343268,199780.03313915143,812.6665641191188,500000.0,0.44751122918016417,0,8,25.417994255568594,1,E9,search,24,22.58932510793262,8.105268303172451,0.06838202577129077,0.5722873730935703,59.4374269036631,marketplace
7.572874007644424,18.182835237860218,8.05181063231936,13.7759053733404,4.15536008391238,7.283598215509301,4.943728098031215,5.15847605917229,,,30.38673366025377,61.528655516516665,8.414935140913753,14.27953164080327,6.202131359880724,18.182835237860218,1.0,1.0,29310.196036041838,532277.3226155266,516873.34282247716,548,0.9710602365748803,14403.979793049497,0.02706104352195697,1000.0,28.323689257195166,21.455465594141515,61.22421273642112,29.563968034592293,7.572874007644424,567.0844369746255,1648.6992777608061,814.6900755766378,0.4941411005426748,925.5729783789766,0.038854358508150715,379.9351147738927,2,0,0,28,0.0,504,162.0,0.3799351147738927,314.15807638302624,206665.69382772365,785.7130620340581,500000.0,0.4639794720850802,0,8,22.927612826477322,2,E9,search,24,22.58932510793262,8.105268303172451,0.06838202577129077,0.5722873730935703,59.4374269036631,marketplace
3.174686003095135,4.839122822150967,5.549626886252536,8.66892568860949,5.761573631416786,9.435825021549544,65.11339453156597,65.11339453156597,235.44421300066006,235.44421300066006,29.82580720274266,61.83365178138825,3.910025599924341,7.031461503200447,8.119761681959034,4.839122822150967,1.0,0.9787234042553191,28096.063942230638,531327.860284328,531327.860284328,562,1.0,0.0,0.0,0.0,27.528434575105223,20.26548173520723,61.528655516516665,31.67186621164902,3.174686003095135,610.2025208434022,1761.0642216947801,869.6489669049434,0.4938201322766224,1025.645911151605,0.041592129275564764,383.5717457116328,4,0,2,30,0.0,509,162.0,0.38357174571163277,305.6184022776742,195187.0734466733,831.9381446644628,500000.0,0.4704765291276063,0,2,5.271203659540177,3,E9,search,24,22.58932510793262,8.105268303172451,0.06838202577129077,0.5722873730935703,59.4374269036631,marketplace
3.654395373761594,5.103408186183607,5.581916224542056,9.91123416024975,5.812856849124476,9.84389555046219,,,64.01449044411788,111.28722261033059,32.94610529121707,63.72441088585397,8.007436219251426,9.151622697786117,5.704178908144513,5.103408186183607,1.0,1.0,32491.15341102122,538255.453584505,538255.4535845051,550,1.0000000000000002,0.0,0.0,0.0,30.66896082820583,26.289869705301726,63.44394546998414,34.201673805465234,3.654395373761594,683.0173223156364,1686.9004895544442,848.1721268331776,0.5027991467695896,939.9991764915458,0.04079277442969841,392.19897682236825,4,0,1,27,0.0,507,162.0,0.39219897682236826,301.7009821180141,195360.9515196794,831.2418511150833,500000.0,0.47512757109734327,0,12,31.390632029653624,4,E9,search,24,22.58932510793262,8.105268303172451,0.06838202577129077,0.5722873730935703,59.4374269036631,marketplace
6.935317947042519,11.22865520244887,11.873755085142506,24.463007516752167,16.972671390300444,32.06755707995724,69.4122736012044,104.74927542415662,,,32.44989932915754,64.19618650730636,3.1843340064905234,5.700019583401513,25.08109755674087,11.22865520244887,0.9259259259259259,0.9122807017543859,43452.69323580841,547328.4080016714,544328.4080016714,570,0.9945188300915109,0.0,0.0,3000.0,30.031992670118456,24.743173616172953,63.667139210136064,33.562742542555505,6.935317947042519,677.5782693497622,1751.2999962528893,875.4327483131758,0.4998759494011685,1024.4554147978738,0.04304266011114057,416.49178089982706,3,0,0,34,39.271998098109954,514,162.0,0.4164917808998271,298.37959840670504,183945.08281894345,882.9618562881936,500000.0,0.5172587089764294,0,10,29.24176200847005,5,E9,search,24,22.58932510793262,8.105268303172451,0.06838202577129077,0.5722873730935703,59.4374269036631,marketplace
5.36599154654259,10.195000169075742,14.683703159232506,41.26489339582842,4.757474869983525,7.134013618000928,8.996946876740196,13.10204705109452,,,30.017949303483963,62.701841555428665,6.380999459238961,9.325972551964245,10.840760527786168,10.195000169075742,0.9285714285714286,0.9807692307692307,31608.77227884693,533346.8920584851,530346.8920584851,562,0.9943751429985439,0.0,0.0,3000.0,27.42402101916672,20.920318333883642,61.28315848463344,28.592041783273707,5.36599154654259,555.0008754599567,1701.1409808525468,844.9396248602665,0.4966899477295615,972.3915904742493,0.043083738691963906,438.88157772430657,6,0,0,35,0.0,508,162.0,0.4388815777243065,306.28798624092065,195212.05591402607,832.1150085590231,500000.0,0.485887606380387,0,5,16.009436517309034,6,E9,search,24,22.58932510793262,8.105268303172451,0.06838202577129077,0.5722873730935703,59.4374269036631,marketplace
3.504195363914824,5.038729584008365,5.8333672983340445,12.53749447567225,2.5211398773107367,2.9199910145446895,6.191021358897288,6.846215195198672,11.965982658850123,11.965982658850123,30.542950768970492,62.31328695475066,3.6551513176063963,4.423612271175677,4.621086520497241,5.038729584008365,1.0,1.0,40773.60461111535,544565.4292464787,544565.4292464787,582,1.0,0.0,0.0,0.0,26.79915068462716,17.718486373446922,61.206555250005295,28.551941296170472,3.504195363914824,561.6037938688717,1835.364784138065,912.0256522317071,0.49691792068464363,1052.8095431027284,0.04218754329140871,399.0831473450581,2,0,1,32,0.0,529,162.0,0.3990831473450581,298.21776121936074,186738.7742247365,869.6591472315274,500000.0,0.4688242868221395,0,10,28.020247920883797,7,E9,search,24,22.58932510793262,8.105268303172451,0.06838202577129077,0.5722873730935703,59.4374269036631,marketplace
3.3293309580598724,4.902313261829823,8.622343737180664,12.38184038943855,6.809789265572533,15.6808746003627,,,,,27.462410631641607,55.15909897046713,4.2758964033165565,4.907808454582323,8.04995811456757,4.902313261829823,1.0,1.0,13968.57625752051,515078.73700219905,515078.73700219905,554,1.0,0.0,0.0,0.0,25.290782172251816,19.180785255051205,55.126888943816084,26.834634559330514,3.3293309580598724,513.8275877262481,1727.178570852219,862.3284045199382,0.4992699765227233,940.9246693428192,0.03836286854562397,369.04970313896155,3,0,0,27,0.0,517,162.0,0.36904970313896157,315.2315132403645,209397.06562162918,775.4122495514446,500000.0,0.4585361874965039,0,7,19.60316201000687,0,E9,search,25,0.42813569053831824,6.284619478662908,0.39651182904901705,0.6334523288344355,53.35776059747393,marketplace
2.8164361925770702,4.252211773349541,5.05592969138857,7.695288103951725,4.290570313207809,5.069827652152344,5.770241185378836,7.886070101165569,,,30.365228945626612,57.364279163795345,15.383009937809447,44.17073002715826,4.935653805036212,4.252211773349541,1.0,1.0,22776.714596747763,525519.2910413912,524519.2910413911,535,0.9980971202826475,0.0,0.0,1000.0,28.731357027273848,25.493558772771394,57.36427916379489,29.31176446477884,2.8164361925770702,571.2796760427245,1633.7566706156472,820.3874001664379,0.5021478503633543,907.6357633905708,0.03762124998664052,349.2216305614488,2,0,4,26,818.5948957851573,497,162.0,0.3492216305614488,309.52002033753627,199978.30842307358,811.8341579682526,500000.0,0.45154743414235776,0,7,25.151559348415017,1,E9,search,25,0.42813569053831824,6.284619478662908,0.39651182904901705,0.6334523288344355,53.35776059747393,marketplace
7.884772080797389,18.182835237860218,7.063108504105031,13.7759053733404,4.8468865292815435,8.629941525641698,5.183481108302885,5.206426661226624,,,28.07186445340324,55.457102233158004,8.87876858489554,14.27953164080327,5.997071839070955,18.182835237860218,1.0,1.0,29310.196036041838,532277.3226155266,516873.34282247716,548,0.9710602365748803,14403.979793049497,0.02706104352195697,1000.0,26.231651372052458,20.673301680396662,55.448989210326545,27.34864234726505,7.884772080797389,521.1684290997273,1652.8961302089706,819.588164925141,0.4958497693509168,918.1724440722711,0.03875552457271307,378.94945299432305,2,0,0,30,0.0,506,162.0,0.37894945299432303,314.1561694133726,206664.4393471414,785.7130620340581,500000.0,0.45916028729132624,0,8,24.343326510706614,2,E9,search,25,0.42813569053831824,6.284619478662908,0.39651182904901705,0.6334523288344355,53.35776059747393,marketplace
3.2291885743890876,4.572473071836066,5.499609538944924,8.640194755811946,5.761573631416786,9.435825021549544,70.10937453661609,70.10937453661609,50.02432245581622,50.02432245581622,27.746369682078708,57.172126394781756,3.7322675012867097,6.805320021110405,8.300834785711166,4.572473071836066,1.0,0.9787234042553191,28096.063942230638,531327.860284328,531327.860284328,562,1.0,0.0,0.0,0.0,25.354007616692527,18.67971358689843,55.467806294258935,27.429039477503153,3.2291885743890876,521.3020571535258,1766.0586585999783,873.0087718320287,0.49432603361209754,1025.3105085393026,0.04198467160251851,385.57321908783115,4,0,2,31,0.0,512,162.0,0.38557321908783115,305.6221692048877,195189.47924257178,831.9381446644628,500000.0,0.4758344654998831,0,4,9.467739574218372,3,E9,search,25,0.42813569053831824,6.284619478662908,0.39651182904901705,0.6334523288344355,53.35776059747393,marketplace
3.63663589151924,5.103408186183607,5.581916224542056,9.91123416024975,2.8747239889351275,3.282201696119046,,,61.19928432494885,106.603456412261,31.04299188811668,57.10993283992014,2.9641465340437034,5.094922686431255,4.148696805691329,5.103408186183607,1.0,1.0,32491.15341102122,538255.453584505,538255.453584505,550,1.0,0.0,0.0,0.0,28.760755835263463,24.160839412477344,57.08167213726665,31.834387169268833,3.63663589151924,632.8355973184406,1703.9259565351601,859.4701557643193,0.5044058120412724,933.5126857806858,0.039979773548865984,374.1436710459079,4,0,1,24,0.0,512,162.0,0.37414367104590796,301.6674379975483,195339.23063814265,831.2418511150834,500000.0,0.47630431881767493,0,12,31.390632029653624,4,E9,search,25,0.42813569053831824,6.284619478662908,0.39651182904901705,0.6334523288344355,53.35776059747393,marketplace
7.6545541810474695,20.135093400748826,17.725188485416453,33.298649139704146,20.54175256974412,68.49039865568666,69.4122736012044,104.74927542415662,,,29.06999517680837,57.36427916379544,4.633642008207865,10.004396353332481,29.001460203349932,20.135093400748826,0.8888888888888888,0.8771929824561403,43452.69323580841,547328.4080016714,544328.4080016714,570,0.9945188300915109,0.0,0.0,3000.0,27.366039726305026,23.278240394085515,57.364279163795366,30.532349154870722,7.6545541810474695,612.917162406514,1739.799926778733,861.235428050594,0.4950198093439313,1021.571988300263,0.04312166314531853,437.6979058244586,3,0,0,39,39.271998098109954,516,162.0,0.43769790582445856,298.4185567351937,183969.0998529451,882.9618562881936,500000.0,0.513664012224056,0,8,18.632451798064853,5,E9,search,25,0.42813569053831824,6.284619478662908,0.39651182904901705,0.6334523288344355,53.35776059747393,marketplace
5.971979799342871,15.832928554486315,15.324579757694297,41.8298668427333,4.403790374065011,7.134013618000928,8.996946876740196,13.10204705109452,,,28.337249465094306,57.22483769186254,7.026499474688037,15.680132924006202,11.084744040643406,15.832928554486315,0.9285714285714286,0.9807692307692307,31608.77227884693,533346.8920584851,533346.8920584851,565,1.0,0.0,0.0,0.0,26.005696490398478,19.49847939979236,55.177957766901535,27.03298850389285,5.971979799342871,515.1176449790813,1696.4296392549472,839.7171918734009,0.49499087521377855,959.8336860582982,0.04332128635207672,443.22750366286607,6,0,0,37,0.0,514,162.0,0.44322750366286606,304.57330852103263,194268.80227227957,836.177634306865,500000.0,0.4791860563706359,0,6,18.986084286446435,6,E9,search,25,0.42813569053831824,6.284619478662908,0.39651182904901705,0.6334523288344355,53.35776059747393,marketplace
4.017251813250241,6.349843685331177,6.953249005362675,17.203600430527334,2.5211398773107367,2.9199910145446895,6.191021358897288,6.846215195198672,11.965982658850123,11.965982658850123,28.207600898554475,56.911944357085275,4.15944948839699,4.406214043735924,5.227689111804416,6.349843685331177,1.0,1.0,40773.60461111535,544565.4292464787,544565.4292464787,582,1.0,0.0,0.0,0.0,24.86779772762473,17.126350679018998,55.126888943816084,26.421573289030757,4.017251813250241,525.7926245122451,1876.4666183838046,931.160855670348,0.49623097290819607,1091.7546527059415,0.04209969773188995,398.2337025735832,2,0,1,29,0.0,544,162.0,0.39823370257358315,298.2162013613053,186737.79746875778,869.6591472315274,500000.0,0.4696632920955797,0,10,29.435961605113093,7,E9,search,25,0.42813569053831824,6.284619478662908,0.39651182904901705,0.6334523288344355,53.35776059747393,marketplace
3.4228354624448207,5.511116912101144,5.390241449764919,9.461347941055466,7.538161221894749,17.706155129148215,,,,,19.901252989604387,32.50499722550285,4.552387926385062,11.565399637945575,6.068531904121707,5.511116912101144,1.0,1.0,13968.57625752051,515078.73700219905,515078.73700219905,554,1.0,0.0,0.0,0.0,18.408218265829273,18.122485955289818,32.456682185526276,19.491605974494405,3.4228354624448207,354.9574268603312,1745.4366871546126,867.8672085703855,0.49722067546613274,974.2171526450603,0.03905258914522612,379.7960214085764,3,0,0,22,102.4925070669722,527,162.0,0.3797960214085764,315.25237668802333,209410.9244667478,775.4122495514446,500000.0,0.45584621979742,0,5,18.46809572399089,0,E9,search,26,6.792704480914322,1.9852114799267284,0.1815634752751758,0.4166139179186452,27.532177859648534,marketplace
2.9046583662590097,4.300739441421138,3.3798045432139645,4.01664504808511,4.384329954068926,5.644061312779013,5.59689736480171,7.470044931780467,,,19.948893660412924,33.375217074318634,14.46257336277657,38.01159905503519,4.2136549374309675,4.300739441421138,1.0,1.0,22776.714596747763,525519.2910413912,524519.2910413912,535,0.9980971202826477,0.0,0.0,1000.0,18.987471018137203,20.179706402642296,32.70822163162521,19.375519932295756,2.9046583662590097,357.8990204589332,1656.6945656824357,834.1028836145103,0.5034741471919548,954.6165355915012,0.03817359099253793,357.7812282065621,2,0,2,24,0.0,504,162.0,0.3577812282065621,309.53633927525937,199988.85195288333,811.8341579682526,500000.0,0.4639140395230803,0,9,25.68595788542245,1,E9,search,26,6.792704480914322,1.9852114799267284,0.1815634752751758,0.4166139179186452,27.532177859648534,marketplace
11.250288970906023,27.064691824034817,5.807271654582138,11.039413750973562,8.25619436096099,19.71710383363734,4.847384793532797,4.985058111075136,,,18.999001336107487,32.35046557103251,9.365979857687142,14.27953164080327,6.60563181184304,27.064691824034817,0.8636363636363636,1.0,29310.196036041838,532277.3226155266,516873.34282247716,548,0.9710602365748803,14403.979793049497,0.02706104352195697,1000.0,18.132707867703672,18.13210987055723,32.34394709224762,18.669925371832086,11.250288970906023,340.90710562428046,1692.4758283911592,840.2057917641899,0.49643591812054194,983.8321487050064,0.03941533062516045,377.34791271043537,2,0,0,23,0.0,518,162.0,0.37734791271043533,314.15307089744766,206662.40101996917,785.7130620340581,500000.0,0.46686917588958954,0,5,13.60509365293776,2,E9,search,26,6.792704480914322,1.9852114799267284,0.1815634752751758,0.4166139179186452,27.532177859648534,marketplace
4.82714560425467,7.135782026527161,8.807134675010117,9.794463555955735,6.231774158343796,9.993310794594617,159.1090612373373,159.1090612373373,79.02400915653743,79.02400915653743,19.616929050816182,32.50499722550285,8.318714785926659,6.859338188390668,13.996648066496116,7.135782026527161,0.9565217391304348,0.9787234042553191,28096.063942230638,531327.860284328,531327.860284328,562,1.0,0.0,0.0,0.0,18.595897587297806,18.187851657579074,32.50499722550285,20.802454259112363,4.82714560425467,395.69286079007196,1839.2779451593128,908.8924471457286,0.49415720421037457,1070.7665926340646,0.0420834516001096,393.57629240978844,4,0,3,22,0.0,532,162.0,0.3935762924097884,305.6372316059402,195199.0990362707,831.9381446644628,500000.0,0.4644600776026855,0,3,8.933453258447669,3,E9,search,26,6.792704480914322,1.9852114799267284,0.1815634752751758,0.4166139179186452,27.532177859648534,marketplace
2.9260817864967774,4.534639323497322,5.985243460931656,9.91123416024975,2.7281735548143238,3.018410914701781,,,62.58464109237002,109.09709859361911,21.697462476436918,34.19380541708325,7.049487599218065,5.488916403732583,4.260912334163656,4.534639323497322,1.0,1.0,32491.15341102122,538255.453584505,538255.4535845051,550,1.0000000000000002,0.0,0.0,0.0,20.34663425641956,20.121186729608326,33.31639473544074,23.601788849947614,2.9260817864967774,458.1944641181058,1730.9479383774412,872.639448061342,0.5041396270296484,965.2584228347346,0.041078351226880465,389.9967767663777,4,0,1,22,4046.004294015581,522,162.0,0.38999677676637773,301.69689075202547,195358.3022304827,831.2418511150834,500000.0,0.4687688982280629,0,12,39.256929158023425,4,E9,search,26,6.792704480914322,1.9852114799267284,0.1815634752751758,0.4166139179186452,27.532177859648534,marketplace
7.762968832467605,18.151688841439682,12.063800714047883,24.635352069912614,17.947353658535473,68.17781789513101,62.7931312966457,94.25275262800005,,,21.075115314170503,33.32080819312559,3.603101832005983,5.047736281809989,24.170851145396643,18.151688841439682,0.9259259259259259,0.8771929824561403,43452.69323580841,547328.4080016714,546328.4080016714,572,0.998172943363837,0.0,0.0,1000.0,20.120380880981998,22.604552912555846,33.766972861550485,22.79581462557054,7.762968832467605,447.54039463575833,1817.3590130689363,902.7404401993595,0.496732034621448,1079.8963485097813,0.04216135063562354,414.2106573821117,3,0,0,25,39.271998098109954,535,162.0,0.4142106573821117,297.2831144758726,183272.0186480514,886.1920758851692,500000.0,0.5047027992048211,0,8,18.928987712743048,5,E9,search,26,6.792704480914322,1.9852114799267284,0.1815634752751758,0.4166139179186452,27.532177859648534,marketplace
6.1369851996222495,16.168582768866653,15.327650833125675,41.92576804684197,4.472291234142631,7.134013618000928,8.996946876740196,13.10204705109452,,,19.741528204683327,35.03923979920819,6.991455478992162,15.31567536876947,11.10638695735804,16.168582768866653,0.9285714285714286,0.9807692307692307,31608.77227884693,533346.8920584851,533346.8920584851,565,1.0,0.0,0.0,0.0,18.40715379846828,17.84127222139159,34.984836010847,18.977630841821345,6.1369851996222495,341.02167493346826,1749.3307641035665,870.5065606986154,0.49762262149702774,1008.7958126276185,0.043553299747500725,446.98983051279447,6,0,0,28,0.0,524,162.0,0.4469898305127945,304.5803627045405,194273.30170720298,836.1776343068649,500000.0,0.4751235959966789,0,6,19.671686116216524,6,E9,search,26,6.792704480914322,1.9852114799267284,0.1815634752751758,0.4166139179186452,27.532177859648534,marketplace
6.064438871530086,11.194789912965224,10.272991223523897,26.38157719983284,2.5782435811845485,2.9199910145446895,6.191021358897288,6.846215195198672,11.965982658850123,11.965982658850123,20.30732609845055,33.46742653243957,6.5277492827306505,4.350987064684437,7.04729670226109,11.194789912965224,0.9459459459459459,0.9836065573770492,40773.60461111535,544565.4292464787,544565.4292464787,582,1.0,0.0,0.0,0.0,18.367187932370477,16.05686958687349,32.50499722550285,19.226222579471255,6.064438871530086,368.5730258847643,1904.5469970325942,949.2523605087422,0.4984137235719244,1117.8132574708293,0.04258290292389908,403.2831088411421,2,0,1,21,0.0,556,162.0,0.4032831088411421,298.2254737205048,186743.60365878482,869.6591472315274,500000.0,0.46557007651650667,0,10,31.240741204434283,7,E9,search,26,6.792704480914322,1.9852114799267284,0.1815634752751758,0.4166139179186452,27.532177859648534,marketplace
4.300511640829622,9.027291783537422,7.8449796558975144,14.321247887585697,21.994562267822317,48.12611476518677,,,,,33.437489578628785,70.50781371445373,3.721154562512719,4.841800004592187,12.313268901768504,9.027291783537422,1.0,0.9767441860465116,13968.57625752051,515078.73700219905,515078.73700219905,554,1.0,0.0,0.0,0.0,30.86072541158041,25.22908499302457,70.50781371445287,32.82925173994891,4.300511640829622,630.8990329876106,1678.0183307738257,839.1395065474588,0.500077675647611,943.878884865843,0.03874263077389578,364.10486753570467,3,0,0,33,0.0,500,162.0,0.3641048675357047,315.2219130855765,209390.68858076338,775.4122495514446,500000.0,0.4815944649233111,0,7,19.60316201000687,0,E9,search,27,28.443721842324443,5.733327176111209,0.17003403371041992,0.4764910028757104,68.73868536811152,marketplace
2.625808736268607,4.252211773349279,5.405395229829073,9.000651386705385,4.314432293006485,5.173411854218193,5.59689736480171,7.470044931780467,,,34.95411892839882,71.07458296202722,13.804790127491742,38.30148929489461,5.0568017813151425,4.252211773349279,1.0,1.0,22776.714596747763,525519.2910413912,525519.2910413911,536,0.9999999999999998,0.0,0.0,0.0,32.99230475946697,27.751916342290315,70.7114212002806,33.65240868210165,2.625808736268607,661.9595564579531,1594.7718973455153,799.8996658023519,0.5015762236177966,879.3873159482646,0.037293078127282095,354.51956314766653,2,0,3,30,0.0,487,162.0,0.3545195631476665,308.94112229718365,199779.99185819842,812.6665641191189,500000.0,0.449297228236399,0,8,24.002280571339302,1,E9,search,27,28.443721842324443,5.733327176111209,0.17003403371041992,0.4764910028757104,68.73868536811152,marketplace
7.754092211917922,18.95373524015622,7.567568055892508,13.7759053733404,4.61900748896619,7.2621885922872025,4.943728098031215,5.15847605917229,,,34.224191786416334,70.50781371445373,8.617887961511853,16.30633920035416,6.133877848562477,18.95373524015622,1.0,1.0,29310.196036041838,532277.3226155266,516873.34282247716,548,0.9710602365748803,14403.979793049497,0.02706104352195697,1000.0,31.827373254083163,26.16006832799735,70.50781371445328,33.27534430448654,7.754092211917922,649.4493116136076,1639.0756922604482,811.0317165095156,0.4948104107327846,906.0247041042945,0.0382183002223493,374.3378937281813,2,0,0,33,0.0,499,162.0,0.3743378937281813,314.1472473837687,206658.57008075272,785.7130620340581,500000.0,0.45810399590564915,0,6,18.34201099670723,2,E9,search,27,28.443721842324443,5.733327176111209,0.17003403371041992,0.4764910028757104,68.73868536811152,marketplace
4.646324088308644,5.6962120298776435,6.250102244654586,9.047475813904203,5.8823247312706375,9.052899580001302,159.1090612373373,159.1090612373373,79.02400915653743,79.02400915653743,34.94076498978325,72.62959196903485,4.333581321264871,7.718180470699372,12.46598490543972,5.6962120298776435,0.9565217391304348,0.9787234042553191,28096.063942230638,531327.860284328,531327.860284328,562,1.0,0.0,0.0,0.0,32.05716322830519,24.805575784825805,70.92721408799075,35.20922805038106,4.646324088308644,679.041065574943,1735.155981152416,858.0886286685532,0.4945311188096459,991.1442508442843,0.04580650193968374,434.7470267358748,4,1,3,32,0.0,497,162.0,0.4347470267358748,305.7147181023269,195248.58677113432,831.9381446644628,500000.0,0.4455857583854003,0,6,18.77233977955797,3,E9,search,27,28.443721842324443,5.733327176111209,0.17003403371041992,0.4764910028757104,68.73868536811152,marketplace
3.6966014099732294,5.50250170178597,4.759920444571435,6.702905747713703,5.171921594666249,7.652971756396623,,,60.95953131467718,106.17190099377198,36.707322760370126,70.82991398096419,2.8873288779430264,4.708402366617975,4.9780387005039834,5.50250170178597,1.0,1.0,32491.15341102122,538255.453584505,538255.453584505,550,1.0,0.0,0.0,0.0,33.935056730028656,29.049333113443936,70.5163251849679,37.10504227738719,3.6966014099732294,762.5857293264236,1703.3857666923427,850.503743283374,0.49930189620809945,912.1333332167892,0.03863764414933523,360.62313619934264,4,0,1,19,0.0,518,162.0,0.3606231361993426,301.6423188189937,195322.96517361098,831.2418511150833,500000.0,0.46164044461694126,0,12,32.50980979920472,4,E9,search,27,28.443721842324443,5.733327176111209,0.17003403371041992,0.4764910028757104,68.73868536811152,marketplace
6.874321589804627,9.968625406011235,8.208381576520363,13.889486365142831,13.849968637767109,24.582056797175916,59.96171754788702,90.95275262800169,,,34.746029473267384,70.82991398096419,3.3782940286054597,5.104387630960332,20.439577791209278,9.968625406011235,0.9259259259259259,0.9122807017543859,43452.69323580841,547328.4080016714,544328.4080016714,570,0.9945188300915109,0.0,0.0,3000.0,31.792321700583468,26.0804563243928,70.59715825058672,35.10771581689809,6.874321589804627,715.1021694054083,1732.542880118547,855.5249061652863,0.4937972479542603,1022.0957100825176,0.04192136179444152,410.87101490952926,3,0,0,35,0.0,516,162.0,0.41087101490952926,298.36927235003105,183938.7170105563,882.9618562881936,500000.0,0.5141003751597535,0,7,18.48723139738604,5,E9,search,27,28.443721842324443,5.733327176111209,0.17003403371041992,0.4764910028757104,68.73868536811152,marketplace
5.472778387828283,10.461717640781844,14.518571309155906,41.16899219171976,5.873722398093313,11.529478368520905,10.067879662514372,12.368646986263002,,,32.599474610699076,71.3643298948079,10.796299100523662,32.881891105825915,11.255375102322395,10.461717640781844,0.9285714285714286,0.9807692307692307,31608.77227884693,533346.8920584851,533346.8920584851,565,1.0,0.0,0.0,0.0,29.846824762781022,21.563468341714724,70.5510979311097,31.081918559289406,5.472778387828283,600.2528595371367,1704.846415320374,845.6639434260488,0.49603526501073825,952.5550158647851,0.043230802724811175,449.1825716663451,6,0,0,35,0.0,510,162.0,0.4491825716663451,304.5844739896838,194275.92404612183,836.177634306865,500000.0,0.4734931231656739,0,5,18.051416744314302,6,E9,search,27,28.443721842324443,5.733327176111209,0.17003403371041992,0.4764910028757104,68.73868536811152,marketplace
3.325513292352721,5.038729584008365,8.591334876322168,24.862615176708463,2.5211398773107367,2.9199910145446895,6.191021358897288,6.846215195198672,11.965982658850123,11.965982658850123,33.014540370771314,70.84909728779958,8.430196187531754,8.464733236893387,6.114985625240808,5.038729584008365,1.0,1.0,40773.60461111535,544565.4292464787,544565.4292464787,582,1.0,0.0,0.0,0.0,29.13684491171472,19.792376137975452,70.50781371445373,30.86511010915662,3.325513292352721,619.8835761822244,1829.4793267179246,910.9358217037857,0.4979208064285697,1055.2714681368395,0.04184109497265813,393.3529772246537,2,0,1,33,10.0,526,162.0,0.3933529772246537,298.20723875536896,186732.18524083553,869.6591472315274,500000.0,0.4678375143737039,0,9,25.38464609111371,7,E9,search,27,28.443721842324443,5.733327176111209,0.17003403371041992,0.4764910028757104,68.73868536811152,marketplace
3.1248902112150225,4.7578642692650925,7.96290967311621,11.6571682842231,7.325733430624979,17.466402118876545,,,,,31.682412321734752,66.73388395903021,3.7547662930503676,4.841800004592187,7.761696122855821,4.7578642692650925,1.0,1.0,13968.57625752051,515078.73700219905,515078.73700219905,554,1.0,0.0,0.0,0.0,29.070357728329153,22.35642107178691,66.73388395903014,30.928887565240988,3.1248902112150225,598.8584594495525,1712.999092660191,854.6078919924838,0.4988957061648678,933.3588369696264,0.03816992295604286,362.7936357724084,3,0,0,28,0.0,512,162.0,0.3627936357724084,315.21936739368687,209388.9975683193,775.4122495514446,500000.0,0.46998403543760975,0,5,16.136737949787882,0,E9,search,28,13.334346289413398,9.803947508805894,0.2577613345531355,0.6387579838670455,64.96475561268805,marketplace
2.805848400731846,4.589128089434416,4.911365916316527,7.421432118916755,4.186564020861534,5.0455435820732415,5.59689736480171,7.470044931780467,,,33.9587444309056,67.05598422554158,15.693262904796645,45.254471890433905,4.79940769261514,4.589128089434416,1.0,1.0,22776.714596747763,525519.2910413912,525519.2910413911,536,0.9999999999999998,0.0,0.0,0.0,32.08676210726486,26.88134695275221,66.73388395903021,32.72998863436291,2.805848400731846,642.0609729016974,1589.2349435493686,799.0589338919339,0.5027947171280605,876.1586745184942,0.03707186862463773,346.14178352384107,2,0,3,30,818.5948957851573,486,162.0,0.34614178352384106,308.92518039026106,199769.68285818084,812.6665641191189,500000.0,0.45219480782035565,0,7,25.31403672264863,1,E9,search,28,13.334346289413398,9.803947508805894,0.2577613345531355,0.6387579838670455,64.96475561268805,marketplace
7.658872695841544,18.95373524015622,7.567568055892508,13.7759053733404,4.565729042239127,7.2621885922872025,4.943728098031215,5.15847605917229,,,32.31602550270432,67.0559842255407,8.462693699767401,14.27953164080327,6.1138984310398286,18.95373524015622,1.0,1.0,29310.196036041838,532277.3226155266,516873.34282247716,548,0.9710602365748803,14403.979793049497,0.02706104352195697,1000.0,30.082306442978183,23.83686293619894,66.73388395903005,31.43184509917479,7.658872695841544,607.9611940018409,1624.8876215967716,802.3722738824346,0.4938017024795512,902.3814312269631,0.038686053717423036,378.4354143450272,2,0,0,33,0.0,498,162.0,0.3784354143450272,314.15517489768234,206663.78511511427,785.7130620340581,500000.0,0.46152921414699283,0,6,18.34201099670723,2,E9,search,28,13.334346289413398,9.803947508805894,0.2577613345531355,0.6387579838670455,64.96475561268805,marketplace
3.0343403608192743,4.460731751544881,8.360578119679776,9.0077190296337,5.464897917897906,8.945844912122718,65.11339453156597,65.11339453156597,235.44421300066006,235.44421300066006,33.24408890895937,67.05598422554087,3.604286048886479,6.805320021110405,9.518745386099255,4.460731751544881,1.0,0.9787234042553191,28096.063942230638,531327.860284328,531327.860284328,562,1.0,0.0,0.0,0.0,30.615993576031997,25.44626965718453,66.84855567257647,34.87970568773886,3.0343403608192743,683.9239234087398,1756.0666169487477,870.2592869210919,0.4955730486086059,1002.1646506179947,0.04157910910704041,382.67355970473074,4,0,2,31,0.0,505,162.0,0.38267355970473077,305.6167118223564,195185.99381591871,831.9381446644628,500000.0,0.46509935269903596,0,5,15.406626095328676,3,E9,search,28,13.334346289413398,9.803947508805894,0.2577613345531355,0.6387579838670455,64.96475561268805,marketplace
3.906442033883953,5.586501851253254,4.142157439426796,5.786761169987676,2.936883499644056,3.57783255946888,,,61.19928432494885,106.21985159582633,35.16795829868434,67.26597310838488,3.3740590979294107,4.870563677123711,3.504071236012404,5.586501851253254,1.0,1.0,32491.15341102122,538255.453584505,538255.453584505,550,1.0,0.0,0.0,0.0,32.509319370704134,28.82864354957769,67.05598422554097,35.66987651683511,3.906442033883953,729.0531129952425,1712.7348260611582,858.5883664993911,0.5012967293214441,921.2324135198103,0.03884418893680185,358.8154100722339,4,0,1,19,358.17919909651306,517,162.0,0.3588154100722339,301.638960327937,195320.79044416893,831.2418511150833,500000.0,0.47788017587681725,0,12,31.09409611497543,4,E9,search,28,13.334346289413398,9.803947508805894,0.2577613345531355,0.6387579838670455,64.96475561268805,marketplace
6.730064904974284,10.606201158996376,10.87696353040137,21.616894803962815,14.147892250778465,24.262386116813992,68.93276758066106,104.26976940361328,,,35.356365611525206,68.48434831227794,3.515035134405842,5.104387630960332,23.578433913912342,10.606201158996376,0.9259259259259259,0.9122807017543859,43452.69323580841,547328.4080016714,545328.4080016714,571,0.996345886727674,0.0,0.0,2000.0,32.49172575576483,28.04747336670971,67.08057160018507,36.1323927062369,6.730064904974284,737.5375145330662,1751.8124712172573,867.9495571119704,0.4954580306811439,1042.6451980919737,0.04227341996892661,413.8216196407468,3,0,0,27,39.271998098109954,519,162.0,0.4138216196407468,297.8275461841389,183768.8119533811,883.7942624390598,500000.0,0.5159377305961468,0,8,20.048165482294145,5,E9,search,28,13.334346289413398,9.803947508805894,0.2577613345531355,0.6387579838670455,64.96475561268805,marketplace
5.671184013429764,16.168582768866653,15.327650833125675,41.92576804684197,5.752233668260942,11.529478368520905,10.067879662514372,12.368646986263002,,,30.904490740216037,67.05598422554067,10.54248043426685,33.05196646234665,11.658192298271578,16.168582768866653,0.9285714285714286,0.9807692307692307,31608.77227884693,533346.8920584851,532346.8920584851,564,0.9981250476661813,0.0,0.0,1000.0,28.36344484494295,20.684310083242508,66.73388395903021,29.496480833313484,5.671184013429764,567.2768693978663,1701.8305012201017,845.0345325380429,0.4965444748652748,953.2464541550466,0.042976966943941666,447.2841513071712,6,0,0,35,0.0,511,162.0,0.4472841513071712,305.15306198774664,194467.24381236368,835.3452281559987,500000.0,0.470963709206087,0,6,22.102732258313686,6,E9,search,28,13.334346289413398,9.803947508805894,0.2577613345531355,0.6387579838670455,64.96475561268805,marketplace
4.068607033942814,6.349843685331177,7.9596973010466305,19.004697421484888,2.5211398773107367,2.9199910145446895,6.191021358897288,6.846215195198672,11.965982658850123,11.965982658850123,32.01595768666272,67.05598422554158,9.280116691695508,7.974508694158397,5.772848605299892,6.349843685331177,1.0,1.0,40773.60461111535,544565.4292464787,544565.4292464787,582,1.0,0.0,0.0,0.0,28.341295509634374,18.93241147344088,66.73388395903021,29.966940780439018,4.068607033942814,596.5597252817556,1830.321230830901,909.5787223836323,0.4969503205569636,1061.8512798035351,0.04229143263472448,397.49066014492894,2,0,1,33,10.0,523,162.0,0.39749066014492895,298.2148368927057,186736.94306225725,869.6591472315274,500000.0,0.47566377733800813,0,8,22.74904426134362,7,E9,search,28,13.334346289413398,9.803947508805894,0.2577613345531355,0.6387579838670455,64.96475561268805,marketplace
3.1779431690529925,5.390805986826162,5.6581868636081145,11.406703107265459,6.6181776795349,15.6808746003627,,,,,29.450410710477648,39.508663141223366,4.572699785266562,4.907808454582323,5.96134185811131,5.390805986826162,1.0,1.0,13968.57625752051,515078.73700219905,515078.73700219905,554,1.0,0.0,0.0,0.0,27.012709718841414,33.37454622019777,38.02332226532544,28.749299523477998,3.1779431690529925,548.4852295446806,1723.9237633441003,857.0588075567173,0.49715586372229026,1017.5276810185815,0.042252966590621464,406.72930868665816,4,0,0,31,0.0,521,162.0,0.40672930868665813,315.3046663387957,209445.65861918568,775.4122495514446,500000.0,0.4884923760173659,0,6,17.65316201000687,0,E9,search,29,22.283022546451186,5.806528638528226,0.21332475191812916,0.8708221086218821,31.99193819366841,marketplace
2.8671315068608276,4.300739441421138,3.3798045432138983,3.856809707903949,4.152640893323769,5.1806831912887,5.703454258255685,7.470044931780467,,,29.27810590979966,39.49900013322804,13.90160791179304,38.283174768308356,4.15374246433352,4.300739441421138,1.0,1.0,22776.714596747763,525519.2910413912,524519.2910413911,535,0.9980971202826475,0.0,0.0,1000.0,27.678963498086286,33.45966092533989,39.49900013322804,28.24819917645473,2.8671315068608276,546.7929285417324,1646.4031368091776,829.9392689397615,0.5040923759099675,994.2319873631412,0.040112120914358805,370.0123608104756,2,0,3,30,0.0,496,162.0,0.3700123608104756,309.5596580221822,200003.91800114437,811.8341579682526,500000.0,0.490748482599217,0,10,25.101066431642057,1,E9,search,29,22.283022546451186,5.806528638528226,0.21332475191812916,0.8708221086218821,31.99193819366841,marketplace
10.445411670656778,25.019724884994517,5.807271654582138,11.039413750973562,8.806903612629336,21.62619825607453,4.68371236716564,5.106472912999175,,,28.51781475304168,36.964757559522695,8.626395190579801,14.27953164080327,6.791688727922775,25.019724884994517,0.8636363636363636,1.0,29310.196036041838,532277.3226155266,516873.34282247716,548,0.9710602365748803,14403.979793049497,0.02706104352195697,1000.0,26.75866055705363,33.37454622019777,36.964757559522695,27.862015636114798,10.445411670656778,535.291903719302,1679.5575607422572,838.3058018177967,0.4991229960867307,984.5158802701477,0.039640107828366515,370.17952124865013,2,0,0,28,0.0,512,162.0,0.37017952124865017,314.1392021391506,207065.82305003653,784.1476547388152,500000.0,0.4870545898294587,0,6,15.121517713156749,2,E9,search,29,22.283022546451186,5.806528638528226,0.21332475191812916,0.8708221086218821,31.99193819366841,marketplace
3.5252617771812647,5.919720169638186,5.227992745097691,8.396718845105536,5.218381249743516,8.945844912122718,70.10937453661609,70.10937453661609,50.02432245581622,50.02432245581622,29.229593663093056,37.303105789934484,7.658710739663255,4.897947645503791,7.927378863346718,5.919720169638186,1.0,0.9787234042553191,28096.063942230638,531327.860284328,530327.860284328,561,0.998117922897051,0.0,0.0,1000.0,26.763193626185426,33.37454622019777,36.964757559522695,28.816206005800705,3.5252617771812647,553.2728477172183,1800.6359418235306,892.4548630007071,0.4956331495287742,1052.0788726028723,0.045855521552755886,412.35580400753076,4,1,2,35,0.0,519,162.0,0.41235580400753075,306.24896025061247,195417.1993740247,831.1057385135965,500000.0,0.4604637350562785,0,6,19.282620201124633,3,E9,search,29,22.283022546451186,5.806528638528226,0.21332475191812916,0.8708221086218821,31.99193819366841,marketplace
2.685483360184586,2.777556462840494,5.229620025260601,8.12579257251591,5.712877877712622,10.339627343365287,,,61.43903733522052,106.65140701431532,30.135443604325875,39.59563021318104,3.258175806856151,5.1896578951036645,5.4854624177352,2.777556462840494,1.0,1.0,32491.15341102122,538255.453584505,538255.4535845051,550,1.0000000000000002,0.0,0.0,0.0,27.95372313437696,33.37454622019732,38.58732701324427,31.019581047815617,2.685483360184586,615.5017949682398,1702.7381139853862,859.9471255162792,0.5050378084880642,1010.3191098429191,0.04200026960984403,385.90863668325323,4,0,1,27,0.0,510,162.0,0.3859086366832532,301.68929558497996,195353.38411901172,831.2418511150834,500000.0,0.4951425360688056,0,15,40.713151203193185,4,E9,search,29,22.283022546451186,5.806528638528226,0.21332475191812916,0.8708221086218821,31.99193819366841,marketplace
6.90496740486908,11.69855345763581,15.572384388191384,52.170845324876844,25.721098326891035,75.24422241934535,63.86105005076024,95.3206713821146,,,30.123582208632115,40.12695202303216,3.375505218038718,5.270174942417157,28.613022166938375,11.69855345763581,0.9259259259259259,0.8421052631578947,43452.69323580841,547328.4080016714,546328.4080016714,572,0.998172943363837,0.0,0.0,1000.0,28.200175507929476,33.37454622019777,40.26475755952367,31.17292981820708,6.90496740486908,625.6459876872896,1801.7554927946958,892.8239660828378,0.49553003704069865,1112.1446573070018,0.04885441762108489,475.724999288294,4,1,0,34,39.271998098109954,527,162.0,0.475724999288294,297.39571038156816,183341.43287954826,886.1920758851692,500000.0,0.5309637706349287,0,9,23.276839141420627,5,E9,search,29,22.283022546451186,5.806528638528226,0.21332475191812916,0.8708221086218821,31.99193819366841,marketplace
5.447905462964688,10.713756226953263,12.517937001436989,40.6730738812488,4.104516730895284,6.820094797811182,8.996946876740196,13.10204705109452,,,29.280775217526475,39.4990001332264,6.533636422706274,16.195566345512987,9.477191068412859,10.713756226953263,0.9285714285714286,0.9807692307692307,31608.77227884693,533346.8920584851,533346.8920584851,565,1.0,0.0,0.0,0.0,26.735077559050158,33.37454622019732,36.964757559522695,27.901801750896716,5.447905462964688,543.2027540956481,1753.734739918408,873.1576294390773,0.49788466269402903,1045.6979851096937,0.04378190720469585,437.04869315101365,5,0,0,28,0.0,526,162.0,0.43704869315101363,304.5617235458432,194261.41292071322,836.1776343068649,500000.0,0.5061510658273347,0,6,17.229324662849827,6,E9,search,29,22.283022546451186,5.806528638528226,0.21332475191812916,0.8708221086218821,31.99193819366841,marketplace
3.997407330236515,6.861128417787363,5.578350928086129,12.47958512259575,2.5682745841043424,3.2400147125108565,6.191021358897288,6.846215195198672,11.965982658850123,11.965982658850123,28.86914514092008,39.49900013322804,7.257656474109703,6.860260492632367,4.500628168327222,6.861128417787363,1.0,1.0,40773.60461111535,544565.4292464787,543565.4292464787,581,0.9981636733690867,0.0,0.0,1000.0,25.505579491770682,33.37454622019732,36.973332469222896,27.0600140684598,3.997407330236515,539.1624698709943,1892.9699622923301,942.7804779140071,0.4980430205941187,1140.660011415171,0.044249736877735674,427.8438806705517,2,0,1,24,0.0,546,162.0,0.4278438806705517,298.8193051678016,186950.78800019453,868.8267410806611,500000.0,0.4883829901804124,0,11,33.82832305847979,7,E9,search,29,22.283022546451186,5.806528638528226,0.21332475191812916,0.8708221086218821,31.99193819366841,marketplace
4.300511640829622,9.027291783537422,7.945532697627029,14.321247887585697,21.994562267822317,48.12611476518677,,,,,33.46663545106807,70.43292564590774,4.012801052855836,4.907808454582323,12.38206835137291,9.027291783537422,1.0,0.9767441860465116,13968.57625752051,515078.73700219905,515078.73700219905,554,1.0,0.0,0.0,0.0,30.89518071330586,25.317846720021407,70.413599629916,32.858369187350306,4.300511640829622,634.4295477578346,1681.805802883548,841.2621663554485,0.5002136185480265,937.6538991517386,0.03854797949352209,367.0609708174306,3,0,0,32,0.0,502,162.0,0.3670609708174306,315.22765221450834,209394.50087968362,775.4122495514446,500000.0,0.4819563208873032,0,7,19.60316201000687,0,E9,search,30,27.682787285054026,0.6871535212186153,0.21499843095058152,0.6376846329206083,68.66379729956579,marketplace
2.625808736268607,4.252211773349279,5.405395229829073,9.000651386705385,4.314432293006485,5.173411854218193,5.59689736480171,7.470044931780467,,,34.89534545523718,70.99969489348123,13.804790127491742,38.30148929489461,5.0568017813151425,4.252211773349279,1.0,1.0,22776.714596747763,525519.2910413912,525519.2910413911,536,0.9999999999999998,0.0,0.0,0.0,32.93747875838334,27.908966154645896,70.63653313173484,33.59648925710284,2.625808736268607,661.4027946801282,1596.4367096472479,800.7320719532182,0.5015745798843161,880.0415871828451,0.037238358008176195,354.04021490429886,2,0,3,30,0.0,488,162.0,0.3540402149042989,308.94021015513385,199779.4020120493,812.6665641191189,500000.0,0.4481990770544793,0,8,24.002280571339302,1,E9,search,30,27.682787285054026,0.6871535212186153,0.21499843095058152,0.6376846329206083,68.66379729956579,marketplace
7.754092211917922,18.95373524015622,7.567568055892508,13.7759053733404,4.61900748896619,7.2621885922872025,4.943728098031215,5.15847605917229,,,34.1850355478539,70.44994858693627,8.617887961511853,16.30633920035416,6.133877848562477,18.95373524015622,1.0,1.0,29310.196036041838,532277.3226155266,516873.34282247716,548,0.9710602365748803,14403.979793049497,0.02706104352195697,1000.0,31.791718212034525,26.09777201903632,70.43292564590774,33.23754207824682,7.754092211917922,648.635188153497,1639.0756922604482,811.0317165095156,0.4948104107327846,906.0247041042943,0.0382183002223493,374.3378937281813,2,0,0,33,0.0,499,162.0,0.3743378937281813,314.1472473837687,206658.57008075272,785.7130620340581,500000.0,0.45935801051127,0,6,18.34201099670723,2,E9,search,30,27.682787285054026,0.6871535212186153,0.21499843095058152,0.6376846329206083,68.66379729956579,marketplace
4.646324088308644,5.6962120298776435,6.250102244654586,9.047475813904203,5.8823247312706375,9.052899580001302,159.1090612373373,159.1090612373373,79.02400915653743,79.02400915653743,34.69034015828593,72.40312376807806,3.9491253284818737,7.156314491780088,12.46598490543972,5.6962120298776435,0.9565217391304348,0.9787234042553191,28096.063942230638,531327.860284328,531327.860284328,562,1.0,0.0,0.0,0.0,31.82478813996424,24.866835079127213,70.75502591241911,34.972393673470535,4.646324088308644,678.8875745161787,1739.0417015716368,859.5765356416648,0.4942817270366969,994.7978864494171,0.04258996874282999,401.00429280595347,4,0,3,32,0.0,498,162.0,0.40100429280595346,305.65121167540656,195208.02758515842,831.9381446644628,500000.0,0.47311760076408255,0,6,18.77233977955797,3,E9,search,30,27.682787285054026,0.6871535212186153,0.21499843095058152,0.6376846329206083,68.66379729956579,marketplace
3.6966014099732294,5.50250170178597,4.759920444571435,6.702905747713703,5.557633267247588,9.89798498702676,,,60.95953131467718,106.17190099377198,36.666575016209464,70.75502591241866,2.8873288779430264,4.708402366617975,5.182238997752927,5.50250170178597,1.0,1.0,32491.15341102122,538255.453584505,538255.453584505,550,1.0,0.0,0.0,0.0,33.90432497179757,28.856306563107978,70.44143711642191,37.07114080331518,3.6966014099732294,761.8306730855801,1703.2360730813293,850.3540496723602,0.499257890971028,912.1301670385277,0.03863757481183097,360.6225288028053,4,0,1,19,0.0,518,162.0,0.36062252880280526,301.64231769053964,195322.9644429012,831.2418511150833,500000.0,0.46272579211173664,0,12,32.50980979920472,4,E9,search,30,27.682787285054026,0.6871535212186153,0.21499843095058152,0.6376846329206083,68.66379729956579,marketplace
6.752943687287877,9.968625406011235,8.287126546959554,13.889486365142831,13.849968637767109,24.582056797175916,59.96171754788702,90.95275262800169,,,34.712197481844186,70.6382135615413,3.3782940286054597,5.104387630960332,20.4763254440809,9.968625406011235,0.9259259259259259,0.9122807017543859,43452.69323580841,547328.4080016714,544328.4080016714,570,0.9945188300915109,0.0,0.0,3000.0,31.759007185637625,26.00556825584681,70.44143711642201,35.07532924451977,6.752943687287877,714.3706629473672,1732.6925737295608,855.6745997763,0.4938409806504163,1022.2502521160459,0.041921431131945755,410.87162230606646,3,0,0,35,0.0,516,162.0,0.41087162230606644,298.3692734658952,183938.71769846432,882.9618562881936,500000.0,0.5152169717775608,0,7,18.48723139738604,5,E9,search,30,27.682787285054026,0.6871535212186153,0.21499843095058152,0.6376846329206083,68.66379729956579,marketplace
5.470103813951648,10.461717640781844,14.518571309155906,41.16899219171976,5.873722398093313,11.529478368520905,10.067879662514372,12.368646986263002,,,32.56925516258504,71.35723291237709,10.833548070852316,33.05196646234665,11.255375102322395,10.461717640781844,0.9285714285714286,0.9807692307692307,31608.77227884693,533346.8920584851,533346.8920584851,565,1.0,0.0,0.0,0.0,29.820806399044212,21.546470456126485,70.47620986256398,31.053459612296706,5.470103813951648,599.6086768998751,1705.7998082880113,846.6173363936862,0.4963169372397662,952.6924483522112,0.04325451631657563,450.0280853171545,6,0,0,35,0.0,510,162.0,0.4500280853171545,304.58605928747664,194276.9352112333,836.177634306865,500000.0,0.4729993243993798,0,5,18.051416744314302,6,E9,search,30,27.682787285054026,0.6871535212186153,0.21499843095058152,0.6376846329206083,68.66379729956579,marketplace
3.323489290500127,5.038729584008365,8.574053014350017,24.787727108162475,2.5211398773107367,2.9199910145446895,6.191021358897288,6.846215195198672,11.965982658850123,11.965982658850123,33.025747396353005,70.774209219254,8.426451784104477,8.457244430038834,6.10562461667256,5.038729584008365,1.0,1.0,40773.60461111535,544565.4292464787,544565.4292464787,582,1.0,0.0,0.0,0.0,29.1458295722785,19.832968718267296,70.43292564590774,30.87535462887242,3.323489290500127,620.1160266520768,1829.4793267179246,910.9358217037857,0.4979208064285697,1055.2714681368395,0.04184109497265813,393.3529772246537,2,0,1,33,10.0,526,162.0,0.3933529772246537,298.20723875536896,186732.18524083553,869.6591472315274,500000.0,0.47120655207628,0,9,25.38464609111371,7,E9,search,30,27.682787285054026,0.6871535212186153,0.21499843095058152,0.6376846329206083,68.66379729956579,marketplace
2.910324725436766,5.352745925200139,5.482081634784199,9.722785849552203,7.26795215709932,17.466402118876545,,,,,35.54244271272339,51.67151583358998,3.9551138856951877,4.907808454582323,6.046040747094238,5.352745925200139,1.0,1.0,13968.57625752051,515078.73700219905,515078.73700219905,554,1.0,0.0,0.0,0.0,32.48998226842891,38.024024648820614,51.53344667270669,34.66642150167037,2.910324725436766,672.8794155184298,1726.7141507150332,864.411601830916,0.5006107128229433,1014.7354143303834,0.04237734106315689,400.5600086120603,4,0,0,32,0.0,515,162.0,0.40056000861206026,315.29268894654194,209437.70246414916,775.4122495514446,500000.0,0.5022803555622923,0,6,18.67980977914427,0,E9,search,31,7.529977399942744,8.060391472621088,0.3382355999992967,0.7661058377827299,46.81430843313384,marketplace
2.8483976277165803,4.300739441420978,3.91612815556428,5.145716860292822,4.572184548777341,5.644061312779013,6.4472790910649564,7.980273967538414,,,36.20068437796249,54.32137037269331,13.928208744643468,38.01159905503519,4.692823496461947,4.300739441420978,1.0,1.0,22776.714596747763,525519.2910413912,524519.2910413912,535,0.9980971202826477,0.0,0.0,1000.0,34.149653194732714,38.80782402313707,51.75542713465802,34.85394591696142,2.8483976277165803,689.4322746322506,1595.0539355775325,801.3354198694084,0.5023876635113679,946.8872912048101,0.03951432346163315,369.043030067427,2,0,2,40,0.0,490,162.0,0.369043030067427,309.55780998578075,200002.72400021012,811.8341579682526,500000.0,0.48943258040840937,0,8,19.992340146335494,1,E9,search,31,7.529977399942744,8.060391472621088,0.3382355999992967,0.7661058377827299,46.81430843313384,marketplace
8.893920273476118,18.5761748846252,5.870143491744102,11.039413750973562,3.9530663102331496,6.6478843412728565,4.68371236716564,5.106472912999175,,,34.86427703171461,50.991733558774655,8.428997443117169,16.048658987145245,5.002935658105187,18.5761748846252,0.9545454545454546,1.0,29310.196036041838,532277.3226155266,514873.34282247716,546,0.9673027967685547,14403.979793049497,0.02706104352195697,3000.0,32.410215884949835,34.933401334748396,50.67952348619065,33.896300801552904,8.893920273476118,662.3234530918758,1655.7889293761914,825.3350119285069,0.4984542397197008,978.2261716382955,0.0398116050835334,371.72855027915534,2,0,0,34,0.0,501,162.0,0.3717285502791553,315.3624688747252,207508.35640633877,782.4828424370826,500000.0,0.48654353696291314,0,5,12.87498179847855,2,E9,search,31,7.529977399942744,8.060391472621088,0.3382355999992967,0.7661058377827299,46.81430843313384,marketplace
4.145773525782671,6.779025474827723,8.907309263223116,9.09953698706504,5.663519454519656,9.435825021549544,34.71655261487376,34.71655261487376,50.63150053407389,50.63150053407389,36.3885723679419,51.78712779898801,3.3155927129676974,4.676887630746478,8.631115315915451,6.779025474827723,1.0,1.0,28096.063942230638,531327.860284328,530327.860284328,561,0.998117922897051,0.0,0.0,1000.0,33.079228108366486,37.13170279958172,51.11800045264681,35.32826780453116,4.145773525782671,696.7305504165296,1753.3089604489974,869.0151651916431,0.4956429156496757,1044.8991018358356,0.04368736850435332,403.6808755186936,4,0,2,39,0.0,503,162.0,0.4036808755186936,306.23260257993644,195406.7615583692,831.1057385135964,500000.0,0.49675131274446843,0,6,20.873655293557356,3,E9,search,31,7.529977399942744,8.060391472621088,0.3382355999992967,0.7661058377827299,46.81430843313384,marketplace
3.0863815144107827,4.8137389668245305,3.5203173203790357,4.549168195196852,3.0556028865459868,3.6887407889196773,,,61.19928432494885,106.603456412261,36.62374646726518,54.92607766573283,3.500538062739399,5.208471792655292,3.2742920318791864,4.8137389668245305,1.0,1.0,32491.15341102122,538255.453584505,537255.4535845051,549,0.998142146088181,0.0,0.0,1000.0,33.79667191699849,37.069624327895326,54.37936032969774,37.0164229158267,3.0863815144107827,747.6119178324129,1691.510076830536,851.3157118205179,0.503287401879195,990.5323502250046,0.0420621289949935,397.5296865577607,4,0,1,33,0.0,505,162.0,0.3975296865577608,302.2724638773987,195563.20158853155,830.4094449642171,500000.0,0.4895170923360232,0,12,30.178924259688827,4,E9,search,31,7.529977399942744,8.060391472621088,0.3382355999992967,0.7661058377827299,46.81430843313384,marketplace
9.921730209122028,29.175606611796493,12.884910588553822,19.705258761799,18.622842363701874,68.39409501933187,67.07477360120417,101.44927542415644,,,36.21490545190491,53.43270061115218,4.169248959115798,7.145170271162783,25.635527116133243,29.175606611796493,0.8888888888888888,0.8421052631578947,43452.69323580841,547328.4080016714,546328.4080016714,572,0.998172943363837,0.0,0.0,1000.0,33.52254953317604,36.82727764359515,53.87630591081321,36.90303638648531,9.921730209122028,756.5052338443979,1761.5451028401656,875.1790042346762,0.49682463584021325,1078.9293152118828,0.04596568826346975,454.47940419534615,4,0,0,41,39.271998098109954,521,162.0,0.45447940419534616,297.35682242556635,183641.851610854,884.6266685899262,500000.0,0.5267818420654805,0,8,22.78706285033904,5,E9,search,31,7.529977399942744,8.060391472621088,0.3382355999992967,0.7661058377827299,46.81430843313384,marketplace
5.921662948900912,13.431800834316219,12.494221973974495,40.6730738812488,5.71143417014881,11.136760448615771,8.996946876740196,13.10204705109452,,,34.87042371126557,54.32137037269331,7.027991360780902,25.986517422413087,9.933029681652954,13.431800834316219,0.9285714285714286,0.9807692307692307,31608.77227884693,533346.8920584851,531346.8920584851,563,0.9962500953323626,0.0,0.0,2000.0,31.724749859377095,34.90080074215666,52.77355189930754,33.16492523557196,5.921662948900912,651.6624350514898,1709.5492892928546,855.9993978906183,0.5007164187963821,1032.8245498285842,0.04480542053242098,435.29625125829466,5,0,0,42,0.0,506,162.0,0.4352962512582947,305.70480166350376,195012.6663252008,832.9474147098895,500000.0,0.5207573933346512,0,8,24.821675269281933,6,E9,search,31,7.529977399942744,8.060391472621088,0.3382355999992967,0.7661058377827299,46.81430843313384,marketplace
4.06387937791149,6.861128417787363,5.892490852360788,13.764418459755149,2.6634179768117385,3.2761045380591898,6.191021358897288,6.846215195198672,11.965982658850123,11.965982658850123,35.22194928632603,53.530937335728225,6.374751578825197,6.492677939951639,4.706466066241269,6.861128417787363,1.0,1.0,40773.60461111535,544565.4292464787,543565.4292464787,581,0.9981636733690867,0.0,0.0,1000.0,30.94411778086843,33.787932368692964,51.60115085241296,32.86264367566292,4.06387937791149,663.3433629694537,1854.6082199675395,925.4648654728026,0.49900828407252534,1140.32452712208,0.04468138618873661,416.5368925442249,2,0,1,41,41.40920151246225,531,162.0,0.4165368925442249,298.79850364600134,186937.77391166374,868.8267410806611,500000.0,0.5118684629387992,0,7,22.307287945986616,7,E9,search,31,7.529977399942744,8.060391472621088,0.3382355999992967,0.7661058377827299,46.81430843313384,marketplace
3.089122803113227,5.422457569304057,5.101164415988994,9.461347941055466,7.401148273916921,17.706155129148215,,,,,8.937883064275553,12.420695124368649,3.985415883615045,10.960266073354433,5.827475107966234,5.422457569304057,1.0,1.0,13968.57625752051,515078.73700219905,515078.73700219905,554,1.0,0.0,0.0,0.0,8.479498341486675,9.120565208538665,12.420695124368649,8.84042758235673,3.089122803113227,134.22715870044587,1769.5190102176855,874.8148603573225,0.49438002943506276,1002.8507022654222,0.03890796663534881,376.20995981646325,3,0,0,12,0.0,537,162.0,0.3762099598164632,315.24541452605763,209406.2997505479,775.4122495514446,500000.0,0.4391995641431497,0,6,14.987459172712168,0,E9,search,32,29.146821253847403,3.326814592113249,0.19913777983968528,0.4318926389387855,7.447875758514394,marketplace
2.7214145457350583,4.300739441420978,3.91612815556428,5.145716860292822,4.614984893186647,5.644061312779013,5.59689736480171,7.470044931780467,,,9.46012192966478,12.420695124368695,16.17109803056428,44.670443044748225,4.5258846781231465,4.300739441420978,1.0,1.0,22776.714596747763,525519.2910413912,525519.2910413912,536,1.0,0.0,0.0,0.0,9.230302714041212,9.152584051554186,12.420695124368649,9.425694735824926,2.7214145457350583,149.44996209536146,1711.4399407056414,859.4780672454677,0.5021958684048811,1006.7338394075318,0.03800494335104277,353.88307922601336,2,0,2,6,818.5948957851573,527,162.0,0.35388307922601336,308.9399111448387,199779.20865393023,812.6665641191189,500000.0,0.45633686157538467,0,6,14.813666487209018,1,E9,search,32,29.146821253847403,3.326814592113249,0.19913777983968528,0.4318926389387855,7.447875758514394,marketplace
8.386523669446815,19.43324126069956,6.0740545897336915,11.039413750973562,3.790930864374104,6.7265872182888415,4.943728098031215,5.15847605917229,,,8.843530641329341,12.420695124368649,8.300842791494647,14.27953164080327,5.076592381261037,19.43324126069956,1.0,1.0,29310.196036041838,532277.3226155266,517873.34282247716,549,0.9729389564780431,14403.979793049497,0.02706104352195697,0.0,8.704560273586738,9.152584051553958,12.463252476940168,8.776053420382034,8.386523669446815,134.85919933748133,1759.6884879140714,879.1051539761788,0.4995799881706716,1017.2241725254457,0.03843080108402959,359.03705680035864,2,0,0,8,0.0,534,162.0,0.35903705680035863,313.51109167334715,206420.40876730115,786.5454681849244,500000.0,0.4429981503590506,0,5,12.189379968708463,2,E9,search,32,29.146821253847403,3.326814592113249,0.19913777983968528,0.4318926389387855,7.447875758514394,marketplace
4.631239252120662,5.359421773739996,12.625081288024322,36.122526518412656,12.987694616365161,39.70190347729739,228.94812567408462,228.94812567408462,62.83389660427292,62.83389660427292,8.771696286933524,12.420695124368649,3.7771604106000205,7.44346485632614,21.78963035758552,5.359421773739996,0.9565217391304348,0.9361702127659575,28096.063942230638,531327.860284328,531327.860284328,562,1.0,0.0,0.0,0.0,9.12995003060545,9.15258405155398,12.420695124368649,11.118957611140265,4.631239252120662,181.16107055213246,1861.1398571457034,920.9534573883708,0.49483302066335355,1110.9361820340396,0.04211271565003579,380.8163819734424,4,0,1,13,0.0,545,162.0,0.38081638197344236,305.6132164706723,195183.76146518064,831.9381446644628,500000.0,0.44055983726839215,0,4,10.153341403988462,3,E9,search,32,29.146821253847403,3.326814592113249,0.19913777983968528,0.4318926389387855,7.447875758514394,marketplace
3.220317096733955,5.622121782550951,5.124657257498939,8.12579257251591,5.513513457719859,9.227175548625024,,,61.43903733522052,106.65140701431532,10.592020203138635,15.008381163698688,6.813813264634571,4.981222907070833,5.33052230467472,5.622121782550951,1.0,1.0,32491.15341102122,538255.453584505,538255.4535845051,550,1.0000000000000002,0.0,0.0,0.0,10.28373151927398,9.152584051554186,14.959889892710544,13.276157861328004,3.220317096733955,226.89037764429494,1777.2868614908737,900.6282697567675,0.5067433340509124,1032.2520011978975,0.04366942523325996,401.8091808464202,4,1,1,10,0.0,530,162.0,0.4018091808464202,301.7188364731536,195372.51278071452,831.2418511150834,500000.0,0.4267266604567501,0,13,39.64457857165178,4,E9,search,32,29.146821253847403,3.326814592113249,0.19913777983968528,0.4318926389387855,7.447875758514394,marketplace
6.713388696090227,9.717103952047182,8.730878964118817,17.074609095459348,14.33463098180232,25.8299813202975,63.27263731718904,94.7322586485434,,,9.731497208636805,12.420695124368796,3.064611208479171,5.471676933005142,21.507147973960695,9.717103952047182,0.9259259259259259,0.9122807017543859,43452.69323580841,547328.4080016714,547328.4080016714,573,1.0,0.0,0.0,0.0,10.019648023852227,9.152584051553987,13.268186996027092,12.41129909271911,6.713388696090227,217.05757222786622,1870.9239951960844,929.5620347169674,0.4968464978287606,1107.856854502148,0.04303781547248626,416.48250936864633,3,0,0,13,0.0,557,162.0,0.4164825093686463,296.74411219099864,183102.59276786284,887.0244820360355,500000.0,0.484169057557773,0,9,29.96071200269503,5,E9,search,32,29.146821253847403,3.326814592113249,0.19913777983968528,0.4318926389387855,7.447875758514394,marketplace
6.010078232462659,20.01782421143321,19.24793667542256,54.12825307001836,10.315690800390778,23.804233056576518,8.996946876740196,13.10204705109452,,,9.69627484403134,13.248896838872502,5.712466494894836,8.714354468609693,14.934199995424564,20.01782421143321,0.9285714285714286,0.9615384615384616,31608.77227884693,533346.8920584851,533346.8920584851,565,1.0,0.0,0.0,0.0,9.64442916256362,9.152584051553958,14.543122914403106,9.648489667247585,6.010078232462659,143.8020367650284,1795.5681918222863,894.236656145313,0.4980243358163802,1068.1691904131926,0.04517087088988157,455.9925204378841,7,0,0,13,0.0,543,162.0,0.4559925204378841,304.59724231902624,194284.068187381,836.177634306865,500000.0,0.48215996408056955,0,4,14.789548371768241,6,E9,search,32,29.146821253847403,3.326814592113249,0.19913777983968528,0.4318926389387855,7.447875758514394,marketplace
3.850414654574108,6.262844946684629,8.319384913340972,16.297689143801474,2.6809437887782823,3.1816012049291267,6.383707967894125,7.038901804195509,12.15866926784696,12.15866926784696,9.283156517724448,12.420695124368649,4.076667809608506,5.48252256636793,6.043663079509393,6.262844946684629,1.0,1.0,40773.60461111535,544565.4292464787,544565.4292464787,582,1.0,0.0,0.0,0.0,8.630212268813931,8.830483785043725,12.420695124368649,9.053624913525907,3.850414654574108,143.2908235465295,1936.4535686146678,961.8770195154516,0.4967209310386797,1170.6471762378644,0.0423833452361418,401.1150364604439,2,0,1,10,0.0,566,162.0,0.4011150364604439,298.2214924314544,186741.1106448407,869.6591472315274,500000.0,0.44624172964035536,0,7,20.89157426175732,7,E9,search,32,29.146821253847403,3.326814592113249,0.19913777983968528,0.4318926389387855,7.447875758514394,marketplace
3.3556894903561627,5.469809491309084,8.322343158869593,11.6571682842231,7.316089582569494,17.783859582465084,,,,,25.01284812021358,47.46734514133307,4.637822646045394,6.355285327790625,8.00457887161693,5.469809491309084,1.0,1.0,13968.57625752051,515078.73700219905,515078.73700219905,554,1.0,0.0,0.0,0.0,23.08675750097935,17.931131162725478,47.148202334399585,24.460931437093187,3.3556894903561627,467.05847823513284,1743.2591323648226,869.6010019970063,0.49883633812796774,940.8699804341308,0.03828591244735164,374.4737432823266,3,0,0,24,0.0,525,162.0,0.37447374328232663,315.2420437471661,209404.06066219826,775.4122495514446,500000.0,0.45343293505343824,0,4,10.401857342942078,0,E9,search,33,6.387245849260176,9.154643971239082,0.4200844085791948,0.3730637319701763,45.05697372154684,marketplace
2.710360644609216,4.252211773349279,5.437772338912803,9.000651386705385,4.186564020861534,5.0455435820732415,5.59689736480171,7.470044931780467,,,27.198618658089945,49.06349228786739,13.73576864181093,38.01159905503519,5.0250104451564015,4.252211773349279,1.0,1.0,22776.714596747763,525519.2910413912,524519.2910413911,535,0.9980971202826475,0.0,0.0,1000.0,25.755638592113804,22.88664626560012,49.06349228786712,26.26959933093974,2.710360644609216,502.72544014141044,1628.5400956040248,815.2183576363634,0.500582306715635,908.8123889246878,0.03772503734718448,358.5918445879085,2,0,3,24,0.0,496,162.0,0.3585918445879085,309.5378847215284,199989.85045285206,811.8341579682526,500000.0,0.4563655857215944,0,7,19.950965057339918,1,E9,search,33,6.387245849260176,9.154643971239082,0.4200844085791948,0.3730637319701763,45.05697372154684,marketplace
7.938475650806243,15.617718026893092,6.490695207130358,10.71871591246413,4.399804528356905,8.147934335825084,5.183481108302885,5.206426661226624,,,25.511791516808596,49.848801503489085,9.267488944843906,15.984238933843244,5.543209440236879,15.617718026893092,0.9545454545454546,1.0,29310.196036041838,532277.3226155266,516873.34282247716,548,0.9710602365748803,14403.979793049497,0.02706104352195697,1000.0,23.897197373434853,19.51266306535814,49.06349228786862,24.87632511100433,7.938475650806243,468.23564849609505,1648.949089260658,812.9552335425353,0.4930141499438539,971.0604273571876,0.03934682485979248,386.99020359974674,2,0,0,35,0.0,503,162.0,0.38699020359974673,314.171725933586,206674.67304566817,785.7130620340581,500000.0,0.4648719824009591,0,5,13.60509365293776,2,E9,search,33,6.387245849260176,9.154643971239082,0.4200844085791948,0.3730637319701763,45.05697372154684,marketplace
3.245430972263134,5.142686011546539,6.347762937654518,9.802219460717788,5.606379076547819,8.945844912122718,34.10937453661609,34.10937453661609,50.02432245581622,50.02432245581622,25.90048063659323,49.063492287868485,4.357491763156174,6.805320021110405,7.195586812150125,5.142686011546539,1.0,1.0,28096.063942230638,531327.860284328,531327.860284328,562,1.0,0.0,0.0,0.0,23.680798080587675,18.69896744136281,48.27136732637228,25.44200079596069,3.245430972263134,493.06229980168246,1817.3905006867594,900.9960755956042,0.49576361010753267,1049.4635057974199,0.041466170678982145,381.6043014048498,4,0,2,28,0.0,525,162.0,0.3816043014048498,305.61469939579314,195184.70855413968,831.9381446644628,500000.0,0.4689794235367451,0,5,16.82233977955797,3,E9,search,33,6.387245849260176,9.154643971239082,0.4200844085791948,0.3730637319701763,45.05697372154684,marketplace
2.9746005811277123,5.103408186183607,5.661833894632537,9.91123416024975,2.772644131116269,3.282201696119046,,,63.817667302823565,111.31654577243549,28.790415907516696,52.65598690777839,7.00616222827202,6.238133842993558,4.132262843359219,5.103408186183607,1.0,1.0,32491.15341102122,538255.453584505,538255.4535845051,550,1.0000000000000002,0.0,0.0,0.0,26.79584486568898,25.581385519473315,52.5046208243768,30.231509354564256,2.9746005811277123,607.1344117310047,1713.210402828479,863.0271640080648,0.5037484961468964,945.1179705082902,0.04029814357610198,380.45198922489965,4,0,1,28,4046.004294015581,516,162.0,0.3804519892248997,301.67915793115407,195346.81966673947,831.2418511150834,500000.0,0.4783751057678846,0,13,34.756345713882915,4,E9,search,33,6.387245849260176,9.154643971239082,0.4200844085791948,0.3730637319701763,45.05697372154684,marketplace
7.004091576718969,13.005757826663299,17.492612705617557,49.65409337857777,17.351448188455027,64.54149751835011,68.93276758066106,104.26976940361328,,,26.382953693674594,49.063492287868485,3.720136116490586,6.093755925640721,27.733588841572086,13.005757826663299,0.9259259259259259,0.8596491228070176,43452.69323580841,547328.4080016714,545328.4080016714,571,0.996345886727674,0.0,0.0,2000.0,24.902541602683666,20.66504850695651,49.063492287868485,27.95793272979804,7.004091576718969,558.228628863009,1766.9814373254856,876.6925098704992,0.49615264277901333,1044.7009855961055,0.042497029216020436,414.1348912475154,3,0,0,34,39.271998098109954,525,162.0,0.4141348912475154,297.828120648264,183769.16641552246,883.7942624390599,500000.0,0.5111994574541922,0,9,26.152776534568332,5,E9,search,33,6.387245849260176,9.154643971239082,0.4200844085791948,0.3730637319701763,45.05697372154684,marketplace
5.673828837921986,10.78250765844556,12.750978754785784,40.6730738812488,4.939430976899985,9.113826563980638,8.996946876740196,13.10204705109452,,,25.678253492363638,49.400913878191744,7.718685405947422,23.136546822312553,9.846938673228161,10.78250765844556,0.9285714285714286,0.9807692307692307,31608.77227884693,533346.8920584851,532346.8920584851,564,0.9981250476661813,0.0,0.0,1000.0,23.597491380471737,18.980412950579648,49.06349228786712,24.53728112024387,5.673828837921986,464.23284894005826,1721.232090186529,854.5122217788864,0.4964538057655452,975.1791103241956,0.04338101980225672,442.0370071081923,6,0,0,36,0.0,516,162.0,0.4420370071081923,305.14320536178104,194826.0595218178,833.7798208607558,500000.0,0.47866847420624864,0,6,18.986084286446435,6,E9,search,33,6.387245849260176,9.154643971239082,0.4200844085791948,0.3730637319701763,45.05697372154684,marketplace
4.116540722897466,6.349843685331177,6.656749004479737,15.918767093367935,2.571644976034725,2.9199910145446895,6.191021358897288,6.846215195198672,11.965982658850123,11.965982658850123,25.481786648107548,49.06349228786894,4.002524176604584,4.720517231632835,5.086024356680987,6.349843685331177,1.0,1.0,40773.60461111535,544565.4292464787,544565.4292464787,582,1.0,0.0,0.0,0.0,22.521110621223823,15.360413863964823,48.780885261339854,23.91866809295892,4.116540722897466,466.8582166803043,1868.2954183269906,927.0522813613754,0.4962021917237941,1092.2702035986574,0.04248126487656306,404.31368242954613,2,0,1,29,0.0,541,162.0,0.40431368242954613,298.22736619023027,186744.78869040517,869.6591472315274,500000.0,0.472784697434113,0,8,25.331955690848595,7,E9,search,33,6.387245849260176,9.154643971239082,0.4200844085791948,0.3730637319701763,45.05697372154684,marketplace
5.390652487706173,12.98966214541705,7.234355453237172,17.321065210030618,14.230797364758265,30.618472032893607,,,,,33.953282197249166,71.14098578842095,4.108072770646185,4.841800004592187,9.44375816213857,12.98966214541705,0.9583333333333334,1.0,13968.57625752051,515078.73700219905,515078.73700219905,554,1.0,0.0,0.0,0.0,31.282738201962584,25.838295161213864,71.14098578842037,33.25360331025235,5.390652487706173,638.9657092090092,1674.5825139617525,832.4718862179925,0.4971220464069686,911.7702434192811,0.03808156762791599,368.94469596657655,3,0,0,31,0.0,502,162.0,0.3689446959665766,315.231309374111,209396.93020053874,775.4122495514446,500000.0,0.47560193064646467,0,4,15.832493894220798,0,E9,search,34,14.375894846688745,5.946848704882786,0.3296375033045316,0.4993286690777667,69.37185744207908,marketplace
2.681665630133879,4.252211773349279,5.405395229829073,9.000651386705385,4.186564020861534,5.0455435820732415,5.59689736480171,7.470044931780467,,,35.37760144611036,71.48482732715266,13.804790127491742,38.30148929489461,5.011134541263374,4.252211773349279,1.0,1.0,22776.714596747763,525519.2910413912,525519.2910413911,536,0.9999999999999998,0.0,0.0,0.0,33.387714779808434,28.305258386219293,71.29306193370996,34.054486059302626,2.681665630133879,670.9048265008586,1599.5675242377342,802.2974792484613,0.5015714979777375,880.8361879259104,0.037239381250352935,354.0891373408123,2,0,3,28,0.0,488,162.0,0.35408913734081227,308.940303248646,199779.46221193776,812.6665641191189,500000.0,0.4491260350849539,0,8,24.0022805713393,1,E9,search,34,14.375894846688745,5.946848704882786,0.3296375033045316,0.4993286690777667,69.37185744207908,marketplace
7.76830751669632,18.95373524015622,7.55013984041139,13.7759053733404,4.775053452332638,7.388638012377669,4.943728098031215,5.15847605917229,,,34.46411697770622,71.14098578842095,9.42852604322781,16.30633920035416,6.183680977084336,18.95373524015622,1.0,1.0,29310.196036041838,532277.3226155266,516873.34282247716,548,0.9710602365748803,14403.979793049497,0.02706104352195697,1000.0,32.064142006116015,26.690433744237453,71.14098578842079,33.51909339066475,7.76830751669632,655.443116831846,1645.33732144142,814.8955322443782,0.4952756627014805,911.3959411066133,0.038089924071670014,373.37990822860985,2,0,0,33,0.0,500,162.0,0.37337990822860984,314.1453939596893,206657.3508245816,785.7130620340581,500000.0,0.4601373330693428,0,5,14.67976139779974,2,E9,search,34,14.375894846688745,5.946848704882786,0.3296375033045316,0.4993286690777667,69.37185744207908,marketplace
3.1267451281514793,4.57578954248711,5.975976368461051,9.047475813904203,9.13551701791539,16.188416413177208,214.1093745366161,214.1093745366161,182.02432245581622,182.02432245581622,34.52980455088778,73.09576898187069,9.112312800454154,10.964400278705313,15.964676562740152,4.57578954248711,1.0,0.9787234042553191,28096.063942230638,531327.860284328,531327.860284328,562,1.0,0.0,0.0,0.0,32.08107891914468,25.546345200031283,71.46308605493232,36.6931732675792,3.1267451281514793,715.5997846112716,1731.4546579984537,854.1713716949982,0.49332586778934934,1000.5833618851321,0.042322626680644064,395.73198671003126,4,0,2,31,0.0,497,162.0,0.3957319867100313,305.6412887888236,195201.6902076385,831.9381446644628,500000.0,0.47721133777797525,0,6,18.77233977955797,3,E9,search,34,14.375894846688745,5.946848704882786,0.3296375033045316,0.4993286690777667,69.37185744207908,marketplace
2.8204498451556597,5.221657316876464,4.709322271383371,6.702905747713703,2.5052549279995824,2.9339288334977027,,,60.95953131467718,106.17190099377198,37.052485486720755,71.14098578842095,2.9492712368874154,4.719003758152121,3.5424630895919536,5.221657316876464,1.0,1.0,32491.15341102122,538255.453584505,538255.453584505,550,1.0,0.0,0.0,0.0,34.17725873055478,30.55529550378489,71.14098578842095,37.392457461215116,2.8204498451556597,762.3670940231809,1690.4761325497154,848.9495802334058,0.5021955435436701,909.860299353807,0.03890789410710281,362.78060029386324,4,0,1,26,0.0,510,162.0,0.3627806002938632,301.6463270721013,195325.56064458206,831.2418511150833,500000.0,0.47167576201588207,0,13,36.17205939811221,4,E9,search,34,14.375894846688745,5.946848704882786,0.3296375033045316,0.4993286690777667,69.37185744207908,marketplace
7.398406754527823,14.672007357433017,9.424410051854803,13.62757840504087,19.106018292111493,73.5629660759324,59.96171754788702,90.95275262800169,,,35.345401063322356,71.46308605493205,3.3782940286054597,5.104387630960332,22.759074297813473,14.672007357433017,0.9259259259259259,0.8947368421052632,43452.69323580841,547328.4080016714,544328.4080016714,570,0.9945188300915109,0.0,0.0,3000.0,32.46183551620273,27.766137108048724,71.46308605493186,35.68828410344467,7.398406754527823,727.6780738085025,1729.7146205909228,854.1107764014744,0.4937871058230891,1019.0052336530649,0.041810963825475646,409.9039287013882,3,0,0,34,0.0,515,162.0,0.40990392870138825,298.36749569058446,183937.62173537398,882.9618562881936,500000.0,0.5128324477730072,0,7,18.48723139738604,5,E9,search,34,14.375894846688745,5.946848704882786,0.3296375033045316,0.4993286690777667,69.37185744207908,marketplace
6.219644935907155,15.832928554486315,15.281118983402306,41.8298668427333,5.683732808183322,11.529478368520905,10.067879662514372,12.368646986263002,,,33.49842214283903,72.65741366627023,10.554588569192456,33.05196646234665,11.613008128815446,15.832928554486315,0.9285714285714286,0.9807692307692307,31608.77227884693,533346.8920584851,533346.8920584851,565,1.0,0.0,0.0,0.0,30.688996417904406,22.196640415682396,71.18427000507718,31.930978749319106,6.219644935907155,618.7341305502257,1693.3793665681096,840.883812017554,0.4965714290718758,945.1139872836221,0.04313952534549981,449.0207644105303,6,0,0,35,0.0,508,162.0,0.44902076441053035,304.5841706087919,194275.73053788964,836.177634306865,500000.0,0.47249752980692766,0,5,18.051416744314302,6,E9,search,34,14.375894846688745,5.946848704882786,0.3296375033045316,0.4993286690777667,69.37185744207908,marketplace
4.121870776580681,6.349843685331177,8.98326520495596,24.84249214407392,2.5211398773107367,2.9199910145446895,6.191021358897288,6.846215195198672,11.965982658850123,11.965982658850123,33.22190332967772,72.1095795314136,7.540837368672794,4.423612271175677,6.327281219917445,6.349843685331177,1.0,1.0,40773.60461111535,544565.4292464787,544565.4292464787,582,1.0,0.0,0.0,0.0,29.34381162007332,20.061791554437733,71.14098578842095,31.075628761686417,4.121870776580681,619.3471756392929,1826.2502793235074,909.470991617591,0.4979990978862348,1048.83255434307,0.04197085973188922,395.99568997935467,2,0,1,34,10.0,522,162.0,0.3959956899793547,298.21209163917825,186735.22403225527,869.6591472315274,500000.0,0.47396854850033865,0,8,23.138110176435514,7,E9,search,34,14.375894846688745,5.946848704882786,0.3296375033045316,0.4993286690777667,69.37185744207908,marketplace
3.048823687170637,5.429285653939282,5.104665997853212,9.461347941055466,7.4627229277954825,17.706155129148215,,,,,9.421552083046613,13.17966780048755,3.985415883615045,10.960266073354433,5.849315554677087,5.429285653939282,1.0,1.0,13968.57625752051,515078.73700219905,515078.73700219905,554,1.0,0.0,0.0,0.0,8.915025957173345,9.879537884657111,13.14979329149255,9.310043067198276,3.048823687170637,144.42367367949856,1771.3335161304317,875.7969601192026,0.49442804087647235,1003.61797161584,0.03891808755028338,376.4652086116692,3,0,0,11,0.0,538,162.0,0.3764652086116692,315.2459100790224,209406.62892873067,775.4122495514446,500000.0,0.43891987855675446,0,5,11.325209573804676,0,E9,search,35,13.975201051833748,6.281008548649068,0.3176130919498566,0.4195281077312992,8.206848434633441,marketplace
2.8348737294874544,4.300739441421138,3.3220232696883065,4.01664504808511,4.614984893186647,5.644061312779013,5.59689736480171,7.470044931780467,,,10.035201864638406,13.179667800488232,15.707163046249791,43.37142508866765,4.271268298462014,4.300739441421138,1.0,1.0,22776.714596747763,525519.2910413912,525519.2910413912,536,1.0,0.0,0.0,0.0,9.757223760753229,9.911556727673087,13.17966780048755,9.967439709956015,2.8348737294874544,160.43448400179756,1706.2468269544058,858.3475792420743,0.5030617878271436,997.9892985811024,0.03792496992744182,351.23989269794754,2,0,2,9,818.5948957851573,524,162.0,0.3512398926979476,308.93488147880527,199775.9561680464,812.6665641191189,500000.0,0.4517803927620389,0,7,17.583326857423685,1,E9,search,35,13.975201051833748,6.281008548649068,0.3176130919498566,0.4195281077312992,8.206848434633441,marketplace
8.386523669446815,19.43324126069956,6.168926174248554,11.039413750973562,3.917426310393921,6.7265872182888415,4.943728098031215,5.15847605917229,,,9.459745160429717,13.17966780048755,8.300842791494647,14.27953164080327,5.171463965775899,19.43324126069956,1.0,1.0,29310.196036041838,532277.3226155266,517873.34282247716,549,0.9729389564780431,14403.979793049497,0.02706104352195697,0.0,9.268540610385326,9.911556727672973,13.17966780048755,9.37179524804543,8.386523669446815,148.2868889797604,1763.0181125175368,880.7699662779114,0.4995807814022956,1017.7355940466367,0.03844302499951411,359.1441383000031,2,0,0,8,0.0,536,162.0,0.3591441383000031,313.51129844494704,206420.5449088263,786.5454681849244,500000.0,0.44857986133997646,0,5,12.189379968708463,2,E9,search,35,13.975201051833748,6.281008548649068,0.3176130919498566,0.4195281077312992,8.206848434633441,marketplace
3.845792763203334,5.297268201158659,9.68752214936514,26.025282366035405,5.409120302502606,8.945844912122718,34.10937453661609,34.10937453661609,50.02432245581622,50.02432245581622,9.340832539384552,13.17966780048755,3.383468175124985,4.393553749637932,8.92243189597454,5.297268201158659,1.0,1.0,28096.063942230638,531327.860284328,531327.860284328,562,1.0,0.0,0.0,0.0,9.022065383731153,9.911556727673087,13.17966780048755,9.865775959013696,3.845792763203334,160.10839732101746,1872.460396294968,926.0621836736774,0.4945697038538567,1102.4220263762004,0.041387972557164185,374.46763247988713,4,0,2,13,0.0,546,162.0,0.3744676324798871,305.60126763461807,195176.1301893048,831.9381446644628,500000.0,0.4381485366249125,0,4,10.153341403988462,3,E9,search,35,13.975201051833748,6.281008548649068,0.3176130919498566,0.4195281077312992,8.206848434633441,marketplace
2.9498444763255267,5.622121782550951,5.135296595641648,8.12579257251591,5.174974563243065,7.733928833497707,,,61.43903733522052,106.65140701431532,11.154917249072673,15.533883602711311,2.6956009447766904,4.226363144102061,5.156302578489457,5.622121782550951,1.0,1.0,32491.15341102122,538255.453584505,538255.4535845051,550,1.0000000000000002,0.0,0.0,0.0,10.683879737994644,9.911556727673087,15.008381163698688,13.389602901828422,2.9498444763255267,229.1313316386101,1776.571102113385,903.0433249697649,0.5083068861671322,1023.5446163850146,0.043490633800684915,400.2847793204903,4,1,1,10,0.0,530,162.0,0.40028477932049034,301.71600435781545,195370.67889623926,831.2418511150834,500000.0,0.4281770801567976,0,13,39.25551265655989,4,E9,search,35,13.975201051833748,6.281008548649068,0.3176130919498566,0.4195281077312992,8.206848434633441,marketplace
8.049808081609708,16.791889233769254,11.320214666000165,15.372561914182098,19.590797005516926,71.63179966960433,63.27263731718904,94.7322586485434,,,10.132172548945563,13.179667800487778,3.3297113795839195,5.104387630960105,24.46755997607686,16.791889233769254,0.9259259259259259,0.8421052631578947,43452.69323580841,547328.4080016714,547328.4080016714,573,1.0,0.0,0.0,0.0,10.594647947699638,9.911556727673016,14.411634591961793,12.832146791758014,8.049808081609708,226.48942884898548,1846.2795194352152,914.4633399046053,0.4953005925041857,1105.1707979609957,0.042603891450872684,416.3345765827991,3,0,0,18,0.0,551,162.0,0.41633457658279915,296.74384190942055,183102.42599367697,887.0244820360355,500000.0,0.49038955448570354,0,10,28.922436904783005,5,E9,search,35,13.975201051833748,6.281008548649068,0.3176130919498566,0.4195281077312992,8.206848434633441,marketplace
5.379012798544094,11.24499896986913,13.091903798563127,40.6730738812488,4.648870011099136,7.134013618000928,8.996946876740196,13.10204705109452,,,10.364580002315233,14.008901678821445,9.411858119119774,28.461559744410533,9.946859456915641,11.24499896986913,0.9285714285714286,0.9807692307692307,31608.77227884693,533346.8920584851,533346.8920584851,565,1.0,0.0,0.0,0.0,10.077842729259086,9.911556727673045,14.27093769115727,10.173954780944513,5.379012798544094,159.4322678931914,1840.2868727219745,921.177339738386,0.5005618164171706,1068.164996156885,0.043024910290874144,422.4227340677883,6,0,0,8,0.0,551,162.0,0.42242273406778835,304.5343005697258,194243.92147095044,836.177634306865,500000.0,0.4658653302631617,0,6,21.476465715537714,6,E9,search,35,13.975201051833748,6.281008548649068,0.3176130919498566,0.4195281077312992,8.206848434633441,marketplace
3.678868388196639,6.262844946684629,8.702066364096424,17.056661819920375,2.620723176027907,3.149380826697973,6.670527379440713,7.325721215742098,12.445488679393549,12.445488679393549,9.845409654501468,13.17966780048755,3.9715542832881114,5.558419833979821,6.252267753182754,6.262844946684629,1.0,1.0,40773.60461111535,544565.4292464787,544565.4292464787,582,1.0,0.0,0.0,0.0,9.10782467016418,9.589456461162627,13.09651772391112,9.581424449079142,3.678868388196639,154.91076240531225,1935.451059245065,962.6274172202287,0.4973659306041599,1164.3494549820584,0.042231476918431446,399.55874040187996,2,0,1,11,0.0,564,162.0,0.39955874040187994,298.21863456355646,186739.321097679,869.6591472315274,500000.0,0.44438173602142134,0,7,22.696353861078506,7,E9,search,35,13.975201051833748,6.281008548649068,0.3176130919498566,0.4195281077312992,8.206848434633441,marketplace
3.361655288268411,6.741908331304625,5.665536897996381,10.755635132387582,7.568358295123659,17.250507851009274,,,,,15.123243538338539,16.670756137568787,3.560980946916841,4.841800004592187,6.266427865510258,6.741908331304625,1.0,1.0,13968.57625752051,515078.73700219905,515078.73700219905,554,1.0,0.0,0.0,0.0,14.080387032397999,13.402645064755234,16.552733909939253,14.851304895136932,3.361655288268411,260.6861618032884,1772.223228857029,884.1451132853966,0.49889037616080334,1030.8352800494645,0.03990298716830465,378.7674119697608,3,0,0,14,0.0,535,162.0,0.3787674119697608,315.25037969345743,209409.59793439112,775.4122495514446,500000.0,0.46300506112448714,0,7,17.623061002482256,0,E9,search,36,12.345504704939248,7.640300884384686,0.40761089414588586,0.7744930118513422,11.697936771715163,marketplace
2.917405895660996,4.300739441421138,3.3220232696883065,4.01664504808511,4.152640893323769,5.1806831912887,5.543618918074571,7.374143727671799,,,15.565211890750586,17.743354488540128,13.692092891372113,38.57306500816777,4.094728631355172,4.300739441421138,1.0,1.0,22776.714596747763,525519.2910413912,525519.2910413912,536,1.0,0.0,0.0,0.0,14.887197546434301,13.414938752076978,17.476006803846985,15.20105896788984,2.917405895660996,269.97558688748217,1680.9206265584726,846.4420383894669,0.5035586005762078,976.9017945326121,0.038251554722708414,352.1185204027887,2,0,3,16,0.0,512,162.0,0.3521185204027887,308.9365534016439,199777.03733434956,812.6665641191189,500000.0,0.4569569728997025,0,9,25.68595788542245,1,E9,search,36,12.345504704939248,7.640300884384686,0.40761089414588586,0.7744930118513422,11.697936771715163,marketplace
8.813779033406862,19.826580907464542,5.922989985091988,11.039413750973562,3.906531439141645,7.055071973884424,4.909406811610097,5.151611801888066,,,14.884836556819574,16.670756137569697,8.753904940132873,14.27953164080327,5.040120133675373,19.826580907464542,1.0,1.0,29310.196036041838,532277.3226155266,517873.34282247716,549,0.9729389564780431,14403.979793049497,0.02706104352195697,0.0,14.2317965275501,13.402645064755234,16.878481099969555,14.613419925104044,8.813779033406862,259.2668974206159,1753.041410170451,877.0896418301254,0.5003245426728651,1014.7170226242633,0.03903989741345488,372.929474738104,2,0,0,10,0.0,533,162.0,0.372929474738104,313.53791757224747,206438.07134181168,786.5454681849244,500000.0,0.4499282701311529,0,8,21.90096505733992,2,E9,search,36,12.345504704939248,7.640300884384686,0.40761089414588586,0.7744930118513422,11.697936771715163,marketplace
3.4436904931871952,5.596846686222489,5.354648677433304,8.951873997138682,5.709687384158815,9.435825021549544,34.10937453661609,34.10937453661609,50.02432245581622,50.02432245581622,14.921324351870728,16.67075613756949,6.356313079207179,4.548859367088699,6.700695049368217,5.596846686222489,1.0,1.0,28096.063942230638,531327.860284328,531327.860284328,562,1.0,0.0,0.0,0.0,13.949637800761963,13.402645064755234,16.670756137568787,15.109616486611182,3.4436904931871952,272.16140307310184,1848.4060270472585,910.3144133856633,0.4924861746095081,1094.4803968804517,0.04225354101817508,389.1933575938791,4,0,2,16,0.0,543,162.0,0.38919335759387913,305.6289825846795,195193.83069409407,831.9381446644628,500000.0,0.4590925634922418,0,5,17.036084286446435,3,E9,search,36,12.345504704939248,7.640300884384686,0.40761089414588586,0.7744930118513422,11.697936771715163,marketplace
3.483803326552081,5.622121782550951,5.189661190215361,8.12579257251591,8.194126161435532,26.423799395296008,,,61.19928432494885,106.21985159582633,16.13093738031761,20.586098915382447,3.3126828337857694,4.927234024597601,6.78026029262604,5.622121782550951,1.0,1.0,32491.15341102122,538255.453584505,538255.4535845051,550,1.0000000000000002,0.0,0.0,0.0,15.28891821909182,13.402645064755234,19.83882538774397,18.04559879559918,3.483803326552081,332.99894483110285,1747.8763285896055,881.7408017972926,0.5044640672654375,1016.0044324092677,0.041058457949586055,388.09723742627375,4,0,1,15,0.0,523,162.0,0.3880972374262738,301.69336168543185,195356.0170479723,831.2418511150834,500000.0,0.46053654355990403,0,12,33.78848345833121,4,E9,search,36,12.345504704939248,7.640300884384686,0.40761089414588586,0.7744930118513422,11.697936771715163,marketplace
7.513268915458396,14.732531293644211,8.638871564363901,17.28169579179794,15.376784567620144,25.770605612683248,66.06545656363171,98.07079597034135,,,15.435429941305108,17.424475768368303,3.5054539022440494,5.471676933005142,22.370159565302878,14.732531293644211,0.9259259259259259,0.9122807017543859,43452.69323580841,547328.4080016714,547328.4080016714,573,1.0,0.0,0.0,0.0,15.092086004825342,13.402645064755234,17.68194648457685,17.780847246397855,7.513268915458396,337.983911565039,1851.9922049784063,922.3406789131561,0.498026220863014,1117.1436841577965,0.04344497524931948,426.90200341846656,3,0,0,19,0.0,549,162.0,0.42690200341846657,296.7631491967478,183114.33933660004,887.0244820360355,500000.0,0.497686804208727,0,13,31.762440971190713,5,E9,search,36,12.345504704939248,7.640300884384686,0.40761089414588586,0.7744930118513422,11.697936771715163,marketplace
5.379817443158002,10.908545547186879,16.680080716907415,44.659821433956324,10.701357134580316,23.692403512967402,8.996946876740196,13.10204705109452,,,15.46296074066404,17.99072880262209,5.694376094941993,7.990368688572542,13.655764032034142,10.908545547186879,0.9285714285714286,0.9807692307692307,31608.77227884693,533346.8920584851,533346.8920584851,565,1.0,0.0,0.0,0.0,14.66173537122745,13.46706511805678,18.670424382394053,15.040090014262848,5.379817443158002,268.61560808835117,1822.1009648358165,917.5801298713677,0.5035835815794367,1051.2648139501619,0.043758855616787336,428.24300192837495,6,0,0,14,0.0,545,162.0,0.42824300192837494,304.5452132945344,194250.88203485668,836.177634306865,500000.0,0.48475309867549576,0,10,34.07216857289287,6,E9,search,36,12.345504704939248,7.640300884384686,0.40761089414588586,0.7744930118513422,11.697936771715163,marketplace
3.502247252055716,5.038729584008365,7.04133970961044,16.930897632898272,2.5782435811845485,3.008594643959077,6.670527379440713,7.325721215742098,13.05493916947222,13.05493916947222,15.094358971662516,16.67075613756888,5.947461511239965,6.556052808446734,5.336777633936587,5.038729584008365,1.0,1.0,40773.60461111535,544565.4292464787,544565.4292464787,582,1.0,0.0,0.0,0.0,13.637198396505273,13.402645064755234,16.670756137568787,14.409785590797622,3.502247252055716,263.087142425756,1937.066755144831,965.075519270862,0.49821489977442984,1169.8115065272107,0.042877885973522864,401.4096476702082,2,0,1,12,0.0,563,162.0,0.4014096476702082,298.2220334338646,186741.4494111386,869.6591472315274,500000.0,0.449457434669962,0,8,23.9162420066193,7,E9,search,36,12.345504704939248,7.640300884384686,0.40761089414588586,0.7744930118513422,11.697936771715163,marketplace
4.327672300865217,9.532178613678541,7.427879452750176,14.245324689888914,24.13100183581083,52.749905950638464,,,,,32.270725897660604,68.03233793319123,4.042082895265878,4.907808454582323,12.702549678979857,9.532178613678541,1.0,0.9767441860465116,13968.57625752051,515078.73700219905,515078.73700219905,554,1.0,0.0,0.0,0.0,29.82858924151554,23.546992725071988,68.03233793319123,31.712345846764,4.327672300865217,610.3509529642778,1693.9160777129453,845.9283183085972,0.49939210651494276,939.0139459824144,0.038402986207908586,366.04932083460506,3,0,0,31,0.0,507,162.0,0.36604932083460506,315.225688145891,209393.19621886173,775.4122495514446,500000.0,0.4772937833258801,0,5,14.721024265558587,0,E9,search,37,27.400645845931365,8.020365779972838,0.43884568332476676,0.6401476994338652,66.2632095868498,marketplace
2.681665630133879,4.252211773349279,4.96464436304358,7.421432118916755,4.186564020861534,5.0455435820732415,5.59689736480171,7.470044931780467,,,34.43375350383266,68.3544381997026,15.878756329676792,45.77385348009831,4.82224131264102,4.252211773349279,1.0,1.0,22776.714596747763,525519.2910413912,525519.2910413911,536,0.9999999999999998,0.0,0.0,0.0,32.529411210919875,27.007461732691354,68.03233793319168,33.183292991526436,2.681665630133879,648.8761686760324,1579.0460875234353,794.5975159155752,0.5032136314411293,866.6892813136321,0.03707915087603343,344.2229579819621,2,0,3,31,818.5948957851573,481,162.0,0.3442229579819621,308.9215290960563,199767.32171078457,812.6665641191189,500000.0,0.4555369541115078,0,8,28.813808947322507,1,E9,search,37,27.400645845931365,8.020365779972838,0.43884568332476676,0.6401476994338652,66.2632095868498,marketplace
7.754092211917922,18.95373524015622,7.567568055892508,13.7759053733404,4.61900748896619,7.2621885922872025,4.943728098031215,5.15847605917229,,,33.59943193660455,68.18671530677763,9.42852604322781,16.30633920035416,6.133877848562477,18.95373524015622,1.0,1.0,29310.196036041838,532277.3226155266,516873.34282247716,548,0.9710602365748803,14403.979793049497,0.02706104352195697,1000.0,31.2747488997817,26.31965714086391,68.03233793319168,32.68294568078935,7.754092211917922,637.4114992934824,1645.5361314543993,815.8273434017341,0.49578209059479533,914.9681920213118,0.038342988417874826,375.4301623209849,2,0,0,32,0.0,501,162.0,0.37543016232098486,314.14936060668475,206659.96024294492,785.7130620340581,500000.0,0.459652482831149,0,6,18.34201099670723,2,E9,search,37,27.400645845931365,8.020365779972838,0.43884568332476676,0.6401476994338652,66.2632095868498,marketplace
3.5450000439647598,5.982315186973392,9.228109061010128,12.135476689471947,5.784555997598363,8.945844912122718,41.77622140636777,41.77622140636777,57.6911693255679,57.6911693255679,33.4619796717317,68.54596719504939,3.627293210780116,6.805320021110405,9.149466632311794,5.982315186973392,1.0,1.0,28096.063942230638,531327.860284328,531327.860284328,562,1.0,0.0,0.0,0.0,30.49926211802315,23.513243603075693,68.14700964673753,32.71618180578985,3.5450000439647598,634.0794411583361,1756.1964811286762,868.7054687095098,0.4946516395199746,997.8391006943966,0.04250742970590591,409.55308544817376,4,0,3,33,0.0,502,162.0,0.40955308544817376,305.6673011622963,195218.30334026957,831.9381446644628,500000.0,0.4656247517654868,0,6,16.96756018023678,3,E9,search,37,27.400645845931365,8.020365779972838,0.43884568332476676,0.6401476994338652,66.2632095868498,marketplace
3.6966014099732294,5.50250170178597,4.709322271383371,6.702905747713703,2.5052549279995824,2.9339288334977027,,,60.95953131467718,106.17190099377198,35.227917279232045,68.54629352649818,3.616114218875754,4.719003758152121,3.5424630895919536,5.50250170178597,1.0,1.0,32491.15341102122,538255.453584505,538255.453584505,550,1.0,0.0,0.0,0.0,32.562996154533344,28.683165826167055,68.3544381997026,35.70959890664208,3.6966014099732294,727.1324336347534,1692.8411199402683,844.7547234235182,0.49901595221961836,913.5572892723673,0.03887568257182673,362.6650168252238,4,0,1,21,358.17919909651306,515,162.0,0.3626650168252238,301.646112334902,195325.42159543713,831.2418511150833,500000.0,0.4701804254322699,0,12,32.509809799204724,4,E9,search,37,27.400645845931365,8.020365779972838,0.43884568332476676,0.6401476994338652,66.2632095868498,marketplace
6.778155792906206,11.12558274866115,10.600253486728933,21.616894803962815,14.115925182742274,24.262386116813992,68.93276758066106,104.26976940361328,,,35.05394237908506,68.3544381997026,3.484838234420401,5.104387630960332,23.438646870853137,11.12558274866115,0.9259259259259259,0.9122807017543859,43452.69323580841,547328.4080016714,546328.4080016714,572,0.998172943363837,0.0,0.0,1000.0,32.22700047455986,27.492742511888537,68.3544381997026,35.852570100165366,6.778155792906206,734.3824188450184,1762.204477299563,872.6141251447019,0.49518324143740294,1045.8467953891075,0.04202858279552815,411.8468127022543,3,0,0,28,39.271998098109954,524,162.0,0.41184681270225426,297.27878769248514,183269.35123006813,886.1920758851692,500000.0,0.512265829028058,0,7,17.80162956761595,5,E9,search,37,27.400645845931365,8.020365779972838,0.43884568332476676,0.6401476994338652,66.2632095868498,marketplace
5.654058798410359,15.832928554486315,15.281118983402306,41.8298668427333,5.683732808183322,11.529478368520905,10.067879662514372,12.368646986263002,,,31.334064670026045,68.03233793319168,8.494995726219845,30.694813726728647,11.613008128815446,15.832928554486315,0.9285714285714286,0.9807692307692307,31608.77227884693,533346.8920584851,532346.8920584851,564,0.9981250476661813,0.0,0.0,1000.0,28.69354442594134,21.720961783603798,68.03233793319123,29.896157939019727,5.654058798410359,577.093844341993,1694.244009250523,839.9452590210635,0.49576404250803713,963.9911686067129,0.043211344364645785,439.698835444495,6,0,0,36,0.0,508,162.0,0.43969883544449495,305.1388131662059,194458.16335603615,835.3452281559987,500000.0,0.4814147859867486,0,5,19.467130428543598,6,E9,search,37,27.400645845931365,8.020365779972838,0.43884568332476676,0.6401476994338652,66.2632095868498,marketplace
3.627771338959749,5.038729584008365,7.4726713033173615,18.929723762668804,2.5211398773107367,2.9199910145446895,6.191021358897288,6.846215195198672,11.965982658850123,11.965982658850123,32.529579741243694,68.78262827091868,10.064529254044981,9.14728996017623,5.509042856529871,5.038729584008365,1.0,1.0,40773.60461111535,544565.4292464787,544565.4292464787,582,1.0,0.0,0.0,0.0,28.770603103882856,19.01720617916817,68.14700964673752,30.43796070103194,3.627771338959749,600.7706168292649,1810.939913249048,899.8880635927057,0.4969176818120908,1044.0243865595298,0.04214575457142525,396.21452031042764,2,0,1,36,10.0,517,162.0,0.39621452031042764,298.21249348314285,186735.47565995538,869.6591472315274,500000.0,0.4726422618459713,0,8,22.74904426134362,7,E9,search,37,27.400645845931365,8.020365779972838,0.43884568332476676,0.6401476994338652,66.2632095868498,marketplace
2.9978929819048843,5.892053033816958,5.4215310131878685,9.461347941055466,7.321230603826365,17.466402118876545,,,,,16.679084023480954,25.87556394406429,3.3730443089529714,4.9359663565078336,6.021436147073709,5.892053033816958,1.0,1.0,13968.57625752051,515078.73700219905,515078.73700219905,554,1.0,0.0,0.0,0.0,15.456682703066926,20.869238099168342,25.714513810809876,16.35495695482006,2.9978929819048843,292.17950684522975,1767.2171876615043,881.2718854347123,0.49867774690493366,1008.3247681287556,0.039112028912707375,367.8661521480475,3,0,0,16,0.0,534,162.0,0.36786615214804746,315.2292154344062,209395.5392709795,775.4122495514446,500000.0,0.4605729855010317,0,5,14.156636942263267,0,E9,search,38,1.3995671386166153,0.3028883393160198,0.010107786678073438,0.4642996406690966,20.902744578210836,marketplace
2.795991603962515,4.300739441421138,4.169983968644213,6.267331128932909,4.147711489961239,5.067087498920955,5.703454258255685,7.470044931780467,,,17.494391357621748,25.908099321174813,13.73576864181106,37.81979664681804,4.490630288317037,4.300739441421138,1.0,1.0,22776.714596747763,525519.2910413912,524519.2910413912,535,0.9980971202826477,0.0,0.0,1000.0,16.692823114096836,22.285352604739728,25.875563944065107,17.03698427335942,2.795991603962515,313.0104510390071,1688.421305146728,849.8914065411498,0.5033645358243641,955.444888720272,0.037734941096616265,351.58292505157635,2,0,3,15,0.0,515,162.0,0.35158292505157634,309.5245221633612,199981.21701526197,811.8341579682526,500000.0,0.44614928128852105,0,10,31.253585238404096,1,E9,search,38,1.3995671386166153,0.3028883393160198,0.010107786678073438,0.4642996406690966,20.902744578210836,marketplace
9.892255395572336,20.845632087201103,5.871984527460057,9.530963993471731,4.2196788188734144,7.739919240336349,4.943728098031215,5.15847605917229,,,16.455036641863845,25.714513810809876,9.32621378331301,14.27953164080327,5.136337833061461,20.845632087201103,0.9090909090909091,1.0,29310.196036041838,532277.3226155266,516873.34282247716,548,0.9710602365748803,14403.979793049497,0.02706104352195697,1000.0,15.717997554631525,20.947523972549675,25.714513810809876,16.145717433607313,9.892255395572336,291.2275550100215,1703.1657703805702,840.7068777276673,0.4936142402273693,983.4870474931463,0.03898188160138671,378.84500426345494,2,0,0,18,0.0,526,162.0,0.3788450042634549,314.15596733537353,206664.30641218595,785.7130620340581,500000.0,0.4516717689583012,0,5,14.290695482707848,2,E9,search,38,1.3995671386166153,0.3028883393160198,0.010107786678073438,0.4642996406690966,20.902744578210836,marketplace
4.845524818876139,6.821040483880645,8.64497674241401,9.634696139522566,6.6542211799489905,13.555578301028799,159.1090612373373,159.1090612373373,79.02400915653743,79.02400915653743,16.31887350350926,25.81173021748257,5.00735466205109,12.273750207305888,14.084832112008721,6.821040483880645,0.9565217391304348,0.9787234042553191,28096.063942230638,531327.860284328,531327.860284328,562,1.0,0.0,0.0,0.0,15.583713109790468,18.476385502544872,25.714513810810068,17.72340479187839,4.845524818876139,329.39532817538617,1840.2083329075808,906.5813050631792,0.4926514508445657,1096.37183836164,0.042219386372410676,389.451062260232,4,0,3,19,0.0,536,162.0,0.389451062260232,305.62946760473136,195194.14045830912,831.9381446644628,500000.0,0.4615296763328609,0,2,5.271203659540177,3,E9,search,38,1.3995671386166153,0.3028883393160198,0.010107786678073438,0.4642996406690966,20.902744578210836,marketplace
2.6260866738995094,4.4262447179028666,5.189661190215361,8.12579257251591,6.366369557034684,15.322604918590153,,,61.19928432494885,106.21985159582633,18.24844113472366,28.409806517770143,3.0342804416640705,4.811088618940994,5.812624443237356,4.4262447179028666,1.0,1.0,32491.15341102122,538255.453584505,538255.4535845051,550,1.0000000000000002,0.0,0.0,0.0,17.149361740761066,22.285352604739387,26.98219565840119,19.977925162473998,2.6260866738995094,377.7361672593786,1756.1856240631384,886.8198776738491,0.5049693298491357,992.5791741750955,0.04026159248727741,375.9693945115836,4,0,1,17,0.0,525,162.0,0.37596939451158357,301.67082992503083,195341.4270187306,831.2418511150834,500000.0,0.45784979840182016,0,12,31.779697944745514,4,E9,search,38,1.3995671386166153,0.3028883393160198,0.010107786678073438,0.4642996406690966,20.902744578210836,marketplace
7.562961539599213,14.44775196394969,8.701471246909753,13.235131466445047,19.06929495670846,72.60273924177018,63.27263731718904,94.7322586485434,,,17.985463683119587,28.454824081627155,3.39951872202203,5.270174942417157,23.07164569756518,14.44775196394969,0.9259259259259259,0.8947368421052632,43452.69323580841,547328.4080016714,546328.4080016714,572,0.998172943363837,0.0,0.0,1000.0,17.352251765603427,22.22112373507298,28.772095289727346,19.985611769354918,7.562961539599213,383.0866271251443,1812.1603415199465,899.8184848886675,0.4965446292318406,1074.0956823025356,0.04191695436112669,406.93253340567344,3,0,0,27,39.271998098109954,535,162.0,0.4069325334056735,297.26979259132503,183263.80584162433,886.1920758851692,500000.0,0.49450946007957697,0,9,21.26805362783494,5,E9,search,38,1.3995671386166153,0.3028883393160198,0.010107786678073438,0.4642996406690966,20.902744578210836,marketplace
6.132992566966755,13.37826284723129,15.525728523822268,46.56473206247429,4.5344859054863,7.134013618000928,8.996946876740196,13.10204705109452,,,17.067655412657626,28.64788816141891,9.436214642793079,19.163246426128797,11.231819152293932,13.37826284723129,0.9285714285714286,0.9807692307692307,31608.77227884693,533346.8920584851,533346.8920584851,565,1.0,0.0,0.0,0.0,16.10227601454026,18.394736083256248,28.547307372980146,16.467293140693386,6.132992566966755,292.76389483438584,1767.4922766658426,883.2891388353103,0.4997414418701319,1041.7230735801377,0.043899657861072375,439.81969905664624,6,0,0,24,0.0,525,162.0,0.43981969905664625,304.566919049833,194264.72681693805,836.177634306865,500000.0,0.47494427782191506,0,6,21.476465715537714,6,E9,search,38,1.3995671386166153,0.3028883393160198,0.010107786678073438,0.4642996406690966,20.902744578210836,marketplace
5.736616756127555,9.074649707454178,11.123693496162643,27.428403046381575,2.5427246166998905,2.9199910145446895,6.670527379440713,7.325721215742098,12.445488679393549,12.445488679393549,16.597137496792676,25.875563944065107,6.693634502175684,5.011250008325502,7.534732989970617,9.074649707454178,0.9459459459459459,0.9836065573770492,40773.60461111535,544565.4292464787,544565.4292464787,582,1.0,0.0,0.0,0.0,15.185524637208347,14.714747973649537,25.875563944065107,15.841675410479374,5.736616756127555,294.8429023651107,1908.1023921601166,948.0008185102038,0.4968291127380198,1122.5184371612447,0.04252306050970304,404.4228455084203,2,0,1,16,0.0,560,162.0,0.40442284550842034,298.2275666492991,186744.91421438684,869.6591472315274,500000.0,0.46680841186187577,0,9,27.967557520618683,7,E9,search,38,1.3995671386166153,0.3028883393160198,0.010107786678073438,0.4642996406690966,20.902744578210836,marketplace
3.144979496507529,5.604429166728224,5.557496340891007,10.568470154847457,7.722809074523752,18.376048046385336,,,,,18.112417991459246,20.261577773064346,3.919115923672626,4.841800004592187,6.241279309406611,5.604429166728224,1.0,1.0,13968.57625752051,515078.73700219905,515078.73700219905,554,1.0,0.0,0.0,0.0,16.77505972145294,16.993466700250792,20.261577773064346,17.752583605116932,3.144979496507529,323.3694218081414,1761.05331172662,876.8953424184593,0.497937987782272,1012.7316422468909,0.03998234974397427,377.78327169548265,3,0,0,14,0.0,535,162.0,0.37778327169548265,315.2484690335843,209408.32875109557,775.4122495514446,500000.0,0.4737106310202949,0,9,33.77401144332987,0,E9,search,39,5.625100030678997,5.670558183853957,0.019492920516522683,0.6837521140926536,15.288758407210757,marketplace
2.851177950234781,4.300739441421138,7.063866530049704,15.122322633726355,4.147711489961239,5.067087498920955,5.703454258255685,7.470044931780467,,,18.683795623727008,23.38058618915384,13.302083482535734,38.10968688667745,5.730865671776534,4.300739441421138,1.0,1.0,22776.714596747763,525519.2910413912,524519.2910413912,535,0.9980971202826477,0.0,0.0,1000.0,17.830520353786763,16.993466700250792,23.280273921408668,18.171447976475573,2.851177950234781,334.7655542977455,1661.7790168551344,832.9397770404831,0.5012337793365547,959.9337706557394,0.039043781516098164,373.8696411270244,2,0,3,20,0.0,509,162.0,0.3738696411270244,309.56701195631274,200008.66931676553,811.8341579682526,500000.0,0.451214157161764,0,12,37.16237075198978,1,E9,search,39,5.625100030678997,5.670558183853957,0.019492920516522683,0.6837521140926536,15.288758407210757,marketplace
8.190068529666116,20.035133231344755,5.7696559138414045,11.039413750973562,5.405172041952103,11.5509937823158,4.666805932995089,4.948942338967595,,,17.829700052233317,20.261577773064346,8.646899927688331,14.151073901472046,5.495118214277127,20.035133231344755,1.0,1.0,29310.196036041838,532277.3226155266,517873.34282247716,549,0.9729389564780431,14403.979793049497,0.02706104352195697,0.0,16.899944124594388,16.993466700250792,20.15881158159991,17.471643746338266,8.190068529666116,319.25089054114466,1749.6988541804235,876.7913895783539,0.5011098838428695,1016.6822879430165,0.0398739029794455,377.75485182410597,2,0,1,13,0.0,531,162.0,0.37775485182410595,313.5472352503108,206444.20624091313,786.5454681849244,500000.0,0.45229014504327614,0,9,30.652805268158815,2,E9,search,39,5.625100030678997,5.670558183853957,0.019492920516522683,0.6837521140926536,15.288758407210757,marketplace
3.346740371954386,5.284638250715035,5.398496567845978,7.734841992522162,6.390727573729646,12.689413065572943,29.113394531565973,29.113394531565973,55.444213000660056,55.444213000660056,18.021705235697542,21.06682843934277,3.5880108643619093,7.16422810932418,6.800046902119173,5.284638250715035,1.0,1.0,28096.063942230638,531327.860284328,531327.860284328,562,1.0,0.0,0.0,0.0,16.648941525189166,16.993466700250792,20.279482321774083,18.07880038202916,3.346740371954386,332.7961909978393,1840.3812651454855,908.1381867412749,0.4934511146903492,1107.1337737280087,0.042895183552506606,393.2629722324058,4,0,2,23,0.0,537,162.0,0.3932629722324058,305.63664191320845,195198.7224215195,831.9381446644628,500000.0,0.47597551868348065,0,4,12.984768772447051,3,E9,search,39,5.625100030678997,5.670558183853957,0.019492920516522683,0.6837521140926536,15.288758407210757,marketplace
4.199509186283397,7.17746316791764,6.163544636712231,9.531876166158508,2.7681701597437294,3.282201696119046,,,61.19928432494885,106.21985159582633,18.83430375611726,23.406674483470432,8.441415422850433,11.528887864367974,4.365993443023024,7.17746316791764,0.9444444444444444,1.0,32491.15341102122,538255.453584505,538255.4535845051,550,1.0000000000000002,0.0,0.0,0.0,17.816548911072868,16.993466700250792,23.20050589421026,20.911806263940214,4.199509186283397,402.04942110415794,1761.7330038510217,888.2052267074021,0.5041656282568637,1032.165059572699,0.04193972319956555,399.16377834408024,4,0,1,13,4046.004294015581,529,162.0,0.39916377834408023,301.71392170176625,195369.33031041565,831.2418511150834,500000.0,0.4683209210090191,0,13,38.10765038094772,4,E9,search,39,5.625100030678997,5.670558183853957,0.019492920516522683,0.6837521140926536,15.288758407210757,marketplace
8.303898820030314,17.676103117811653,12.14205413603831,16.508936243589233,20.8936324811948,77.53531762071607,63.27263731718904,94.7322586485434,,,18.68942777774829,21.006507549221716,3.6907799803023735,5.51642383783917,25.285363553987285,17.676103117811653,0.9259259259259259,0.8421052631578947,43452.69323580841,547328.4080016714,546328.4080016714,572,0.998172943363837,0.0,0.0,1000.0,18.125599852345584,16.993466700250792,21.4532580725272,20.679276916023365,8.303898820030314,397.677475477829,1822.4539938404232,902.010285551845,0.49494269188713813,1099.320003001891,0.043738891739411194,435.9622294443578,3,0,0,25,0.0,542,162.0,0.4359622294443578,297.32292857256544,183296.5636340134,886.1920758851692,500000.0,0.5069125550977391,0,10,25.319369141834326,5,E9,search,39,5.625100030678997,5.670558183853957,0.019492920516522683,0.6837521140926536,15.288758407210757,marketplace
6.149935919787418,16.800368565273658,15.574613074295817,30.85188064295189,5.214192311175209,10.042164481958844,8.996946876740196,13.10204705109452,,,18.748302533089113,22.61909227485576,6.074594862737661,11.971687319276867,11.456545985459703,16.800368565273658,0.9285714285714286,1.0,31608.77227884693,533346.8920584851,533346.8920584851,565,1.0,0.0,0.0,0.0,17.522612936575623,16.993466700251247,22.763130817890854,18.05279854483979,6.149935919787418,332.44246358502653,1821.7927006288462,921.7710898088787,0.5059692518752007,1063.5321913574287,0.04438790186593595,442.1099311628709,6,0,0,19,0.0,538,162.0,0.4421099311628709,304.57121312586554,194267.46574705557,836.177634306865,500000.0,0.4863954149660314,0,11,37.09683631775486,6,E9,search,39,5.625100030678997,5.670558183853957,0.019492920516522683,0.6837521140926536,15.288758407210757,marketplace
3.883440861623474,6.262844946684629,7.484720215933255,20.52171926839365,2.5427246166998905,2.9199910145446895,6.670527379440713,7.325721215742098,12.445488679393549,12.445488679393549,17.89628516745586,20.261577773064346,4.075956227358705,5.139753496510549,5.563622463179698,6.262844946684629,1.0,1.0,40773.60461111535,544565.4292464787,544565.4292464787,582,1.0,0.0,0.0,0.0,16.01257980747574,16.993466700250792,20.261577773064346,16.970547671022576,3.883440861623474,316.70014588023724,1916.8314496018302,953.6103715952743,0.4974930747267116,1150.7000491761528,0.04280310458307188,400.94613612328675,2,0,1,18,0.0,558,162.0,0.4009461361232867,298.2211822752672,186740.91643043183,869.6591472315274,500000.0,0.4612572231398963,0,7,20.340030972431812,7,E9,search,39,5.625100030678997,5.670558183853957,0.019492920516522683,0.6837521140926536,15.288758407210757,marketplace
2.8403071812058918,5.352745925200139,5.813360754182134,11.406703107265459,6.592858647504149,15.44112159009103,,,,,33.16984425335881,46.28735570852516,4.245439319204578,6.476757896948584,6.059517983652245,5.352745925200139,1.0,1.0,13968.57625752051,515078.73700219905,515078.73700219905,554,1.0,0.0,0.0,0.0,30.351841467922366,39.276556828072216,45.53545815752987,32.35850412850152,2.8403071812058918,624.578984261591,1722.8922978251446,861.9060576187655,0.5002669399049342,997.4481129013939,0.040536742199398644,385.2414190661885,3,0,0,32,0.0,516,162.0,0.38524141906618853,315.262948659387,209417.94705074848,775.4122495514446,500000.0,0.49526412366437994,0,7,18.30866283225234,0,E9,search,40,20.336211257019283,0.2107535444389108,0.15528509852659744,0.909921836461999,40.61095383165264,marketplace
3.050508395027604,4.62147986814889,4.027187875817002,5.145716860292822,4.3912154169330275,5.3563577004530085,5.59689736480171,7.470044931780467,,,32.976213546537274,48.1180157712115,14.51780229564981,40.07342501363929,4.49356403099802,4.62147986814889,1.0,1.0,22776.714596747763,525519.2910413912,524519.2910413912,535,0.9980971202826477,0.0,0.0,1000.0,31.15032280028231,38.58239175268136,46.79439655358286,31.777454555446585,3.050508395027604,623.3553185814354,1617.5066423559315,813.4638717189935,0.502912229488076,975.7373444830207,0.03971495502323965,373.5806492737065,2,0,2,36,0.0,493,162.0,0.3735806492737065,309.5664609911562,200008.3133427646,811.8341579682526,500000.0,0.4893041937497385,0,7,17.7458042316573,1,E9,search,40,20.336211257019283,0.2107535444389108,0.15528509852659744,0.909921836461999,40.61095383165264,marketplace
7.7315506360137185,15.700458773542323,5.444273856110414,9.32186570968397,4.086994579053301,6.911556032867338,4.8271220729388915,5.364610383391027,,,32.402856792072605,48.2146458511661,8.450204221173822,16.048658987145245,4.858150154317556,15.700458773542323,0.9545454545454546,1.0,29310.196036041838,532277.3226155266,516873.34282247716,548,0.9710602365748803,14403.979793049497,0.02706104352195697,1000.0,30.12737646375643,35.123130062738255,45.65988752142013,31.507895663049126,7.7315506360137185,609.9421684738395,1650.940726513808,822.9614070510371,0.49848028692637264,977.6025791400549,0.04010256790204176,380.2747210685101,2,0,0,38,0.0,501,162.0,0.38027472106851007,314.158733422704,207078.69715577268,784.1476547388152,500000.0,0.4870135912004471,0,7,18.876297312477934,2,E9,search,40,20.336211257019283,0.2107535444389108,0.15528509852659744,0.909921836461999,40.61095383165264,marketplace
3.461544781055878,6.171678511208484,5.186428960053079,8.620386800044255,5.601738291235597,8.945844912122718,34.10937453661609,34.10937453661609,50.02432245581622,50.02432245581622,33.36818387699086,47.03038362442347,3.304323159996654,4.393553749637932,6.564597247069254,6.171678511208484,1.0,1.0,28096.063942230638,531327.860284328,530327.860284328,561,0.998117922897051,0.0,0.0,1000.0,30.274820793597424,36.30841197414725,45.58377319750707,32.465124981779205,3.461544781055878,635.4618821300404,1773.793931120873,876.5792574756161,0.49418325437707383,1067.729682885666,0.04339859636937204,392.34627057084,4,0,2,37,0.0,511,162.0,0.39234627057084,306.2112297541872,195393.12357655462,831.1057385135965,500000.0,0.5001168455988608,0,3,8.933453258447667,3,E9,search,40,20.336211257019283,0.2107535444389108,0.15528509852659744,0.909921836461999,40.61095383165264,marketplace
4.56969928960368,8.17820607450031,5.498574532923726,9.91123416024975,5.600160668731961,9.677174747416942,,,61.19928432494885,106.603456412261,34.15721072049424,48.31779247457358,3.693733419024791,6.238133842993558,5.552355428351615,8.17820607450031,0.9444444444444444,1.0,32491.15341102122,538255.453584505,538255.4535845051,550,1.0000000000000002,0.0,0.0,0.0,31.683031077889424,38.00624233633596,48.11801577121155,34.807138339006876,4.56969928960368,700.6790706384113,1683.1055971756307,845.9426417496082,0.5026081804784913,982.6023195802942,0.04253346814054011,405.24774597911846,4,0,1,31,0.0,507,162.0,0.40524774597911845,301.72522482483646,195376.64944097542,831.2418511150834,500000.0,0.49107339739294814,0,13,36.85766122788231,4,E9,search,40,20.336211257019283,0.2107535444389108,0.15528509852659744,0.909921836461999,40.61095383165264,marketplace
6.883537131499785,11.138535407271961,16.746370979804873,53.43572762493564,25.14705734051745,72.95957914832998,68.56954173093511,105.03063658453993,,,34.11621568463832,48.21464585116519,3.329059288722725,5.270174942417157,29.91123391693511,11.138535407271961,0.9259259259259259,0.8421052631578947,43452.69323580841,547328.4080016714,547328.4080016714,573,1.0,0.0,0.0,0.0,31.75316808201967,41.01066505869676,48.34486716001521,35.08888866616894,6.883537131499785,720.9467172744075,1802.56421652488,891.1760336515233,0.4943935009259199,1105.75797259161,0.04527379171970352,439.7480220019452,4,0,0,32,39.271998098109954,535,162.0,0.4397480220019452,296.78661960024897,183128.82148319643,887.0244820360355,500000.0,0.5213597931350852,0,7,19.81041508120164,5,E9,search,40,20.336211257019283,0.2107535444389108,0.15528509852659744,0.909921836461999,40.61095383165264,marketplace
5.226843305650176,10.195000169075742,12.686930715658963,40.6730738812488,4.299707751250675,8.039712076213618,8.996946876740196,13.10204705109452,,,32.740296104357455,48.1180157712115,6.9855467716431665,15.3227027958722,9.625660044553419,10.195000169075742,0.9285714285714286,0.9807692307692307,31608.77227884693,533346.8920584851,532346.8920584851,564,0.9981250476661813,0.0,0.0,1000.0,29.797140634278755,35.12397592960876,47.26654230204789,31.144350472607105,5.226843305650176,609.2673810720539,1732.541984024063,862.0845550080863,0.4975836447009373,1045.1125276303292,0.04484245249963819,453.75154710123877,5,0,0,38,0.0,517,162.0,0.4537515471012387,305.16521082507535,194474.9859955666,835.3452281559987,500000.0,0.5078274683976477,0,8,23.527176091527405,6,E9,search,40,20.336211257019283,0.2107535444389108,0.15528509852659744,0.909921836461999,40.61095383165264,marketplace
3.4409060712761375,4.995980005050432,6.166579782827018,13.848153401367567,2.8585469846941547,4.425504789372645,6.191021358897288,6.846215195198672,11.965982658850123,11.965982658850123,32.53030097318618,47.77674715376087,4.458889372026832,6.162677939951627,4.92810428153305,4.995980005050432,1.0,1.0,40773.60461111535,544565.4292464787,543565.4292464787,581,0.9981636733690867,0.0,0.0,1000.0,28.53588981602978,33.15711554999234,45.58377319750616,30.37700981020026,3.4409060712761375,606.3410327337614,1852.4413349642039,924.2184813929815,0.4989191635646809,1115.6167027986485,0.04418486177926497,429.5436448494322,2,0,1,36,0.0,531,162.0,0.42954364484943225,298.8224322323414,186952.74439046028,868.826741080661,500000.0,0.49318599326629364,0,7,22.144810571753,7,E9,search,40,20.336211257019283,0.2107535444389108,0.15528509852659744,0.909921836461999,40.61095383165264,marketplace
